family,signal_date,code,row,col,setup_id,arm_date,push_start,push_end,upper_economic,floor_economic,stop_economic,score,push_pct,tr_ratio,volume_ratio,clv,signal_risk_pct
shelf5,2024-03-12,300005,286,4,shelf5:300005:2024-03-06,2024-03-06,2024-02-06,2024-02-28,63.24512368879473,58.268060212325274,57.97671991126365,84.9784,23.737373737373744,0.5945945945945939,0.6394288641713785,0.9285714285714299,11.2267657992565
shelf5,2024-03-12,300006,286,5,shelf5:300006:2024-03-07,2024-03-07,2024-02-07,2024-02-29,22.09679939048976,20.408849437049568,20.30680518986432,89.3596,24.54545454545456,0.5257731958762882,0.5367255523450076,0.6500000000000001,10.281355932203384
shelf5,2024-10-30,300007,439,6,shelf5:300007:2024-10-25,2024-10-25,2024-09-27,2024-10-18,75.02022259835373,69.38629283800304,69.03936137381302,97.0446,19.71830985915495,0.34532374100719465,0.5384741044590119,0.9625000000000036,8.796306659205388
shelf5,2024-10-21,300018,432,16,shelf5:300018:2024-10-17,2024-10-17,2024-09-19,2024-10-10,41.81924288673613,39.39883654602472,39.201842363294595,84.3852,25.76064908722111,0.5606060606060594,0.6274469338710027,0.7499999999999973,6.857827476038314
shelf5,2024-03-12,300019,286,17,shelf5:300019:2024-03-07,2024-03-07,2024-02-07,2024-02-29,108.15237436180827,101.25548153284923,100.74920412518499,78.0606,16.526138279932546,0.5544827586206901,0.6580958699227843,0.6626506024096399,8.322758620689651
shelf5,2024-10-25,300019,436,17,shelf5:300019:2024-10-24,2024-10-24,2024-09-26,2024-10-17,115.60656676362106,108.32304312033662,107.78142790473494,84.9154,21.698113207547177,0.47272727272727294,0.7336072954922246,0.8297872340425513,7.757957559681683
shelf5,2024-10-28,300021,437,18,shelf5:300021:2024-10-24,2024-10-24,2024-09-26,2024-10-17,46.462469083856526,43.19205257067245,42.97609230781909,89.958,18.562874251497007,0.4024390243902436,0.6187637394482055,0.8666666666666633,11.581206496519725
shelf5,2025-05-20,300022,572,19,shelf5:300022:2025-05-16,2025-05-16,2025-04-22,2025-05-09,34.79341420752397,32.84692949661354,32.68269484913047,70.7389,11.978465679676976,0.6128364389233948,0.6362087916255409,0.6734693877551037,7.468427095292773
shelf5,2025-05-06,300024,562,20,shelf5:300024:2025-04-28,2025-04-28,2025-04-07,2025-04-21,399.2567368142904,380.2784011368435,378.3770091311593,86.2514,15.693173821252637,0.48567530695770733,0.660264911797383,0.9285714285714363,7.214368819080863
shelf5,2024-03-11,300025,285,21,shelf5:300025:2024-03-07,2024-03-07,2024-02-07,2024-02-29,68.16864406447121,65.06645372781499,64.74112145917591,94.1429,42.60869565217389,0.5054602184087367,0.569496734758188,0.8999999999999998,17.86982845610494
shelf5,2024-10-22,300026,433,22,shelf5:300026:2024-10-18,2024-10-18,2024-09-20,2024-10-11,201.65639576343514,183.3239961485774,182.4073761678345,73.0825,22.435897435897424,0.6760563380281692,0.7118719063303979,0.8,10.425790754257914
shelf5,2024-10-23,300035,434,28,shelf5:300035:2024-10-17,2024-10-17,2024-09-19,2024-10-10,93.62069158678923,85.42670182034772,84.99956831124598,75.9023,32.38213399503722,0.611183355006502,0.7110423772234876,0.7118644067796621,10.376838235294116
shelf5,2024-03-11,300041,285,33,shelf5:300041:2024-03-07,2024-03-07,2024-02-07,2024-02-29,71.03735785787488,68.40929417030776,68.06724769945622,68.0706,10.47979797979799,0.6393442622950819,0.7245307837286006,0.9285714285714299,5.138179800221976
shelf5,2025-05-06,300045,562,36,shelf5:300045:2025-04-28,2025-04-28,2025-04-07,2025-04-21,143.09936287840588,134.31975747244866,133.6481586850864,88.2558,14.3426294820717,0.4579339723109688,0.5864434388301508,0.9117647058823573,8.953884851872562
shelf5,2024-10-22,300048,433,39,shelf5:300048:2024-10-17,2024-10-17,2024-09-19,2024-10-10,43.66447597271127,41.08127224150125,40.875865880293745,87.9992,17.848970251716235,0.5013927576601673,0.6200452797968995,0.8124999999999987,7.095643939393947
shelf5,2024-03-12,300050,286,41,shelf5:300050:2024-03-07,2024-03-07,2024-02-07,2024-02-29,29.789480815391048,27.369607023664607,27.232758988546284,86.9364,51.3392857142857,0.5113268608414234,0.6512959644382129,0.7647058823529403,9.595567867036003
shelf5,2025-02-24,300050,515,41,shelf5:300050:2025-02-20,2025-02-20,2025-01-22,2025-02-13,51.2345692455185,47.31270482444461,47.076141300322384,72.8615,14.922480620155042,0.6407185628742512,0.7324485031879302,0.9705882352941182,9.152173913043482
shelf5,2024-03-12,300053,286,44,shelf5:300053:2024-03-11,2024-03-11,2024-02-19,2024-03-04,58.33777299633255,54.38701792094328,54.11508283133856,77.9655,24.699453551912566,0.6221662468513851,0.6672562644386679,0.7440000000000005,12.545605306799356
shelf5,2024-02-29,300054,278,45,shelf5:300054:2024-02-28,2024-02-28,2024-01-30,2024-02-21,270.573056905492,251.98406826312996,250.7241479218143,73.2921,11.373873873873874,0.5655563430191355,0.7374867457953393,0.9190751445086703,8.168321513002352
shelf5,2024-10-22,300062,433,52,shelf5:300062:2024-10-16,2024-10-16,2024-09-18,2024-10-09,40.652713027151414,36.97558320560003,36.79070528957203,74.2248,18.816067653276924,0.6600985221674877,0.7466357646534661,0.9473684210526336,9.952499999999997
shelf5,2024-03-11,300065,285,54,shelf5:300065:2024-03-07,2024-03-07,2024-02-07,2024-02-29,69.82121278114559,65.8740336666336,65.54466349830042,84.8081,29.815745393634852,0.5420560747663549,0.6412567638849354,0.7407407407407398,7.861282367447597
shelf5,2024-03-13,300071,287,59,shelf5:300071:2024-03-11,2024-03-11,2024-02-19,2024-03-04,32.73769952104772,30.399292412401458,30.24729595033945,93.5043,21.810699588477345,0.5213675213675214,0.4533860658236457,0.7500000000000013,9.455000000000002
shelf5,2025-02-27,300071,518,59,shelf5:300071:2025-02-25,2025-02-25,2025-01-27,2025-02-18,78.28096177992023,71.82250405127817,71.46339153102178,95.6681,22.83018867924529,0.49336870026525115,0.5866373460359686,1.0,10.616295264623933
shelf5,2024-10-22,300072,433,60,shelf5:300072:2024-10-17,2024-10-17,2024-09-19,2024-10-10,70.7184325851225,64.58677658063212,64.26384269772896,96.2162,58.525345622119815,0.3723608445297501,0.40443220518055656,0.81081081081081,13.38292011019282
shelf5,2024-03-08,300074,284,62,shelf5:300074:2024-03-06,2024-03-06,2024-02-06,2024-02-28,49.3373719647048,44.901041515562405,44.67653630798459,88.2207,20.141342756183732,0.5436241610738246,0.6745119900224872,1.0,12.082010582010593
shelf5,2024-12-12,300074,470,62,shelf5:300074:2024-12-10,2024-12-10,2024-11-19,2024-12-03,68.29260206558594,64.52844289661664,64.20580068213356,66.7694,13.808463251670378,0.6860841423948228,0.7494947409583467,0.923076923076924,7.976878612716765
shelf5,2024-10-21,300078,432,65,shelf5:300078:2024-10-17,2024-10-17,2024-09-19,2024-10-10,40.734263788374406,37.56181333756642,37.37400427087859,80.5836,34.728033472803354,0.5743944636678205,0.6932666848987312,0.7727272727272713,11.820359281437154
shelf5,2024-03-18,300082,290,68,shelf5:300082:2024-03-07,2024-03-07,2024-02-07,2024-02-29,43.4722578492993,39.828868620024686,39.62972427692456,89.5531,33.15926892950392,0.5511363636363641,0.5706805074691029,0.8333333333333317,9.699056603773592
shelf5,2024-12-06,300082,466,68,shelf5:300082:2024-12-05,2024-12-05,2024-11-14,2024-11-28,63.759311512305636,59.28787927637771,58.991439879995816,85.5162,11.976047904191622,0.4196547144754319,0.611550473167101,0.9558823529411774,11.500621118012432
shelf5,2024-03-18,300085,290,71,shelf5:300085:2024-03-12,2024-03-12,2024-02-20,2024-03-05,129.9170159164755,120.79424745533552,120.19027621805884,72.2804,13.216715257531586,0.6530612244897952,0.6486258963756173,0.8604651162790649,9.478062913907292
shelf5,2024-10-22,300094,433,76,shelf5:300094:2024-10-17,2024-10-17,2024-09-19,2024-10-10,8.946289608557757,8.159802610003227,8.119003596953211,84.9737,26.334519572953717,0.5933333333333337,0.6053436439234046,0.838709677419355,13.749347258485646
shelf5,2024-03-22,300097,294,79,shelf5:300097:2024-03-20,2024-03-20,2024-02-28,2024-03-13,31.3736741275464,29.32835893413243,29.18171713946177,84.493,19.690576652601965,0.5510204081632665,0.6087132278040815,0.6904761904761917,12.487951807228914
shelf5,2024-12-24,300100,478,82,shelf5:300100:2024-12-23,2024-12-23,2024-12-02,2024-12-16,107.90348338107994,99.55294462682409,99.05517990368996,97.1981,25.031982942430698,0.4539800995024869,0.46615521015691486,0.8599033816425106,10.518530665792058
shelf5,2024-03-11,300105,285,86,shelf5:300105:2024-03-07,2024-03-07,2024-02-07,2024-02-29,38.557124870767055,35.94308250664726,35.763367094114024,81.5809,33.809523809523824,0.635416666666667,0.6412977681157007,0.906250000000001,8.639398998330538
shelf5,2024-03-12,300106,286,87,shelf5:300106:2024-03-11,2024-03-11,2024-02-19,2024-03-04,10.552152148828531,9.955726157807787,9.905947527018748,77.4528,16.333333333333332,0.5438596491228074,0.731358721540983,0.7878787878787876,7.859886201991461
shelf5,2024-10-21,300109,432,89,shelf5:300109:2024-10-17,2024-10-17,2024-09-19,2024-10-10,92.16341348494241,84.65754425829088,84.23425653699942,84.9071,25.933202357563843,0.4862466725820767,0.6661446232607274,0.6607142857142865,10.151270207852203
shelf5,2025-03-18,300109,531,89,shelf5:300109:2025-03-17,2025-03-17,2025-02-24,2025-03-10,118.93915851463204,113.09324113618229,112.52777493050138,82.0798,11.426639621365787,0.584022038567495,0.5340854854144144,0.9119496855345937,10.95573957738436
shelf5,2024-10-22,300110,433,90,shelf5:300110:2024-10-17,2024-10-17,2024-09-19,2024-10-10,19.8570336703506,18.588389852522646,18.495447903260033,86.6014,25.86206896551724,0.571428571428572,0.6146390503888164,0.8666666666666649,7.626721763085387
shelf5,2024-03-12,300111,286,91,shelf5:300111:2024-03-06,2024-03-06,2024-02-06,2024-02-28,5.650717998075192,5.179824831568926,5.153925707411081,81.9357,16.58536585365855,0.5897435897435888,0.6229085725863497,0.8888888888888918,9.509842519685051
shelf5,2024-10-21,300111,432,91,shelf5:300111:2024-10-18,2024-10-18,2024-09-20,2024-10-11,6.592504331087724,6.16645813282015,6.135625842156049,90.2879,33.96226415094339,0.5491803278688532,0.6253905025653007,1.0,10.286885245901633
shelf5,2024-10-21,300112,432,92,shelf5:300112:2024-10-17,2024-10-17,2024-09-19,2024-10-10,33.859049620922235,31.775415798096255,31.616538719105773,86.4145,20.893371757925074,0.5695142378559469,0.5453579312038426,0.677419354838713,8.251744186046517
shelf5,2024-10-22,300119,433,96,shelf5:300119:2024-10-18,2024-10-18,2024-09-20,2024-10-11,88.907353642519,82.76283978006,82.34902558115971,95.0124,21.735319894829107,0.5123513266239702,0.5755636469560151,0.9827586206896558,7.9607568325157585
shelf5,2024-03-11,300125,285,101,shelf5:300125:2024-03-06,2024-03-06,2024-02-06,2024-02-28,39.768581698241185,36.40850477234812,36.22646224848638,87.1449,28.409090909090896,0.4924506387921024,0.679052846549289,0.8048780487804872,10.664585698070372
shelf5,2024-10-22,300129,433,105,shelf5:300129:2024-10-18,2024-10-18,2024-09-20,2024-10-11,48.50694013274869,45.49875779893482,45.27126400994015,87.0662,15.123456790123457,0.488372093023256,0.5854692310215809,0.8108108108108103,12.546004842615
shelf5,2024-03-12,300131,286,107,shelf5:300131:2024-03-07,2024-03-07,2024-02-07,2024-02-29,92.7460152542235,87.36674636947853,86.92991263763115,80.8755,27.89473684210528,0.5869565217391318,0.7299812224040555,0.9230769230769251,9.000970873786407
shelf5,2024-10-22,300132,433,108,shelf5:300132:2024-10-16,2024-10-16,2024-09-18,2024-10-09,28.278927360416038,26.19779417804776,26.066805207157522,79.3544,25.77903682719549,0.6265822784810127,0.7356959529982892,1.0,10.345263157894724
shelf5,2024-03-18,300134,290,110,shelf5:300134:2024-03-07,2024-03-07,2024-02-07,2024-02-29,39.714944947467046,36.60004730452846,36.417047068005814,84.9557,35.85780525502316,0.5185185185185183,0.6826522114311617,0.7692307692307683,10.449999999999992
shelf5,2025-03-17,300134,530,110,shelf5:300134:2025-03-13,2025-03-13,2025-02-20,2025-03-06,67.0568242577058,61.51922844803719,61.211632305797,75.3807,18.11764705882353,0.6049700085689802,0.6983792191631669,0.7264957264957284,12.553152039555016
shelf5,2025-05-06,300134,562,110,shelf5:300134:2025-04-29,2025-04-29,2025-04-08,2025-04-22,48.75680060544157,46.24757750418548,46.01633961666455,82.8843,11.967545638945243,0.5194029850746283,0.6545000849072624,1.0,8.620704467353956
shelf5,2024-03-12,300135,286,111,shelf5:300135:2024-03-06,2024-03-06,2024-02-06,2024-02-28,30.988510934183786,28.39584667275805,28.25386743939426,92.5333,25.13368983957218,0.5225225225225224,0.5870330001993384,0.9230769230769255,11.298449612403116
shelf5,2024-10-22,300138,433,114,shelf5:300138:2024-10-18,2024-10-18,2024-09-20,2024-10-11,46.65721805994625,42.67428481092645,42.460913386871816,83.0273,25.492957746478883,0.5275362318840582,0.6656100082726683,0.6617647058823525,10.677366702937984
shelf5,2024-03-18,300140,290,116,shelf5:300140:2024-03-07,2024-03-07,2024-02-07,2024-02-29,29.636078696025297,28.129159440295197,27.98851364309372,86.8525,14.215686274509798,0.521212121212121,0.586798389790286,0.9230769230769241,6.089887640449443
shelf5,2024-10-22,300143,433,119,shelf5:300143:2024-10-17,2024-10-17,2024-09-19,2024-10-10,40.16656023588873,37.31877236731249,37.13217850547593,89.5169,27.088948787062005,0.6186666666666675,0.5435281052471833,1.0,8.04105263157896
shelf5,2024-03-21,300145,293,121,shelf5:300145:2024-03-20,2024-03-20,2024-02-28,2024-03-13,62.48186553978833,58.368639281683144,58.07679608527473,83.4946,18.43137254901961,0.5433526011560698,0.7094700444155859,0.9285714285714276,7.629283489096583
shelf5,2024-12-06,300148,466,123,shelf5:300148:2024-12-05,2024-12-05,2024-11-14,2024-11-28,28.254554402895838,25.900008202654522,25.77050816164125,77.6218,15.479115479115467,0.5200845665961941,0.7217114295442617,0.7317073170731717,12.088353413654618
shelf5,2024-03-08,300150,284,125,shelf5:300150:2024-03-07,2024-03-07,2024-02-07,2024-02-29,16.4000363410302,15.338857518963541,15.262163231368724,88.512,43.23144104803494,0.5427509293680299,0.6699090589522264,1.0,8.28695652173912
shelf5,2024-03-11,300153,285,127,shelf5:300153:2024-03-07,2024-03-07,2024-02-07,2024-02-29,27.77124101568476,25.978137265065744,25.848246578740415,73.4058,35.30751708428248,0.6308724832214764,0.7460984255352153,0.7435897435897442,7.939252336448588
shelf5,2024-03-12,300155,286,129,shelf5:300155:2024-03-07,2024-03-07,2024-02-07,2024-02-29,32.86539193762694,30.718406534666386,30.564814501993055,95.1341,47.126436781609215,0.5159420289855076,0.49037334641867125,0.8125,9.27941176470587
shelf5,2024-10-22,300157,433,130,shelf5:300157:2024-10-18,2024-10-18,2024-09-20,2024-10-11,18.16427710496969,16.936961084363627,16.852276278941808,94.2843,24.774774774774787,0.46366782006920526,0.514314234099081,0.75,12.261980830670938
shelf5,2024-10-22,300158,433,131,shelf5:300158:2024-10-17,2024-10-17,2024-09-19,2024-10-10,26.163115192649524,24.218559333736383,24.097466537067703,90.9554,34.743202416918415,0.5056818181818172,0.6002098092867935,0.8181818181818182,8.92093541202671
shelf5,2024-03-11,300160,285,133,shelf5:300160:2024-03-06,2024-03-06,2024-02-06,2024-02-28,37.24554506475717,34.617331199300516,34.444244543304016,72.3086,17.042606516290704,0.6477732793522265,0.6735121123002759,0.7142857142857129,9.34881422924898
shelf5,2024-10-22,300163,433,136,shelf5:300163:2024-10-21,2024-10-21,2024-09-23,2024-10-14,12.461406456529211,11.380570182238413,11.323667331327222,89.5446,27.27272727272727,0.5263157894736831,0.6436947572680418,0.9285714285714284,10.047979797979778
shelf5,2024-03-20,300165,292,138,shelf5:300165:2024-03-14,2024-03-14,2024-02-22,2024-03-07,31.85040526031053,29.35893592705157,29.212141247416312,89.0596,17.67676767676769,0.4866180048661802,0.6223428386155677,0.8750000000000013,9.995850622406621
shelf5,2024-12-11,300166,469,139,shelf5:300166:2024-12-09,2024-12-09,2024-11-18,2024-12-02,214.55333998257848,195.67713149979068,194.69874584229171,77.3269,24.611973392461195,0.6566566566566563,0.7186083594944972,0.9611650485436888,13.974814203137898
shelf5,2024-03-18,300168,290,140,shelf5:300168:2024-03-08,2024-03-08,2024-02-08,2024-03-01,58.04287726594354,53.2879522921798,53.0215125307189,70.1525,17.64705882352939,0.6629526462395539,0.7150899421716126,0.7333333333333326,9.671787709497215
shelf5,2024-03-18,300169,290,141,shelf5:300169:2024-03-08,2024-03-08,2024-02-08,2024-03-01,19.44034376285421,17.99003240276826,17.90008224075442,94.7193,41.29464285714286,0.4753199268738578,0.56350779989193,0.8947368421052639,10.756153846153849
shelf5,2024-10-25,300171,436,143,shelf5:300171:2024-10-17,2024-10-17,2024-09-19,2024-10-10,117.70124535119005,107.05078463495708,106.51553071178229,86.5309,29.158316633266534,0.5303867403314919,0.7015232595825324,0.936708860759494,13.195845697329379
shelf5,2024-10-25,300179,436,149,shelf5:300179:2024-10-16,2024-10-16,2024-09-18,2024-10-09,57.49949313042735,52.71958416603975,52.45598624520955,78.785,24.802527646129533,0.6550387596899222,0.6881990942791258,0.9523809523809527,10.090361445783147
shelf5,2024-10-18,300183,431,153,shelf5:300183:2024-10-17,2024-10-17,2024-09-19,2024-10-10,88.71632597268477,80.93419211543171,80.52952115485455,87.2446,34.271922767498,0.5562835020845748,0.571168723400903,0.7371428571428559,10.741805635422663
shelf5,2025-05-06,300184,562,154,shelf5:300184:2025-04-29,2025-04-29,2025-04-08,2025-04-22,89.87978232683865,84.56712077457398,84.14428517070111,73.0615,22.783251231527114,0.6369636963696359,0.720191740666011,0.6829268292682902,11.11821527138912
shelf5,2024-03-11,300187,285,156,shelf5:300187:2024-03-06,2024-03-06,2024-02-06,2024-02-28,44.57501582046144,41.87349971013044,41.66413221157978,84.7475,10.85858585858588,0.48734177215189783,0.4482628298793742,0.6944444444444435,9.847599164926946
shelf5,2024-03-14,300188,288,157,shelf5:300188:2024-03-11,2024-03-11,2024-02-19,2024-03-04,217.2214053724717,200.13959826268604,199.1389002713726,88.3699,31.825525040387713,0.5306122448979582,0.5743604120829447,0.7115384615384591,9.611721611721602
shelf5,2024-03-18,300192,290,161,shelf5:300192:2024-03-13,2024-03-13,2024-02-21,2024-03-06,37.819543848790346,34.60845050313833,34.435408250622636,78.3594,16.97459584295613,0.5989847715736036,0.6713877608273946,0.844155844155845,14.58849557522125
shelf5,2025-05-06,300192,562,161,shelf5:300192:2025-04-29,2025-04-29,2025-04-08,2025-04-22,59.839016563279586,56.03141850373216,55.7512614112135,76.8121,16.825164594001475,0.6176470588235297,0.6581359401464495,0.806451612903223,8.092615384615387
shelf5,2024-10-21,300193,432,162,shelf5:300193:2024-10-18,2024-10-18,2024-09-20,2024-10-11,28.199420439962875,25.638608205414897,25.510415164387823,81.7094,14.859437751004023,0.5000000000000009,0.7096682282273431,0.8666666666666646,11.168259023354555
shelf5,2024-03-12,300196,286,165,shelf5:300196:2024-03-07,2024-03-07,2024-02-07,2024-02-29,34.01668652147623,32.6187405000457,32.45564679754548,79.0454,14.443084455324362,0.5330188679245296,0.7320973272044768,0.9259259259259282,5.583941605839393
shelf5,2024-03-15,300201,289,169,shelf5:300201:2024-03-08,2024-03-08,2024-02-08,2024-03-01,50.018653606093565,47.448101814773985,47.210861305700114,78.9618,26.740947075208886,0.5860805860805846,0.7240609763453151,0.8095238095238095,7.592243186582803
shelf5,2024-10-25,300201,436,169,shelf5:300201:2024-10-18,2024-10-18,2024-09-20,2024-10-11,44.96333916867728,41.18036592131261,40.97446409170605,81.4334,20.31249999999998,0.6325878594249202,0.5857088627621112,0.7499999999999994,12.042923433874686
shelf5,2024-10-21,300204,432,171,shelf5:300204:2024-10-17,2024-10-17,2024-09-19,2024-10-10,61.948590232324186,57.165218075144715,56.87939198476899,81.6701,26.996805111821097,0.6166394779771617,0.59519546032232,0.7297297297297256,10.56041923551171
shelf5,2024-08-20,300213,395,177,shelf5:300213:2024-08-15,2024-08-15,2024-07-25,2024-08-08,38.586298968998946,36.37765559366904,36.19576731570069,87.4046,12.404580152671741,0.4236453201970448,0.3620575664791724,0.7500000000000017,7.28785357737104
shelf5,2024-10-21,300215,432,179,shelf5:300215:2024-10-17,2024-10-17,2024-09-19,2024-10-10,107.96376155656273,99.07707715523445,98.58169176945827,79.4752,27.45535714285714,0.5898617511520736,0.6680238286545831,0.7083333333333373,11.027303754266226
shelf5,2025-02-20,300222,513,185,shelf5:300222:2025-02-17,2025-02-17,2025-01-17,2025-02-10,77.87699055521972,72.31434837270403,71.95277663084052,76.8529,17.874875868917563,0.5678321678321666,0.7360002723619764,0.7763157894736832,11.180347277032354
shelf5,2025-05-06,300223,562,186,shelf5:300223:2025-04-28,2025-04-28,2025-04-07,2025-04-21,181.18745847799354,173.08093437123281,172.21552969937665,91.7227,12.400662251655614,0.44938271604938235,0.4929173492503744,0.966101694915248,8.223229461756354
shelf5,2024-03-11,300224,285,187,shelf5:300224:2024-03-06,2024-03-06,2024-02-06,2024-02-28,52.100556980346866,48.94735753554002,48.70262074786232,70.6357,11.232279171210457,0.6666666666666689,0.6660989928821015,0.9687500000000024,7.724724264705907
shelf5,2024-10-22,300224,433,187,shelf5:300224:2024-10-21,2024-10-21,2024-09-23,2024-10-14,51.9433954293597,47.6889839941931,47.450539074222135,76.1291,24.817518248175176,0.5962732919254655,0.7331122939295069,0.7261904761904754,11.104726598702486
shelf5,2024-03-11,300227,285,190,shelf5:300227:2024-03-07,2024-03-07,2024-02-07,2024-02-29,35.926872979047836,34.09726370696671,33.92677738843187,94.0258,33.477321814254864,0.5154185022026413,0.5494127401599348,0.8787878787878765,7.703619909502246
shelf5,2024-12-11,300227,469,190,shelf5:300227:2024-12-09,2024-12-09,2024-11-18,2024-12-02,56.26353156390354,52.698317682626495,52.43482609421336,78.206,16.37831603229527,0.5767790262172282,0.7035742492791204,0.8690476190476198,10.098376313276013
shelf5,2024-03-18,300229,290,192,shelf5:300229:2024-03-12,2024-03-12,2024-02-20,2024-03-05,87.79870253133564,81.58476141258339,81.17683760552048,78.7502,16.413593637020973,0.6679174484052538,0.5733555766805992,0.8879310344827587,12.405491329479768
shelf5,2025-02-27,300229,518,192,shelf5:300229:2025-02-25,2025-02-25,2025-01-27,2025-02-18,150.3213342255184,137.91982415191313,137.23022503115357,92.974,17.18679330619628,0.44577044577044594,0.54042062473752,0.8904109589041102,9.548655343241341
shelf5,2024-10-22,300230,433,193,shelf5:300230:2024-10-18,2024-10-18,2024-09-20,2024-10-11,31.30971690139177,29.380682210784695,29.23377879973077,85.9608,24.451410658307225,0.5303514376996803,0.6961858578061221,0.8947368421052654,7.93925233644861
shelf5,2024-12-18,300231,474,194,shelf5:300231:2024-12-17,2024-12-17,2024-11-26,2024-12-10,164.51308415239126,152.6126065311868,151.84954349853086,77.5272,19.633943427620636,0.624036979969183,0.6901321115706592,0.8041237113402051,11.26368319381843
shelf5,2025-04-30,300235,561,198,shelf5:300235:2025-04-28,2025-04-28,2025-04-07,2025-04-21,57.58046686646272,54.88138248209728,54.606975569686796,77.2807,16.58932714617172,0.5929018789144036,0.6921091135137777,0.8400000000000061,5.807953443258973
shelf5,2024-10-22,300238,433,200,shelf5:300238:2024-10-17,2024-10-17,2024-09-19,2024-10-10,51.987593309241525,47.50590423085863,47.26837470970434,87.5004,27.482447342026074,0.6148409893992941,0.5346687167623535,0.863636363636364,13.870081662954714
shelf5,2025-05-06,300242,562,204,shelf5:300242:2025-04-28,2025-04-28,2025-04-07,2025-04-21,21.336117082372493,19.686948612237423,19.588513869176236,95.1807,18.71345029239766,0.45627376425855565,0.5706550196502953,1.0,12.01620370370371
shelf5,2024-03-13,300250,287,211,shelf5:300250:2024-03-11,2024-03-11,2024-02-19,2024-03-04,65.37810892378478,60.83737852907819,60.5331916364328,79.0704,19.846153846153847,0.5857002938295787,0.6601490767398169,0.6615384615384596,8.586349206349208
shelf5,2024-03-20,300251,292,212,shelf5:300251:2024-03-14,2024-03-14,2024-02-22,2024-03-07,257.94213185394784,245.69720093002465,244.4687149253745,77.7659,16.792929292929305,0.6601941747572794,0.5461237545246894,0.7246376811594195,7.607142857142857
shelf5,2024-10-21,300251,432,212,shelf5:300251:2024-10-17,2024-10-17,2024-09-19,2024-10-10,220.81653478481877,205.52304452633192,204.49542930370026,86.158,21.37518684603883,0.543318649045521,0.5861934746140478,0.6750000000000017,9.265476190476196
shelf5,2024-03-12,300254,286,215,shelf5:300254:2024-03-08,2024-03-08,2024-02-08,2024-03-01,12.011812548002773,11.114292307803312,11.058720846264295,80.0487,24.459234608985025,0.6511627906976742,0.6284828757958414,0.852713178294574,18.759890109890133
shelf5,2024-05-22,300254,332,215,shelf5:300254:2024-05-20,2024-05-20,2024-04-24,2024-05-13,14.465034537881298,13.582472968351828,13.51456060351007,80.2187,13.557213930348277,0.6012461059190035,0.5438657133823074,0.7971014492753616,7.621676891615536
shelf5,2025-05-06,300255,562,216,shelf5:300255:2025-04-28,2025-04-28,2025-04-07,2025-04-21,170.54274074667828,160.78610953186833,159.98217898420899,89.286,22.754491017964096,0.419841840402588,0.6712031584522872,0.8923076923076936,14.285380365490852
shelf5,2024-10-22,300257,433,218,shelf5:300257:2024-10-18,2024-10-18,2024-09-20,2024-10-11,59.780599502430654,55.529243957947074,55.251597738157336,86.9333,18.523489932885905,0.5366492146596863,0.6233522869506133,0.8571428571428562,9.263694951664881
shelf5,2024-10-21,300259,432,220,shelf5:300259:2024-10-17,2024-10-17,2024-09-19,2024-10-10,53.40841129303471,50.19103711875552,49.94008193316174,89.7772,32.14285714285714,0.5185185185185183,0.5785291622517443,0.7500000000000007,8.424778761061935
shelf5,2024-10-21,300265,432,225,shelf5:300265:2024-10-17,2024-10-17,2024-09-19,2024-10-10,21.088971295958252,19.637289917638224,19.539103468050033,92.7863,24.143302180685367,0.5047619047619044,0.5272633078183024,0.7241379310344828,8.944649446494457
shelf5,2025-05-06,300265,562,225,shelf5:300265:2025-04-28,2025-04-28,2025-04-07,2025-04-21,20.983394468444068,19.71647253827386,19.617890175582488,81.6183,16.244411326378525,0.6195652173913044,0.6251300738180657,1.0,7.78349875930523
shelf5,2024-10-22,300267,433,227,shelf5:300267:2024-10-17,2024-10-17,2024-09-19,2024-10-10,29.649439152791434,27.65884076444148,27.52054656061927,84.8,27.477477477477464,0.5727699530516426,0.657677638570355,0.8888888888888872,8.791666666666664
shelf5,2024-01-18,300269,254,229,shelf5:300269:2024-01-16,2024-01-16,2023-12-25,2024-01-09,21.935524141067233,20.199314701330252,20.0983181278236,95.4476,21.126760563380298,0.3667953667953672,0.5164711246962143,0.8135593220338991,14.790843806104148
shelf5,2024-10-28,300270,437,230,shelf5:300270:2024-10-24,2024-10-24,2024-09-26,2024-10-17,50.05084292150755,45.89668996148952,45.667206511682075,87.4091,18.19727891156464,0.4456824512534813,0.7095135170993659,0.9843749999999991,12.168170103092779
shelf5,2024-03-12,300272,286,232,shelf5:300272:2024-03-07,2024-03-07,2024-02-07,2024-02-29,28.727953439195957,26.9850441301234,26.85011890947278,73.6735,15.189873417721511,0.5723684210526314,0.7017381898638159,0.6818181818181852,8.075102880658447
shelf5,2024-10-21,300272,432,232,shelf5:300272:2024-10-17,2024-10-17,2024-09-19,2024-10-10,38.62689463993539,35.66508802217677,35.486762582065886,86.7729,22.77227722772277,0.6011560693641617,0.6086376049852148,0.9642857142857131,10.697204968944106
shelf5,2024-09-11,300274,411,233,shelf5:300274:2024-09-09,2024-09-09,2024-08-19,2024-09-02,749.957722740538,719.82120815895,716.2221021181552,69.3864,12.512957204205556,0.663023679417121,0.7110840743126666,0.9419642857142835,6.414597441685455
shelf5,2024-10-25,300275,436,234,shelf5:300275:2024-10-24,2024-10-24,2024-09-26,2024-10-17,60.50436203603391,55.00819981874985,54.733158819656104,78.9647,14.163498098859328,0.4504657070279423,0.733903663023544,0.8248175182481744,11.845836459114768
shelf5,2025-05-23,300281,575,239,shelf5:300281:2025-05-22,2025-05-22,2025-04-28,2025-05-15,50.34806983262144,46.987304465960314,46.75236794363051,96.1955,26.490066225165563,0.4345323741007195,0.5110904658343227,0.8375000000000002,8.63754646840148
shelf5,2024-10-18,300283,431,240,shelf5:300283:2024-10-17,2024-10-17,2024-09-19,2024-10-10,36.11351778648202,33.214352309731275,33.04828054818262,78.0615,25.16268980477221,0.6682352941176475,0.6381233824419936,0.8372093023255793,10.364957264957276
shelf5,2024-10-21,300286,432,243,shelf5:300286:2024-10-17,2024-10-17,2024-09-19,2024-10-10,137.3550613444417,124.9260172330681,124.30138714690275,86.4136,26.983094928478568,0.5405078597339782,0.5922893947911949,0.6931818181818198,10.287716615698272
shelf5,2025-04-30,300291,561,247,shelf5:300291:2025-04-28,2025-04-28,2025-04-07,2025-04-21,38.268111493867345,36.23257364844887,36.05141078020662,84.9451,12.590799031477019,0.5000000000000001,0.5606072314106043,0.7692307692307693,6.980042016806731
shelf5,2024-05-16,300292,328,248,shelf5:300292:2024-05-15,2024-05-15,2024-04-19,2024-05-08,34.45171535668127,31.910195371352327,31.750644394495566,83.2932,19.14191419141915,0.6384976525821604,0.4853055982565454,0.6923076923076945,8.589430894308936
shelf5,2025-05-06,300292,562,248,shelf5:300292:2025-04-29,2025-04-29,2025-04-08,2025-04-22,45.93562047557503,43.77062196955408,43.55176885970631,88.3563,17.59036144578312,0.41698841698841643,0.6561102253369763,0.9285714285714282,6.341093117408903
shelf5,2025-05-06,300296,562,251,shelf5:300296:2025-04-29,2025-04-29,2025-04-08,2025-04-22,122.0565447216396,114.08788495478095,113.51744553000704,79.3542,13.696060037523438,0.5290697674418614,0.7461398950866233,1.0,8.02125984251968
shelf5,2024-03-08,300302,284,255,shelf5:300302:2024-03-07,2024-03-07,2024-02-07,2024-02-29,74.62262254564584,68.54226070859322,68.19954940505025,76.8149,40.78212290502794,0.6115906288532678,0.7352794084749242,0.8195121951219516,14.615916955017305
shelf5,2024-07-31,300302,381,255,shelf5:300302:2024-07-29,2024-07-29,2024-07-08,2024-07-22,73.58619723251188,68.40407066684202,68.06205031350781,80.8433,19.369369369369373,0.6203007518796996,0.681047683835983,0.9473684210526346,9.793956043956042
shelf5,2024-03-18,300303,290,256,shelf5:300303:2024-03-14,2024-03-14,2024-02-22,2024-03-07,89.4227768895279,84.67321547964455,84.24984940224633,76.6013,10.615711252653925,0.515337423312884,0.741424777444919,0.9565217391304363,7.14530685920578
shelf5,2024-03-11,300305,285,258,shelf5:300305:2024-03-07,2024-03-07,2024-02-07,2024-02-29,28.038645455619985,26.10772008708375,25.97718148664833,95.28,32.67716535433074,0.48275862068965514,0.5853088643333496,0.977272727272728,9.68461538461538
shelf5,2024-10-21,300305,432,258,shelf5:300305:2024-10-18,2024-10-18,2024-09-20,2024-10-11,24.1932026659206,22.620644492635765,22.507541270172588,92.1285,26.096491228070185,0.43772241992882516,0.5294308355781072,0.6799999999999988,7.583609271523162
shelf5,2024-10-25,300306,436,259,shelf5:300306:2024-10-23,2024-10-23,2024-09-25,2024-10-16,57.24553699799248,52.85270499895428,52.588441473959506,85.1463,18.883248730964496,0.4575026232948575,0.7298794420272617,0.8878504672897187,11.495330739299614
shelf5,2025-05-06,300311,562,263,shelf5:300311:2025-04-28,2025-04-28,2025-04-07,2025-04-21,43.36234398420703,39.614073572012856,39.416003204152794,84.5792,16.700610997963338,0.5492537313432828,0.6734734757898833,1.0,9.56070826306914
shelf5,2024-10-22,300314,433,265,shelf5:300314:2024-10-21,2024-10-21,2024-09-23,2024-10-14,49.630261531908964,45.57318459715768,45.34531867417189,84.4005,22.564612326043743,0.3881278538812784,0.6872190417778958,0.6880733944954125,12.45513307984789
shelf5,2024-10-22,300317,433,268,shelf5:300317:2024-10-17,2024-10-17,2024-09-19,2024-10-10,11.440834579132783,10.526675883947838,10.4740425045281,79.2662,29.022082018927442,0.6437500000000004,0.6634267739985527,0.874999999999995,9.328537170263784
shelf5,2025-05-06,300320,562,271,shelf5:300320:2025-04-28,2025-04-28,2025-04-07,2025-04-21,89.47010406878658,84.64784629414554,84.2246070626748,78.4791,15.850815850815847,0.5738396624472591,0.685521785859013,0.8536585365853621,7.20256166982921
shelf5,2025-03-03,300321,520,272,shelf5:300321:2025-02-26,2025-02-26,2025-02-05,2025-02-19,63.427176169361545,58.91679919731806,58.62221520133147,71.6149,27.11476909007773,0.6975446428571429,0.6955416546937513,0.7610062893081774,10.215376951179012
shelf5,2024-08-12,300334,389,282,shelf5:300334:2024-08-09,2024-08-09,2024-07-19,2024-08-02,11.485301598292862,10.69243067927856,10.638968525882168,81.471,11.64383561643836,0.5483870967741953,0.4133583233941046,0.6607142857142853,11.388679245283019
shelf5,2025-05-06,300334,562,282,shelf5:300334:2025-04-28,2025-04-28,2025-04-07,2025-04-21,13.90922126499372,13.2522710749533,13.186009719578534,68.7257,13.307984790874517,0.5836298932384333,0.7412306061037087,0.6666666666666689,5.813106796116507
shelf5,2025-02-27,300341,518,287,shelf5:300341:2025-02-25,2025-02-25,2025-01-27,2025-02-18,85.24502379543426,78.91451846779773,78.51994587545875,73.6406,14.660965180207697,0.6161616161616168,0.6838951118565361,0.8152866242038216,8.770780856423189
shelf5,2024-03-15,300343,289,289,shelf5:300343:2024-03-06,2024-03-06,2024-02-06,2024-02-28,75.62525574484906,69.69115721012548,69.34270142407486,92.1134,25.67901234567902,0.538888888888889,0.532698535178329,0.8235294117647076,9.300541516245497
shelf5,2024-10-23,300343,434,289,shelf5:300343:2024-10-18,2024-10-18,2024-09-20,2024-10-11,80.1793313645206,73.55522137227108,73.18744526540972,91.1021,39.348370927318285,0.5482758620689653,0.5303709762765869,0.7999999999999992,9.960101867572146
shelf5,2024-03-04,300345,280,290,shelf5:300345:2024-02-28,2024-02-28,2024-01-30,2024-02-21,31.261704159054666,28.462791252252252,28.32047729599099,77.0621,11.451612903225804,0.5365853658536586,0.6618044562708595,0.8130841121495334,15.680128205128208
shelf5,2024-08-06,300345,385,290,shelf5:300345:2024-07-29,2024-07-29,2024-07-08,2024-07-22,27.42934648666367,25.92223953684698,25.792628339162746,85.6199,11.228070175438587,0.5650793650793651,0.42616450780214415,0.9473684210526288,7.989247311827952
shelf5,2024-03-11,300350,285,295,shelf5:300350:2024-03-07,2024-03-07,2024-02-07,2024-02-29,17.692225574879867,16.306030581384125,16.224500428477203,78.0167,22.727272727272705,0.6463414634146346,0.7014553465346657,0.9166666666666675,10.868737474949896
shelf5,2024-05-10,300351,324,296,shelf5:300351:2024-05-09,2024-05-09,2024-04-15,2024-04-29,81.98679471270901,77.85376177376696,77.46449296489813,80.8911,10.091185410334337,0.5398550724637688,0.6154044247877445,0.9679999999999986,6.7422931314224055
shelf5,2024-10-21,300354,432,298,shelf5:300354:2024-10-17,2024-10-17,2024-09-19,2024-10-10,112.99414255524715,104.78896859891688,104.2650237559223,81.2085,18.251480320445857,0.5844155844155846,0.5966774596695092,0.6849999999999985,11.17069062324535
shelf5,2024-10-21,300360,432,303,shelf5:300360:2024-10-17,2024-10-17,2024-09-19,2024-10-10,112.32930533868222,105.19836394777435,104.67237212803548,82.8219,20.805860805860775,0.5968309859154931,0.6156916177013256,0.7692307692307685,9.284579164214236
shelf5,2024-03-18,300365,290,306,shelf5:300365:2024-03-12,2024-03-12,2024-02-20,2024-03-05,64.48567216114917,59.71306647624485,59.414501143863625,72.9397,15.723270440251568,0.610951008645533,0.7080319038804439,0.7692307692307677,9.576013513513526
shelf5,2025-05-06,300370,562,309,shelf5:300370:2025-04-28,2025-04-28,2025-04-07,2025-04-21,45.32272025504713,42.3561422019895,42.14436149097955,87.6548,13.559322033898336,0.4931506849315066,0.5780897859687547,0.9000000000000009,8.345878136200724
shelf5,2024-10-21,300381,432,318,shelf5:300381:2024-10-17,2024-10-17,2024-09-19,2024-10-10,46.64460027845088,42.822334422300045,42.608222750188546,78.9775,23.743500866551148,0.6286836935166992,0.6626799288222635,0.805970149253731,12.424101198402116
shelf5,2024-09-24,300384,418,321,shelf5:300384:2024-09-12,2024-09-12,2024-08-22,2024-09-05,79.72621168250146,76.270217454112,75.88886636684144,70.7764,16.24454148471617,0.6995884773662554,0.6909139205459719,0.9024390243902439,6.352941176470594
shelf5,2024-03-15,300388,289,324,shelf5:300388:2024-03-07,2024-03-07,2024-02-07,2024-02-29,34.73267081438952,33.3624282265148,33.19561608538223,88.2397,15.291750503018143,0.5593869731800764,0.5312318302328234,0.9333333333333291,5.076660988074955
shelf5,2024-10-28,300388,437,324,shelf5:300388:2024-10-25,2024-10-25,2024-09-27,2024-10-18,45.711210303141506,42.00325308440264,41.793236818980624,78.4342,11.961722488038284,0.4154302670623139,0.6459594567350616,0.6885245901639351,11.626606683804619
shelf5,2024-10-21,300389,432,325,shelf5:300389:2024-10-17,2024-10-17,2024-09-19,2024-10-10,57.337411620659516,52.60805028800307,52.34501003656305,74.3993,31.666666666666664,0.6017505470459532,0.7338481606643269,0.6607142857142879,10.383555926544263
shelf5,2024-03-21,300397,293,330,shelf5:300397:2024-03-20,2024-03-20,2024-02-28,2024-03-13,31.339041096930895,28.8839088450976,28.739489300872112,76.874,13.251366120218556,0.6015831134564641,0.6786633503032895,0.9833333333333337,12.814895947426086
shelf5,2024-03-11,300400,285,333,shelf5:300400:2024-03-07,2024-03-07,2024-02-07,2024-02-29,39.34641264276583,36.20623605515483,36.02520487487906,84.4217,48.50000000000001,0.5841269841269839,0.6721656415633191,0.9459459459459462,11.683217859892226
shelf5,2024-10-21,300404,432,337,shelf5:300404:2024-10-17,2024-10-17,2024-09-19,2024-10-10,42.53157091535171,39.34051240322565,39.143809841209524,79.3904,24.34301521438449,0.6613924050632926,0.6377581530444439,0.8787878787878803,9.185635359116029
shelf5,2024-03-11,300410,285,343,shelf5:300410:2024-03-07,2024-03-07,2024-02-07,2024-02-29,30.624287569659376,27.92935026352935,27.789703512211705,93.5591,42.27053140096619,0.5412186379928315,0.4812188087625062,0.8222222222222224,10.96546310832025
shelf5,2024-03-12,300412,286,345,shelf5:300412:2024-03-07,2024-03-07,2024-02-07,2024-02-29,32.269487347712904,29.970389012506892,29.82053706744436,83.6708,39.560439560439555,0.5641025641025648,0.6368395966484359,0.7500000000000013,10.327160493827158
shelf5,2025-02-06,300412,503,345,shelf5:300412:2025-01-27,2025-01-27,2025-01-06,2025-01-20,43.19020443994144,40.4805528305915,40.27815006643854,90.0586,21.698113207547177,0.4522613065326638,0.6766054453095998,0.9444444444444474,7.2712665406427295
shelf5,2024-10-22,300420,433,352,shelf5:300420:2024-10-17,2024-10-17,2024-09-19,2024-10-10,25.304263751186923,23.516973746456248,23.39938887772397,80.7509,26.886792452830164,0.6236559139784964,0.611863890769902,0.7500000000000008,8.882783882783873
shelf5,2024-03-12,300421,286,353,shelf5:300421:2024-03-07,2024-03-07,2024-02-07,2024-02-29,24.779075504077156,22.62437328633132,22.51125141989966,77.4834,28.338278931750736,0.6151724137931017,0.7150160672754957,0.8148148148148151,10.609625668449196
shelf5,2024-03-11,300422,285,354,shelf5:300422:2024-03-06,2024-03-06,2024-02-06,2024-02-28,22.89101670512189,21.14204014787662,21.036329947137236,81.093,12.600536193029498,0.5552238805970148,0.5861704039456082,0.8333333333333324,9.123333333333338
shelf5,2024-03-20,300423,292,355,shelf5:300423:2024-03-18,2024-03-18,2024-02-26,2024-03-11,24.020156254879794,22.122936578894933,22.012321896000458,85.4883,10.194174757281548,0.4083333333333332,0.45024408742025757,0.7647058823529428,10.504820936639113
shelf5,2025-05-29,300427,579,359,shelf5:300427:2025-05-21,2025-05-21,2025-04-25,2025-05-14,20.064943811117477,18.865046839024075,18.770721604828953,81.3554,16.26984126984128,0.4933687002652523,0.6621176149884493,0.659574468085106,7.525451559934327
shelf5,2024-03-13,300428,287,360,shelf5:300428:2024-03-07,2024-03-07,2024-02-07,2024-02-29,67.93778750096449,64.27069101653741,63.949337561454726,73.2871,10.448717948717956,0.5487804878048785,0.6490145797526924,0.6851851851851793,7.084969153112719
shelf5,2024-10-22,300428,433,360,shelf5:300428:2024-10-17,2024-10-17,2024-09-19,2024-10-10,69.55054666399575,64.57987666232547,64.25697727901385,83.9593,28.447653429602894,0.5716385011021303,0.6891058194252868,0.9214659685863884,13.728623566214814
shelf5,2024-03-11,300432,285,362,shelf5:300432:2024-03-06,2024-03-06,2024-02-06,2024-02-28,67.9933711649849,61.96761132521378,61.65777326858771,83.3354,25.60386473429952,0.6601941747572818,0.5501962940177616,0.8529411764705896,10.284952606635056
shelf5,2024-10-22,300435,433,365,shelf5:300435:2024-10-21,2024-10-21,2024-09-23,2024-10-14,36.54058430344609,34.36669127401972,34.19485781764962,83.1861,17.327766179540703,0.5000000000000004,0.7264950518391288,0.8591549295774664,9.507191201353649
shelf5,2024-10-23,300437,434,367,shelf5:300437:2024-10-22,2024-10-22,2024-09-24,2024-10-15,29.878224679172046,27.88438829233819,27.7449663508765,86.4236,25.0,0.4833538840937116,0.6800030893407369,0.7711864406779668,12.627423822714679
shelf5,2024-10-22,300444,433,374,shelf5:300444:2024-10-17,2024-10-17,2024-09-19,2024-10-10,28.25194140666395,26.22525981364645,26.094133514578218,96.2795,26.582278481012665,0.49823321554770167,0.5562287563593512,0.9545454545454556,10.088687150837982
shelf5,2024-03-12,300446,286,376,shelf5:300446:2024-03-06,2024-03-06,2024-02-06,2024-02-28,46.33759079196155,42.41831851689296,42.206226924308496,86.6131,17.411988582302573,0.5503963759909397,0.5829840046362851,0.8439024390243893,19.411589403973494
shelf5,2024-03-12,300449,286,379,shelf5:300449:2024-03-07,2024-03-07,2024-02-07,2024-02-29,16.648501323225688,15.596635226551298,15.518652050418542,93.0124,34.86238532110093,0.4541284403669712,0.5597526547185618,0.8000000000000019,8.186695278969957
shelf5,2024-05-20,300449,330,379,shelf5:300449:2024-05-17,2024-05-17,2024-04-23,2024-05-10,16.648501323225688,15.814262694828761,15.735191381354618,79.9784,17.66233766233767,0.6666666666666659,0.545345107060024,0.8125000000000038,6.705376344086023
shelf5,2024-10-21,300449,432,379,shelf5:300449:2024-10-18,2024-10-18,2024-09-20,2024-10-11,22.959697903272033,21.254949401765263,21.148674654756437,80.2229,24.748490945674064,0.5626204238921001,0.7122216861875278,0.760869565217392,9.741486068111438
shelf5,2024-10-21,300457,432,387,shelf5:300457:2024-10-17,2024-10-17,2024-09-19,2024-10-10,112.43089997303329,103.48553975677011,102.96811205798626,92.2337,43.81022979985172,0.4963503649635039,0.53573871359421,0.7010309278350515,19.324324324324326
shelf5,2024-03-20,300465,292,393,shelf5:300465:2024-03-11,2024-03-11,2024-02-19,2024-03-04,28.02655718367327,25.992371581632472,25.86240972372431,75.8743,13.53887399463809,0.6049382716049371,0.7063778705855043,1.0,10.002808988764045
shelf5,2024-03-11,300473,285,400,shelf5:300473:2024-03-08,2024-03-08,2024-02-08,2024-03-01,16.328256506480535,15.302452826993093,15.225940562858128,82.9151,18.029029793735685,0.5555555555555541,0.7211396975299796,0.9915966386554629,9.2203656998739
shelf5,2024-10-21,300473,432,400,shelf5:300473:2024-10-17,2024-10-17,2024-09-19,2024-10-10,22.028340869817974,20.30456767645248,20.203044838070216,84.474,30.112923462986195,0.5911443358251867,0.5778189409384343,0.737254901960785,13.907165389815235
shelf5,2024-03-07,300478,283,404,shelf5:300478:2024-03-06,2024-03-06,2024-02-06,2024-02-28,18.85648036030496,17.15978274097282,17.073983827267956,95.4738,19.010416666666675,0.4994903160040762,0.42754253325163105,0.8231707317073171,17.469711090400754
shelf5,2024-10-21,300478,432,404,shelf5:300478:2024-10-16,2024-10-16,2024-09-18,2024-10-09,17.101940776677402,15.675172324057195,15.59679646243691,74.8161,22.157434402332377,0.6880269814502522,0.7319296088265816,0.9787234042553169,10.812017640573302
shelf5,2025-05-06,300478,562,404,shelf5:300478:2025-04-28,2025-04-28,2025-04-07,2025-04-21,23.07894375387019,21.40152678930318,21.294519155356664,95.2142,21.04166666666667,0.44512820512820644,0.5108666514066361,0.7878787878787871,11.14641995172968
shelf5,2024-03-22,300480,294,406,shelf5:300480:2024-03-20,2024-03-20,2024-02-28,2024-03-13,68.18655694654613,63.959544778111876,63.63974705422132,96.2913,21.896880967536568,0.5464926590538325,0.502632222862024,0.9838709677419358,7.140040444893836
shelf5,2024-10-22,300481,433,407,shelf5:300481:2024-10-16,2024-10-16,2024-09-18,2024-10-09,54.63770053906776,50.22047350543666,49.96937113790948,73.3943,28.936521022258855,0.6627793974732749,0.6823179013543405,0.6952380952380937,9.944274341702375
shelf5,2025-05-21,300484,573,410,shelf5:300484:2025-05-19,2025-05-19,2025-04-23,2025-05-12,94.44280789186516,88.58084050547352,88.13793630294614,76.9596,16.612377850162872,0.6719817767653762,0.5863234672692866,0.8351063829787244,9.34345690040198
shelf5,2024-03-12,300485,286,411,shelf5:300485:2024-03-06,2024-03-06,2024-02-06,2024-02-28,35.82956590993778,33.2307507844845,33.064597030562076,70.7159,10.679611650485432,0.5614035087719301,0.7199768843391398,0.7666666666666656,9.545454545454534
shelf5,2024-10-22,300485,433,411,shelf5:300485:2024-10-17,2024-10-17,2024-09-19,2024-10-10,33.80340003925848,31.11109384144143,30.955538372234223,80.5434,23.556942277691096,0.6223021582733813,0.6694247299416047,0.8787878787878779,10.240396530359352
shelf5,2024-10-23,300487,434,413,shelf5:300487:2024-10-21,2024-10-21,2024-09-23,2024-10-14,325.217016888841,296.0066157355524,294.5265826568746,82.4542,30.437903804737964,0.592885375494071,0.6798691350338455,0.8974820143884893,12.152204585537918
shelf5,2024-03-15,300489,289,415,shelf5:300489:2024-03-11,2024-03-11,2024-02-19,2024-03-04,49.65774781186543,46.16454056736793,45.93371786453109,82.735,19.23652694610778,0.5351894818252123,0.7250265709674456,0.860655737704918,8.717235188509864
shelf5,2024-03-11,300490,285,416,shelf5:300490:2024-03-08,2024-03-08,2024-02-08,2024-03-01,19.320003740398374,18.13547919817522,18.04480180218434,77.9924,19.63589076723016,0.6653543307086607,0.6933746532051148,0.9800000000000014,9.005149330587026
shelf5,2024-10-22,300491,433,417,shelf5:300491:2024-10-17,2024-10-17,2024-09-19,2024-10-10,29.8168541042849,27.6095607714569,27.471512967599615,88.3359,22.549019607843146,0.5047021943573665,0.675416922857435,0.8717948717948693,8.374539877300613
shelf5,2025-03-06,300492,523,418,shelf5:300492:2025-02-27,2025-02-27,2025-02-06,2025-02-20,147.05038059819537,137.0422704314475,136.35705907929025,76.187,19.332186873029535,0.6969253294289877,0.6659963643869731,0.9469696969696968,13.278176919622808
shelf5,2024-08-30,300493,403,419,shelf5:300493:2024-08-27,2024-08-27,2024-08-06,2024-08-20,35.10524465324846,32.60052262670676,32.43752001357323,83.4116,18.33105335157321,0.6967509025270754,0.5187272063982459,0.9894736842105273,12.477824709609298
shelf5,2024-03-11,300507,285,432,shelf5:300507:2024-03-06,2024-03-06,2024-02-06,2024-02-28,58.46630321138836,53.19033846487265,52.92438677254829,77.1417,19.809069212410478,0.6666666666666661,0.675569751911262,0.8888888888888861,10.140767824497255
shelf5,2024-10-18,300508,431,433,shelf5:300508:2024-10-17,2024-10-17,2024-09-19,2024-10-10,50.73514436603484,46.231908683933305,46.00074914051364,87.4672,30.71725571725572,0.5491686460807598,0.5980367540115312,0.7905405405405396,10.851943597560954
shelf5,2024-10-22,300510,433,435,shelf5:300510:2024-10-18,2024-10-18,2024-09-20,2024-10-11,28.44264600247004,26.20208745522951,26.07107701795336,91.0984,12.698412698412698,0.4632516703786193,0.4462844716578221,0.919999999999999,10.300856531049263
shelf5,2024-03-11,300513,285,438,shelf5:300513:2024-03-07,2024-03-07,2024-02-07,2024-02-29,28.923053797288993,27.419408798653173,27.282311754659908,90.469,36.23188405797102,0.5534591194968553,0.5542378374598771,0.8461538461538461,7.925373134328351
shelf5,2024-10-22,300514,433,439,shelf5:300514:2024-10-17,2024-10-17,2024-09-19,2024-10-10,29.58355955220864,27.50346552119397,27.365948193588,91.897,19.42324003392708,0.5250463821892395,0.5628279582731782,0.8684210526315799,8.535463483146067
shelf5,2024-10-25,300515,436,440,shelf5:300515:2024-10-23,2024-10-23,2024-09-25,2024-10-16,26.552179202874143,24.20611547479195,24.08508489741799,90.9134,20.106951871657763,0.5,0.6337323467089717,0.8800000000000042,12.541401273885377
shelf5,2024-03-19,300520,291,445,shelf5:300520:2024-03-14,2024-03-14,2024-02-22,2024-03-07,39.96512282154305,36.97055305519645,36.78570028992046,76.3778,12.457912457912457,0.5036674816625912,0.7145067357470162,0.7450980392156893,9.485318559556799
shelf5,2024-10-31,300521,440,446,shelf5:300521:2024-10-25,2024-10-25,2024-09-27,2024-10-18,26.244989806495436,24.35476893400546,24.232995089335432,89.4889,17.923691215616678,0.5031111111111102,0.6233148159609364,0.8974358974358976,9.66802168021681
shelf5,2024-03-12,300522,286,447,shelf5:300522:2024-03-07,2024-03-07,2024-02-07,2024-02-29,57.798026597910166,52.72257264934816,52.45895978610142,85.675,37.3385012919897,0.5585168018539978,0.5964691065632848,0.7297297297297284,12.226169844020795
shelf5,2024-03-04,300529,280,452,shelf5:300529:2024-02-29,2024-02-29,2024-01-31,2024-02-22,42.79513975330125,39.91053717002625,39.71098448417612,75.5984,10.246360582306835,0.527210884353741,0.6803957688151104,0.8138297872340435,13.573318385650223
shelf5,2024-10-21,300530,432,453,shelf5:300530:2024-10-18,2024-10-18,2024-09-20,2024-10-11,50.732948058642215,46.44904637247604,46.21680114061366,79.0334,28.561827956989227,0.5505514705882354,0.713075347481401,0.6612903225806439,10.180074836295583
shelf5,2024-03-13,300531,287,454,shelf5:300531:2024-03-07,2024-03-07,2024-02-07,2024-02-29,44.16906880817602,41.29079481504468,41.08434084096945,75.4362,23.962655601659733,0.6137566137566137,0.7246995176268931,0.7317073170731734,7.504800000000012
shelf5,2024-03-13,300533,287,456,shelf5:300533:2024-03-12,2024-03-12,2024-02-20,2024-03-05,69.39200549271342,63.507523532138364,63.189985914477674,78.2093,11.527257594673323,0.5819361817198486,0.530372866490485,0.6968085106382966,12.400103698582798
shelf5,2024-03-19,300537,291,460,shelf5:300537:2024-03-12,2024-03-12,2024-02-20,2024-03-05,27.048558173187672,24.908847351516428,24.784303114758846,76.9379,16.09195402298851,0.5529322162985537,0.6982833568953295,0.7232704402515739,13.094215349369998
shelf5,2024-12-16,300537,472,460,shelf5:300537:2024-12-09,2024-12-09,2024-11-18,2024-12-02,35.10105767764511,32.07932865467427,31.918932011400898,85.0213,13.017098731384436,0.5512104283054002,0.5882210299778727,1.0,10.563844393592692
shelf5,2025-02-18,300539,511,462,shelf5:300539:2025-02-07,2025-02-07,2025-01-09,2025-01-23,29.10408571204289,27.046688072351216,26.91145463198946,79.8715,17.18146718146718,0.6132315521628502,0.6775916403555029,0.9747899159663859,11.73995451099319
shelf5,2024-03-22,300541,294,464,shelf5:300541:2024-03-20,2024-03-20,2024-02-28,2024-03-13,40.06597812537869,38.10324242361291,37.91272621149485,73.1438,13.71087928464978,0.6308539944903568,0.7118199227333044,0.9591836734693892,7.430031948881788
shelf5,2025-05-20,300542,572,465,shelf5:300542:2025-05-16,2025-05-16,2025-04-22,2025-05-09,67.59395353951176,62.57307876927012,62.26021337542377,91.6588,14.465786314525818,0.4520940906483076,0.4999827322546288,0.8596491228070179,10.160670280926553
shelf5,2025-02-05,300546,502,468,shelf5:300546:2025-01-24,2025-01-24,2025-01-03,2025-01-17,61.724417409779555,58.126879859722244,57.83624546042363,89.1422,18.766404199475083,0.5709023941068143,0.5876659628935409,0.9861111111111087,7.497336174746927
shelf5,2025-05-06,300547,562,469,shelf5:300547:2025-04-29,2025-04-29,2025-04-08,2025-04-22,133.52638059601776,125.39496639305514,124.76799156108987,73.3085,11.588145896656531,0.5976814083297557,0.7109818108858807,0.9553571428571385,10.517188459177396
shelf5,2024-11-11,300548,447,470,shelf5:300548:2024-11-07,2024-11-07,2024-10-17,2024-10-31,72.49218818794232,67.27813288904161,66.94174222459641,89.4339,20.65619223659889,0.5806777946383408,0.5931101955242308,0.9868421052631564,10.561797752808966
shelf5,2024-05-20,300552,330,474,shelf5:300552:2024-05-17,2024-05-17,2024-04-23,2024-05-10,50.33160963047103,47.16693387433826,46.93109920496657,96.9697,22.201492537313428,0.43892671205446493,0.4847417900599204,0.8484848484848504,9.976190476190471
shelf5,2025-02-25,300552,516,474,shelf5:300552:2025-02-24,2025-02-24,2025-01-24,2025-02-17,68.23950537625232,65.28328131663129,64.95686491004813,80.3216,16.563417019889126,0.5398655139289147,0.6496213948641519,0.7014925373134329,5.596942990911613
shelf5,2024-10-28,300558,437,479,shelf5:300558:2024-10-25,2024-10-25,2024-09-27,2024-10-18,48.60961965047868,45.41134859797987,45.184291854989965,77.4935,12.711022840119156,0.4213806327900291,0.7469921395828041,0.8566037735849054,8.074035453597507
shelf5,2024-10-28,300559,437,480,shelf5:300559:2024-10-24,2024-10-24,2024-09-26,2024-10-17,60.636310816524514,56.1683721247806,55.8875302641567,82.6616,13.35616438356164,0.43928194297782497,0.693890699787018,0.9500000000000007,9.647279549718569
shelf5,2025-05-27,300559,577,480,shelf5:300559:2025-05-21,2025-05-21,2025-04-25,2025-05-14,65.56845093078728,63.18941864037817,62.87347154717628,78.5354,13.622603430877911,0.5952890792291213,0.5963388969856446,0.8199999999999977,6.750860585197948
shelf5,2025-05-06,300560,562,481,shelf5:300560:2025-04-28,2025-04-28,2025-04-07,2025-04-21,32.96574986669356,31.023323527746967,30.86820691010823,85.9991,15.873015873015861,0.5008517887563888,0.6962863049616781,1.0,8.81885245901639
shelf5,2024-10-21,300562,432,483,shelf5:300562:2024-10-17,2024-10-17,2024-09-19,2024-10-10,44.238230167102635,40.607737113875366,40.40469842830599,99.1228,21.68224299065422,0.4985465116279072,0.446274438298134,0.9561403508771917,14.87535410764872
shelf5,2024-03-20,300567,292,488,shelf5:300567:2024-03-14,2024-03-14,2024-02-22,2024-03-07,222.58704180768714,203.6421421979914,202.62393148700144,92.8519,20.065562456866815,0.46057709979783207,0.6021689691456502,0.8980169971671379,10.992974079126883
shelf5,2024-03-22,300571,294,492,shelf5:300571:2024-03-20,2024-03-20,2024-02-28,2024-03-13,96.44393693088034,89.20220320014927,88.75619218414852,72.5997,25.049622866216747,0.6769378911892158,0.7375752503070414,0.8432055749128917,11.599480440097798
shelf5,2024-03-12,300577,286,497,shelf5:300577:2024-03-06,2024-03-06,2024-02-06,2024-02-28,43.27269012295096,40.08099325829231,39.88058829200085,92.8705,18.597857838364163,0.4762826718296223,0.5296978128962898,0.7878787878787865,9.45575896262394
shelf5,2024-03-13,300578,287,498,shelf5:300578:2024-03-12,2024-03-12,2024-02-20,2024-03-05,29.266987870010382,27.000086416602777,26.865085984519762,91.7463,16.528925619834702,0.3959044368600681,0.4236753719639136,0.7608695652173928,9.797339108910897
shelf5,2024-10-18,300582,431,502,shelf5:300582:2024-10-17,2024-10-17,2024-09-19,2024-10-10,26.784412469620598,24.80469502621386,24.680671551082792,78.1569,27.292817679558002,0.663366336633664,0.589230130587497,0.7027027027027021,8.727390180878537
shelf5,2024-12-10,300582,468,502,shelf5:300582:2024-12-06,2024-12-06,2024-11-15,2024-11-29,33.049635908166636,30.278031487397197,30.12664132996021,90.5294,20.475785896346643,0.48275862068965575,0.5649669950163236,0.6888888888888883,12.00680272108844
shelf5,2024-10-21,300584,432,504,shelf5:300584:2024-10-18,2024-10-18,2024-09-20,2024-10-11,35.44140643861137,32.323948209004506,32.16232846795948,84.4539,15.911602209944743,0.5253456221198151,0.6610162515395113,0.9183673469387735,10.367046950416825
shelf5,2024-03-12,300585,286,505,shelf5:300585:2024-03-07,2024-03-07,2024-02-07,2024-02-29,24.948661524943507,23.105164367927976,22.989638546088337,86.8036,36.23529411764708,0.4726562500000003,0.6919284088678471,0.819999999999999,12.109631949882537
shelf5,2024-10-21,300586,432,506,shelf5:300586:2024-10-17,2024-10-17,2024-09-19,2024-10-10,47.68955355590475,44.5102499855111,44.28769873558355,93.4254,20.55016181229774,0.5405405405405407,0.5509252760793125,0.9404761904761904,10.7051282051282
shelf5,2024-03-12,300588,286,508,shelf5:300588:2024-03-08,2024-03-08,2024-02-08,2024-03-01,15.585589704061691,14.440064994963988,14.367864669989167,82.3638,38.99280575539568,0.5445420326223335,0.743306636840476,0.8823529411764698,9.591370558375656
shelf5,2025-03-21,300591,534,511,shelf5:300591:2025-03-17,2025-03-17,2025-02-24,2025-03-10,6.4488379318673035,6.016293924242057,5.986212454620847,88.2115,12.354312354312347,0.43949044585987207,0.5045951711802591,0.8043478260869558,12.17211538461539
shelf5,2024-03-13,300597,287,516,shelf5:300597:2024-03-08,2024-03-08,2024-02-08,2024-03-01,7.626447241051248,7.180218945032292,7.1443178503071305,75.9136,20.583468395461924,0.6310904872389796,0.7286353258701612,0.8260869565217389,7.672346002621245
shelf5,2024-10-28,300603,437,522,shelf5:300603:2024-10-23,2024-10-23,2024-09-25,2024-10-16,24.887052753770337,23.339671235401198,23.22297287922419,82.5142,19.584954604409855,0.4302325581395348,0.7204057705944267,0.6974789915966385,12.5752427184466
shelf5,2024-10-21,300607,432,526,shelf5:300607:2024-10-17,2024-10-17,2024-09-19,2024-10-10,67.6508596579439,61.721302237725695,61.412695726537066,75.5937,27.366255144032902,0.6270996640537511,0.7259752566922562,0.7894736842105251,10.293307086614167
shelf5,2024-03-13,300608,287,527,shelf5:300608:2024-03-12,2024-03-12,2024-02-20,2024-03-05,52.67032105002243,48.230090496386815,47.98894004390488,82.1576,20.90909090909092,0.5708542713567841,0.7268829520220589,0.9230769230769231,9.349240780911073
shelf5,2024-03-12,300610,286,529,shelf5:300610:2024-03-06,2024-03-06,2024-02-06,2024-02-28,19.398603379849938,17.845788055536982,17.756559115259297,76.4278,12.981455064194014,0.5590277777777773,0.698434642781855,0.8750000000000006,9.545454545454534
shelf5,2024-11-11,300620,447,539,shelf5:300620:2024-11-07,2024-11-07,2024-10-17,2024-10-31,121.7146630196448,111.25735653364778,110.70106975097954,96.6,27.004219409282705,0.4582639274477139,0.4983658065668219,0.8300000000000004,11.635712957798837
shelf5,2024-05-16,300621,328,540,shelf5:300621:2024-05-10,2024-05-10,2024-04-16,2024-04-30,13.62603184832196,12.810009602038273,12.745959554028081,96.2732,27.694610778443106,0.4037339556592759,0.5654445524518704,0.9772727272727278,10.600431965442759
shelf5,2025-04-30,300622,561,541,shelf5:300622:2025-04-28,2025-04-28,2025-04-07,2025-04-21,92.19859903290808,87.50661718189771,87.06908409598822,90.198,15.420289855072467,0.5316770186335418,0.5187693474003412,0.8966789667896691,11.819522471910116
shelf5,2025-05-06,300623,562,542,shelf5:300623:2025-04-28,2025-04-28,2025-04-07,2025-04-21,211.990027706566,204.48532342160667,203.46289680449863,96.3622,16.36219221604449,0.3487773487773485,0.4701837997784399,1.0,5.582255389718083
shelf5,2024-10-21,300631,432,549,shelf5:300631:2024-10-18,2024-10-18,2024-09-20,2024-10-11,34.79458808031407,32.3572860167172,32.19549958663361,97.1146,20.168067226890727,0.5024793388429745,0.4774216688443112,0.864406779661014,8.355263157894743
shelf5,2024-10-28,300635,437,553,shelf5:300635:2024-10-24,2024-10-24,2024-09-26,2024-10-17,17.74915587452789,16.566958448578493,16.4841236563356,89.7235,12.419700214132746,0.361331220285262,0.5031311509182476,0.8730158730158714,13.001282051282036
shelf5,2024-10-22,300636,433,554,shelf5:300636:2024-10-17,2024-10-17,2024-09-19,2024-10-10,34.34271925965037,31.634550540889375,31.476377788184926,94.5511,25.751072961373378,0.4707482993197267,0.5223121247043125,0.7833333333333331,10.69376391982183
shelf5,2024-12-12,300640,470,558,shelf5:300640:2024-12-11,2024-12-11,2024-11-20,2024-12-04,22.28666621294529,20.412086811856433,20.31002637779715,88.9387,30.82437275985661,0.4043179587831207,0.6017453298278999,0.7012987012987014,11.926451612903222
shelf5,2024-03-11,300642,285,560,shelf5:300642:2024-03-06,2024-03-06,2024-02-06,2024-02-28,38.30244636886064,35.839539617869605,35.66034191978026,82.976,15.992812219227304,0.49826989619377215,0.6589279103064377,0.7464788732394382,7.98612125639152
shelf5,2024-03-11,300643,285,561,shelf5:300643:2024-03-06,2024-03-06,2024-02-06,2024-02-28,10.178016920949284,9.542541964779472,9.494829254955574,97.4785,25.202156334231795,0.47802197802197816,0.5042763219111982,0.8846153846153832,9.221115537848611
shelf5,2024-03-12,300644,286,562,shelf5:300644:2024-03-07,2024-03-07,2024-02-07,2024-02-29,26.622553499351767,24.750237278700773,24.626486092307267,90.7914,32.66423357664232,0.47414478918058833,0.5770292592207552,0.732142857142857,11.413726747915332
shelf5,2024-03-11,300645,285,563,shelf5:300645:2024-03-07,2024-03-07,2024-02-07,2024-02-29,28.849577070429266,27.06586666016079,26.930537326859987,93.4946,48.685594111461626,0.40613026819923365,0.5832987826913056,0.8829787234042562,7.828798938287984
shelf5,2024-10-21,300645,432,563,shelf5:300645:2024-10-18,2024-10-18,2024-09-20,2024-10-11,30.983510789155883,28.299440174652734,28.15794297377947,88.0995,15.598455598455608,0.49568106312292387,0.5941659103787275,0.8604651162790686,10.30204460966544
shelf5,2024-03-12,300650,286,567,shelf5:300650:2024-03-07,2024-03-07,2024-02-07,2024-02-29,29.470346193615665,27.950641789293723,27.810888580347253,90.0313,41.716867469879524,0.48944099378882006,0.6079446085452342,0.7714285714285695,7.317775571002983
shelf5,2025-02-06,300650,503,567,shelf5:300650:2025-01-27,2025-01-27,2025-01-06,2025-01-20,35.753640941351954,34.25390768038921,34.08263814198727,79.679,12.571428571428589,0.5714285714285708,0.6464209396526454,0.9714285714285704,6.555098684210526
shelf5,2025-04-30,300650,561,567,shelf5:300650:2025-04-28,2025-04-28,2025-04-07,2025-04-21,44.33211519405889,40.70276070252904,40.4992468990164,79.2127,26.01626016260161,0.5898234683281414,0.6757079991105025,0.7142857142857159,10.87689768976896
shelf5,2024-03-11,300652,285,569,shelf5:300652:2024-03-08,2024-03-08,2024-02-08,2024-03-01,20.835431946276152,19.30982500460321,19.21327587958019,91.4082,18.53932584269664,0.5026881720430111,0.5743434196135618,0.838709677419354,10.500507614213205
shelf5,2024-10-21,300653,432,570,shelf5:300653:2024-10-18,2024-10-18,2024-09-20,2024-10-11,57.06979522448865,53.73906675755421,53.470371423766444,93.2779,25.37396121883655,0.4472178887155493,0.5578457358627837,0.8085106382978725,6.83456041576439
shelf5,2025-05-06,300656,562,573,shelf5:300656:2025-04-28,2025-04-28,2025-04-07,2025-04-21,64.07928838871162,58.910730921547795,58.616177266940056,99.8305,22.674418604651137,0.4844938560561725,0.4361434333041419,0.9915254237288161,12.196392379408195
shelf5,2024-03-22,300657,294,574,shelf5:300657:2024-03-20,2024-03-20,2024-02-28,2024-03-13,67.3966591882701,62.523362293118254,62.210745481652665,73.4142,15.546218487394947,0.6510008703220199,0.6769530644544566,0.8642857142857125,8.724391480730242
shelf5,2024-03-15,300660,289,577,shelf5:300660:2024-03-14,2024-03-14,2024-02-22,2024-03-07,98.01594173926367,91.35466414533312,90.89789082460645,72.7263,12.75195392842452,0.6302895322939868,0.7181077482319747,1.0,9.856420626895869
shelf5,2024-08-13,300665,390,582,shelf5:300665:2024-08-08,2024-08-08,2024-07-18,2024-08-01,12.050528490709105,11.343016401292472,11.286301319286009,70.5511,11.300639658848599,0.6386554621848739,0.6986510938770525,0.9444444444444454,7.046052631578947
shelf5,2025-04-29,300665,560,582,shelf5:300665:2025-04-28,2025-04-28,2025-04-07,2025-04-21,15.953256467813759,15.154452495891753,15.078680233412294,90.9902,25.776965265082264,0.46596858638743377,0.5625490239874288,0.7058823529411742,6.946478873239426
shelf5,2024-03-13,300668,287,585,shelf5:300668:2024-03-07,2024-03-07,2024-02-07,2024-02-29,57.1828342732869,52.76367668978335,52.49985830633444,73.0873,15.771812080536929,0.6005586592178771,0.7201550552703883,0.7681159420289856,9.785452881976209
shelf5,2024-10-22,300668,433,585,shelf5:300668:2024-10-21,2024-10-21,2024-09-23,2024-10-14,51.941888116954,48.82591673800266,48.58178715431265,87.283,13.813813813813812,0.41536614645858305,0.579672956251305,0.8726415094339619,11.588264299802752
shelf5,2024-06-20,300671,352,588,shelf5:300671:2024-06-18,2024-06-18,2024-05-27,2024-06-11,51.59261492159877,47.11587308629646,46.88029372086498,82.9103,18.112014453477855,0.5218531468531475,0.6562690820952658,0.7070707070707064,10.408134642356249
shelf5,2024-10-22,300673,433,590,shelf5:300673:2024-10-21,2024-10-21,2024-09-23,2024-10-14,41.28478464995073,38.50840370509863,38.315861686573136,86.2324,26.55021834061135,0.46736045411542093,0.7280409575035427,0.881720430107528,12.321156289707758
shelf5,2025-05-06,300678,562,595,shelf5:300678:2025-04-28,2025-04-28,2025-04-07,2025-04-21,81.6923335068929,78.13454343791598,77.7438707207264,78.0786,12.983531214094214,0.611673151750972,0.6187675604657047,0.942528735632183,7.317292006525278
shelf5,2024-10-21,300680,432,597,shelf5:300680:2024-10-17,2024-10-17,2024-09-19,2024-10-10,50.550914872640256,47.0763558658903,46.84097408656085,72.1153,23.83087764253684,0.6361556064073219,0.7413620071684588,0.6857142857142846,7.815424164524421
shelf5,2024-10-18,300681,431,598,shelf5:300681:2024-10-17,2024-10-17,2024-09-19,2024-10-10,47.458040437921014,43.916828857843726,43.697244713554504,84.1243,28.23529411764707,0.5342362678705792,0.6730307987613295,0.7586206896551729,11.23614386792453
shelf5,2024-10-21,300683,432,600,shelf5:300683:2024-10-18,2024-10-18,2024-09-20,2024-10-11,25.587545861468385,23.778736026940436,23.659842346805732,86.541,17.64415968457369,0.4721208963001555,0.6141257100414419,0.7301587301587302,13.766666666666683
shelf5,2024-03-18,300684,290,601,shelf5:300684:2024-03-15,2024-03-15,2024-02-23,2024-03-08,59.85227050170329,54.487542152198564,54.215104441437575,83.5819,22.145804676753798,0.5384615384615385,0.7247989207780198,0.8757062146892659,11.004244031830247
shelf5,2024-02-29,300685,278,602,shelf5:300685:2024-02-27,2024-02-27,2024-01-29,2024-02-20,105.6057358665366,96.3838265373461,95.90190740465937,74.2222,10.316593886462865,0.5790123456790127,0.6452702261526367,0.8350000000000014,12.118128123580185
shelf5,2024-10-21,300685,432,602,shelf5:300685:2024-10-18,2024-10-18,2024-09-20,2024-10-11,117.83249118698514,108.03394715955659,107.4937774237588,83.2759,25.65532626882321,0.5637254901960785,0.6419322304796174,0.7416666666666644,9.61769651113914
shelf5,2025-05-06,300688,562,605,shelf5:300688:2025-04-29,2025-04-29,2025-04-08,2025-04-22,59.93231758740673,56.370503695201414,56.088651176725406,84.7858,16.055045871559614,0.5453416149068324,0.6570873335847086,0.9879518072289147,7.791549789621321
shelf5,2024-03-18,300691,290,608,shelf5:300691:2024-03-12,2024-03-12,2024-02-20,2024-03-05,48.01282787057577,45.05901854967906,44.83372345693066,62.397,10.288582183186957,0.6843930635838155,0.6796815838574778,0.6999999999999978,9.260326086956495
shelf5,2024-03-15,300692,289,609,shelf5:300692:2024-03-07,2024-03-07,2024-02-07,2024-02-29,15.375394877340225,14.526087350782383,14.453456914028472,89.1191,15.625,0.5092250922509234,0.6172024523956272,1.0,6.8830188679245285
shelf5,2024-10-24,300692,435,609,shelf5:300692:2024-10-21,2024-10-21,2024-09-23,2024-10-14,15.328641045403973,14.294917660839156,14.223443072534959,82.5082,23.809523809523814,0.511627906976744,0.7355981195574085,0.7551020408163267,12.1204379562044
shelf5,2024-10-22,300693,433,610,shelf5:300693:2024-10-18,2024-10-18,2024-09-20,2024-10-11,92.27542885634182,83.92200004085173,83.50239004064747,86.5082,17.2593646277857,0.5513978494623656,0.6396466099145551,0.991452991452991,10.969748214956788
shelf5,2024-03-12,300694,286,611,shelf5:300694:2024-03-07,2024-03-07,2024-02-07,2024-02-29,10.12769871624292,9.231982648876713,9.185822735632328,82.6444,25.229960578186585,0.6123076923076926,0.6823350325570385,0.9811320754716969,11.34921414538309
shelf5,2024-10-22,300694,433,611,shelf5:300694:2024-10-17,2024-10-17,2024-09-19,2024-10-10,9.432154750332215,8.777428173302646,8.733541032436133,82.2694,20.261437908496703,0.5601317957166403,0.7104268854976623,0.8499999999999981,10.041095890410956
shelf5,2024-03-12,300698,286,615,shelf5:300698:2024-03-11,2024-03-11,2024-02-19,2024-03-04,31.548627029048852,29.57558591008929,29.427707980538845,75.817,21.500605082694648,0.6483241620810407,0.6989685288012095,0.8074074074074082,8.093994369721603
shelf5,2024-05-20,300698,330,615,shelf5:300698:2024-05-17,2024-05-17,2024-04-23,2024-05-10,33.35140571642307,31.228133040182325,31.071992374981413,86.5298,14.907697666318365,0.5911133300049912,0.45776541694805306,0.9000000000000011,11.71286283437678
shelf5,2024-10-28,300701,437,618,shelf5:300701:2024-10-25,2024-10-25,2024-09-27,2024-10-18,35.13735254469353,33.15930301556544,32.99350650048761,80.5115,15.055079559363538,0.35032679738562006,0.7047965294975148,0.784810126582277,9.348814229248992
shelf5,2024-10-22,300703,433,620,shelf5:300703:2024-10-18,2024-10-18,2024-09-20,2024-10-11,22.414711124074152,21.05471741542246,20.94944382834535,89.6711,17.994505494505496,0.5024958402662227,0.6229740522398833,0.9000000000000028,7.678135405105446
shelf5,2024-10-18,300710,431,626,shelf5:300710:2024-10-17,2024-10-17,2024-09-19,2024-10-10,26.812667658990502,24.78962329762326,24.665675181135143,72.6039,21.788836583725633,0.6426966292134837,0.7245698900605788,0.6910569105691068,9.100756347920047
shelf5,2025-05-19,300710,571,626,shelf5:300710:2025-05-15,2025-05-15,2025-04-21,2025-05-08,28.996969179597166,27.17916120271645,27.043265396702868,68.7484,14.385556202679073,0.6115879828326185,0.735220054303214,0.6967509025270759,10.450000000000015
shelf5,2024-10-21,300717,432,631,shelf5:300717:2024-10-16,2024-10-16,2024-09-18,2024-10-09,26.07977082048089,23.756670298760547,23.637886947266743,72.8789,18.44029244516654,0.6430469441984065,0.7035540104544431,0.7314814814814832,10.926837060702887
shelf5,2024-03-13,300718,287,632,shelf5:300718:2024-03-08,2024-03-08,2024-02-08,2024-03-01,55.612917639429895,52.23534416884515,51.97416744800093,68.8598,16.446402349486043,0.6568627450980388,0.735421214597282,0.75824175824176,9.48223645894003
shelf5,2024-03-13,300721,287,635,shelf5:300721:2024-03-07,2024-03-07,2024-02-07,2024-02-29,20.263294809476836,18.64923197916342,18.555985819267605,88.4089,43.77682403433476,0.47511312217194496,0.5968215476266756,0.6624999999999995,15.854938271604935
shelf5,2024-05-21,300721,331,635,shelf5:300721:2024-05-17,2024-05-17,2024-04-23,2024-05-10,25.397181402280946,23.608099710849213,23.490059212294966,84.5435,38.77766069546891,0.46365723029839356,0.6825988064407161,0.683673469387754,9.990312965722802
shelf5,2024-04-02,300727,301,641,shelf5:300727:2024-04-01,2024-04-01,2024-03-11,2024-03-25,37.30582046646412,34.79980129932692,34.625802292830286,93.5519,24.3513882567137,0.3571633649153028,0.438125667052987,0.6775956284153022,8.217055655296235
shelf5,2024-10-22,300729,433,642,shelf5:300729:2024-10-17,2024-10-17,2024-09-19,2024-10-10,47.993472668701564,44.48535028075593,44.26292352935215,79.0015,16.268980477223405,0.5656028368794326,0.6549548974774282,0.7536231884057972,11.366292798110988
shelf5,2025-02-24,300735,515,647,shelf5:300735:2025-02-21,2025-02-21,2025-01-23,2025-02-14,69.43814175057061,63.61286216298997,63.29479785217502,78.8002,23.287172011661816,0.6669699727024564,0.6878130805905907,0.9939393939393948,12.099016853932588
shelf5,2024-06-25,300736,355,648,shelf5:300736:2024-06-18,2024-06-18,2024-05-27,2024-06-11,43.55204093435217,40.07478285295712,39.87440893869233,77.9759,10.70707070707071,0.5790513833992096,0.6275122726599686,0.9589041095890473,8.959740990991005
shelf5,2024-12-10,300736,468,648,shelf5:300736:2024-12-09,2024-12-09,2024-11-18,2024-12-02,30.0375910860934,27.374159364173785,27.237288567352916,83.1619,20.597014925373113,0.580710659898478,0.6618630427032808,0.8452380952380963,11.360353130016065
shelf5,2025-04-29,300736,560,648,shelf5:300736:2025-04-28,2025-04-28,2025-04-07,2025-04-21,21.62805203818055,20.000399319229675,19.900397322633527,71.8007,19.80056980056981,0.6854460093896718,0.7470393589757256,0.8666666666666674,11.324725274725278
shelf5,2024-05-14,300743,326,654,shelf5:300743:2024-05-09,2024-05-09,2024-04-15,2024-04-29,29.020741904400243,27.17171250567389,27.035853943145522,88.6016,20.614469772051525,0.4539170506912434,0.7166478762636178,0.9716981132075456,9.783671933784788
shelf5,2024-11-11,300743,447,654,shelf5:300743:2024-11-05,2024-11-05,2024-10-15,2024-10-29,38.3448560082248,35.67879890970857,35.500404915160026,88.0293,17.965367965367985,0.5249999999999997,0.5880447493535389,0.8108108108108113,11.536395147313694
shelf5,2024-05-16,300746,328,656,shelf5:300746:2024-05-14,2024-05-14,2024-04-18,2024-05-07,7.977340765857701,7.419034278879773,7.381939107485374,85.0133,15.625,0.5435244161358812,0.5179655598043366,0.666666666666664,9.054894179894168
shelf5,2025-05-19,300746,571,656,shelf5:300746:2025-05-14,2025-05-14,2025-04-18,2025-05-07,15.677538557081808,14.692156543253926,14.618695760537657,76.0062,30.17479300827968,0.6315789473684218,0.740493125929595,0.8620689655172421,9.502056202878673
shelf5,2024-04-01,300750,300,660,shelf5:300750:2024-03-25,2024-03-25,2024-03-04,2024-03-18,350.3114382338153,336.0658040841094,334.38547506368883,82.364,16.51006711409395,0.5825267447783998,0.5435888374815607,0.6905132192846031,7.219167003639326
shelf5,2024-10-18,300752,431,662,shelf5:300752:2024-10-17,2024-10-17,2024-09-19,2024-10-10,41.50106727096802,38.180981889290585,37.99007697984413,90.7858,23.760818253343796,0.5410292072322674,0.506562683503882,0.6993006993007003,9.946595877576526
shelf5,2025-04-29,300755,560,664,shelf5:300755:2025-04-28,2025-04-28,2025-04-07,2025-04-21,32.4271852558131,30.9743182126155,30.819446621552423,77.6685,13.214285714285712,0.5816733067729078,0.6651120027493004,0.9213483146067418,7.546912832929786
shelf5,2024-03-12,300765,286,673,shelf5:300765:2024-03-11,2024-03-11,2024-02-19,2024-03-04,178.03741733892377,166.38350875142265,165.55159120766555,76.778,18.142186452045593,0.6986817325800377,0.5865035867610756,0.8434343434343421,9.32550428295109
shelf5,2025-04-22,300765,555,673,shelf5:300765:2025-04-17,2025-04-17,2025-03-26,2025-04-10,265.48869247091886,245.4092028564516,244.18215684216935,82.1351,18.857634902410993,0.5970625798212015,0.6842042673132185,0.9641025641025659,12.94832463011315
shelf5,2024-03-12,300778,286,686,shelf5:300778:2024-03-11,2024-03-11,2024-02-19,2024-03-04,24.042474238269023,22.492817130968266,22.380353045313424,91.8026,20.41284403669723,0.44444444444444475,0.6282346611277598,0.9107142857142866,8.474836905871408
shelf5,2024-05-08,300779,322,687,shelf5:300779:2024-05-06,2024-05-06,2024-04-10,2024-04-24,53.89015651268211,49.31679221685306,49.0702082557688,68.5223,13.50928203981212,0.6835027877992782,0.7194934315507632,0.9416445623342156,12.682198001816513
shelf5,2024-03-13,300785,287,693,shelf5:300785:2024-03-12,2024-03-12,2024-02-20,2024-03-05,71.3660593584049,66.04126616984173,65.71105983899253,100.0,32.30865746549563,0.4754193175245807,0.449121361251683,1.0,8.456165703275541
shelf5,2024-03-11,300789,285,697,shelf5:300789:2024-03-07,2024-03-07,2024-02-07,2024-02-29,45.203317570340126,41.31903679093388,41.11244160697921,73.2732,43.449419568822556,0.6612021857923507,0.6942035057523326,0.713375796178345,11.843310775637693
shelf5,2025-02-06,300789,503,697,shelf5:300789:2025-01-24,2025-01-24,2025-01-03,2025-01-17,51.85451577664476,49.28587103229084,49.03944167712939,83.372,13.002191380569773,0.4886075949367088,0.6426040108978429,0.8750000000000018,6.299079754601234
shelf5,2025-03-13,300791,528,699,shelf5:300791:2025-03-11,2025-03-11,2025-02-18,2025-03-04,86.19189364071126,82.08303699335568,81.6726218083889,70.098,10.969072164948447,0.6579212916246212,0.6209696460896713,0.8115942028985516,9.586284722222215
shelf5,2025-02-11,300792,506,700,shelf5:300792:2025-02-07,2025-02-07,2025-01-09,2025-01-23,81.1950267641354,75.3854544965201,75.0085272240375,82.0608,17.852631578947364,0.4252307692307693,0.7458369116755964,0.8250000000000005,17.95560960778354
shelf5,2024-02-27,300795,276,702,shelf5:300795:2024-02-26,2024-02-26,2024-01-26,2024-02-19,62.46353711790339,57.140829694322655,56.85512554585104,79.8978,17.407071622846782,0.6513843405775523,0.6162005327245054,0.9448818897637795,9.500373785198102
shelf5,2024-10-21,300797,432,704,shelf5:300797:2024-10-17,2024-10-17,2024-09-19,2024-10-10,19.321824572838754,17.899738284277817,17.810239592856426,93.6364,21.781219748305915,0.4738114423851738,0.43760113860131405,0.6818181818181839,9.559654631083225
shelf5,2024-10-25,300800,436,706,shelf5:300800:2024-10-21,2024-10-21,2024-09-23,2024-10-14,34.388941721414184,32.06494018042364,31.90461547952152,88.8945,20.547945205479444,0.4810426540284355,0.7078249489355114,0.9642857142857123,8.642535971223008
shelf5,2024-10-21,300801,432,707,shelf5:300801:2024-10-18,2024-10-18,2024-09-20,2024-10-11,30.366659690694384,28.21853585405362,28.07744317478335,77.0737,16.037735849056588,0.5613079019073577,0.6877902509320369,0.735849056603773,8.654701397712838
shelf5,2024-03-18,300802,290,708,shelf5:300802:2024-03-11,2024-03-11,2024-02-19,2024-03-04,45.87833284689124,43.557030047929715,43.339244897690065,85.2238,16.74449633088726,0.5429553264604821,0.6236107855667641,0.8833333333333323,6.910364145658288
shelf5,2025-04-29,300802,560,708,shelf5:300802:2025-04-28,2025-04-28,2025-04-07,2025-04-21,43.868771293218565,42.181510858864,41.97060330456968,81.0913,13.319386331938631,0.5586592178770957,0.6514301658391404,0.9724770642201843,8.820160366552122
shelf5,2024-10-31,300806,440,712,shelf5:300806:2024-10-30,2024-10-30,2024-10-09,2024-10-23,51.59572300746622,46.94484093355377,46.710116728886,80.7251,11.739864864864868,0.5821042281219274,0.5525488423082617,0.868,17.961710274409704
shelf5,2025-01-27,300808,501,714,shelf5:300808:2025-01-23,2025-01-23,2025-01-02,2025-01-16,26.77711218806089,24.9457563699439,24.821027588094182,76.5895,11.804922515952597,0.6078639744952177,0.5692797565374211,0.7899543378995432,8.541936713686605
shelf5,2025-03-25,300808,536,714,shelf5:300808:2025-03-19,2025-03-19,2025-02-26,2025-03-12,31.112355621908463,29.756945383641085,29.60816065672288,85.0255,10.744720266765473,0.5673274094326732,0.43484350399899235,0.9496855345911958,5.9296515450361635
shelf5,2024-03-18,300809,290,715,shelf5:300809:2024-03-14,2024-03-14,2024-02-22,2024-03-07,46.1387011233036,43.4198133785375,43.20271431164481,91.1152,15.895458440445577,0.40137812230835374,0.5318884968089832,0.8407079646017713,7.844463971880478
shelf5,2024-03-12,300813,286,719,shelf5:300813:2024-03-07,2024-03-07,2024-02-07,2024-02-29,36.866596613015645,33.942031624027145,33.77232146590701,92.0704,35.028712059064816,0.5351925630810093,0.5357937322068671,0.8161764705882353,11.617318435754164
shelf5,2024-10-21,300813,432,719,shelf5:300813:2024-10-17,2024-10-17,2024-09-19,2024-10-10,42.8403394963882,39.708296648880605,39.5097551656362,91.309,22.426470588235304,0.5424354243542426,0.5785897621659664,0.9104477611940303,9.895058708414872
shelf5,2024-05-17,300816,329,722,shelf5:300816:2024-05-13,2024-05-13,2024-04-17,2024-05-06,23.908749753180633,22.399895999167963,22.287896519172122,80.4968,23.193916349809896,0.6608442503638998,0.6429635064850983,0.9452054794520569,10.929178470254964
shelf5,2024-09-26,300817,420,723,shelf5:300817:2024-09-19,2024-09-19,2024-08-27,2024-09-10,29.054209779667776,27.752448235678845,27.61368599450045,89.7861,10.665258711721236,0.41764705882353004,0.405392608441552,0.9560439560439543,11.535936113575861
shelf5,2024-03-15,300821,289,727,shelf5:300821:2024-03-12,2024-03-12,2024-02-20,2024-03-05,8.555702576273424,7.972359218800236,7.932497422706234,70.4717,10.086455331412104,0.631578947368421,0.6185328756657807,0.7761194029850736,8.554171855541714
shelf5,2024-10-23,300821,434,727,shelf5:300821:2024-10-18,2024-10-18,2024-09-20,2024-10-11,8.836571600241996,8.188412314160676,8.147470252589873,78.2978,25.967741935483858,0.5636070853462146,0.7468815358287545,0.7547169811320751,10.63862559241706
shelf5,2024-03-12,300824,286,730,shelf5:300824:2024-03-06,2024-03-06,2024-02-06,2024-02-28,11.55137168030148,10.76875842282848,10.714914630714338,86.5786,11.839999999999984,0.46783625730994133,0.605227742759037,1.0,7.741239892183294
shelf5,2024-08-07,300827,386,733,shelf5:300827:2024-08-01,2024-08-01,2024-07-11,2024-07-25,139.83955809026267,131.0937395742496,130.43827087637837,71.6791,22.20408163265306,0.6677542142468736,0.7142296168501151,0.7066666666666651,9.212727864583314
shelf5,2024-10-28,300830,437,736,shelf5:300830:2024-10-24,2024-10-24,2024-09-26,2024-10-17,8.463186252944347,7.719729458161027,7.681130810870222,86.42,22.31012658227849,0.5080946450809467,0.7412195951422386,0.9523809523809557,11.269411764705895
shelf5,2024-01-03,300833,243,738,shelf5:300833:2023-12-29,2023-12-29,2023-12-08,2023-12-22,97.17056897981472,91.36732666574245,90.91049003241375,69.7599,14.711804681600826,0.6868731892132817,0.6546890617001049,0.7931818181818168,9.786803337797444
shelf5,2024-03-07,300837,283,742,shelf5:300837:2024-03-06,2024-03-06,2024-02-06,2024-02-28,23.863672461419036,22.064183878210056,21.953862958819006,72.663,16.98717948717947,0.6884272997032659,0.6207740648173861,0.7452229299363056,17.160108024691368
shelf5,2025-05-20,300839,572,744,shelf5:300839:2025-05-16,2025-05-16,2025-04-22,2025-05-09,23.190374298489946,21.907399519972238,21.797862522372377,78.3515,19.670050761421322,0.645161290322579,0.6990496446717644,0.9397590361445785,10.132235528942102
shelf5,2024-10-21,300840,432,745,shelf5:300840:2024-10-17,2024-10-17,2024-09-19,2024-10-10,10.459999151967743,9.608603872156415,9.560560852795634,96.2733,29.16145181476846,0.5086206896551717,0.5624651356636781,1.0,9.908309455587382
shelf5,2024-03-12,300844,286,749,shelf5:300844:2024-03-11,2024-03-11,2024-02-19,2024-03-04,40.16000000000001,37.408,37.22096,87.0879,21.909840038778473,0.47161572052401785,0.6500071251460655,0.7294117647058806,8.412992125984253
shelf5,2025-04-24,300844,557,749,shelf5:300844:2025-04-22,2025-04-22,2025-03-31,2025-04-15,78.304,71.392,71.03504,97.0964,19.646464646464644,0.4281335149863761,0.3996399978783145,0.8724954462659377,15.914962121212127
shelf5,2024-11-11,300846,447,751,shelf5:300846:2024-11-08,2024-11-08,2024-10-18,2024-11-01,14.583177332060066,13.401298949379374,13.334292454632477,85.5712,16.47350993377483,0.4835479256080115,0.6235016026345134,0.7636363636363637,11.775347912524836
shelf5,2024-03-14,300848,288,753,shelf5:300848:2024-03-07,2024-03-07,2024-02-07,2024-02-29,71.80196386785214,66.88152471954756,66.54711709594982,82.7167,18.58134155744027,0.5845824411134907,0.5713415723403219,0.6811594202898551,17.47683615819209
shelf5,2024-03-12,300849,286,754,shelf5:300849:2024-03-07,2024-03-07,2024-02-07,2024-02-29,19.249471458773634,18.07311486962636,17.98274929527823,94.8676,32.77591973244147,0.4592952612393675,0.6026478834613733,1.0,7.751959247648898
shelf5,2024-03-08,300852,284,757,shelf5:300852:2024-03-07,2024-03-07,2024-02-07,2024-02-29,57.863754960589326,55.005602628246635,54.730574615105404,82.3044,28.345446772124827,0.5790914066776145,0.6966715634346048,0.8837209302325587,6.369558359621452
shelf5,2024-03-12,300854,286,759,shelf5:300854:2024-03-07,2024-03-07,2024-02-07,2024-02-29,11.970057483825268,11.071040508246833,11.015685305705599,92.6082,41.328413284132814,0.5519287833827894,0.5584689621329844,0.9583333333333366,9.274542429284516
shelf5,2024-03-12,300855,286,760,shelf5:300855:2024-03-06,2024-03-06,2024-02-06,2024-02-28,46.75281477919527,43.931864351589816,43.712205029831864,72.4093,11.24814997533301,0.6392617449664442,0.6032820696767252,0.803680981595093,10.937901929260452
shelf5,2024-10-23,300856,434,761,shelf5:300856:2024-10-18,2024-10-18,2024-09-20,2024-10-11,98.56026981080328,90.18440516908078,89.73348314323538,85.6057,25.46848381601363,0.5020000000000006,0.7011164292508455,0.7900763358778645,12.09223300970873
shelf5,2024-03-08,300857,284,762,shelf5:300857:2024-03-07,2024-03-07,2024-02-07,2024-02-29,50.62660828524593,46.052582382459526,45.82231947054723,84.7462,33.811129848229335,0.6395992617980505,0.5514458861037056,0.8545197740112991,13.94238410596027
shelf5,2024-03-12,300863,286,768,shelf5:300863:2024-03-06,2024-03-06,2024-02-06,2024-02-28,60.48180091838231,56.04109539457853,55.76088991760563,76.8727,18.316519546027756,0.6092929292929298,0.6693907679329344,0.7338129496402893,8.404321758681
shelf5,2025-05-12,300868,566,773,shelf5:300868:2025-04-28,2025-04-28,2025-04-07,2025-04-21,31.688186813188363,29.003605769232184,28.858587740386024,87.012,17.34815402937673,0.5724737082761783,0.5870784295523076,0.9545454545454551,10.418710691823907
shelf5,2025-05-29,300869,579,774,shelf5:300869:2025-05-21,2025-05-21,2025-04-25,2025-05-14,14.963004152453408,14.421921943880681,14.349812334161278,86.668,10.513833992094867,0.48049281314168385,0.564609916237052,0.9692307692307691,5.543150684931508
shelf5,2024-03-21,300870,293,775,shelf5:300870:2024-03-15,2024-03-15,2024-02-23,2024-03-08,50.0512914636768,45.70340149814528,45.47488449065455,87.5679,27.3047722342733,0.4467789890981168,0.6368401735382415,0.7204968944099382,10.410358565737054
shelf5,2024-03-18,300873,290,778,shelf5:300873:2024-03-07,2024-03-07,2024-02-07,2024-02-29,31.839606018819143,29.38152244534554,29.234614833118812,82.1042,19.354838709677423,0.6195488721804513,0.6311930063340837,0.8838709677419355,10.36444107233182
shelf5,2024-03-12,300876,286,780,shelf5:300876:2024-03-06,2024-03-06,2024-02-06,2024-02-28,17.87134236355391,16.452328988312,16.37006734337044,86.9729,23.87724550898205,0.5792349726775962,0.6075069478924189,0.8947368421052627,11.946902654867253
shelf5,2024-10-22,300876,433,780,shelf5:300876:2024-10-17,2024-10-17,2024-09-19,2024-10-10,18.1871863968795,17.002421111597062,16.917409006039076,82.0254,24.229390681003583,0.5970836531082118,0.7235747356192234,1.0,8.907666480134324
shelf5,2024-10-18,300877,431,781,shelf5:300877:2024-10-17,2024-10-17,2024-09-19,2024-10-10,13.8066283801749,12.8537327980473,12.789464134057063,75.9487,25.68720379146918,0.6931407942238256,0.5752124137380829,0.6614583333333329,11.484229390680989
shelf5,2024-10-21,300879,432,783,shelf5:300879:2024-10-17,2024-10-17,2024-09-19,2024-10-10,16.037623806362774,14.664988917964198,14.591663973374377,75.4137,19.033000767459708,0.6299595141700408,0.728221195269053,0.8444444444444438,10.646786155747833
shelf5,2024-05-24,300880,334,784,shelf5:300880:2024-05-22,2024-05-22,2024-04-26,2024-05-15,28.529412511931305,26.80172297066111,26.667714355807806,75.983,14.753086419753082,0.5354884047786362,0.7335200638723152,0.7695035460992914,12.772481572481576
shelf5,2024-10-22,300880,433,784,shelf5:300880:2024-10-17,2024-10-17,2024-09-19,2024-10-10,33.93464818127479,31.460564920533784,31.303262095931114,85.6468,25.47914317925595,0.5519219736087206,0.6678615280798121,0.8837209302325616,11.075921908893694
shelf5,2024-10-28,300881,437,785,shelf5:300881:2024-10-17,2024-10-17,2024-09-19,2024-10-10,39.512471739155025,36.05227551459896,35.872014137025964,91.8432,46.81778552746292,0.4904174323969553,0.5515705300824288,0.7210884353741503,17.249341412012654
shelf5,2024-12-12,300883,470,787,shelf5:300883:2024-12-10,2024-12-10,2024-11-19,2024-12-03,6.511136425214039,6.13878395576594,6.108090035987111,87.4975,20.517560073937148,0.5234375000000004,0.7054721879254123,0.9705882352941185,8.729323308270686
shelf5,2024-10-21,300884,432,788,shelf5:300884:2024-10-17,2024-10-17,2024-09-19,2024-10-10,25.49414245899246,23.277260506036594,23.16087420350641,91.1924,22.00000000000002,0.5770423991726987,0.47901837762348215,0.8292682926829257,11.660483175151004
shelf5,2024-10-22,300887,433,791,shelf5:300887:2024-10-17,2024-10-17,2024-09-19,2024-10-10,53.04610382087124,48.25278118645515,48.011517280522874,80.4903,35.05654281098543,0.662873399715505,0.6555049322633651,0.9833333333333343,13.453341013824893
shelf5,2025-02-20,300889,513,793,shelf5:300889:2025-02-14,2025-02-14,2025-01-16,2025-02-07,15.153145651755995,14.555128532389036,14.48235288972709,82.0617,13.938919342208301,0.5103011093502373,0.702070123596792,0.9473684210526294,5.43878226340172
shelf5,2024-03-12,300892,286,796,shelf5:300892:2024-03-11,2024-03-11,2024-02-19,2024-03-04,16.44152708638126,15.35824913179826,15.281457886139268,83.9172,18.98826979472141,0.6017842660178424,0.6525747366884775,0.9841269841269841,12.75057803468208
shelf5,2024-03-11,300898,285,802,shelf5:300898:2024-03-07,2024-03-07,2024-02-07,2024-02-29,19.90882770009842,18.946652993769757,18.851919728800908,90.9132,19.91122384273938,0.4713150926743138,0.6034905882045792,0.8088235294117615,6.272519083969463
shelf5,2025-04-30,300900,561,804,shelf5:300900:2025-04-28,2025-04-28,2025-04-07,2025-04-21,28.357839103230106,26.51365747070389,26.381089183350372,81.7541,18.69618696186961,0.565172054223148,0.6987462785665057,0.8778625954198469,10.5935096153846
shelf5,2024-10-21,300901,432,805,shelf5:300901:2024-10-16,2024-10-16,2024-09-18,2024-10-09,8.981989961172665,8.18243709757695,8.141524912089064,77.5396,23.287671232876693,0.6647314949201731,0.6405343703685356,0.8048780487804877,12.002244668911333
shelf5,2025-05-22,300901,574,805,shelf5:300901:2025-05-20,2025-05-20,2025-04-24,2025-05-13,14.64116282688261,13.935064194096784,13.8653888731263,69.3428,11.387329591018446,0.6593406593406576,0.7178145694203125,1.0,10.682943143812707
shelf5,2024-05-17,300902,329,806,shelf5:300902:2024-05-16,2024-05-16,2024-04-22,2024-05-09,34.51662653050304,32.596198656062505,32.43321766278219,83.0099,13.512605042016812,0.6027855153203339,0.45332237980287693,0.834615384615384,8.684354328444066
shelf5,2024-10-18,300902,431,806,shelf5:300902:2024-10-17,2024-10-17,2024-09-19,2024-10-10,27.535970424373673,25.27135682739794,25.14500004326095,78.4709,21.65809768637532,0.5976535541752934,0.7450858548036732,0.8780487804878048,13.700990099009914
shelf5,2025-05-07,300905,563,809,shelf5:300905:2025-04-28,2025-04-28,2025-04-07,2025-04-21,55.39479875572098,51.45637411466508,51.19909224409176,95.5907,22.92263610315186,0.4300254452926208,0.5465202785172097,0.895833333333331,9.940512048192762
shelf5,2024-05-10,300907,324,811,shelf5:300907:2024-05-09,2024-05-09,2024-04-15,2024-04-29,20.34276136768876,18.620895605699896,18.527791127671396,91.2333,18.223086900129726,0.41484973482616344,0.559335218024501,0.7988505747126455,12.768446601941774
shelf5,2024-03-12,300908,286,812,shelf5:300908:2024-03-06,2024-03-06,2024-02-06,2024-02-28,39.81874741896387,37.70762222772221,37.5190841165836,70.593,14.477379095163801,0.6133486766398146,0.7333954038791191,0.785992217898834,9.890562248996005
shelf5,2024-10-29,300909,438,813,shelf5:300909:2024-10-24,2024-10-24,2024-09-26,2024-10-17,38.97738050452635,36.37888847089126,36.19699402853681,85.1566,19.232685600398614,0.3885462555066087,0.7015215252466657,0.799999999999999,9.821020563594807
shelf5,2024-03-13,300911,287,815,shelf5:300911:2024-03-06,2024-03-06,2024-02-06,2024-02-28,31.471484348386046,29.056158885112076,28.910878090686516,80.3843,17.500000000000004,0.5514223194748361,0.6657482606646894,0.7385620915032692,9.001786874593897
shelf5,2024-03-12,300912,286,816,shelf5:300912:2024-03-08,2024-03-08,2024-02-08,2024-03-01,13.01099439034717,11.976143099068594,11.916262383573251,87.2712,31.551901336074017,0.5847619047619049,0.5642667368773786,0.8208955223880611,10.824060150375947
shelf5,2024-03-15,300913,289,817,shelf5:300913:2024-03-12,2024-03-12,2024-02-20,2024-03-05,65.85919082640926,59.887447482678695,59.5880102452653,90.0713,30.67484662576687,0.5842852197992384,0.5382208436515284,0.894117647058824,14.722931873479316
shelf5,2024-03-12,300915,286,818,shelf5:300915:2024-03-06,2024-03-06,2024-02-06,2024-02-28,41.85615906294203,39.30678060395885,39.11024670093906,89.417,13.379669852302346,0.5566097406704619,0.468589216143071,1.0,7.245144741663601
shelf5,2024-10-22,300915,433,818,shelf5:300915:2024-10-18,2024-10-18,2024-09-20,2024-10-11,50.45598487113649,47.023285061637,46.78816863632881,90.9941,26.132264529058126,0.4787878787878794,0.6059461273679527,0.8145695364238416,9.545454545454547
shelf5,2025-03-14,300915,529,818,shelf5:300915:2025-03-13,2025-03-13,2025-02-20,2025-03-06,55.92636036664027,54.01408010746704,53.7440097069297,87.4679,15.268402442944407,0.3433962264150933,0.5605861310189681,0.7614379084967333,8.906216790648248
shelf5,2024-05-08,300916,322,819,shelf5:300916:2024-04-30,2024-04-30,2024-04-09,2024-04-23,96.12035609076523,88.4623212896789,88.0200096832305,89.6779,41.29883307965498,0.3997747747747748,0.677870549729477,0.9285714285714284,12.90791709140333
shelf5,2024-03-12,300917,286,820,shelf5:300917:2024-03-06,2024-03-06,2024-02-06,2024-02-28,42.32424308867478,38.616757202069614,38.423673416059266,72.5486,13.86787695410996,0.6193724420190997,0.6462537174712294,0.7174721189591066,12.991173009023138
shelf5,2024-03-13,300921,287,824,shelf5:300921:2024-03-07,2024-03-07,2024-02-07,2024-02-29,38.889150038648005,35.710709891258496,35.53215634180221,93.9139,51.27388535031845,0.5005636978579487,0.6142109637312589,0.9831932773109251,10.440622054665416
shelf5,2024-05-07,300922,321,825,shelf5:300922:2024-04-30,2024-04-30,2024-04-09,2024-04-23,21.330388043875605,19.75943378929287,19.660636620346406,92.2243,18.34271922767501,0.4032165422171169,0.6194483395455201,0.992700729927007,10.606487549148092
shelf5,2024-10-21,300923,432,826,shelf5:300923:2024-10-17,2024-10-17,2024-09-19,2024-10-10,23.356635094182117,21.59186430418019,21.48390498265929,89.2691,20.010934937124112,0.5476603119584061,0.5596585570184873,0.7794117647058866,9.297800718132866
shelf5,2024-05-17,300931,329,833,shelf5:300931:2024-05-15,2024-05-15,2024-04-19,2024-05-08,6.425100671140647,5.969060402684291,5.93921510067087,75.056,12.568306010928953,0.6531791907514446,0.635794668167515,1.0,12.398355754858004
shelf5,2024-10-22,300933,433,835,shelf5:300933:2024-10-17,2024-10-17,2024-09-19,2024-10-10,6.89380382466776,6.4781480058274985,6.445757265798361,91.164,21.288014311270143,0.5201612903225813,0.6014343726677263,0.8823529411764667,7.046052631578947
shelf5,2024-03-18,300935,290,836,shelf5:300935:2024-03-12,2024-03-12,2024-02-20,2024-03-05,29.3629601369421,27.110933695760703,26.9753790272819,94.8947,27.88819875776398,0.46844181459566064,0.5521067422791327,0.8750000000000002,9.158483228001934
shelf5,2024-03-13,300940,287,841,shelf5:300940:2024-03-07,2024-03-07,2024-02-07,2024-02-29,26.010504106539504,24.336560772950328,24.214877969085578,76.8644,26.92626346313174,0.6637837837837836,0.6806667454432661,0.8681318681318693,7.589680589680592
shelf5,2025-03-10,300946,525,846,shelf5:300946:2025-03-07,2025-03-07,2025-02-14,2025-02-28,61.45315553008293,57.65173824472777,57.36347955350413,95.504,17.23372781065089,0.312254376563058,0.3983807906848864,0.9135135135135114,9.495172615564663
shelf5,2024-10-28,300947,437,847,shelf5:300947:2024-10-24,2024-10-24,2024-09-26,2024-10-17,56.00600090991793,51.94338944494978,51.683672497725034,87.4651,15.095502156500306,0.3232791956689873,0.5813201738704157,0.8217821782178242,8.382201646090548
shelf5,2025-04-30,300948,561,848,shelf5:300948:2025-04-28,2025-04-28,2025-04-07,2025-04-21,14.088826999958076,13.43388693401408,13.36671749934401,79.5675,14.14141414141412,0.4687500000000003,0.7187516610349671,0.8181818181818156,7.816176470588221
shelf5,2025-05-06,300949,562,849,shelf5:300949:2025-04-28,2025-04-28,2025-04-07,2025-04-21,30.49,27.9,27.760499999999997,81.4156,15.746500777604977,0.5549416820135049,0.6865105021468477,0.942028985507245,12.976489028213168
shelf5,2024-10-18,300951,431,851,shelf5:300951:2024-10-17,2024-10-17,2024-09-19,2024-10-10,69.85303262387164,64.75410421957594,64.43033369847805,73.7481,26.350515463917535,0.6251105216622451,0.7256274974251026,0.6893617021276595,9.101935483870971
shelf5,2024-10-28,300952,437,852,shelf5:300952:2024-10-17,2024-10-17,2024-09-19,2024-10-10,21.526804850356,20.191728972617575,20.090770327754488,84.9006,22.84325637910083,0.5857687420584501,0.634205456726048,0.8807339449541283,8.561234102684878
shelf5,2024-03-11,300953,285,853,shelf5:300953:2024-03-04,2024-03-04,2024-02-02,2024-02-26,47.18349398037011,43.377077586466264,43.160192198533935,81.5478,23.083310268474943,0.6100558659217875,0.7038542678230586,0.972222222222222,18.60975378787878
shelf5,2024-03-12,300955,286,854,shelf5:300955:2024-03-07,2024-03-07,2024-02-07,2024-02-29,15.855108486872656,14.594616944880809,14.521643860156404,93.0106,41.95736434108528,0.5275974025974024,0.5761521798670418,0.9375000000000014,9.067514677103716
shelf5,2025-05-06,300958,562,857,shelf5:300958:2025-04-28,2025-04-28,2025-04-07,2025-04-21,11.822074861875588,11.28376672455726,11.227347890934475,74.3707,11.859296482412063,0.5801886792452841,0.7375069797996386,1.0,8.088983050847453
shelf5,2024-03-18,300959,290,858,shelf5:300959:2024-03-07,2024-03-07,2024-02-07,2024-02-29,28.806513640574988,27.199898137352868,27.063898646666104,86.7545,37.154554759467786,0.5626304801670148,0.6772265036426577,1.0,9.644345746498118
shelf5,2024-03-19,300964,291,863,shelf5:300964:2024-03-15,2024-03-15,2024-02-23,2024-03-08,38.15739048219336,35.472240781594564,35.294879577686594,88.1327,17.444409646100855,0.40799614643545284,0.5646041000564228,0.6959247648902829,9.442372442372438
shelf5,2025-05-06,300964,562,863,shelf5:300964:2025-04-29,2025-04-29,2025-04-08,2025-04-22,38.402864428055445,37.075105817510966,36.88973028842341,82.7592,15.423197492163009,0.3868552412645597,0.732088242161489,0.9470198675496646,7.340944073884059
shelf5,2024-10-22,300970,433,869,shelf5:300970:2024-10-17,2024-10-17,2024-09-19,2024-10-10,26.774152636173266,24.997472754451888,24.87248539067963,82.3202,17.335766423357633,0.5653153153153153,0.6199805505854004,0.7777777777777772,9.748875562218895
shelf5,2024-03-12,300977,286,875,shelf5:300977:2024-03-07,2024-03-07,2024-02-07,2024-02-29,50.07881725495897,47.288911001200816,47.05246644619481,90.5353,32.53588516746411,0.5186567164179113,0.6027966026830223,0.8490566037735833,8.153846153846144
shelf5,2024-03-12,300978,286,876,shelf5:300978:2024-03-06,2024-03-06,2024-02-06,2024-02-28,11.457845678392072,10.433330280141686,10.381163628740977,85.8552,18.896713615023497,0.6033519553072625,0.5589956529412122,0.8571428571428543,11.338392857142853
shelf5,2024-03-12,300983,286,881,shelf5:300983:2024-03-06,2024-03-06,2024-02-06,2024-02-28,40.27417415983465,38.238776791359165,38.047582907402365,76.65,10.664753706360596,0.5635555555555555,0.6844206296048225,0.9827586206896477,6.034610630407943
shelf5,2024-10-21,300984,432,882,shelf5:300984:2024-10-18,2024-10-18,2024-09-20,2024-10-11,42.55434617646692,39.11122154474964,38.91566543702589,83.3925,26.548196015078098,0.5650224215246634,0.6180420028545629,0.6923076923076935,9.050781250000007
shelf5,2024-10-22,300985,433,883,shelf5:300985:2024-10-18,2024-10-18,2024-09-20,2024-10-11,29.47371376356281,27.359264109172457,27.222467788626595,81.6495,29.91508817766164,0.5932203389830509,0.6740024766195994,0.8437500000000008,9.394912030432723
shelf5,2024-03-12,300986,286,884,shelf5:300986:2024-03-06,2024-03-06,2024-02-06,2024-02-28,18.650462342594153,17.0591259652397,16.973830335413503,83.3702,21.251819505094627,0.574443141852286,0.6530128595445837,0.8115942028985513,10.215488215488222
shelf5,2024-03-18,300987,290,885,shelf5:300987:2024-03-07,2024-03-07,2024-02-07,2024-02-29,20.76755193293818,19.286045043454692,19.18961481823742,88.8092,41.09195402298853,0.4648719632304666,0.6165997861414911,0.7319587628865977,8.066539923954362
shelf5,2025-05-06,300987,562,885,shelf5:300987:2025-04-28,2025-04-28,2025-04-07,2025-04-21,20.672156954088162,19.680107917380948,19.581707377794043,88.132,12.5,0.5220779220779216,0.5023976551989237,0.8648648648648641,5.763870967741935
shelf5,2024-03-12,300988,286,886,shelf5:300988:2024-03-08,2024-03-08,2024-02-08,2024-03-01,30.060750187031864,27.54644389832563,27.408711678834003,77.3609,27.5609756097561,0.6133093525179857,0.7153172156417329,0.8029197080291944,11.910279263220424
shelf5,2025-02-21,300991,514,889,shelf5:300991:2025-02-14,2025-02-14,2025-01-16,2025-02-07,35.992502623520735,33.38080175287976,33.213897744115364,69.792,13.059505002632976,0.6330027051397663,0.7033294068766575,0.8104575163398678,10.716322948661706
shelf5,2024-10-28,300992,437,890,shelf5:300992:2024-10-18,2024-10-18,2024-09-20,2024-10-11,17.97003530640005,16.593951521675717,16.51098176406734,90.9417,20.973514674302063,0.4955509924709109,0.672654772671216,0.9787234042553127,8.633818589025754
shelf5,2024-10-22,300997,433,895,shelf5:300997:2024-10-18,2024-10-18,2024-09-20,2024-10-11,12.886561070750513,12.061313317451221,12.001006750863965,99.6923,21.333333333333336,0.4213286713286714,0.49574473178643463,0.9846153846153859,10.402843601895729
shelf5,2024-03-08,300998,284,896,shelf5:300998:2024-03-06,2024-03-06,2024-02-06,2024-02-28,18.886667378697467,17.49139966014273,17.403942661842017,93.0282,25.088090204369283,0.4741641337386014,0.5267095847714162,0.7181818181818181,10.252867570385815
shelf5,2024-03-18,301000,290,898,shelf5:301000:2024-03-13,2024-03-13,2024-02-21,2024-03-06,65.76092771378883,60.93984704278848,60.63514780757453,93.8462,26.404874746106998,0.4728773584905673,0.4739716004426469,0.6923076923076907,9.18363636363637
shelf5,2024-03-11,301002,285,900,shelf5:301002:2024-03-07,2024-03-07,2024-02-07,2024-02-29,19.54137921331984,18.263098318363635,18.171782826771818,82.2464,30.93661305581834,0.5954631379962203,0.623748730596257,0.7558139534883722,8.661312371838703
shelf5,2024-10-25,301003,436,901,shelf5:301003:2024-10-17,2024-10-17,2024-09-19,2024-10-10,43.43745035011281,40.57551170545865,40.37263414693136,84.1424,22.7685729556387,0.5078740157480319,0.6746989844406569,0.671428571428572,9.449957770270245
shelf5,2025-02-06,301006,503,904,shelf5:301006:2025-01-27,2025-01-27,2025-01-06,2025-01-20,14.926483278157317,14.294277597316484,14.222806209329901,72.443,11.220311220311219,0.6007326007325998,0.6804673119173446,0.8648648648648654,6.062986553432415
shelf5,2024-03-12,301007,286,905,shelf5:301007:2024-03-08,2024-03-08,2024-02-08,2024-03-01,14.186492378538567,12.976318476713415,12.911436884329847,80.0267,35.86956521739131,0.6247987117552327,0.6939793968414347,0.9230769230769255,10.71589310829818
shelf5,2025-03-14,301008,529,906,shelf5:301008:2025-03-13,2025-03-13,2025-02-20,2025-03-06,41.77646891250323,39.07494746549858,38.87957272817109,72.0191,14.684287812041097,0.6479514415781495,0.6425074888580404,0.7408376963350781,13.00138285262743
shelf5,2024-12-12,301009,470,907,shelf5:301009:2024-12-09,2024-12-09,2024-11-18,2024-12-02,10.302728312733404,9.774383271054766,9.725511354699492,82.4213,11.936936936936938,0.5825602968460114,0.5262443409438817,0.8787878787878762,6.157843137254904
shelf5,2025-05-15,301009,569,907,shelf5:301009:2025-05-13,2025-05-13,2025-04-17,2025-05-06,12.598997147721322,12.111294032325656,12.050737562164027,85.8694,11.38659320477502,0.35806831566548936,0.4985274848231874,0.7241379310344821,5.419457735247213
shelf5,2024-03-12,301010,286,908,shelf5:301010:2024-03-07,2024-03-07,2024-02-07,2024-02-29,13.26260342001618,12.178494507914017,12.117602035374446,85.7591,40.06696428571428,0.6149312377210218,0.6082283266483215,0.9607843137254873,10.00827689992475
shelf5,2024-10-18,301012,431,910,shelf5:301012:2024-10-17,2024-10-17,2024-09-19,2024-10-10,33.46570472006771,31.10558111861024,30.95005321301719,92.4048,24.35695538057743,0.5217803030303032,0.5433637661042795,0.8048780487804869,8.36841004184099
shelf5,2024-10-30,301013,439,911,shelf5:301013:2024-10-28,2024-10-28,2024-09-30,2024-10-21,21.754594936709427,20.201772151899263,20.100763291139767,80.8269,12.559618441971377,0.5295081967213114,0.6933434835445648,1.0,9.790257104194843
shelf5,2024-03-12,301015,286,912,shelf5:301015:2024-03-07,2024-03-07,2024-02-07,2024-02-29,36.7732214254316,35.14026983964254,34.96456849044433,80.1513,14.146505376344077,0.6121521862578058,0.4884614409251135,0.6927710843373528,5.6799199084668235
shelf5,2024-10-18,301015,431,912,shelf5:301015:2024-10-17,2024-10-17,2024-09-19,2024-10-10,29.77148882179976,27.717158267831103,27.578572476491946,89.8106,26.99443413729128,0.46726943942133836,0.5649193361755525,0.6528301886792465,8.666306695464376
shelf5,2025-02-06,301016,503,913,shelf5:301016:2025-01-24,2025-01-24,2025-01-03,2025-01-17,29.14885866503159,27.65959974577777,27.52130174704888,84.3749,10.554371002132168,0.4903339191564144,0.6167508419756581,0.9829059829059827,7.13636363636363
shelf5,2024-03-21,301020,293,917,shelf5:301020:2024-03-15,2024-03-15,2024-02-23,2024-03-08,19.95910308509652,18.43947796517859,18.347280575352695,86.3378,17.997465145754155,0.4606896551724142,0.6723635675928237,0.8479262672811076,15.023145961265971
shelf5,2024-10-22,301022,433,919,shelf5:301022:2024-10-18,2024-10-18,2024-09-20,2024-10-11,28.926456032080804,26.78375558526,26.6498368073337,90.9815,20.25536854323853,0.47816349384098505,0.6422744232782669,0.9047619047619013,9.627611262488644
shelf5,2025-05-16,301022,570,919,shelf5:301022:2025-05-15,2025-05-15,2025-04-21,2025-05-08,39.479255732673245,36.66696139622094,36.48362658923983,71.1118,18.418907905460458,0.6880204996796918,0.7085552428160834,0.8141025641025671,8.272390572390586
shelf5,2024-08-01,301023,382,920,shelf5:301023:2024-07-29,2024-07-29,2024-07-08,2024-07-22,52.078702557797115,47.95840042350958,47.718608421392034,81.5975,18.178479618068287,0.6414578587699317,0.5913571722084073,0.8944444444444438,10.432104316546742
shelf5,2024-10-24,301024,435,921,shelf5:301024:2024-10-22,2024-10-22,2024-09-24,2024-10-15,37.56031088082972,34.79494818652915,34.620973445596505,84.1179,21.283255086071982,0.5075960679177839,0.7464005549104594,0.848484848484849,10.750097924010971
shelf5,2024-10-18,301026,431,923,shelf5:301026:2024-10-17,2024-10-17,2024-09-19,2024-10-10,32.09495472429523,29.54429390804654,29.396572438506308,77.5506,22.94354838709678,0.6231947483588621,0.6687238790413801,0.7305194805194793,8.964023025263835
shelf5,2024-05-21,301028,331,925,shelf5:301028:2024-05-14,2024-05-14,2024-04-18,2024-05-07,10.306304517450865,9.74128883832158,9.692582394129973,70.9009,17.755856966707782,0.6923076923076913,0.7433782165281457,0.9387755102040803,6.806338028169002
shelf5,2024-05-21,301036,331,931,shelf5:301036:2024-05-17,2024-05-17,2024-04-23,2024-05-10,23.37450459144158,21.67720753011772,21.56882149246713,96.4472,31.842260153031198,0.3791700569568751,0.5679070194874115,0.992125984251967,8.463539350822568
shelf5,2024-05-16,301038,328,933,shelf5:301038:2024-05-10,2024-05-10,2024-04-16,2024-04-30,21.108194444444084,19.34479166666634,19.248067708333007,82.9938,21.363258520365736,0.5709651257096513,0.6912874270569603,0.8762886597938163,10.046125461254618
shelf5,2024-08-13,301040,390,935,shelf5:301040:2024-08-07,2024-08-07,2024-07-17,2024-07-31,10.743588991492604,9.88611944757066,9.836688850332807,92.3468,14.442013129102849,0.4631578947368412,0.46972385980431125,0.8952380952380957,12.625448028673835
shelf5,2024-11-13,301040,449,935,shelf5:301040:2024-11-12,2024-11-12,2024-10-22,2024-11-05,18.46081488679011,17.028336354591094,16.943194672818137,81.2986,13.783783783783775,0.6028169014084507,0.5651796706307003,0.8985507246376814,10.94591728525982
shelf5,2024-03-15,301042,289,937,shelf5:301042:2024-03-07,2024-03-07,2024-02-07,2024-02-29,36.583464191296635,33.74395343276639,33.57523366560256,80.937,55.87044534412953,0.5136094674556213,0.7385881919272593,0.6909547738693459,13.578753541076471
shelf5,2024-03-18,301053,290,947,shelf5:301053:2024-03-13,2024-03-13,2024-02-21,2024-03-06,20.94830787973708,19.463621981464453,19.36630387155713,79.2284,10.073157006190181,0.5351270553064273,0.6529033492561385,0.9629629629629625,10.674015009380867
shelf5,2025-04-29,301055,560,948,shelf5:301055:2025-04-28,2025-04-28,2025-04-07,2025-04-21,17.243548367864538,16.558444062295347,16.475651841983872,92.3231,24.071207430340547,0.4918743228602383,0.5958463500748655,0.8557692307692286,5.4930471584038525
shelf5,2024-05-16,301056,328,949,shelf5:301056:2024-05-14,2024-05-14,2024-04-18,2024-05-07,9.13199504853376,8.75106628100755,8.707310949602512,84.6259,18.083670715249657,0.5198237885462551,0.6626141384388807,0.8030303030303021,8.567567567567558
shelf5,2024-11-26,301056,458,949,shelf5:301056:2024-11-22,2024-11-22,2024-11-01,2024-11-15,9.5207409349002,8.917760675689854,8.873171872311405,78.1932,10.227272727272751,0.5810055865921789,0.46441618167032483,0.6818181818181825,7.622797356828204
shelf5,2024-05-10,301058,324,951,shelf5:301058:2024-05-06,2024-05-06,2024-04-10,2024-04-24,11.05494649571016,10.195117323821593,10.144141737202485,80.0418,17.3766816143498,0.5510996119016822,0.6786055086392839,0.7586206896551707,9.90727272727272
shelf5,2024-10-21,301059,432,952,shelf5:301059:2024-10-17,2024-10-17,2024-09-19,2024-10-10,19.587750163603495,17.95215331895652,17.862392552361737,83.2132,24.685138539042818,0.6386554621848741,0.5383917388748307,0.741935483870968,9.626620139581266
shelf5,2024-10-29,301061,438,954,shelf5:301061:2024-10-25,2024-10-25,2024-09-27,2024-10-18,134.15929812689149,124.72004772846687,124.09644748982453,84.9585,12.09580838323352,0.5305335333190477,0.4673006422998931,0.75,8.896137267904525
shelf5,2024-03-18,301062,290,955,shelf5:301062:2024-03-07,2024-03-07,2024-02-07,2024-02-29,8.935251970384513,8.178027227131588,8.13713709099593,77.1658,14.733969986357454,0.6895161290322598,0.570355513451164,0.9607843137254879,13.151939655172418
shelf5,2024-10-24,301062,435,955,shelf5:301062:2024-10-18,2024-10-18,2024-09-20,2024-10-11,11.462974490936341,10.61085957302603,10.5578052751609,84.457,25.65864833906073,0.4506816359262226,0.7055963633151454,0.7368421052631587,8.784399649430307
shelf5,2025-02-06,301072,503,964,shelf5:301072:2025-01-27,2025-01-27,2025-01-06,2025-01-20,19.86599980996253,18.89178242797751,18.797323515837622,76.5025,11.079383209594518,0.6153846153846168,0.6010137146086737,0.9275362318840574,6.513736263736281
shelf5,2024-12-04,301082,464,973,shelf5:301082:2024-12-03,2024-12-03,2024-11-12,2024-11-26,23.23796518296658,21.18498705589998,21.07906212062048,87.2911,28.39090143218199,0.2873194221508829,0.630720659805007,0.6913580246913583,12.840156532209512
shelf5,2024-12-12,301088,470,978,shelf5:301088:2024-12-10,2024-12-10,2024-11-19,2024-12-03,16.245024580764504,15.428475726175812,15.351333347544932,79.8359,11.475409836065587,0.5351089588377714,0.6836385121487211,1.0,6.060486522025011
shelf5,2024-10-22,301089,433,979,shelf5:301089:2024-10-17,2024-10-17,2024-09-19,2024-10-10,34.4303603264026,31.493653122091793,31.336184856481335,80.9724,27.29306487695751,0.5792266868840035,0.6804458912146562,0.77702702702703,10.951079136690645
shelf5,2024-10-22,301092,433,982,shelf5:301092:2024-10-17,2024-10-17,2024-09-19,2024-10-10,25.048511405107487,23.21420218911101,23.098131178165456,76.2305,23.5383064516129,0.5988095238095238,0.700887210773008,0.6595744680851074,8.308656957928795
shelf5,2024-10-25,301093,436,983,shelf5:301093:2024-10-17,2024-10-17,2024-09-19,2024-10-10,25.036056818924003,23.11510460009177,22.99952907709131,89.1916,16.758933064921997,0.47093364650616554,0.5980131252013575,0.8666666666666667,9.778934221482082
shelf5,2024-10-25,301096,436,985,shelf5:301096:2024-10-17,2024-10-17,2024-09-19,2024-10-10,45.40202342330206,41.701384349964506,41.49287742821468,93.5262,27.39765244775263,0.451413881748072,0.5697244775067795,0.8506224066390012,9.509054325955734
shelf5,2024-10-22,301097,433,986,shelf5:301097:2024-10-17,2024-10-17,2024-09-19,2024-10-10,39.547765372941214,36.70016178357165,36.516660974653796,91.1766,17.263544536271812,0.3569131832797424,0.41229428471384666,0.6956521739130433,9.84390862944161
shelf5,2024-10-22,301101,433,990,shelf5:301101:2024-10-17,2024-10-17,2024-09-19,2024-10-10,41.10785450971354,37.95877365354321,37.7689797852755,87.3154,25.480994838104177,0.6265822784810129,0.553144444406057,0.9416666666666662,10.57364766081873
shelf5,2024-10-28,301109,437,997,shelf5:301109:2024-10-17,2024-10-17,2024-09-19,2024-10-10,29.553294856311158,27.60342170170658,27.46540459319805,77.5828,21.30559540889527,0.6528301886792452,0.728410642283392,0.9850746268656696,9.656441717791397
shelf5,2024-10-18,301113,431,1001,shelf5:301113:2024-10-17,2024-10-17,2024-09-19,2024-10-10,25.1658155971035,23.18998709981025,23.074037164311196,80.4291,24.48220924057356,0.614699331848553,0.674235019923314,0.858490566037738,9.175194433074097
shelf5,2024-03-12,301116,286,1003,shelf5:301116:2024-03-06,2024-03-06,2024-02-06,2024-02-28,9.906107943156416,9.25240538853188,9.20614336158922,87.7804,13.173652694610771,0.47648902821316724,0.5878651174251758,0.9500000000000026,9.096325719960296
shelf5,2024-10-21,301119,432,1005,shelf5:301119:2024-10-17,2024-10-17,2024-09-19,2024-10-10,26.73310505197811,24.93072542987132,24.806071802721963,79.3256,19.00293255131964,0.6403110823071937,0.629505970896088,0.8309859154929574,8.514070839398347
shelf5,2024-10-22,301120,433,1006,shelf5:301120:2024-10-17,2024-10-17,2024-09-19,2024-10-10,14.39757325342438,13.447946081390004,13.380706350983054,79.9576,22.467532467532457,0.5803571428571429,0.6501670116064756,0.6545454545454561,8.618200836820101
shelf5,2024-05-21,301121,331,1007,shelf5:301121:2024-05-17,2024-05-17,2024-04-23,2024-05-10,39.028607467203244,36.27305751765744,36.09169223006916,87.8733,26.811594202898558,0.5383956608621187,0.5723774160586043,0.70899470899471,9.726817042606505
shelf5,2024-03-11,301122,285,1008,shelf5:301122:2024-03-07,2024-03-07,2024-02-07,2024-02-29,37.29558967304445,34.252671750092965,34.0814083913425,86.0489,15.82388840453357,0.5314183123877919,0.598787272315738,0.8681818181818196,9.707150368033657
shelf5,2024-10-25,301122,436,1008,shelf5:301122:2024-10-17,2024-10-17,2024-09-19,2024-10-10,26.811882025314077,24.616835932834825,24.49375175317065,93.0378,29.43864229765012,0.5297372060857537,0.5924165176896422,0.9870129870129843,9.868186323092177
shelf5,2025-02-05,301125,502,1010,shelf5:301125:2025-01-27,2025-01-27,2025-01-06,2025-01-20,24.39831620124406,23.13742130712292,23.021734200587307,66.3938,10.60311284046691,0.656000000000001,0.7452728304925867,0.9487179487179502,6.845663265306112
shelf5,2024-03-15,301129,289,1014,shelf5:301129:2024-03-13,2024-03-13,2024-02-21,2024-03-06,35.84741335319859,33.1920494011098,33.02608915410425,80.7163,15.32663316582914,0.5561877667140827,0.7011294419373135,0.9689655172413804,16.15168539325844
shelf5,2024-10-22,301130,433,1015,shelf5:301130:2024-10-17,2024-10-17,2024-09-19,2024-10-10,27.410929007387516,25.718140980889626,25.58955027598518,86.7078,15.218331171638555,0.5488424618859392,0.6018309867803,1.0,7.162782093969666
shelf5,2024-03-12,301131,286,1016,shelf5:301131:2024-03-08,2024-03-08,2024-02-08,2024-03-01,37.27272160343637,34.882792660241954,34.70837869694074,79.0615,22.96747967479673,0.6114327062228647,0.7175473452053296,0.8869565217391315,10.188157894736872
shelf5,2024-10-21,301131,432,1016,shelf5:301131:2024-10-17,2024-10-17,2024-09-19,2024-10-10,35.07753892962458,32.8402939071968,32.67609243766082,81.7259,21.62162162162162,0.5991416309012868,0.6695402660491574,0.8571428571428601,9.080525414049124
shelf5,2024-03-18,301132,290,1017,shelf5:301132:2024-03-11,2024-03-11,2024-02-19,2024-03-04,24.034187007134836,21.958783327074755,21.84898941043938,84.0291,28.642659279778403,0.5592592592592591,0.6594184266585311,0.807407407407406,12.234444896299301
shelf5,2024-10-21,301135,432,1019,shelf5:301135:2024-10-16,2024-10-16,2024-09-18,2024-10-09,23.8614575657157,21.737662913269798,21.628974598703447,78.9602,23.15550510783202,0.6626016260162599,0.6931529452994948,1.0,15.888259109311742
shelf5,2025-02-06,301135,503,1019,shelf5:301135:2025-01-27,2025-01-27,2025-01-06,2025-01-20,25.100337779642473,24.09049424392065,23.970041772701045,63.6863,11.908110642287873,0.6781725888324884,0.7457637222611365,0.8269230769230766,7.010096930533116
shelf5,2024-03-18,301138,290,1022,shelf5:301138:2024-03-15,2024-03-15,2024-02-23,2024-03-08,31.989346863132592,29.206747992665704,29.060714252702375,95.5235,38.18181818181816,0.4013552254365391,0.47967946119547256,0.7761732851985566,11.799584133077424
shelf5,2024-03-07,301150,283,1026,shelf5:301150:2024-03-06,2024-03-06,2024-02-06,2024-02-28,55.219293142174905,51.635202608194355,51.37702659515338,97.9355,25.769230769230766,0.46728065923412493,0.43934345236670075,0.8967741935483872,15.677966101694917
shelf5,2024-10-22,301155,433,1030,shelf5:301155:2024-10-18,2024-10-18,2024-09-20,2024-10-11,49.387016309207944,44.99412845754668,44.76915781525894,85.3067,27.312060573282835,0.49806556709427857,0.7290618921038426,0.8379888268156421,21.26984834968778
shelf5,2024-11-13,301161,449,1036,shelf5:301161:2024-11-05,2024-11-05,2024-10-15,2024-10-29,21.22216878811981,19.522776816525848,19.425162932443218,96.0458,16.045845272206314,0.49691531127313554,0.4188943192386078,1.0,8.988151658767796
shelf5,2025-03-24,301161,535,1036,shelf5:301161:2025-03-21,2025-03-21,2025-02-28,2025-03-14,25.925842995210232,23.821833887522473,23.70272471808486,74.3041,12.50589900896648,0.623013350286078,0.6730263283867879,0.9530201342281881,12.63143176733782
shelf5,2025-03-03,301162,520,1037,shelf5:301162:2025-02-25,2025-02-25,2025-01-27,2025-02-18,72.02153906500821,68.59194196667447,68.2489822568411,81.9538,18.480392156862745,0.5345501955671438,0.6568593735345193,0.6867469879518084,6.669937205651499
shelf5,2025-05-06,301168,562,1042,shelf5:301168:2025-04-28,2025-04-28,2025-04-07,2025-04-21,27.91034489023568,26.72676013048303,26.593126329830614,91.7123,18.303186907838075,0.521379310344828,0.47762386432734005,0.745283018867925,6.846562721474125
shelf5,2024-03-12,301169,286,1043,shelf5:301169:2024-03-11,2024-03-11,2024-02-19,2024-03-04,42.4850578257516,39.129383191981375,38.93373627602147,78.6609,29.137670196671706,0.6383775351014039,0.7158861936933455,0.9570815450643774,9.41184056271982
shelf5,2024-05-24,301170,334,1044,shelf5:301170:2024-05-17,2024-05-17,2024-04-23,2024-05-10,24.23,23.34,23.2233,70.4795,11.313868613138677,0.6912669126691273,0.6389957753679735,0.975206611570247,5.55795038633592
shelf5,2024-03-12,301176,286,1049,shelf5:301176:2024-03-07,2024-03-07,2024-02-07,2024-02-29,11.825940070505824,11.040898942421183,10.985694447709077,92.1056,43.37194337194339,0.5717344753747321,0.5574599738845036,1.0,9.492951907130998
shelf5,2024-12-12,301177,470,1050,shelf5:301177:2024-12-06,2024-12-06,2024-11-15,2024-11-29,27.776934450522404,26.142360365554016,26.011648563726247,82.9366,10.480349344978169,0.5029781601588352,0.6250832133512919,0.9459459459459445,7.61534025374856
shelf5,2024-10-21,301181,432,1054,shelf5:301181:2024-10-17,2024-10-17,2024-09-19,2024-10-10,31.784475720284767,29.112575834866785,28.96701295569245,95.3568,24.781181619256,0.4945188794153473,0.5523243520811938,0.8986486486486497,10.47139784946236
shelf5,2024-03-12,301183,286,1056,shelf5:301183:2024-03-11,2024-03-11,2024-02-19,2024-03-04,43.46893377550121,39.5992362576637,39.40124007637538,89.7106,56.600966902194116,0.4881316998468609,0.6772916270697963,0.9287598944591028,12.329913004684357
shelf5,2024-03-12,301185,286,1057,shelf5:301185:2024-03-08,2024-03-08,2024-02-08,2024-03-01,18.14047864339644,17.096641045480332,17.01115784025293,86.7538,22.48275862068969,0.5416985462892105,0.6819314768573806,0.9384615384615345,8.325232113599112
shelf5,2024-10-21,301186,432,1058,shelf5:301186:2024-10-17,2024-10-17,2024-09-19,2024-10-10,35.46288526094462,32.81562655440455,32.651548421632526,79.8481,21.451670858785477,0.5945945945945939,0.694815804054726,0.8105263157894761,9.072130673605105
shelf5,2024-03-14,301189,288,1061,shelf5:301189:2024-03-07,2024-03-07,2024-02-07,2024-02-29,22.846127757400033,21.331860392696914,21.225201090733428,92.4351,38.12260536398466,0.44083769633507836,0.5383207004113862,0.7175572519083938,9.431699913269732
shelf5,2024-03-12,301192,286,1064,shelf5:301192:2024-03-07,2024-03-07,2024-02-07,2024-02-29,16.106998428497228,14.813588266108493,14.739520324777951,97.4281,44.753946146703804,0.5334190231362471,0.4720455247253959,0.9883720930232562,12.49730053989202
shelf5,2024-03-12,301193,286,1065,shelf5:301193:2024-03-07,2024-03-07,2024-02-07,2024-02-29,27.80044606817954,25.55427419616035,25.426502825179547,78.0987,32.84433577832111,0.6517524235645039,0.6024947902908632,0.6923076923076935,10.427178899082579
shelf5,2024-10-28,301193,437,1065,shelf5:301193:2024-10-17,2024-10-17,2024-09-19,2024-10-10,27.04220443341711,24.83803448568116,24.713844313252753,87.1195,21.396731054977703,0.5770816158285246,0.5573885015187758,0.7692307692307709,9.107683000604972
shelf5,2024-12-10,301195,468,1066,shelf5:301195:2024-12-09,2024-12-09,2024-11-18,2024-12-02,57.1718985324893,54.10413812342891,53.833617432811764,84.4788,13.395638629283479,0.49079229122055623,0.6230740233241385,0.8618421052631563,6.573272385049734
shelf5,2024-10-28,301196,437,1067,shelf5:301196:2024-10-25,2024-10-25,2024-09-27,2024-10-18,37.59457285944248,36.27984935771053,36.09845011092198,85.4953,10.462046204620457,0.3016157989228016,0.5572306515638717,0.8947368421052632,4.750430045871545
shelf5,2024-10-22,301198,433,1069,shelf5:301198:2024-10-17,2024-10-17,2024-09-19,2024-10-10,16.818035680138394,15.718931688594079,15.640337030151109,91.8219,26.2532981530343,0.5276381909547739,0.5448677938776824,0.8000000000000065,7.957392197125246
shelf5,2024-03-18,301199,290,1070,shelf5:301199:2024-03-08,2024-03-08,2024-02-08,2024-03-01,23.537955512769564,21.575620615381762,21.467742512304852,87.7871,45.584415584415616,0.4040582267313636,0.6887834235465661,0.8613138686131364,11.775020678246484
shelf5,2024-05-22,301199,332,1070,shelf5:301199:2024-05-15,2024-05-15,2024-04-19,2024-05-08,25.44997413073716,23.72915737456632,23.610511587693487,98.5567,24.564025909317387,0.4039408866995081,0.44332965244599915,0.9278350515463942,8.063871473354245
shelf5,2025-02-21,301199,514,1070,shelf5:301199:2025-02-14,2025-02-14,2025-01-16,2025-02-07,35.52667020216512,32.87226274103744,32.70790142733225,78.6661,16.35135135135133,0.5474914758889432,0.6513204141318591,0.6602564102564075,9.779649220489983
shelf5,2024-10-21,301200,432,1071,shelf5:301200:2024-10-17,2024-10-17,2024-09-19,2024-10-10,38.89498581625912,35.856484005203015,35.677201585177,89.3394,30.456852791878177,0.594641313742438,0.5807148897948956,1.0,8.880972107152719
shelf5,2025-05-21,301209,573,1079,shelf5:301209:2025-05-16,2025-05-16,2025-04-22,2025-05-09,102.4943942675801,93.6754872271103,93.20710979097474,89.8964,74.91978609625667,0.46061903487645983,0.5718389121040772,0.6744186046511632,10.759727626459147
shelf5,2024-03-11,301210,285,1080,shelf5:301210:2024-03-08,2024-03-08,2024-02-08,2024-03-01,34.38,31.89,31.73055,74.088,18.971061093247577,0.6819882415820427,0.6739114917915775,0.8275862068965516,10.869241573033705
shelf5,2024-03-12,301212,286,1082,shelf5:301212:2024-03-07,2024-03-07,2024-02-07,2024-02-29,20.163436303656447,18.59833086476376,18.505339210439942,78.2645,29.793103448275858,0.6588720770288856,0.7067336137006892,0.9861111111111087,9.858910891089112
shelf5,2024-03-15,301217,289,1086,shelf5:301217:2024-03-06,2024-03-06,2024-02-06,2024-02-28,10.54447509457764,9.88226168284088,9.832850374426677,78.8077,17.14975845410629,0.6096033402922756,0.7133959146254559,1.0,8.080952380952377
shelf5,2024-10-25,301217,436,1086,shelf5:301217:2024-10-17,2024-10-17,2024-09-19,2024-10-10,11.25494039436158,10.332404296463089,10.280742274980774,78.3689,25.259515570934266,0.6639676113360327,0.6470678515822914,0.8599999999999991,9.967684021543977
shelf5,2024-10-25,301220,436,1089,shelf5:301220:2024-10-16,2024-10-16,2024-09-18,2024-10-09,27.335633873690725,25.41573985580609,25.28866115652706,82.7838,15.509666080843566,0.5717806531115218,0.6121197048826992,0.895238095238098,8.541880969875104
shelf5,2024-03-11,301222,285,1091,shelf5:301222:2024-03-06,2024-03-06,2024-02-06,2024-02-28,22.72700807143567,21.190417301873094,21.08446521536373,89.7172,21.33255406195209,0.5160026126714569,0.6568786300072289,0.9340659340659337,11.896095444685473
shelf5,2024-10-22,301222,433,1091,shelf5:301222:2024-10-17,2024-10-17,2024-09-19,2024-10-10,26.57352659438558,24.615255617144808,24.492179339059085,85.7489,24.031777557100288,0.6012994683992913,0.621925458297924,0.9468085106382992,9.482101167315172
shelf5,2024-10-24,301225,435,1093,shelf5:301225:2024-10-17,2024-10-17,2024-09-19,2024-10-10,28.25529145174829,26.113816417150986,25.98324733506523,92.6102,22.331838565022434,0.483471074380165,0.6477964061119151,1.0,8.50125089349536
shelf5,2024-03-15,301226,289,1094,shelf5:301226:2024-03-14,2024-03-14,2024-02-22,2024-03-07,30.212327073264696,27.85510155436163,27.71582604658982,84.9551,25.39902845246358,0.5309360126916968,0.7401967496910465,0.9565217391304331,8.764480874316938
shelf5,2024-03-08,301227,284,1095,shelf5:301227:2024-03-01,2024-03-01,2024-02-01,2024-02-23,27.207069438994676,24.9415457041968,24.816837975675814,88.082,16.136363636363637,0.4780840488025302,0.5642719438831209,0.7579617834394915,11.39146567717997
shelf5,2025-05-06,301232,562,1100,shelf5:301232:2025-04-29,2025-04-29,2025-04-08,2025-04-22,37.602868055550516,34.50380904755414,34.33129000231637,77.6532,18.8740193816336,0.5930394431554517,0.7332907930346074,0.8478260869565218,12.775036284470232
shelf5,2024-03-12,301234,286,1102,shelf5:301234:2024-03-07,2024-03-07,2024-02-07,2024-02-29,25.57025928521328,24.033805185703848,23.91363615977533,99.2471,38.36231071228271,0.47512690355329873,0.5106139318917681,0.9888888888888884,8.8366951124903
shelf5,2024-10-22,301234,433,1102,shelf5:301234:2024-10-21,2024-10-21,2024-09-23,2024-10-14,27.08418260086209,25.423849567859047,25.29673032001975,87.8638,26.532567049808442,0.4457197513151603,0.7136327793046954,0.9272727272727279,7.730885692657097
shelf5,2024-10-28,301237,437,1105,shelf5:301237:2024-10-21,2024-10-21,2024-09-23,2024-10-14,26.45205281736654,24.15325607673036,24.03248979634671,92.433,28.809908454496515,0.44435612082670856,0.5122089721749006,0.6521739130434769,9.976190476190471
shelf5,2025-05-06,301238,562,1106,shelf5:301238:2025-04-28,2025-04-28,2025-04-07,2025-04-21,17.27209259624353,16.16399483697894,16.083174862794046,95.3656,15.93707250341998,0.404395604395604,0.4727834955141723,0.9714285714285614,7.644483362521881
shelf5,2024-03-15,301252,289,1111,shelf5:301252:2024-03-11,2024-03-11,2024-02-19,2024-03-04,40.38,37.1,36.914500000000004,79.6537,47.29921819474059,0.6068702290076342,0.6516194207703342,0.7357798165137607,14.943548387096762
shelf5,2024-03-11,301256,285,1113,shelf5:301256:2024-03-06,2024-03-06,2024-02-06,2024-02-28,6.887950419076958,6.44160311651527,6.409395100932693,71.991,11.754385964912295,0.6157894736842106,0.6846771674174401,0.8787878787878802,9.350789096126267
shelf5,2025-03-10,301256,525,1113,shelf5:301256:2025-03-06,2025-03-06,2025-02-13,2025-02-27,9.002193008260452,8.561526217646303,8.518718586558071,80.0704,10.512483574244413,0.6190476190476173,0.5421744183191612,1.0,6.136416184971106
shelf5,2024-10-21,301258,432,1115,shelf5:301258:2024-10-17,2024-10-17,2024-09-19,2024-10-10,26.829727951329705,24.92304677712353,24.798431543237914,88.2536,24.04265632573923,0.543740178103719,0.6429232934450497,0.9230769230769231,10.9441309255079
shelf5,2025-05-13,301258,567,1115,shelf5:301258:2025-05-12,2025-05-12,2025-04-16,2025-04-30,30.32880219410367,28.2859295074542,28.144499859916927,78.1679,14.877430262045642,0.4896933132227245,0.7111133989099678,0.6923076923076937,9.239864864864877
shelf5,2024-10-18,301265,431,1121,shelf5:301265:2024-10-17,2024-10-17,2024-09-19,2024-10-10,9.428461538461379,8.930085470085318,8.885435042734892,79.8557,20.67620286085823,0.6195652173913038,0.6236298715380437,0.720338983050847,9.470466321243531
shelf5,2024-09-10,301270,410,1126,shelf5:301270:2024-09-02,2024-09-02,2024-08-12,2024-08-26,26.36132132131287,24.03923364574515,23.919037477516422,80.7264,15.241635687732336,0.6340867440439827,0.5595928710548912,0.8925233644859812,11.996612721114042
shelf5,2024-10-28,301270,437,1126,shelf5:301270:2024-10-23,2024-10-23,2024-09-25,2024-10-16,36.20206292437961,33.204830814505854,33.03880666043332,86.1973,19.157509157509157,0.47287299630086294,0.719548356990543,0.9008620689655158,12.638084933730054
shelf5,2024-10-21,301272,432,1127,shelf5:301272:2024-10-18,2024-10-18,2024-09-20,2024-10-11,35.56419824399092,33.388863216264596,33.221918900183276,77.0418,14.046262152195776,0.5510688836104516,0.7052586745928899,0.841666666666669,7.740938465861202
shelf5,2025-04-30,301273,561,1128,shelf5:301273:2025-04-28,2025-04-28,2025-04-07,2025-04-21,23.11262463452217,21.993122780802466,21.883157166898453,79.3257,22.637238256932648,0.608187134502924,0.6402838927471097,0.6956521739130453,6.917965367965384
shelf5,2024-05-21,301276,331,1130,shelf5:301276:2024-05-16,2024-05-16,2024-04-22,2024-05-09,23.734418420007362,22.709984120682257,22.596434200078846,86.3135,15.923885828743135,0.5580838323353307,0.40791621918590576,0.7227722772277227,7.827678940835748
shelf5,2024-10-21,301277,432,1131,shelf5:301277:2024-10-17,2024-10-17,2024-09-19,2024-10-10,32.90524110080721,30.80121447801334,30.64720840562327,83.9757,26.661129568106332,0.6122823098075173,0.6455121949227635,0.95555555555556,8.66839043309634
shelf5,2024-10-22,301280,433,1134,shelf5:301280:2024-10-18,2024-10-18,2024-09-20,2024-10-11,64.61020859193545,59.62330414236372,59.3251876216519,76.4476,16.19739630638812,0.5668789808917201,0.7021022723527124,0.7518427518427533,13.472323879231462
shelf5,2024-03-13,301281,287,1135,shelf5:301281:2024-03-11,2024-03-11,2024-02-19,2024-03-04,43.62319959879524,40.441604814442265,40.23939679037005,96.6434,29.618889809444894,0.4631192660550455,0.47242223653393894,0.8321678321678329,8.351046698872777
shelf5,2024-03-08,301282,284,1136,shelf5:301282:2024-03-07,2024-03-07,2024-02-07,2024-02-29,18.680749819754137,17.540562364815464,17.452859552991388,81.0239,47.542372881355924,0.4491135915955356,0.7430521187670578,0.6588235294117659,7.92776584317938
shelf5,2024-10-21,301289,432,1142,shelf5:301289:2024-10-17,2024-10-17,2024-09-19,2024-10-10,58.39996345911641,54.564147677369895,54.29132693898305,82.0965,21.69941876556878,0.6077097505668938,0.6553673768343142,0.8702290076335882,7.935066396578893
shelf5,2025-05-19,301292,571,1145,shelf5:301292:2025-05-12,2025-05-12,2025-04-16,2025-04-30,15.07,14.18,14.1091,70.3046,11.760063141278621,0.5833333333333343,0.7108556518185319,0.7460317460317454,7.17697368421052
shelf5,2024-10-22,301296,433,1148,shelf5:301296:2024-10-17,2024-10-17,2024-09-19,2024-10-10,8.701829341730635,8.086038634253178,8.045608441081912,82.4629,22.287390029325493,0.5925925925925912,0.6790080499706678,0.8947368421052658,8.496555683122853
shelf5,2024-03-19,301297,291,1149,shelf5:301297:2024-03-11,2024-03-11,2024-02-19,2024-03-04,22.76099999999935,21.155285714285107,21.049509285713683,74.1826,18.332442544094075,0.6417910447761198,0.7386302157969603,0.8853503184713367,11.12457627118646
shelf5,2025-04-30,301297,561,1149,shelf5:301297:2025-04-28,2025-04-28,2025-04-07,2025-04-21,37.79275465838685,36.46280434782778,36.28049032608864,85.3732,11.81055155875297,0.4720840243228314,0.5435855597428766,0.7870967741935514,5.784798534798552
shelf5,2024-03-12,301298,286,1150,shelf5:301298:2024-03-07,2024-03-07,2024-02-07,2024-02-29,14.20435277219158,13.281992202568752,13.215582241555907,77.7994,18.654708520179387,0.5853658536585366,0.6840810168780093,0.7162162162162181,8.738853503184718
shelf5,2024-10-24,301298,435,1150,shelf5:301298:2024-10-16,2024-10-16,2024-09-18,2024-10-09,14.811910246127567,13.577584392283605,13.509696470322186,76.1572,16.984402079722692,0.6108048511576626,0.700951198696563,0.8488372093023244,11.114246386785954
shelf5,2024-03-18,301299,290,1151,shelf5:301299:2024-03-08,2024-03-08,2024-02-08,2024-03-01,48.913162871941644,44.62396446138396,44.40084463907704,91.3456,43.3234421364985,0.5016903313049359,0.6092883672934858,0.8464163822525579,10.474527526705014
shelf5,2025-04-29,301300,560,1152,shelf5:301300:2025-04-28,2025-04-28,2025-04-07,2025-04-21,34.38935007857211,32.27996615181954,32.11856632106045,77.5148,11.296162201303407,0.5339412360688963,0.6715066510778651,0.8584905660377345,9.46396396396395
shelf5,2024-03-19,301301,291,1153,shelf5:301301:2024-03-13,2024-03-13,2024-02-21,2024-03-06,9.764001254311324,9.420696142991176,9.37359266227622,80.0198,10.86705202312137,0.5093833780160825,0.570474133541142,0.6666666666666764,4.492283950617281
shelf5,2024-03-15,301305,289,1156,shelf5:301305:2024-03-08,2024-03-08,2024-02-08,2024-03-01,15.893187347931503,15.024817518247826,14.949693430656586,80.454,13.675832127351661,0.5234899328859056,0.6329212797795359,0.7534246575342468,7.2330827067669246
shelf5,2024-08-13,301305,390,1156,shelf5:301305:2024-08-07,2024-08-07,2024-07-17,2024-07-31,16.343014860413444,15.56042024334141,15.482618142124704,72.7898,10.05509641873279,0.6514084507042256,0.475087373228414,0.6666666666666666,6.772031823745395
shelf5,2025-03-20,301310,533,1161,shelf5:301310:2025-03-18,2025-03-18,2025-02-25,2025-03-11,54.956510141332174,50.899122914703,50.644627300129486,85.7614,10.608376643228379,0.47043783956535645,0.4624150620873383,0.7576530612244894,8.355263157894733
shelf5,2024-03-13,301312,287,1163,shelf5:301312:2024-03-11,2024-03-11,2024-02-19,2024-03-04,106.70163680716385,99.48941054146779,98.99196348876045,80.4837,15.94940867279897,0.5319219318557724,0.6851630333434912,0.8013468013468011,8.508943543879276
shelf5,2024-10-18,301312,431,1163,shelf5:301312:2024-10-17,2024-10-17,2024-09-19,2024-10-10,98.92190386098156,90.2475425288955,89.79630481625101,80.343,29.755820556501988,0.5932721712538224,0.6398776340905356,0.6932989690721659,10.137267479153312
shelf5,2024-10-18,301314,431,1165,shelf5:301314:2024-10-17,2024-10-17,2024-09-19,2024-10-10,48.2162279211966,44.72910156250087,44.505456054688366,75.9089,22.61617900172117,0.5912274235164019,0.7226213374475807,0.671296296296296,9.459072305593452
shelf5,2024-03-18,301321,290,1172,shelf5:301321:2024-03-12,2024-03-12,2024-02-20,2024-03-05,21.889051094890554,20.16216401889227,20.061353198797807,70.5383,13.33333333333333,0.6266009852216741,0.7137951012812965,0.8378378378378347,10.87853297442799
shelf5,2025-05-06,301322,562,1173,shelf5:301322:2025-04-28,2025-04-28,2025-04-07,2025-04-21,54.09038642524274,49.848443257453994,49.59920104116672,83.0445,16.39666175748651,0.5211267605633801,0.6473987096624333,0.7748344370860938,11.106395816572812
shelf5,2024-05-21,301323,331,1174,shelf5:301323:2024-05-17,2024-05-17,2024-04-23,2024-05-10,33.4,32.31,32.148450000000004,72.4195,11.644295302013429,0.662576687116565,0.5997448056523643,0.8571428571428543,5.4735371949426455
shelf5,2024-10-22,301323,433,1174,shelf5:301323:2024-10-21,2024-10-21,2024-09-23,2024-10-14,36.449285402167206,34.130705858529346,33.960052329236696,83.5038,30.209895052473755,0.47878302642113757,0.7452188788490218,0.7882352941176486,8.431749931749943
shelf5,2025-04-30,301326,561,1176,shelf5:301326:2025-04-28,2025-04-28,2025-04-07,2025-04-21,59.11697107847987,54.502118778195296,54.22960818430432,83.6395,12.030224696758808,0.4792228818132761,0.6004377144209156,0.8315565031982936,9.314310051107332
shelf5,2024-10-18,301330,431,1180,shelf5:301330:2024-10-17,2024-10-17,2024-09-19,2024-10-10,35.858812865516526,32.94953813359148,32.78479044292352,75.3407,29.61165048543688,0.6669912366114902,0.6736831869937672,0.7857142857142844,9.9796628801759
shelf5,2024-05-13,301332,325,1182,shelf5:301332:2024-05-10,2024-05-10,2024-04-16,2024-04-30,12.09,11.15,11.09425,77.6212,23.927038626609452,0.6503225806451616,0.6551578627067386,0.7950819672131145,8.988925348646426
shelf5,2025-05-16,301335,570,1184,shelf5:301335:2025-05-14,2025-05-14,2025-04-18,2025-05-07,39.30652182977335,36.25939161374122,36.078094655672516,77.6053,30.230230230230237,0.6002277904328014,0.7273039469250301,0.7993197278911569,19.916990291262127
shelf5,2024-03-13,301337,287,1186,shelf5:301337:2024-03-07,2024-03-07,2024-02-07,2024-02-29,42.54400404448857,38.68459049544921,38.49116754297196,76.7091,49.760589318600346,0.5790500975927136,0.7257745042772166,0.6765676567656765,11.389287366959755
shelf5,2024-03-19,301348,291,1190,shelf5:301348:2024-03-12,2024-03-12,2024-02-20,2024-03-05,36.55,34.34,34.1683,74.4109,11.601000625390867,0.5551163812033368,0.6625299957163829,0.7397260273972622,7.902156334231803
shelf5,2024-03-12,301353,286,1192,shelf5:301353:2024-03-07,2024-03-07,2024-02-07,2024-02-29,25.85,23.86,23.7407,96.7498,35.524171645844646,0.4864032837352493,0.5468221231818357,0.9545454545454555,8.794852093737992
shelf5,2024-03-18,301360,290,1198,shelf5:301360:2024-03-08,2024-03-08,2024-02-08,2024-03-01,58.58,53.95,53.68025,81.7568,22.70573028866867,0.6046037889590543,0.7132012874027461,0.98695652173913,9.124343998645678
shelf5,2024-10-21,301362,432,1200,shelf5:301362:2024-10-16,2024-10-16,2024-09-18,2024-10-09,40.892475612065,37.313056318229705,37.126491036638555,83.9005,24.41627751834554,0.6269565217391286,0.6110456293891379,0.9169884169884178,15.671049457177322
shelf5,2024-10-23,301371,434,1208,shelf5:301371:2024-10-17,2024-10-17,2024-09-19,2024-10-10,36.45114744171809,33.58698153193922,33.419046624279524,90.8079,19.333564734467213,0.5792044661549196,0.5458337000029334,0.9655172413793106,11.32586112629853
shelf5,2024-10-28,301372,437,1209,shelf5:301372:2024-10-21,2024-10-21,2024-09-23,2024-10-14,23.595664821624297,21.71770433517923,21.609115813503337,84.0082,26.441241685144124,0.5075876504447933,0.7266325693182484,0.793548387096774,11.008523908523893
shelf5,2024-10-21,301373,432,1210,shelf5:301373:2024-10-17,2024-10-17,2024-09-19,2024-10-10,27.10478447477824,25.14440798059938,25.018685940696383,97.594,31.025896414342636,0.5212835625409298,0.510214582975996,0.9797297297297296,9.012570356472782
shelf5,2024-05-17,301379,329,1214,shelf5:301379:2024-05-16,2024-05-16,2024-04-22,2024-05-09,25.646524953789832,24.246136783734347,24.124906099815675,92.0218,12.375790424570908,0.4822256568778979,0.39991137084377726,0.982300884955753,8.20147802411515
shelf5,2024-10-30,301379,439,1214,shelf5:301379:2024-10-25,2024-10-25,2024-09-27,2024-10-18,30.018506073055857,28.43476107694594,28.29258727156121,80.8983,15.99307159353347,0.35798632691112475,0.7498948201681411,0.869999999999999,8.452515279736716
shelf5,2024-10-25,301386,436,1219,shelf5:301386:2024-10-16,2024-10-16,2024-09-18,2024-10-09,23.853343373368322,21.70236893727724,21.593857092590852,90.8909,24.696356275303643,0.5442092154420914,0.5528474874402131,0.8313953488372088,10.871908127208474
shelf5,2025-02-24,301387,515,1220,shelf5:301387:2025-02-20,2025-02-20,2025-01-22,2025-02-13,53.16160646194891,49.482403635709666,49.234991617531115,81.6144,17.245859045144552,0.6275862068965512,0.5397675646335388,0.7643979057591643,8.694429637526667
shelf5,2024-10-23,301388,434,1221,shelf5:301388:2024-10-22,2024-10-22,2024-09-24,2024-10-15,22.941516632735738,20.89650361162762,20.79202109356948,89.9296,19.90820424555364,0.44731182795698926,0.6995721722270227,1.0,12.151973684210526
shelf5,2024-10-18,301389,431,1222,shelf5:301389:2024-10-17,2024-10-17,2024-09-19,2024-10-10,16.019698137843655,14.74192392909014,14.66821430944469,75.0022,26.06873428331935,0.6294326241134752,0.7086579346292956,0.7247706422018357,9.332898172323755
shelf5,2024-10-22,301391,433,1224,shelf5:301391:2024-10-17,2024-10-17,2024-09-19,2024-10-10,56.110902137192795,51.166208811352554,50.91037776729579,88.029,38.22501747030049,0.5434298440979954,0.6161188917687219,0.8437500000000004,10.313016270337927
shelf5,2024-05-16,301395,328,1227,shelf5:301395:2024-05-14,2024-05-14,2024-04-18,2024-05-07,18.02,16.7,16.6165,97.9078,27.576403695806672,0.4897959183673468,0.5418448120585865,1.0,9.594668117519046
shelf5,2024-10-23,301397,434,1229,shelf5:301397:2024-10-17,2024-10-17,2024-09-19,2024-10-10,31.587305360516424,29.27967032632316,29.133271974691542,93.0016,25.8399209486166,0.4994337485843707,0.5946344672054125,0.8866666666666669,10.442410373760469
shelf5,2024-10-21,301399,432,1231,shelf5:301399:2024-10-17,2024-10-17,2024-09-19,2024-10-10,32.265303032545205,29.90515586627569,29.75563008694431,80.3367,22.997711670480548,0.5705558949297505,0.6807620422212582,0.7156862745098044,8.708065994500458
shelf5,2024-03-13,301419,287,1235,shelf5:301419:2024-03-12,2024-03-12,2024-02-20,2024-03-05,31.756201859229755,29.760039840637457,29.61123964143427,95.8385,23.339882121807463,0.4726875455207584,0.5134621875393943,0.8255813953488411,9.244875776397521
shelf5,2024-03-19,301421,291,1236,shelf5:301421:2024-03-12,2024-03-12,2024-02-20,2024-03-05,50.67,46.7,46.4665,79.7544,15.168539325842701,0.5794940079893478,0.6852648871247091,0.9706840390879468,11.97859443076339
shelf5,2024-10-25,301429,436,1238,shelf5:301429:2024-10-23,2024-10-23,2024-09-25,2024-10-16,17.951312436435703,17.027574232159427,16.94243636099863,89.8455,23.376623376623385,0.35368421052631516,0.6653531691800588,0.9056603773584863,7.419798093101493
shelf5,2024-10-25,301439,436,1239,shelf5:301439:2024-10-16,2024-10-16,2024-09-18,2024-10-09,14.07762535292125,12.893333534643311,12.828866866970095,78.8971,22.854477611940283,0.6056860321384421,0.6945802683921903,0.8012048192771083,18.3656618610747
shelf5,2024-03-21,301456,293,1242,shelf5:301456:2024-03-20,2024-03-20,2024-02-28,2024-03-13,27.94639148826949,26.772342007433753,26.638480297396583,92.3933,12.555871596911828,0.358111774281063,0.4999094883623976,0.991869918699189,5.66240227434257
shelf5,2024-03-13,301459,287,1244,shelf5:301459:2024-03-07,2024-03-07,2024-02-07,2024-02-29,40.88,38.0,37.81,82.7146,33.97287462785312,0.5196946564885502,0.7153418600696341,0.7430167597765397,8.538945331398162
shelf5,2024-10-28,301459,437,1244,shelf5:301459:2024-10-25,2024-10-25,2024-09-27,2024-10-18,41.63915094339825,39.6808490566057,39.48244481132267,86.142,11.524676040805094,0.31731640979147785,0.572799201189533,0.9128630705394172,6.806171074577061
shelf5,2024-03-18,301486,290,1248,shelf5:301486:2024-03-14,2024-03-14,2024-02-22,2024-03-07,38.34,35.3,35.1235,80.1504,15.538221528861174,0.4644951140065151,0.690491733860296,0.7068403908794794,11.971177944862156
shelf5,2024-05-17,301486,329,1248,shelf5:301486:2024-05-16,2024-05-16,2024-04-22,2024-05-09,54.44,49.52,49.272400000000005,89.9169,21.673868546736408,0.5471993732863297,0.595895635417389,0.9007832898172335,11.380575539568339
shelf5,2024-10-18,301486,431,1248,shelf5:301486:2024-10-17,2024-10-17,2024-09-19,2024-10-10,41.84838242230983,38.22649975846962,38.03536725967727,72.8593,22.121486854034412,0.6469864698646989,0.7095397943113431,0.6812652068126528,9.569321180139124
shelf5,2024-10-28,301488,437,1250,shelf5:301488:2024-10-18,2024-10-18,2024-09-20,2024-10-11,59.73722749066379,54.860719124079,54.5864155284586,83.1946,24.5316288296231,0.5687896863575135,0.6559001693393492,0.7902439024390265,14.497135582431575
shelf5,2024-10-22,301498,433,1252,shelf5:301498:2024-10-17,2024-10-17,2024-09-19,2024-10-10,61.00270641302304,56.66830358893982,56.38496207099512,77.3959,18.80039331366765,0.6467770034843204,0.6900160240688054,0.9185336048879843,13.886607416487905
shelf5,2024-10-24,301502,435,1256,shelf5:301502:2024-10-18,2024-10-18,2024-09-20,2024-10-11,45.31634931057282,42.082363755746705,41.871951936967974,96.4707,16.72942442173211,0.41892189218921877,0.5051748496191323,1.0,9.721420765027311
shelf5,2024-03-13,301503,287,1257,shelf5:301503:2024-03-12,2024-03-12,2024-02-20,2024-03-05,28.96,27.1,26.9645,87.4733,27.018769096464435,0.5148118494795836,0.7297983177329054,1.0,8.315198911934718
shelf5,2024-05-16,301503,328,1257,shelf5:301503:2024-05-13,2024-05-13,2024-04-17,2024-05-06,29.86,27.8,27.661,71.789,20.92457420924574,0.6970423661071146,0.7377475202225394,0.8734693877551025,8.829927488464072
shelf5,2024-10-22,301507,433,1259,shelf5:301507:2024-10-17,2024-10-17,2024-09-19,2024-10-10,13.47217464315668,12.635205709487515,12.572029680940078,93.473,19.604316546762625,0.5119667013527579,0.556892364254554,0.877551020408166,9.196285506190826
shelf5,2024-03-15,301512,289,1264,shelf5:301512:2024-03-11,2024-03-11,2024-02-19,2024-03-04,56.49,51.5,51.2425,88.3843,41.81818181818182,0.5838983050847456,0.6075830935840759,0.9818181818181816,11.498272884283246
shelf5,2024-10-22,301512,433,1264,shelf5:301512:2024-10-18,2024-10-18,2024-09-20,2024-10-11,43.976989795917355,40.48448979591743,40.28206734693784,90.1069,22.888689943300534,0.4862708284440273,0.5961075261721493,0.7456140350877218,9.470938215102997
shelf5,2025-05-19,301526,571,1273,shelf5:301526:2025-05-13,2025-05-13,2025-04-17,2025-05-06,3.925907692307812,3.7543384615385764,3.7355667692308834,86.5901,15.757575757575747,0.45508982035928064,0.6833493466948288,1.0,5.335038363171352
shelf5,2025-03-19,301548,532,1281,shelf5:301548:2025-03-11,2025-03-11,2025-02-18,2025-03-04,77.5452046239288,71.19509264748824,70.8391171842508,73.4308,11.06818181818181,0.6395911780527161,0.5559796036377017,0.7466504263093791,16.35754141238013
shelf5,2024-03-14,301550,288,1282,shelf5:301550:2024-03-08,2024-03-08,2024-02-08,2024-03-01,34.34,31.7,31.5415,79.1713,16.009681881051165,0.5788168614948637,0.7087453445648076,0.9558011049723767,8.839595375722553
shelf5,2024-10-21,301565,432,1291,shelf5:301565:2024-10-18,2024-10-18,2024-09-20,2024-10-11,21.61,19.73,19.63135,82.8183,21.19205298013245,0.5413846954711088,0.6790285129469248,0.733333333333333,10.35913242009131
shelf5,2024-10-18,301566,431,1292,shelf5:301566:2024-10-17,2024-10-17,2024-09-19,2024-10-10,18.798259067358348,17.203316062176928,17.11729948186604,79.3629,24.230254350736292,0.6346555323590808,0.6499968923725009,0.8144329896907193,10.564727463312373
shelf5,2025-05-12,301566,566,1292,shelf5:301566:2025-05-09,2025-05-09,2025-04-15,2025-04-29,16.902383419689873,15.397720207254569,15.320731606218295,68.9461,10.967741935483888,0.6080000000000007,0.732089399814228,0.8571428571428532,11.868147720715527
shelf5,2024-10-23,301587,434,1302,shelf5:301587:2024-10-18,2024-10-18,2024-09-20,2024-10-11,26.49,24.19,24.06905,84.3733,25.02477700693757,0.5555035128805612,0.6591540921621954,0.8108108108108101,11.510845588235286
shelf5,2024-10-21,301591,432,1305,shelf5:301591:2024-10-17,2024-10-17,2024-09-19,2024-10-10,36.9335868393762,34.055383614291294,33.885106696219836,89.5899,28.085553997194946,0.4319387153800823,0.5934342003991591,0.7130801687763706,9.898849344393879
shelf5,2025-02-05,301606,502,1313,shelf5:301606:2025-01-27,2025-01-27,2025-01-06,2025-01-20,43.733822562980585,40.19548740416339,39.99450996714257,78.6354,21.754700089525514,0.5792861322410776,0.6871246561674988,0.6770833333333339,9.67762557077626
