segment,variant,signal_date,opportunities,net_sum,base_net_sum,delta_net_sum
train,baseline,2024-01-05,2,-5.09794817556848,-5.09794817556848,0.0
train,baseline,2024-01-09,1,5.915897760878729,5.915897760878729,0.0
train,baseline,2024-01-11,2,-8.091788305591132,-8.091788305591132,0.0
train,baseline,2024-01-18,1,-7.834408340795696,-7.834408340795696,0.0
train,baseline,2024-02-21,2,9.706438293115925,9.706438293115925,0.0
train,baseline,2024-02-22,1,3.623772314896078,3.623772314896078,0.0
train,baseline,2024-02-26,1,2.9254642313546455,2.9254642313546455,0.0
train,baseline,2024-02-27,1,-6.53816408204101,-6.53816408204101,0.0
train,baseline,2024-03-05,1,14.219400386847191,14.219400386847191,0.0
train,baseline,2024-03-06,1,-6.538671328671332,-6.538671328671332,0.0
train,baseline,2024-03-07,1,-2.1100000000000017,-2.1100000000000017,0.0
train,baseline,2024-03-08,2,9.653333333333332,9.653333333333332,0.0
train,baseline,2024-03-11,2,-2.6606015037593984,-2.6606015037593984,0.0
train,baseline,2024-03-12,2,-14.03271249076128,-14.03271249076128,0.0
train,baseline,2024-03-13,1,7.2526865671641785,7.2526865671641785,0.0
train,baseline,2024-03-15,2,6.011406400739393,6.011406400739393,0.0
train,baseline,2024-03-18,2,-5.281171366594386,-5.281171366594386,0.0
train,baseline,2024-03-21,2,-12.42000000000001,-12.42000000000001,0.0
train,baseline,2024-03-22,1,-6.210000000000005,-6.210000000000005,0.0
train,baseline,2024-03-25,2,7.49179735593901,7.49179735593901,0.0
train,baseline,2024-03-26,2,19.97603960396039,19.97603960396039,0.0
train,baseline,2024-04-02,1,-7.2702556299452334,-7.2702556299452334,0.0
train,baseline,2024-04-08,2,-12.42000000000001,-12.42000000000001,0.0
train,baseline,2024-04-12,2,22.171954022988505,22.171954022988505,0.0
train,baseline,2024-04-15,1,3.1696016898008263,3.1696016898008263,0.0
train,baseline,2024-04-22,2,4.148373493975919,4.148373493975919,0.0
train,baseline,2024-04-23,2,14.095986574810102,14.095986574810102,0.0
train,baseline,2024-04-24,2,21.35435458030259,21.35435458030259,0.0
train,baseline,2024-04-25,1,8.413386065850023,8.413386065850023,0.0
train,baseline,2024-04-29,1,15.074280936454862,15.074280936454862,0.0
train,baseline,2024-05-09,2,-8.622898550724624,-8.622898550724624,0.0
train,baseline,2024-05-13,1,-6.210000000000005,-6.210000000000005,0.0
train,baseline,2024-05-14,2,-7.577407407407435,-7.577407407407435,0.0
train,baseline,2024-05-20,1,-6.210000000000005,-6.210000000000005,0.0
train,baseline,2024-05-21,1,-2.994503631961266,-2.994503631961266,0.0
train,baseline,2024-05-22,2,-12.42000000000001,-12.42000000000001,0.0
train,baseline,2024-05-23,1,-6.210000000000005,-6.210000000000005,0.0
train,baseline,2024-05-24,1,0.18408866995074288,0.18408866995074288,0.0
train,baseline,2024-05-27,1,-6.210000000000005,-6.210000000000005,0.0
train,baseline,2024-05-29,1,6.181402714932126,6.181402714932126,0.0
train,baseline,2024-05-31,1,-6.210000000000005,-6.210000000000005,0.0
train,baseline,2024-06-03,1,-1.1706147934678288,-1.1706147934678288,0.0
train,baseline,2024-06-05,1,-6.210000000000005,-6.210000000000005,0.0
train,baseline,2024-06-11,1,3.507579250720471,3.507579250720471,0.0
train,baseline,2024-06-17,1,-4.914797047970488,-4.914797047970488,0.0
train,baseline,2024-06-18,2,-5.354639613920377,-5.354639613920377,0.0
train,baseline,2024-06-21,2,-12.42000000000001,-12.42000000000001,0.0
train,baseline,2024-06-26,1,2.713076923076917,2.713076923076917,0.0
train,baseline,2024-07-01,2,-7.641374045801543,-7.641374045801543,0.0
train,baseline,2024-07-02,1,10.497964601769903,10.497964601769903,0.0
train,baseline,2024-07-05,1,7.1898642226748235,7.1898642226748235,0.0
train,baseline,2024-07-16,2,-12.42000000000001,-12.42000000000001,0.0
train,baseline,2024-07-18,1,-4.457660187185032,-4.457660187185032,0.0
train,baseline,2024-07-22,1,-6.210000000000005,-6.210000000000005,0.0
train,baseline,2024-07-25,2,10.225974822157234,10.225974822157234,0.0
train,baseline,2024-07-29,2,-7.931843151024756,-7.931843151024756,0.0
train,baseline,2024-07-31,2,-8.622643171806178,-8.622643171806178,0.0
train,baseline,2024-08-12,1,1.4793477240732091,1.4793477240732091,0.0
train,baseline,2024-08-13,2,0.24914766773855668,0.24914766773855668,0.0
train,baseline,2024-08-19,1,-6.210000000000005,-6.210000000000005,0.0
train,baseline,2024-08-23,1,4.408473895582298,4.408473895582298,0.0
train,baseline,2024-08-26,1,3.2588995215311103,3.2588995215311103,0.0
train,baseline,2024-08-29,2,-3.3446031746031792,-3.3446031746031792,0.0
train,baseline,2024-08-30,2,-3.220391041592576,-3.220391041592576,0.0
train,baseline,2024-09-10,1,-2.378674698795181,-2.378674698795181,0.0
train,baseline,2024-09-18,2,1.3524732477452432,1.3524732477452432,0.0
train,baseline,2024-09-19,2,20.665599952455448,20.665599952455448,0.0
train,baseline,2024-09-23,1,17.00915285451199,17.00915285451199,0.0
train,baseline,2024-09-24,2,43.23085416113101,43.23085416113101,0.0
train,baseline,2024-10-18,2,-6.84811540449334,-6.84811540449334,0.0
train,baseline,2024-10-24,1,-6.210000000000005,-6.210000000000005,0.0
train,baseline,2024-10-25,2,3.1529537366547826,3.1529537366547826,0.0
train,baseline,2024-10-31,2,1.5429629629629664,1.5429629629629664,0.0
train,baseline,2024-11-01,2,5.877350731514428,5.877350731514428,0.0
train,baseline,2024-11-05,1,6.53509803921568,6.53509803921568,0.0
train,baseline,2024-11-08,2,-0.7852253909843583,-0.7852253909843583,0.0
train,baseline,2024-11-11,2,-13.13452236333518,-13.13452236333518,0.0
train,baseline,2024-11-13,1,-6.210000000000005,-6.210000000000005,0.0
train,baseline,2024-11-19,1,14.99737327188939,14.99737327188939,0.0
train,baseline,2024-11-25,1,4.156666666666674,4.156666666666674,0.0
train,baseline,2024-11-28,1,1.5775920084121866,1.5775920084121866,0.0
train,baseline,2024-11-29,1,3.987901049475261,3.987901049475261,0.0
train,baseline,2024-12-02,1,0.8954813450023016,0.8954813450023016,0.0
train,baseline,2024-12-05,2,-1.7982122717850175,-1.7982122717850175,0.0
train,baseline,2024-12-09,1,11.956666666666658,11.956666666666658,0.0
train,baseline,2024-12-10,2,-12.939669551534207,-12.939669551534207,0.0
train,baseline,2024-12-11,1,12.989577613516355,12.989577613516355,0.0
train,baseline,2024-12-13,2,-12.420000000000021,-12.420000000000021,0.0
train,baseline,2024-12-16,2,-12.420000000000021,-12.420000000000021,0.0
train,baseline,2024-12-18,1,21.387654294500443,21.387654294500443,0.0
train,baseline,2024-12-19,1,-6.209999999999995,-6.209999999999995,0.0
train,baseline,2024-12-20,1,-1.7595867768595128,-1.7595867768595128,0.0
train,baseline,2024-12-26,1,-6.210000000000005,-6.210000000000005,0.0
train,baseline,2024-12-30,2,-12.420000000000021,-12.420000000000021,0.0
train,baseline,2025-01-02,1,-6.210000000000005,-6.210000000000005,0.0
train,baseline,2025-01-07,1,2.2540342822160877,2.2540342822160877,0.0
train,baseline,2025-01-10,1,-0.8561538461538407,-0.8561538461538407,0.0
train,baseline,2025-01-13,1,7.88806835066864,7.88806835066864,0.0
train,baseline,2025-01-14,2,5.609850746268649,5.609850746268649,0.0
train,baseline,2025-01-17,2,2.0100486845260317,2.0100486845260317,0.0
train,baseline,2025-01-20,2,14.91881122103713,14.91881122103713,0.0
train,baseline,2025-01-23,2,10.03089877770826,10.03089877770826,0.0
train,baseline,2025-01-24,2,16.083829087457,16.083829087457,0.0
train,baseline,2025-02-06,2,-4.090708359923425,-4.090708359923425,0.0
train,baseline,2025-02-12,2,-10.985792149684784,-10.985792149684784,0.0
train,baseline,2025-02-14,2,-12.42000000000001,-12.42000000000001,0.0
train,baseline,2025-02-17,2,31.782650511169994,31.782650511169994,0.0
train,baseline,2025-02-19,2,10.961770393316426,10.961770393316426,0.0
train,baseline,2025-02-24,1,-6.210000000000005,-6.210000000000005,0.0
train,baseline,2025-02-25,1,-6.210000000000005,-6.210000000000005,0.0
train,baseline,2025-02-26,2,-12.42000000000001,-12.42000000000001,0.0
train,baseline,2025-03-05,1,-7.625384615384624,-7.625384615384624,0.0
train,baseline,2025-03-06,2,-5.506497288038827,-5.506497288038827,0.0
train,baseline,2025-03-10,2,-10.19622377622379,-10.19622377622379,0.0
train,baseline,2025-03-11,1,2.2258974358974495,2.2258974358974495,0.0
train,baseline,2025-03-12,2,3.080063609920834,3.080063609920834,0.0
train,baseline,2025-03-14,2,5.242959794696308,5.242959794696308,0.0
train,baseline,2025-03-17,2,28.64066163956221,28.64066163956221,0.0
train,baseline,2025-03-19,1,-6.210000000000005,-6.210000000000005,0.0
train,baseline,2025-03-20,2,-12.420000000000021,-12.420000000000021,0.0
train,baseline,2025-03-21,2,-12.420000000000021,-12.420000000000021,0.0
train,baseline,2025-03-24,1,-6.210000000000005,-6.210000000000005,0.0
train,baseline,2025-03-25,1,33.47983957219254,33.47983957219254,0.0
train,baseline,2025-03-26,1,-6.210000000000005,-6.210000000000005,0.0
train,baseline,2025-03-31,1,-21.336760563380267,-21.336760563380267,0.0
train,baseline,2025-04-17,2,-10.677425742574222,-10.677425742574222,0.0
train,baseline,2025-04-18,2,2.158231292516975,2.158231292516975,0.0
train,baseline,2025-04-21,2,28.059069160724825,28.059069160724825,0.0
train,baseline,2025-04-24,2,-12.420000000000021,-12.420000000000021,0.0
train,baseline,2025-04-25,1,4.279795918367334,4.279795918367334,0.0
train,baseline,2025-04-28,1,2.8160380014074606,2.8160380014074606,0.0
train,baseline,2025-04-29,2,-7.285709459459479,-7.285709459459479,0.0
train,baseline,2025-05-09,2,2.183942477010401,2.183942477010401,0.0
train,baseline,2025-05-12,2,-1.3254288440177637,-1.3254288440177637,0.0
train,baseline,2025-05-13,2,-1.0616382252559804,-1.0616382252559804,0.0
train,baseline,2025-05-15,2,16.87826781233461,16.87826781233461,0.0
train,baseline,2025-05-16,2,22.498918918918918,22.498918918918918,0.0
train,baseline,2025-05-19,1,-6.209999999999995,-6.209999999999995,0.0
train,baseline,2025-05-20,1,9.76506234413965,9.76506234413965,0.0
train,baseline,2025-05-21,1,4.4442553191489145,4.4442553191489145,0.0
train,baseline,2025-05-29,1,-1.8187751371115177,-1.8187751371115177,0.0
train,baseline,2025-05-30,1,3.7060839160839123,3.7060839160839123,0.0
train,baseline,2025-06-03,2,-4.9934453223242325,-4.9934453223242325,0.0
train,baseline,2025-06-04,1,2.6380625840361818,2.6380625840361818,0.0
train,baseline,2025-06-06,2,22.588996851102117,22.588996851102117,0.0
train,baseline,2025-06-09,2,10.004820131709067,10.004820131709067,0.0
train,baseline,2025-06-10,1,13.51549019607845,13.51549019607845,0.0
train,baseline,2025-06-12,2,-8.773835750460414,-8.773835750460414,0.0
train,baseline,2025-06-20,1,2.361428571428558,2.361428571428558,0.0
train,baseline,2025-06-23,2,-6.216888326813887,-6.216888326813887,0.0
train,shape_without_momentum,2024-01-05,2,-5.09794817556848,-5.09794817556848,0.0
train,shape_without_momentum,2024-01-09,1,5.915897760878729,5.915897760878729,0.0
train,shape_without_momentum,2024-01-11,2,-8.091788305591132,-8.091788305591132,0.0
train,shape_without_momentum,2024-01-18,1,-7.834408340795696,-7.834408340795696,0.0
train,shape_without_momentum,2024-02-21,2,9.706438293115925,9.706438293115925,0.0
train,shape_without_momentum,2024-02-22,1,3.623772314896078,3.623772314896078,0.0
train,shape_without_momentum,2024-02-26,1,2.9254642313546455,2.9254642313546455,0.0
train,shape_without_momentum,2024-02-27,1,-6.53816408204101,-6.53816408204101,0.0
train,shape_without_momentum,2024-03-05,1,14.219400386847191,14.219400386847191,0.0
train,shape_without_momentum,2024-03-06,1,-6.538671328671332,-6.538671328671332,0.0
train,shape_without_momentum,2024-03-07,1,-2.1100000000000017,-2.1100000000000017,0.0
train,shape_without_momentum,2024-03-08,2,-5.953333333333368,9.653333333333332,-15.606666666666701
train,shape_without_momentum,2024-03-11,2,-2.6606015037593984,-2.6606015037593984,0.0
train,shape_without_momentum,2024-03-12,2,-14.03271249076128,-14.03271249076128,0.0
train,shape_without_momentum,2024-03-13,1,7.2526865671641785,7.2526865671641785,0.0
train,shape_without_momentum,2024-03-15,2,2.512387946315518,6.011406400739393,-3.499018454423875
train,shape_without_momentum,2024-03-18,2,-5.281171366594386,-5.281171366594386,0.0
train,shape_without_momentum,2024-03-21,2,-12.42000000000001,-12.42000000000001,0.0
train,shape_without_momentum,2024-03-22,1,-6.210000000000005,-6.210000000000005,0.0
train,shape_without_momentum,2024-03-25,2,7.49179735593901,7.49179735593901,0.0
train,shape_without_momentum,2024-03-26,2,19.97603960396039,19.97603960396039,0.0
train,shape_without_momentum,2024-04-02,1,-7.2702556299452334,-7.2702556299452334,0.0
train,shape_without_momentum,2024-04-08,2,-9.949411764705909,-12.42000000000001,2.4705882352941018
train,shape_without_momentum,2024-04-12,2,22.171954022988505,22.171954022988505,0.0
train,shape_without_momentum,2024-04-15,1,3.1696016898008263,3.1696016898008263,0.0
train,shape_without_momentum,2024-04-22,2,4.148373493975919,4.148373493975919,0.0
train,shape_without_momentum,2024-04-23,2,14.095986574810102,14.095986574810102,0.0
train,shape_without_momentum,2024-04-24,2,11.582885099812597,21.35435458030259,-9.771469480489994
train,shape_without_momentum,2024-04-25,1,8.413386065850023,8.413386065850023,0.0
train,shape_without_momentum,2024-04-29,1,15.074280936454862,15.074280936454862,0.0
train,shape_without_momentum,2024-05-09,2,-8.622898550724635,-8.622898550724624,-1.0658141036401503e-14
train,shape_without_momentum,2024-05-13,1,-6.210000000000005,-6.210000000000005,0.0
train,shape_without_momentum,2024-05-14,2,-12.420000000000021,-7.577407407407435,-4.842592592592586
train,shape_without_momentum,2024-05-20,1,-6.210000000000005,-6.210000000000005,0.0
train,shape_without_momentum,2024-05-21,1,-2.994503631961266,-2.994503631961266,0.0
train,shape_without_momentum,2024-05-22,2,-12.42000000000001,-12.42000000000001,0.0
train,shape_without_momentum,2024-05-23,1,-6.210000000000005,-6.210000000000005,0.0
train,shape_without_momentum,2024-05-24,1,0.18408866995074288,0.18408866995074288,0.0
train,shape_without_momentum,2024-05-27,1,-6.210000000000005,-6.210000000000005,0.0
train,shape_without_momentum,2024-05-29,1,6.181402714932126,6.181402714932126,0.0
train,shape_without_momentum,2024-05-31,1,-6.210000000000005,-6.210000000000005,0.0
train,shape_without_momentum,2024-06-03,1,-1.1706147934678288,-1.1706147934678288,0.0
train,shape_without_momentum,2024-06-05,1,-6.210000000000005,-6.210000000000005,0.0
train,shape_without_momentum,2024-06-11,1,3.507579250720471,3.507579250720471,0.0
train,shape_without_momentum,2024-06-17,1,-4.914797047970488,-4.914797047970488,0.0
train,shape_without_momentum,2024-06-18,2,-5.354639613920377,-5.354639613920377,0.0
train,shape_without_momentum,2024-06-21,2,-12.42000000000001,-12.42000000000001,0.0
train,shape_without_momentum,2024-06-26,1,2.713076923076917,2.713076923076917,0.0
train,shape_without_momentum,2024-07-01,2,-7.641374045801543,-7.641374045801543,0.0
train,shape_without_momentum,2024-07-02,1,10.497964601769903,10.497964601769903,0.0
train,shape_without_momentum,2024-07-05,1,7.1898642226748235,7.1898642226748235,0.0
train,shape_without_momentum,2024-07-16,2,-12.42000000000001,-12.42000000000001,0.0
train,shape_without_momentum,2024-07-18,1,-4.457660187185032,-4.457660187185032,0.0
train,shape_without_momentum,2024-07-22,1,-6.210000000000005,-6.210000000000005,0.0
train,shape_without_momentum,2024-07-25,2,8.521810604469458,10.225974822157234,-1.7041642176877758
train,shape_without_momentum,2024-07-29,2,-7.931843151024756,-7.931843151024756,0.0
train,shape_without_momentum,2024-07-31,2,-10.042047244094478,-8.622643171806178,-1.4194040722883
train,shape_without_momentum,2024-08-12,1,1.4793477240732091,1.4793477240732091,0.0
train,shape_without_momentum,2024-08-13,2,0.24914766773855668,0.24914766773855668,0.0
train,shape_without_momentum,2024-08-19,1,-6.210000000000005,-6.210000000000005,0.0
train,shape_without_momentum,2024-08-23,1,4.408473895582298,4.408473895582298,0.0
train,shape_without_momentum,2024-08-26,1,3.2588995215311103,3.2588995215311103,0.0
train,shape_without_momentum,2024-08-29,2,-3.3446031746031792,-3.3446031746031792,0.0
train,shape_without_momentum,2024-08-30,2,-3.220391041592576,-3.220391041592576,0.0
train,shape_without_momentum,2024-09-10,1,-2.378674698795181,-2.378674698795181,0.0
train,shape_without_momentum,2024-09-18,2,1.3524732477452432,1.3524732477452432,0.0
train,shape_without_momentum,2024-09-19,2,9.036247328219636,20.665599952455448,-11.629352624235812
train,shape_without_momentum,2024-09-23,1,17.00915285451199,17.00915285451199,0.0
train,shape_without_momentum,2024-09-24,2,65.86035620188156,43.23085416113101,22.629502040750545
train,shape_without_momentum,2024-10-18,2,-6.84811540449334,-6.84811540449334,0.0
train,shape_without_momentum,2024-10-24,1,-6.210000000000005,-6.210000000000005,0.0
train,shape_without_momentum,2024-10-25,2,15.26399592252805,3.1529537366547826,12.111042185873266
train,shape_without_momentum,2024-10-31,2,1.5429629629629664,1.5429629629629664,0.0
train,shape_without_momentum,2024-11-01,2,5.877350731514428,5.877350731514428,0.0
train,shape_without_momentum,2024-11-05,1,6.53509803921568,6.53509803921568,0.0
train,shape_without_momentum,2024-11-08,2,-0.7852253909843583,-0.7852253909843583,0.0
train,shape_without_momentum,2024-11-11,2,-12.42000000000001,-13.13452236333518,0.7145223633351687
train,shape_without_momentum,2024-11-13,1,-6.210000000000005,-6.210000000000005,0.0
train,shape_without_momentum,2024-11-19,1,14.99737327188939,14.99737327188939,0.0
train,shape_without_momentum,2024-11-25,1,4.156666666666674,4.156666666666674,0.0
train,shape_without_momentum,2024-11-28,1,1.5775920084121866,1.5775920084121866,0.0
train,shape_without_momentum,2024-11-29,1,3.987901049475261,3.987901049475261,0.0
train,shape_without_momentum,2024-12-02,1,0.8954813450023016,0.8954813450023016,0.0
train,shape_without_momentum,2024-12-05,2,-1.7982122717850175,-1.7982122717850175,0.0
train,shape_without_momentum,2024-12-09,1,11.956666666666658,11.956666666666658,0.0
train,shape_without_momentum,2024-12-10,2,-14.00064516129034,-12.939669551534207,-1.0609756097561327
train,shape_without_momentum,2024-12-11,1,12.989577613516355,12.989577613516355,0.0
train,shape_without_momentum,2024-12-13,2,-12.420000000000021,-12.420000000000021,0.0
train,shape_without_momentum,2024-12-16,2,-12.420000000000021,-12.420000000000021,0.0
train,shape_without_momentum,2024-12-18,1,21.387654294500443,21.387654294500443,0.0
train,shape_without_momentum,2024-12-19,1,-6.209999999999995,-6.209999999999995,0.0
train,shape_without_momentum,2024-12-20,1,-1.7595867768595128,-1.7595867768595128,0.0
train,shape_without_momentum,2024-12-26,1,-6.210000000000005,-6.210000000000005,0.0
train,shape_without_momentum,2024-12-30,2,-12.420000000000021,-12.420000000000021,0.0
train,shape_without_momentum,2025-01-02,1,-6.210000000000005,-6.210000000000005,0.0
train,shape_without_momentum,2025-01-07,1,2.2540342822160877,2.2540342822160877,0.0
train,shape_without_momentum,2025-01-10,1,-0.8561538461538407,-0.8561538461538407,0.0
train,shape_without_momentum,2025-01-13,1,7.88806835066864,7.88806835066864,0.0
train,shape_without_momentum,2025-01-14,2,11.442458714129387,5.609850746268649,5.832607967860738
train,shape_without_momentum,2025-01-17,2,5.652208517286271,2.0100486845260317,3.642159832760239
train,shape_without_momentum,2025-01-20,2,4.014307566238727,14.91881122103713,-10.904503654798404
train,shape_without_momentum,2025-01-23,2,-6.80323353293414,10.03089877770826,-16.8341323106424
train,shape_without_momentum,2025-01-24,2,7.898324076147277,16.083829087457,-8.185505011309726
train,shape_without_momentum,2025-02-06,2,-4.090708359923425,-4.090708359923425,0.0
train,shape_without_momentum,2025-02-12,2,-10.985792149684784,-10.985792149684784,0.0
train,shape_without_momentum,2025-02-14,2,-12.42000000000001,-12.42000000000001,0.0
train,shape_without_momentum,2025-02-17,2,17.832631578947343,31.782650511169994,-13.950018932222651
train,shape_without_momentum,2025-02-19,2,10.961770393316426,10.961770393316426,0.0
train,shape_without_momentum,2025-02-24,1,-6.210000000000005,-6.210000000000005,0.0
train,shape_without_momentum,2025-02-25,1,-6.210000000000005,-6.210000000000005,0.0
train,shape_without_momentum,2025-02-26,2,-12.42000000000001,-12.42000000000001,0.0
train,shape_without_momentum,2025-03-05,1,-7.625384615384624,-7.625384615384624,0.0
train,shape_without_momentum,2025-03-06,2,-5.506497288038827,-5.506497288038827,0.0
train,shape_without_momentum,2025-03-10,2,-10.19622377622379,-10.19622377622379,0.0
train,shape_without_momentum,2025-03-11,1,2.2258974358974495,2.2258974358974495,0.0
train,shape_without_momentum,2025-03-12,2,3.080063609920834,3.080063609920834,0.0
train,shape_without_momentum,2025-03-14,2,-7.608487188487191,5.242959794696308,-12.8514469831835
train,shape_without_momentum,2025-03-17,2,28.64066163956221,28.64066163956221,0.0
train,shape_without_momentum,2025-03-19,1,-6.210000000000005,-6.210000000000005,0.0
train,shape_without_momentum,2025-03-20,2,-12.420000000000021,-12.420000000000021,0.0
train,shape_without_momentum,2025-03-21,2,-12.420000000000021,-12.420000000000021,0.0
train,shape_without_momentum,2025-03-24,1,-6.210000000000005,-6.210000000000005,0.0
train,shape_without_momentum,2025-03-25,1,33.47983957219254,33.47983957219254,0.0
train,shape_without_momentum,2025-03-26,1,-6.210000000000005,-6.210000000000005,0.0
train,shape_without_momentum,2025-03-31,1,-21.336760563380267,-21.336760563380267,0.0
train,shape_without_momentum,2025-04-17,2,-1.2860526910959198,-10.677425742574222,9.391373051478302
train,shape_without_momentum,2025-04-18,2,2.158231292516975,2.158231292516975,0.0
train,shape_without_momentum,2025-04-21,2,12.842397534151239,28.059069160724825,-15.216671626573586
train,shape_without_momentum,2025-04-24,2,-12.420000000000021,-12.420000000000021,0.0
train,shape_without_momentum,2025-04-25,1,4.279795918367334,4.279795918367334,0.0
train,shape_without_momentum,2025-04-28,1,2.8160380014074606,2.8160380014074606,0.0
train,shape_without_momentum,2025-04-29,2,-4.021918465227849,-7.285709459459479,3.2637909942316305
train,shape_without_momentum,2025-05-09,2,15.787221233544386,2.183942477010401,13.603278756533985
train,shape_without_momentum,2025-05-12,2,-1.3254288440177637,-1.3254288440177637,0.0
train,shape_without_momentum,2025-05-13,2,-1.0616382252559804,-1.0616382252559804,0.0
train,shape_without_momentum,2025-05-15,2,16.87826781233461,16.87826781233461,0.0
train,shape_without_momentum,2025-05-16,2,-5.5010810810810735,22.498918918918918,-27.999999999999993
train,shape_without_momentum,2025-05-19,1,-6.209999999999995,-6.209999999999995,0.0
train,shape_without_momentum,2025-05-20,1,9.76506234413965,9.76506234413965,0.0
train,shape_without_momentum,2025-05-21,1,4.4442553191489145,4.4442553191489145,0.0
train,shape_without_momentum,2025-05-29,1,-1.8187751371115177,-1.8187751371115177,0.0
train,shape_without_momentum,2025-05-30,1,3.7060839160839123,3.7060839160839123,0.0
train,shape_without_momentum,2025-06-03,2,2.6035690235690394,-4.9934453223242325,7.597014345893272
train,shape_without_momentum,2025-06-04,1,2.6380625840361818,2.6380625840361818,0.0
train,shape_without_momentum,2025-06-06,2,22.362521571995273,22.588996851102117,-0.22647527910684317
train,shape_without_momentum,2025-06-09,2,-7.9801037257345016,10.004820131709067,-17.98492385744357
train,shape_without_momentum,2025-06-10,1,13.51549019607845,13.51549019607845,0.0
train,shape_without_momentum,2025-06-12,2,-8.773835750460414,-8.773835750460414,0.0
train,shape_without_momentum,2025-06-20,1,2.361428571428558,2.361428571428558,0.0
train,shape_without_momentum,2025-06-23,2,-0.4914995675689777,-6.216888326813887,5.725388759244909
train,support_efficiency,2024-01-05,2,-12.420000000000021,-5.09794817556848,-7.322051824431541
train,support_efficiency,2024-01-09,1,5.915897760878729,5.915897760878729,0.0
train,support_efficiency,2024-01-11,2,-8.091788305591132,-8.091788305591132,0.0
train,support_efficiency,2024-01-18,1,-7.834408340795696,-7.834408340795696,0.0
train,support_efficiency,2024-02-21,2,7.6904468219005855,9.706438293115925,-2.0159914712153393
train,support_efficiency,2024-02-22,1,3.623772314896078,3.623772314896078,0.0
train,support_efficiency,2024-02-26,1,2.9254642313546455,2.9254642313546455,0.0
train,support_efficiency,2024-02-27,1,-6.53816408204101,-6.53816408204101,0.0
train,support_efficiency,2024-03-05,1,14.219400386847191,14.219400386847191,0.0
train,support_efficiency,2024-03-06,1,-6.538671328671332,-6.538671328671332,0.0
train,support_efficiency,2024-03-07,1,-2.1100000000000017,-2.1100000000000017,0.0
train,support_efficiency,2024-03-08,2,1.7268468468468283,9.653333333333332,-7.926486486486504
train,support_efficiency,2024-03-11,2,-2.6606015037593984,-2.6606015037593984,0.0
train,support_efficiency,2024-03-12,2,-14.03271249076128,-14.03271249076128,0.0
train,support_efficiency,2024-03-13,1,7.2526865671641785,7.2526865671641785,0.0
train,support_efficiency,2024-03-15,2,2.512387946315518,6.011406400739393,-3.499018454423875
train,support_efficiency,2024-03-18,2,1.2804891950661794,-5.281171366594386,6.561660561660565
train,support_efficiency,2024-03-21,2,-12.42000000000001,-12.42000000000001,0.0
train,support_efficiency,2024-03-22,1,-6.210000000000005,-6.210000000000005,0.0
train,support_efficiency,2024-03-25,2,7.49179735593901,7.49179735593901,0.0
train,support_efficiency,2024-03-26,2,19.97603960396039,19.97603960396039,0.0
train,support_efficiency,2024-04-02,1,-7.2702556299452334,-7.2702556299452334,0.0
train,support_efficiency,2024-04-08,2,-9.94941176470592,-12.42000000000001,2.470588235294091
train,support_efficiency,2024-04-12,2,22.171954022988505,22.171954022988505,0.0
train,support_efficiency,2024-04-15,1,3.1696016898008263,3.1696016898008263,0.0
train,support_efficiency,2024-04-22,2,7.434666328866888,4.148373493975919,3.2862928348909692
train,support_efficiency,2024-04-23,2,10.88488815244408,14.095986574810102,-3.211098422366021
train,support_efficiency,2024-04-24,2,11.582885099812597,21.35435458030259,-9.771469480489994
train,support_efficiency,2024-04-25,1,8.413386065850023,8.413386065850023,0.0
train,support_efficiency,2024-04-29,1,15.074280936454862,15.074280936454862,0.0
train,support_efficiency,2024-05-09,2,2.872072619268438,-8.622898550724624,11.494971169993063
train,support_efficiency,2024-05-13,1,-6.210000000000005,-6.210000000000005,0.0
train,support_efficiency,2024-05-14,2,-7.577407407407446,-7.577407407407435,-1.0658141036401503e-14
train,support_efficiency,2024-05-20,1,-6.210000000000005,-6.210000000000005,0.0
train,support_efficiency,2024-05-21,1,-2.994503631961266,-2.994503631961266,0.0
train,support_efficiency,2024-05-22,2,-9.882603878116349,-12.42000000000001,2.5373961218836616
train,support_efficiency,2024-05-23,1,-6.210000000000005,-6.210000000000005,0.0
train,support_efficiency,2024-05-24,1,0.18408866995074288,0.18408866995074288,0.0
train,support_efficiency,2024-05-27,1,-6.210000000000005,-6.210000000000005,0.0
train,support_efficiency,2024-05-29,1,6.181402714932126,6.181402714932126,0.0
train,support_efficiency,2024-05-31,1,-6.210000000000005,-6.210000000000005,0.0
train,support_efficiency,2024-06-03,1,-1.1706147934678288,-1.1706147934678288,0.0
train,support_efficiency,2024-06-05,1,-6.210000000000005,-6.210000000000005,0.0
train,support_efficiency,2024-06-11,1,3.507579250720471,3.507579250720471,0.0
train,support_efficiency,2024-06-17,1,-4.914797047970488,-4.914797047970488,0.0
train,support_efficiency,2024-06-18,2,-14.086666666666671,-5.354639613920377,-8.732027052746293
train,support_efficiency,2024-06-21,2,-12.42000000000001,-12.42000000000001,0.0
train,support_efficiency,2024-06-26,1,2.713076923076917,2.713076923076917,0.0
train,support_efficiency,2024-07-01,2,-7.641374045801543,-7.641374045801543,0.0
train,support_efficiency,2024-07-02,1,10.497964601769903,10.497964601769903,0.0
train,support_efficiency,2024-07-05,1,7.1898642226748235,7.1898642226748235,0.0
train,support_efficiency,2024-07-16,2,-6.599372197309418,-12.42000000000001,5.820627802690592
train,support_efficiency,2024-07-18,1,-4.457660187185032,-4.457660187185032,0.0
train,support_efficiency,2024-07-22,1,-6.210000000000005,-6.210000000000005,0.0
train,support_efficiency,2024-07-25,2,8.521810604469458,10.225974822157234,-1.7041642176877758
train,support_efficiency,2024-07-29,2,-7.931843151024756,-7.931843151024756,0.0
train,support_efficiency,2024-07-31,2,-6.244690415900646,-8.622643171806178,2.3779527559055325
train,support_efficiency,2024-08-12,1,1.4793477240732091,1.4793477240732091,0.0
train,support_efficiency,2024-08-13,2,0.24914766773855668,0.24914766773855668,0.0
train,support_efficiency,2024-08-19,1,-6.210000000000005,-6.210000000000005,0.0
train,support_efficiency,2024-08-23,1,4.408473895582298,4.408473895582298,0.0
train,support_efficiency,2024-08-26,1,3.2588995215311103,3.2588995215311103,0.0
train,support_efficiency,2024-08-29,2,-3.3446031746031792,-3.3446031746031792,0.0
train,support_efficiency,2024-08-30,2,-3.220391041592576,-3.220391041592576,0.0
train,support_efficiency,2024-09-10,1,-2.378674698795181,-2.378674698795181,0.0
train,support_efficiency,2024-09-18,2,1.3524732477452432,1.3524732477452432,0.0
train,support_efficiency,2024-09-19,2,20.82458204334366,20.665599952455448,0.15898209088821247
train,support_efficiency,2024-09-23,1,17.00915285451199,17.00915285451199,0.0
train,support_efficiency,2024-09-24,2,50.78350586491085,43.23085416113101,7.552651703779837
train,support_efficiency,2024-10-18,2,3.1230098129791033,-6.84811540449334,9.971125217472444
train,support_efficiency,2024-10-24,1,-6.210000000000005,-6.210000000000005,0.0
train,support_efficiency,2024-10-25,2,3.1529537366547826,3.1529537366547826,0.0
train,support_efficiency,2024-10-31,2,-15.572980842617813,1.5429629629629664,-17.11594380558078
train,support_efficiency,2024-11-01,2,5.877350731514428,5.877350731514428,0.0
train,support_efficiency,2024-11-05,1,6.53509803921568,6.53509803921568,0.0
train,support_efficiency,2024-11-08,2,-0.7852253909843583,-0.7852253909843583,0.0
train,support_efficiency,2024-11-11,2,-13.13452236333518,-13.13452236333518,0.0
train,support_efficiency,2024-11-13,1,-6.210000000000005,-6.210000000000005,0.0
train,support_efficiency,2024-11-19,1,14.99737327188939,14.99737327188939,0.0
train,support_efficiency,2024-11-25,1,4.156666666666674,4.156666666666674,0.0
train,support_efficiency,2024-11-28,1,1.5775920084121866,1.5775920084121866,0.0
train,support_efficiency,2024-11-29,1,3.987901049475261,3.987901049475261,0.0
train,support_efficiency,2024-12-02,1,0.8954813450023016,0.8954813450023016,0.0
train,support_efficiency,2024-12-05,2,6.3896828389937355,-1.7982122717850175,8.187895110778753
train,support_efficiency,2024-12-09,1,11.956666666666658,11.956666666666658,0.0
train,support_efficiency,2024-12-10,2,-2.482139968133314,-12.939669551534207,10.457529583400893
train,support_efficiency,2024-12-11,1,12.989577613516355,12.989577613516355,0.0
train,support_efficiency,2024-12-13,2,-12.420000000000021,-12.420000000000021,0.0
train,support_efficiency,2024-12-16,2,-12.420000000000021,-12.420000000000021,0.0
train,support_efficiency,2024-12-18,1,21.387654294500443,21.387654294500443,0.0
train,support_efficiency,2024-12-19,1,-6.209999999999995,-6.209999999999995,0.0
train,support_efficiency,2024-12-20,1,-1.7595867768595128,-1.7595867768595128,0.0
train,support_efficiency,2024-12-26,1,-6.210000000000005,-6.210000000000005,0.0
train,support_efficiency,2024-12-30,2,-12.420000000000021,-12.420000000000021,0.0
train,support_efficiency,2025-01-02,1,-6.210000000000005,-6.210000000000005,0.0
train,support_efficiency,2025-01-07,1,2.2540342822160877,2.2540342822160877,0.0
train,support_efficiency,2025-01-10,1,-0.8561538461538407,-0.8561538461538407,0.0
train,support_efficiency,2025-01-13,1,7.88806835066864,7.88806835066864,0.0
train,support_efficiency,2025-01-14,2,-6.663902439024396,5.609850746268649,-12.273753185293046
train,support_efficiency,2025-01-17,2,6.940543307005529,2.0100486845260317,4.930494622479498
train,support_efficiency,2025-01-20,2,0.2704579394145794,14.91881122103713,-14.648353281622551
train,support_efficiency,2025-01-23,2,-1.8626401257202732,10.03089877770826,-11.893538903428531
train,support_efficiency,2025-01-24,2,7.898324076147277,16.083829087457,-8.185505011309726
train,support_efficiency,2025-02-06,2,3.349041248840255,-4.090708359923425,7.439749608763679
train,support_efficiency,2025-02-12,2,-10.985792149684784,-10.985792149684784,0.0
train,support_efficiency,2025-02-14,2,-12.42000000000001,-12.42000000000001,0.0
train,support_efficiency,2025-02-17,2,19.237022136493028,31.782650511169994,-12.545628374676966
train,support_efficiency,2025-02-19,2,10.961770393316426,10.961770393316426,0.0
train,support_efficiency,2025-02-24,1,-6.210000000000005,-6.210000000000005,0.0
train,support_efficiency,2025-02-25,1,-6.210000000000005,-6.210000000000005,0.0
train,support_efficiency,2025-02-26,2,-12.42000000000001,-12.42000000000001,0.0
train,support_efficiency,2025-03-05,1,-7.625384615384624,-7.625384615384624,0.0
train,support_efficiency,2025-03-06,2,-1.0611191367783341,-5.506497288038827,4.445378151260493
train,support_efficiency,2025-03-10,2,-10.19622377622379,-10.19622377622379,0.0
train,support_efficiency,2025-03-11,1,2.2258974358974495,2.2258974358974495,0.0
train,support_efficiency,2025-03-12,2,3.080063609920834,3.080063609920834,0.0
train,support_efficiency,2025-03-14,2,0.16330107110595726,5.242959794696308,-5.0796587235903505
train,support_efficiency,2025-03-17,2,28.64066163956221,28.64066163956221,0.0
train,support_efficiency,2025-03-19,1,-6.210000000000005,-6.210000000000005,0.0
train,support_efficiency,2025-03-20,2,-12.420000000000021,-12.420000000000021,0.0
train,support_efficiency,2025-03-21,2,-12.420000000000021,-12.420000000000021,0.0
train,support_efficiency,2025-03-24,1,-6.210000000000005,-6.210000000000005,0.0
train,support_efficiency,2025-03-25,1,33.47983957219254,33.47983957219254,0.0
train,support_efficiency,2025-03-26,1,-6.210000000000005,-6.210000000000005,0.0
train,support_efficiency,2025-03-31,1,-21.336760563380267,-21.336760563380267,0.0
train,support_efficiency,2025-04-17,2,-10.677425742574222,-10.677425742574222,0.0
train,support_efficiency,2025-04-18,2,2.158231292516975,2.158231292516975,0.0
train,support_efficiency,2025-04-21,2,12.842397534151239,28.059069160724825,-15.216671626573586
train,support_efficiency,2025-04-24,2,7.363482142857133,-12.420000000000021,19.783482142857153
train,support_efficiency,2025-04-25,1,4.279795918367334,4.279795918367334,0.0
train,support_efficiency,2025-04-28,1,2.8160380014074606,2.8160380014074606,0.0
train,support_efficiency,2025-04-29,2,4.290850086854334,-7.285709459459479,11.576559546313813
train,support_efficiency,2025-05-09,2,5.156962967060326,2.183942477010401,2.973020490049925
train,support_efficiency,2025-05-12,2,-1.3254288440177637,-1.3254288440177637,0.0
train,support_efficiency,2025-05-13,2,-1.0616382252559804,-1.0616382252559804,0.0
train,support_efficiency,2025-05-15,2,-0.4605748098055935,16.87826781233461,-17.338842622140202
train,support_efficiency,2025-05-16,2,-8.726741777212435,22.498918918918918,-31.225660696131353
train,support_efficiency,2025-05-19,1,-6.209999999999995,-6.209999999999995,0.0
train,support_efficiency,2025-05-20,1,9.76506234413965,9.76506234413965,0.0
train,support_efficiency,2025-05-21,1,4.4442553191489145,4.4442553191489145,0.0
train,support_efficiency,2025-05-29,1,-1.8187751371115177,-1.8187751371115177,0.0
train,support_efficiency,2025-05-30,1,3.7060839160839123,3.7060839160839123,0.0
train,support_efficiency,2025-06-03,2,2.6035690235690394,-4.9934453223242325,7.597014345893272
train,support_efficiency,2025-06-04,1,2.6380625840361818,2.6380625840361818,0.0
train,support_efficiency,2025-06-06,2,9.564051036682606,22.588996851102117,-13.02494581441951
train,support_efficiency,2025-06-09,2,-10.293834920332136,10.004820131709067,-20.298655052041205
train,support_efficiency,2025-06-10,1,13.51549019607845,13.51549019607845,0.0
train,support_efficiency,2025-06-12,2,-8.773835750460414,-8.773835750460414,0.0
train,support_efficiency,2025-06-20,1,2.361428571428558,2.361428571428558,0.0
train,support_efficiency,2025-06-23,2,-0.4914995675689777,-6.216888326813887,5.725388759244909
train,quiet_breakout,2024-01-05,2,-5.09794817556848,-5.09794817556848,0.0
train,quiet_breakout,2024-01-09,1,5.915897760878729,5.915897760878729,0.0
train,quiet_breakout,2024-01-11,2,-8.091788305591132,-8.091788305591132,0.0
train,quiet_breakout,2024-01-18,1,-7.834408340795696,-7.834408340795696,0.0
train,quiet_breakout,2024-02-21,2,9.706438293115925,9.706438293115925,0.0
train,quiet_breakout,2024-02-22,1,3.623772314896078,3.623772314896078,0.0
train,quiet_breakout,2024-02-26,1,2.9254642313546455,2.9254642313546455,0.0
train,quiet_breakout,2024-02-27,1,-6.53816408204101,-6.53816408204101,0.0
train,quiet_breakout,2024-03-05,1,14.219400386847191,14.219400386847191,0.0
train,quiet_breakout,2024-03-06,1,-6.538671328671332,-6.538671328671332,0.0
train,quiet_breakout,2024-03-07,1,-2.1100000000000017,-2.1100000000000017,0.0
train,quiet_breakout,2024-03-08,2,-5.953333333333368,9.653333333333332,-15.606666666666701
train,quiet_breakout,2024-03-11,2,-2.6606015037593984,-2.6606015037593984,0.0
train,quiet_breakout,2024-03-12,2,-14.03271249076128,-14.03271249076128,0.0
train,quiet_breakout,2024-03-13,1,7.2526865671641785,7.2526865671641785,0.0
train,quiet_breakout,2024-03-15,2,-0.2704713403402299,6.011406400739393,-6.281877741079622
train,quiet_breakout,2024-03-18,2,1.2804891950661794,-5.281171366594386,6.561660561660565
train,quiet_breakout,2024-03-21,2,-12.42000000000001,-12.42000000000001,0.0
train,quiet_breakout,2024-03-22,1,-6.210000000000005,-6.210000000000005,0.0
train,quiet_breakout,2024-03-25,2,7.49179735593901,7.49179735593901,0.0
train,quiet_breakout,2024-03-26,2,19.97603960396039,19.97603960396039,0.0
train,quiet_breakout,2024-04-02,1,-7.2702556299452334,-7.2702556299452334,0.0
train,quiet_breakout,2024-04-08,2,-12.420000000000021,-12.42000000000001,-1.0658141036401503e-14
train,quiet_breakout,2024-04-12,2,22.171954022988505,22.171954022988505,0.0
train,quiet_breakout,2024-04-15,1,3.1696016898008263,3.1696016898008263,0.0
train,quiet_breakout,2024-04-22,2,4.148373493975919,4.148373493975919,0.0
train,quiet_breakout,2024-04-23,2,11.509869139880589,14.095986574810102,-2.5861174349295126
train,quiet_breakout,2024-04-24,2,11.582885099812597,21.35435458030259,-9.771469480489994
train,quiet_breakout,2024-04-25,1,8.413386065850023,8.413386065850023,0.0
train,quiet_breakout,2024-04-29,1,15.074280936454862,15.074280936454862,0.0
train,quiet_breakout,2024-05-09,2,-6.202522231312037,-8.622898550724624,2.420376319412587
train,quiet_breakout,2024-05-13,1,-6.210000000000005,-6.210000000000005,0.0
train,quiet_breakout,2024-05-14,2,-7.577407407407446,-7.577407407407435,-1.0658141036401503e-14
train,quiet_breakout,2024-05-20,1,-6.210000000000005,-6.210000000000005,0.0
train,quiet_breakout,2024-05-21,1,-2.994503631961266,-2.994503631961266,0.0
train,quiet_breakout,2024-05-22,2,-9.882603878116349,-12.42000000000001,2.5373961218836616
train,quiet_breakout,2024-05-23,1,-6.210000000000005,-6.210000000000005,0.0
train,quiet_breakout,2024-05-24,1,0.18408866995074288,0.18408866995074288,0.0
train,quiet_breakout,2024-05-27,1,-6.210000000000005,-6.210000000000005,0.0
train,quiet_breakout,2024-05-29,1,6.181402714932126,6.181402714932126,0.0
train,quiet_breakout,2024-05-31,1,-6.210000000000005,-6.210000000000005,0.0
train,quiet_breakout,2024-06-03,1,-1.1706147934678288,-1.1706147934678288,0.0
train,quiet_breakout,2024-06-05,1,-6.210000000000005,-6.210000000000005,0.0
train,quiet_breakout,2024-06-11,1,3.507579250720471,3.507579250720471,0.0
train,quiet_breakout,2024-06-17,1,-4.914797047970488,-4.914797047970488,0.0
train,quiet_breakout,2024-06-18,2,-12.42,-5.354639613920377,-7.065360386079623
train,quiet_breakout,2024-06-21,2,-12.42000000000001,-12.42000000000001,0.0
train,quiet_breakout,2024-06-26,1,2.713076923076917,2.713076923076917,0.0
train,quiet_breakout,2024-07-01,2,-7.641374045801543,-7.641374045801543,0.0
train,quiet_breakout,2024-07-02,1,10.497964601769903,10.497964601769903,0.0
train,quiet_breakout,2024-07-05,1,7.1898642226748235,7.1898642226748235,0.0
train,quiet_breakout,2024-07-16,2,-12.42000000000001,-12.42000000000001,0.0
train,quiet_breakout,2024-07-18,1,-4.457660187185032,-4.457660187185032,0.0
train,quiet_breakout,2024-07-22,1,-6.210000000000005,-6.210000000000005,0.0
train,quiet_breakout,2024-07-25,2,10.225974822157234,10.225974822157234,0.0
train,quiet_breakout,2024-07-29,2,-7.931843151024756,-7.931843151024756,0.0
train,quiet_breakout,2024-07-31,2,-10.042047244094478,-8.622643171806178,-1.4194040722883
train,quiet_breakout,2024-08-12,1,1.4793477240732091,1.4793477240732091,0.0
train,quiet_breakout,2024-08-13,2,0.24914766773855668,0.24914766773855668,0.0
train,quiet_breakout,2024-08-19,1,-6.210000000000005,-6.210000000000005,0.0
train,quiet_breakout,2024-08-23,1,4.408473895582298,4.408473895582298,0.0
train,quiet_breakout,2024-08-26,1,3.2588995215311103,3.2588995215311103,0.0
train,quiet_breakout,2024-08-29,2,-3.3446031746031792,-3.3446031746031792,0.0
train,quiet_breakout,2024-08-30,2,-3.220391041592576,-3.220391041592576,0.0
train,quiet_breakout,2024-09-10,1,-2.378674698795181,-2.378674698795181,0.0
train,quiet_breakout,2024-09-18,2,1.3524732477452432,1.3524732477452432,0.0
train,quiet_breakout,2024-09-19,2,33.88751910628071,20.665599952455448,13.221919153825265
train,quiet_breakout,2024-09-23,1,17.00915285451199,17.00915285451199,0.0
train,quiet_breakout,2024-09-24,2,53.403163004558806,43.23085416113101,10.172308843427793
train,quiet_breakout,2024-10-18,2,-0.9666686323876257,-6.84811540449334,5.881446772105715
train,quiet_breakout,2024-10-24,1,-6.210000000000005,-6.210000000000005,0.0
train,quiet_breakout,2024-10-25,2,3.1529537366547826,3.1529537366547826,0.0
train,quiet_breakout,2024-10-31,2,-15.572980842617813,1.5429629629629664,-17.11594380558078
train,quiet_breakout,2024-11-01,2,5.877350731514428,5.877350731514428,0.0
train,quiet_breakout,2024-11-05,1,6.53509803921568,6.53509803921568,0.0
train,quiet_breakout,2024-11-08,2,-0.7852253909843583,-0.7852253909843583,0.0
train,quiet_breakout,2024-11-11,2,-12.42000000000001,-13.13452236333518,0.7145223633351687
train,quiet_breakout,2024-11-13,1,-6.210000000000005,-6.210000000000005,0.0
train,quiet_breakout,2024-11-19,1,14.99737327188939,14.99737327188939,0.0
train,quiet_breakout,2024-11-25,1,4.156666666666674,4.156666666666674,0.0
train,quiet_breakout,2024-11-28,1,1.5775920084121866,1.5775920084121866,0.0
train,quiet_breakout,2024-11-29,1,3.987901049475261,3.987901049475261,0.0
train,quiet_breakout,2024-12-02,1,0.8954813450023016,0.8954813450023016,0.0
train,quiet_breakout,2024-12-05,2,-1.3823306361810745,-1.7982122717850175,0.415881635603943
train,quiet_breakout,2024-12-09,1,11.956666666666658,11.956666666666658,0.0
train,quiet_breakout,2024-12-10,2,-6.043115577889437,-12.939669551534207,6.89655397364477
train,quiet_breakout,2024-12-11,1,12.989577613516355,12.989577613516355,0.0
train,quiet_breakout,2024-12-13,2,-12.420000000000021,-12.420000000000021,0.0
train,quiet_breakout,2024-12-16,2,-12.420000000000021,-12.420000000000021,0.0
train,quiet_breakout,2024-12-18,1,21.387654294500443,21.387654294500443,0.0
train,quiet_breakout,2024-12-19,1,-6.209999999999995,-6.209999999999995,0.0
train,quiet_breakout,2024-12-20,1,-1.7595867768595128,-1.7595867768595128,0.0
train,quiet_breakout,2024-12-26,1,-6.210000000000005,-6.210000000000005,0.0
train,quiet_breakout,2024-12-30,2,-12.420000000000021,-12.420000000000021,0.0
train,quiet_breakout,2025-01-02,1,-6.210000000000005,-6.210000000000005,0.0
train,quiet_breakout,2025-01-07,1,2.2540342822160877,2.2540342822160877,0.0
train,quiet_breakout,2025-01-10,1,-0.8561538461538407,-0.8561538461538407,0.0
train,quiet_breakout,2025-01-13,1,7.88806835066864,7.88806835066864,0.0
train,quiet_breakout,2025-01-14,2,10.592901593726264,5.609850746268649,4.983050847457615
train,quiet_breakout,2025-01-17,2,0.8648720032817785,2.0100486845260317,-1.1451766812442532
train,quiet_breakout,2025-01-20,2,-1.2816069294902217,14.91881122103713,-16.20041815052735
train,quiet_breakout,2025-01-23,2,-1.8626401257202732,10.03089877770826,-11.893538903428531
train,quiet_breakout,2025-01-24,2,7.898324076147277,16.083829087457,-8.185505011309726
train,quiet_breakout,2025-02-06,2,-4.090708359923425,-4.090708359923425,0.0
train,quiet_breakout,2025-02-12,2,-10.985792149684784,-10.985792149684784,0.0
train,quiet_breakout,2025-02-14,2,-8.28046511627907,-12.42000000000001,4.139534883720941
train,quiet_breakout,2025-02-17,2,15.845808405906833,31.782650511169994,-15.93684210526316
train,quiet_breakout,2025-02-19,2,10.961770393316426,10.961770393316426,0.0
train,quiet_breakout,2025-02-24,1,-6.210000000000005,-6.210000000000005,0.0
train,quiet_breakout,2025-02-25,1,-6.210000000000005,-6.210000000000005,0.0
train,quiet_breakout,2025-02-26,2,-12.42000000000001,-12.42000000000001,0.0
train,quiet_breakout,2025-03-05,1,-7.625384615384624,-7.625384615384624,0.0
train,quiet_breakout,2025-03-06,2,-5.506497288038827,-5.506497288038827,0.0
train,quiet_breakout,2025-03-10,2,-10.19622377622379,-10.19622377622379,0.0
train,quiet_breakout,2025-03-11,1,2.2258974358974495,2.2258974358974495,0.0
train,quiet_breakout,2025-03-12,2,3.080063609920834,3.080063609920834,0.0
train,quiet_breakout,2025-03-14,2,-2.846582426582424,5.242959794696308,-8.089542221278732
train,quiet_breakout,2025-03-17,2,28.64066163956221,28.64066163956221,0.0
train,quiet_breakout,2025-03-19,1,-6.210000000000005,-6.210000000000005,0.0
train,quiet_breakout,2025-03-20,2,-12.420000000000021,-12.420000000000021,0.0
train,quiet_breakout,2025-03-21,2,-12.420000000000021,-12.420000000000021,0.0
train,quiet_breakout,2025-03-24,1,-6.210000000000005,-6.210000000000005,0.0
train,quiet_breakout,2025-03-25,1,33.47983957219254,33.47983957219254,0.0
train,quiet_breakout,2025-03-26,1,-6.210000000000005,-6.210000000000005,0.0
train,quiet_breakout,2025-03-31,1,-21.336760563380267,-21.336760563380267,0.0
train,quiet_breakout,2025-04-17,2,-7.0721408540523125,-10.677425742574222,3.6052848885219095
train,quiet_breakout,2025-04-18,2,2.158231292516975,2.158231292516975,0.0
train,quiet_breakout,2025-04-21,2,28.059069160724825,28.059069160724825,0.0
train,quiet_breakout,2025-04-24,2,-12.420000000000021,-12.420000000000021,0.0
train,quiet_breakout,2025-04-25,1,4.279795918367334,4.279795918367334,0.0
train,quiet_breakout,2025-04-28,1,2.8160380014074606,2.8160380014074606,0.0
train,quiet_breakout,2025-04-29,2,-3.295000000000016,-7.285709459459479,3.990709459459463
train,quiet_breakout,2025-05-09,2,5.156962967060326,2.183942477010401,2.973020490049925
train,quiet_breakout,2025-05-12,2,-1.3254288440177637,-1.3254288440177637,0.0
train,quiet_breakout,2025-05-13,2,-1.0616382252559804,-1.0616382252559804,0.0
train,quiet_breakout,2025-05-15,2,16.87826781233461,16.87826781233461,0.0
train,quiet_breakout,2025-05-16,2,19.580000000000005,22.498918918918918,-2.918918918918912
train,quiet_breakout,2025-05-19,1,-6.209999999999995,-6.209999999999995,0.0
train,quiet_breakout,2025-05-20,1,9.76506234413965,9.76506234413965,0.0
train,quiet_breakout,2025-05-21,1,4.4442553191489145,4.4442553191489145,0.0
train,quiet_breakout,2025-05-29,1,-1.8187751371115177,-1.8187751371115177,0.0
train,quiet_breakout,2025-05-30,1,3.7060839160839123,3.7060839160839123,0.0
train,quiet_breakout,2025-06-03,2,0.7708644419855175,-4.9934453223242325,5.7643097643097505
train,quiet_breakout,2025-06-04,1,2.6380625840361818,2.6380625840361818,0.0
train,quiet_breakout,2025-06-06,2,9.564051036682606,22.588996851102117,-13.02494581441951
train,quiet_breakout,2025-06-09,2,-6.653277352410926,10.004820131709067,-16.658097484119992
train,quiet_breakout,2025-06-10,1,13.51549019607845,13.51549019607845,0.0
train,quiet_breakout,2025-06-12,2,-8.773835750460414,-8.773835750460414,0.0
train,quiet_breakout,2025-06-20,1,2.361428571428558,2.361428571428558,0.0
train,quiet_breakout,2025-06-23,2,-0.4914995675689777,-6.216888326813887,5.725388759244909
train,thrust_quality,2024-01-05,2,-5.09794817556848,-5.09794817556848,0.0
train,thrust_quality,2024-01-09,1,5.915897760878729,5.915897760878729,0.0
train,thrust_quality,2024-01-11,2,-8.091788305591132,-8.091788305591132,0.0
train,thrust_quality,2024-01-18,1,-7.834408340795696,-7.834408340795696,0.0
train,thrust_quality,2024-02-21,2,9.11441984458605,9.706438293115925,-0.5920184485298741
train,thrust_quality,2024-02-22,1,3.623772314896078,3.623772314896078,0.0
train,thrust_quality,2024-02-26,1,2.9254642313546455,2.9254642313546455,0.0
train,thrust_quality,2024-02-27,1,-6.53816408204101,-6.53816408204101,0.0
train,thrust_quality,2024-03-05,1,14.219400386847191,14.219400386847191,0.0
train,thrust_quality,2024-03-06,1,-6.538671328671332,-6.538671328671332,0.0
train,thrust_quality,2024-03-07,1,-2.1100000000000017,-2.1100000000000017,0.0
train,thrust_quality,2024-03-08,2,-5.953333333333368,9.653333333333332,-15.606666666666701
train,thrust_quality,2024-03-11,2,-2.6606015037593984,-2.6606015037593984,0.0
train,thrust_quality,2024-03-12,2,-14.03271249076128,-14.03271249076128,0.0
train,thrust_quality,2024-03-13,1,7.2526865671641785,7.2526865671641785,0.0
train,thrust_quality,2024-03-15,2,9.498241377443282,6.011406400739393,3.4868349767038893
train,thrust_quality,2024-03-18,2,71.96709677419354,-5.281171366594386,77.24826814078793
train,thrust_quality,2024-03-21,2,-12.42000000000001,-12.42000000000001,0.0
train,thrust_quality,2024-03-22,1,-6.210000000000005,-6.210000000000005,0.0
train,thrust_quality,2024-03-25,2,7.49179735593901,7.49179735593901,0.0
train,thrust_quality,2024-03-26,2,20.533804009463317,19.97603960396039,0.557764405502926
train,thrust_quality,2024-04-02,1,-7.2702556299452334,-7.2702556299452334,0.0
train,thrust_quality,2024-04-08,2,-11.411905018888293,-12.42000000000001,1.008094981111718
train,thrust_quality,2024-04-12,2,22.171954022988505,22.171954022988505,0.0
train,thrust_quality,2024-04-15,1,3.1696016898008263,3.1696016898008263,0.0
train,thrust_quality,2024-04-22,2,4.148373493975919,4.148373493975919,0.0
train,thrust_quality,2024-04-23,2,34.55462980221601,14.095986574810102,20.45864322740591
train,thrust_quality,2024-04-24,2,21.35435458030259,21.35435458030259,0.0
train,thrust_quality,2024-04-25,1,8.413386065850023,8.413386065850023,0.0
train,thrust_quality,2024-04-29,1,15.074280936454862,15.074280936454862,0.0
train,thrust_quality,2024-05-09,2,-0.12749086981791624,-8.622898550724624,8.495407680906709
train,thrust_quality,2024-05-13,1,-6.210000000000005,-6.210000000000005,0.0
train,thrust_quality,2024-05-14,2,-12.420000000000021,-7.577407407407435,-4.842592592592586
train,thrust_quality,2024-05-20,1,-6.210000000000005,-6.210000000000005,0.0
train,thrust_quality,2024-05-21,1,-2.994503631961266,-2.994503631961266,0.0
train,thrust_quality,2024-05-22,2,-12.42000000000001,-12.42000000000001,0.0
train,thrust_quality,2024-05-23,1,-6.210000000000005,-6.210000000000005,0.0
train,thrust_quality,2024-05-24,1,0.18408866995074288,0.18408866995074288,0.0
train,thrust_quality,2024-05-27,1,-6.210000000000005,-6.210000000000005,0.0
train,thrust_quality,2024-05-29,1,6.181402714932126,6.181402714932126,0.0
train,thrust_quality,2024-05-31,1,-6.210000000000005,-6.210000000000005,0.0
train,thrust_quality,2024-06-03,1,-1.1706147934678288,-1.1706147934678288,0.0
train,thrust_quality,2024-06-05,1,-6.210000000000005,-6.210000000000005,0.0
train,thrust_quality,2024-06-11,1,3.507579250720471,3.507579250720471,0.0
train,thrust_quality,2024-06-17,1,-4.914797047970488,-4.914797047970488,0.0
train,thrust_quality,2024-06-18,2,29.566929013530594,-5.354639613920377,34.921568627450974
train,thrust_quality,2024-06-21,2,-12.42000000000001,-12.42000000000001,0.0
train,thrust_quality,2024-06-26,1,2.713076923076917,2.713076923076917,0.0
train,thrust_quality,2024-07-01,2,-7.641374045801543,-7.641374045801543,0.0
train,thrust_quality,2024-07-02,1,10.497964601769903,10.497964601769903,0.0
train,thrust_quality,2024-07-05,1,7.1898642226748235,7.1898642226748235,0.0
train,thrust_quality,2024-07-16,2,-14.321746078721521,-12.42000000000001,-1.9017460787215104
train,thrust_quality,2024-07-18,1,-4.457660187185032,-4.457660187185032,0.0
train,thrust_quality,2024-07-22,1,-6.210000000000005,-6.210000000000005,0.0
train,thrust_quality,2024-07-25,2,15.121956859828243,10.225974822157234,4.8959820376710095
train,thrust_quality,2024-07-29,2,-7.931843151024756,-7.931843151024756,0.0
train,thrust_quality,2024-07-31,2,-12.42000000000001,-8.622643171806178,-3.7973568281938324
train,thrust_quality,2024-08-12,1,1.4793477240732091,1.4793477240732091,0.0
train,thrust_quality,2024-08-13,2,0.24914766773855668,0.24914766773855668,0.0
train,thrust_quality,2024-08-19,1,-6.210000000000005,-6.210000000000005,0.0
train,thrust_quality,2024-08-23,1,4.408473895582298,4.408473895582298,0.0
train,thrust_quality,2024-08-26,1,3.2588995215311103,3.2588995215311103,0.0
train,thrust_quality,2024-08-29,2,-3.3446031746031792,-3.3446031746031792,0.0
train,thrust_quality,2024-08-30,2,-3.220391041592576,-3.220391041592576,0.0
train,thrust_quality,2024-09-10,1,-2.378674698795181,-2.378674698795181,0.0
train,thrust_quality,2024-09-18,2,1.3524732477452432,1.3524732477452432,0.0
train,thrust_quality,2024-09-19,2,9.036247328219636,20.665599952455448,-11.629352624235812
train,thrust_quality,2024-09-23,1,17.00915285451199,17.00915285451199,0.0
train,thrust_quality,2024-09-24,2,43.23085416113101,43.23085416113101,0.0
train,thrust_quality,2024-10-18,2,-4.815313235986819,-6.84811540449334,2.032802168506521
train,thrust_quality,2024-10-24,1,-6.210000000000005,-6.210000000000005,0.0
train,thrust_quality,2024-10-25,2,4.952538243107095,3.1529537366547826,1.7995845064523124
train,thrust_quality,2024-10-31,2,0.20600644122384804,1.5429629629629664,-1.3369565217391184
train,thrust_quality,2024-11-01,2,5.877350731514428,5.877350731514428,0.0
train,thrust_quality,2024-11-05,1,6.53509803921568,6.53509803921568,0.0
train,thrust_quality,2024-11-08,2,-0.7852253909843583,-0.7852253909843583,0.0
train,thrust_quality,2024-11-11,2,0.41064944257653657,-13.13452236333518,13.545171805911716
train,thrust_quality,2024-11-13,1,-6.210000000000005,-6.210000000000005,0.0
train,thrust_quality,2024-11-19,1,14.99737327188939,14.99737327188939,0.0
train,thrust_quality,2024-11-25,1,4.156666666666674,4.156666666666674,0.0
train,thrust_quality,2024-11-28,1,1.5775920084121866,1.5775920084121866,0.0
train,thrust_quality,2024-11-29,1,3.987901049475261,3.987901049475261,0.0
train,thrust_quality,2024-12-02,1,0.8954813450023016,0.8954813450023016,0.0
train,thrust_quality,2024-12-05,2,6.6387344012315594,-1.7982122717850175,8.436946673016577
train,thrust_quality,2024-12-09,1,11.956666666666658,11.956666666666658,0.0
train,thrust_quality,2024-12-10,2,-14.00064516129034,-12.939669551534207,-1.0609756097561327
train,thrust_quality,2024-12-11,1,12.989577613516355,12.989577613516355,0.0
train,thrust_quality,2024-12-13,2,-12.420000000000021,-12.420000000000021,0.0
train,thrust_quality,2024-12-16,2,-12.420000000000021,-12.420000000000021,0.0
train,thrust_quality,2024-12-18,1,21.387654294500443,21.387654294500443,0.0
train,thrust_quality,2024-12-19,1,-6.209999999999995,-6.209999999999995,0.0
train,thrust_quality,2024-12-20,1,-1.7595867768595128,-1.7595867768595128,0.0
train,thrust_quality,2024-12-26,1,-6.210000000000005,-6.210000000000005,0.0
train,thrust_quality,2024-12-30,2,-12.420000000000021,-12.420000000000021,0.0
train,thrust_quality,2025-01-02,1,-6.210000000000005,-6.210000000000005,0.0
train,thrust_quality,2025-01-07,1,2.2540342822160877,2.2540342822160877,0.0
train,thrust_quality,2025-01-10,1,-0.8561538461538407,-0.8561538461538407,0.0
train,thrust_quality,2025-01-13,1,7.88806835066864,7.88806835066864,0.0
train,thrust_quality,2025-01-14,2,-6.587392032139274,5.609850746268649,-12.197242778407922
train,thrust_quality,2025-01-17,2,5.652208517286271,2.0100486845260317,3.642159832760239
train,thrust_quality,2025-01-20,2,4.014307566238727,14.91881122103713,-10.904503654798404
train,thrust_quality,2025-01-23,2,13.2955992392606,10.03089877770826,3.2647004615523407
train,thrust_quality,2025-01-24,2,17.97290639398561,16.083829087457,1.889077306528609
train,thrust_quality,2025-02-06,2,-4.090708359923425,-4.090708359923425,0.0
train,thrust_quality,2025-02-12,2,-10.985792149684784,-10.985792149684784,0.0
train,thrust_quality,2025-02-14,2,-12.42000000000001,-12.42000000000001,0.0
train,thrust_quality,2025-02-17,2,31.782650511169994,31.782650511169994,0.0
train,thrust_quality,2025-02-19,2,10.961770393316426,10.961770393316426,0.0
train,thrust_quality,2025-02-24,1,-6.210000000000005,-6.210000000000005,0.0
train,thrust_quality,2025-02-25,1,-6.210000000000005,-6.210000000000005,0.0
train,thrust_quality,2025-02-26,2,6.832873563218375,-12.42000000000001,19.252873563218387
train,thrust_quality,2025-03-05,1,-7.625384615384624,-7.625384615384624,0.0
train,thrust_quality,2025-03-06,2,-5.506497288038827,-5.506497288038827,0.0
train,thrust_quality,2025-03-10,2,-10.19622377622379,-10.19622377622379,0.0
train,thrust_quality,2025-03-11,1,2.2258974358974495,2.2258974358974495,0.0
train,thrust_quality,2025-03-12,2,3.080063609920834,3.080063609920834,0.0
train,thrust_quality,2025-03-14,2,-15.041540076085527,5.242959794696308,-20.284499870781836
train,thrust_quality,2025-03-17,2,-7.334149443561234,28.64066163956221,-35.97481108312344
train,thrust_quality,2025-03-19,1,-6.210000000000005,-6.210000000000005,0.0
train,thrust_quality,2025-03-20,2,-12.420000000000021,-12.420000000000021,0.0
train,thrust_quality,2025-03-21,2,-12.420000000000021,-12.420000000000021,0.0
train,thrust_quality,2025-03-24,1,-6.210000000000005,-6.210000000000005,0.0
train,thrust_quality,2025-03-25,1,33.47983957219254,33.47983957219254,0.0
train,thrust_quality,2025-03-26,1,-6.210000000000005,-6.210000000000005,0.0
train,thrust_quality,2025-03-31,1,-21.336760563380267,-21.336760563380267,0.0
train,thrust_quality,2025-04-17,2,-1.2860526910959198,-10.677425742574222,9.391373051478302
train,thrust_quality,2025-04-18,2,-2.7728031902416364,2.158231292516975,-4.931034482758611
train,thrust_quality,2025-04-21,2,28.059069160724825,28.059069160724825,0.0
train,thrust_quality,2025-04-24,2,-12.420000000000021,-12.420000000000021,0.0
train,thrust_quality,2025-04-25,1,4.279795918367334,4.279795918367334,0.0
train,thrust_quality,2025-04-28,1,2.8160380014074606,2.8160380014074606,0.0
train,thrust_quality,2025-04-29,2,-4.8027493261455625,-7.285709459459479,2.4829601333139166
train,thrust_quality,2025-05-09,2,15.787221233544386,2.183942477010401,13.603278756533985
train,thrust_quality,2025-05-12,2,-1.3254288440177637,-1.3254288440177637,0.0
train,thrust_quality,2025-05-13,2,-1.0616382252559804,-1.0616382252559804,0.0
train,thrust_quality,2025-05-15,2,16.87826781233461,16.87826781233461,0.0
train,thrust_quality,2025-05-16,2,22.498918918918918,22.498918918918918,0.0
train,thrust_quality,2025-05-19,1,-6.209999999999995,-6.209999999999995,0.0
train,thrust_quality,2025-05-20,1,9.76506234413965,9.76506234413965,0.0
train,thrust_quality,2025-05-21,1,4.4442553191489145,4.4442553191489145,0.0
train,thrust_quality,2025-05-29,1,-1.8187751371115177,-1.8187751371115177,0.0
train,thrust_quality,2025-05-30,1,3.7060839160839123,3.7060839160839123,0.0
train,thrust_quality,2025-06-03,2,2.6035690235690394,-4.9934453223242325,7.597014345893272
train,thrust_quality,2025-06-04,1,2.6380625840361818,2.6380625840361818,0.0
train,thrust_quality,2025-06-06,2,22.588996851102117,22.588996851102117,0.0
train,thrust_quality,2025-06-09,2,2.9341282299842435,10.004820131709067,-7.070691901724824
train,thrust_quality,2025-06-10,1,13.51549019607845,13.51549019607845,0.0
train,thrust_quality,2025-06-12,2,-8.773835750460414,-8.773835750460414,0.0
train,thrust_quality,2025-06-20,1,2.361428571428558,2.361428571428558,0.0
train,thrust_quality,2025-06-23,2,1.4130570807003178,-6.216888326813887,7.629945407514205
train,decisive_breakout_gate,2024-01-05,2,-6.210000000000016,-5.09794817556848,-1.1120518244315356
train,decisive_breakout_gate,2024-01-09,1,5.915897760878729,5.915897760878729,0.0
train,decisive_breakout_gate,2024-01-11,2,0.0,-8.091788305591132,8.091788305591132
train,decisive_breakout_gate,2024-01-18,1,0.0,-7.834408340795696,7.834408340795696
train,decisive_breakout_gate,2024-02-21,2,13.734250208186525,9.706438293115925,4.0278119150706
train,decisive_breakout_gate,2024-02-22,1,3.623772314896078,3.623772314896078,0.0
train,decisive_breakout_gate,2024-02-26,1,2.9254642313546455,2.9254642313546455,0.0
train,decisive_breakout_gate,2024-02-27,1,0.0,-6.53816408204101,6.53816408204101
train,decisive_breakout_gate,2024-03-05,1,0.0,14.219400386847191,-14.219400386847191
train,decisive_breakout_gate,2024-03-06,1,0.0,-6.538671328671332,6.538671328671332
train,decisive_breakout_gate,2024-03-07,1,0.0,-2.1100000000000017,2.1100000000000017
train,decisive_breakout_gate,2024-03-08,2,9.653333333333332,9.653333333333332,0.0
train,decisive_breakout_gate,2024-03-11,2,-6.210000000000005,-2.6606015037593984,-3.549398496240607
train,decisive_breakout_gate,2024-03-12,2,0.0,-14.03271249076128,14.03271249076128
train,decisive_breakout_gate,2024-03-13,1,7.2526865671641785,7.2526865671641785,0.0
train,decisive_breakout_gate,2024-03-15,2,6.011406400739393,6.011406400739393,0.0
train,decisive_breakout_gate,2024-03-18,2,-5.281171366594386,-5.281171366594386,0.0
train,decisive_breakout_gate,2024-03-21,2,-6.210000000000005,-12.42000000000001,6.210000000000005
train,decisive_breakout_gate,2024-03-22,1,0.0,-6.210000000000005,6.210000000000005
train,decisive_breakout_gate,2024-03-25,2,3.6418518518518397,7.49179735593901,-3.84994550408717
train,decisive_breakout_gate,2024-03-26,2,18.199047619047622,19.97603960396039,-1.7769919849127689
train,decisive_breakout_gate,2024-04-02,1,0.0,-7.2702556299452334,7.2702556299452334
train,decisive_breakout_gate,2024-04-08,2,-12.42000000000001,-12.42000000000001,0.0
train,decisive_breakout_gate,2024-04-12,2,28.38195402298851,22.171954022988505,6.210000000000004
train,decisive_breakout_gate,2024-04-15,1,3.1696016898008263,3.1696016898008263,0.0
train,decisive_breakout_gate,2024-04-22,2,4.148373493975919,4.148373493975919,0.0
train,decisive_breakout_gate,2024-04-23,2,14.095986574810102,14.095986574810102,0.0
train,decisive_breakout_gate,2024-04-24,2,21.35435458030259,21.35435458030259,0.0
train,decisive_breakout_gate,2024-04-25,1,0.0,8.413386065850023,-8.413386065850023
train,decisive_breakout_gate,2024-04-29,1,15.074280936454862,15.074280936454862,0.0
train,decisive_breakout_gate,2024-05-09,2,-8.622898550724624,-8.622898550724624,0.0
train,decisive_breakout_gate,2024-05-13,1,-6.210000000000005,-6.210000000000005,0.0
train,decisive_breakout_gate,2024-05-14,2,-7.577407407407435,-7.577407407407435,0.0
train,decisive_breakout_gate,2024-05-20,1,0.0,-6.210000000000005,6.210000000000005
train,decisive_breakout_gate,2024-05-21,1,0.0,-2.994503631961266,2.994503631961266
train,decisive_breakout_gate,2024-05-22,2,-12.42000000000001,-12.42000000000001,0.0
train,decisive_breakout_gate,2024-05-23,1,0.0,-6.210000000000005,6.210000000000005
train,decisive_breakout_gate,2024-05-24,1,0.18408866995074288,0.18408866995074288,0.0
train,decisive_breakout_gate,2024-05-27,1,0.0,-6.210000000000005,6.210000000000005
train,decisive_breakout_gate,2024-05-29,1,6.181402714932126,6.181402714932126,0.0
train,decisive_breakout_gate,2024-05-31,1,0.0,-6.210000000000005,6.210000000000005
train,decisive_breakout_gate,2024-06-03,1,-1.1706147934678288,-1.1706147934678288,0.0
train,decisive_breakout_gate,2024-06-05,1,0.0,-6.210000000000005,6.210000000000005
train,decisive_breakout_gate,2024-06-11,1,0.0,3.507579250720471,-3.507579250720471
train,decisive_breakout_gate,2024-06-17,1,-4.914797047970488,-4.914797047970488,0.0
train,decisive_breakout_gate,2024-06-18,2,-5.354639613920377,-5.354639613920377,0.0
train,decisive_breakout_gate,2024-06-21,2,-6.209999999999995,-12.42000000000001,6.210000000000016
train,decisive_breakout_gate,2024-06-26,1,0.0,2.713076923076917,-2.713076923076917
train,decisive_breakout_gate,2024-07-01,2,0.0,-7.641374045801543,7.641374045801543
train,decisive_breakout_gate,2024-07-02,1,0.0,10.497964601769903,-10.497964601769903
train,decisive_breakout_gate,2024-07-05,1,7.1898642226748235,7.1898642226748235,0.0
train,decisive_breakout_gate,2024-07-16,2,-12.42000000000001,-12.42000000000001,0.0
train,decisive_breakout_gate,2024-07-18,1,-4.457660187185032,-4.457660187185032,0.0
train,decisive_breakout_gate,2024-07-22,1,0.0,-6.210000000000005,6.210000000000005
train,decisive_breakout_gate,2024-07-25,2,1.41575709276378,10.225974822157234,-8.810217729393454
train,decisive_breakout_gate,2024-07-29,2,0.0,-7.931843151024756,7.931843151024756
train,decisive_breakout_gate,2024-07-31,2,-10.042047244094478,-8.622643171806178,-1.4194040722883
train,decisive_breakout_gate,2024-08-12,1,0.0,1.4793477240732091,-1.4793477240732091
train,decisive_breakout_gate,2024-08-13,2,0.0,0.24914766773855668,-0.24914766773855668
train,decisive_breakout_gate,2024-08-19,1,0.0,-6.210000000000005,6.210000000000005
train,decisive_breakout_gate,2024-08-23,1,0.0,4.408473895582298,-4.408473895582298
train,decisive_breakout_gate,2024-08-26,1,3.2588995215311103,3.2588995215311103,0.0
train,decisive_breakout_gate,2024-08-29,2,-6.210000000000016,-3.3446031746031792,-2.8653968253968367
train,decisive_breakout_gate,2024-08-30,2,-2.6237931034482695,-3.220391041592576,0.5965979381443063
train,decisive_breakout_gate,2024-09-10,1,0.0,-2.378674698795181,2.378674698795181
train,decisive_breakout_gate,2024-09-18,2,0.0,1.3524732477452432,-1.3524732477452432
train,decisive_breakout_gate,2024-09-19,2,20.665599952455448,20.665599952455448,0.0
train,decisive_breakout_gate,2024-09-23,1,17.00915285451199,17.00915285451199,0.0
train,decisive_breakout_gate,2024-09-24,2,62.215205209096,43.23085416113101,18.984351047964985
train,decisive_breakout_gate,2024-10-18,2,3.3762213784866972,-6.84811540449334,10.224336782980037
train,decisive_breakout_gate,2024-10-24,1,0.0,-6.210000000000005,6.210000000000005
train,decisive_breakout_gate,2024-10-25,2,8.87535864978901,3.1529537366547826,5.722404913134228
train,decisive_breakout_gate,2024-10-31,2,1.5429629629629664,1.5429629629629664,0.0
train,decisive_breakout_gate,2024-11-01,2,0.0,5.877350731514428,-5.877350731514428
train,decisive_breakout_gate,2024-11-05,1,6.53509803921568,6.53509803921568,0.0
train,decisive_breakout_gate,2024-11-08,2,-6.210000000000005,-0.7852253909843583,-5.424774609015647
train,decisive_breakout_gate,2024-11-11,2,-12.42000000000001,-13.13452236333518,0.7145223633351687
train,decisive_breakout_gate,2024-11-13,1,0.0,-6.210000000000005,6.210000000000005
train,decisive_breakout_gate,2024-11-19,1,14.99737327188939,14.99737327188939,0.0
train,decisive_breakout_gate,2024-11-25,1,0.0,4.156666666666674,-4.156666666666674
train,decisive_breakout_gate,2024-11-28,1,1.5775920084121866,1.5775920084121866,0.0
train,decisive_breakout_gate,2024-11-29,1,0.0,3.987901049475261,-3.987901049475261
train,decisive_breakout_gate,2024-12-02,1,0.8954813450023016,0.8954813450023016,0.0
train,decisive_breakout_gate,2024-12-05,2,-1.7982122717850175,-1.7982122717850175,0.0
train,decisive_breakout_gate,2024-12-09,1,11.956666666666658,11.956666666666658,0.0
train,decisive_breakout_gate,2024-12-10,2,0.0,-12.939669551534207,12.939669551534207
train,decisive_breakout_gate,2024-12-11,1,12.989577613516355,12.989577613516355,0.0
train,decisive_breakout_gate,2024-12-13,2,-6.210000000000016,-12.420000000000021,6.210000000000005
train,decisive_breakout_gate,2024-12-16,2,-6.210000000000016,-12.420000000000021,6.210000000000005
train,decisive_breakout_gate,2024-12-18,1,21.387654294500443,21.387654294500443,0.0
train,decisive_breakout_gate,2024-12-19,1,0.0,-6.209999999999995,6.209999999999995
train,decisive_breakout_gate,2024-12-20,1,0.0,-1.7595867768595128,1.7595867768595128
train,decisive_breakout_gate,2024-12-26,1,0.0,-6.210000000000005,6.210000000000005
train,decisive_breakout_gate,2024-12-30,2,-6.210000000000005,-12.420000000000021,6.210000000000016
train,decisive_breakout_gate,2025-01-02,1,-6.210000000000005,-6.210000000000005,0.0
train,decisive_breakout_gate,2025-01-07,1,2.2540342822160877,2.2540342822160877,0.0
train,decisive_breakout_gate,2025-01-10,1,-0.8561538461538407,-0.8561538461538407,0.0
train,decisive_breakout_gate,2025-01-13,1,7.88806835066864,7.88806835066864,0.0
train,decisive_breakout_gate,2025-01-14,2,5.609850746268649,5.609850746268649,0.0
train,decisive_breakout_gate,2025-01-17,2,2.0100486845260317,2.0100486845260317,0.0
train,decisive_breakout_gate,2025-01-20,2,14.91881122103713,14.91881122103713,0.0
train,decisive_breakout_gate,2025-01-23,2,10.03089877770826,10.03089877770826,0.0
train,decisive_breakout_gate,2025-01-24,2,17.97290639398561,16.083829087457,1.889077306528609
train,decisive_breakout_gate,2025-02-06,2,-4.090708359923425,-4.090708359923425,0.0
train,decisive_breakout_gate,2025-02-12,2,-10.985792149684784,-10.985792149684784,0.0
train,decisive_breakout_gate,2025-02-14,2,-12.42000000000001,-12.42000000000001,0.0
train,decisive_breakout_gate,2025-02-17,2,31.782650511169994,31.782650511169994,0.0
train,decisive_breakout_gate,2025-02-19,2,10.961770393316426,10.961770393316426,0.0
train,decisive_breakout_gate,2025-02-24,1,0.0,-6.210000000000005,6.210000000000005
train,decisive_breakout_gate,2025-02-25,1,-6.210000000000005,-6.210000000000005,0.0
train,decisive_breakout_gate,2025-02-26,2,-12.42000000000001,-12.42000000000001,0.0
train,decisive_breakout_gate,2025-03-05,1,-7.625384615384624,-7.625384615384624,0.0
train,decisive_breakout_gate,2025-03-06,2,-6.210000000000005,-5.506497288038827,-0.7035027119611783
train,decisive_breakout_gate,2025-03-10,2,-3.986223776223786,-10.19622377622379,6.210000000000004
train,decisive_breakout_gate,2025-03-11,1,0.0,2.2258974358974495,-2.2258974358974495
train,decisive_breakout_gate,2025-03-12,2,0.6770692596383512,3.080063609920834,-2.4029943502824826
train,decisive_breakout_gate,2025-03-14,2,5.242959794696308,5.242959794696308,0.0
train,decisive_breakout_gate,2025-03-17,2,-7.334149443561234,28.64066163956221,-35.97481108312344
train,decisive_breakout_gate,2025-03-19,1,-6.210000000000005,-6.210000000000005,0.0
train,decisive_breakout_gate,2025-03-20,2,-6.210000000000016,-12.420000000000021,6.210000000000005
train,decisive_breakout_gate,2025-03-21,2,0.0,-12.420000000000021,12.420000000000021
train,decisive_breakout_gate,2025-03-24,1,0.0,-6.210000000000005,6.210000000000005
train,decisive_breakout_gate,2025-03-25,1,33.47983957219254,33.47983957219254,0.0
train,decisive_breakout_gate,2025-03-26,1,0.0,-6.210000000000005,6.210000000000005
train,decisive_breakout_gate,2025-03-31,1,0.0,-21.336760563380267,21.336760563380267
train,decisive_breakout_gate,2025-04-17,2,-1.2860526910959198,-10.677425742574222,9.391373051478302
train,decisive_breakout_gate,2025-04-18,2,-2.7728031902416364,2.158231292516975,-4.931034482758611
train,decisive_breakout_gate,2025-04-21,2,13.022890060250113,28.059069160724825,-15.036179100474712
train,decisive_breakout_gate,2025-04-24,2,13.573482142857138,-12.420000000000021,25.99348214285716
train,decisive_breakout_gate,2025-04-25,1,0.0,4.279795918367334,-4.279795918367334
train,decisive_breakout_gate,2025-04-28,1,0.0,2.8160380014074606,-2.8160380014074606
train,decisive_breakout_gate,2025-04-29,2,3.595332208626621,-7.285709459459479,10.8810416680861
train,decisive_breakout_gate,2025-05-09,2,9.380120861797156,2.183942477010401,7.196178384786755
train,decisive_breakout_gate,2025-05-12,2,0.0,-1.3254288440177637,1.3254288440177637
train,decisive_breakout_gate,2025-05-13,2,5.148361774744025,-1.0616382252559804,6.210000000000005
train,decisive_breakout_gate,2025-05-15,2,11.128842622140198,16.87826781233461,-5.749425190194412
train,decisive_breakout_gate,2025-05-16,2,22.498918918918918,22.498918918918918,0.0
train,decisive_breakout_gate,2025-05-19,1,-6.209999999999995,-6.209999999999995,0.0
train,decisive_breakout_gate,2025-05-20,1,9.76506234413965,9.76506234413965,0.0
train,decisive_breakout_gate,2025-05-21,1,4.4442553191489145,4.4442553191489145,0.0
train,decisive_breakout_gate,2025-05-29,1,-1.8187751371115177,-1.8187751371115177,0.0
train,decisive_breakout_gate,2025-05-30,1,0.0,3.7060839160839123,-3.7060839160839123
train,decisive_breakout_gate,2025-06-03,2,0.0,-4.9934453223242325,4.9934453223242325
train,decisive_breakout_gate,2025-06-04,1,0.0,2.6380625840361818,-2.6380625840361818
train,decisive_breakout_gate,2025-06-06,2,22.362521571995273,22.588996851102117,-0.22647527910684317
train,decisive_breakout_gate,2025-06-09,2,10.004820131709067,10.004820131709067,0.0
train,decisive_breakout_gate,2025-06-10,1,13.51549019607845,13.51549019607845,0.0
train,decisive_breakout_gate,2025-06-12,2,0.0,-8.773835750460414,8.773835750460414
train,decisive_breakout_gate,2025-06-20,1,0.0,2.361428571428558,-2.361428571428558
train,decisive_breakout_gate,2025-06-23,2,-1.5049729412258035,-6.216888326813887,4.7119153855880835
train,close_cap_limit,2024-01-05,2,-5.09794817556848,-5.09794817556848,0.0
train,close_cap_limit,2024-01-09,1,5.915897760878729,5.915897760878729,0.0
train,close_cap_limit,2024-01-11,2,-8.091788305591132,-8.091788305591132,0.0
train,close_cap_limit,2024-01-18,1,-7.834408340795696,-7.834408340795696,0.0
train,close_cap_limit,2024-02-21,2,9.706438293115925,9.706438293115925,0.0
train,close_cap_limit,2024-02-22,1,3.623772314896078,3.623772314896078,0.0
train,close_cap_limit,2024-02-26,1,2.9254642313546455,2.9254642313546455,0.0
train,close_cap_limit,2024-02-27,1,-6.53816408204101,-6.53816408204101,0.0
train,close_cap_limit,2024-03-05,1,14.219400386847191,14.219400386847191,0.0
train,close_cap_limit,2024-03-06,1,-2.779593147751603,-6.538671328671332,3.7590781809197287
train,close_cap_limit,2024-03-07,1,-2.1100000000000017,-2.1100000000000017,0.0
train,close_cap_limit,2024-03-08,2,-1.5766666666666715,9.653333333333332,-11.230000000000004
train,close_cap_limit,2024-03-11,2,-2.660601503759409,-2.6606015037593984,-1.0658141036401503e-14
train,close_cap_limit,2024-03-12,2,-12.42000000000001,-14.03271249076128,1.61271249076127
train,close_cap_limit,2024-03-13,1,7.2526865671641785,7.2526865671641785,0.0
train,close_cap_limit,2024-03-15,2,6.011406400739393,6.011406400739393,0.0
train,close_cap_limit,2024-03-18,2,-5.281171366594386,-5.281171366594386,0.0
train,close_cap_limit,2024-03-21,2,-12.42000000000001,-12.42000000000001,0.0
train,close_cap_limit,2024-03-22,1,-6.210000000000005,-6.210000000000005,0.0
train,close_cap_limit,2024-03-25,2,7.49179735593901,7.49179735593901,0.0
train,close_cap_limit,2024-03-26,2,19.97603960396039,19.97603960396039,0.0
train,close_cap_limit,2024-04-02,1,-7.2702556299452334,-7.2702556299452334,0.0
train,close_cap_limit,2024-04-08,2,-12.42000000000001,-12.42000000000001,0.0
train,close_cap_limit,2024-04-12,2,22.171954022988505,22.171954022988505,0.0
train,close_cap_limit,2024-04-15,1,3.1696016898008263,3.1696016898008263,0.0
train,close_cap_limit,2024-04-22,2,4.148373493975919,4.148373493975919,0.0
train,close_cap_limit,2024-04-23,2,14.095986574810102,14.095986574810102,0.0
train,close_cap_limit,2024-04-24,2,21.35435458030259,21.35435458030259,0.0
train,close_cap_limit,2024-04-25,1,8.413386065850023,8.413386065850023,0.0
train,close_cap_limit,2024-04-29,1,15.074280936454862,15.074280936454862,0.0
train,close_cap_limit,2024-05-09,2,-8.622898550724624,-8.622898550724624,0.0
train,close_cap_limit,2024-05-13,1,-6.210000000000005,-6.210000000000005,0.0
train,close_cap_limit,2024-05-14,2,-7.577407407407435,-7.577407407407435,0.0
train,close_cap_limit,2024-05-20,1,-6.210000000000005,-6.210000000000005,0.0
train,close_cap_limit,2024-05-21,1,-2.994503631961266,-2.994503631961266,0.0
train,close_cap_limit,2024-05-22,2,-12.42000000000001,-12.42000000000001,0.0
train,close_cap_limit,2024-05-23,1,-6.210000000000005,-6.210000000000005,0.0
train,close_cap_limit,2024-05-24,1,0.18408866995074288,0.18408866995074288,0.0
train,close_cap_limit,2024-05-27,1,-6.210000000000005,-6.210000000000005,0.0
train,close_cap_limit,2024-05-29,1,6.181402714932126,6.181402714932126,0.0
train,close_cap_limit,2024-05-31,1,-6.210000000000005,-6.210000000000005,0.0
train,close_cap_limit,2024-06-03,1,-1.1706147934678288,-1.1706147934678288,0.0
train,close_cap_limit,2024-06-05,1,-6.210000000000005,-6.210000000000005,0.0
train,close_cap_limit,2024-06-11,1,3.507579250720471,3.507579250720471,0.0
train,close_cap_limit,2024-06-17,1,-4.914797047970488,-4.914797047970488,0.0
train,close_cap_limit,2024-06-18,2,-5.354639613920377,-5.354639613920377,0.0
train,close_cap_limit,2024-06-21,2,-12.42000000000001,-12.42000000000001,0.0
train,close_cap_limit,2024-06-26,1,2.713076923076917,2.713076923076917,0.0
train,close_cap_limit,2024-07-01,2,-7.641374045801543,-7.641374045801543,0.0
train,close_cap_limit,2024-07-02,1,10.497964601769903,10.497964601769903,0.0
train,close_cap_limit,2024-07-05,1,7.1898642226748235,7.1898642226748235,0.0
train,close_cap_limit,2024-07-16,2,-12.42000000000001,-12.42000000000001,0.0
train,close_cap_limit,2024-07-18,1,-4.457660187185032,-4.457660187185032,0.0
train,close_cap_limit,2024-07-22,1,-6.210000000000005,-6.210000000000005,0.0
train,close_cap_limit,2024-07-25,2,10.225974822157234,10.225974822157234,0.0
train,close_cap_limit,2024-07-29,2,-7.931843151024756,-7.931843151024756,0.0
train,close_cap_limit,2024-07-31,2,-8.622643171806178,-8.622643171806178,0.0
train,close_cap_limit,2024-08-12,1,1.4793477240732091,1.4793477240732091,0.0
train,close_cap_limit,2024-08-13,2,0.24914766773855668,0.24914766773855668,0.0
train,close_cap_limit,2024-08-19,1,-6.210000000000005,-6.210000000000005,0.0
train,close_cap_limit,2024-08-23,1,4.408473895582298,4.408473895582298,0.0
train,close_cap_limit,2024-08-26,1,3.2588995215311103,3.2588995215311103,0.0
train,close_cap_limit,2024-08-29,2,-3.3446031746031792,-3.3446031746031792,0.0
train,close_cap_limit,2024-08-30,2,-3.220391041592576,-3.220391041592576,0.0
train,close_cap_limit,2024-09-10,1,-2.378674698795181,-2.378674698795181,0.0
train,close_cap_limit,2024-09-18,2,1.3524732477452432,1.3524732477452432,0.0
train,close_cap_limit,2024-09-19,2,6.852937062937058,20.665599952455448,-13.81266288951839
train,close_cap_limit,2024-09-23,1,17.00915285451199,17.00915285451199,0.0
train,close_cap_limit,2024-09-24,2,47.30435512716839,43.23085416113101,4.073500966037379
train,close_cap_limit,2024-10-18,2,-5.299284355153568,-6.84811540449334,1.5488310493397721
train,close_cap_limit,2024-10-24,1,-6.210000000000005,-6.210000000000005,0.0
train,close_cap_limit,2024-10-25,2,3.1529537366547826,3.1529537366547826,0.0
train,close_cap_limit,2024-10-31,2,1.5429629629629664,1.5429629629629664,0.0
train,close_cap_limit,2024-11-01,2,5.877350731514428,5.877350731514428,0.0
train,close_cap_limit,2024-11-05,1,6.53509803921568,6.53509803921568,0.0
train,close_cap_limit,2024-11-08,2,-0.7852253909843583,-0.7852253909843583,0.0
train,close_cap_limit,2024-11-11,2,-12.42000000000001,-13.13452236333518,0.7145223633351687
train,close_cap_limit,2024-11-13,1,-6.210000000000005,-6.210000000000005,0.0
train,close_cap_limit,2024-11-19,1,14.99737327188939,14.99737327188939,0.0
train,close_cap_limit,2024-11-25,1,4.156666666666674,4.156666666666674,0.0
train,close_cap_limit,2024-11-28,1,1.5775920084121866,1.5775920084121866,0.0
train,close_cap_limit,2024-11-29,1,3.987901049475261,3.987901049475261,0.0
train,close_cap_limit,2024-12-02,1,0.8954813450023016,0.8954813450023016,0.0
train,close_cap_limit,2024-12-05,2,-1.7982122717850175,-1.7982122717850175,0.0
train,close_cap_limit,2024-12-09,1,0.0,11.956666666666658,-11.956666666666658
train,close_cap_limit,2024-12-10,2,-11.359024390243878,-12.939669551534207,1.5806451612903292
train,close_cap_limit,2024-12-11,1,12.989577613516355,12.989577613516355,0.0
train,close_cap_limit,2024-12-13,2,-12.42000000000001,-12.420000000000021,1.0658141036401503e-14
train,close_cap_limit,2024-12-16,2,-12.420000000000021,-12.420000000000021,0.0
train,close_cap_limit,2024-12-18,1,21.387654294500443,21.387654294500443,0.0
train,close_cap_limit,2024-12-19,1,-6.209999999999995,-6.209999999999995,0.0
train,close_cap_limit,2024-12-20,1,-1.7595867768595128,-1.7595867768595128,0.0
train,close_cap_limit,2024-12-26,1,-6.210000000000005,-6.210000000000005,0.0
train,close_cap_limit,2024-12-30,2,-12.420000000000021,-12.420000000000021,0.0
train,close_cap_limit,2025-01-02,1,-6.210000000000005,-6.210000000000005,0.0
train,close_cap_limit,2025-01-07,1,2.2540342822160877,2.2540342822160877,0.0
train,close_cap_limit,2025-01-10,1,-0.8561538461538407,-0.8561538461538407,0.0
train,close_cap_limit,2025-01-13,1,8.737959565705731,7.88806835066864,0.8498912150370908
train,close_cap_limit,2025-01-14,2,5.9452694610778485,5.609850746268649,0.33541871480919916
train,close_cap_limit,2025-01-17,2,2.0100486845260317,2.0100486845260317,0.0
train,close_cap_limit,2025-01-20,2,14.91881122103713,14.91881122103713,0.0
train,close_cap_limit,2025-01-23,2,10.03089877770826,10.03089877770826,0.0
train,close_cap_limit,2025-01-24,2,17.367228946086353,16.083829087457,1.2833998586293518
train,close_cap_limit,2025-02-06,2,-6.210000000000005,-4.090708359923425,-2.1192916400765807
train,close_cap_limit,2025-02-12,2,-10.985792149684784,-10.985792149684784,0.0
train,close_cap_limit,2025-02-14,2,-1.8851638747268815,-12.42000000000001,10.534836125273129
train,close_cap_limit,2025-02-17,2,31.782650511169994,31.782650511169994,0.0
train,close_cap_limit,2025-02-19,2,15.537613507266787,10.961770393316426,4.575843113950361
train,close_cap_limit,2025-02-24,1,-6.210000000000005,-6.210000000000005,0.0
train,close_cap_limit,2025-02-25,1,-6.210000000000005,-6.210000000000005,0.0
train,close_cap_limit,2025-02-26,2,-12.42000000000001,-12.42000000000001,0.0
train,close_cap_limit,2025-03-05,1,0.8751485148514861,-7.625384615384624,8.50053313023611
train,close_cap_limit,2025-03-06,2,-5.506497288038827,-5.506497288038827,0.0
train,close_cap_limit,2025-03-10,2,-10.19622377622379,-10.19622377622379,0.0
train,close_cap_limit,2025-03-11,1,2.2258974358974495,2.2258974358974495,0.0
train,close_cap_limit,2025-03-12,2,3.080063609920834,3.080063609920834,0.0
train,close_cap_limit,2025-03-14,2,5.242959794696308,5.242959794696308,0.0
train,close_cap_limit,2025-03-17,2,28.64066163956221,28.64066163956221,0.0
train,close_cap_limit,2025-03-19,1,-6.210000000000005,-6.210000000000005,0.0
train,close_cap_limit,2025-03-20,2,-12.420000000000021,-12.420000000000021,0.0
train,close_cap_limit,2025-03-21,2,-12.420000000000021,-12.420000000000021,0.0
train,close_cap_limit,2025-03-24,1,-6.210000000000005,-6.210000000000005,0.0
train,close_cap_limit,2025-03-25,1,0.0,33.47983957219254,-33.47983957219254
train,close_cap_limit,2025-03-26,1,-6.210000000000005,-6.210000000000005,0.0
train,close_cap_limit,2025-03-31,1,-21.336760563380267,-21.336760563380267,0.0
train,close_cap_limit,2025-04-17,2,-10.677425742574233,-10.677425742574222,-1.0658141036401503e-14
train,close_cap_limit,2025-04-18,2,2.158231292516975,2.158231292516975,0.0
train,close_cap_limit,2025-04-21,2,28.059069160724825,28.059069160724825,0.0
train,close_cap_limit,2025-04-24,2,-12.420000000000021,-12.420000000000021,0.0
train,close_cap_limit,2025-04-25,1,4.279795918367334,4.279795918367334,0.0
train,close_cap_limit,2025-04-28,1,2.8160380014074606,2.8160380014074606,0.0
train,close_cap_limit,2025-04-29,2,-7.285709459459479,-7.285709459459479,0.0
train,close_cap_limit,2025-05-09,2,2.183942477010401,2.183942477010401,0.0
train,close_cap_limit,2025-05-12,2,-1.4362415695891926,-1.3254288440177637,-0.11081272557142885
train,close_cap_limit,2025-05-13,2,-1.0616382252559804,-1.0616382252559804,0.0
train,close_cap_limit,2025-05-15,2,16.87826781233461,16.87826781233461,0.0
train,close_cap_limit,2025-05-16,2,24.129450549450546,22.498918918918918,1.6305316305316282
train,close_cap_limit,2025-05-19,1,-6.209999999999995,-6.209999999999995,0.0
train,close_cap_limit,2025-05-20,1,9.76506234413965,9.76506234413965,0.0
train,close_cap_limit,2025-05-21,1,4.4442553191489145,4.4442553191489145,0.0
train,close_cap_limit,2025-05-29,1,-1.8187751371115177,-1.8187751371115177,0.0
train,close_cap_limit,2025-05-30,1,3.7060839160839123,3.7060839160839123,0.0
train,close_cap_limit,2025-06-03,2,-4.9934453223242325,-4.9934453223242325,0.0
train,close_cap_limit,2025-06-04,1,2.6380625840361818,2.6380625840361818,0.0
train,close_cap_limit,2025-06-06,2,0.0,22.588996851102117,-22.588996851102117
train,close_cap_limit,2025-06-09,2,10.004820131709067,10.004820131709067,0.0
train,close_cap_limit,2025-06-10,1,13.51549019607845,13.51549019607845,0.0
train,close_cap_limit,2025-06-12,2,-8.773835750460414,-8.773835750460414,0.0
train,close_cap_limit,2025-06-20,1,2.361428571428558,2.361428571428558,0.0
train,close_cap_limit,2025-06-23,2,-6.216888326813887,-6.216888326813887,0.0
train,platform_retest_limit,2024-01-05,2,-6.210000000000005,-5.09794817556848,-1.112051824431525
train,platform_retest_limit,2024-01-09,1,0.0,5.915897760878729,-5.915897760878729
train,platform_retest_limit,2024-01-11,2,-2.5787580025608223,-8.091788305591132,5.51303030303031
train,platform_retest_limit,2024-01-18,1,-7.834408340795696,-7.834408340795696,0.0
train,platform_retest_limit,2024-02-21,2,10.33263571339975,9.706438293115925,0.626197420283825
train,platform_retest_limit,2024-02-22,1,0.0,3.623772314896078,-3.623772314896078
train,platform_retest_limit,2024-02-26,1,4.26116867098365,2.9254642313546455,1.335704439629004
train,platform_retest_limit,2024-02-27,1,-6.53816408204101,-6.53816408204101,0.0
train,platform_retest_limit,2024-03-05,1,14.219400386847191,14.219400386847191,0.0
train,platform_retest_limit,2024-03-06,1,-1.4043539630835942,-6.538671328671332,5.134317365587737
train,platform_retest_limit,2024-03-07,1,-2.1100000000000017,-2.1100000000000017,0.0
train,platform_retest_limit,2024-03-08,2,-1.5766666666666715,9.653333333333332,-11.230000000000004
train,platform_retest_limit,2024-03-11,2,0.0,-2.6606015037593984,2.6606015037593984
train,platform_retest_limit,2024-03-12,2,-12.42000000000001,-14.03271249076128,1.61271249076127
train,platform_retest_limit,2024-03-13,1,8.093249097472908,7.2526865671641785,0.8405625303087296
train,platform_retest_limit,2024-03-15,2,-0.33106537530266467,6.011406400739393,-6.342471776042057
train,platform_retest_limit,2024-03-18,2,0.0,-5.281171366594386,5.281171366594386
train,platform_retest_limit,2024-03-21,2,-6.210000000000005,-12.42000000000001,6.210000000000005
train,platform_retest_limit,2024-03-22,1,-6.210000000000005,-6.210000000000005,0.0
train,platform_retest_limit,2024-03-25,2,8.354791739457033,7.49179735593901,0.8629943835180232
train,platform_retest_limit,2024-03-26,2,20.687419712070863,19.97603960396039,0.7113801081104718
train,platform_retest_limit,2024-04-02,1,-7.2702556299452334,-7.2702556299452334,0.0
train,platform_retest_limit,2024-04-08,2,-6.210000000000005,-12.42000000000001,6.210000000000005
train,platform_retest_limit,2024-04-12,2,23.196220130340325,22.171954022988505,1.0242661073518207
train,platform_retest_limit,2024-04-15,1,0.0,3.1696016898008263,-3.1696016898008263
train,platform_retest_limit,2024-04-22,2,6.0381901945869325,4.148373493975919,1.8898167006110134
train,platform_retest_limit,2024-04-23,2,5.672352941176472,14.095986574810102,-8.42363363363363
train,platform_retest_limit,2024-04-24,2,18.913397290170053,21.35435458030259,-2.4409572901325376
train,platform_retest_limit,2024-04-25,1,8.413386065850023,8.413386065850023,0.0
train,platform_retest_limit,2024-04-29,1,15.074280936454862,15.074280936454862,0.0
train,platform_retest_limit,2024-05-09,2,-7.765029239766099,-8.622898550724624,0.8578693109585256
train,platform_retest_limit,2024-05-13,1,-6.210000000000005,-6.210000000000005,0.0
train,platform_retest_limit,2024-05-14,2,-4.4687806026402335,-7.577407407407435,3.1086268047672014
train,platform_retest_limit,2024-05-20,1,-6.210000000000005,-6.210000000000005,0.0
train,platform_retest_limit,2024-05-21,1,-2.994503631961266,-2.994503631961266,0.0
train,platform_retest_limit,2024-05-22,2,-12.42000000000001,-12.42000000000001,0.0
train,platform_retest_limit,2024-05-23,1,-6.210000000000005,-6.210000000000005,0.0
train,platform_retest_limit,2024-05-24,1,0.0,0.18408866995074288,-0.18408866995074288
train,platform_retest_limit,2024-05-27,1,-6.210000000000005,-6.210000000000005,0.0
train,platform_retest_limit,2024-05-29,1,8.298797231035458,6.181402714932126,2.1173945161033316
train,platform_retest_limit,2024-05-31,1,-6.210000000000005,-6.210000000000005,0.0
train,platform_retest_limit,2024-06-03,1,1.13338138925294,-1.1706147934678288,2.303996182720769
train,platform_retest_limit,2024-06-05,1,-6.210000000000005,-6.210000000000005,0.0
train,platform_retest_limit,2024-06-11,1,3.507579250720471,3.507579250720471,0.0
train,platform_retest_limit,2024-06-17,1,0.0,-4.914797047970488,4.914797047970488
train,platform_retest_limit,2024-06-18,2,-6.210000000000005,-5.354639613920377,-0.8553603860796279
train,platform_retest_limit,2024-06-21,2,-12.420000000000021,-12.42000000000001,-1.0658141036401503e-14
train,platform_retest_limit,2024-06-26,1,3.083875450334549,2.713076923076917,0.37079852725763196
train,platform_retest_limit,2024-07-01,2,-1.4313740458015265,-7.641374045801543,6.210000000000017
train,platform_retest_limit,2024-07-02,1,10.497964601769903,10.497964601769903,0.0
train,platform_retest_limit,2024-07-05,1,7.1898642226748235,7.1898642226748235,0.0
train,platform_retest_limit,2024-07-16,2,-6.210000000000005,-12.42000000000001,6.210000000000005
train,platform_retest_limit,2024-07-18,1,-4.457660187185032,-4.457660187185032,0.0
train,platform_retest_limit,2024-07-22,1,-6.210000000000005,-6.210000000000005,0.0
train,platform_retest_limit,2024-07-25,2,10.225974822157234,10.225974822157234,0.0
train,platform_retest_limit,2024-07-29,2,-7.931843151024756,-7.931843151024756,0.0
train,platform_retest_limit,2024-07-31,2,-2.4126431718061734,-8.622643171806178,6.210000000000004
train,platform_retest_limit,2024-08-12,1,1.4793477240732091,1.4793477240732091,0.0
train,platform_retest_limit,2024-08-13,2,2.190000000000002,0.24914766773855668,1.9408523322614455
train,platform_retest_limit,2024-08-19,1,-6.210000000000005,-6.210000000000005,0.0
train,platform_retest_limit,2024-08-23,1,4.408473895582298,4.408473895582298,0.0
train,platform_retest_limit,2024-08-26,1,4.511549636803868,3.2588995215311103,1.2526501152727576
train,platform_retest_limit,2024-08-29,2,2.8653968253968367,-3.3446031746031792,6.210000000000016
train,platform_retest_limit,2024-08-30,2,-3.091857619577289,-3.220391041592576,0.12853342201528672
train,platform_retest_limit,2024-09-10,1,-2.378674698795181,-2.378674698795181,0.0
train,platform_retest_limit,2024-09-18,2,-0.4962049227246643,1.3524732477452432,-1.8486781704699076
train,platform_retest_limit,2024-09-19,2,0.0,20.665599952455448,-20.665599952455448
train,platform_retest_limit,2024-09-23,1,17.00915285451199,17.00915285451199,0.0
train,platform_retest_limit,2024-09-24,2,23.218300094966768,43.23085416113101,-20.012554066164245
train,platform_retest_limit,2024-10-18,2,0.0,-6.84811540449334,6.84811540449334
train,platform_retest_limit,2024-10-24,1,-6.209999999999995,-6.210000000000005,1.0658141036401503e-14
train,platform_retest_limit,2024-10-25,2,5.7179657681211555,3.1529537366547826,2.565012031466373
train,platform_retest_limit,2024-10-31,2,9.759143128412038,1.5429629629629664,8.216180165449071
train,platform_retest_limit,2024-11-01,2,21.153983089896663,5.877350731514428,15.276632358382233
train,platform_retest_limit,2024-11-05,1,0.0,6.53509803921568,-6.53509803921568
train,platform_retest_limit,2024-11-08,2,5.424774609015647,-0.7852253909843583,6.210000000000005
train,platform_retest_limit,2024-11-11,2,-12.42000000000001,-13.13452236333518,0.7145223633351687
train,platform_retest_limit,2024-11-13,1,-2.0504907975460127,-6.210000000000005,4.159509202453993
train,platform_retest_limit,2024-11-19,1,0.0,14.99737327188939,-14.99737327188939
train,platform_retest_limit,2024-11-25,1,4.156666666666674,4.156666666666674,0.0
train,platform_retest_limit,2024-11-28,1,1.5775920084121866,1.5775920084121866,0.0
train,platform_retest_limit,2024-11-29,1,3.987901049475261,3.987901049475261,0.0
train,platform_retest_limit,2024-12-02,1,0.0,0.8954813450023016,-0.8954813450023016
train,platform_retest_limit,2024-12-05,2,0.0,-1.7982122717850175,1.7982122717850175
train,platform_retest_limit,2024-12-09,1,0.0,11.956666666666658,-11.956666666666658
train,platform_retest_limit,2024-12-10,2,-5.1490243902438735,-12.939669551534207,7.790645161290334
train,platform_retest_limit,2024-12-11,1,15.995962059620592,12.989577613516355,3.006384446104237
train,platform_retest_limit,2024-12-13,2,-12.42000000000001,-12.420000000000021,1.0658141036401503e-14
train,platform_retest_limit,2024-12-16,2,-1.6458538376790361,-12.420000000000021,10.774146162320985
train,platform_retest_limit,2024-12-18,1,0.0,21.387654294500443,-21.387654294500443
train,platform_retest_limit,2024-12-19,1,-6.209999999999995,-6.209999999999995,0.0
train,platform_retest_limit,2024-12-20,1,-1.7595867768595128,-1.7595867768595128,0.0
train,platform_retest_limit,2024-12-26,1,-6.210000000000005,-6.210000000000005,0.0
train,platform_retest_limit,2024-12-30,2,-6.210000000000005,-12.420000000000021,6.210000000000016
train,platform_retest_limit,2025-01-02,1,-6.210000000000005,-6.210000000000005,0.0
train,platform_retest_limit,2025-01-07,1,5.740308593131837,2.2540342822160877,3.486274310915749
train,platform_retest_limit,2025-01-10,1,-0.3954714064914997,-0.8561538461538407,0.460682439662341
train,platform_retest_limit,2025-01-13,1,0.0,7.88806835066864,-7.88806835066864
train,platform_retest_limit,2025-01-14,2,-1.6550867052023142,5.609850746268649,-7.2649374514709635
train,platform_retest_limit,2025-01-17,2,-0.7996635449184839,2.0100486845260317,-2.8097122294445156
train,platform_retest_limit,2025-01-20,2,16.243846440648753,14.91881122103713,1.3250352196116228
train,platform_retest_limit,2025-01-23,2,0.0,10.03089877770826,-10.03089877770826
train,platform_retest_limit,2025-01-24,2,19.77579036381052,16.083829087457,3.691961276353517
train,platform_retest_limit,2025-02-06,2,-2.416531332744932,-4.090708359923425,1.6741770271784926
train,platform_retest_limit,2025-02-12,2,-6.210000000000005,-10.985792149684784,4.775792149684778
train,platform_retest_limit,2025-02-14,2,0.0,-12.42000000000001,12.42000000000001
train,platform_retest_limit,2025-02-17,2,35.20040362925785,31.782650511169994,3.4177531180878553
train,platform_retest_limit,2025-02-19,2,6.439937264742767,10.961770393316426,-4.521833128573659
train,platform_retest_limit,2025-02-24,1,-6.210000000000005,-6.210000000000005,0.0
train,platform_retest_limit,2025-02-25,1,3.370729166666652,-6.210000000000005,9.580729166666657
train,platform_retest_limit,2025-02-26,2,-12.42000000000001,-12.42000000000001,0.0
train,platform_retest_limit,2025-03-05,1,6.952650096565626,-7.625384615384624,14.578034711950249
train,platform_retest_limit,2025-03-06,2,-5.506497288038827,-5.506497288038827,0.0
train,platform_retest_limit,2025-03-10,2,-9.381918194640338,-10.19622377622379,0.8143055815834526
train,platform_retest_limit,2025-03-11,1,3.2874093264248607,2.2258974358974495,1.0615118905274112
train,platform_retest_limit,2025-03-12,2,3.3908040696527735,3.080063609920834,0.31074045973193964
train,platform_retest_limit,2025-03-14,2,0.0,5.242959794696308,-5.242959794696308
train,platform_retest_limit,2025-03-17,2,29.514714852169142,28.64066163956221,0.8740532126069311
train,platform_retest_limit,2025-03-19,1,-6.210000000000005,-6.210000000000005,0.0
train,platform_retest_limit,2025-03-20,2,-12.42000000000001,-12.420000000000021,1.0658141036401503e-14
train,platform_retest_limit,2025-03-21,2,-12.420000000000021,-12.420000000000021,0.0
train,platform_retest_limit,2025-03-24,1,-6.210000000000005,-6.210000000000005,0.0
train,platform_retest_limit,2025-03-25,1,0.0,33.47983957219254,-33.47983957219254
train,platform_retest_limit,2025-03-26,1,-6.210000000000005,-6.210000000000005,0.0
train,platform_retest_limit,2025-03-31,1,0.0,-21.336760563380267,21.336760563380267
train,platform_retest_limit,2025-04-17,2,-10.677425742574233,-10.677425742574222,-1.0658141036401503e-14
train,platform_retest_limit,2025-04-18,2,2.034897959183656,2.158231292516975,-0.12333333333331886
train,platform_retest_limit,2025-04-21,2,12.184822006472483,28.059069160724825,-15.874247154252341
train,platform_retest_limit,2025-04-24,2,-12.420000000000021,-12.420000000000021,0.0
train,platform_retest_limit,2025-04-25,1,4.3331342521694785,4.279795918367334,0.053338333802144255
train,platform_retest_limit,2025-04-28,1,3.841172707889128,2.8160380014074606,1.0251347064816674
train,platform_retest_limit,2025-04-29,2,-1.0757094594594627,-7.285709459459479,6.210000000000017
train,platform_retest_limit,2025-05-09,2,-4.22315789473683,2.183942477010401,-6.407100371747231
train,platform_retest_limit,2025-05-12,2,-1.2542260442260598,-1.3254288440177637,0.07120279979170396
train,platform_retest_limit,2025-05-13,2,-0.3010587830869733,-1.0616382252559804,0.7605794421690071
train,platform_retest_limit,2025-05-15,2,5.749425190194412,16.87826781233461,-11.128842622140198
train,platform_retest_limit,2025-05-16,2,0.0,22.498918918918918,-22.498918918918918
train,platform_retest_limit,2025-05-19,1,0.0,-6.209999999999995,6.209999999999995
train,platform_retest_limit,2025-05-20,1,9.76506234413965,9.76506234413965,0.0
train,platform_retest_limit,2025-05-21,1,4.4442553191489145,4.4442553191489145,0.0
train,platform_retest_limit,2025-05-29,1,-0.5064060763245513,-1.8187751371115177,1.3123690607869665
train,platform_retest_limit,2025-05-30,1,3.7060839160839123,3.7060839160839123,0.0
train,platform_retest_limit,2025-06-03,2,-4.9934453223242325,-4.9934453223242325,0.0
train,platform_retest_limit,2025-06-04,1,2.6380625840361818,2.6380625840361818,0.0
train,platform_retest_limit,2025-06-06,2,0.0,22.588996851102117,-22.588996851102117
train,platform_retest_limit,2025-06-09,2,7.034444444444453,10.004820131709067,-2.970375687264614
train,platform_retest_limit,2025-06-10,1,13.802096774193549,13.51549019607845,0.2866065781150997
train,platform_retest_limit,2025-06-12,2,-7.753166552004533,-8.773835750460414,1.0206691984558809
train,platform_retest_limit,2025-06-20,1,2.361428571428558,2.361428571428558,0.0
train,platform_retest_limit,2025-06-23,2,-2.701103202846956,-6.216888326813887,3.515785123966931
train,thrust_close_cap_limit,2024-01-05,2,-5.09794817556848,-5.09794817556848,0.0
train,thrust_close_cap_limit,2024-01-09,1,5.915897760878729,5.915897760878729,0.0
train,thrust_close_cap_limit,2024-01-11,2,-8.091788305591132,-8.091788305591132,0.0
train,thrust_close_cap_limit,2024-01-18,1,-7.834408340795696,-7.834408340795696,0.0
train,thrust_close_cap_limit,2024-02-21,2,9.11441984458605,9.706438293115925,-0.5920184485298741
train,thrust_close_cap_limit,2024-02-22,1,3.623772314896078,3.623772314896078,0.0
train,thrust_close_cap_limit,2024-02-26,1,2.9254642313546455,2.9254642313546455,0.0
train,thrust_close_cap_limit,2024-02-27,1,-6.53816408204101,-6.53816408204101,0.0
train,thrust_close_cap_limit,2024-03-05,1,14.219400386847191,14.219400386847191,0.0
train,thrust_close_cap_limit,2024-03-06,1,-2.779593147751603,-6.538671328671332,3.7590781809197287
train,thrust_close_cap_limit,2024-03-07,1,-2.1100000000000017,-2.1100000000000017,0.0
train,thrust_close_cap_limit,2024-03-08,2,-5.953333333333368,9.653333333333332,-15.606666666666701
train,thrust_close_cap_limit,2024-03-11,2,-2.660601503759409,-2.6606015037593984,-1.0658141036401503e-14
train,thrust_close_cap_limit,2024-03-12,2,-12.42000000000001,-14.03271249076128,1.61271249076127
train,thrust_close_cap_limit,2024-03-13,1,7.2526865671641785,7.2526865671641785,0.0
train,thrust_close_cap_limit,2024-03-15,2,9.498241377443282,6.011406400739393,3.4868349767038893
train,thrust_close_cap_limit,2024-03-18,2,-6.210000000000005,-5.281171366594386,-0.9288286334056197
train,thrust_close_cap_limit,2024-03-21,2,-12.42000000000001,-12.42000000000001,0.0
train,thrust_close_cap_limit,2024-03-22,1,-6.210000000000005,-6.210000000000005,0.0
train,thrust_close_cap_limit,2024-03-25,2,7.49179735593901,7.49179735593901,0.0
train,thrust_close_cap_limit,2024-03-26,2,20.533804009463317,19.97603960396039,0.557764405502926
train,thrust_close_cap_limit,2024-04-02,1,-7.2702556299452334,-7.2702556299452334,0.0
train,thrust_close_cap_limit,2024-04-08,2,-11.411905018888293,-12.42000000000001,1.008094981111718
train,thrust_close_cap_limit,2024-04-12,2,22.171954022988505,22.171954022988505,0.0
train,thrust_close_cap_limit,2024-04-15,1,3.1696016898008263,3.1696016898008263,0.0
train,thrust_close_cap_limit,2024-04-22,2,4.148373493975919,4.148373493975919,0.0
train,thrust_close_cap_limit,2024-04-23,2,34.55462980221601,14.095986574810102,20.45864322740591
train,thrust_close_cap_limit,2024-04-24,2,21.35435458030259,21.35435458030259,0.0
train,thrust_close_cap_limit,2024-04-25,1,8.413386065850023,8.413386065850023,0.0
train,thrust_close_cap_limit,2024-04-29,1,15.074280936454862,15.074280936454862,0.0
train,thrust_close_cap_limit,2024-05-09,2,-0.12749086981791624,-8.622898550724624,8.495407680906709
train,thrust_close_cap_limit,2024-05-13,1,-6.210000000000005,-6.210000000000005,0.0
train,thrust_close_cap_limit,2024-05-14,2,-12.420000000000021,-7.577407407407435,-4.842592592592586
train,thrust_close_cap_limit,2024-05-20,1,-6.210000000000005,-6.210000000000005,0.0
train,thrust_close_cap_limit,2024-05-21,1,-2.994503631961266,-2.994503631961266,0.0
train,thrust_close_cap_limit,2024-05-22,2,-12.42000000000001,-12.42000000000001,0.0
train,thrust_close_cap_limit,2024-05-23,1,-6.210000000000005,-6.210000000000005,0.0
train,thrust_close_cap_limit,2024-05-24,1,0.18408866995074288,0.18408866995074288,0.0
train,thrust_close_cap_limit,2024-05-27,1,-6.210000000000005,-6.210000000000005,0.0
train,thrust_close_cap_limit,2024-05-29,1,6.181402714932126,6.181402714932126,0.0
train,thrust_close_cap_limit,2024-05-31,1,-6.210000000000005,-6.210000000000005,0.0
train,thrust_close_cap_limit,2024-06-03,1,-1.1706147934678288,-1.1706147934678288,0.0
train,thrust_close_cap_limit,2024-06-05,1,-6.210000000000005,-6.210000000000005,0.0
train,thrust_close_cap_limit,2024-06-11,1,3.507579250720471,3.507579250720471,0.0
train,thrust_close_cap_limit,2024-06-17,1,-4.914797047970488,-4.914797047970488,0.0
train,thrust_close_cap_limit,2024-06-18,2,0.8553603860796279,-5.354639613920377,6.210000000000005
train,thrust_close_cap_limit,2024-06-21,2,-12.42000000000001,-12.42000000000001,0.0
train,thrust_close_cap_limit,2024-06-26,1,2.713076923076917,2.713076923076917,0.0
train,thrust_close_cap_limit,2024-07-01,2,-7.641374045801543,-7.641374045801543,0.0
train,thrust_close_cap_limit,2024-07-02,1,10.497964601769903,10.497964601769903,0.0
train,thrust_close_cap_limit,2024-07-05,1,7.1898642226748235,7.1898642226748235,0.0
train,thrust_close_cap_limit,2024-07-16,2,-14.321746078721521,-12.42000000000001,-1.9017460787215104
train,thrust_close_cap_limit,2024-07-18,1,-4.457660187185032,-4.457660187185032,0.0
train,thrust_close_cap_limit,2024-07-22,1,-6.210000000000005,-6.210000000000005,0.0
train,thrust_close_cap_limit,2024-07-25,2,15.121956859828243,10.225974822157234,4.8959820376710095
train,thrust_close_cap_limit,2024-07-29,2,-7.931843151024756,-7.931843151024756,0.0
train,thrust_close_cap_limit,2024-07-31,2,-12.42000000000001,-8.622643171806178,-3.7973568281938324
train,thrust_close_cap_limit,2024-08-12,1,1.4793477240732091,1.4793477240732091,0.0
train,thrust_close_cap_limit,2024-08-13,2,0.24914766773855668,0.24914766773855668,0.0
train,thrust_close_cap_limit,2024-08-19,1,-6.210000000000005,-6.210000000000005,0.0
train,thrust_close_cap_limit,2024-08-23,1,4.408473895582298,4.408473895582298,0.0
train,thrust_close_cap_limit,2024-08-26,1,3.2588995215311103,3.2588995215311103,0.0
train,thrust_close_cap_limit,2024-08-29,2,-3.3446031746031792,-3.3446031746031792,0.0
train,thrust_close_cap_limit,2024-08-30,2,-3.220391041592576,-3.220391041592576,0.0
train,thrust_close_cap_limit,2024-09-10,1,-2.378674698795181,-2.378674698795181,0.0
train,thrust_close_cap_limit,2024-09-18,2,1.3524732477452432,1.3524732477452432,0.0
train,thrust_close_cap_limit,2024-09-19,2,6.852937062937058,20.665599952455448,-13.81266288951839
train,thrust_close_cap_limit,2024-09-23,1,17.00915285451199,17.00915285451199,0.0
train,thrust_close_cap_limit,2024-09-24,2,47.30435512716839,43.23085416113101,4.073500966037379
train,thrust_close_cap_limit,2024-10-18,2,-4.815313235986819,-6.84811540449334,2.032802168506521
train,thrust_close_cap_limit,2024-10-24,1,-6.210000000000005,-6.210000000000005,0.0
train,thrust_close_cap_limit,2024-10-25,2,5.284055495872484,3.1529537366547826,2.1311017592177013
train,thrust_close_cap_limit,2024-10-31,2,0.20600644122384804,1.5429629629629664,-1.3369565217391184
train,thrust_close_cap_limit,2024-11-01,2,5.877350731514428,5.877350731514428,0.0
train,thrust_close_cap_limit,2024-11-05,1,6.53509803921568,6.53509803921568,0.0
train,thrust_close_cap_limit,2024-11-08,2,-0.7852253909843583,-0.7852253909843583,0.0
train,thrust_close_cap_limit,2024-11-11,2,0.41064944257653657,-13.13452236333518,13.545171805911716
train,thrust_close_cap_limit,2024-11-13,1,-6.210000000000005,-6.210000000000005,0.0
train,thrust_close_cap_limit,2024-11-19,1,14.99737327188939,14.99737327188939,0.0
train,thrust_close_cap_limit,2024-11-25,1,4.156666666666674,4.156666666666674,0.0
train,thrust_close_cap_limit,2024-11-28,1,1.5775920084121866,1.5775920084121866,0.0
train,thrust_close_cap_limit,2024-11-29,1,3.987901049475261,3.987901049475261,0.0
train,thrust_close_cap_limit,2024-12-02,1,0.8954813450023016,0.8954813450023016,0.0
train,thrust_close_cap_limit,2024-12-05,2,6.6387344012315594,-1.7982122717850175,8.436946673016577
train,thrust_close_cap_limit,2024-12-09,1,0.0,11.956666666666658,-11.956666666666658
train,thrust_close_cap_limit,2024-12-10,2,-12.42000000000001,-12.939669551534207,0.5196695515341965
train,thrust_close_cap_limit,2024-12-11,1,12.989577613516355,12.989577613516355,0.0
train,thrust_close_cap_limit,2024-12-13,2,-12.42000000000001,-12.420000000000021,1.0658141036401503e-14
train,thrust_close_cap_limit,2024-12-16,2,-12.420000000000021,-12.420000000000021,0.0
train,thrust_close_cap_limit,2024-12-18,1,21.387654294500443,21.387654294500443,0.0
train,thrust_close_cap_limit,2024-12-19,1,-6.209999999999995,-6.209999999999995,0.0
train,thrust_close_cap_limit,2024-12-20,1,-1.7595867768595128,-1.7595867768595128,0.0
train,thrust_close_cap_limit,2024-12-26,1,-6.210000000000005,-6.210000000000005,0.0
train,thrust_close_cap_limit,2024-12-30,2,-12.420000000000021,-12.420000000000021,0.0
train,thrust_close_cap_limit,2025-01-02,1,-6.210000000000005,-6.210000000000005,0.0
train,thrust_close_cap_limit,2025-01-07,1,2.2540342822160877,2.2540342822160877,0.0
train,thrust_close_cap_limit,2025-01-10,1,-0.8561538461538407,-0.8561538461538407,0.0
train,thrust_close_cap_limit,2025-01-13,1,8.737959565705731,7.88806835066864,0.8498912150370908
train,thrust_close_cap_limit,2025-01-14,2,-6.587392032139274,5.609850746268649,-12.197242778407922
train,thrust_close_cap_limit,2025-01-17,2,5.652208517286271,2.0100486845260317,3.642159832760239
train,thrust_close_cap_limit,2025-01-20,2,4.014307566238727,14.91881122103713,-10.904503654798404
train,thrust_close_cap_limit,2025-01-23,2,13.2955992392606,10.03089877770826,3.2647004615523407
train,thrust_close_cap_limit,2025-01-24,2,19.256306252614962,16.083829087457,3.172477165157961
train,thrust_close_cap_limit,2025-02-06,2,-6.210000000000005,-4.090708359923425,-2.1192916400765807
train,thrust_close_cap_limit,2025-02-12,2,-10.985792149684784,-10.985792149684784,0.0
train,thrust_close_cap_limit,2025-02-14,2,-6.210000000000016,-12.42000000000001,6.209999999999995
train,thrust_close_cap_limit,2025-02-17,2,31.782650511169994,31.782650511169994,0.0
train,thrust_close_cap_limit,2025-02-19,2,15.537613507266787,10.961770393316426,4.575843113950361
train,thrust_close_cap_limit,2025-02-24,1,-6.210000000000005,-6.210000000000005,0.0
train,thrust_close_cap_limit,2025-02-25,1,-6.210000000000005,-6.210000000000005,0.0
train,thrust_close_cap_limit,2025-02-26,2,8.968218760979038,-12.42000000000001,21.38821876097905
train,thrust_close_cap_limit,2025-03-05,1,0.8751485148514861,-7.625384615384624,8.50053313023611
train,thrust_close_cap_limit,2025-03-06,2,-5.506497288038827,-5.506497288038827,0.0
train,thrust_close_cap_limit,2025-03-10,2,-10.19622377622379,-10.19622377622379,0.0
train,thrust_close_cap_limit,2025-03-11,1,2.2258974358974495,2.2258974358974495,0.0
train,thrust_close_cap_limit,2025-03-12,2,3.080063609920834,3.080063609920834,0.0
train,thrust_close_cap_limit,2025-03-14,2,-14.82353460972017,5.242959794696308,-20.066494404416478
train,thrust_close_cap_limit,2025-03-17,2,-7.334149443561234,28.64066163956221,-35.97481108312344
train,thrust_close_cap_limit,2025-03-19,1,-6.210000000000005,-6.210000000000005,0.0
train,thrust_close_cap_limit,2025-03-20,2,-12.420000000000021,-12.420000000000021,0.0
train,thrust_close_cap_limit,2025-03-21,2,-12.420000000000021,-12.420000000000021,0.0
train,thrust_close_cap_limit,2025-03-24,1,-6.210000000000005,-6.210000000000005,0.0
train,thrust_close_cap_limit,2025-03-25,1,0.0,33.47983957219254,-33.47983957219254
train,thrust_close_cap_limit,2025-03-26,1,-6.210000000000005,-6.210000000000005,0.0
train,thrust_close_cap_limit,2025-03-31,1,-21.336760563380267,-21.336760563380267,0.0
train,thrust_close_cap_limit,2025-04-17,2,-1.2860526910959198,-10.677425742574222,9.391373051478302
train,thrust_close_cap_limit,2025-04-18,2,-2.7728031902416364,2.158231292516975,-4.931034482758611
train,thrust_close_cap_limit,2025-04-21,2,28.059069160724825,28.059069160724825,0.0
train,thrust_close_cap_limit,2025-04-24,2,-12.420000000000021,-12.420000000000021,0.0
train,thrust_close_cap_limit,2025-04-25,1,4.279795918367334,4.279795918367334,0.0
train,thrust_close_cap_limit,2025-04-28,1,2.8160380014074606,2.8160380014074606,0.0
train,thrust_close_cap_limit,2025-04-29,2,-4.8027493261455625,-7.285709459459479,2.4829601333139166
train,thrust_close_cap_limit,2025-05-09,2,15.787221233544386,2.183942477010401,13.603278756533985
train,thrust_close_cap_limit,2025-05-12,2,-1.4362415695891926,-1.3254288440177637,-0.11081272557142885
train,thrust_close_cap_limit,2025-05-13,2,-1.0616382252559804,-1.0616382252559804,0.0
train,thrust_close_cap_limit,2025-05-15,2,16.87826781233461,16.87826781233461,0.0
train,thrust_close_cap_limit,2025-05-16,2,24.129450549450546,22.498918918918918,1.6305316305316282
train,thrust_close_cap_limit,2025-05-19,1,-6.209999999999995,-6.209999999999995,0.0
train,thrust_close_cap_limit,2025-05-20,1,9.76506234413965,9.76506234413965,0.0
train,thrust_close_cap_limit,2025-05-21,1,4.4442553191489145,4.4442553191489145,0.0
train,thrust_close_cap_limit,2025-05-29,1,-1.8187751371115177,-1.8187751371115177,0.0
train,thrust_close_cap_limit,2025-05-30,1,3.7060839160839123,3.7060839160839123,0.0
train,thrust_close_cap_limit,2025-06-03,2,2.6035690235690394,-4.9934453223242325,7.597014345893272
train,thrust_close_cap_limit,2025-06-04,1,2.6380625840361818,2.6380625840361818,0.0
train,thrust_close_cap_limit,2025-06-06,2,0.0,22.588996851102117,-22.588996851102117
train,thrust_close_cap_limit,2025-06-09,2,2.9341282299842435,10.004820131709067,-7.070691901724824
train,thrust_close_cap_limit,2025-06-10,1,13.51549019607845,13.51549019607845,0.0
train,thrust_close_cap_limit,2025-06-12,2,-8.773835750460414,-8.773835750460414,0.0
train,thrust_close_cap_limit,2025-06-20,1,2.361428571428558,2.361428571428558,0.0
train,thrust_close_cap_limit,2025-06-23,2,1.4130570807003178,-6.216888326813887,7.629945407514205
validation_2025h2,baseline,2025-07-03,2,15.239648556098693,15.239648556098693,0.0
validation_2025h2,baseline,2025-07-04,1,3.4582615629984206,3.4582615629984206,0.0
validation_2025h2,baseline,2025-07-08,2,2.9140804559999216,2.9140804559999216,0.0
validation_2025h2,baseline,2025-07-11,2,-5.925974264705893,-5.925974264705893,0.0
validation_2025h2,baseline,2025-07-15,2,-9.32162946582902,-9.32162946582902,0.0
validation_2025h2,baseline,2025-07-16,2,-1.4634802100320106,-1.4634802100320106,0.0
validation_2025h2,baseline,2025-07-17,1,5.343470919324566,5.343470919324566,0.0
validation_2025h2,baseline,2025-07-22,2,-10.03952861952865,-10.03952861952865,0.0
validation_2025h2,baseline,2025-07-23,1,-2.802592592592602,-2.802592592592602,0.0
validation_2025h2,baseline,2025-07-24,2,-6.4819195046439635,-6.4819195046439635,0.0
validation_2025h2,baseline,2025-07-29,1,-7.614787171324134,-7.614787171324134,0.0
validation_2025h2,baseline,2025-07-31,2,17.416624254449427,17.416624254449427,0.0
validation_2025h2,baseline,2025-08-01,2,-3.5200359841669604,-3.5200359841669604,0.0
validation_2025h2,baseline,2025-08-04,2,0.1983317835559144,0.1983317835559144,0.0
validation_2025h2,baseline,2025-08-05,2,20.05590813729506,20.05590813729506,0.0
validation_2025h2,baseline,2025-08-06,1,-0.21,-0.21,0.0
validation_2025h2,baseline,2025-08-08,1,1.082596944770863,1.082596944770863,0.0
validation_2025h2,baseline,2025-08-11,2,-1.1861691542288684,-1.1861691542288684,0.0
validation_2025h2,baseline,2025-08-12,1,7.551324041811846,7.551324041811846,0.0
validation_2025h2,baseline,2025-08-13,1,-6.210000000000016,-6.210000000000016,0.0
validation_2025h2,baseline,2025-08-15,2,-8.382323390894832,-8.382323390894832,0.0
validation_2025h2,baseline,2025-08-20,1,-3.752234332425065,-3.752234332425065,0.0
validation_2025h2,baseline,2025-08-21,2,10.857254171604877,10.857254171604877,0.0
validation_2025h2,baseline,2025-08-22,2,-12.658779174147218,-12.658779174147218,0.0
validation_2025h2,baseline,2025-08-25,2,-12.42,-12.42,0.0
validation_2025h2,baseline,2025-08-28,2,-11.09032967032967,-11.09032967032967,0.0
validation_2025h2,baseline,2025-09-04,1,-4.219311950336258,-4.219311950336258,0.0
validation_2025h2,baseline,2025-09-05,2,-5.716050058662504,-5.716050058662504,0.0
validation_2025h2,baseline,2025-09-10,2,-3.095064984945441,-3.095064984945441,0.0
validation_2025h2,baseline,2025-09-11,2,29.008669439669486,29.008669439669486,0.0
validation_2025h2,baseline,2025-09-12,2,10.72025321646419,10.72025321646419,0.0
validation_2025h2,baseline,2025-09-15,1,-1.4978787878787934,-1.4978787878787934,0.0
validation_2025h2,baseline,2025-09-16,2,-12.42,-12.42,0.0
validation_2025h2,baseline,2025-09-17,1,2.8864668519253502,2.8864668519253502,0.0
validation_2025h2,baseline,2025-09-18,1,-6.209999999999995,-6.209999999999995,0.0
validation_2025h2,baseline,2025-09-19,1,16.5787323943662,16.5787323943662,0.0
validation_2025h2,baseline,2025-09-22,1,-5.191611501170169,-5.191611501170169,0.0
validation_2025h2,baseline,2025-09-23,1,-3.9362542620555283,-3.9362542620555283,0.0
validation_2025h2,baseline,2025-09-24,2,-8.501978261047107,-8.501978261047107,0.0
validation_2025h2,baseline,2025-09-26,1,0.08959619643089575,0.08959619643089575,0.0
validation_2025h2,baseline,2025-09-29,2,-13.82078655702539,-13.82078655702539,0.0
validation_2025h2,baseline,2025-09-30,1,-7.142153392330386,-7.142153392330386,0.0
validation_2025h2,baseline,2025-10-09,2,-24.605118398796378,-24.605118398796378,0.0
validation_2025h2,baseline,2025-10-13,2,-15.003576933297904,-15.003576933297904,0.0
validation_2025h2,baseline,2025-10-14,1,5.417147766323026,5.417147766323026,0.0
validation_2025h2,baseline,2025-10-16,1,-6.210000000000005,-6.210000000000005,0.0
validation_2025h2,baseline,2025-10-17,2,-5.5608284123645175,-5.5608284123645175,0.0
validation_2025h2,baseline,2025-10-20,2,-2.5380752122927914,-2.5380752122927914,0.0
validation_2025h2,baseline,2025-10-23,1,3.616086956521757,3.616086956521757,0.0
validation_2025h2,baseline,2025-10-24,2,-3.191786527295095,-3.191786527295095,0.0
validation_2025h2,baseline,2025-10-27,2,10.454610788662219,10.454610788662219,0.0
validation_2025h2,baseline,2025-10-28,1,4.2542857142856985,4.2542857142856985,0.0
validation_2025h2,baseline,2025-10-31,2,2.59635506401039,2.59635506401039,0.0
validation_2025h2,baseline,2025-11-03,1,5.58150579150578,5.58150579150578,0.0
validation_2025h2,baseline,2025-11-05,2,11.803396668489972,11.803396668489972,0.0
validation_2025h2,baseline,2025-11-06,2,-9.732191684284722,-9.732191684284722,0.0
validation_2025h2,baseline,2025-11-10,2,-2.2115831663326775,-2.2115831663326775,0.0
validation_2025h2,baseline,2025-11-11,2,3.3374366819649763,3.3374366819649763,0.0
validation_2025h2,baseline,2025-11-12,2,0.5272662145573959,0.5272662145573959,0.0
validation_2025h2,baseline,2025-11-13,2,3.503150755729954,3.503150755729954,0.0
validation_2025h2,baseline,2025-11-24,1,3.0631376975169147,3.0631376975169147,0.0
validation_2025h2,baseline,2025-11-27,1,-0.14694829760404463,-0.14694829760404463,0.0
validation_2025h2,baseline,2025-11-28,1,-4.87888994759408,-4.87888994759408,0.0
validation_2025h2,baseline,2025-12-01,1,-5.21984467293809,-5.21984467293809,0.0
validation_2025h2,baseline,2025-12-03,2,2.853282205244299,2.853282205244299,0.0
validation_2025h2,baseline,2025-12-05,1,13.197407407407422,13.197407407407422,0.0
validation_2025h2,baseline,2025-12-08,1,-6.210000000000005,-6.210000000000005,0.0
validation_2025h2,baseline,2025-12-10,1,-6.210000000000005,-6.210000000000005,0.0
validation_2025h2,baseline,2025-12-12,2,-5.061087130295762,-5.061087130295762,0.0
validation_2025h2,baseline,2025-12-15,2,-3.4925216234198215,-3.4925216234198215,0.0
validation_2025h2,baseline,2025-12-16,1,26.83545454545455,26.83545454545455,0.0
validation_2025h2,baseline,2025-12-17,2,23.051617279543013,23.051617279543013,0.0
validation_2025h2,baseline,2025-12-22,2,8.19916761952587,8.19916761952587,0.0
validation_2025h2,baseline,2025-12-24,1,-5.473157894736836,-5.473157894736836,0.0
validation_2025h2,decisive_breakout_gate,2025-07-03,2,15.239648556098693,15.239648556098693,0.0
validation_2025h2,decisive_breakout_gate,2025-07-04,1,0.0,3.4582615629984206,-3.4582615629984206
validation_2025h2,decisive_breakout_gate,2025-07-08,2,5.876134596771141,2.9140804559999216,2.9620541407712198
validation_2025h2,decisive_breakout_gate,2025-07-11,2,-6.517560975609761,-5.925974264705893,-0.5915867109038686
validation_2025h2,decisive_breakout_gate,2025-07-15,2,-9.32162946582902,-9.32162946582902,0.0
validation_2025h2,decisive_breakout_gate,2025-07-16,2,-0.053137254901970216,-1.4634802100320106,1.4103429551300404
validation_2025h2,decisive_breakout_gate,2025-07-17,1,5.343470919324566,5.343470919324566,0.0
validation_2025h2,decisive_breakout_gate,2025-07-22,2,-10.03952861952865,-10.03952861952865,0.0
validation_2025h2,decisive_breakout_gate,2025-07-23,1,0.0,-2.802592592592602,2.802592592592602
validation_2025h2,decisive_breakout_gate,2025-07-24,2,-6.4819195046439635,-6.4819195046439635,0.0
validation_2025h2,decisive_breakout_gate,2025-07-29,1,0.0,-7.614787171324134,7.614787171324134
validation_2025h2,decisive_breakout_gate,2025-07-31,2,0.0,17.416624254449427,-17.416624254449427
validation_2025h2,decisive_breakout_gate,2025-08-01,2,-3.5200359841669604,-3.5200359841669604,0.0
validation_2025h2,decisive_breakout_gate,2025-08-04,2,0.1983317835559144,0.1983317835559144,0.0
validation_2025h2,decisive_breakout_gate,2025-08-05,2,0.0,20.05590813729506,-20.05590813729506
validation_2025h2,decisive_breakout_gate,2025-08-06,1,-0.21,-0.21,0.0
validation_2025h2,decisive_breakout_gate,2025-08-08,1,0.0,1.082596944770863,-1.082596944770863
validation_2025h2,decisive_breakout_gate,2025-08-11,2,-1.1861691542288684,-1.1861691542288684,0.0
validation_2025h2,decisive_breakout_gate,2025-08-12,1,7.551324041811846,7.551324041811846,0.0
validation_2025h2,decisive_breakout_gate,2025-08-13,1,0.0,-6.210000000000016,6.210000000000016
validation_2025h2,decisive_breakout_gate,2025-08-15,2,-9.720198807157056,-8.382323390894832,-1.3378754162622233
validation_2025h2,decisive_breakout_gate,2025-08-20,1,-3.752234332425065,-3.752234332425065,0.0
validation_2025h2,decisive_breakout_gate,2025-08-21,2,10.857254171604877,10.857254171604877,0.0
validation_2025h2,decisive_breakout_gate,2025-08-22,2,-12.658779174147218,-12.658779174147218,0.0
validation_2025h2,decisive_breakout_gate,2025-08-25,2,-9.775855855855845,-12.42,2.644144144144155
validation_2025h2,decisive_breakout_gate,2025-08-28,2,-6.210000000000005,-11.09032967032967,4.880329670329664
validation_2025h2,decisive_breakout_gate,2025-09-04,1,0.0,-4.219311950336258,4.219311950336258
validation_2025h2,decisive_breakout_gate,2025-09-05,2,2.160122549217423,-5.716050058662504,7.876172607879927
validation_2025h2,decisive_breakout_gate,2025-09-10,2,-3.095064984945441,-3.095064984945441,0.0
validation_2025h2,decisive_breakout_gate,2025-09-11,2,29.008669439669486,29.008669439669486,0.0
validation_2025h2,decisive_breakout_gate,2025-09-12,2,6.875714285714273,10.72025321646419,-3.844538930749917
validation_2025h2,decisive_breakout_gate,2025-09-15,1,0.0,-1.4978787878787934,1.4978787878787934
validation_2025h2,decisive_breakout_gate,2025-09-16,2,-12.42,-12.42,0.0
validation_2025h2,decisive_breakout_gate,2025-09-17,1,2.8864668519253502,2.8864668519253502,0.0
validation_2025h2,decisive_breakout_gate,2025-09-18,1,0.0,-6.209999999999995,6.209999999999995
validation_2025h2,decisive_breakout_gate,2025-09-19,1,16.5787323943662,16.5787323943662,0.0
validation_2025h2,decisive_breakout_gate,2025-09-22,1,0.0,-5.191611501170169,5.191611501170169
validation_2025h2,decisive_breakout_gate,2025-09-23,1,0.0,-3.9362542620555283,3.9362542620555283
validation_2025h2,decisive_breakout_gate,2025-09-24,2,-1.782327044025179,-8.501978261047107,6.719651217021928
validation_2025h2,decisive_breakout_gate,2025-09-26,1,0.0,0.08959619643089575,-0.08959619643089575
validation_2025h2,decisive_breakout_gate,2025-09-29,2,-13.82078655702539,-13.82078655702539,0.0
validation_2025h2,decisive_breakout_gate,2025-09-30,1,-7.142153392330386,-7.142153392330386,0.0
validation_2025h2,decisive_breakout_gate,2025-10-09,2,-23.382782092119417,-24.605118398796378,1.2223363066769615
validation_2025h2,decisive_breakout_gate,2025-10-13,2,-15.003576933297904,-15.003576933297904,0.0
validation_2025h2,decisive_breakout_gate,2025-10-14,1,0.0,5.417147766323026,-5.417147766323026
validation_2025h2,decisive_breakout_gate,2025-10-16,1,0.0,-6.210000000000005,6.210000000000005
validation_2025h2,decisive_breakout_gate,2025-10-17,2,0.0,-5.5608284123645175,5.5608284123645175
validation_2025h2,decisive_breakout_gate,2025-10-20,2,3.671924787707214,-2.5380752122927914,6.210000000000005
validation_2025h2,decisive_breakout_gate,2025-10-23,1,0.0,3.616086956521757,-3.616086956521757
validation_2025h2,decisive_breakout_gate,2025-10-24,2,-3.8521880650994618,-3.191786527295095,-0.6604015378043666
validation_2025h2,decisive_breakout_gate,2025-10-27,2,10.454610788662219,10.454610788662219,0.0
validation_2025h2,decisive_breakout_gate,2025-10-28,1,4.2542857142856985,4.2542857142856985,0.0
validation_2025h2,decisive_breakout_gate,2025-10-31,2,5.58508576726937,2.59635506401039,2.9887307032589803
validation_2025h2,decisive_breakout_gate,2025-11-03,1,5.58150579150578,5.58150579150578,0.0
validation_2025h2,decisive_breakout_gate,2025-11-05,2,0.0,11.803396668489972,-11.803396668489972
validation_2025h2,decisive_breakout_gate,2025-11-06,2,-9.732191684284711,-9.732191684284722,1.0658141036401503e-14
validation_2025h2,decisive_breakout_gate,2025-11-10,2,-2.2115831663326775,-2.2115831663326775,0.0
validation_2025h2,decisive_breakout_gate,2025-11-11,2,3.3374366819649763,3.3374366819649763,0.0
validation_2025h2,decisive_breakout_gate,2025-11-12,2,0.0,0.5272662145573959,-0.5272662145573959
validation_2025h2,decisive_breakout_gate,2025-11-13,2,3.503150755729954,3.503150755729954,0.0
validation_2025h2,decisive_breakout_gate,2025-11-24,1,3.0631376975169147,3.0631376975169147,0.0
validation_2025h2,decisive_breakout_gate,2025-11-27,1,-0.14694829760404463,-0.14694829760404463,0.0
validation_2025h2,decisive_breakout_gate,2025-11-28,1,0.0,-4.87888994759408,4.87888994759408
validation_2025h2,decisive_breakout_gate,2025-12-01,1,-5.21984467293809,-5.21984467293809,0.0
validation_2025h2,decisive_breakout_gate,2025-12-03,2,0.0,2.853282205244299,-2.853282205244299
validation_2025h2,decisive_breakout_gate,2025-12-05,1,0.0,13.197407407407422,-13.197407407407422
validation_2025h2,decisive_breakout_gate,2025-12-08,1,-6.210000000000005,-6.210000000000005,0.0
validation_2025h2,decisive_breakout_gate,2025-12-10,1,-6.210000000000005,-6.210000000000005,0.0
validation_2025h2,decisive_breakout_gate,2025-12-12,2,-6.210000000000005,-5.061087130295762,-1.148912869704243
validation_2025h2,decisive_breakout_gate,2025-12-15,2,-6.210000000000005,-3.4925216234198215,-2.7174783765801838
validation_2025h2,decisive_breakout_gate,2025-12-16,1,0.0,26.83545454545455,-26.83545454545455
validation_2025h2,decisive_breakout_gate,2025-12-17,2,23.051617279543013,23.051617279543013,0.0
validation_2025h2,decisive_breakout_gate,2025-12-22,2,12.718419308822336,8.19916761952587,4.519251689296466
validation_2025h2,decisive_breakout_gate,2025-12-24,1,-5.473157894736836,-5.473157894736836,0.0
validation_2025h2,thrust_quality,2025-07-03,2,1.6027617099214946,15.239648556098693,-13.636886846177198
validation_2025h2,thrust_quality,2025-07-04,1,3.4582615629984206,3.4582615629984206,0.0
validation_2025h2,thrust_quality,2025-07-08,2,5.876134596771141,2.9140804559999216,2.9620541407712198
validation_2025h2,thrust_quality,2025-07-11,2,-5.925974264705893,-5.925974264705893,0.0
validation_2025h2,thrust_quality,2025-07-15,2,-9.32162946582902,-9.32162946582902,0.0
validation_2025h2,thrust_quality,2025-07-16,2,0.8584256973411568,-1.4634802100320106,2.3219059073731674
validation_2025h2,thrust_quality,2025-07-17,1,5.343470919324566,5.343470919324566,0.0
validation_2025h2,thrust_quality,2025-07-22,2,-10.03952861952865,-10.03952861952865,0.0
validation_2025h2,thrust_quality,2025-07-23,1,-2.802592592592602,-2.802592592592602,0.0
validation_2025h2,thrust_quality,2025-07-24,2,-6.4819195046439635,-6.4819195046439635,0.0
validation_2025h2,thrust_quality,2025-07-29,1,-7.614787171324134,-7.614787171324134,0.0
validation_2025h2,thrust_quality,2025-07-31,2,17.416624254449427,17.416624254449427,0.0
validation_2025h2,thrust_quality,2025-08-01,2,-3.5200359841669604,-3.5200359841669604,0.0
validation_2025h2,thrust_quality,2025-08-04,2,0.1983317835559144,0.1983317835559144,0.0
validation_2025h2,thrust_quality,2025-08-05,2,20.05590813729506,20.05590813729506,0.0
validation_2025h2,thrust_quality,2025-08-06,1,-0.21,-0.21,0.0
validation_2025h2,thrust_quality,2025-08-08,1,1.082596944770863,1.082596944770863,0.0
validation_2025h2,thrust_quality,2025-08-11,2,-6.492700836059619,-1.1861691542288684,-5.306531681830751
validation_2025h2,thrust_quality,2025-08-12,1,7.551324041811846,7.551324041811846,0.0
validation_2025h2,thrust_quality,2025-08-13,1,-6.210000000000016,-6.210000000000016,0.0
validation_2025h2,thrust_quality,2025-08-15,2,-9.720198807157056,-8.382323390894832,-1.3378754162622233
validation_2025h2,thrust_quality,2025-08-20,1,-3.752234332425065,-3.752234332425065,0.0
validation_2025h2,thrust_quality,2025-08-21,2,9.749826411718063,10.857254171604877,-1.1074277598868143
validation_2025h2,thrust_quality,2025-08-22,2,-12.658779174147218,-12.658779174147218,0.0
validation_2025h2,thrust_quality,2025-08-25,2,-9.775855855855845,-12.42,2.644144144144155
validation_2025h2,thrust_quality,2025-08-28,2,-11.09032967032967,-11.09032967032967,0.0
validation_2025h2,thrust_quality,2025-09-04,1,-4.219311950336258,-4.219311950336258,0.0
validation_2025h2,thrust_quality,2025-09-05,2,-4.543827392120105,-5.716050058662504,1.1722226665423996
validation_2025h2,thrust_quality,2025-09-10,2,-3.095064984945441,-3.095064984945441,0.0
validation_2025h2,thrust_quality,2025-09-11,2,29.008669439669486,29.008669439669486,0.0
validation_2025h2,thrust_quality,2025-09-12,2,10.72025321646419,10.72025321646419,0.0
validation_2025h2,thrust_quality,2025-09-15,1,-1.4978787878787934,-1.4978787878787934,0.0
validation_2025h2,thrust_quality,2025-09-16,2,-12.420000000000021,-12.42,-2.1316282072803006e-14
validation_2025h2,thrust_quality,2025-09-17,1,2.8864668519253502,2.8864668519253502,0.0
validation_2025h2,thrust_quality,2025-09-18,1,-6.209999999999995,-6.209999999999995,0.0
validation_2025h2,thrust_quality,2025-09-19,1,16.5787323943662,16.5787323943662,0.0
validation_2025h2,thrust_quality,2025-09-22,1,-5.191611501170169,-5.191611501170169,0.0
validation_2025h2,thrust_quality,2025-09-23,1,-3.9362542620555283,-3.9362542620555283,0.0
validation_2025h2,thrust_quality,2025-09-24,2,-8.501978261047107,-8.501978261047107,0.0
validation_2025h2,thrust_quality,2025-09-26,1,0.08959619643089575,0.08959619643089575,0.0
validation_2025h2,thrust_quality,2025-09-29,2,-13.82078655702539,-13.82078655702539,0.0
validation_2025h2,thrust_quality,2025-09-30,1,-7.142153392330386,-7.142153392330386,0.0
validation_2025h2,thrust_quality,2025-10-09,2,-23.382782092119417,-24.605118398796378,1.2223363066769615
validation_2025h2,thrust_quality,2025-10-13,2,-15.003576933297904,-15.003576933297904,0.0
validation_2025h2,thrust_quality,2025-10-14,1,5.417147766323026,5.417147766323026,0.0
validation_2025h2,thrust_quality,2025-10-16,1,-6.210000000000005,-6.210000000000005,0.0
validation_2025h2,thrust_quality,2025-10-17,2,-5.5608284123645175,-5.5608284123645175,0.0
validation_2025h2,thrust_quality,2025-10-20,2,-2.5380752122927914,-2.5380752122927914,0.0
validation_2025h2,thrust_quality,2025-10-23,1,3.616086956521757,3.616086956521757,0.0
validation_2025h2,thrust_quality,2025-10-24,2,-3.191786527295095,-3.191786527295095,0.0
validation_2025h2,thrust_quality,2025-10-27,2,10.454610788662219,10.454610788662219,0.0
validation_2025h2,thrust_quality,2025-10-28,1,4.2542857142856985,4.2542857142856985,0.0
validation_2025h2,thrust_quality,2025-10-31,2,-0.6249142327306245,2.59635506401039,-3.2212692967410144
validation_2025h2,thrust_quality,2025-11-03,1,5.58150579150578,5.58150579150578,0.0
validation_2025h2,thrust_quality,2025-11-05,2,11.803396668489972,11.803396668489972,0.0
validation_2025h2,thrust_quality,2025-11-06,2,-9.732191684284711,-9.732191684284722,1.0658141036401503e-14
validation_2025h2,thrust_quality,2025-11-10,2,-2.2115831663326775,-2.2115831663326775,0.0
validation_2025h2,thrust_quality,2025-11-11,2,3.3374366819649763,3.3374366819649763,0.0
validation_2025h2,thrust_quality,2025-11-12,2,0.5272662145573959,0.5272662145573959,0.0
validation_2025h2,thrust_quality,2025-11-13,2,3.503150755729954,3.503150755729954,0.0
validation_2025h2,thrust_quality,2025-11-24,1,3.0631376975169147,3.0631376975169147,0.0
validation_2025h2,thrust_quality,2025-11-27,1,-0.14694829760404463,-0.14694829760404463,0.0
validation_2025h2,thrust_quality,2025-11-28,1,-4.87888994759408,-4.87888994759408,0.0
validation_2025h2,thrust_quality,2025-12-01,1,-5.21984467293809,-5.21984467293809,0.0
validation_2025h2,thrust_quality,2025-12-03,2,2.853282205244299,2.853282205244299,0.0
validation_2025h2,thrust_quality,2025-12-05,1,13.197407407407422,13.197407407407422,0.0
validation_2025h2,thrust_quality,2025-12-08,1,-6.210000000000005,-6.210000000000005,0.0
validation_2025h2,thrust_quality,2025-12-10,1,-6.210000000000005,-6.210000000000005,0.0
validation_2025h2,thrust_quality,2025-12-12,2,-5.061087130295762,-5.061087130295762,0.0
validation_2025h2,thrust_quality,2025-12-15,2,-3.4925216234198215,-3.4925216234198215,0.0
validation_2025h2,thrust_quality,2025-12-16,1,26.83545454545455,26.83545454545455,0.0
validation_2025h2,thrust_quality,2025-12-17,2,23.051617279543013,23.051617279543013,0.0
validation_2025h2,thrust_quality,2025-12-22,2,12.718419308822336,8.19916761952587,4.519251689296466
validation_2025h2,thrust_quality,2025-12-24,1,-5.473157894736836,-5.473157894736836,0.0
observed_2026,baseline,2026-01-05,2,2.8658440850445084,2.8658440850445084,0.0
observed_2026,baseline,2026-01-06,1,8.656408806902725,8.656408806902725,0.0
observed_2026,baseline,2026-01-08,2,1.7901705101582825,1.7901705101582825,0.0
observed_2026,baseline,2026-01-09,2,-3.488062827225126,-3.488062827225126,0.0
observed_2026,baseline,2026-01-12,2,-2.168843366053977,-2.168843366053977,0.0
observed_2026,baseline,2026-01-13,1,2.7412195121951246,2.7412195121951246,0.0
observed_2026,baseline,2026-01-14,1,11.082256053704164,11.082256053704164,0.0
observed_2026,baseline,2026-01-15,2,-9.30990825688073,-9.30990825688073,0.0
observed_2026,baseline,2026-01-16,2,-8.978922558922555,-8.978922558922555,0.0
observed_2026,baseline,2026-01-19,2,0.021347270615577507,0.021347270615577507,0.0
observed_2026,baseline,2026-01-21,2,5.630107939553828,5.630107939553828,0.0
observed_2026,baseline,2026-01-22,1,-3.612646502835527,-3.612646502835527,0.0
observed_2026,baseline,2026-01-23,2,-8.37127784880111,-8.37127784880111,0.0
observed_2026,baseline,2026-01-26,2,-8.22967238689545,-8.22967238689545,0.0
observed_2026,baseline,2026-01-27,2,-3.3726488513830217,-3.3726488513830217,0.0
observed_2026,baseline,2026-01-28,1,13.655546218487412,13.655546218487412,0.0
observed_2026,baseline,2026-01-29,2,-5.213242156074018,-5.213242156074018,0.0
observed_2026,baseline,2026-01-30,2,-5.761238471673271,-5.761238471673271,0.0
observed_2026,baseline,2026-02-02,1,10.948992968927193,10.948992968927193,0.0
observed_2026,baseline,2026-02-03,2,13.562917788095394,13.562917788095394,0.0
observed_2026,baseline,2026-02-06,2,-12.42000000000001,-12.42000000000001,0.0
observed_2026,baseline,2026-02-09,2,-12.42000000000001,-12.42000000000001,0.0
observed_2026,baseline,2026-02-10,1,1.4750490196078427,1.4750490196078427,0.0
observed_2026,baseline,2026-02-12,2,2.658404401650613,2.658404401650613,0.0
observed_2026,baseline,2026-02-13,1,1.4919082001031416,1.4919082001031416,0.0
observed_2026,baseline,2026-02-24,2,30.825985870263303,30.825985870263303,0.0
observed_2026,baseline,2026-02-26,1,-6.210000000000005,-6.210000000000005,0.0
observed_2026,baseline,2026-03-02,1,-1.690769230769241,-1.690769230769241,0.0
observed_2026,baseline,2026-03-10,2,-12.42000000000001,-12.42000000000001,0.0
observed_2026,baseline,2026-03-13,2,-12.41999999999999,-12.41999999999999,0.0
observed_2026,baseline,2026-03-16,2,-1.8826561305123741,-1.8826561305123741,0.0
observed_2026,baseline,2026-03-18,1,4.772206405693934,4.772206405693934,0.0
observed_2026,baseline,2026-03-24,1,2.6353181583031784,2.6353181583031784,0.0
observed_2026,baseline,2026-03-26,1,11.659784123042957,11.659784123042957,0.0
observed_2026,baseline,2026-03-30,2,-8.5015752461322,-8.5015752461322,0.0
observed_2026,baseline,2026-03-31,1,-2.7267229617855557,-2.7267229617855557,0.0
observed_2026,baseline,2026-04-01,2,-12.663985281630332,-12.663985281630332,0.0
observed_2026,baseline,2026-04-07,2,-4.0895105399103695,-4.0895105399103695,0.0
observed_2026,baseline,2026-04-08,2,2.586556284031558,2.586556284031558,0.0
observed_2026,baseline,2026-04-13,2,-5.567888095209129,-5.567888095209129,0.0
observed_2026,baseline,2026-04-14,2,-8.310189018901895,-8.310189018901895,0.0
observed_2026,baseline,2026-04-15,1,-1.062272727272707,-1.062272727272707,0.0
observed_2026,baseline,2026-04-16,2,15.390904013079538,15.390904013079538,0.0
observed_2026,baseline,2026-04-17,2,22.241052052965824,22.241052052965824,0.0
observed_2026,baseline,2026-04-20,1,-6.210000000000005,-6.210000000000005,0.0
observed_2026,baseline,2026-04-21,2,-12.420000000000021,-12.420000000000021,0.0
observed_2026,baseline,2026-04-22,2,-5.651689896142999,-5.651689896142999,0.0
observed_2026,baseline,2026-04-24,1,-0.35887282007655097,-0.35887282007655097,0.0
observed_2026,baseline,2026-04-27,2,2.4548926424277058,2.4548926424277058,0.0
observed_2026,baseline,2026-04-28,1,-1.0385862247540132,-1.0385862247540132,0.0
observed_2026,baseline,2026-04-29,2,23.15404099811453,23.15404099811453,0.0
observed_2026,baseline,2026-04-30,2,5.21653222067686,5.21653222067686,0.0
observed_2026,baseline,2026-05-06,2,-10.931430305482506,-10.931430305482506,0.0
observed_2026,baseline,2026-05-07,2,16.050347180528156,16.050347180528156,0.0
observed_2026,baseline,2026-05-11,2,-12.42000000000001,-12.42000000000001,0.0
observed_2026,baseline,2026-05-12,1,1.3689473684210576,1.3689473684210576,0.0
observed_2026,baseline,2026-05-13,2,-12.420000000000021,-12.420000000000021,0.0
observed_2026,baseline,2026-05-14,2,15.876793437733003,15.876793437733003,0.0
observed_2026,baseline,2026-05-15,2,-8.806400784570124,-8.806400784570124,0.0
observed_2026,baseline,2026-05-18,2,8.245063207606638,8.245063207606638,0.0
observed_2026,baseline,2026-05-19,2,-12.420000000000021,-12.420000000000021,0.0
observed_2026,baseline,2026-05-20,1,-6.210000000000005,-6.210000000000005,0.0
observed_2026,baseline,2026-05-22,2,18.78416776576099,18.78416776576099,0.0
observed_2026,baseline,2026-05-27,1,-6.209999999999995,-6.209999999999995,0.0
observed_2026,baseline,2026-05-28,2,-16.969872122762165,-16.969872122762165,0.0
observed_2026,baseline,2026-06-02,1,-6.9799368904188155,-6.9799368904188155,0.0
observed_2026,baseline,2026-06-03,1,4.9927027027026885,4.9927027027026885,0.0
observed_2026,baseline,2026-06-04,1,-6.209999999999995,-6.209999999999995,0.0
observed_2026,baseline,2026-06-05,1,-6.210000000000005,-6.210000000000005,0.0
observed_2026,baseline,2026-06-08,1,1.8034228187919323,1.8034228187919323,0.0
observed_2026,baseline,2026-06-09,2,33.147141861273425,33.147141861273425,0.0
observed_2026,baseline,2026-06-10,1,-6.210000000000005,-6.210000000000005,0.0
observed_2026,baseline,2026-06-12,2,-6.358507465101527,-6.358507465101527,0.0
observed_2026,baseline,2026-06-15,2,37.70640637369715,37.70640637369715,0.0
observed_2026,baseline,2026-06-18,2,6.164121272975763,6.164121272975763,0.0
observed_2026,baseline,2026-06-22,2,-7.608191580580627,-7.608191580580627,0.0
observed_2026,baseline,2026-06-23,2,-12.42000000000001,-12.42000000000001,0.0
observed_2026,baseline,2026-06-24,2,-12.420000000000021,-12.420000000000021,0.0
observed_2026,baseline,2026-06-25,1,14.58242241031844,14.58242241031844,0.0
observed_2026,baseline,2026-06-26,1,-8.597596899224804,-8.597596899224804,0.0
observed_2026,baseline,2026-06-29,2,17.801536903554126,17.801536903554126,0.0
observed_2026,baseline,2026-06-30,1,-7.675495608531992,-7.675495608531992,0.0
observed_2026,baseline,2026-07-01,1,-6.210000000000005,-6.210000000000005,0.0
observed_2026,baseline,2026-07-06,1,-6.210000000000005,-6.210000000000005,0.0
observed_2026,baseline,2026-07-07,1,-6.209999999999995,-6.209999999999995,0.0
observed_2026,baseline,2026-07-10,2,-22.43858544140423,-22.43858544140423,0.0
observed_2026,baseline,2026-07-13,1,-6.210000000000005,-6.210000000000005,0.0
observed_2026,baseline,2026-07-15,2,-12.42000000000001,-12.42000000000001,0.0
observed_2026,baseline,2026-07-27,1,-6.210000000000016,-6.210000000000016,0.0
observed_2026,baseline,2026-07-31,2,6.04781327797199,6.04781327797199,0.0
observed_2026,baseline,2026-08-07,2,-1.484944134078205,-1.484944134078205,0.0
observed_2026,baseline,2026-08-10,2,-4.629582119917177,-4.629582119917177,0.0
observed_2026,baseline,2026-08-11,1,-0.2285185185185177,-0.2285185185185177,0.0
observed_2026,baseline,2026-08-12,2,-4.73083202511775,-4.73083202511775,0.0
observed_2026,baseline,2026-08-14,1,8.365803981623275,8.365803981623275,0.0
observed_2026,baseline,2026-08-17,2,-12.42000000000001,-12.42000000000001,0.0
observed_2026,baseline,2026-08-19,1,-7.837118644067776,-7.837118644067776,0.0
observed_2026,baseline,2026-08-20,2,4.960360151714325,4.960360151714325,0.0
observed_2026,baseline,2026-08-25,1,-3.169641255605383,-3.169641255605383,0.0
observed_2026,baseline,2026-08-26,1,4.002983548243665,4.002983548243665,0.0
observed_2026,baseline,2026-08-27,2,-12.907997686300977,-12.907997686300977,0.0
observed_2026,baseline,2026-08-28,1,-3.1392107404393808,-3.1392107404393808,0.0
observed_2026,baseline,2026-08-31,2,-5.695362318840582,-5.695362318840582,0.0
observed_2026,baseline,2026-09-01,2,2.5982409733271687,2.5982409733271687,0.0
observed_2026,baseline,2026-09-02,1,-1.9381728172817145,-1.9381728172817145,0.0
observed_2026,baseline,2026-09-03,2,11.137534194451046,11.137534194451046,0.0
observed_2026,baseline,2026-09-04,2,-12.42,-12.42,0.0
observed_2026,baseline,2026-09-07,2,4.188027304905871,4.188027304905871,0.0
observed_2026,baseline,2026-09-08,2,-9.857647784517345,-9.857647784517345,0.0
observed_2026,baseline,2026-09-09,1,-6.210000000000016,-6.210000000000016,0.0
observed_2026,baseline,2026-09-11,1,2.5215914489311144,2.5215914489311144,0.0
observed_2026,baseline,2026-09-14,2,4.237436601188603,4.237436601188603,0.0
observed_2026,baseline,2026-09-16,2,18.638102179632952,18.638102179632952,0.0
observed_2026,baseline,2026-09-18,1,-3.5015360501567403,-3.5015360501567403,0.0
observed_2026,baseline,2026-09-22,1,19.242736318407957,19.242736318407957,0.0
observed_2026,baseline,2026-09-23,1,-3.0782170542636,-3.0782170542636,0.0
observed_2026,decisive_breakout_gate,2026-01-05,2,2.8658440850445084,2.8658440850445084,0.0
observed_2026,decisive_breakout_gate,2026-01-06,1,0.0,8.656408806902725,-8.656408806902725
observed_2026,decisive_breakout_gate,2026-01-08,2,4.180855868413723,1.7901705101582825,2.390685358255441
observed_2026,decisive_breakout_gate,2026-01-09,2,-3.488062827225126,-3.488062827225126,0.0
observed_2026,decisive_breakout_gate,2026-01-12,2,-2.168843366053977,-2.168843366053977,0.0
observed_2026,decisive_breakout_gate,2026-01-13,1,2.7412195121951246,2.7412195121951246,0.0
observed_2026,decisive_breakout_gate,2026-01-14,1,11.082256053704164,11.082256053704164,0.0
observed_2026,decisive_breakout_gate,2026-01-15,2,-9.30990825688073,-9.30990825688073,0.0
observed_2026,decisive_breakout_gate,2026-01-16,2,-8.978922558922555,-8.978922558922555,0.0
observed_2026,decisive_breakout_gate,2026-01-19,2,0.021347270615577507,0.021347270615577507,0.0
observed_2026,decisive_breakout_gate,2026-01-21,2,5.630107939553828,5.630107939553828,0.0
observed_2026,decisive_breakout_gate,2026-01-22,1,-3.612646502835527,-3.612646502835527,0.0
observed_2026,decisive_breakout_gate,2026-01-23,2,-8.37127784880111,-8.37127784880111,0.0
observed_2026,decisive_breakout_gate,2026-01-26,2,0.0,-8.22967238689545,8.22967238689545
observed_2026,decisive_breakout_gate,2026-01-27,2,2.8373511486169836,-3.3726488513830217,6.210000000000005
observed_2026,decisive_breakout_gate,2026-01-28,1,13.655546218487412,13.655546218487412,0.0
observed_2026,decisive_breakout_gate,2026-01-29,2,-12.42000000000001,-5.213242156074018,-7.206757843925993
observed_2026,decisive_breakout_gate,2026-01-30,2,-6.210000000000005,-5.761238471673271,-0.44876152832673455
observed_2026,decisive_breakout_gate,2026-02-02,1,0.0,10.948992968927193,-10.948992968927193
observed_2026,decisive_breakout_gate,2026-02-03,2,13.562917788095394,13.562917788095394,0.0
observed_2026,decisive_breakout_gate,2026-02-06,2,-6.210000000000005,-12.42000000000001,6.210000000000005
observed_2026,decisive_breakout_gate,2026-02-09,2,-12.42000000000001,-12.42000000000001,0.0
observed_2026,decisive_breakout_gate,2026-02-10,1,0.0,1.4750490196078427,-1.4750490196078427
observed_2026,decisive_breakout_gate,2026-02-12,2,5.728760330578516,2.658404401650613,3.0703559289279028
observed_2026,decisive_breakout_gate,2026-02-13,1,1.4919082001031416,1.4919082001031416,0.0
observed_2026,decisive_breakout_gate,2026-02-24,2,0.0,30.825985870263303,-30.825985870263303
observed_2026,decisive_breakout_gate,2026-02-26,1,0.0,-6.210000000000005,6.210000000000005
observed_2026,decisive_breakout_gate,2026-03-02,1,-1.690769230769241,-1.690769230769241,0.0
observed_2026,decisive_breakout_gate,2026-03-10,2,-8.11557591112846,-12.42000000000001,4.304424088871551
observed_2026,decisive_breakout_gate,2026-03-13,2,-6.209999999999995,-12.41999999999999,6.209999999999995
observed_2026,decisive_breakout_gate,2026-03-16,2,12.348046198267546,-1.8826561305123741,14.23070232877992
observed_2026,decisive_breakout_gate,2026-03-18,1,4.772206405693934,4.772206405693934,0.0
observed_2026,decisive_breakout_gate,2026-03-24,1,0.0,2.6353181583031784,-2.6353181583031784
observed_2026,decisive_breakout_gate,2026-03-26,1,11.659784123042957,11.659784123042957,0.0
observed_2026,decisive_breakout_gate,2026-03-30,2,-6.210000000000005,-8.5015752461322,2.2915752461321945
observed_2026,decisive_breakout_gate,2026-03-31,1,0.0,-2.7267229617855557,2.7267229617855557
observed_2026,decisive_breakout_gate,2026-04-01,2,-12.663985281630332,-12.663985281630332,0.0
observed_2026,decisive_breakout_gate,2026-04-07,2,-4.0895105399103695,-4.0895105399103695,0.0
observed_2026,decisive_breakout_gate,2026-04-08,2,8.413333333333348,2.586556284031558,5.82677704930179
observed_2026,decisive_breakout_gate,2026-04-13,2,7.772880559642734,-5.567888095209129,13.340768654851864
observed_2026,decisive_breakout_gate,2026-04-14,2,-2.100189018901889,-8.310189018901895,6.210000000000006
observed_2026,decisive_breakout_gate,2026-04-15,1,0.0,-1.062272727272707,1.062272727272707
observed_2026,decisive_breakout_gate,2026-04-16,2,15.390904013079538,15.390904013079538,0.0
observed_2026,decisive_breakout_gate,2026-04-17,2,-1.474367816091938,22.241052052965824,-23.71541986905776
observed_2026,decisive_breakout_gate,2026-04-20,1,-6.210000000000005,-6.210000000000005,0.0
observed_2026,decisive_breakout_gate,2026-04-21,2,-6.210000000000005,-12.420000000000021,6.210000000000016
observed_2026,decisive_breakout_gate,2026-04-22,2,-5.651689896142999,-5.651689896142999,0.0
observed_2026,decisive_breakout_gate,2026-04-24,1,-0.35887282007655097,-0.35887282007655097,0.0
observed_2026,decisive_breakout_gate,2026-04-27,2,-6.210000000000005,2.4548926424277058,-8.664892642427711
observed_2026,decisive_breakout_gate,2026-04-28,1,0.0,-1.0385862247540132,1.0385862247540132
observed_2026,decisive_breakout_gate,2026-04-29,2,0.0,23.15404099811453,-23.15404099811453
observed_2026,decisive_breakout_gate,2026-04-30,2,5.21653222067686,5.21653222067686,0.0
observed_2026,decisive_breakout_gate,2026-05-06,2,-4.7214303054825,-10.931430305482506,6.210000000000005
observed_2026,decisive_breakout_gate,2026-05-07,2,0.0,16.050347180528156,-16.050347180528156
observed_2026,decisive_breakout_gate,2026-05-11,2,-6.210000000000005,-12.42000000000001,6.210000000000005
observed_2026,decisive_breakout_gate,2026-05-12,1,0.0,1.3689473684210576,-1.3689473684210576
observed_2026,decisive_breakout_gate,2026-05-13,2,-2.0563636363636357,-12.420000000000021,10.363636363636385
observed_2026,decisive_breakout_gate,2026-05-14,2,22.086793437733007,15.876793437733003,6.210000000000004
observed_2026,decisive_breakout_gate,2026-05-15,2,-6.210000000000005,-8.806400784570124,2.596400784570119
observed_2026,decisive_breakout_gate,2026-05-18,2,8.245063207606638,8.245063207606638,0.0
observed_2026,decisive_breakout_gate,2026-05-19,2,-12.420000000000021,-12.420000000000021,0.0
observed_2026,decisive_breakout_gate,2026-05-20,1,-6.210000000000005,-6.210000000000005,0.0
observed_2026,decisive_breakout_gate,2026-05-22,2,18.78416776576099,18.78416776576099,0.0
observed_2026,decisive_breakout_gate,2026-05-27,1,0.0,-6.209999999999995,6.209999999999995
observed_2026,decisive_breakout_gate,2026-05-28,2,-16.969872122762165,-16.969872122762165,0.0
observed_2026,decisive_breakout_gate,2026-06-02,1,-6.9799368904188155,-6.9799368904188155,0.0
observed_2026,decisive_breakout_gate,2026-06-03,1,4.9927027027026885,4.9927027027026885,0.0
observed_2026,decisive_breakout_gate,2026-06-04,1,-6.209999999999995,-6.209999999999995,0.0
observed_2026,decisive_breakout_gate,2026-06-05,1,-6.210000000000005,-6.210000000000005,0.0
observed_2026,decisive_breakout_gate,2026-06-08,1,1.8034228187919323,1.8034228187919323,0.0
observed_2026,decisive_breakout_gate,2026-06-09,2,30.365939515232384,33.147141861273425,-2.7812023460410416
observed_2026,decisive_breakout_gate,2026-06-10,1,-6.210000000000005,-6.210000000000005,0.0
observed_2026,decisive_breakout_gate,2026-06-12,2,0.20987403778864785,-6.358507465101527,6.568381502890175
observed_2026,decisive_breakout_gate,2026-06-15,2,37.70640637369715,37.70640637369715,0.0
observed_2026,decisive_breakout_gate,2026-06-18,2,-1.537643432906589,6.164121272975763,-7.7017647058823515
observed_2026,decisive_breakout_gate,2026-06-22,2,-7.608191580580627,-7.608191580580627,0.0
observed_2026,decisive_breakout_gate,2026-06-23,2,-6.210000000000005,-12.42000000000001,6.210000000000005
observed_2026,decisive_breakout_gate,2026-06-24,2,-12.420000000000021,-12.420000000000021,0.0
observed_2026,decisive_breakout_gate,2026-06-25,1,14.58242241031844,14.58242241031844,0.0
observed_2026,decisive_breakout_gate,2026-06-26,1,0.0,-8.597596899224804,8.597596899224804
observed_2026,decisive_breakout_gate,2026-06-29,2,17.801536903554126,17.801536903554126,0.0
observed_2026,decisive_breakout_gate,2026-06-30,1,-7.675495608531992,-7.675495608531992,0.0
observed_2026,decisive_breakout_gate,2026-07-01,1,-6.210000000000005,-6.210000000000005,0.0
observed_2026,decisive_breakout_gate,2026-07-06,1,-6.210000000000005,-6.210000000000005,0.0
observed_2026,decisive_breakout_gate,2026-07-07,1,-6.209999999999995,-6.209999999999995,0.0
observed_2026,decisive_breakout_gate,2026-07-10,2,-8.767046979865768,-22.43858544140423,13.67153846153846
observed_2026,decisive_breakout_gate,2026-07-13,1,0.0,-6.210000000000005,6.210000000000005
observed_2026,decisive_breakout_gate,2026-07-15,2,-12.42000000000001,-12.42000000000001,0.0
observed_2026,decisive_breakout_gate,2026-07-27,1,-6.210000000000016,-6.210000000000016,0.0
observed_2026,decisive_breakout_gate,2026-07-31,2,0.0,6.04781327797199,-6.04781327797199
observed_2026,decisive_breakout_gate,2026-08-07,2,-4.399944134078227,-1.484944134078205,-2.9150000000000222
observed_2026,decisive_breakout_gate,2026-08-10,2,-4.629582119917177,-4.629582119917177,0.0
observed_2026,decisive_breakout_gate,2026-08-11,1,0.0,-0.2285185185185177,0.2285185185185177
observed_2026,decisive_breakout_gate,2026-08-12,2,17.79855621958437,-4.73083202511775,22.52938824470212
observed_2026,decisive_breakout_gate,2026-08-14,1,8.365803981623275,8.365803981623275,0.0
observed_2026,decisive_breakout_gate,2026-08-17,2,-5.445069637883006,-12.42000000000001,6.9749303621170045
observed_2026,decisive_breakout_gate,2026-08-19,1,-7.837118644067776,-7.837118644067776,0.0
observed_2026,decisive_breakout_gate,2026-08-20,2,0.4017767015039633,4.960360151714325,-4.558583450210362
observed_2026,decisive_breakout_gate,2026-08-25,1,0.0,-3.169641255605383,3.169641255605383
observed_2026,decisive_breakout_gate,2026-08-26,1,0.0,4.002983548243665,-4.002983548243665
observed_2026,decisive_breakout_gate,2026-08-27,2,-12.907997686300977,-12.907997686300977,0.0
observed_2026,decisive_breakout_gate,2026-08-28,1,-3.1392107404393808,-3.1392107404393808,0.0
observed_2026,decisive_breakout_gate,2026-08-31,2,-5.695362318840582,-5.695362318840582,0.0
observed_2026,decisive_breakout_gate,2026-09-01,2,2.5982409733271687,2.5982409733271687,0.0
observed_2026,decisive_breakout_gate,2026-09-02,1,0.0,-1.9381728172817145,1.9381728172817145
observed_2026,decisive_breakout_gate,2026-09-03,2,11.137534194451046,11.137534194451046,0.0
observed_2026,decisive_breakout_gate,2026-09-04,2,2.5366570292735693,-12.42,14.956657029273568
observed_2026,decisive_breakout_gate,2026-09-07,2,4.188027304905871,4.188027304905871,0.0
observed_2026,decisive_breakout_gate,2026-09-08,2,4.106936222897094,-9.857647784517345,13.96458400741444
observed_2026,decisive_breakout_gate,2026-09-09,1,-6.210000000000016,-6.210000000000016,0.0
observed_2026,decisive_breakout_gate,2026-09-11,1,2.5215914489311144,2.5215914489311144,0.0
observed_2026,decisive_breakout_gate,2026-09-14,2,1.9652937440457254,4.237436601188603,-2.2721428571428772
observed_2026,decisive_breakout_gate,2026-09-16,2,5.609112627986334,18.638102179632952,-13.028989551646617
observed_2026,decisive_breakout_gate,2026-09-18,1,-3.5015360501567403,-3.5015360501567403,0.0
observed_2026,decisive_breakout_gate,2026-09-22,1,19.242736318407957,19.242736318407957,0.0
observed_2026,decisive_breakout_gate,2026-09-23,1,0.0,-3.0782170542636,3.0782170542636
observed_2026,thrust_quality,2026-01-05,2,9.606241799437672,2.8658440850445084,6.740397714393164
observed_2026,thrust_quality,2026-01-06,1,8.656408806902725,8.656408806902725,0.0
observed_2026,thrust_quality,2026-01-08,2,1.7901705101582825,1.7901705101582825,0.0
observed_2026,thrust_quality,2026-01-09,2,-3.488062827225126,-3.488062827225126,0.0
observed_2026,thrust_quality,2026-01-12,2,-2.168843366053977,-2.168843366053977,0.0
observed_2026,thrust_quality,2026-01-13,1,2.7412195121951246,2.7412195121951246,0.0
observed_2026,thrust_quality,2026-01-14,1,11.082256053704164,11.082256053704164,0.0
observed_2026,thrust_quality,2026-01-15,2,-9.30990825688073,-9.30990825688073,0.0
observed_2026,thrust_quality,2026-01-16,2,-2.9839589169000886,-8.978922558922555,5.994963642022467
observed_2026,thrust_quality,2026-01-19,2,0.021347270615577507,0.021347270615577507,0.0
observed_2026,thrust_quality,2026-01-21,2,5.630107939553828,5.630107939553828,0.0
observed_2026,thrust_quality,2026-01-22,1,-3.612646502835527,-3.612646502835527,0.0
observed_2026,thrust_quality,2026-01-23,2,-8.37127784880111,-8.37127784880111,0.0
observed_2026,thrust_quality,2026-01-26,2,-8.22967238689545,-8.22967238689545,0.0
observed_2026,thrust_quality,2026-01-27,2,-3.372648851383011,-3.3726488513830217,1.0658141036401503e-14
observed_2026,thrust_quality,2026-01-28,1,13.655546218487412,13.655546218487412,0.0
observed_2026,thrust_quality,2026-01-29,2,-12.42000000000001,-5.213242156074018,-7.206757843925993
observed_2026,thrust_quality,2026-01-30,2,-8.720405953991886,-5.761238471673271,-2.959167482318615
observed_2026,thrust_quality,2026-02-02,1,10.948992968927193,10.948992968927193,0.0
observed_2026,thrust_quality,2026-02-03,2,13.562917788095394,13.562917788095394,0.0
observed_2026,thrust_quality,2026-02-06,2,-12.42000000000001,-12.42000000000001,0.0
observed_2026,thrust_quality,2026-02-09,2,-12.42000000000001,-12.42000000000001,0.0
observed_2026,thrust_quality,2026-02-10,1,1.4750490196078427,1.4750490196078427,0.0
observed_2026,thrust_quality,2026-02-12,2,2.658404401650613,2.658404401650613,0.0
observed_2026,thrust_quality,2026-02-13,1,1.4919082001031416,1.4919082001031416,0.0
observed_2026,thrust_quality,2026-02-24,2,30.825985870263303,30.825985870263303,0.0
observed_2026,thrust_quality,2026-02-26,1,-6.210000000000005,-6.210000000000005,0.0
observed_2026,thrust_quality,2026-03-02,1,-1.690769230769241,-1.690769230769241,0.0
observed_2026,thrust_quality,2026-03-10,2,-12.42000000000001,-12.42000000000001,0.0
observed_2026,thrust_quality,2026-03-13,2,-12.41999999999999,-12.41999999999999,0.0
observed_2026,thrust_quality,2026-03-16,2,-11.967703180212022,-1.8826561305123741,-10.085047049699646
observed_2026,thrust_quality,2026-03-18,1,4.772206405693934,4.772206405693934,0.0
observed_2026,thrust_quality,2026-03-24,1,2.6353181583031784,2.6353181583031784,0.0
observed_2026,thrust_quality,2026-03-26,1,11.659784123042957,11.659784123042957,0.0
observed_2026,thrust_quality,2026-03-30,2,-8.5015752461322,-8.5015752461322,0.0
observed_2026,thrust_quality,2026-03-31,1,-2.7267229617855557,-2.7267229617855557,0.0
observed_2026,thrust_quality,2026-04-01,2,2.9657142857142587,-12.663985281630332,15.629699567344591
observed_2026,thrust_quality,2026-04-07,2,-4.0895105399103695,-4.0895105399103695,0.0
observed_2026,thrust_quality,2026-04-08,2,14.242449820153254,2.586556284031558,11.655893536121695
observed_2026,thrust_quality,2026-04-13,2,-2.0956189557868505,-5.567888095209129,3.472269139422279
observed_2026,thrust_quality,2026-04-14,2,-8.310189018901895,-8.310189018901895,0.0
observed_2026,thrust_quality,2026-04-15,1,-1.062272727272707,-1.062272727272707,0.0
observed_2026,thrust_quality,2026-04-16,2,15.390904013079538,15.390904013079538,0.0
observed_2026,thrust_quality,2026-04-17,2,-3.0228672877368763,22.241052052965824,-25.2639193407027
observed_2026,thrust_quality,2026-04-20,1,-6.210000000000005,-6.210000000000005,0.0
observed_2026,thrust_quality,2026-04-21,2,-12.420000000000021,-12.420000000000021,0.0
observed_2026,thrust_quality,2026-04-22,2,-10.352820752362703,-5.651689896142999,-4.701130856219704
observed_2026,thrust_quality,2026-04-24,1,-0.35887282007655097,-0.35887282007655097,0.0
observed_2026,thrust_quality,2026-04-27,2,2.4548926424277058,2.4548926424277058,0.0
observed_2026,thrust_quality,2026-04-28,1,-1.0385862247540132,-1.0385862247540132,0.0
observed_2026,thrust_quality,2026-04-29,2,23.15404099811453,23.15404099811453,0.0
observed_2026,thrust_quality,2026-04-30,2,5.21653222067686,5.21653222067686,0.0
observed_2026,thrust_quality,2026-05-06,2,-10.931430305482495,-10.931430305482506,1.0658141036401503e-14
observed_2026,thrust_quality,2026-05-07,2,16.050347180528156,16.050347180528156,0.0
observed_2026,thrust_quality,2026-05-11,2,-12.42000000000001,-12.42000000000001,0.0
observed_2026,thrust_quality,2026-05-12,1,1.3689473684210576,1.3689473684210576,0.0
observed_2026,thrust_quality,2026-05-13,2,-12.42000000000001,-12.420000000000021,1.0658141036401503e-14
observed_2026,thrust_quality,2026-05-14,2,15.876793437733003,15.876793437733003,0.0
observed_2026,thrust_quality,2026-05-15,2,-8.806400784570124,-8.806400784570124,0.0
observed_2026,thrust_quality,2026-05-18,2,8.245063207606638,8.245063207606638,0.0
observed_2026,thrust_quality,2026-05-19,2,12.533488372093036,-12.420000000000021,24.953488372093055
observed_2026,thrust_quality,2026-05-20,1,-6.210000000000005,-6.210000000000005,0.0
observed_2026,thrust_quality,2026-05-22,2,18.78416776576099,18.78416776576099,0.0
observed_2026,thrust_quality,2026-05-27,1,-6.209999999999995,-6.209999999999995,0.0
observed_2026,thrust_quality,2026-05-28,2,-16.969872122762165,-16.969872122762165,0.0
observed_2026,thrust_quality,2026-06-02,1,-6.9799368904188155,-6.9799368904188155,0.0
observed_2026,thrust_quality,2026-06-03,1,4.9927027027026885,4.9927027027026885,0.0
observed_2026,thrust_quality,2026-06-04,1,-6.209999999999995,-6.209999999999995,0.0
observed_2026,thrust_quality,2026-06-05,1,-6.210000000000005,-6.210000000000005,0.0
observed_2026,thrust_quality,2026-06-08,1,1.8034228187919323,1.8034228187919323,0.0
observed_2026,thrust_quality,2026-06-09,2,33.147141861273425,33.147141861273425,0.0
observed_2026,thrust_quality,2026-06-10,1,-6.210000000000005,-6.210000000000005,0.0
observed_2026,thrust_quality,2026-06-12,2,-6.358507465101527,-6.358507465101527,0.0
observed_2026,thrust_quality,2026-06-15,2,11.535675939548295,37.70640637369715,-26.170730434148854
observed_2026,thrust_quality,2026-06-18,2,6.164121272975763,6.164121272975763,0.0
observed_2026,thrust_quality,2026-06-22,2,-7.608191580580616,-7.608191580580627,1.0658141036401503e-14
observed_2026,thrust_quality,2026-06-23,2,-12.42000000000001,-12.42000000000001,0.0
observed_2026,thrust_quality,2026-06-24,2,-12.420000000000021,-12.420000000000021,0.0
observed_2026,thrust_quality,2026-06-25,1,14.58242241031844,14.58242241031844,0.0
observed_2026,thrust_quality,2026-06-26,1,-8.597596899224804,-8.597596899224804,0.0
observed_2026,thrust_quality,2026-06-29,2,9.853484955502168,17.801536903554126,-7.948051948051958
observed_2026,thrust_quality,2026-06-30,1,-7.675495608531992,-7.675495608531992,0.0
observed_2026,thrust_quality,2026-07-01,1,-6.210000000000005,-6.210000000000005,0.0
observed_2026,thrust_quality,2026-07-06,1,-6.210000000000005,-6.210000000000005,0.0
observed_2026,thrust_quality,2026-07-07,1,-6.209999999999995,-6.209999999999995,0.0
observed_2026,thrust_quality,2026-07-10,2,-22.43858544140423,-22.43858544140423,0.0
observed_2026,thrust_quality,2026-07-13,1,-6.210000000000005,-6.210000000000005,0.0
observed_2026,thrust_quality,2026-07-15,2,-3.5707123219195243,-12.42000000000001,8.849287678080486
observed_2026,thrust_quality,2026-07-27,1,-6.210000000000016,-6.210000000000016,0.0
observed_2026,thrust_quality,2026-07-31,2,11.604387478483133,6.04781327797199,5.556574200511143
observed_2026,thrust_quality,2026-08-07,2,-1.484944134078205,-1.484944134078205,0.0
observed_2026,thrust_quality,2026-08-10,2,-10.397798334875121,-4.629582119917177,-5.768216214957945
observed_2026,thrust_quality,2026-08-11,1,-0.2285185185185177,-0.2285185185185177,0.0
observed_2026,thrust_quality,2026-08-12,2,40.422105263157896,-4.73083202511775,45.152937288275645
observed_2026,thrust_quality,2026-08-14,1,8.365803981623275,8.365803981623275,0.0
observed_2026,thrust_quality,2026-08-17,2,3.1928200503664055,-12.42000000000001,15.612820050366416
observed_2026,thrust_quality,2026-08-19,1,-7.837118644067776,-7.837118644067776,0.0
observed_2026,thrust_quality,2026-08-20,2,4.960360151714325,4.960360151714325,0.0
observed_2026,thrust_quality,2026-08-25,1,-3.169641255605383,-3.169641255605383,0.0
observed_2026,thrust_quality,2026-08-26,1,4.002983548243665,4.002983548243665,0.0
observed_2026,thrust_quality,2026-08-27,2,-12.42000000000001,-12.907997686300977,0.4879976863009663
observed_2026,thrust_quality,2026-08-28,1,-3.1392107404393808,-3.1392107404393808,0.0
observed_2026,thrust_quality,2026-08-31,2,-5.695362318840582,-5.695362318840582,0.0
observed_2026,thrust_quality,2026-09-01,2,-4.362992874109263,2.5982409733271687,-6.961233847436432
observed_2026,thrust_quality,2026-09-02,1,-1.9381728172817145,-1.9381728172817145,0.0
observed_2026,thrust_quality,2026-09-03,2,7.809352346999397,11.137534194451046,-3.328181847451649
observed_2026,thrust_quality,2026-09-04,2,-3.6733429707264253,-12.42,8.746657029273575
observed_2026,thrust_quality,2026-09-07,2,4.188027304905871,4.188027304905871,0.0
observed_2026,thrust_quality,2026-09-08,2,-2.513810153169529,-9.857647784517345,7.343837631347816
observed_2026,thrust_quality,2026-09-09,1,-6.210000000000016,-6.210000000000016,0.0
observed_2026,thrust_quality,2026-09-11,1,2.5215914489311144,2.5215914489311144,0.0
observed_2026,thrust_quality,2026-09-14,2,8.463983523424389,4.237436601188603,4.226546922235786
observed_2026,thrust_quality,2026-09-16,2,18.638102179632952,18.638102179632952,0.0
observed_2026,thrust_quality,2026-09-18,1,-3.5015360501567403,-3.5015360501567403,0.0
observed_2026,thrust_quality,2026-09-22,1,19.242736318407957,19.242736318407957,0.0
observed_2026,thrust_quality,2026-09-23,1,-3.0782170542636,-3.0782170542636,0.0
