code,signal_date,entry_date,entry_price,exit_date,exit_price,hold_days,gross_return_pct,net_return_pct,mae_pct,mfe_pct,exit_reason,benchmark_return_pct,entry_factor,exit_factor,momentum,extension,risk,volume_ratio,body_efficiency,range_atr,day_return,C,D,V,L,prior_high,prior_support,score,next_open_gap,baseline_selected
300707,2024-01-05,2024-01-08,18.7,2024-01-09,17.578,1,-6.000000000000005,-6.210000000000005,-8.983957219251348,0.5347593582887722,stop_loss,,2.0381520568262,2.0381520568262,9.548916227299342,0.10706638115631772,6.552706552706522,4.115145157244179,0.5590551181102359,1.8955223880597072,4.761904761904745,0.8207010384642683,0.6800433839479406,1.0,0.6299212598425189,18.557006846394387,17.4344470103973,64.2074,0.0,True
301238,2024-01-05,2024-01-08,18.91,2024-01-11,19.16,3,1.322051824431525,1.112051824431525,-3.2258064516129115,10.417768376520353,hold_expired,,1.0047687172151,1.0047687172151,13.752222880853582,8.786848072562359,12.617370892018798,13.856600718514395,0.41056910569105753,5.449367088607582,11.76470588235292,0.9289783193720389,0.9133949191685922,1.0,0.5365853658536591,17.3345033797638,16.74489442126843,75.8718,-1.4590932777488241,True
301329,2024-01-05,2024-01-08,23.1,2024-01-11,21.714,3,-6.000000000000016,-6.210000000000016,-7.056277056277072,14.37229437229437,stop_loss,,1.0,1.0,4.161013116237,1.053093462044763,7.466168922071859,6.469495559296453,0.6612903225806447,1.8454996456413908,6.325023084025849,0.6022843332881774,0.682610639248993,1.0,0.6612903225806447,21.971531697625394,20.660374035985615,50.8213,0.3039513677811634,False
300763,2024-01-09,2024-01-10,71.01,2024-01-15,75.36,3,6.125897760878729,5.915897760878729,0.0,12.082805238698779,hold_expired,,4.5217720040257,4.5217720040257,5.84358523725832,3.3905579399141406,12.69296740994854,4.3180531783287295,0.6940948693126816,3.019206680584547,12.116040955631412,0.2674327388202529,0.6714178544636131,1.0,0.7202323330106479,69.39181053725594,63.66375979619774,50.1746,-1.743462017434616,True
300663,2024-01-11,2024-01-12,15.62,2024-01-17,15.25,3,-2.3687580025608224,-2.5787580025608223,-3.201024327784896,3.905249679897582,hold_expired,,3.3825777753898,3.3825777753898,14.967462039045554,0.7604562737642651,14.967462039045554,3.4062370021192736,0.7534883720930242,3.60047846889952,12.28813559322035,0.6400726210529822,0.36507936507936506,1.0,0.8000000000000009,15.78,13.83,71.0122,-1.7610062893081757,True
300862,2024-01-11,2024-01-12,42.24,2024-01-17,40.0,3,-5.30303030303031,-5.51303030303031,-5.847537878787879,0.9943181818181657,hold_expired,,1.0151630022745,1.0151630022745,1.0528834649437657,3.6064769381746853,13.095875736475616,2.3299689440993787,0.5846994535519116,1.4921374490390202,6.105527638190944,0.6616489389480209,0.9425430926804881,0.6649844720496894,0.7896174863387968,29.03836746645017,26.601880304152342,48.6108,0.023679848448976415,True
300763,2024-01-18,2024-01-19,78.17,2024-01-22,72.21,1,-7.624408340795696,-7.834408340795696,-10.20851989254189,0.9594473583216079,stop_loss,,4.5217720040257,4.5217720040257,19.669917479369836,0.21359467269757015,8.91711047384951,1.5718932450571077,0.9948186528497397,1.4802775748721686,6.318315115969075,0.3878940466228235,0.9548832271762211,0.28594662252855385,0.9948186528497397,79.01136195508154,72.69760065297928,82.2373,-1.9934804413239804,True
300737,2024-02-21,2024-02-22,5.04,2024-02-27,5.31,3,5.35714285714286,5.14714285714286,-1.1904761904761751,5.35714285714286,hold_expired,,1.8334744566574,1.8334744566574,-5.410447761194037,1.4000000000000012,6.962025316455689,1.6093727420328292,0.5227272727272725,1.2246520874751503,4.752066115702491,0.3981607588399356,0.8775510204081629,0.3046863710164146,0.6136363636363643,4.636442642391323,4.395347624986974,34.4553,-0.5917159763313751,False
300783,2024-02-21,2024-02-22,18.16,2024-02-27,18.66,3,2.753303964757725,2.543303964757725,-1.4317180616740255,3.0286343612334843,hold_expired,,1.0264862761675,1.0264862761675,9.352517985611497,1.5025041736227207,6.604324956165986,2.3200071101918134,0.570588235294118,1.5845539280958736,4.4673539518900185,0.5671902062929486,0.8923512747875375,0.6600035550959067,0.6352941176470591,17.646872156596213,16.802336260398512,59.9041,-0.43859649122806044,True
300862,2024-02-21,2024-02-22,33.5,2024-02-27,35.97,3,7.3731343283582,7.1631343283582,-1.4925373134328401,7.462686567164178,hold_expired,,1.0151630022745,1.0151630022745,4.068002428658191,2.358913108390559,12.283000327546677,2.1873634819189385,0.6763005780346828,1.1527843883864826,7.1250000000000036,0.7554404388195824,0.9132589838909535,0.5936817409594692,0.9190751445086709,23.859051188700104,21.7502786739628,57.4848,-2.2753792298716324,True
300973,2024-02-21,2024-02-22,34.95,2024-02-27,37.32,3,6.7811158798283255,6.571115879828326,-1.5450643776824147,6.7811158798283255,hold_expired,,1.0156522187662,1.0156522187662,-1.3838915029061871,1.3367463026166204,9.664512157586946,1.7946826103549167,0.6857142857142857,1.6906267970097768,7.610993657505305,0.6229462657723916,0.7468354430379744,0.39734130517745836,0.6857142857142857,34.040592509577415,31.455598709788696,38.2344,-1.9085040696042777,False
301165,2024-02-22,2024-02-23,34.17,2024-02-28,35.48,3,3.833772314896078,3.623772314896078,-1.9607843137254943,19.988293824992674,hold_expired,,1.0139982502187,1.0139982502187,16.40302613480056,2.7002427184465994,8.737552200449738,1.727591884170258,0.7016574585635362,0.8054672600127154,6.246076585059623,0.24955772314071867,0.6927289321569832,0.363795942085129,0.7016574585635362,22.93251169919305,21.659256346962366,64.6115,0.9453471196454899,True
301015,2024-02-26,2024-02-27,32.85,2024-03-01,33.88,3,3.1354642313546455,2.9254642313546455,-2.343987823439897,4.109589041095907,hold_expired,,1.0603581725903,1.0603581725903,18.36661911554922,2.8509451502943817,7.899869960988282,2.1255419597263705,0.6724890829694326,1.162858179180267,5.599745466115169,0.5212291398906221,0.818806622930335,0.5627709798631853,0.7379912663755448,30.175476082208785,28.763484483692043,77.2213,-1.0244049412473588,True
300373,2024-02-27,2024-02-28,39.98,2024-02-29,37.45,1,-6.32816408204101,-6.53816408204101,-6.32816408204101,1.0005002501250804,stop_loss,,5.2943885339031,5.2943885339031,13.73937677053827,0.27472527472527375,4.557291666666674,1.5288018073355336,0.9296482412060296,0.8900958466453712,4.231568016614751,0.132854474340943,0.801526717557254,0.2644009036677668,1.0,38.78410935982896,37.1955494359998,64.1385,-0.4234122042341304,True
300875,2024-03-05,2024-03-06,25.85,2024-03-11,29.58,3,14.429400386847192,14.219400386847191,-1.3539651837524147,19.07156673114119,hold_expired,,1.3138193492727,1.3138193492727,31.951219512195127,0.7448789571694592,14.667231877914366,2.5329262479286316,0.8203125000000006,1.9241231209735148,12.99081035923142,0.7368828727650073,0.7119675456389465,0.7664631239643158,0.8984374999999998,26.85,23.59,87.3661,-4.4362292051756125,True
300809,2024-03-06,2024-03-07,28.6,2024-03-08,26.79,1,-6.328671328671332,-6.538671328671332,-7.867132867132853,2.7272727272727115,stop_loss,,1.6478107544037,1.6478107544037,22.13908450704225,0.9090909090909038,6.7718353212774085,1.7401513401109057,0.8020833333333311,0.920232796987334,5.875619992369319,0.35895862542412615,0.5866861741038778,0.37007567005545283,0.9635416666666663,27.345589049366687,25.84406761429237,77.1563,3.063063063063076,True
301265,2024-03-07,2024-03-08,10.0,2024-03-13,9.81,3,-1.9000000000000017,-2.1100000000000017,-3.0000000000000027,1.0999999999999899,hold_expired,,1.017094017094,1.017094017094,22.395209580838337,0.7889546351084853,8.723404255319146,4.050792151474819,0.6666666666666674,1.4330708661417344,7.805907172995785,0.8394841068171327,0.5854398382204242,1.0,0.6666666666666674,10.14,9.4,84.7072,-2.1526418786692814,True
300101,2024-03-08,2024-03-11,18.31,2024-03-14,17.74,3,-3.1130529765155512,-3.323052976515551,-4.478427089022374,3.713817586018564,hold_expired,,8.187879716844703,8.187879716844703,13.498452012383911,7.886992348440258,14.777708202880401,3.978828420317654,0.7326732673267338,3.437601296596433,14.419475655430713,0.2922297311892006,0.7208737864077666,1.0,0.8019801980198021,16.931647174342,15.915150404605166,68.2331,-0.10911074740863613,False
300136,2024-03-08,2024-03-11,21.6,2024-03-14,20.7,3,-4.166666666666696,-4.376666666666696,-5.37037037037037,2.7777777777777235,hold_expired,,13.193362286288101,13.193362286288101,11.713554987212271,4.397705544933084,11.258278145695378,2.640804020996954,0.8683127572016461,2.608895705521473,10.975609756097548,0.492310336212793,0.7473997028231796,0.820402010498477,0.9753086419753089,20.804611141753895,19.52172642029775,69.733,-1.0989010989010617,False
300302,2024-03-08,2024-03-11,12.5,2024-03-14,13.93,3,11.440000000000005,11.230000000000004,-3.520000000000001,15.999999999999993,hold_expired,,6.9095020875598,6.9095020875598,18.56410256410257,7.037037037037042,16.532258064516125,5.226750429930158,0.7219512195121957,3.040254237288134,16.297786720321938,0.6320726376111534,0.6317829457364336,1.0,0.8195121951219516,10.8,9.92,82.4763,8.131487889273359,True
300604,2024-03-08,2024-03-11,30.0,2024-03-14,29.59,3,-1.3666666666666716,-1.5766666666666715,-3.0333333333333434,3.7666666666666515,hold_expired,,6.9365739466893,6.9365739466893,15.447761194029862,2.6202321724710043,12.182741116751284,2.555539487891408,0.8857142857142863,2.1884769986601165,10.499999999999998,0.6737652382942078,0.7765363128491622,0.7777697439457041,0.9057142857142868,30.056366459627462,27.49434782608708,78.542,-3.0381383322559685,True
301380,2024-03-08,2024-03-11,37.0,2024-03-14,38.3,3,3.5135135135135,3.3035135135135,-0.3243243243243099,6.837837837837846,hold_expired,,1.0078203328655,1.0078203328655,5.215973920130379,1.307873397855075,7.5235980011104875,2.6001436687781623,0.5234521575984984,2.233463035019455,7.493755203996644,0.3294709415453512,0.7589382448537376,0.8000718343890811,0.5684803001876162,25.75000450096032,24.26144813300002,46.1284,-4.46682158533438,False
300014,2024-03-11,2024-03-12,43.2,2024-03-15,40.608000000000004,3,-6.000000000000005,-6.210000000000005,-6.851851851851853,0.648148148148131,stop_loss,,17.8735369367306,17.8735369367306,18.219749652294848,4.964188688565074,13.971574148565292,3.990910544506353,0.9263657957244643,2.9048792508624937,13.001861207125764,0.5852421004751842,0.6609298741330585,1.0,0.9382422802850362,39.51436217893878,36.391468650348905,83.8969,1.6470588235294237,True
300733,2024-03-11,2024-03-12,9.31,2024-03-15,9.66,3,3.759398496240607,3.549398496240607,0.0,5.800214822771199,hold_expired,,1.6510027815467,1.6510027815467,4.147982062780264,0.10775862068965747,5.448354143019274,2.017073956463712,0.6491228070175422,1.0901639344262306,4.147982062780264,0.6738499210102891,0.9111111111111104,0.5085369782318561,0.8947368421052623,9.28,8.81,55.0505,0.21528525296019563,True
300097,2024-03-12,2024-03-13,8.57,2024-03-14,8.0558,1,-6.000000000000005,-6.210000000000005,-6.301050175029188,0.7001166861143604,stop_loss,,3.6523485596678,3.6523485596678,7.682775712515477,0.6952491309385689,9.170854271356777,1.800478684175128,0.8032786885245913,0.9838709677419346,5.717761557177603,0.30287780381183765,0.8679471788715489,0.40023934208756395,1.0,8.63,7.96,56.9303,-1.3808975834292192,True
301378,2024-03-12,2024-03-13,40.59,2024-03-14,37.5,1,-7.612712490761275,-7.822712490761275,-12.490761271249074,0.0,stop_loss,,1.5140937705534,1.5140937705534,-7.250976562499989,0.5558496559026072,7.1650211565585264,1.8480118590861527,1.0,0.44477172312224145,4.196379594075705,0.5113118924535072,0.96174863387978,0.42400592954307637,1.0,26.533843651324602,24.897426083627774,46.336,6.843906291129254,True
301071,2024-03-13,2024-03-14,33.5,2024-03-19,36.0,3,7.462686567164178,7.2526865671641785,-3.731343283582089,12.50746268656715,hold_expired,,3.6534236853709,3.6534236853709,23.7887067395264,2.720677146311967,11.300360301342938,2.274454507655874,0.8831168831168841,2.2936170212765896,8.735999999999988,0.7987568250194472,0.7962382445141072,0.6372272538279371,0.9675324675324685,32.13659317642323,29.659316495653,89.6478,-1.4125956444967502,True
300278,2024-03-15,2024-03-18,3.59,2024-03-21,3.63,3,1.114206128133688,0.904206128133688,-1.9498607242339872,1.671309192200554,hold_expired,,4.0596771467121,4.0596771467121,1.9830028328611915,0.8403361344537785,4.956268221574334,1.5425503031765664,0.8333333333333334,0.5454545454545461,3.4482758620689724,0.5002287945631299,0.7752808988764041,0.2712751515882832,1.0,3.57,3.43,45.8114,-0.2777777777777879,False
300343,2024-03-15,2024-03-18,5.5,2024-03-21,5.6,3,1.81818181818183,1.60818181818183,-1.0909090909090757,4.0000000000000036,hold_expired,,13.8002291505199,13.8002291505199,3.5514018691588767,1.6513761467889854,5.927342256214141,2.3811224408210694,0.38235294117647045,1.560655737704917,4.331450094161959,0.5527750031016285,0.7970479704797042,0.6905612204105347,0.8235294117647068,5.45,5.23,50.7263,-0.7220216606498187,False
300403,2024-03-15,2024-03-18,8.39,2024-03-21,8.25,3,-1.6686531585220599,-1.8786531585220598,-3.5756853396901156,0.23837902264600697,hold_expired,,5.7551778468336,5.7551778468336,5.249999999999999,2.4330900243308973,7.948717948717943,1.9474565922533869,0.8846153846153855,1.1097560975609753,4.856787048567868,0.20923663549445173,0.9135802469135803,0.4737282961266934,0.9807692307692321,7.771894757468781,7.374790645773295,51.6949,-0.3562945368170922,True
300489,2024-03-15,2024-03-18,16.79,2024-03-21,18.15,3,8.100059559261453,7.890059559261453,-1.5485407980941002,9.469922572960087,hold_expired,,3.0113855556013,3.0113855556013,7.252888318356865,2.32700551132885,6.841432225063948,2.4461589624210176,0.6639344262295093,1.4292887029288697,5.094339622641519,0.23303628681372235,0.8635235732009918,0.7230794812105088,0.8606557377049194,16.33,15.64,55.3981,0.4787552363853864,True
300496,2024-03-15,2024-03-18,63.8,2024-03-21,61.81,3,-3.119122257053286,-3.329122257053286,-3.3385579937303955,5.141065830721003,hold_expired,,3.9894702878432,3.9894702878432,0.7645747053201646,0.588328828112572,5.785953177257541,1.5382946441005945,0.6403712296983762,1.4061990212071767,4.165980569734895,0.0799541339625427,0.7558232931726907,0.26914732205029723,0.9791183294663576,62.27097123839597,59.21138623081696,36.3397,0.8536199810306622,False
300133,2024-03-18,2024-03-19,6.2,2024-03-22,11.06,3,78.38709677419354,78.17709677419354,-0.3225806451612967,78.38709677419354,hold_expired,,25.704950506750404,25.7049505067504,2.8960817717206044,0.33222591362125353,8.828828828828827,1.9035194000926823,0.8974358974358977,1.240909090909089,6.713780918727896,0.15918779056840382,0.6587030716723554,0.4517597000463411,1.0,5.958810981336431,5.493588197079268,42.5781,2.64900662251657,False
300450,2024-03-18,2024-03-19,25.99,2024-03-22,24.4306,3,-6.000000000000005,-6.210000000000005,-6.694882647171985,0.5001923816852827,stop_loss,,20.1961488952548,20.1961488952548,13.54810238305384,7.074490220557617,14.101995565410208,4.0556917512492685,0.667574931880109,4.299581589958155,12.015672616456241,0.6290166855738316,0.8456922417488225,1.0,0.7520435967302453,23.537939871918237,22.08824569753459,74.2577,1.0104935872522258,True
300860,2024-03-18,2024-03-19,40.95,2024-03-22,41.18,3,0.5616605616605597,0.3516605616605597,-3.0769230769230993,3.052503052503064,hold_expired,,1.9170158375325,1.9170158375325,0.6134969325153339,0.5148320666830131,6.465853025188273,1.5931456256701482,0.6476190476190469,1.2585616438356169,4.993597951344442,0.4645335245316376,0.7284504235176872,0.2965728128350741,0.9857142857142845,28.52664377836289,26.932116987123187,41.8018,-0.12195121951218413,False
301110,2024-03-18,2024-03-19,36.88,2024-03-22,37.3,3,1.1388286334056197,0.9288286334056197,-2.14208242950108,5.206073752711493,hold_expired,,1.023782660144,1.023782660144,6.566820276497687,1.928374655647369,6.382978723404231,1.5783113116339027,0.7419354838709623,0.8955839867932346,4.225352112676051,0.4093351949702164,0.9217439910564564,0.28915565581695135,0.8903225806451595,25.089599177216503,24.039015410016255,53.7978,-0.324324324324321,True
300720,2024-03-21,2024-03-22,16.51,2024-03-25,15.5194,1,-6.000000000000005,-6.210000000000005,-6.117504542701391,0.363416111447612,stop_loss,,2.9035996917534,2.9035996917534,6.52591170825334,0.3616636528028794,6.730769230769207,5.240409867826236,0.46861924686192363,2.847659574468089,5.379746835443022,0.5116128287051154,0.8873591989987475,1.0,0.4686192468619236,16.22185280802732,15.253821808633285,53.4088,-0.8408408408408286,True
301013,2024-03-21,2024-03-22,14.74,2024-03-25,13.855599999999999,1,-6.000000000000005,-6.210000000000005,-7.191316146540028,5.49525101763908,stop_loss,,1.5075949367089,1.5075949367089,25.32637075718016,8.270676691729317,14.741035856573692,3.1057973915815853,0.7085020242914979,3.31543624161074,12.5,0.477192643552093,0.8234842670759803,1.0,0.7692307692307693,13.261803561171794,12.513957495692182,84.8948,2.361111111111125,True
301182,2024-03-22,2024-03-25,17.73,2024-03-26,16.6662,1,-6.000000000000005,-6.210000000000005,-6.937394247038919,1.0716300056401673,stop_loss,,1.0172831049539,1.0172831049539,14.402515723270447,0.16519823788547772,4.90196078431373,1.8940934398450737,0.7589285714285721,1.4990439770554507,3.469852104664417,0.06230731753966667,0.8267188373392944,0.44704671992253686,0.7589285714285721,18.16,17.34,61.7895,-2.528862012094568,True
301004,2024-03-25,2024-03-26,67.5,2024-03-29,70.1,3,3.8518518518518396,3.6418518518518397,-2.400000000000002,4.829629629629628,hold_expired,,1.0541920344182,1.0541920344182,4.033251231527091,1.395348837209287,8.110702287633975,2.1956462585034013,0.6388888888888886,2.27710843373494,6.4251968503936885,0.14488421476046742,0.7512285012285005,0.5978231292517007,0.7067901234567894,45.01063677898088,42.21477727012895,41.6222,-0.11837821840782192,True
301210,2024-03-25,2024-03-26,36.7,2024-03-29,38.19,3,4.05994550408717,3.84994550408717,-3.787465940054502,12.915531335149844,hold_expired,,1.0,1.0,4.550561797752795,1.972602739726037,6.647564469914036,3.4887403237156933,0.5091383812010428,2.6584035696579065,5.618615209988653,0.34617076176045725,0.7267457907811217,1.0,0.7101827676240202,25.842352486808988,24.70953703533243,49.3985,-1.3970983342288967,True
300174,2024-03-26,2024-03-27,15.15,2024-04-01,16.22,3,7.062706270627062,6.852706270627062,-3.5643564356435675,7.26072607260726,hold_expired,,3.8463565392717,3.8463565392717,4.347826086956519,0.9345794392523255,7.7690662865288695,3.4177887630501345,0.9292929292929286,2.08421052631579,6.930693069306915,0.1402980468399777,0.5929443690637728,1.0,0.9696969696969686,14.773408466938415,13.836510066164616,49.0882,0.1984126984126977,True
300438,2024-03-26,2024-03-27,26.77,2024-04-01,28.81,3,7.620470676129987,7.410470676129987,-5.715353007097512,9.002614867388846,hold_expired,,4.6085828628233,4.6085828628233,0.786516853932584,1.2796386902521606,14.510638297872337,3.096708013937282,0.8796068796068797,2.8013765978367755,14.510638297872337,0.3394257908284575,0.2120736965895733,1.0,0.8796068796068797,26.500260465494957,23.43831843956084,37.4377,-0.5202526941657348,False
300871,2024-03-26,2024-03-27,12.6,2024-04-01,14.28,3,13.33333333333333,13.12333333333333,-5.079365079365061,16.825396825396833,hold_expired,,1.5659631436096,1.5659631436096,22.232824427480914,1.104972375690605,10.051546391752586,2.0362165110922534,0.875,2.18384401114206,8.375634517766507,0.3823057819838702,0.563106796116505,0.5181082555461267,0.9642857142857147,12.351237488154199,11.347151094089572,78.648,-1.639344262295095,True
301349,2024-03-26,2024-03-27,35.0,2024-04-01,36.85,3,5.285714285714294,5.075714285714294,-1.7714285714285571,10.971428571428588,hold_expired,,1.5192529842126,1.5192529842126,1.6050444253367768,2.9027576197387273,13.078149920255179,4.399236641221374,0.8131212723658054,2.762652020400158,12.754452926208648,0.47125045213350236,0.329376854599406,1.0,0.8131212723658054,34.15209974097927,31.078906440629897,41.4819,-1.2693935119887256,False
300927,2024-04-02,2024-04-03,16.43,2024-04-08,15.27,1,-7.0602556299452335,-7.2702556299452334,-13.08581862446745,0.669506999391345,stop_loss,,1.8450020918556,1.8450020918556,35.8730158730159,0.8244994110718773,16.30434782608696,1.739315672557276,0.8451882845188302,2.034042553191489,12.55752794214333,0.4051340565600101,0.4530764449968929,0.369657836278638,0.9246861924686204,16.762154557331012,14.531149298228064,75.0635,-4.030373831775702,True
300131,2024-04-08,2024-04-09,5.66,2024-04-12,5.320399999999999,3,-6.000000000000005,-6.210000000000005,-16.784452296819797,6.537102473498235,stop_loss,,18.5492030508447,18.5492030508447,6.066176470588225,1.228070175438578,9.695817490494285,2.230742977906028,0.9399999999999995,1.7543859649122806,7.8504672897196315,0.27924470083883307,0.570661896243291,0.615371488953014,0.9399999999999995,5.7,5.26,49.8347,-1.9064124783362058,True
300634,2024-04-08,2024-04-09,19.08,2024-04-12,17.9352,3,-6.000000000000016,-6.210000000000016,-6.656184486373185,1.5723270440251458,stop_loss,,1.0183074150458,1.0183074150458,-11.039260969976905,0.20811654526535772,8.323959505061861,2.437444997359873,0.6560846560846555,1.5189437428243417,7.298050139275758,0.4836524384084248,0.3635889410537287,0.7187224986799365,0.772486772486772,18.915093139680533,17.497937358143595,35.3456,-0.9345794392523366,False
301016,2024-04-08,2024-04-09,17.85,2024-04-12,17.22,3,-3.529411764705903,-3.739411764705903,-4.145658263305341,4.8739495798319155,hold_expired,,1.0201990660218,1.0201990660218,1.6750418760469232,1.2229016120066882,6.491228070175437,3.0821742313323575,0.4300000000000006,2.321724709784415,5.077899596076185,0.35955591757544814,0.7523916713562175,1.0,0.7550000000000013,9.4411394477539,8.974068068737727,45.1293,-1.976935749588138,False
301046,2024-04-08,2024-04-09,22.3,2024-04-12,20.962,3,-6.000000000000005,-6.210000000000005,-7.399103139013463,1.5695067264573925,stop_loss,,1.0125195618153,1.0125195618153,1.5541740674955618,4.860155891792783,8.234737340274512,3.8314550283540307,0.6061946902654877,2.8894977168949754,7.069288389513129,0.23250013565504268,0.8433179723502318,1.0,0.9026548672566378,21.161653713831555,20.501868086807004,47.2987,-2.4923480542195064,True
301337,2024-04-08,2024-04-09,37.06,2024-04-12,35.21,3,-4.991905018888287,-5.201905018888287,-5.288720992984352,7.906098219104152,hold_expired,,1.005055611729,1.005055611729,-10.308056872037918,1.9391327767304123,8.5771658060815,2.325072210533823,0.6784313725490199,2.5373134328358224,8.5771658060815,0.2138466398940757,0.5245901639344244,0.6625361052669114,0.784313725490196,36.86565461189465,34.61181577620919,33.3882,-2.087186261558782,False
301383,2024-04-08,2024-04-09,38.9,2024-04-10,36.565999999999995,1,-6.000000000000005,-6.210000000000005,-8.86889460154241,0.15424164524422412,stop_loss,,1.0,1.0,-11.143761301989151,0.9501797637391007,7.935200439319057,3.399218984680084,0.5334872979214798,2.233603537214442,5.814266487214015,0.233746671531871,0.6119016817593794,1.0,0.7390300230946896,27.264756260040706,25.500319029036532,37.4653,-1.042991605189525,False
300894,2024-04-12,2024-04-15,13.92,2024-04-18,17.9,3,28.59195402298851,28.38195402298851,-4.669540229885061,38.793103448275865,hold_expired,,1.05643940217,1.05643940217,15.12738853503186,5.16363636363637,16.425120772946865,10.262787828947369,0.7414634146341463,3.9640883977900523,15.12738853503186,0.29494464062520964,0.6171516079632469,1.0,0.7414634146341463,13.298440065681454,12.012118226600993,68.7655,-3.734439834024905,True
300926,2024-04-12,2024-04-15,29.48,2024-04-16,27.711199999999998,1,-6.000000000000005,-6.210000000000005,-9.02306648575304,1.6282225237449266,stop_loss,,1.8196571784515,1.8196571784515,19.134304207119747,2.4347826086956514,11.84960121534373,4.883866857779902,0.3846153846153848,1.6688241639697976,9.520267757530675,0.5245997025821028,0.7427536231884049,1.0,0.583710407239819,19.61878394889491,17.967394134761843,78.9531,0.10186757215620013,True
300628,2024-04-15,2024-04-16,33.14,2024-04-19,34.26,3,3.3796016898008263,3.1696016898008263,-0.9354254677127471,7.72480386240193,hold_expired,,18.485856304900494,18.485856304900494,32.815611310234985,5.873015873015874,11.875209661187537,2.650652550273006,0.7534246575342473,1.5595116988809783,9.95713814704915,0.3656375163584192,0.74927675988428,0.8253262751365028,0.7534246575342473,29.1108693538656,27.549048109166144,80.0455,-0.6296851574212781,True
300636,2024-04-22,2024-04-23,10.0,2024-04-26,10.31,3,3.0999999999999917,2.8899999999999917,-4.200000000000004,4.800000000000004,hold_expired,,3.9098730913472,3.9098730913472,41.34615384615383,5.21472392638036,15.100671140939603,2.3649257651580085,1.0,2.122292993630573,12.33624454148472,0.5694631357567681,0.6726504751847941,0.6824628825790042,1.0,9.690846861121265,8.858504185932935,85.4563,-2.818270165208925,True
300667,2024-04-22,2024-04-23,12.84,2024-04-26,13.66,3,6.386292834890961,6.176292834890961,-3.5046728971962593,7.476635514018692,hold_expired,,2.3229921118305,2.3229921118305,-1.9083969465648831,0.4691164972634887,9.829059829059839,4.076959563619115,0.41353383458646614,2.1304347826086945,8.806096528365792,0.5924670121830591,0.784589892294947,1.0,0.601503759398496,12.692515243902552,11.610823170731809,42.6859,-0.07782101167315147,False
301101,2024-04-22,2024-04-23,26.56,2024-04-26,26.95,3,1.4683734939759274,1.2583734939759275,-5.045180722891551,3.3509036144578452,hold_expired,,1.5261534975796998,1.5261534975797,1.411589895988108,3.09667673716012,7.862504938759396,2.688052786747157,0.7905759162303673,1.9807407407407382,5.854982551376509,0.6359255873721157,0.839755818389927,0.8440263933735785,0.7905759162303673,25.88516859569444,24.741450798981354,49.2102,-2.7106227106227343,True
300215,2024-04-23,2024-04-24,3.88,2024-04-29,4.17,3,7.474226804123707,7.264226804123707,-2.0618556701030855,10.309278350515472,hold_expired,,18.7765347132084,18.7765347132084,-6.619385342789608,1.5424164524421524,10.644257703081239,3.773737803293406,0.4310344827586201,3.018587360594797,7.629427792915533,0.7207494982386164,0.8655913978494614,1.0,0.4310344827586201,3.8593348955051527,3.5418574747952167,42.4158,-1.7721518987341867,False
300503,2024-04-23,2024-04-24,13.19,2024-04-29,15.37,3,16.52767247915086,16.317672479150858,-1.9711902956785488,21.531463229719485,hold_expired,,2.5594667409002,2.5594667409002,-6.652512384996467,0.3041825095057016,10.747271200671694,3.003299584161996,0.5592105263157894,2.1195219123505966,7.761437908496727,0.581463067202601,0.5849647611589671,1.0,0.605263157894737,13.15,11.91,39.6017,0.0,False
300532,2024-04-23,2024-04-24,14.2,2024-04-29,14.97,3,5.4225352112676095,5.2125352112676095,-0.07042253521127861,5.633802816901423,hold_expired,,3.5549901149106,3.5549901149106002,-2.7247956403269824,0.8474576271186418,7.44920993227991,2.747127646511954,0.5714285714285703,1.0652173913043443,5.856189770200149,0.6113044421917841,0.775362318840578,0.873563823255977,0.657142857142857,9.225329694168988,8.658519183298436,42.6785,-0.5602240896358524,False
300660,2024-04-23,2024-04-24,26.64,2024-04-29,28.94,3,8.63363363363363,8.42363363363363,-0.48798798798797005,16.066066066066064,hold_expired,,3.3986110173115,3.3986110173115,3.1393568147013884,3.2579532387888133,9.245742092457432,3.249511065362841,0.6956521739130468,2.1045751633986907,6.0212514757969515,0.5466732700695485,0.9296600234466592,1.0,0.7342995169082146,18.019413735535345,17.03176476497898,53.1097,-1.1135857461024634,True
300733,2024-04-23,2024-04-24,9.26,2024-04-29,9.82,3,6.047516198704117,5.837516198704117,-0.9719222462203136,9.287257019438444,hold_expired,,1.6510027815467,1.6510027815467003,-11.17589893100096,1.218161683277974,11.19221411192215,1.8970631424375919,0.5368421052631581,1.734028683181225,5.909617612977991,0.6937686136486325,0.8741418764302069,0.44853157121879594,0.5368421052631581,9.03,8.22,38.7408,1.3129102844638973,False
300903,2024-04-23,2024-04-24,6.11,2024-04-29,6.96,3,13.911620294599004,13.701620294599003,-2.454991816693952,14.238952536824879,hold_expired,,1.8111830713526,1.8111830713526,-9.452054794520537,0.15151515151516914,13.184931506849317,1.8223780124491322,0.8490566037735848,1.2124183006535958,8.183306055646478,0.6740360633009177,0.6220472440944893,0.4111890062245661,0.9056603773584909,6.6,5.84,41.6663,-7.564296520423596,False
300947,2024-04-23,2024-04-24,10.44,2024-04-29,13.19,3,26.340996168582386,26.130996168582385,-2.1072796934865745,26.340996168582386,hold_expired,,2.9018653321201,2.9018653321201,-6.2772449869224145,5.5992141453831135,16.09071274298057,3.671851328148672,0.6249999999999999,2.5761226725082165,12.801678908709357,0.8176336120468677,0.6948118006103756,1.0,0.6249999999999999,10.18,9.26,45.1867,-2.8837209302325695,False
300956,2024-04-23,2024-04-24,11.44,2024-04-29,12.49,3,9.178321678321687,8.968321678321686,-2.447552447552437,9.702797202797209,hold_expired,,1.0169583502917,1.0169583502917,-11.120000000000008,0.7252946509519465,12.2222222222222,1.7893545408512792,0.7901234567901219,0.9426433915211959,8.284600389863538,0.7665487850713883,0.5176252319109467,0.3946772704256396,0.7901234567901219,7.606883471654454,6.82757446685214,39.0119,2.970297029702973,False
301081,2024-04-23,2024-04-24,7.46,2024-04-29,8.45,3,13.270777479892736,13.060777479892735,-0.2680965147452974,13.53887399463809,hold_expired,,1.2700718059883,1.2700718059883,-10.463733650416163,1.2096774193548487,10.572687224669618,2.393207410098075,0.1400000000000007,1.0886469673405914,6.960227272727293,0.7075417520357852,0.7237569060773466,0.6966037050490375,0.500000000000001,6.965697403926526,6.375860123755327,38.4355,-0.9296148738379917,False
301105,2024-04-23,2024-04-24,24.0,2024-04-29,26.59,3,10.791666666666643,10.581666666666642,-4.5000000000000036,11.00000000000001,hold_expired,,1.0267737617135,1.0267737617135,-10.848198034219148,2.3401587964897663,17.065009560229427,2.076417419884963,0.5940170940170928,1.4547069271758442,11.318181818181806,0.3688138270909038,0.606986899563319,0.5382087099424815,0.5940170940170928,23.93,20.92,31.8994,-2.00081665986116,False
301176,2024-04-23,2024-04-24,10.87,2024-04-29,11.98,3,10.211591536338549,10.001591536338548,-2.3919043238270543,10.395584176632955,hold_expired,,1.0064629847239,1.0064629847239,-10.175145954962472,1.412429378531077,10.010214504596537,1.7038872370884264,0.8555555555555547,1.3710554951033729,6.7393458870168566,0.7316104811425629,0.7206165703275527,0.3519436185442132,0.9555555555555545,10.62,9.79,44.414,0.9285051067780881,False
301255,2024-04-23,2024-04-24,30.29,2024-04-29,32.34,3,6.767910201386607,6.557910201386607,-0.2641135688345897,12.215252558600188,hold_expired,,1.6403734544537,1.6403734544537,-6.503327283726568,1.7110891740704126,11.387387387387381,3.1248374512353707,0.567934782608695,2.287744227353462,7.625348189415027,0.6302231114434007,0.7687074829931976,1.0,0.567934782608695,21.29529565988305,19.44535882072243,42.3427,-2.005823358136516,False
301390,2024-04-23,2024-04-24,30.6,2024-04-29,32.4,3,5.882352941176472,5.672352941176472,-0.8169934640522847,7.4509803921568585,hold_expired,,1.0,1.0,-6.836581709145428,1.7354289456450678,8.636363636363642,2.6150759529951277,1.0,1.2276350752878662,6.623198352779691,0.7301587786969524,0.7458193979933117,0.8075379764975639,1.0,30.162263450833827,28.246258503400377,50.2151,-1.5127132281943956,True
300337,2024-04-24,2024-04-25,6.79,2024-04-30,6.97,3,2.6509572901325384,2.4409572901325385,-0.7363770250368273,6.627393225331368,hold_expired,,4.4667869465361,4.4667869465361,-5.464480874316935,4.060150375939853,12.703583061889256,3.293077647375324,0.8333333333333344,1.6493688639551183,11.612903225806459,0.8551915447441731,0.733124018838305,1.0,0.8333333333333343,6.630208333333215,6.121726190476081,50.4914,-1.8786127167630062,True
300469,2024-04-24,2024-04-25,12.19,2024-04-30,13.33,3,9.35192780968006,9.141927809680059,0.0,14.602132895816244,hold_expired,,3.0821177808637,3.0821177808637,-11.639460610361962,1.1372867587327251,10.176991150442461,1.6250803032249774,0.8199999999999985,0.8363201911589007,9.114811568799297,0.8752643344864168,0.31428571428571495,0.3125401516124887,0.9799999999999986,12.31,11.3,40.5687,-2.08835341365462,False
300757,2024-04-24,2024-04-25,109.97,2024-04-30,131.0,3,19.123397290170054,18.913397290170053,-1.3367281985996127,23.961080294625802,hold_expired,,1.3157577098431,1.3157577098431,4.702970297029707,4.149188400510662,17.40337171052633,2.217543793487074,0.8064713064713074,1.7198140092995342,13.891104906262463,0.3391092009584,0.7029511369134025,0.6087718967435369,0.8876678876678884,78.15852102173214,69.33486161767374,48.8779,-3.7124595044216835,True
300801,2024-04-25,2024-04-26,14.51,2024-05-06,15.59,3,8.623386065850024,8.413386065850023,-2.0675396278428626,9.320136457548855,hold_expired,,1.9242984168264,1.9454364853961,-0.6101694915254252,0.8253094910591452,5.467625899280559,2.4598383866289106,0.939759036144578,1.0859813084112135,4.864091559370509,0.46674793048253616,0.701596113809855,0.7299191933144553,1.0,14.214725824882086,13.589043257624553,44.8244,-1.023192360163705,True
300596,2024-04-29,2024-04-30,29.9,2024-05-08,34.47,3,15.284280936454863,15.074280936454862,-1.304347826086938,19.79933110367893,hold_expired,,1.5586717721254,1.5586717721254,33.33333333333333,2.0134228187919545,16.296863045141528,1.8868106560438191,0.781437125748503,2.231980906921239,14.803625377643503,0.6535234599829938,0.7640117994100284,0.4434053280219096,0.781437125748503,29.048522414154878,25.480817983423105,81.3258,-1.6447368421052766,True
300327,2024-05-09,2024-05-10,20.67,2024-05-15,22.7,3,9.82099661344944,9.610996613449439,-4.547653604257384,15.868408321238503,hold_expired,,3.072993999132,3.072993999132,7.9792746113989566,2.4582104228121793,8.54166666666667,2.6049023802115743,0.8742138364779871,1.603746397694525,8.091286307053934,0.3863747852969817,0.6207584830339332,0.802451190105787,0.9056603773584904,20.13360918979597,19.005176816326575,57.2033,-0.8157389635316759,False
300390,2024-05-09,2024-05-10,21.79,2024-05-15,21.01,3,-3.579623680587407,-3.789623680587407,-4.222120238641558,0.3212482790270865,hold_expired,,8.4998144483182,8.4998144483182,16.065747613997882,0.5050505050504972,3.891789273849078,1.8056761235844216,0.6219512195121965,1.0891840607210617,3.4988179669031005,0.5708170346345258,0.7690531177829099,0.4028380617922108,0.6219512195121965,20.049380360392014,19.395796335787868,68.697,-0.4568296025582619,False
300457,2024-05-09,2024-05-10,17.25,2024-05-15,16.87,3,-2.20289855072463,-2.41289855072463,-2.2608695652173827,8.057971014492749,hold_expired,,5.7861413239305,5.7861413239305,18.256130790190728,1.997649823736758,6.765067650676482,2.474315352996843,0.8510638297872312,1.3239436619718365,6.372549019607843,0.6809768036323116,0.7085068411659725,0.7371576764984216,0.8510638297872312,16.843881980963662,16.091746240333087,81.7474,-0.6336405529953848,True
300490,2024-05-09,2024-05-10,9.05,2024-05-15,8.507,3,-6.000000000000005,-6.210000000000005,-6.2983425414364635,0.44198895027622864,stop_loss,,2.0422836934882,2.0422836934882,13.375000000000004,1.5677491601343796,5.342624854819977,2.925593631948192,0.661764705882353,1.5063291139240547,4.976851851851838,0.605658140336887,0.7848244620611557,0.962796815974096,0.661764705882353,8.93,8.61,70.4705,-0.22050716648290836,False
300759,2024-05-09,2024-05-10,20.81,2024-05-15,22.24,3,6.871696299855845,6.661696299855845,-0.04805382027869287,14.12782316194139,hold_expired,,2.2890548723384,2.2890548723384,15.02476609796366,0.7228915662650603,5.449041372351138,1.8784292579558786,0.699999999999997,1.8283582089552228,4.709418837675328,0.46314597377652134,0.7747306562193936,0.4392146289779393,0.7071428571428571,20.53596428756474,19.61555721347148,67.1527,-0.43062200956938135,False
300890,2024-05-09,2024-05-10,34.7,2024-05-13,32.618,1,-5.999999999999995,-6.209999999999995,-8.991354466858791,0.8645533141210304,stop_loss,,1.001992825827,1.001992825827,23.646333104866347,4.761904761904767,16.53746770025839,3.7526211548316506,0.8746736292428193,1.3513104838709697,16.199677938808364,0.6359085766626928,0.30476475876536036,1.0,0.8746736292428194,34.09859176834844,30.653089464229613,81.6036,-3.8248337028824797,True
301095,2024-05-09,2024-05-10,54.87,2024-05-13,51.26,1,-6.579187169673761,-6.789187169673761,-8.802624384909773,0.05467468562057043,stop_loss,,1.0040729049995,1.0040729049995,12.407407407407423,1.9216417910447925,9.676771732583811,2.2048333821131414,0.8050541516245494,2.058932837801963,9.500901984365617,0.43241261543935877,0.6034648700673719,0.6024166910565707,0.9530685920577626,52.849071400282625,49.11216877701638,65.4385,0.43931905546401584,False
301238,2024-05-09,2024-05-10,20.93,2024-05-13,19.6742,1,-6.000000000000005,-6.210000000000005,-9.890109890109889,1.6244624940277008,stop_loss,,1.0047687172151,1.0047687172151,13.789417423837502,1.4775977121067596,8.180894308943088,2.2814314361317196,0.4552238805970129,0.9873684210526302,7.633973710818975,0.3829574842324446,0.4959193470955372,0.6407157180658598,0.6194029850746238,20.616659915388013,19.339173838648048,59.5572,-1.690934711131975,False
301487,2024-05-09,2024-05-10,32.09,2024-05-13,30.1646,1,-6.000000000000005,-6.210000000000005,-7.697101900903713,1.5892801495793085,stop_loss,,1.0,1.0,8.914209115281512,1.0258004351880734,5.177993527508096,2.1018766756032172,0.3835616438356164,0.8491898628998756,4.602510460251041,0.4130128200636294,0.7459222082810537,0.5509383378016086,0.3835616438356164,32.141070143884924,30.872212230215858,48.3931,-1.2615384615384473,False
300374,2024-05-13,2024-05-14,17.24,2024-05-15,16.205599999999997,1,-6.000000000000005,-6.210000000000005,-7.1345707656612305,1.5081206496520005,stop_loss,,2.207644874819,2.207644874819,5.116002379536,1.0869565217391353,10.43750000000001,1.5789962517000034,0.6358695652173922,1.6891803278688517,5.116002379536,0.333794902777988,0.9232585596221945,0.2894981258500017,0.8206521739130445,17.48,16.0,48.3958,-2.4335031126202833,True
300031,2024-05-14,2024-05-15,15.0,2024-05-20,14.099999999999998,3,-6.000000000000005,-6.210000000000005,-6.533333333333335,2.6666666666666616,stop_loss,,6.805604792327,6.805604792327,19.618745035742656,1.75675675675675,9.84682713347922,4.397969591993841,0.7090909090909099,2.193732193732189,8.893709327548805,0.39932591911317417,0.6443514644351457,1.0,0.8181818181818186,14.737815126050279,13.652394957983063,81.2563,-0.3984063745020028,True
300856,2024-05-14,2024-05-15,90.23,2024-05-16,84.81619999999998,1,-6.000000000000016,-6.210000000000016,-11.37094092873767,0.0,stop_loss,,1.5348239678677,1.5348239678677,12.707808564231726,1.7509948834564915,6.472337894110636,1.937626546681665,0.8321033210332108,1.8301977809937238,5.431196983977382,0.33189141337791433,0.7934694819430013,0.46881327334083245,0.9797047970479718,29.740596961803636,28.42179846093912,66.5783,0.8269080344172508,False
301011,2024-05-14,2024-05-15,17.28,2024-05-20,17.08,3,-1.1574074074074292,-1.3674074074074292,-5.381944444444442,0.5208333333333259,hold_expired,,1.7009385113269,1.7009385113269,18.51092896174864,1.6998827667057625,8.437500000000009,2.796613406327583,0.6478873239436631,2.0622406639004107,6.572481572481559,0.4246511143824088,0.6160661547548731,0.8983067031637916,0.6760563380281697,16.72251910088231,15.683488019584816,75.1368,-0.4034582132564912,True
300314,2024-05-20,2024-05-21,12.91,2024-05-24,12.135399999999999,3,-6.000000000000005,-6.210000000000005,-6.661502711076683,2.5561580170410547,stop_loss,,3.8737438608152,3.8737438608152,14.473684210526304,0.6168080185042335,9.756097560975597,2.660605635777373,0.8064516129032255,1.8045738045738031,8.750000000000014,0.906064522695295,0.7244732576985403,0.8303028178886864,0.9354838709677413,12.66713943826338,11.61235835936404,80.4181,-1.072796934865905,True
300407,2024-05-21,2024-05-22,8.26,2024-05-27,8.03,3,-2.784503631961266,-2.994503631961266,-5.32687651331718,0.7263922518159882,hold_expired,,4.1330264148941,4.1330264148941,-5.981941309255056,0.6038647342995196,4.385964912280693,2.132620450817182,0.794871794871799,0.8149253731343288,3.606965174129373,0.4105758190455553,0.8168498168498175,0.566310225408591,1.0,8.149867720698353,7.854582658354211,44.0745,-0.8403361344537896,True
301161,2024-05-22,2024-05-23,17.71,2024-05-24,16.6474,1,-6.000000000000005,-6.210000000000005,-7.001693958215693,0.28232636928291477,stop_loss,,1.0077590141488,1.0077590141488,3.400576368876096,3.6994219653179172,8.859223300970886,5.03794720389024,0.6341463414634153,2.309859154929581,7.489514679448761,0.44679482066525456,0.7602339181286557,1.0,0.8109756097560987,17.16810515474747,16.35435681793285,51.1261,-1.2820512820512775,True
301252,2024-05-22,2024-05-23,28.88,2024-05-28,27.88,3,-3.4626038781163437,-3.6726038781163437,-4.051246537396114,8.033240997229928,hold_expired,,1.476389225916,1.4763892259159999,4.756542574612088,0.5498408880248551,7.976582510062213,2.560936020559989,0.5261044176706833,2.6138237748078543,4.201977401129953,0.20777402667714348,0.8010649034086096,0.7804680102799946,0.6987951807228919,20.093593895504327,18.711535613504605,46.4263,-2.1348695357506053,False
301459,2024-05-22,2024-05-23,46.8,2024-05-27,43.992,2,-6.000000000000005,-6.210000000000005,-6.794871794871793,5.641025641025643,stop_loss,,1.0,1.0,10.365135453474682,2.7863097849934126,10.287193973634645,3.5570251517779705,0.82618025751073,2.388868546320029,9.258395522388053,0.4912130770231593,0.7454545454545449,1.0,0.82618025751073,34.4405002234454,32.09812306915227,65.8039,-0.10672358591249376,True
300581,2024-05-23,2024-05-24,9.1,2024-05-27,8.554,1,-6.000000000000005,-6.210000000000005,-7.582417582417589,4.285714285714293,stop_loss,,11.7672625132801,11.7672625132801,7.482993197278898,0.7438894792773709,10.4895104895105,4.662763908947115,0.6370967741935484,2.712500000000002,9.72222222222221,0.39181208735586864,0.5681063122923604,1.0,0.7016129032258065,9.394708749999957,8.56605749999996,53.397,-4.008438818565407,True
300880,2024-05-24,2024-05-27,20.3,2024-05-30,20.38,3,0.3940886699507429,0.18408866995074288,-3.251231527093601,18.768472906403932,hold_expired,,1.5023387315393,1.5023387315393,6.71211326691139,7.1616640337019755,14.261650758001142,5.038224336441516,0.7695035460992921,2.3556085918854412,13.623673925181468,0.5763022287098966,0.8029556650246319,1.0,0.7695035460992921,18.275201779981728,17.139617888439947,59.5032,-0.24570024570025328,True
301381,2024-05-27,2024-05-28,28.13,2024-05-30,26.20181636363856,2,-6.000000000000005,-6.210000000000005,-7.441531291488679,3.0216850337717815,stop_loss,,1.0074940047962,1.0167370690603,13.594040968342647,1.8024032042723626,10.02886002886003,4.914810726576197,0.1597633136094668,2.56199242014077,9.31899641577061,0.6642655421632058,0.7212543554006969,1.0,0.20710059171597592,29.2816978536506,27.092412032816906,62.1129,-7.77049180327869,True
301387,2024-05-29,2024-05-30,35.36,2024-06-04,37.62,3,6.391402714932126,6.181402714932126,-3.393665158371051,28.93099547511313,hold_expired,,1.4371886039997,1.4371886039997,34.46962638285331,4.566090401232681,22.423724522449206,3.408263335181,1.0,3.7779460327582215,19.9809976247008,0.7506604915167405,0.7684017427195602,1.0,1.0,34.50449362843795,29.47141180415884,92.7859,-1.9955654101995624,True
300696,2024-05-31,2024-06-03,16.06,2024-06-04,15.096399999999997,1,-6.000000000000005,-6.210000000000005,-7.721046077210447,0.9962640099626441,stop_loss,,4.1296518461589,4.1296518461589,5.5294724785078575,0.7692307692307665,14.577259475218662,3.5135135135135136,0.7486631016042786,2.002753977968181,11.886120996441285,0.6401194827261669,0.46765498652291204,1.0,0.7540106951871661,15.6,13.72,52.7558,2.162849872773509,True
300814,2024-06-03,2024-06-04,31.23,2024-06-07,30.93,3,-0.9606147934678289,-1.1706147934678288,-3.5542747358309312,7.780979827089318,hold_expired,,1.0156141327753,1.0156141327753,15.201984408221115,7.046427395456023,15.283687943262404,3.0740350348843046,0.6376306620209053,3.631269769543606,11.335616438356166,0.5180132486279985,0.9522835719154734,1.0,0.6951219512195123,30.249120125748448,28.08775724550893,76.3609,-3.9372500768994123,True
300083,2024-06-05,2024-06-06,6.69,2024-06-11,6.2886,2,-6.000000000000005,-6.210000000000005,-7.473841554559035,3.587443946188329,stop_loss,,8.232232505427,8.232232505427,1.0494752623688264,0.7473841554558991,6.141732283464574,2.2740110289129896,0.5999999999999996,1.417004048582996,4.496124031007742,0.21101218113435458,0.7579425113464446,0.6370055144564948,0.7200000000000006,6.69,6.35,37.4033,-0.7418397626112738,True
300613,2024-06-11,2024-06-12,34.7,2024-06-17,35.99,3,3.717579250720471,3.507579250720471,-1.2391930835734866,7.665706051873178,hold_expired,,5.1899615324209,5.1899615324209,15.268676277850602,0.5717552887364308,10.178515502662089,2.1632174058826816,0.8477611940298512,1.9364161849710968,8.312807881773399,0.2048038551299105,0.6379821958456957,0.5816087029413408,0.9641791044776135,34.77312832296224,31.74116601921625,68.2788,-1.3644115974985715,True
300025,2024-06-17,2024-06-18,10.84,2024-06-21,10.33,3,-4.704797047970488,-4.914797047970488,-5.442804428044301,1.9372693726937174,hold_expired,,7.9543341965544,7.954334196554399,12.668743509865,4.628736740597872,12.318840579710134,3.0496044563525264,0.803418803418803,2.4557721139430284,10.152284263959398,0.3506791431996552,0.8009950248756206,1.0,0.803418803418803,10.37,9.66,68.681,-0.09216589861750224,True
300449,2024-06-18,2024-06-19,4.21,2024-06-24,3.9573999999999994,3,-6.000000000000005,-6.210000000000005,-7.363420427553436,2.13776722090262,stop_loss,,3.627124471291,3.627124471291,1.6990291262136026,2.1951219512195363,7.435897435897454,2.640459395271348,0.8387096774193554,1.486301369863015,6.61577608142494,0.49305915326272953,0.8004987531172083,0.820229697635674,0.9677419354838717,4.1,3.9,50.3586,0.4773269689737347,False
300512,2024-06-18,2024-06-19,6.0,2024-06-24,5.54,3,-7.666666666666666,-7.876666666666666,-8.833333333333337,3.499999999999992,stop_loss,,3.3881288877394,3.3881288877394,-2.2531867522329274,0.33444816053511683,4.166666666666674,1.6488474370639976,0.7741935483870999,1.201072850694023,3.806228373702414,0.5085738345719844,0.7966101694915253,0.3244237185319988,0.9677419354838726,5.971526048710567,5.7518377994269,42.1768,0.0,False
300539,2024-06-18,2024-06-19,8.6,2024-06-21,8.084,2,-5.999999999999995,-6.209999999999995,-8.488372093023255,0.0,stop_loss,,2.3116827412266,2.3116827412266,-12.654320987654334,0.5924170616113944,6.125000000000003,1.777007947366889,0.8799999999999989,0.875,5.597014925373145,0.6010627797203786,0.6867469879518053,0.38850397368344447,0.9600000000000014,8.356404988994877,7.92076302274396,42.4022,1.2956419316843215,False
300762,2024-06-18,2024-06-19,17.26,2024-06-21,16.224400000000003,2,-6.000000000000005,-6.210000000000005,-6.6048667439165705,2.4333719582850355,stop_loss,,4.1271650633979,4.1271650633979,-3.7694013303769425,1.6393442622950838,8.027380211574364,2.4085667120391556,0.714285714285715,1.1893203883495138,5.918242830994491,0.4211177263539701,0.7850746268656719,0.7042833560195778,0.757142857142857,17.08,16.07,40.2786,-0.5760368663594306,False
300912,2024-06-18,2024-06-19,9.78,2024-06-24,9.1932,3,-6.000000000000005,-6.210000000000005,-10.224948875255624,2.3517382413087873,stop_loss,,1.0047099915326,1.0047099915326,-5.700483091787434,0.30832476875641834,6.08695652173914,1.5110715427110442,0.739130434782607,1.1065292096219952,5.513513513513502,0.5712318083130106,0.7368421052631582,0.2555357713555221,0.942028985507245,9.73,9.2,41.017,0.2049180327868827,False
301005,2024-06-18,2024-06-19,27.24,2024-06-24,26.71,3,-1.9456681350954352,-2.155668135095435,-3.1571218795888423,14.170337738619686,hold_expired,,2.4116688186981,2.4116688186981,-0.05141953524883114,0.8559732043170731,10.657411188240108,2.9803214661258823,0.8400000000000005,1.1371046912840805,9.716599190283404,0.6083112552755101,0.5219737856592124,0.9901607330629412,0.8400000000000005,26.87,24.49,43.6559,0.5166051660516535,False
301023,2024-06-18,2024-06-19,31.16,2024-06-21,29.290399999999998,2,-5.999999999999995,-6.209999999999995,-6.771501925545564,2.24646983311938,stop_loss,,1.5970163311192,1.5970163311192,-1.168667087807973,1.1312217194570096,5.673758865248213,2.227672955974843,0.49230769230769145,1.5999999999999996,4.369579719813199,0.6194710827144754,0.8327320432928833,0.6138364779874215,0.5499999999999988,21.461394037348054,20.538845424882865,38.9214,-0.4154682007030952,False
301027,2024-06-18,2024-06-19,8.16,2024-06-24,10.52,3,28.921568627450966,28.711568627450966,-2.083333333333337,41.91176470588236,hold_expired,,1.0112089817897,1.0112089817897,-2.8536733454739283,1.7980636237897585,8.235294117647074,3.8868120456905504,0.5619047619047622,3.2717825448277504,7.917888563049846,0.37715578023019547,0.6875,1.0,0.5619047619047622,7.23,6.8,37.2079,10.869565217391308,False
301043,2024-06-18,2024-06-19,25.31,2024-06-21,23.791399999999996,2,-6.000000000000005,-6.210000000000005,-7.230343737653088,0.11853022520742496,stop_loss,,1.0590456479883,1.0590456479883,-2.9019607843137285,1.1437908496731986,5.227369315767105,1.5970009372071228,0.9574468085106395,0.9789830748460081,3.815513626834388,0.4582110154324497,0.8391089108910912,0.2985004686035614,0.9574468085106395,23.756615177972947,22.834687709873506,41.5937,2.221324717285933,False
301055,2024-06-18,2024-06-19,12.53,2024-06-24,12.52,3,1.065360386079628,0.8553603860796279,-4.229848363926569,5.826017557861118,hold_expired,,1.042063703605,1.0540066239526,5.8873720136518815,8.859649122807012,13.853211009174293,3.934811979283945,0.6373056994818654,3.583554376657824,11.701170117011706,0.5431359884811382,0.9019607843137258,1.0,0.6994818652849734,11.270826910506434,10.77649239688773,57.4408,0.966962127316684,True
301112,2024-06-18,2024-06-19,19.71,2024-06-24,18.5274,3,-6.000000000000005,-6.210000000000005,-9.233891425672258,4.26179604261796,stop_loss,,1.021745403523,1.021745403523,-7.797483029165275,0.2557544757033181,4.1998936735778925,1.662062160828811,0.5543478260869593,0.8504083155323126,3.1036296685954756,0.6136263851139765,0.8446400828586245,0.33103108041440554,0.9673913043478286,19.55,18.81,44.5321,0.5612244897959195,False
301539,2024-06-18,2024-06-19,27.2,2024-06-20,25.567999999999994,1,-6.000000000000005,-6.210000000000005,-6.727941176470575,2.757352941176472,stop_loss,,1.0082918739635,1.0082918739635,8.235294117647074,2.2222222222222365,7.309486780715413,2.3527983403272197,0.8897637795275617,0.8334533500071852,5.423987776928962,0.4736580727207007,0.6962962962962951,0.6763991701636098,0.8976377952755916,26.853499728703465,25.58044492675011,58.7367,-1.4492753623188581,True
300779,2024-06-21,2024-06-24,54.6,2024-06-25,51.324,1,-5.999999999999995,-6.209999999999995,-15.75091575091575,0.952380952380949,stop_loss,,1.4292546529545,1.4292546529545,17.627118644067785,2.833858121874422,8.948194662480379,1.5500418843990587,0.8822055137844615,1.3338108882521493,6.7487021726591045,0.6572182082241098,0.9369507069163154,0.27502094219952933,0.9949874686716802,53.99,50.96,81.8167,-1.6570605187319898,True
300852,2024-06-21,2024-06-24,26.88,2024-06-26,25.267199999999995,2,-6.000000000000016,-6.210000000000016,-7.4032738095237915,16.07142857142856,stop_loss,,2.6007887523875,2.6007887523875,7.503888024883354,0.5454545454545379,7.755261106780975,1.5266889327463185,0.5245901639344257,2.478441127694859,7.587548638132291,0.24536054808334873,0.45200441338727493,0.2633444663731592,0.7119437939110067,27.363199570046323,25.532352762450497,42.3406,-2.784810126582271,True
300609,2024-06-26,2024-06-27,19.5,2024-07-02,20.07,3,2.923076923076917,2.713076923076917,-2.1538461538461617,5.230769230769239,hold_expired,,1.0533327979466,1.0533327979466,4.462365591401696,0.46535677352637084,9.712027103331454,2.2198249665734777,0.8670520231213871,1.556981070139066,8.245125348189418,0.5055703122474444,0.634997316156737,0.6099124832867389,0.9710982658959534,19.34,17.71,51.5543,0.3602676273803507,True
300380,2024-07-01,2024-07-02,16.57,2024-07-05,15.575799999999997,3,-6.000000000000016,-6.210000000000016,-8.207604103802046,5.310802655401314,stop_loss,,2.0673662232369,2.0673662232369,7.846952010376129,2.654320987654324,8.763897972531055,2.6321755113582808,0.5458015267175564,3.5473887814313385,8.268229166666652,0.17184193262237013,0.6180338134001253,0.8160877556791404,0.5458015267175564,16.181557377049295,15.272593351548377,46.6189,-0.36079374624172766,True
301507,2024-07-01,2024-07-02,13.1,2024-07-05,12.94,3,-1.2213740458015265,-1.4313740458015265,-4.2748091603053595,5.038167938931304,hold_expired,,1.0083963056255,1.0083963056255,12.51056635672021,0.909780136467031,6.055776892430287,1.703269093919282,0.6194690265486748,2.374007124587818,5.467511885895426,0.3308715926754324,0.7602474864655842,0.351634546959641,0.9557522123893817,13.093309541175838,12.458001117646457,64.0193,-1.577761081893314,True
300250,2024-07-02,2024-07-03,11.3,2024-07-08,12.51,3,10.707964601769904,10.497964601769903,-5.3097345132743445,14.15929203539823,hold_expired,,4.2043799950987,4.2043799950987,1.1535048802129522,0.35211267605634866,7.243650047036687,2.4919085595762676,0.7014925373134339,1.4169184290030215,4.875804967801289,0.32916018169502337,0.8193315266485992,0.7459542797881338,0.7164179104477619,11.36,10.63,41.3223,-0.8771929824561431,True
300879,2024-07-05,2024-07-08,14.73,2024-07-11,15.82,3,7.3998642226748235,7.1898642226748235,-4.548540393754241,32.38289205702647,hold_expired,,1.0092903591166,1.0092903591166,18.088467614533954,1.4935505770536261,10.250737463126836,2.1827657851181463,0.7987804878048765,2.565363128491621,9.28362573099415,0.3065468632171864,0.3827160493827156,0.5913828925590732,0.9817073170731694,14.723381584655556,13.553907283634036,72.0639,-1.4715719063545074,True
300241,2024-07-16,2024-07-17,4.09,2024-07-18,3.8446,1,-6.000000000000005,-6.210000000000005,-9.290953545232272,0.9779951100244544,stop_loss,,4.0820269330073,4.0820269330073,3.5175879396984966,0.4878048780487809,4.040404040404044,1.59204572517266,0.7000000000000006,0.8668730650154794,3.5175879396984966,0.5018875458646992,0.7310513447432767,0.29602286258633004,0.9000000000000025,4.085063752276852,3.9455737704917895,46.4895,-0.7281553398058249,False
300319,2024-07-16,2024-07-17,11.09,2024-07-18,10.424599999999998,1,-6.000000000000005,-6.210000000000005,-7.754733994589714,1.2623985572588037,stop_loss,,8.0830792231996,8.0830792231996,23.91546162402671,7.321772639691715,16.162669447340996,3.5334634333610597,0.7641025641025653,3.2577565632458185,15.082644628099185,0.8098026805099288,0.5652173913043481,1.0,0.7692307692307698,10.265749272552755,9.484444655470222,86.0099,-0.4488330341113289,True
300433,2024-07-16,2024-07-17,20.06,2024-07-18,18.856399999999997,1,-6.000000000000005,-6.210000000000005,-8.723828514456633,1.8444666001994126,stop_loss,,5.9385652027931,5.9385652027931,15.545505935556791,0.5905511811023612,6.792058516196442,1.785867082586882,0.8453608247422698,1.1204620462046184,4.659498207885293,0.7474033803460063,0.8338368580060442,0.39293354129344105,0.9690721649484569,19.95264540599462,18.79397800544966,78.1204,-1.8590998043052975,True
300548,2024-07-16,2024-07-17,19.68,2024-07-18,18.4992,1,-6.000000000000005,-6.210000000000005,-8.23170731707319,2.388211382113825,stop_loss,,2.8032555370434,2.8032555370434,3.4715025906735697,1.1139240506329084,8.004326663061123,3.9394156757800647,0.8100558659217877,2.4861111111111103,7.423345884884336,0.7715087460483784,0.6621621621621634,1.0,0.8994413407821231,19.75,18.49,56.4369,-1.4521782674010941,False
300701,2024-07-16,2024-07-17,8.8,2024-07-18,8.272,1,-6.000000000000005,-6.210000000000005,-11.363636363636376,0.2272727272727204,stop_loss,,3.5793741941913,3.5793741941913,7.442977190876321,3.110599078340992,8.484848484848474,3.5098400113266317,0.6444444444444437,2.329020332717193,7.314148681055155,0.23951175491639765,0.7089639115250292,1.0,0.7444444444444429,8.548885192804297,8.125380511593946,54.002,-1.6759776536312665,False
300726,2024-07-16,2024-07-17,22.3,2024-07-22,22.26,3,-0.17937219730941312,-0.3893721973094131,-5.067264573991038,2.107623318385632,hold_expired,,1.0664888480234,1.0664888480234,0.5850585058505997,0.7664562669071229,3.9051603905160492,1.72938584020472,0.6746987951807232,0.9164037854889617,3.042876901798075,0.5815768546341121,0.9131627056672766,0.36469292010236,0.8674698795180745,21.784517087667513,21.126463595839866,44.5875,-0.22371364653244186,False
300976,2024-07-16,2024-07-17,46.66,2024-07-18,43.860400000000006,1,-6.000000000000005,-6.210000000000005,-8.336905272181749,0.45006429489926614,stop_loss,,1.8962229366604,1.8962229366603998,7.5926346897021935,0.9598976109214785,5.154410131081977,2.5984519539361903,0.7741935483870945,1.0689655172413774,4.712389380530957,0.5523106624064984,0.6829477292202237,0.7992259769680952,0.9815668202764953,33.04937266245358,31.73106364200161,61.3377,-1.4155926473695346,False
301131,2024-07-16,2024-07-17,34.82,2024-07-18,32.7308,1,-6.000000000000005,-6.210000000000005,-6.346927053417584,0.51694428489375,stop_loss,,1.0262591845999,1.0262591845999,-1.970580072162098,1.3195639701663708,4.869358669833712,2.1350069951810973,0.582978723404255,1.1860129776496002,4.250295159386042,0.8051113835822856,0.7777777777777797,0.5675034975905486,0.9021276595744686,34.54957332826507,33.38008117314881,47.4609,-1.4156285390713341,False
301353,2024-07-16,2024-07-17,25.78,2024-07-18,24.2332,1,-6.000000000000005,-6.210000000000005,-6.128782001551592,0.7757951900698279,stop_loss,,1.0125029195752,1.0125029195752,4.472843450479225,2.4275646045418986,5.144694533762073,4.2683073229291715,0.4177215189873412,2.207584830339322,3.8919777601270855,0.516786083783292,0.8745098039215684,1.0,0.5189873417721523,19.44972980907458,18.947113455355346,50.1949,-1.4525993883792054,False
301387,2024-07-16,2024-07-17,33.79,2024-07-18,31.12,1,-7.901746078721517,-8.111746078721517,-11.512281740159814,0.5327019828351487,stop_loss,,1.4371886039997,1.4371886039997,2.0915428917853918,2.5578562728379994,9.138042773817245,3.4461060400077685,0.8780487804878052,2.221577164973389,7.91413008651074,0.6448205881129376,0.6060326254232064,1.0,0.8780487804878053,32.84,30.86,50.5069,0.32660332541567527,False
301000,2024-07-18,2024-07-19,13.89,2024-07-24,13.3,3,-4.247660187185032,-4.457660187185032,-5.471562275018005,3.6717062634989306,hold_expired,,4.9645299667784,4.9645299667784,5.059523809523814,1.0014306151645114,8.950617283950614,3.6321900791374864,0.8354430379746822,2.655462184873952,8.866615265998457,0.45012512384860237,0.5790251107828662,1.0,0.9620253164556957,13.711224333425143,12.710834575192408,54.7968,-1.62889518413597,True
300551,2024-07-22,2024-07-23,6.2,2024-07-24,5.827999999999999,1,-6.000000000000005,-6.210000000000005,-6.290322580645169,1.4516129032258185,stop_loss,,4.0855648868034,4.0855648868034,18.14744801512287,0.6441223832528209,11.012433392539966,2.1582431979677663,0.7183098591549293,1.6847457627118645,9.64912280701753,0.4840665619683815,0.375,0.5791215989838832,0.7605633802816902,6.21,5.63,70.1834,-0.8000000000000007,True
300551,2024-07-25,2024-07-26,6.43,2024-07-31,7.01,3,9.020217729393455,8.810217729393454,-2.021772939346811,17.573872472783837,hold_expired,,4.0855648868034,4.0855648868034,4.89396411092986,0.15576323987538387,10.671256454388978,2.1630163476364506,0.5188679245283019,2.4733333333333327,9.914529914529924,0.26012878601039024,0.35999999999999943,0.5815081738182253,0.6981132075471694,6.42,5.81,38.8672,0.0,True
300963,2024-07-25,2024-07-26,7.36,2024-07-31,7.84,3,6.521739130434789,6.311739130434789,-0.6793478260869512,9.103260869565212,hold_expired,,2.803455359417,2.803455359417,1.6969476897642277,3.6011080332410073,9.516837481698403,4.965996216270039,0.5000000000000009,4.954684285981517,7.471264367816088,0.21889591666945066,0.7071129707112969,1.0,0.5000000000000009,5.124874045181243,4.848045668779486,37.284,-1.6042780748663166,False
301199,2024-07-25,2024-07-26,23.92,2024-07-31,25.67,3,7.316053511705678,7.106053511705678,-0.8361204013378143,8.486622073578598,hold_expired,,1.0092804034706,1.0092804034706,-7.846853677028054,0.9551495016611344,7.757092198581561,3.481645738712263,0.22758620689654888,1.1166116611661143,6.4360770577933435,0.2767383028517634,0.5564853556485342,1.0,0.6620689655172384,17.15023148148181,16.06765873015904,35.7397,-1.6042780748662944,False
301266,2024-07-25,2024-07-26,31.37,2024-07-31,31.88,3,1.6257570927637799,1.41575709276378,-3.729678036340456,1.9764105833598888,hold_expired,,1.010039805637,1.010039805637,-1.270923744575314,1.1111111111111072,7.6013513513513375,2.0951064505878616,0.8171641791044771,1.4386503067484655,6.025299600532619,0.28065128027741526,0.7311305474570775,0.5475532252939308,0.8544776119402986,31.397859922179308,29.50402075227008,37.7418,-1.5070643642072223,True
300899,2024-07-29,2024-07-30,20.74,2024-08-02,19.58,3,-5.593056894889104,-5.803056894889104,-5.737704918032782,3.182256509161019,hold_expired,,1.0516961354718,1.0516961354718,17.12860310421287,0.23719165085389626,10.05208333333334,1.7144982855664102,0.8364779874213808,1.1771549444738258,6.234288587229764,0.7166876047123976,0.8514115898959875,0.3572491427832051,0.9748427672955959,21.08,19.2,80.848,-1.845716990061519,True
301178,2024-07-29,2024-07-30,22.41,2024-08-02,21.98,3,-1.9187862561356517,-2.1287862561356516,-2.632753235162877,5.488621151271733,hold_expired,,1.4222806648345,1.4222806648345,5.294937296795177,0.9349955476402494,5.984104721832639,1.710947895044973,0.6761904761904766,1.5999732448310209,4.808136846971811,0.3210253349766971,0.7520288548241651,0.3554739475224865,0.8952380952380958,22.46,21.39,48.1452,-1.1468901632112893,True
300034,2024-07-31,2024-08-01,15.89,2024-08-06,15.54,3,-2.2026431718061734,-2.4126431718061734,-5.097545626179989,3.7759597230962783,hold_expired,,6.0848703335566,6.0848703335566,4.052287581699332,0.3783102143757988,5.151915455746359,1.5115355913933917,0.8124999999999987,1.1867549668874189,3.0420711974110004,0.4247081149373488,0.8533163265306123,0.25576779569669583,1.0,15.86,15.14,49.8326,-0.18844221105527303,True
300441,2024-07-31,2024-08-01,6.35,2024-08-06,6.12,3,-3.622047244094473,-3.832047244094473,-5.826771653543295,1.4173228346456845,hold_expired,,7.011843285421199,7.0118432854212,-4.0662650602409585,1.594896331738438,5.289256198347103,1.7428294507153395,0.8620689655172412,1.0049504950495056,4.084967320261446,0.5277630306478751,0.8869143780290791,0.37141472535766973,0.9655172413793112,5.910884371335597,5.703484919709787,44.2447,-0.3139717425431843,False
300553,2024-07-31,2024-08-01,22.6,2024-08-05,21.244,2,-6.000000000000005,-6.210000000000005,-7.699115044247806,1.5486725663716783,stop_loss,,1.3350276206672,1.3350276206672,2.924791086350975,1.4181152790485152,5.521180390290326,1.6185834155972358,0.7416666666666675,1.382716049382716,4.921911973497406,0.261307909648957,0.7778806108283202,0.3092917077986179,0.9750000000000014,16.81538461538423,16.161538461538093,44.0303,1.9395579612088376,False
300809,2024-07-31,2024-08-01,20.92,2024-08-06,20.1,3,-3.9196940726577534,-4.129694072657753,-5.210325047801168,1.8642447418737884,hold_expired,,1.6557367320584,1.6557367320584,4.239401496259343,0.7714561234329897,6.632653061224469,1.7392208774583964,0.8839285714285718,1.2758340113913744,5.025125628140703,0.21827852403858714,0.6274794388001905,0.3696104387291982,0.9464285714285706,20.722745424293553,19.58369384359468,43.7898,0.0956937799043267,False
301000,2024-07-31,2024-08-01,14.4,2024-08-05,13.536000000000001,2,-6.000000000000005,-6.210000000000005,-8.611111111111125,1.6666666666666607,stop_loss,,4.9645299667784,4.9645299667784,10.408635312259062,2.358827734095792,6.468401486988862,2.080059023761114,0.8068181818181821,1.5594936708860778,4.908424908424913,0.2732942499908839,0.7989949748743721,0.5400295118805569,0.931818181818181,13.721032076152914,13.19141396885323,60.9383,0.5586592178771221,True
301236,2024-07-31,2024-08-01,34.3,2024-08-05,32.242,2,-6.000000000000005,-6.210000000000005,-9.096209912536446,0.9037900874635518,stop_loss,,2.2896105398118,2.2896105398118,3.1437125748503103,0.29112081513826826,7.521847690387018,2.1211488191043686,0.9506726457399113,1.5311427170181473,6.987577639751552,0.33469567937237965,0.8260604211168745,0.5605744095521843,0.9955156950672647,34.28545659526596,31.97979706877209,49.2148,-0.43541364296083573,False
301399,2024-08-12,2024-08-13,21.31,2024-08-16,21.67,3,1.689347724073209,1.4793477240732091,-2.7686532144533094,5.959643359924893,hold_expired,,1.4937640292845,1.4937640292845,11.082995951416997,0.36579789666209006,10.802624936900562,4.350354237732878,0.5468354430379746,3.462742642454605,10.635080645161299,0.8810830682988773,0.575289575289575,1.0,0.5822784810126582,14.896704854808824,13.493540154264416,65.6572,-2.9157175398633384,True
300432,2024-08-13,2024-08-14,6.5,2024-08-19,6.4,3,-1.538461538461533,-1.748461538461533,-3.5384615384615348,2.4615384615384706,hold_expired,,8.1429187023934,8.1429187023934,6.980519480519476,4.272151898734178,9.650582362728798,6.987111302054784,0.38999999999999946,5.035971223021581,9.286898839137624,0.17625337455533785,0.7572815533980606,1.0,0.5099999999999999,4.488191577208917,4.268042939719239,48.1641,-1.3657056145675361,True
300722,2024-08-13,2024-08-14,21.29,2024-08-19,21.76,3,2.2076092062000896,1.9976092062000896,-3.6167214654767577,3.757632691404411,hold_expired,,3.6379578177514005,3.6379578177514,2.706621556307387,0.3305004721435356,13.758029978586727,4.441449872106807,0.6527777777777783,3.389374579690656,12.137203166226929,0.8933708964527642,0.5949367088607584,1.0,0.6527777777777783,21.048854489164192,18.56433436532517,50.7934,0.1882352941176446,True
301314,2024-08-19,2024-08-20,32.4,2024-08-23,30.455999999999996,3,-6.000000000000005,-6.210000000000005,-7.314814814814796,3.5493827160493874,stop_loss,,1.3412024456522,1.3412024456522,12.593856655290114,0.1822046765867169,4.73015873015874,2.040774629119659,0.45663265306122575,2.9489521762493283,4.3327008222644015,0.4552057248538363,0.8627573300062377,0.5203873145598295,0.6658163265306143,32.749709827538716,31.327539009033387,63.4774,-1.7884207335556401,True
300333,2024-08-23,2024-08-26,4.98,2024-08-29,5.21,3,4.618473895582298,4.408473895582298,-3.413654618473927,14.457831325301186,hold_expired,,3.3372347958454,3.3372347958453994,13.228699551569512,0.397614314115291,12.222222222222223,3.2953680287501665,0.5252525252525247,4.949999999999997,11.72566371681416,0.6414325063197406,0.3004115226337436,1.0,0.6363636363636361,5.03,4.5,63.3123,-1.3861386138613652,True
300417,2024-08-26,2024-08-27,8.36,2024-08-30,8.65,3,3.4688995215311103,3.2588995215311103,-3.588516746411463,5.2631578947368585,hold_expired,,3.718582325483,3.718582325483,12.583668005354752,2.311435523114347,10.949868073878633,3.778636706082741,0.6725663716814162,3.0838206627680282,9.791122715404699,0.2583614917248358,0.6595208070617911,1.0,0.6902654867256647,8.155592556317474,7.520607247796405,62.7409,-0.5945303210463826,True
300827,2024-08-29,2024-08-30,35.98,2024-09-04,33.82119999999999,3,-6.000000000000016,-6.210000000000016,-6.614785992217886,3.251806559199566,stop_loss,,4.6769082973332,4.6769082973332,13.108149984505712,12.100737100737092,22.237106496985938,3.6907349699779584,0.8898163606010011,3.592973436161096,17.438867438867444,0.4216161466084602,0.7429467084639498,1.0,0.9465776293823038,32.56,29.86,72.6163,-1.4246575342465984,True
300925,2024-08-29,2024-08-30,10.08,2024-09-04,10.39,3,3.0753968253968367,2.8653968253968367,0.0,11.111111111111116,hold_expired,,2.9290231922465,2.9290231922465,6.540084388185652,0.4975124378109319,14.512471655328806,5.307336842365384,0.4848484848484847,4.485436893203885,10.989010989010994,0.7657104368797033,0.6194503171247336,1.0,0.5151515151515152,10.019868846695008,8.793556540084573,54.1606,-0.1980198019801982,True
300094,2024-08-30,2024-09-02,2.9,2024-09-05,2.83,3,-2.4137931034482696,-2.6237931034482695,-4.482758620689653,0.6896551724137945,hold_expired,,2.4577718704829,2.4577718704829,10.902255639097746,1.3745704467353903,21.900826446280995,6.45961703981936,0.7750000000000004,2.7450980392156863,17.529880478087655,0.6494686006985135,0.3656716417910435,1.0,0.8500000000000011,2.91,2.42,64.0316,-1.6949152542373058,True
300465,2024-08-30,2024-09-02,7.76,2024-09-05,7.73,3,-0.3865979381443063,-0.5965979381443063,-5.41237113402061,5.283505154639179,hold_expired,,3.2288660349854,3.2288660349854,13.24599708879186,0.7772020725388629,5.850340136054433,2.135821350459618,0.5757575757575762,1.6267605633802802,4.429530201342291,0.4023485009508547,0.7131681877444598,0.5679106752298091,0.6060606060606073,7.72,7.35,61.0251,-0.25706940874037354,True
300973,2024-09-10,2024-09-11,24.9,2024-09-18,24.36,3,-2.168674698795181,-2.378674698795181,-5.783132530120472,3.694779116465874,hold_expired,,1.0332862716067,1.0332862716067,10.318866253321524,0.44354838709677047,5.283178360101437,1.612439211671359,0.7073170731707307,1.335919317300235,3.489821354383027,0.6548478413428171,0.7726349979699567,0.30621960583567953,0.8943089430894308,24.4273054438526,23.304437371030343,62.9984,-0.04014452027298887,True
300260,2024-09-18,2024-09-19,17.95,2024-09-24,18.34,3,2.1727019498607225,1.9627019498607226,-4.456824512534818,2.506963788300842,hold_expired,,5.6313444840676,5.6313444840676,5.529685681024432,4.016064257028118,12.399256044637319,6.122305283131015,0.5229357798165141,3.1496388028895757,12.399256044637319,0.183033538921614,0.5387344766410398,1.0,0.65137614678899,17.43,16.13,44.9134,-0.9928295642581464,True
301021,2024-09-18,2024-09-19,17.49,2024-09-24,17.42,3,-0.40022870211547934,-0.6102287021154793,-5.6032018296169,2.8587764436821095,hold_expired,,1.0090433120676,1.0090433120676,1.6609392898052633,2.070155261644624,9.500308451573103,4.7547947441442915,0.400966183574878,2.5465729349736397,9.432799013563509,0.20888350463803196,0.541176470588234,1.0,0.5072463768115938,17.32987709409631,16.153956739235262,34.7177,-1.4647887323943731,True
300311,2024-09-19,2024-09-20,3.23,2024-09-25,4.11,3,27.244582043343655,27.034582043343654,-0.9287925696594312,37.15170278637772,hold_expired,,7.349549827831699,7.349549827831699,3.2154340836012985,0.943396226415083,8.813559322033893,2.036440041525854,0.8,1.4973262032085564,6.644518272425248,0.4522443513256404,0.6474358974358965,0.5182200207629271,0.9,3.18,2.95,46.1083,0.6230529595015577,False
300436,2024-09-19,2024-09-20,19.24,2024-09-23,18.0856,1,-5.999999999999995,-6.209999999999995,-6.444906444906451,0.8316008316008316,stop_loss,,2.0268310079322,2.0268310079322,9.670079635949968,0.20790020790022457,8.926553672316384,3.212909572869128,0.44599303135888524,3.29074529074529,7.289927657206463,0.7132200625403219,0.6199143468950743,1.0,0.4878048780487811,19.24,17.7,59.0933,-0.20746887966807126,False
300583,2024-09-19,2024-09-20,14.3,2024-09-25,15.31,3,7.062937062937058,6.852937062937058,-1.2587412587412583,9.720279720279713,hold_expired,,1.6761203554779,1.6761203554779,14.354066985645941,3.463203463203479,9.71690895179802,2.869399428026692,0.966666666666666,2.0216606498194953,9.049429657794672,0.5818576212600216,0.7335307179866781,0.9346997140133461,0.9666666666666661,13.85163043478257,13.062107487922669,77.1193,-0.2789400278940035,True
300598,2024-09-19,2024-09-20,34.68,2024-09-25,35.51,3,2.3933102652825777,2.1833102652825778,-4.469434832756614,8.131487889273359,hold_expired,,2.5575458134809,2.5575458134809,10.396361273554234,5.527950310558993,19.479606188466935,5.390599648458626,0.7661691542288551,4.536270822138634,16.72964616970112,0.4586983355377754,0.5348837209302317,1.0,0.8424543946932003,32.2,28.44,62.5455,2.0600353148911177,False
301153,2024-09-19,2024-09-20,21.18,2024-09-25,24.15,3,14.02266288951839,13.81266288951839,-3.021718602455159,18.035882908404144,hold_expired,,3.3810269367995,3.3810269367995,15.437392795883387,1.0510510510510551,13.746478873239433,2.352897796857922,0.7928286852589637,2.3536503683858,11.980033277870206,0.3404113377938425,0.17557251908396987,0.6764488984289609,0.8725099601593627,19.833710832649736,17.62003840237902,62.8292,4.903417533432397,True
301382,2024-09-23,2024-09-24,21.72,2024-09-27,25.46,3,17.21915285451199,17.00915285451199,-2.6243093922651894,19.060773480662995,hold_expired,,1.3076947856229,1.3076947856229,9.80392156862746,3.416435826408115,15.463917525773208,1.6014907669102465,0.7097791798107251,1.9628482972136234,10.836219693221171,0.28696998976826343,0.7397590361445785,0.30074538345512325,0.8580441640378542,21.66,19.4,55.1771,-3.035714285714297,True
300121,2024-09-24,2024-09-25,7.58,2024-09-30,9.28,3,22.427440633245375,22.217440633245374,-2.902374670184693,25.197889182058052,hold_expired,,6.621662144935,6.621662144935,9.051094890510946,0.9459459459459474,9.210526315789469,2.8270108740765334,0.7397260273972607,2.593908629441623,7.636887608069154,0.6466071205160784,0.5724137931034492,0.9135054370382667,0.7808219178082192,7.294132698551786,6.74214427812084,61.139,1.4725568942436373,False
300182,2024-09-24,2024-09-25,4.2,2024-09-30,5.49,3,30.714285714285694,30.504285714285693,-0.23809523809523725,32.61904761904761,hold_expired,,30.8619690208474,30.861969020847397,1.9656019656019597,1.71568627450982,4.797979797979801,2.4127085630094975,0.7222222222222259,1.1830985915492962,3.750000000000009,0.3919979144974151,0.9255583126550861,0.7063542815047488,1.0,4.08,3.96,50.7581,1.2048192771084265,False
300196,2024-09-24,2024-09-25,9.86,2024-09-30,11.89,3,20.588235294117663,20.378235294117662,-1.2170385395537497,22.10953346855984,hold_expired,,3.6306631431644,3.6306631431644,4.463336875664203,0.5112474437627856,3.256302521008414,2.631938171233564,0.648648648648653,1.6187499999999964,3.039832285115307,0.6348654591780938,0.8047276464542631,0.815969085616782,0.8918918918918937,9.615785816326504,9.360151428571402,56.5181,0.3051881993896055,False
300308,2024-09-24,2024-09-25,125.69,2024-09-30,154.86,3,23.207892433765622,22.99789243376562,-3.2460816294056727,23.717081708966514,hold_expired,,6.5611659809951,6.5611659809951,22.87266143633071,4.678663239074532,13.647781188947828,2.855318541770707,0.999233128834355,2.555788884222318,12.176308539944891,0.7144932919305713,0.8973007361628651,0.9276592708853535,0.999233128834355,116.23342395650019,107.06024628178409,93.4382,2.889652914210883,True
300374,2024-09-24,2024-09-25,13.49,2024-09-30,16.94,3,25.574499629355095,25.364499629355095,-0.5189028910304039,28.76204595997034,hold_expired,,2.207644874819,2.207644874819,4.496124031007742,1.9667170953101332,5.312499999999987,3.0705088680134924,0.5189873417721527,1.4945945945945935,4.415182029434539,0.5272273765774882,0.7803030303030314,1.0,0.8354430379746847,13.22,12.8,55.3141,0.07418397626113293,False
300376,2024-09-24,2024-09-25,2.47,2024-09-30,3.3,3,33.60323886639674,33.393238866396736,-0.809716599190291,33.60323886639674,hold_expired,,23.8371661847551,23.8371661847551,3.3755274261603407,0.8230452674897082,3.8135593220339103,1.8723117406276395,0.8750000000000028,0.965517241379311,3.3755274261603407,0.07213050530632525,0.916317991631799,0.4361558703138197,1.0,2.43,2.36,45.9393,0.8163265306122547,False
300390,2024-09-24,2024-09-25,17.25,2024-09-30,24.68,3,43.07246376811593,42.86246376811593,-1.7391304347826098,43.07246376811593,hold_expired,,8.925545828053298,8.925545828053298,4.4117647058823595,0.7092198581560183,8.053265694356382,4.212001449700568,0.9454545454545434,1.9419924337957122,7.2372561359345555,0.7354404349238937,0.8390092879256985,1.0,0.9454545454545433,16.355686492495852,15.24404113396333,61.3494,1.232394366197198,False
300502,2024-09-24,2024-09-25,107.91,2024-09-30,129.97,3,20.442961727365393,20.232961727365392,-3.669724770642202,20.47076267259753,hold_expired,,8.498440268563101,8.498440268563101,18.83534589775422,0.38131553860818457,11.310782241014806,2.4416290419594797,0.9343955014058104,2.2564954682779463,10.551181102362195,0.6894166501007413,0.7332924586143477,0.7208145209797399,0.9343955014058103,74.62786816322895,67.3002509841893,84.9074,2.47863247863247,True
300767,2024-09-24,2024-09-25,8.66,2024-09-30,11.64,3,34.41108545034641,34.20108545034641,-0.6928406466512826,34.526558891454975,hold_expired,,3.0510095142659,3.0510095142659,0.4689331770222793,0.3512880562061005,7.66331658291457,2.7127248500999332,0.7966101694915267,1.8730158730158726,6.857855361596021,0.6447844368583571,0.733009708737863,0.8563624250499666,0.8813559322033895,8.54,7.96,47.7955,1.0501750291715295,False
300783,2024-09-24,2024-09-25,18.16,2024-09-30,25.32,3,39.42731277533038,39.21731277533038,-1.4317180616740255,40.69383259911894,hold_expired,,1.0364541152054,1.0364541152054,6.5088757396449815,3.8661281015579974,8.564535585042222,2.2191494993849363,0.831999999999997,2.1551724137931103,7.784431137724557,0.41307439584445826,0.7376093294460631,0.6095747496924682,0.952,17.183639697326438,16.439973813137467,55.4138,0.8888888888888946,False
300900,2024-09-24,2024-09-25,15.55,2024-09-30,19.8,3,27.33118971061095,27.12118971061095,-1.414790996784565,28.360128617363344,hold_expired,,1.4186012557894,1.4186012557894,0.3893575600259602,2.1122112211221067,5.238095238095242,2.6051989251904604,0.7945205479452051,1.191142191142192,4.8102981029810365,0.32185287130194484,0.866310160427807,0.8025994625952302,1.0,15.15,14.7,46.6272,0.5171299288946329,False
300997,2024-09-24,2024-09-25,10.37,2024-09-30,13.09,3,26.22950819672132,26.01950819672132,-2.8929604628736616,28.061716489874634,hold_expired,,1.0580099401273,1.0580099401273,-12.393162393162394,0.5888125613346507,7.4423480083857685,1.657353873699131,0.8870967741935496,0.9919999999999997,7.329842931937169,0.39717886206183706,0.5691382765531063,0.32867693684956545,1.0,9.980364507173936,9.343736741750671,37.7815,1.1707317073170742,False
301321,2024-09-24,2024-09-25,13.49,2024-09-30,17.62,3,30.615270570793186,30.405270570793185,-1.779095626389915,30.615270570793186,hold_expired,,1.5148132245599,1.5148132245599,10.889443059019133,0.3007518796992459,6.80544435548438,2.1011067193675887,0.5925925925925931,1.6016949152542386,4.300234558248639,0.9430193490729872,0.9843871975019505,0.5505533596837944,0.7777777777777776,13.3,12.49,71.7511,1.1244377811094441,False
300217,2024-10-18,2024-10-21,5.28,2024-10-24,5.13,3,-2.840909090909105,-3.050909090909105,-4.734848484848497,4.924242424242431,hold_expired,,13.3504833173196,13.3504833173196,19.506726457399104,5.335968379446654,14.13276231263383,3.0606548349003044,0.8749999999999996,1.8162162162162165,13.646055437100202,0.4779886216105853,0.6303901437371664,1.0,0.9583333333333336,5.027485943775077,4.639991967871465,84.8058,-0.9380863039399445,False
300327,2024-10-18,2024-10-21,26.67,2024-10-24,25.8,3,-3.262092238470171,-3.472092238470171,-4.386951631046109,6.824146981627299,hold_expired,,3.1044954410867995,3.1044954410868,29.137760158572835,0.42389210019266876,12.473025463962006,2.505876638371741,0.7017543859649122,1.7442622950819664,10.097169412758756,0.7518663098845866,0.9120603015075393,0.7529383191858705,0.7017543859649122,25.95,23.17,86.5234,2.340752110514188,True
300660,2024-10-18,2024-10-21,29.0,2024-10-24,29.24,3,0.8275862068965578,0.6175862068965579,-1.3793103448275668,4.75862068965518,hold_expired,,3.493616659771,3.493616659771,11.74014796919749,0.17427675148133925,7.721139430284851,1.8897486182920307,0.6640926640926627,1.4018843035476738,6.44444444444443,0.3148834213664893,0.9046221570066018,0.44487430914601533,0.7104247104247106,20.369056608862188,18.942015696216213,60.4301,0.9046624913013224,False
300666,2024-10-18,2024-10-21,66.45,2024-10-24,69.3,3,4.2889390519187165,4.0789390519187165,-3.9879608728367377,8.051166290443934,hold_expired,,1.0150591783504,1.0150591783504,28.468151621727245,0.3816793893129722,10.448513354611123,2.5702257574305545,0.6259445843828721,1.6901322791546312,9.419204526543524,0.7077790441367051,0.7548701298701312,0.7851128787152772,0.6977329974811083,65.22095169113013,59.276385559892766,83.7455,1.0646387832699666,False
300724,2024-10-18,2024-10-21,70.0,2024-10-24,71.96,3,2.7999999999999803,2.5899999999999803,-1.4285714285714346,16.200000000000014,hold_expired,,1.0325359525091,1.0325359525091,21.317555634051576,0.01456027955735184,15.058626465661629,3.1570171731530214,0.6912681912681912,1.8089993284083248,14.521507169056358,0.3138257988599071,0.5814696485622997,1.0,0.6943866943866944,67.14924415043475,58.369392483706385,77.3172,1.9071189401659527,False
301015,2024-10-18,2024-10-21,27.62,2024-10-24,28.37,3,2.7154236060825454,2.5054236060825454,-1.8102824040550303,6.408399710354806,hold_expired,,1.0869473830522,1.0869473830522,6.030534351145045,1.4238773274917849,7.300115874855151,2.1499137273785163,0.498113207547171,1.119830968910352,5.7882711348058,0.6579091511817852,0.9469696969696975,0.5749568636892581,0.6528301886792465,26.25446245919604,24.816649619152447,54.9404,-0.5759539236861122,False
301095,2024-10-18,2024-10-21,51.8,2024-10-24,50.16,3,-3.1660231660231686,-3.3760231660231685,-3.976833976833971,5.945945945945974,hold_expired,,1.0131427485265,1.0131427485265,23.282718727404173,3.2082324455205757,14.174107142857139,2.4768813559322034,0.7743300423131166,1.7658779576587809,12.49175280404662,0.6928095952660751,0.8122572291756571,0.7384406779661017,0.8011283497884337,49.30707742904743,44.57136942738751,85.983,1.2707722385141729,True
301265,2024-10-18,2024-10-21,9.65,2024-10-24,9.5,3,-1.5544041450777146,-1.7644041450777146,-2.5906735751295207,1.4507772020725174,hold_expired,,1.017094017094,1.017094017094,14.880952380952372,4.099244875943908,9.90888382687929,4.084595905403665,0.7203389830508473,2.3432624113475184,9.286523216308051,0.5581238196949191,0.8769574944071592,1.0,0.7203389830508473,9.27,8.78,75.6949,0.0,False
301308,2024-10-18,2024-10-21,94.0,2024-10-24,93.12,3,-0.9361702127659521,-1.146170212765952,-4.191489361702128,4.521276595744683,hold_expired,,1.0085531004989,1.0085531004989,23.336432461150203,1.719794062876523,11.196263920488558,2.213667412974345,0.608501118568232,1.7228595026154,10.692573608296584,0.46936398753144815,0.6425287356321832,0.6068337064871725,0.6636838180462339,91.04491301545717,83.28580004294915,76.0204,1.227654533706657,False
301348,2024-10-18,2024-10-21,28.87,2024-10-24,30.88,3,6.962244544509866,6.752244544509866,-1.004502944232788,9.075164530654645,hold_expired,,1.0129689671144,1.0129689671144,21.070375052675928,4.510731174972715,15.800080612656187,3.139683210137276,0.7316455696202534,1.7679028132992327,13.065722156631242,0.5324924970148701,0.8297872340425531,1.0,0.7417721518987342,27.49,24.81,85.2696,0.4872955099199494,False
301539,2024-10-24,2024-10-25,21.11,2024-10-29,19.843399999999995,2,-6.000000000000005,-6.210000000000005,-6.347702510658449,0.8053055423969724,stop_loss,,1.0082918739635,1.0082918739635,4.609218436873741,0.9183180280328607,5.721518987341767,1.5857832382623958,0.8888888888888911,0.5657835653345297,4.087736789631102,0.35591257970895107,0.9454635597421903,0.2928916191311979,1.0,20.577737384699063,19.64283776451457,51.668,1.10153256704979,True
300201,2024-10-25,2024-10-28,4.36,2024-10-31,4.54,3,4.128440366972486,3.9184403669724857,-1.3761467889908396,5.9633027522935755,hold_expired,,10.8084949924705,10.8084949924705,11.94805194805193,4.61165048543688,7.213930348258724,4.544451033487421,0.7500000000000007,1.1666666666666619,6.683168316831667,0.6209037417431253,0.8536585365853679,1.0,0.7500000000000007,4.097802280510038,3.998341060109308,71.0145,1.1600928074246175,False
300275,2024-10-25,2024-10-28,13.5,2024-10-31,15.06,3,11.555555555555564,11.345555555555563,-2.592592592592591,15.92592592592592,hold_expired,,4.6577645909187,4.6577645909187,12.489451476793256,2.617397998460347,10.165289256198351,4.770602030887453,0.7372262773722613,1.403072421360645,8.905228758169926,0.6990725044523576,0.7297297297297292,1.0,0.8248175182481742,12.960309712528923,12.072343920061583,72.9073,1.2753188297074391,False
300347,2024-10-25,2024-10-28,71.12,2024-10-30,66.8528,2,-6.000000000000005,-6.210000000000005,-11.164229471316101,2.910573678290196,stop_loss,,12.7740339662577,12.7740339662577,12.75785464931769,2.3919308357348568,8.389261744966436,1.8816272965879266,0.6541049798115731,1.3600941422594157,6.488835606174148,0.20774000746957963,0.8262406125754675,0.4408136482939633,0.7388963660834452,69.00104316785777,65.18311801274864,60.2115,0.08443568815086344,False
300389,2024-10-25,2024-10-28,12.66,2024-10-30,11.89,2,-6.082148499210094,-6.292148499210094,-6.477093206951034,0.9478672985782088,stop_loss,,4.875630239852,4.875630239852,15.426497277676976,4.519309778142966,11.481156879929877,5.014467467801063,0.38805970149253916,1.576470588235294,9.939498703543649,0.8157876677984244,0.7967823878069427,1.0,0.5970149253731358,11.996142857142717,11.246999999999868,76.9818,-0.4716981132075526,False
300497,2024-10-25,2024-10-28,12.13,2024-10-29,11.38,1,-6.183017312448468,-6.393017312448468,-8.491343775762584,1.8961253091508423,stop_loss,,6.1313786699512,6.1313786699512,34.787350054525625,7.759372275501297,12.876712328767127,2.65081391985768,0.594771241830065,1.9669421487603318,11.653116531165297,0.2601223057992348,0.813829787234043,0.82540695992884,0.594771241830065,11.47,10.95,76.2588,-1.8608414239482007,False
300591,2024-10-25,2024-10-28,6.39,2024-10-29,5.97,1,-6.572769953051639,-6.7827699530516385,-7.981220657276989,8.137715179968708,stop_loss,,1.3107394170462,1.3107394170462,31.340206185567034,1.594896331738438,9.63855421686748,1.510432602929709,0.739130434782608,1.2914438502673808,7.966101694915251,0.4483544312950803,0.6405228758169936,0.2552163014648545,0.8985507246376809,6.27,5.81,76.8563,0.31397174254315097,False
300622,2024-10-25,2024-10-28,28.1,2024-10-31,30.79,3,9.572953736654789,9.362953736654788,-2.313167259786486,13.523131672597867,hold_expired,,2.3059910182646,2.3059910182646,20.58510496697934,0.7537688442210921,8.336549594751052,2.4628724382757516,0.7654867256637176,0.9007271962927365,6.64893617021276,0.7588415529748496,0.7373288938216795,0.7314362191378758,0.8539823008849557,21.381348169649918,19.88480728914678,86.8366,0.10687566797293879,True
300675,2024-10-25,2024-10-28,16.11,2024-10-30,15.143399999999998,2,-6.000000000000005,-6.210000000000005,-7.0142768466790795,4.283054003724396,stop_loss,,1.0344572974818,1.0344572974818,13.290689410092394,3.641092327698292,10.31141868512111,5.487407915024842,0.22043010752688166,1.3272171253822638,9.62861072902339,0.7830746433534959,0.641909814323607,1.0,0.22043010752688166,15.38,14.45,62.3647,1.0664993726474226,False
300901,2024-10-25,2024-10-28,9.48,2024-10-31,10.93,3,15.295358649789016,15.085358649789015,-1.4767932489451518,19.620253164556935,hold_expired,,1.0383803423321,1.0383803423321,19.221105527638205,3.152173913043499,9.965237543453064,2.2410794664047793,0.9146341463414631,1.276974416017798,8.70561282932416,0.40159382327829946,0.6784922394678496,0.6205397332023896,0.9268292682926823,9.2,8.63,79.3855,-0.10537407797680531,False
301209,2024-10-25,2024-10-28,28.48,2024-10-29,26.771199999999997,1,-6.000000000000005,-6.210000000000005,-6.60112359550562,0.3511235955056202,stop_loss,,1.0160031152615,1.0160031152615,18.595942332419458,2.286751361161521,9.820732657833208,2.9935870791520696,0.9224489795918355,1.2268281365369111,8.803088803088798,0.5517202888306219,0.6282527881040891,0.9967935395760348,0.9224489795918356,19.6458011181172,18.298049244678303,83.3084,1.0645848119233525,True
301269,2024-10-25,2024-10-28,104.0,2024-10-30,97.76,2,-6.000000000000005,-6.210000000000005,-6.730769230769229,0.8653846153846123,stop_loss,,1.0032708743561,1.0032708743561,17.994100294985248,0.9218825812712383,6.885919835560128,2.065764526562326,0.5618615209988638,1.1527102803738325,6.295993458708105,0.8769653752286222,0.7372611464968151,0.532882263281163,0.6980703745743478,102.93409193161625,97.19055938812481,79.4918,0.0,False
300572,2024-10-31,2024-11-01,18.4,2024-11-04,17.05,1,-7.336956521739124,-7.546956521739124,-8.532608695652177,3.043478260869592,stop_loss,,2.9470609872928,2.9470609872928,26.053904630269507,0.8849557522123908,13.36233685518955,1.986249407302039,0.7370370370370362,2.195121951219514,8.700834326579244,0.3751155397313179,0.7162709901563414,0.49312470365101946,0.8666666666666656,18.08,16.09,78.6354,0.8771929824561431,False
300803,2024-10-31,2024-11-01,101.97,2024-11-04,94.0,1,-7.8160243208786895,-8.02602432087869,-7.9631264097283605,3.4618024909286893,stop_loss,,1.0031316572165,1.0031316572165,25.843247884214392,0.09756097560975618,10.966904607397797,2.176277056277056,0.47142015321155045,1.5851347744862558,8.514013749338979,0.44301183273484895,0.6381243628950042,0.5881385281385281,0.5050088391278732,70.68965517241502,63.76551724138041,72.1986,-0.614035087719289,False
300901,2024-10-31,2024-11-01,10.8,2024-11-06,11.66,3,7.962962962962972,7.752962962962972,-5.648148148148158,15.18518518518519,hold_expired,,1.0383803423321,1.0383803423321,35.776397515527925,9.519038076152286,17.023554603854386,4.094960741408161,0.783068783068783,4.193343898573694,15.661375661375665,0.2665574493152496,0.6428571428571419,1.0,0.783068783068783,9.98,9.34,79.3026,-1.1893870082342217,True
301191,2024-10-31,2024-11-01,90.87,2024-11-04,85.4178,1,-6.000000000000005,-6.210000000000005,-7.560250907890409,0.14306151645206988,stop_loss,,1.3299008517845,1.3299008517845,20.76974120769741,8.527131782945752,18.938700823421772,3.0655852084423514,0.7824242424242417,3.518123667377406,15.953109072375128,0.18936100246387477,0.592959295929594,1.0,0.8787878787878786,82.83040863157574,75.57966087539488,79.3106,-0.14285714285713347,True
300937,2024-11-01,2024-11-04,25.29,2024-11-07,28.4,3,12.297350731514435,12.087350731514434,-3.5982601818900672,19.098457888493492,hold_expired,,1.0197818307329,1.0197818307329,6.6021867115223065,2.8814935064935154,11.232996928477412,5.3034750337381915,0.506382978723405,3.891188645771732,10.026041666666696,0.25508810407062654,0.8084291187739459,1.0,0.6489361702127665,24.553239436618462,22.709753521125595,52.1359,-0.2366863905325589,True
301055,2024-11-01,2024-11-04,14.9,2024-11-05,14.006,1,-6.000000000000005,-6.210000000000005,-7.046979865771819,0.6711409395973256,stop_loss,,1.0540066239526,1.0540066239526,24.184100418410036,2.4861878453038555,10.746268656716417,2.9342251400646644,0.541832669322709,4.163507109004739,10.089020771513347,0.3052029224822496,0.6561604584527216,0.9671125700323323,0.541832669322709,14.48,13.4,74.9282,0.40431266846361336,True
300457,2024-11-05,2024-11-06,25.5,2024-11-11,27.22,3,6.74509803921568,6.53509803921568,-4.156862745098033,7.803921568627437,hold_expired,,5.8466406642243,5.846640664224299,16.375344986200567,3.688524590163933,13.148479427549198,1.9294004789138761,0.8309455587392551,2.0426421404682276,12.444444444444457,0.27943227953870964,0.5785440613026829,0.46470023945693806,0.8681948424068766,24.4,22.36,67.6312,0.7905138339920903,True
301050,2024-11-08,2024-11-11,63.53,2024-11-13,59.718199999999996,2,-6.000000000000005,-6.210000000000005,-7.004564772548405,2.927750668975304,stop_loss,,2.5529885286756,2.5529885286756,6.3223209793727975,2.9555050341019795,11.403971182568974,2.100909993692633,0.7072135785007071,1.7763819095477382,8.747855917667223,0.20647836787966822,0.7037283621837545,0.5504549968463166,0.7072135785007071,61.32528385890615,56.67460059126906,45.9466,0.20504731861197278,True
301391,2024-11-08,2024-11-11,43.48,2024-11-14,45.93,3,5.634774609015647,5.424774609015647,-0.6439742410303428,10.119595216191367,hold_expired,,1.4208888867357,1.4208888867357,10.523640061006589,0.34618047542118724,6.048780487804861,2.211632594298877,0.3829787234042551,1.6043889058213965,4.168663152850982,0.5543320159497971,0.8142487655772404,0.6058162971494385,0.4707446808510631,43.19519143514072,40.872440545598195,57.049,0.0,True
300969,2024-11-11,2024-11-12,90.55,2024-11-13,84.47,1,-6.714522363335174,-6.924522363335174,-9.817780231916073,0.4969630038652806,stop_loss,,1.0165204813675,1.0165204813675,18.230563002680977,0.22727272727274261,8.875447475620302,1.7226208147781625,0.7538167938931309,2.0293222683264185,8.15450643776825,0.2634210377276762,0.754784688995215,0.36131040738908127,0.779580152671756,62.542385006081666,57.57452965162132,70.9389,2.6643990929705152,True
301132,2024-11-11,2024-11-12,33.5,2024-11-13,31.489999999999995,1,-6.000000000000005,-6.210000000000005,-7.761194029850749,1.0746268656716573,stop_loss,,1.0326558513124,1.0326558513124,14.078173642338276,1.0107197549770186,6.90437601296594,1.5789800995024876,0.860869565217391,1.3915298184961076,5.569782330345685,0.5620159203004926,0.8860759493670891,0.2894900497512438,0.860869565217391,32.228157570151865,30.45141381437014,69.99,1.5767131594905948,False
301413,2024-11-11,2024-11-12,52.0,2024-11-13,48.879999999999995,1,-6.000000000000005,-6.210000000000005,-8.442307692307693,1.846153846153853,stop_loss,,1.3063725490196,1.3063725490196,16.41492669924476,5.771947527749743,11.250265336446596,2.2853311623006562,0.9218472468916508,2.173145850565207,9.782153330540421,0.36137063391801405,0.8069022185702548,0.6426655811503281,0.9218472468916508,49.35988617470095,46.9292479856743,75.2175,-0.7822934554474359,True
301550,2024-11-11,2024-11-12,56.51,2024-11-15,60.37,3,6.830649442576542,6.620649442576542,-4.264731905857366,13.696690851176797,hold_expired,,1.0129131677876,1.0129131677876,13.396264310102435,0.6417112299465177,10.619122257053304,1.6915122582824542,0.9206896551724141,1.8308906426155598,8.975101331789226,0.4901502253795305,0.6895455395548912,0.3457561291412271,0.9327586206896552,38.57940467680366,35.099693666739014,66.6007,0.08855827134253147,False
300876,2024-11-13,2024-11-14,24.85,2024-11-18,23.358999999999998,2,-6.000000000000005,-6.210000000000005,-7.323943661971821,4.1448692152917355,stop_loss,,1.0392677941074,1.0392677941074,5.341246290801194,2.137279079325949,9.713024282560712,1.6310349517203862,0.5257142857142867,1.1045987376014428,7.065919862128389,0.11575854169335353,0.7644089188052174,0.3155174758601931,1.0,24.33,22.65,47.0402,0.0,True
300833,2024-11-19,2024-11-20,43.4,2024-11-25,50.0,3,15.207373271889391,14.99737327188939,-0.8986175115207495,19.792626728110598,hold_expired,,1.6037048554361,1.6037048554361,12.654004106776174,2.9556650246305383,13.911237996366467,5.030258631672824,0.653141361256545,5.122605363984674,13.206087180809911,0.5237157312387675,0.5941598614204415,1.0,0.6662303664921472,41.0776470588231,37.1269467787111,65.4007,-1.1164274322168932,True
301525,2024-11-25,2024-11-26,60.0,2024-11-29,62.62,3,4.366666666666674,4.156666666666674,-3.9999999999999925,5.833333333333335,hold_expired,,1.010570064576,1.010570064576,-0.6065573770491661,0.08253549026082663,8.929213079410726,2.5039278440500436,0.7705223880597036,2.0172201260671287,8.7923918894671,0.30151491956688914,0.34910249958060596,0.7519639220250218,0.9309701492537329,60.29335676625457,55.39663647424446,35.8983,-1.0390895596239624,True
300720,2024-11-28,2024-11-29,19.02,2024-12-04,19.36,3,1.7875920084121866,1.5775920084121866,-3.259726603575197,5.099894847528907,hold_expired,,2.9493314273834,2.9493314273834,6.574585635359109,1.8479408658922614,13.33725029377204,3.7709449833796893,0.9074074074074042,1.6494545454545488,8.309938236945547,0.5867032584925549,0.9497206703910602,1.0,0.9938271604938251,18.811389769126528,16.9044273426892,66.0721,-1.3996889580093264,True
300278,2024-11-29,2024-12-02,6.67,2024-12-05,6.95,3,4.197901049475261,3.987901049475261,-1.1994002998500841,7.946026986506749,hold_expired,,4.0596771467121,4.0596771467121,9.508196721311467,0.6024096385542244,13.605442176870742,2.246682173797737,0.6633663366336634,2.017118402282453,9.328968903436973,0.31457589210306175,0.807383627608347,0.6233410868988685,0.7128712871287127,6.64,5.88,56.3366,-0.1497005988023825,True
300433,2024-12-02,2024-12-03,21.71,2024-12-06,21.95,3,1.1054813450023016,0.8954813450023016,-3.454629203132198,2.1188392445877557,hold_expired,,5.9385652027931,5.9385652027931,3.0374940673944195,2.5992438563327003,6.421568627451002,1.8412453182079778,0.788321167883214,1.3749103942652339,5.1331719128329345,0.3365712456257539,0.8006644518272423,0.4206226591039889,0.788321167883214,20.777459487738493,20.031199128065463,43.1062,0.0,True
300002,2024-12-05,2024-12-06,12.71,2024-12-11,12.7,3,-0.07867820613690624,-0.2886782061369062,-3.147128245475994,6.215578284815093,hold_expired,,15.6021242794299,15.6021242794299,-0.9433962264151052,0.15898251192367763,4.738154613466339,1.8323650406224574,0.8064516129032245,0.78765880217786,4.046242774566466,0.4780563811506464,0.7819063004846518,0.4161825203112287,0.8064516129032245,12.58,12.03,39.1903,0.8730158730158699,False
300058,2024-12-05,2024-12-06,11.68,2024-12-11,11.53,3,-1.2842465753424626,-1.4942465753424625,-4.70890410958903,6.849315068493156,hold_expired,,19.3062580488372,19.3062580488372,10.614525139664831,0.6779661016949046,19.03807615230462,2.4141412904851993,0.840796019900499,1.738109944410128,16.699410609037347,0.43773588771842586,0.1629162916291629,0.7070706452425997,0.8407960199004989,8.428571428571423,7.128571428571424,54.1255,-1.683501683501698,False
300559,2024-12-05,2024-12-06,13.58,2024-12-11,13.46,3,-0.8836524300441684,-1.0936524300441683,-4.123711340206193,3.8291605301914444,hold_expired,,5.8025177814856,5.802517781485601,12.5,2.817974105102805,9.666937449228264,2.544695045753215,0.7801418439716298,1.6843003412969293,7.741420590582604,0.7214651182395971,0.8895027624309395,0.7723475228766075,0.7872340425531904,12.961810418445816,12.152314261315157,72.6327,0.5925925925926112,True
300684,2024-12-05,2024-12-06,22.46,2024-12-11,22.77,3,1.3802315227070094,1.1702315227070095,-4.674977738201269,1.6918967052537592,hold_expired,,3.2772533295339006,3.2772533295339,0.3603603603603789,0.3603603603603789,6.653901388224037,1.755550048707125,0.723404255319149,1.2196478220574605,5.642484589853036,0.25587740752146537,0.6565934065934056,0.37777502435356247,0.7287234042553211,21.559883834150746,20.287656454748156,32.76,0.8078994614003632,False
300781,2024-12-05,2024-12-06,75.11,2024-12-11,75.48,3,0.49261083743843415,0.2826108374384342,-6.137664758354411,7.815204366928508,hold_expired,,1.3451448903487,1.3451448903487,10.087852166010315,1.3950892857142794,15.018199082133265,2.109141663780709,0.876640419947507,1.4367676767676776,13.775829680651231,0.09230521501716948,0.4497041420118355,0.5545708318903546,0.8923884514435706,71.68,63.19,51.6993,3.343423225096287,False
300792,2024-12-05,2024-12-06,24.3,2024-12-11,26.23,3,7.942386831275727,7.732386831275727,-2.427983539094647,16.584362139917697,hold_expired,,2.7796996495767,2.7796996495767,15.011547344110854,0.9732360097323589,13.181818181818183,3.003330237919882,0.5522041763341071,2.9093539054966224,12.061206120612077,0.6542925771163932,0.31656184486372996,1.0,0.603248259860789,24.559837530462985,21.91064175467095,66.6509,-2.409638554216864,False
301233,2024-12-05,2024-12-06,50.55,2024-12-11,50.3,3,-0.4945598417408492,-0.7045598417408492,-2.5123639960435096,7.794263105835819,hold_expired,,1.0299797242036,1.0299797242036,13.345195729537362,3.6404311572096892,9.827586206896566,3.202601995705444,0.6672325976230906,2.780175320296694,8.126458731169105,0.31814232734884,0.9703829067061556,1.0,0.7300509337860794,48.68824196186768,45.945381879818186,70.6193,-0.8045525902668826,True
301357,2024-12-05,2024-12-06,39.4,2024-12-11,39.54,3,0.35532994923859196,0.14532994923859197,-4.060913705583758,3.5279187817258917,hold_expired,,1.4178747464984,1.4178747464984,3.421052631578947,0.25510204081631294,4.271690103475723,1.666722910268957,0.6764705882352952,1.0261780104712026,3.7760760496435175,0.20075105043188346,0.8210580912863055,0.33336145513447846,0.8067226890756295,39.2,37.69,41.6373,0.2544529262086481,False
301526,2024-12-05,2024-12-06,4.21,2024-12-11,4.5,3,6.888361045130642,6.678361045130642,-1.425178147268391,9.976247030878849,hold_expired,,1.0092307692308,1.0092307692308,1.918465227817756,0.2358490566037652,4.679802955665036,2.506515664894898,0.7142857142857134,0.8949771689497702,3.406326034063256,0.4554724139005799,0.7857142857142865,0.753257832447449,0.7142857142857134,4.24,4.06,44.273,-0.9411764705882453,False
301577,2024-12-05,2024-12-06,63.4,2024-12-11,65.88,3,3.9116719242902276,3.7016719242902276,-1.4037854889589751,9.889589905362794,hold_expired,,1.0166251039069,1.0166251039069,-3.499704666272907,1.4909147383133758,8.91666666666664,2.7144834404349973,0.7802607076350071,1.4738286610468543,7.148712903754695,0.27797622331312155,0.5670588235294118,0.8572417202174986,0.7802607076350071,64.01987162291414,59.655106342209166,36.8532,-2.9839326702371882,False
300403,2024-12-09,2024-12-10,12.0,2024-12-13,13.46,3,12.166666666666659,11.956666666666658,-3.1666666666666843,22.999999999999975,hold_expired,,6.0669290814612005,6.066929081461199,22.39915074309977,2.3070097604259043,11.941747572815519,1.5369687108632615,0.8604651162790695,1.9377682403433474,9.600760456273761,0.28108695390657473,0.6780128794848219,0.26848435543163074,0.8837209302325576,11.232829815303441,10.266029023746714,74.7458,4.076322636600183,True
300287,2024-12-10,2024-12-11,6.2,2024-12-12,5.73,1,-7.580645161290334,-7.790645161290334,-7.90322580645163,4.8387096774193505,stop_loss,,12.387421919908702,12.3874219199087,25.106382978723406,5.000000000000004,13.953488372093027,2.7297380308285617,0.547945205479451,2.3990610328638518,11.787072243346008,0.26892410554708057,0.6513761467889903,0.8648690154142809,0.7260273972602739,5.6,5.16,76.9737,5.442176870748328,True
300592,2024-12-10,2024-12-11,15.92,2024-12-16,15.98,3,0.3768844221105683,0.16688442211056828,-4.02010050251257,10.301507537688437,hold_expired,,1.4414045049638,1.4414045049638,10.702113156100879,0.18507094386179812,7.124010554089688,1.8066105854195489,0.4661016949152527,0.9244543928371582,6.074461136512066,0.6355631869454219,0.5034140285536939,0.4033052927097744,0.525423728813558,16.21,15.16,53.0304,-1.9704433497536922,False
300894,2024-12-10,2024-12-11,16.4,2024-12-16,15.59,3,-4.9390243902438735,-5.1490243902438735,-5.609756097560958,5.792682926829307,hold_expired,,1.0923117078464,1.0923117078464,23.1680236861584,1.7737003058103884,8.262849707221864,3.208239834844269,0.16071428571428548,2.1879069767441854,6.87219010918434,0.45747255674188786,0.6588089330024807,1.0,0.43452380952380987,16.35,15.37,75.4347,-1.4423076923077094,True
300973,2024-12-10,2024-12-11,41.5,2024-12-16,43.0,3,3.6144578313253017,3.4044578313253018,-2.602409638554215,16.84337349397591,hold_expired,,1.0384960778178,1.0384960778178,18.81409999639656,0.8009708737863885,10.835334934614348,6.907768666378939,0.027932960893854344,3.161377900608013,9.577836411609496,0.5431656620678571,0.8415995845235016,1.0,0.26443202979515823,40.785453856852584,37.09298436932685,73.6883,-0.07223693715385782,False
301029,2024-12-10,2024-12-11,27.88,2024-12-16,27.2,3,-2.4390243902438824,-2.6490243902438824,-3.3357245337159003,6.169296987087525,hold_expired,,1.477404889039,1.4774048890390001,19.09825606125053,0.07147962830593713,6.951871657754016,2.107649665805315,0.007299270072994025,1.2247765006385685,4.050538833147521,0.1506533898416249,0.8824825560044072,0.5538248329026576,0.33576642335766466,27.598801089918794,25.8233242506817,65.9471,-0.4285714285714337,False
301306,2024-12-10,2024-12-11,46.0,2024-12-16,43.239999999999995,3,-6.000000000000005,-6.210000000000005,-6.0217391304347885,0.934782608695639,stop_loss,,1.0037593984962,1.0037593984962,10.154211150652426,2.043956043956041,9.86748698532891,2.9337153334861332,0.4627906976744194,2.021490933512422,7.926545792654571,0.2192427562793453,0.8851102941176472,0.9668576667430667,0.6348837209302323,45.5,42.26,59.24,-0.9261253499892264,False
301510,2024-12-10,2024-12-11,31.0,2024-12-16,29.42,3,-5.096774193548381,-5.306774193548381,-5.612903225806454,5.161290322580636,hold_expired,,1.0014488554042,1.0014488554042,20.642912470952734,4.2503346720214275,9.954112248499825,2.617644666747997,0.4053333333333332,2.708978328173374,8.009708737864063,0.2721626532557899,0.7432432432432425,0.8088223333739986,0.5466666666666659,29.88,28.33,74.2526,-0.48154093097912964,False
300913,2024-12-11,2024-12-12,37.88,2024-12-17,42.88,3,13.199577613516356,12.989577613516355,-2.9039070749735996,17.370644139387537,hold_expired,,2.132303042515,2.132303042515,16.954377311960545,3.3224400871459725,13.797240551889601,5.150620100478121,0.7008264462809906,4.228657014478286,12.581602373887213,0.5805316742194319,0.8769050410316539,1.0,0.7123966942148753,30.531823245452106,27.721432107935005,80.0182,-0.1581444385872377,True
300582,2024-12-13,2024-12-16,15.2,2024-12-17,14.287999999999997,1,-6.000000000000016,-6.210000000000016,-8.552631578947356,9.736842105263177,stop_loss,,2.3290793451844,2.3290793451844,6.7700987306065,1.0680907877169465,7.072135785007072,2.6234545823626645,0.7863247863247864,1.2707525213343667,6.845448129851794,0.48258547879636904,0.6394557823129257,0.8117272911813324,0.9059829059829066,14.931427738754264,14.09415141695496,56.6077,0.39630118890354726,True
301110,2024-12-13,2024-12-16,50.1,2024-12-17,47.09399999999999,1,-6.000000000000005,-6.210000000000005,-10.219560878243506,7.784431137724557,stop_loss,,1.4692494422207998,1.4692494422208,-3.219512195121954,0.8950366151342593,8.108108108108091,2.5661540569236565,0.667364016736402,1.2768555619156652,5.487026797107597,0.2759860158136492,0.6175086929842502,0.7830770284618283,0.7322175732217567,48.76258690379899,45.50910266774406,35.8775,1.0080645161290036,True
300488,2024-12-16,2024-12-17,27.94,2024-12-18,26.263599999999997,1,-6.000000000000016,-6.210000000000016,-8.017179670722985,0.9305654974946176,stop_loss,,2.78337757087,2.78337757087,15.292712066905612,6.826568265682642,15.799999999999992,7.048645685835655,0.726577437858509,4.8177260604411325,15.246815286624194,0.7670871105891544,0.7251258226867999,1.0,0.7724665391969407,26.933560268750583,24.846457812500535,78.4179,-3.4887737478410896,True
300563,2024-12-16,2024-12-17,56.78,2024-12-18,53.3732,1,-6.000000000000005,-6.210000000000005,-8.101444170482564,4.226840436773505,stop_loss,,1.9961882652365,1.9961882652365,-1.8119068162208873,0.3527336860670083,8.463591307662988,1.8590846465463469,0.30399999999999977,1.709986320109439,8.174904942965778,0.18270500703513637,0.5497458242556288,0.4295423232731734,0.6239999999999998,56.7,52.46,27.7622,-0.2108963093145788,True
301600,2024-12-18,2024-12-19,139.83,2024-12-24,170.03,3,21.597654294500444,21.387654294500443,-1.301580490595744,37.30959021669169,hold_expired,,1.0,1.0,59.4851706771125,7.750472589792046,19.73783715654145,1.6499775177948774,0.876404494382023,2.386820764957537,18.159203980099512,0.5626396686771962,0.4953153295016135,0.3249887588974387,0.955056179775281,87.43513818443265,78.68170733708378,78.2203,-1.8736842105263052,True
301018,2024-12-19,2024-12-20,33.16,2024-12-24,31.170399999999997,2,-5.999999999999995,-6.209999999999995,-7.328106151990332,9.318455971049477,stop_loss,,1.0270608422498,1.0270608422498,19.48464525238265,0.7440476190476053,15.529010238907848,2.1009063938140957,0.7894736842105265,2.540006585446162,13.286479250334683,0.5487006703719156,0.6138996138996136,0.5504531969070479,0.8166969147005447,33.44600401031232,29.16571183042116,78.2468,-2.038404726735621,True
300441,2024-12-20,2024-12-23,9.68,2024-12-26,9.53,3,-1.5495867768595128,-1.7595867768595128,-4.648760330578517,8.4710743801653,hold_expired,,7.16606271252,7.16606271252,8.129175946547896,0.6217616580310947,7.769145394006682,2.2218398825709267,0.8630136986301381,2.2511013215859035,6.820682068206829,0.2945152313804686,0.6292372881355937,0.6109199412854633,0.9726027397260293,9.297381242387367,8.680767356881882,55.6759,-0.308959835221434,True
300570,2024-12-26,2024-12-27,76.2,2025-01-02,71.628,3,-6.000000000000005,-6.210000000000005,-7.099737532808392,11.535433070866151,stop_loss,,2.0315670522345,2.0315670522345,12.565597667638496,0.8884243532793157,17.480602464627992,2.9282211597401004,0.9107485604606514,2.2571561194491734,14.637767220902598,0.73740703368957,0.7326975870538956,0.9641105798700502,0.9923224568138194,75.87065150852473,65.15518583296748,76.6703,-1.3209013209013243,True
300436,2024-12-30,2024-12-31,33.6,2025-01-02,31.584,1,-6.000000000000016,-6.210000000000016,-9.04761904761906,4.999999999999982,stop_loss,,2.0268310079322,2.0268310079322,4.827586206896539,0.26986506746624617,5.157232704402515,1.5760712881666885,0.7335907335907331,1.2110888443553776,5.157232704402515,0.2982432149230334,0.7635861221983422,0.28803564408334426,0.8957528957528945,33.35,31.8,46.378,0.4784688995215447,True
301600,2024-12-30,2024-12-31,201.0,2025-01-02,188.94,1,-6.000000000000005,-6.210000000000005,-11.049751243781103,2.0895522388059584,stop_loss,,1.0,1.0,58.36909871244637,3.7812500000000027,19.317365269461085,1.606370402461176,0.9733288318703579,1.734554732923412,18.381653992395442,0.42937655545920045,0.2483516483516481,0.303185201230588,0.979068197164079,126.9379699917661,110.40958848242155,72.7791,0.8732309545317785,True
301088,2025-01-02,2025-01-03,14.95,2025-01-06,14.052999999999997,1,-6.000000000000005,-6.210000000000005,-11.83946488294313,2.2742474916388034,stop_loss,,1.0773118418388,1.0773118418388,9.076042122779615,2.7454112590825863,13.862120088954777,9.335191667747093,0.616666666666666,2.5891983944064,13.862120088954777,0.7268166999427648,0.4129994546547502,1.0,0.6541666666666667,14.482132402200724,13.06819729344685,58.3327,-2.669270833333337,True
301061,2025-01-07,2025-01-08,65.34,2025-01-13,66.95,3,2.4640342822160877,2.2540342822160877,-3.458830731558016,8.662381389654117,hold_expired,,2.2581938752212,2.2581938752212,4.660538622802779,3.2124681933842325,11.68473584580969,4.033588781999022,0.9703315881326372,2.1420560747663515,9.683961466959602,0.18251283578123356,0.7769332452081958,1.0,0.9703315881326372,48.05567423630423,44.41022948269145,53.1194,0.6779661016949268,True
301203,2025-01-10,2025-01-13,32.5,2025-01-16,32.29,3,-0.6461538461538407,-0.8561538461538407,-3.200000000000003,2.738461538461534,hold_expired,,1.0922012544755,1.0922012544755,11.035422343324264,1.2736874805840293,6.258148631030003,3.670479211888462,0.8264840182648426,1.9067164179104439,6.1889250814332275,0.3682967738414158,0.660163624921334,1.0,0.9086757990867594,31.401029411766423,29.92803921568791,65.6713,-0.30674846625766694,True
300377,2025-01-13,2025-01-14,26.92,2025-01-17,29.1,3,8.09806835066864,7.88806835066864,-2.7117384843982184,12.36998514115899,hold_expired,,10.976483787382898,10.976483787382898,-11.47925033467202,2.7982899339292544,12.314225053078554,2.3035884252100467,0.8321167883211675,1.8687885677167908,12.076271186440678,0.5575543189128527,0.48171956609079936,0.6517942126050233,0.8953771289537713,25.73,23.55,40.0146,1.776937618147434,True
300182,2025-01-14,2025-01-15,5.9,2025-01-20,5.84,3,-1.0169491525423902,-1.2269491525423901,-4.23728813559322,2.8813559322033777,hold_expired,,30.8619690208474,30.861969020847397,-3.889789303079416,3.3101045296167086,15.594541910331383,2.3063924369815165,0.9122807017543861,1.6285714285714261,11.466165413533824,0.5285642863378717,0.55116696588869,0.6531962184907583,1.0,5.74,5.13,42.7279,-0.5059021922428131,False
300384,2025-01-14,2025-01-15,16.4,2025-01-20,16.36,3,-0.24390243902439046,-0.4539024390243904,-4.268292682926833,0.4268292682926944,hold_expired,,6.0682405293361,6.0682405293361,-17.52887995981918,0.3667481662591898,9.466666666666669,1.722109377404364,0.9818181818181838,0.9852847088931538,7.672131147540995,0.5099553810519,0.5074812967581057,0.36105468870218205,0.9909090909090927,16.36,15.0,38.6903,-0.12180267965896663,False
300426,2025-01-14,2025-01-15,10.7,2025-01-16,10.057999999999998,1,-6.000000000000005,-6.210000000000005,-7.00934579439253,0.9345794392523477,stop_loss,,5.0377386181114,5.0377386181114,5.490196078431375,4.162633107454017,16.956521739130448,2.3611003680369285,0.9280000000000002,2.1393643031784837,12.552301255230125,0.431122704104997,0.5695695695695704,0.6805501840184642,0.9679999999999993,10.33,9.2,52.1563,-0.5576208178438735,True
300596,2025-01-14,2025-01-15,29.87,2025-01-20,29.82,3,-0.16739203213926857,-0.37739203213926853,-3.6491463006360747,1.0378305992634784,hold_expired,,1.5783006742198,1.5783006742198,-7.788161993769471,0.27100271002709064,14.153490165831073,3.30974365025517,0.8686567164179106,2.161290322580644,10.944527736131949,0.6674235159758255,0.5627240143369174,1.0,0.9164179104477611,29.137964323189873,25.594424623994357,46.7806,0.9121621621621667,False
300657,2025-01-14,2025-01-15,21.48,2025-01-20,20.88,3,-2.7932960893854775,-3.0032960893854774,-5.16759776536313,0.5586592178770999,hold_expired,,3.4562389327318,3.4562389327318,-12.412081092263138,0.7615421227986641,13.633923778851331,1.9228167984280036,0.9203980099502503,1.4671532846715307,10.088403536141444,0.42572040773068043,0.496296296296296,0.4614083992140018,0.9850746268656728,21.01,18.63,38.1458,1.4643363249881691,False
300789,2025-01-14,2025-01-15,15.85,2025-01-20,15.68,3,-1.072555205047332,-1.282555205047332,-3.7223974763406997,0.6309148264984188,hold_expired,,3.2108059304424,3.2108059304424,3.3920417482061316,5.1061007957559745,15.693430656934314,2.2077995396708214,0.9356725146198827,2.3797216699801194,11.3061797752809,0.13202854004854414,0.7267759562841538,0.6038997698354107,0.9356725146198827,14.984929075072872,13.613629199502542,44.4186,0.0,False
301210,2025-01-14,2025-01-15,33.5,2025-01-20,37.53,3,12.029850746268655,11.819850746268655,-0.8955223880597107,15.462686567164162,hold_expired,,1.0137482658437,1.0137482658437,4.026423403586055,2.162496138399761,10.41736227045076,2.7422282293879126,0.7405857740585778,1.4904231625835178,6.988029763830483,0.5982805539814525,0.79404309252218,0.8711141146939563,0.8912133891213404,23.233359107105223,21.49641968667907,55.4731,1.3002721499848713,True
301273,2025-01-14,2025-01-15,19.5,2025-01-16,18.330000000000002,1,-5.999999999999995,-6.209999999999995,-6.4615384615384635,0.41025641025638215,stop_loss,,1.017728957927,1.017728957927,3.8461538461538325,0.8537886872998834,11.111111111111093,1.8196971347641355,0.961538461538461,1.3121845710165843,9.374999999999979,0.07309583652403129,0.4633077765607887,0.40984856738206776,0.961538461538461,18.74,17.01,39.0676,3.1746031746031855,False
301396,2025-01-14,2025-01-15,30.3,2025-01-20,28.482,3,-6.000000000000005,-6.210000000000005,-7.590759075907583,0.16501650165017256,stop_loss,,1.2183616845889,1.2183616845889,5.266805266805252,1.030927835051565,7.998578030572356,1.8320287842444136,0.6801470588235297,1.929078014184396,6.5591020694493185,0.4315908753696979,0.6252532072923713,0.4160143921222068,0.8750000000000009,21.466545352744745,20.081606942890247,48.0464,-0.26333113890718574,False
300233,2025-01-17,2025-01-20,12.35,2025-01-23,13.32,3,7.854251012145763,7.644251012145763,-0.4048582995951233,12.469635627530362,hold_expired,,2.2751428784568,2.2751428784568,8.628127696289912,5.7094878253568515,9.956331877729262,5.693301972292953,0.626582278481013,3.511111111111109,9.288194444444443,0.47049720118360727,0.829351535836176,1.0,0.677215189873418,11.674302564895674,11.223405908317,60.2983,-1.9062748212867464,False
300783,2025-01-17,2025-01-20,35.87,2025-01-22,33.71779999999999,2,-6.000000000000016,-6.210000000000016,-8.307778087538331,0.7527181488709234,stop_loss,,1.0364541152054,1.0364541152054,-2.4250681198910162,0.5898876404494491,7.634505560565064,1.7480326114328884,0.7403846153846165,1.4618473895582305,5.946745562130196,0.07297863062939891,0.7070649052268798,0.3740163057164442,0.7403846153846165,35.29934063616972,32.98901862262266,30.2485,0.16755096341802833,False
300852,2025-01-17,2025-01-20,29.18,2025-01-23,28.66,3,-1.7820424948594926,-1.9920424948594926,-2.2618231665524458,2.7758738862234233,hold_expired,,2.6007887523875,2.6007887523875,18.097165991902852,1.6730568142209856,7.440147329650104,2.715127300300388,0.6485507246376817,1.8295454545454564,6.03416939294803,0.5669158575723023,0.6798029556650245,0.857563650150194,0.7065217391304361,28.54727984235015,27.014940666427552,77.6012,0.03428179636613127,True
301282,2025-01-17,2025-01-20,21.52,2025-01-23,22.18,3,3.066914498141271,2.856914498141271,0.0,7.481412639405205,hold_expired,,1.0270935054206,1.0270935054206,9.555785123966952,0.8079847908745386,4.07262021589796,2.0532930252645216,0.7181818181818198,1.1159420289855058,3.161478599221823,0.41550819835347674,0.8467432950191558,0.5266465126322608,0.7181818181818198,20.944058958043836,20.2870685154436,57.6754,1.4615747289014491,False
301323,2025-01-17,2025-01-20,40.36,2025-01-23,42.06,3,4.212091179385524,4.002091179385524,-2.87413280475719,6.491575817641215,hold_expired,,1.0124801500602,1.0124801500602,10.093509350935093,1.393110435663636,5.731642894875866,3.085934016941596,0.6150943396226425,1.4214559386973193,4.900419287211744,0.2893832724957006,0.7670847197338116,1.0,0.7660377358490562,39.0295646086937,37.428047519887116,61.3548,0.824381713714728,True
301503,2025-01-17,2025-01-20,36.1,2025-01-23,37.65,3,4.293628808864258,4.083628808864258,-0.27700831024931594,26.204986149584506,hold_expired,,1.0176489127009,1.0176489127009,4.871875988611207,1.345154387037617,4.640151515151514,1.8799613816777516,0.5108225108225116,1.4600451467268623,3.5613870665417213,0.24589384014118856,0.8857319332921545,0.4399806908388758,0.6666666666666677,32.13567531064319,31.123760129659928,44.4513,8.898944193061853,False
300414,2025-01-20,2025-01-21,7.8,2025-01-24,7.86,3,0.7692307692307665,0.5592307692307665,-2.4358974358974272,2.3076923076923217,hold_expired,,3.8988949168328,3.8988949168328,8.228730822873075,0.3880983182406039,4.86486486486486,1.7816174441070936,0.7187499999999979,0.8280961182994465,3.4666666666666623,0.2835574799716016,0.8944591029023743,0.3908087220535468,0.9374999999999986,7.73,7.4,56.7858,0.5154639175257714,False
300450,2025-01-20,2025-01-21,19.9,2025-01-24,19.88,3,-0.10050251256281673,-0.3105025125628167,-4.422110552763825,1.2562814070351758,hold_expired,,20.6183489546582,20.6183489546582,7.433532284319044,0.25316455696202667,4.485488126649084,2.27031837035108,0.5147058823529435,0.8686131386861307,3.394255874673635,0.3907285350135592,0.9222797927461126,0.63515918517554,0.5882352941176504,19.75,18.95,52.6785,0.5050505050504972,False
300484,2025-01-20,2025-01-21,20.46,2025-01-24,20.25,3,-1.026392961876832,-1.236392961876832,-3.128054740957953,1.6617790811339406,hold_expired,,4.3421980639938,4.3421980639938,8.342133051742318,0.2932551319648091,5.609881626350988,2.4716904552526553,0.5663716814159299,1.094809688581315,4.2153377348908005,0.24549014796757618,0.8845381526104403,0.7358452276263276,0.6814159292035392,20.309142857143236,19.2867373271893,54.6215,-0.29239766081872176,False
300517,2025-01-20,2025-01-21,8.85,2025-01-24,8.92,3,0.7909604519773961,0.5809604519773961,-5.084745762711851,1.6949152542372836,hold_expired,,1.8365686375387,1.8365686375387,8.23827629911278,1.1848341232227444,4.019488428745399,1.7840254622612912,0.8214285714285668,0.8615384615384616,3.1400966183574797,0.5773596273121862,0.9759036144578285,0.3920127311306456,0.821428571428567,8.354265403292006,8.126601772633576,60.1242,3.629976580796268,False
300827,2025-01-20,2025-01-21,47.56,2025-01-22,44.7064,1,-6.000000000000005,-6.210000000000005,-14.213624894869648,1.8713204373423054,stop_loss,,4.6769082973332,4.6769082973332,8.899565316861135,4.661389621811796,12.609415661225443,3.7762285714285713,0.7575757575757575,2.104783599088839,10.287303058387408,0.3982855616028425,0.8922759569103813,1.0,0.7575757575757575,45.48,42.27,62.3091,-0.08403361344537785,False
300941,2025-01-20,2025-01-21,25.04,2025-01-24,25.0,3,-0.15974440894568342,-0.3697444089456834,-4.752396166134187,4.313099041533541,hold_expired,,1.5456624548584,1.5456624548584,1.3877551020408108,0.6075334143377908,9.234828496042224,2.412924204178937,0.40449438202247134,0.8843151171043299,8.000000000000007,0.4490899799812786,0.7210481825866446,0.7064621020894686,0.47940074906367103,24.568641508263934,22.62822632231356,36.9802,0.8051529790660261,False
300960,2025-01-20,2025-01-21,22.52,2025-01-24,22.82,3,1.3321492007104752,1.1221492007104752,-2.3090586145648406,1.5097690941385356,hold_expired,,1.0997255087313,1.0997255087313,0.8508732646663741,0.0888888888888939,6.679298910468967,1.9854358055119874,0.34020618556700644,0.5473599355098768,5.678085405912725,0.3648468716863574,0.815753109166282,0.4927179027559937,0.8453608247422657,15.794864791040458,14.819093143949514,41.2451,0.0,False
301071,2025-01-20,2025-01-21,34.64,2025-01-24,34.8,3,0.46189376443419583,0.25189376443419587,-3.5796766743648845,5.02309468822173,hold_expired,,3.7421056719136994,3.7421056719137,5.344670513209837,2.059429243895261,8.372383630115587,2.6148366114294563,0.5709459459459455,1.2081632653061218,6.83708038189097,0.5577244419998535,0.8843226788432248,0.8074183057147282,0.7060810810810811,33.82217294444405,31.851949277777404,54.5159,-0.14413375612570833,False
301121,2025-01-20,2025-01-21,50.83,2025-01-24,49.99,3,-1.6525673814676178,-1.8625673814676178,-2.813299232736566,2.6165650206571023,hold_expired,,1.0101880532988,1.0101880532988,4.2675420599097125,1.0337972166998055,5.874999999999986,1.888662435218075,0.6706349206349183,0.6796378347139288,5.260977630488828,0.5472955535020048,0.8510508059579682,0.4443312176090375,0.9007936507936505,35.89962381486393,34.25809032034729,51.9695,0.01967729240455185,False
301328,2025-01-20,2025-01-21,42.41,2025-01-24,44.49,3,4.904503654798398,4.694503654798398,-0.188634755953776,5.871256779061551,hold_expired,,1.5296022785851,1.5296022785850998,15.382550335570478,1.9207967749584887,6.59722222222221,2.4477047568630415,0.8625000000000015,1.0209662716499532,6.438831104507181,0.2490053561420795,0.8152649489547894,0.7238523784315207,0.991666666666665,41.851013615734566,40.01500756429731,73.801,-1.3261982317356868,True
301591,2025-01-20,2025-01-21,36.61,2025-01-24,40.43,3,10.434307566238733,10.224307566238732,-1.1745424747336752,17.39961759082216,hold_expired,,1.0063647640157,1.0063647640157,10.997288339861422,2.2765130483064944,7.405247813411098,2.644394714407502,0.6560000000000009,1.3949780789159003,6.167146974063398,0.5449278986118422,0.8439716312056758,0.8221973572037511,0.8360000000000005,35.729076224128754,34.0229681978794,67.77,-0.6243213897937139,True
300248,2025-01-23,2025-01-24,10.43,2025-02-06,11.56,3,10.834132310642385,10.624132310642384,-0.09587727708533222,12.655800575263676,hold_expired,,10.3802992976284,10.3802992976284,15.164835164835178,7.818930041152261,11.727078891257992,6.446582943925233,0.6258992805755407,3.5189873417721533,10.54852320675106,0.19680450089512513,0.8852971845672566,1.0,0.6258992805755407,9.663936553713077,9.325897620764266,69.0792,-0.4770992366412319,True
300708,2025-01-23,2025-01-24,14.2,2025-01-27,13.347999999999999,1,-6.000000000000016,-6.210000000000016,-6.690140845070413,1.4084507042253502,stop_loss,,1.8508913637638,1.8508913637638,3.340595497458243,0.6364922206506307,6.751687921980487,2.320164632097659,0.7702702702702692,0.6860927152317882,5.56379821958457,0.5280481455471806,0.8250728862973757,0.6600823160488296,0.9729729729729737,13.971436140954888,13.171092203601743,53.0383,-0.21082220660576523,False
300837,2025-01-23,2025-01-24,20.35,2025-02-06,20.5,3,0.7371007371007154,0.5271007371007155,-1.670761670761689,4.029484029484021,hold_expired,,1.0363663502504,1.0363663502504,6.1791967044284135,2.689243027888444,8.014667365112626,2.8696525406708173,0.6369863013698603,1.4662840746054544,6.618407445708363,0.3509298427051688,0.7973657548125637,0.9348262703354087,0.8493150684931496,19.803542909591343,18.82717301514436,55.9174,-1.3094083414160962,False
300940,2025-01-23,2025-01-24,14.21,2025-02-06,15.05,3,5.9113300492610765,5.701330049261077,-0.9148486980999349,8.30401125967628,hold_expired,,1.6095608976819,1.6095608976819,10.177332305319965,2.437275985663079,5.461254612546118,3.560566871430111,0.5051546391752567,1.6724137931034457,4.306569343065703,0.57601223221901,0.9131693198263382,1.0,0.5051546391752567,13.95,13.55,62.7955,-0.5598320503848786,False
300987,2025-01-23,2025-01-24,15.27,2025-02-06,15.71,3,2.881466928618215,2.671466928618215,-2.423051735428927,8.709888670595966,hold_expired,,1.3406068063611,1.3406068063611,13.097866077998521,6.514206514206511,12.189781021897804,8.298119519030829,0.5513307984790871,4.512254901960786,10.974729241877256,0.5949910071590971,0.726123595505618,1.0,0.5703422053231938,14.43,13.7,67.4193,-0.6506180871828304,False
301130,2025-01-23,2025-01-24,27.65,2025-02-06,27.03,3,-2.24231464737793,-2.45231464737793,-3.9421338155515295,1.2658227848101333,hold_expired,,1.0197518231915,1.0197518231915,-0.10748835542817581,0.5772005772005651,6.169078446306142,2.9163636363636365,0.9916666666666648,0.955631399317407,5.167861184458689,0.28679207996410394,0.7606774668630347,0.9581818181818182,0.9916666666666648,27.467115789471904,26.020435087717615,45.1272,-0.8249641319942658,False
301273,2025-01-23,2025-01-24,19.09,2025-02-06,19.96,3,4.557359874279743,4.347359874279743,-1.7810371922472479,5.657412257726557,hold_expired,,1.017728957927,1.017728957927,4.545454545454541,0.6856540084388074,5.469613259668504,1.9967213114754099,0.6741573033707877,0.9599383667180288,3.412784398699875,0.39312293991759745,0.8139287612971837,0.49836065573770494,0.6741573033707877,18.96,18.1,45.6634,0.0,False
301323,2025-01-23,2025-01-24,41.75,2025-02-06,41.59,3,-0.3832335329341241,-0.5932335329341241,-2.6107784431137704,2.4431137724550966,hold_expired,,1.0124801500602,1.0124801500602,13.983739837398378,2.460414129110844,7.295918367346932,4.7575121375147615,0.6690647482014396,1.5776246453181972,5.360721442885774,0.6892805534970285,0.808353808353808,1.0,0.6690647482014396,40.581652157722296,38.75275918593701,73.8133,-0.7370423204945409,True
300556,2025-01-24,2025-01-27,19.64,2025-02-07,22.25,3,13.289205702647667,13.079205702647666,-4.6843177189409335,17.10794297352343,hold_expired,,1.0303515569329,1.0303515569329,12.58782201405153,1.370585134422786,9.32347924957362,2.5982913421232032,0.8194444444444442,2.6572934973637974,9.32347924957362,0.09329645286771804,0.5597826086956528,0.7991456710616016,0.9398148148148152,18.97,17.59,61.7596,2.1320852834113335,True
300969,2025-01-24,2025-01-27,98.36,2025-02-07,103.38,3,5.103700691337942,4.893700691337942,-5.14436762911753,9.80073200488003,hold_expired,,1.0165204813675,1.0165204813675,10.597795836580204,2.4226804123711254,7.266249190239682,1.571367460430629,0.8908794788273603,1.071019187640171,5.804046858359935,0.5695362544308367,0.7356143079315726,0.28568373021531446,0.8957654723127042,68.93876529079456,65.82586021890096,61.545,-0.9964771011575224,False
301525,2025-01-24,2025-01-27,63.46,2025-02-07,65.5,3,3.214623384809334,3.004623384809334,-3.088559722659945,5.042546485975397,hold_expired,,1.010570064576,1.010570064576,14.824846514987367,0.9365079365079465,4.933993399339931,1.512849893599607,0.649681528662424,1.2310277233267988,4.075286415711954,0.1874784890046073,0.8643848886018737,0.25642494679980354,0.9267515923566908,62.70190617817824,60.31326213329527,66.5269,-0.2044346595376667,True
300102,2025-02-06,2025-02-07,11.44,2025-02-12,10.753599999999999,3,-6.000000000000005,-6.210000000000005,-6.2937062937062915,3.9335664335664378,stop_loss,,5.4343765279371,5.4343765279371,8.633776091081602,1.507092198581561,7.109448082319925,2.452197477864234,0.8181818181818169,1.7528455284552844,5.1423324150596805,0.7004565957909592,0.8820326678765902,0.726098738932117,0.9610389610389591,11.231350940499212,10.643895527831257,67.4867,-0.08733624454148048,True
300585,2025-02-06,2025-02-07,15.79,2025-02-12,16.29,3,3.166561114629496,2.956561114629496,-2.4699176694110148,6.713109563014563,hold_expired,,2.0498937852819,2.0498937852819,4.150197628458496,2.662337662337655,7.041299932295209,1.8139246038135106,0.8691588785046724,1.6570796460176984,6.25,0.19812863525221047,0.7894736842105268,0.4069623019067553,0.9906542056074767,15.4,14.77,46.9971,-0.12650221378875948,False
300720,2025-02-06,2025-02-07,19.11,2025-02-12,19.02,3,-0.47095761381474865,-0.6809576138147486,-2.0408163265306145,0.9942438513867113,hold_expired,,2.9493314273834,2.9493314273834,4.309874522640489,2.35546038543899,8.02259887005652,2.008297844316635,0.922535211267609,1.786163522012577,7.476110174255224,0.22224538318791634,0.7160021845985789,0.5041489221583175,0.9929577464788734,18.553155273879803,17.579809868719085,47.5941,-0.05230125523013607,False
300916,2025-02-06,2025-02-07,31.34,2025-02-12,32.07,3,2.3292916400765806,2.1192916400765807,-1.340140395660483,5.934907466496497,hold_expired,,3.4726383696349,3.4726383696349,8.565385971096218,1.0167267956707082,4.548540393754252,2.3435885528530793,0.9931972789115628,1.5301115241635719,4.477611940298498,0.5859365796712552,0.7551290536068836,0.6717942764265397,1.0,30.04650909090875,29.03149090909058,63.9647,1.753246753246751,True
300938,2025-02-06,2025-02-07,31.88,2025-02-12,31.53,3,-1.0978670012546932,-1.3078670012546931,-3.481806775407781,7.245922208281064,hold_expired,,2.4855494050137,2.4855494050137,5.008291873963522,0.6037496027963218,10.313588850174238,1.7813463788152717,0.746527777777778,1.7637795275590549,7.2856658759742565,0.41474628526475477,0.540898803750405,0.39067318940763585,0.8541666666666672,22.287728959906314,20.325955549708013,45.3413,0.694883133291202,False
301023,2025-02-06,2025-02-07,54.99,2025-02-12,54.15,3,-1.5275504637206838,-1.7375504637206838,-4.855428259683592,0.8547008547008517,hold_expired,,1.6330913238576,1.6330913238576,9.151741783113575,1.2968036529680482,7.376573088092941,1.6680385095906518,0.8009828009828007,1.9191647019198357,5.738798856053373,0.2289110373571699,0.7291782600630694,0.3340192547953259,0.8476658476658493,38.8349595212989,36.63608510091485,52.9683,-0.8474576271186418,False
301525,2025-02-06,2025-02-07,63.9,2025-02-12,64.82,3,1.439749608763674,1.2297496087636741,-1.5962441314553932,4.319248826291067,hold_expired,,1.010570064576,1.010570064576,8.654990647849004,0.12535255405830004,3.565640194489461,1.7268089930096353,0.81294964028777,1.1610978520286401,3.197674418604657,0.3857763563185648,0.7373800912093089,0.36340449650481765,0.8633093525179859,63.518026226846594,61.4080573205333,55.0576,0.0,False
300154,2025-02-12,2025-02-13,10.68,2025-02-17,10.0392,2,-6.000000000000005,-6.210000000000005,-7.677902621722854,1.1235955056179803,stop_loss,,5.5815322354262,5.5815322354262,0.3724394785847185,2.8625954198473247,8.888888888888879,2.9704889054286645,0.6324786324786321,1.9640287769784186,7.2636815920397835,0.4113711878686081,0.8432908912830563,0.9852444527143323,0.7350427350427342,10.248908489525961,9.681697905181966,44.1181,-0.9276437847866359,True
300661,2025-02-12,2025-02-13,98.34,2025-02-18,93.85,3,-4.5657921496847775,-4.7757921496847775,-5.938580435224738,1.0880618263168662,hold_expired,,7.533417824954001,7.533417824954,14.19043238270472,4.317680428616466,11.573033707865177,2.8584669640704123,0.6210303458009881,2.8552101324122092,9.626849194082588,0.6321762817361092,0.7597241676543466,0.9292334820352062,0.6647847565278758,73.06037705212188,68.30941861160676,71.8474,-0.966767371601196,True
300049,2025-02-14,2025-02-17,38.04,2025-02-18,35.75759999999999,1,-6.000000000000005,-6.210000000000005,-6.230283911671897,0.8937960042060933,stop_loss,,3.6363880840049996,3.6363880840050005,18.731988472622476,3.0000000000000027,9.834123222748815,3.559914763451393,0.8106060606060607,3.4542056074766383,9.47741364038972,0.6085327068525412,0.6085106382978712,1.0,0.8106060606060608,36.0,33.76,81.9317,2.588996763754059,False
300199,2025-02-14,2025-02-17,14.0,2025-02-18,13.159999999999998,1,-6.000000000000005,-6.210000000000005,-8.785714285714297,3.142857142857136,stop_loss,,8.3395496613806,8.3395496613806,13.36244541484717,1.5649452269170583,7.095709570957109,3.2929863323399444,0.8666666666666676,2.08609271523179,6.743421052631571,0.5684511856726462,0.9022801302931607,1.0,0.9000000000000001,12.78,12.12,76.7859,7.858243451463798,False
300206,2025-02-14,2025-02-17,14.2,2025-02-18,13.347999999999999,1,-6.000000000000005,-6.210000000000005,-7.535211267605623,5.1408450704225395,stop_loss,,6.9656809300593,6.9656809300593,25.69316081330868,2.4868123587038493,10.839445802770985,2.853331247066187,0.8425196850393696,3.130281690140848,9.41271118262268,0.49124886896342357,0.7261345852895142,0.9266656235330935,0.8425196850393697,13.032994823123417,12.050855047454736,84.3778,4.411764705882337,True
300406,2025-02-14,2025-02-17,15.64,2025-02-20,16.98,3,8.5677749360614,8.3577749360614,-1.5984654731457715,13.810741687979533,hold_expired,,4.3359176751687,4.3359176751687,17.58409785932722,3.7786774628880027,8.462623413258118,4.706918354256391,0.7837837837837841,3.865671641791047,8.157524613220811,0.46439911968178893,0.7464016449623035,1.0,0.8175675675675684,14.399122585714139,13.777298128571287,79.6816,1.6905071521456483,False
300550,2025-02-14,2025-02-17,15.56,2025-02-18,14.6264,1,-6.000000000000005,-6.210000000000005,-10.989717223650397,1.5424164524421524,stop_loss,,2.7844349123525,2.7844349123525,13.44410876132931,0.8053691275167862,6.223479490806216,3.771815909451013,0.7338709677419365,2.020954598370197,6.223479490806216,0.7860753826703153,0.6849315068493169,1.0,0.7338709677419365,14.872180731889625,14.113599701269752,73.6307,3.595206391478034,False
301060,2025-02-14,2025-02-17,11.75,2025-02-19,11.045,2,-6.000000000000005,-6.210000000000005,-8.000000000000007,7.744680851063834,stop_loss,,1.026368441084,1.026368441084,27.417519908987508,4.8689138576779145,11.111111111111116,4.6454254437362446,0.6730769230769238,4.240776699029122,11.000991080277501,0.7878286291332217,0.7582205029013547,1.0,0.698717948717949,10.45883953798123,9.871264283038466,87.1651,4.910714285714302,True
301302,2025-02-14,2025-02-17,25.8,2025-02-20,25.32,3,-1.8604651162790642,-2.070465116279064,-3.1782945736434254,10.7751937984496,hold_expired,,1.5,1.5000000000000002,25.816172777498746,2.748154224774413,8.441558441558428,2.476430667644901,0.6981132075471698,2.594405594405596,7.741935483870965,0.5390661847639884,0.8018549747048911,0.7382153338224504,0.837735849056604,24.38,23.1,84.2507,2.9940119760478945,False
300115,2025-02-17,2025-02-18,23.75,2025-02-21,27.81,3,17.094736842105252,16.88473684210525,-3.2421052631578906,30.526315789473692,hold_expired,,12.2653746801733,12.265374680173302,24.16623909697282,4.490500863557845,13.508442776735464,2.2259689286271014,0.8762214983713349,2.4517969195664575,12.244897959183664,0.5653192792269301,0.5525033229951262,0.6129844643135507,0.9511400651465796,23.014550724637562,21.186106280193126,81.92,-1.8595041322314043,True
300308,2025-02-17,2025-02-18,114.41,2025-02-21,118.73,3,3.775893715584333,3.565893715584333,-2.578445940040186,5.497771173848465,hold_expired,,6.561165980995099,6.5611659809951,-9.894736842105257,1.475237091675452,8.967468175388982,1.9736360651123517,0.7505399568034568,1.3267833384505179,7.56771851438145,0.3151667865967551,0.6005361930294908,0.48681803255617584,0.7516198704103678,113.42469854469786,105.62600351831057,33.6361,-0.9951540325372377,False
300394,2025-02-17,2025-02-18,97.0,2025-02-21,104.08,3,7.29896907216494,7.08896907216494,-2.907216494845366,13.4020618556701,hold_expired,,7.0276681018885,7.0276681018885,-13.82213646728644,2.8900523560209557,10.392090776317264,1.6172191938450684,0.7949951876804634,1.5155240675140638,9.299221357063402,0.179211673163985,0.5760545377077122,0.3086095969225342,0.7949951876804634,67.83749447635857,63.227386212991384,30.315,-1.2823122328516123,False
300441,2025-02-17,2025-02-18,9.5,2025-02-21,9.61,3,1.157894736842091,0.9478947368420911,-1.3684210526315965,5.684210526315758,hold_expired,,7.16606271252,7.16606271252,7.502799552071671,1.2658227848101111,5.843439911797099,2.846112572948976,0.6896551724137938,2.0453400503778356,5.032822757111588,0.6574097076555234,0.7963558413719198,0.9230562864744879,0.9137931034482719,9.133593179049972,8.738574908648022,64.3185,-1.0416666666666519,False
300499,2025-02-17,2025-02-18,19.38,2025-02-21,20.76,3,7.120743034055743,6.910743034055743,-6.295149638802878,8.049535603715196,hold_expired,,4.1508432483374,4.1508432483374,-0.9104704097116834,3.268318397469705,13.368055555555557,2.788354141328899,0.6872852233676976,2.369982547993021,12.327981651376142,0.35610416734902817,0.3813878429263054,0.8941770706644494,0.6872852233676976,18.97,17.28,33.7499,-1.071975497702926,False
300502,2025-02-17,2025-02-18,120.84,2025-02-21,121.04,3,0.16550810989739428,-0.04449189010260571,-3.177755710029806,7.075471698113178,hold_expired,,8.498440268563101,8.498440268563101,-8.320321213473136,4.891535516801349,14.156096657716866,2.170305272895467,0.9241741741741749,1.7047262089770518,13.10888909274379,0.20588068080390398,0.520524017467249,0.5851526364477335,0.9309309309309309,83.62732032971938,76.84038169981277,35.3662,-1.9951338199513113,False
300543,2025-02-17,2025-02-18,11.46,2025-02-21,13.58,3,18.499127399650938,18.289127399650937,-3.839441535776622,25.130890052356,hold_expired,,4.7020323620228,4.7020323620228,7.317073170731692,0.7929515418502175,5.827937095282132,1.7415899722740547,0.9824561403508787,1.3951048951048877,5.1470588235293935,0.5349738149443428,0.6625222024866797,0.3707949861370273,0.9824561403508787,11.239805825242765,10.705048543689367,55.9537,0.17482517482518833,False
300853,2025-02-17,2025-02-18,24.15,2025-02-21,33.7,3,39.54451345755696,39.33451345755696,-3.5196687370600332,47.0393374741201,hold_expired,,1.8720632799969998,1.872063279997,24.383983572895286,2.2794428028704017,12.436194895591646,2.10271447553775,0.8549618320610691,1.6833409821018823,11.299954065227391,0.3486191026156884,0.5440596229723806,0.5513572377688749,0.854961832061069,23.69,21.55,76.003,-0.33016921172102087,False
300918,2025-02-17,2025-02-18,13.9,2025-02-21,16.0,3,15.107913669064743,14.897913669064742,-1.7985611510791477,21.438848920863297,hold_expired,,1.0486754832576,1.0486754832576,34.26103646833014,1.9679300291545188,18.559322033898297,2.165146542822078,0.8750000000000001,2.494623655913978,15.907207953603987,0.6177243364772347,0.46666666666666656,0.582573271411039,0.9612068965517248,13.59453229382761,11.692090456790512,81.3157,-0.6433166547533897,True
301018,2025-02-17,2025-02-18,44.2,2025-02-19,40.82,1,-7.647058823529418,-7.857058823529418,-8.14479638009049,0.6787330316742057,stop_loss,,1.0270608422498,1.0270608422498,4.509713228492118,6.354436337961866,19.14052201423675,2.8701492836791203,0.6549586776859487,1.5502173415694367,18.298429319371714,0.25153685745755117,0.20925747348119714,0.9350746418395601,0.8657024793388415,42.29525923804079,37.756158693784116,42.5961,-2.1907501659659157,False
301366,2025-02-17,2025-02-18,50.08,2025-02-21,54.99,3,9.80431309904155,9.59431309904155,-0.5391373801916788,10.66293929712463,hold_expired,,1.8437427689001,1.8437427689001,8.379413015737969,3.535148313693637,7.60135135135136,2.0766107838695063,0.9579288025889989,1.6715610510046348,6.255212677231037,0.12325265570597788,0.7440065014221866,0.5383053919347531,0.9967637540453096,34.96101392781694,33.63985411664792,55.086,-1.7268445839874524,False
300583,2025-02-19,2025-02-20,24.12,2025-02-25,25.5,3,5.721393034825861,5.511393034825861,-4.187396351575467,12.562189054726346,hold_expired,,1.6761203554779,1.6761203554779,22.26166328600405,1.3025210084033567,9.095022624434378,2.6311276146715463,0.8370044052863432,1.7366120218579228,8.554705087798276,0.5370584690669191,0.5732758620689662,0.8155638073357732,0.9162995594713641,23.785628019323607,22.08665458937192,83.1366,0.04147656574038372,True
300986,2025-02-19,2025-02-20,15.9,2025-02-25,16.8,3,5.660377358490565,5.450377358490565,-4.213836477987409,9.308176100628929,hold_expired,,2.1531227794042,2.1531227794042,21.59548751007252,4.356846473029052,14.491654021244326,3.179087485769332,0.8699999999999999,2.883625128733268,13.458646616541369,0.1656662244248479,0.6446700507614225,1.0,1.0,10.333707946893043,9.418967547721321,82.155,5.367793240556651,True
300823,2025-02-24,2025-02-25,15.88,2025-02-28,14.9272,3,-6.000000000000005,-6.210000000000005,-6.486146095717893,4.47103274559193,stop_loss,,1.5622679004632,1.5622679004632,18.526466380543628,3.8871473354232133,11.582491582491583,2.077073948948949,0.4604810996563571,3.78272980501393,8.159268929503916,0.5390227887387287,0.617074701820465,0.5385369744744746,0.5085910652920964,15.577795275590857,14.50346456692942,69.9516,-4.164152082076034,True
300402,2025-02-25,2025-02-26,15.81,2025-02-28,14.8614,2,-6.000000000000005,-6.210000000000005,-6.388361796331443,0.0,stop_loss,,1.0602202756279,1.0602202756279,6.398910823689596,2.2236756049705875,5.252525252525264,3.27509212501706,0.6315789473684214,3.5670498084291236,4.269513008672443,0.38245065903954206,0.9140211640211651,1.0,0.6466165413533834,15.29,14.85,55.1772,1.151631477927051,True
300258,2025-02-26,2025-02-27,14.25,2025-02-28,13.394999999999998,1,-6.000000000000005,-6.210000000000005,-13.122807017543858,1.263157894736855,stop_loss,,4.6299511574318,4.6299511574318,22.9706390328152,2.5936599423631135,14.011208967173738,1.587030238186658,0.5476190476190481,2.3149606299212593,9.286262471220263,0.5499611950364776,0.7822822822822819,0.29351511909332895,0.6380952380952382,13.839400742390298,12.453466518188387,75.6807,0.0702247191011196,True
300286,2025-02-26,2025-02-27,22.66,2025-02-28,21.300399999999996,1,-6.000000000000005,-6.210000000000005,-6.3989408649602675,0.13239187996469948,stop_loss,,7.061956881462299,7.0619568814623,6.682352941176495,0.08830022075057009,4.325816843074093,1.7675432651032488,0.7578947368421104,1.1605584642233873,3.2801822323462737,0.711260103299479,0.7642348754448395,0.3837716325516244,0.9157894736842117,22.337729779411852,21.43041360294126,57.6506,-0.044111160123538884,False
300446,2025-02-26,2025-02-27,18.81,2025-02-28,17.6814,1,-6.000000000000005,-6.210000000000005,-7.868155236576291,0.4253056884635953,stop_loss,,3.4924518194251006,3.4924518194251,6.041784302653874,1.0220548682087438,4.275402554136587,1.934971611666365,0.729166666666673,1.6863237139272205,3.528114663726578,0.6209263177600983,0.8107084910762588,0.4674858058331825,0.8020833333333364,18.27998213222122,17.709654556283176,54.2746,0.15974440894568342,False
300523,2025-02-26,2025-02-27,22.9,2025-02-28,21.525999999999996,1,-6.000000000000005,-6.210000000000005,-7.729257641921395,0.6986899563318882,stop_loss,,2.7374650409957,2.7374650409957,8.781869688385257,2.628062360801775,8.628005657708627,2.409888428010558,0.6732026143790845,1.5116443189837656,5.061559507523938,0.17979395256953268,0.9006772009029353,0.7049442140052791,0.928104575163399,22.45,21.21,59.3823,-0.607638888888884,False
300550,2025-02-26,2025-02-27,15.97,2025-02-28,15.0118,1,-6.000000000000005,-6.210000000000005,-11.834690043832186,2.943018159048205,stop_loss,,2.7844349123525,2.7844349123525,8.608815426997252,3.886693017127807,7.865937072503426,2.943454057223886,0.5975609756097563,2.3006012024048137,6.98778833107192,0.5791155331232469,0.7615894039735107,0.9717270286119429,0.7560975609756092,15.151657953696946,14.592703510082302,62.1674,1.2682308180088864,False
300705,2025-02-26,2025-02-27,17.17,2025-03-04,17.27,3,0.5824111822946954,0.3724111822946954,-1.5725101921957085,6.115317414094323,hold_expired,,4.081172835832,4.081172835832,9.75300823305889,1.7615971814444853,6.253832004904969,2.5608445448076074,0.7249999999999978,2.0588235294117583,5.542021924482321,0.4868802382468356,0.8382264829239074,0.7804222724038037,0.7999999999999976,16.697753064861423,15.991799911209029,63.1868,-0.9232544720138347,False
300825,2025-02-26,2025-02-27,13.1,2025-02-28,12.313999999999998,1,-6.000000000000005,-6.210000000000005,-7.022900763358775,2.1374045801526798,stop_loss,,1.5,1.5,3.5313001605136396,1.7350157728706739,5.911330049261099,2.194242479567837,0.8297872340425533,0.9850299401197611,3.948428686543104,0.44317320589549136,0.833597464342314,0.5971212397839185,0.8297872340425533,12.68,12.18,48.7811,1.5503875968992054,False
300872,2025-02-26,2025-02-27,19.49,2025-02-28,18.320599999999995,1,-6.000000000000005,-6.210000000000005,-7.131862493586427,0.8209338122113774,stop_loss,,1.8239763132169997,1.823976313217,10.167597765363134,2.0175892395240647,8.830022075055188,2.06672983216026,0.6165803108808281,1.9780380673499274,6.594594594594594,0.3934294069048376,0.7112860892388443,0.5333649160801299,0.8652849740932641,19.264651405460764,18.05874203139933,59.5453,-1.166328600405686,False
300894,2025-02-26,2025-02-27,15.94,2025-03-03,14.9836,2,-6.000000000000005,-6.210000000000005,-6.336260978669994,7.465495608532002,stop_loss,,1.0923117078464,1.0923117078464,14.577464788732385,2.8445006321112576,8.178191489361698,3.0831926132346212,0.6969696969696968,2.1869822485207107,6.969099276791568,0.8312450105569472,0.8002577319587636,1.0,0.7045454545454541,15.82,15.04,77.7184,-2.028272894898586,True
301023,2025-02-26,2025-02-27,67.45,2025-02-28,63.403,1,-6.000000000000005,-6.210000000000005,-6.5974796145292895,6.760563380281681,stop_loss,,1.6330913238576,1.6330913238576,27.40535549399814,0.5245519452134584,10.82730923694777,1.8412534150177995,0.335238095238094,2.913198573127232,5.570007651109399,0.6342717049137069,0.6600147819660009,0.42062670750889974,0.4276190476190466,48.68024240998618,44.15481698996998,72.1729,-2.2322075663139485,False
301029,2025-02-26,2025-02-27,31.45,2025-02-28,29.563,1,-6.000000000000005,-6.210000000000005,-12.20985691573927,0.6359300476947549,stop_loss,,1.477404889039,1.477404889039,15.133960897900067,2.0539152759948776,9.090909090909083,2.245401112289121,0.6000000000000005,2.107765451664021,6.390097022415531,0.5616516178347903,0.8032141685798635,0.6227005561445604,0.8035087719298242,30.735476839237656,28.752861035422903,73.0381,-1.1006289308176154,False
301608,2025-02-26,2025-02-27,87.0,2025-03-04,98.53,3,13.252873563218381,13.04287356321838,-2.8735632183907955,14.931034482758609,hold_expired,,1.012278308322,1.012278308322,11.602428722280877,5.819774718397985,12.239479622992144,3.6149068322981366,0.7881526104417665,2.6856702619414454,10.94344574202859,0.45780262201545213,0.7243843307388034,1.0,0.7881526104417665,79.55360226338016,75.00341500000535,66.7007,2.897693672383217,False
300857,2025-03-05,2025-03-06,130.0,2025-03-07,120.36,1,-7.415384615384624,-7.625384615384624,-10.08461538461538,2.3076923076922995,stop_loss,,1.009474747791,1.009474747791,13.688040018190106,5.485232067510548,17.128935532233914,3.049642344710577,0.8659611992945304,1.5185078909612657,14.67889908256883,0.5593494926285199,0.7234611953612837,1.0,1.0,84.41016473205981,76.01901080342128,76.6182,4.0000000000000036,True
300617,2025-03-06,2025-03-07,35.03,2025-03-12,35.35,3,0.9135027119611783,0.7035027119611783,-5.7379389095061235,2.6263202968883848,hold_expired,,2.1160007594183,2.1160007594183,18.205804749340395,0.4484304932735661,5.878877400295424,1.6578989574979952,0.5384615384615431,1.449287510477787,3.5538861600693528,0.6221176735210654,0.7219101123595497,0.3289494787489976,0.6113360323886685,35.37245121289979,33.55822515573593,72.0882,-2.260044642857151,True
301336,2025-03-06,2025-03-07,86.6,2025-03-10,81.40399999999998,1,-6.000000000000005,-6.210000000000005,-6.581986143187057,4.849884526558901,stop_loss,,1.0106517157545,1.0106517157545,30.70325900514579,2.511210762331828,16.4692395873137,1.7508562816824222,0.760563380281689,1.310265282583623,10.702179176755466,0.4818365222205243,0.6315298507462666,0.3754281408412111,0.7746478873239431,88.84370535542827,78.19640479209276,75.9477,-5.293088363954512,True
301381,2025-03-06,2025-03-07,23.8,2025-03-12,23.43,3,-1.5546218487395125,-1.7646218487395124,-2.7310924369748024,2.1008403361344463,hold_expired,,1.0308323149346,1.0308323149346,0.9286618826509052,1.831345826235098,6.172291296625221,1.7501905870079846,0.4961240310077527,1.7232824427480893,3.9565217391304364,0.23238465381368023,0.808102345415779,0.3750952935039923,0.6356589147286829,23.48,22.52,33.9288,-0.46005855290671693,False
300022,2025-03-10,2025-03-11,7.15,2025-03-14,6.88,3,-3.776223776223786,-3.986223776223786,-5.034965034965044,1.958041958041945,hold_expired,,4.0551764810634,4.0551764810634,19.572368421052634,2.974504249291776,7.863501483679514,1.6720497703127735,0.741379310344827,1.4710144927536237,6.13138686131387,0.47389807414432233,0.7717546362339515,0.33602488515638673,0.9137931034482747,7.06,6.74,79.4656,-1.6506189821182904,True
301611,2025-03-10,2025-03-11,63.0,2025-03-13,59.22,2,-6.000000000000005,-6.210000000000005,-6.269841269841281,2.15873015873016,stop_loss,,1.001497005988,1.001497005988,7.299270072992714,0.4503804938655209,5.324865657059119,1.8704087507196316,0.5210526315789488,1.2099158517170783,4.575586095392081,0.44671000962296237,0.7786561264822136,0.4352043753598158,0.705263157894738,64.27185321100663,61.297321100915006,51.4363,-2.5974025974025983,True
300296,2025-03-11,2025-03-12,7.8,2025-03-17,7.99,3,2.4358974358974494,2.2258974358974495,-5.512820512820493,5.512820512820515,hold_expired,,19.4357555289235,19.4357555289235,5.228758169934644,4.681404421326407,12.116991643454057,5.091765727081037,0.5828220858895706,3.10054347826087,11.34163208852006,0.21555476640778837,0.48818897637795367,1.0,0.6134969325153379,7.564079401639355,7.0624304426229605,43.2836,-3.105590062111807,True
300609,2025-03-12,2025-03-13,28.32,2025-03-18,29.06,3,2.6129943502824826,2.4029943502824826,-3.8488700564971667,6.850282485875714,hold_expired,,1.0533327979466,1.0533327979466,3.2639885222381704,1.8754423213021898,7.747005988023958,3.807859573931678,0.5826771653543311,2.055491329479767,5.884516366311132,0.739986606986498,0.8872727272727279,1.0,0.7204724409448815,28.26,26.72,55.3463,-1.6325112886418913,True
301003,2025-03-12,2025-03-13,29.31,2025-03-18,29.57,3,0.8870692596383511,0.6770692596383512,-3.6165131354486513,1.4329580348004134,hold_expired,,1.882854371483,1.882854371483,5.188343994314137,1.7881705639614998,7.4410163339382995,1.9951473136915079,0.6898148148148147,1.1976237623762385,6.1312298314808,0.813274719026003,0.7619880994049701,0.49757365684575394,0.8287037037037039,27.586476990223623,26.135056433310208,55.5554,-0.9797297297297392,True
300012,2025-03-14,2025-03-17,13.65,2025-03-20,13.52,3,-0.952380952380949,-1.162380952380949,-1.684981684981679,2.490842490842504,hold_expired,,19.726138197539697,19.7261381975397,9.573612228479478,0.6651884700665134,5.092592592592582,2.1625623377996894,0.7868852459016332,1.6712328767123352,4.128440366972463,0.5148974463641824,0.7830964846671653,0.5812811688998447,0.983606557377046,13.408063174977318,12.843200203082489,64.1021,0.22026431718060735,False
300616,2025-03-14,2025-03-17,14.07,2025-03-20,13.56,3,-3.6247334754797467,-3.8347334754797466,-4.12224591329069,0.6396588486140553,hold_expired,,1.988631827974,1.988631827974,8.00615858352578,0.7902298850574585,9.01320901320901,3.723050777930792,0.7461538461538456,2.940226171243941,7.674597083653101,0.3304978153221216,0.7456993268511594,1.0,0.8076923076923063,13.057963727002878,12.072988014836714,58.3091,0.28510334996436626,False
300947,2025-03-14,2025-03-17,20.35,2025-03-20,20.05,3,-1.4742014742014753,-1.6842014742014753,-2.2604422604422747,4.766584766584758,hold_expired,,2.9018653321201,2.9018653321201,8.742579600647593,2.025316455696191,7.638888888888884,2.8524808905663255,0.900826446280991,1.4704861111111123,5.941114616193466,0.5054317594864943,0.854922279792746,0.9262404452831628,0.9173553719008252,19.75,18.72,65.5,0.992555831265518,False
300973,2025-03-14,2025-03-17,45.5,2025-03-20,42.9,3,-5.714285714285716,-5.924285714285716,-5.9780219780219745,0.7692307692307665,hold_expired,,1.0384960778178,1.0384960778178,9.143130684538047,4.1333637816853175,10.89494163424125,4.255366354207111,0.9067599067599066,2.566666666666671,9.589041095890426,0.6007469690438294,0.7515819076634636,1.0,0.9067599067599066,43.349393795912,40.70625880081985,66.7064,-0.21929824561404132,True
301008,2025-03-14,2025-03-17,25.05,2025-03-20,27.9,3,11.377245508982025,11.167245508982024,-2.075848303393224,16.80638722554888,hold_expired,,1.7657002921599,1.7657002921599,14.00900900900901,6.973795435333896,14.369633981021224,3.2875910977482925,0.7408376963350783,3.136656891495604,11.94161875276425,0.43703229683737654,0.9079754601226999,1.0,0.7408376963350783,23.57370858754129,22.049288716918376,73.0099,-1.0272619517976977,True
301239,2025-03-14,2025-03-17,54.45,2025-03-18,49.6,1,-8.90725436179981,-9.11725436179981,-11.570247933884303,0.9917355371900971,stop_loss,,1.0118423697891,1.0118423697891,2.8686173264486525,1.052038324253246,13.793103448275845,3.2355565857333257,0.8565088757396451,2.1281762986282886,12.531380753138087,0.4033466468886129,0.65071673733091,1.0,0.9275147928994081,53.23,47.27,50.0985,1.2269938650306678,False
301332,2025-03-14,2025-03-17,11.07,2025-03-20,11.24,3,1.5356820234869062,1.3256820234869062,-0.6323396567299078,3.2520325203251987,hold_expired,,1.0106723585912,1.0106723585912,3.966005665722383,1.194852941176472,4.459203036053139,1.8907484096827905,0.6595744680851051,1.2901960784313746,3.08988764044944,0.2737852040865954,0.8888888888888882,0.4453742048413952,0.9148936170212734,10.723420506279638,10.388313615458397,48.1237,0.5449591280654031,False
300798,2025-03-17,2025-03-18,7.94,2025-03-21,10.32,3,29.97481108312343,29.76481108312343,-0.7556675062972307,36.775818639798466,hold_expired,,1.015833292112,1.015833292112,18.573551263001487,0.8849557522123908,9.615384615384626,2.671212330184125,0.8166666666666675,1.5189873417721507,7.547169811320753,0.5548500598017863,0.5618556701030932,0.8356061650920626,0.9666666666666673,7.91,7.28,81.5871,-0.5012531328320913,True
300956,2025-03-17,2025-03-18,25.16,2025-03-21,24.93,3,-0.9141494435612185,-1.1241494435612185,-2.424483306836245,4.133545310015907,hold_expired,,1.2231298609431,1.2231298609431,19.01639344262296,2.3771152296534925,11.154855643044614,3.1081511058427176,0.9597989949748745,1.685420447670899,9.102619149849733,0.6691989844884656,0.7816043679126419,1.0,0.9597989949748745,20.587443980837804,18.961682892907017,88.9908,-0.9838646202282586,True
301600,2025-03-17,2025-03-18,211.0,2025-03-19,198.33999999999997,1,-6.000000000000016,-6.210000000000016,-10.189573459715639,2.8436018957346043,stop_loss,,1.0,1.0,37.44380218368657,1.9727437339178255,10.207024410340914,1.5375290254961116,0.7979079497907923,1.9451226601557987,9.74358974358973,0.3234254887000963,0.5471236230110168,0.2687645127480558,0.8786610878661072,138.74584574204187,128.37924485938095,73.3191,-1.4018691588784993,False
301268,2025-03-19,2025-03-20,22.1,2025-03-21,20.773999999999997,1,-6.000000000000005,-6.210000000000005,-7.918552036199089,5.022624434389145,stop_loss,,1.024696491471,1.024696491471,33.294730746960056,5.402930402930406,15.969773299748091,3.5764238410596025,0.8087855297157618,2.761467889908257,15.215215215215206,0.9396104126384868,0.7463414634146339,1.0,0.8397932816537466,21.84,19.85,92.0851,-3.9965247610773136,True
300256,2025-03-20,2025-03-21,5.41,2025-03-24,5.0854,1,-6.000000000000005,-6.210000000000005,-7.578558225508325,1.109057301293892,stop_loss,,4.5976554632453,4.5976554632453,7.210626185958269,5.018587360594795,12.326043737574555,5.478673721277377,0.592233009708738,3.774869109947646,11.66007905138342,0.3305304716423519,0.6380952380952378,1.0,0.592233009708738,5.38,5.03,50.7953,-4.2477876106194685,True
300766,2025-03-20,2025-03-21,49.39,2025-03-24,46.42659999999999,1,-6.000000000000016,-6.210000000000016,-9.21239117230208,6.29682121887023,stop_loss,,1.0125727695221,1.0125727695221,-3.941794068889304,6.974358974358963,17.720090293453737,4.521375368751596,0.8650442477876107,2.4972375690607733,17.61389264772213,0.38067648766510587,0.7024070021881836,1.0,0.8827433628318582,48.75,44.3,43.9011,-5.292425695110259,True
300583,2025-03-21,2025-03-24,26.34,2025-03-25,24.759600000000002,1,-6.000000000000016,-6.210000000000016,-6.605922551252852,0.5694760820045497,stop_loss,,1.6761203554779,1.6761203554778998,5.976095617529875,0.5671077504725952,5.013817607579951,2.3047208889473336,0.7218934911242619,1.5294117647058803,4.7244094488189115,0.6527234597861078,0.8069498069498073,0.6523604444736668,0.7692307692307697,26.434027777777704,25.31470410628012,55.7555,-0.9774436090225547,True
300778,2025-03-21,2025-03-24,11.71,2025-03-25,11.0074,1,-6.000000000000005,-6.210000000000005,-7.173356105892403,1.0247651579846195,stop_loss,,2.2789075107364,2.2789075107364,12.5,0.08554319931566301,4.464285714285721,2.38360953779456,0.7656249999999969,1.244444444444446,4.09252669039144,0.5743094290695647,0.6729776247848542,0.6918047688972799,0.9218749999999989,11.69,11.2,69.0649,0.08547008547010737,True
300040,2025-03-24,2025-03-25,7.33,2025-03-26,6.890199999999998,1,-6.000000000000005,-6.210000000000005,-7.094133697135052,10.504774897680758,stop_loss,,6.2849393833048,6.284939383304801,20.319999999999983,0.2666666666666595,8.357348703169997,1.7743313602057575,0.7999999999999995,2.0588235294117654,7.122507122507127,0.15581408872902447,0.6694214876033058,0.3871656801028788,0.9538461538461531,7.436300646551754,6.881056864942557,75.3271,-2.5265957446808485,True
300871,2025-03-25,2025-03-26,16.83,2025-03-31,22.5,3,33.68983957219254,33.47983957219254,-3.3868092691621943,49.73262032085564,hold_expired,,1.5988419146835,1.5988419146835002,22.72727272727273,7.048458149779746,21.39883430474605,6.058971100902486,0.890625,4.39754601226994,19.215044971381843,0.7015997179424986,0.5027195027195044,1.0,0.9609375,13.556105928318905,11.953658751770194,87.2835,15.432098765432078,True
300779,2025-03-26,2025-03-27,151.72,2025-03-28,142.61679999999998,1,-6.000000000000005,-6.210000000000005,-8.673872923807014,1.7730029000790903,stop_loss,,1.4292546529545,1.4292546529545,13.435514018691585,0.5567338282078449,4.634482758620684,1.7874730021598273,0.8692449355432768,0.8328220858895715,3.3163091590057814,0.5839711488473502,0.7899999999999998,0.39373650107991365,0.9760589318600378,150.88,145.0,70.9391,0.0,True
300193,2025-03-31,2025-04-01,11.36,2025-04-08,8.96,4,-21.126760563380266,-21.336760563380267,-25.440140845070413,0.7042253521126751,stop_loss,,3.1129707705287,3.1129707705287,10.479921645445645,6.818181818181812,14.28571428571428,8.537356267760694,0.5197368421052633,4.061068702290073,12.68731268731269,0.23578047452036266,0.7184466019417459,1.0,0.5328947368421051,10.328698842224679,9.653812270147498,55.9311,0.7092198581560405,True
300004,2025-04-17,2025-04-18,7.42,2025-04-23,7.17,3,-3.3692722371967743,-3.5792722371967742,-3.908355795148255,5.121293800539073,hold_expired,,4.0759311906073,4.0759311906073,-0.930851063829774,0.5398110661268607,10.863095238095255,1.6395699722984074,0.8235294117647064,1.263269639065817,8.759124087591253,0.4019850409557548,0.3579234972677583,0.3197849861492037,0.882352941176471,7.41,6.72,32.2435,-0.4026845637583931,False
300144,2025-04-17,2025-04-18,10.1,2025-04-23,9.67,3,-4.2574257425742275,-4.467425742574227,-4.851485148514845,0.8910891089108919,hold_expired,,15.485997037824996,15.485997037824998,9.071504802561403,0.2944062806673253,5.035971223021596,2.188036657729608,0.6000000000000029,1.8292682926829267,3.861788617886197,0.5914201692386718,0.8993963782696182,0.594018328864804,0.6533333333333342,9.955207373271879,9.505806451612894,59.5121,-1.174168297456002,True
300327,2025-04-17,2025-04-18,24.22,2025-04-23,23.64,3,-2.394715111478085,-2.604715111478085,-3.1379025598678445,4.417836498761352,hold_expired,,3.1044954410867995,3.1044954410868004,2.783635596794598,3.3941450997030165,10.271493212669691,4.474553707475901,0.6587837837837841,2.298391569606211,8.118899733806572,0.8693186358264875,0.7660311958405555,1.0,0.6587837837837841,23.57,22.1,53.2732,-0.61551087402546,False
300547,2025-04-17,2025-04-18,31.95,2025-04-22,30.032999999999998,2,-6.000000000000016,-6.210000000000016,-9.608763693270738,0.9076682316119022,stop_loss,,4.2796916857698,4.2796916857698,-7.562043795620433,0.5398539218799625,9.85426786953505,2.079618816190338,0.6837060702875398,1.3668122270742376,7.94408455506308,0.3941378183991096,0.5072933549432725,0.539809408095169,0.7124600638977633,31.180995142857164,28.53719530063968,33.1688,0.9159823120657107,False
300985,2025-04-17,2025-04-18,15.7,2025-04-23,15.94,3,1.5286624203821653,1.3186624203821653,-2.547770700636931,4.331210191082802,hold_expired,,1.4286821989124,1.4286821989124,-4.65527401296405,6.79867986798679,13.305322128851538,4.520976915356306,0.6528925619834707,2.7770491803278716,10.897875257025369,0.5587617329376489,0.7591973244147157,1.0,0.6859504132231401,15.15,14.28,43.4884,-2.966625463535222,False
301092,2025-04-17,2025-04-18,29.98,2025-04-21,28.1812,1,-5.999999999999995,-6.209999999999995,-6.104069379586397,1.0340226817878495,stop_loss,,1.0190606755536,1.0190606755536,10.201042442293385,0.9205591544493741,9.467455621301779,3.4120676738668996,0.484076433121019,2.5322580645161272,8.34553440702781,0.8138531646261608,0.4206896551724151,1.0,0.515923566878981,29.10376618749997,26.83142985714283,59.2387,1.2837837837837762,True
300134,2025-04-18,2025-04-21,11.31,2025-04-24,10.79,3,-4.597701149425292,-4.807701149425292,-5.393457117595057,2.564102564102555,hold_expired,,4.3262467263036,4.3262467263036,-1.6281062553556103,2.5000000000000133,12.54901960784316,4.320938815976755,0.7687500000000005,2.4347826086956523,12.00000000000001,0.3510259469654631,0.6153846153846156,1.0,0.8312500000000004,11.2,10.2,41.1212,-1.4808362369338024,False
300252,2025-04-18,2025-04-21,9.8,2025-04-24,10.02,3,2.244897959183656,2.034897959183656,-2.857142857142869,3.469387755102038,hold_expired,,4.9747879069377,4.9747879069377,-4.198473282442761,1.107754279959705,10.451045104510449,3.5189070229023334,0.8148148148148139,1.6488549618320612,9.606986899563296,0.36888129897919786,0.5715778474399161,1.0,0.898148148148147,9.93,9.09,42.0699,-2.390438247011928,True
300492,2025-04-18,2025-04-21,90.0,2025-04-24,90.3,3,0.3333333333333188,0.12333333333331883,-0.4444444444444362,2.888888888888874,hold_expired,,1.7650987948409003,1.7650987948409,4.1861007462686395,0.9262396927595118,5.6146572104018855,2.217567989996874,0.8271604938271614,1.0159469629098714,3.8953488372093004,0.46059828248775414,0.9021301093839964,0.608783994998437,0.9358024691358008,63.19657006189931,60.39116488463437,53.617,0.7274762171236793,True
300261,2025-04-21,2025-04-22,6.54,2025-04-25,6.34,3,-3.0581039755351758,-3.2681039755351757,-3.2110091743119296,2.752293577981635,hold_expired,,9.3869743611286,9.3869743611286,19.778188539741226,2.0472440944881987,6.754530477759468,2.338305045590072,0.6734693877551019,1.2919020715630891,6.0556464811784005,0.6151551888499345,0.8707592891760909,0.6691525227950359,0.8163265306122452,6.35,6.07,84.8632,0.92592592592593,False
300503,2025-04-21,2025-04-22,22.58,2025-04-25,22.87,3,1.2843224092117023,1.0743224092117023,-2.391496899911427,4.605845881310899,hold_expired,,2.5594667409002,2.5594667409002,17.34902763561925,0.7912087912087973,7.905882352941185,2.5079212467353558,0.9277108433734934,1.1056137012369174,6.849953401677533,0.7263634591761794,0.8530762167125807,0.7539606233676779,0.9879518072289158,22.75,21.25,85.6883,-1.5263846489315447,False
300652,2025-04-21,2025-04-22,50.3,2025-04-25,58.6,3,16.50099403578529,16.29099403578529,-2.1272365805169002,21.252485089463224,hold_expired,,1.1140433343212,1.1140433343212,37.25436681222707,2.90566809903825,11.631520532741412,2.477360986642769,0.8202247191011226,1.8173199635369177,11.53249057440673,0.8931458661154363,0.6718146718146737,0.7386804933213844,0.9002808988764042,37.52279528903078,34.58976729631341,88.8668,0.019884668920266968,True
300984,2025-04-21,2025-04-22,62.03,2025-04-25,69.46,3,11.978075124939537,11.768075124939536,-1.4831533129131103,16.072867967112693,hold_expired,,1.6714197241346,1.6714197241346,17.02809730341317,0.9105691056910725,9.78241641606228,2.9133356305995863,0.95928338762215,1.23772498200144,8.877192982456151,0.9627795106085468,0.8191214470284238,0.9566678152997932,0.9592833876221502,43.95160877908689,40.39974706149239,89.5371,-0.048340315823403035,True
301220,2025-04-21,2025-04-22,90.0,2025-04-23,84.59999999999998,1,-6.000000000000016,-6.210000000000016,-10.744444444444445,0.0,stop_loss,,1.0158169406797,1.0158169406797,30.48600883652428,2.4277456647398887,11.981799797775516,2.861362601790501,0.8594059405940578,1.5485708027598306,10.418743768693917,0.4530355114473448,0.5717523559584872,0.9306813008952506,0.8851485148514845,61.79669945124835,56.52433364835572,82.3816,1.5801354401805856,False
301379,2025-04-21,2025-04-22,27.9,2025-04-25,28.38,3,1.7204301075268935,1.5104301075268936,-3.7634408602150393,3.512544802867401,hold_expired,,1.4529770606513,1.4529770606513,24.887285843101893,1.3538236370288947,8.203124999999979,2.214973689879066,0.6640624999999991,1.3348230912476742,7.198142414860675,0.49932185464160117,0.7841726618705038,0.607486844939533,0.7812499999999992,19.348587935238992,18.12381453136181,80.9523,0.7220216606498076,False
300004,2025-04-24,2025-04-25,7.81,2025-04-29,7.3414,2,-6.000000000000005,-6.210000000000005,-6.402048655569792,8.834827144686308,stop_loss,,4.0759311906073,4.0759311906073,11.158192090395481,0.8974358974358942,10.378681626928476,3.002010734663615,0.7840909090909096,1.4275782155272307,9.76290097629009,0.4517952416367217,0.689189189189189,1.0,0.8522727272727273,7.8,7.13,66.4766,-0.7623888182973215,True
300119,2025-04-24,2025-04-25,17.92,2025-04-30,20.39,3,13.783482142857139,13.573482142857138,-0.5580357142857206,18.63839285714284,hold_expired,,6.26991210455,6.26991210455,-3.2119914346895095,2.3203169213355634,5.854800936768134,2.6796534387117124,0.7394366197183067,1.3087557603686621,5.545826036193802,0.2340025175385243,0.8504887866589963,0.8398267193558562,0.7394366197183067,17.47673964962687,16.893192598507465,39.4544,-0.8849557522123686,False
300858,2025-04-24,2025-04-25,15.4,2025-04-28,14.475999999999997,1,-6.000000000000016,-6.210000000000016,-7.402597402597411,1.9480519480519431,stop_loss,,2.8524755393864,2.8524755393864,13.960113960113961,1.1378002528444897,12.438510189739983,3.0514699778228436,0.5852713178294576,2.4790665751544254,11.576011157601119,0.570198730177141,0.8219178082191783,1.0,0.7558139534883723,15.82,14.23,73.9183,-3.749999999999998,True
300986,2025-04-25,2025-04-28,19.6,2025-05-06,20.48,3,4.489795918367334,4.279795918367334,-1.5306122448979775,6.428571428571428,hold_expired,,2.1531227794042,2.1531227794042,17.799158147925432,0.4615384615384466,9.441340782122909,3.0881193292480167,0.6473429951690812,1.699706744868036,7.578253706754512,0.5104569328625752,0.5892575039494488,1.0,0.6570048309178733,13.935498268631697,12.792072769667044,75.2341,0.051046452271585885,True
300945,2025-04-28,2025-04-29,14.21,2025-05-07,14.64,3,3.0260380014074606,2.8160380014074606,-1.9704433497536922,7.600281491907102,hold_expired,,1.033562312694,1.033562312694,12.08267090620032,0.7142857142857117,16.915422885572127,4.674103432845362,0.6923076923076924,2.3333333333333326,15.102040816326534,0.9419152784545791,0.5852895148669803,1.0,0.7435897435897435,14.0,12.06,71.9452,0.7801418439716379,True
300610,2025-04-29,2025-04-30,10.58,2025-05-08,11.17,3,5.576559546313797,5.366559546313797,-2.2684310018903586,6.238185255198481,hold_expired,,2.3639875086556,2.3639875086556,10.165975103734425,0.28328611898016387,6.199999999999983,1.6517873271380688,0.6315789473684138,0.8184615384615406,3.1067961165048397,0.6134445529491868,0.922928709055876,0.3258936635690344,0.710526315789472,10.40363658127235,9.824019434629227,60.847,-0.37664783427494575,False
301055,2025-04-29,2025-04-30,16.64,2025-05-08,17.16,3,3.125,2.915,-2.644230769230782,3.9663461538461453,hold_expired,,1.0540066239526,1.0540066239526,1.1002444987775029,1.1002444987775029,5.283259070655633,2.07398512096538,0.7115384615384595,1.362020579981292,4.683544303797449,0.5463229340081901,0.8503740648379057,0.53699256048269,0.8557692307692288,16.36,15.71,45.6363,0.6045949214026791,False
301196,2025-04-29,2025-04-30,70.37,2025-05-06,66.14779999999999,1,-6.000000000000016,-6.210000000000016,-6.494244706551089,0.7815830609634977,stop_loss,,1.0865483485388,1.0865483485388,51.37297297297299,10.14789175582127,20.333447920247515,2.97598917822117,0.5680713128038903,3.246758128171395,16.780650542118437,0.6725278614602939,0.8391596914492041,0.987994589110585,0.8549432739059973,63.56,58.18,89.6541,0.5142122553920769,True
301300,2025-04-29,2025-04-30,33.36,2025-05-08,34.16,3,2.3980815347721673,2.1880815347721674,-3.0275779376498724,3.866906474820153,hold_expired,,1.0653454175518,1.0653454175518,6.594110115236873,3.159851301115224,9.900990099009888,3.2496596265812827,0.6698113207547144,1.3238180196253362,6.662395900064055,0.302518450396672,0.8922686945500626,1.0,0.8584905660377318,31.93220943697906,29.973542315379973,58.2798,0.18018018018017834,False
301413,2025-04-29,2025-04-30,94.72,2025-05-08,93.9,3,-0.8657094594594628,-1.0757094594594627,-2.248733108108114,3.9168074324324342,hold_expired,,1.3063725490196,1.3063725490196,11.855427360489767,0.02105484787873202,6.740815638692288,2.142362900257637,0.5489051094890519,1.2982266143224586,5.8961212661613915,0.6129190851528757,0.6297091338413654,0.5711814501288186,0.8583941605839429,94.62554162936111,88.66848573986138,65.23,-0.30523102831281346,True
301526,2025-04-29,2025-04-30,3.71,2025-05-08,3.77,3,1.6172506738544534,1.4072506738544535,-1.8867924528301883,4.851752021563338,hold_expired,,1.0092307692308,1.0092307692308,10.682492581602364,5.36723163841808,12.349397590361445,5.190840934586081,0.6944444444444446,2.739130434782606,12.349397590361445,0.5510014094403863,0.6231884057971006,1.0,0.7222222222222219,3.54,3.32,63.4223,-0.536193029490617,False
300322,2025-05-09,2025-05-12,15.2,2025-05-15,14.59,3,-4.01315789473683,-4.22315789473683,-4.342105263157892,6.184210526315814,hold_expired,,4.438994375543,4.438994375543,12.037708484408993,0.3898635477582735,7.96645702306078,2.9445434778350212,0.3936651583710402,2.6880973066898366,5.967078189300401,0.42587336708370915,0.7329773030707611,0.9722717389175106,0.5203619909502254,15.39,14.31,61.5881,-1.6181229773462813,True
300740,2025-05-09,2025-05-12,13.45,2025-05-15,14.34,3,6.617100371747231,6.407100371747231,-2.899628252788089,11.449814126394076,hold_expired,,2.6028950404548,2.6028950404548006,13.693998309382916,4.182804027885356,8.642972536348935,6.3702767389678385,0.5679012345679014,3.2774566473988425,7.342378292098961,0.48221794637888604,0.9208234362628656,1.0,0.598765432098765,12.91,12.38,70.4089,0.0,True
301259,2025-05-09,2025-05-12,38.06,2025-05-15,41.71,3,9.590120861797157,9.380120861797156,-1.4450867052023142,12.585391487125586,hold_expired,,1.3195756247011,1.3195756247011,-4.697651174412798,4.89548954895489,8.940302770636976,2.8850186894247627,0.6137339055793994,1.6216753666418076,8.260005676979866,0.8913946444570681,0.9435506632797055,0.9425093447123813,0.8884120171673826,36.36,35.01,54.7175,-0.20975353959098442,False
301004,2025-05-12,2025-05-13,74.81,2025-05-16,75.05,3,0.3208127255714288,0.11081272557142882,-0.8153990108274334,6.509824889720628,hold_expired,,1.5610065558278,1.5610065558278,8.559122772321647,1.381523862684908,5.000722647781486,2.401861528412802,0.595808383233535,1.4495900881304131,4.532374100719427,0.36681394340999546,0.8414047012177852,0.7009307642064011,0.595808383233535,71.66,69.19,54.167,2.973158981417745,True
301151,2025-05-12,2025-05-13,16.31,2025-05-16,16.11,3,-1.2262415695891926,-1.4362415695891926,-3.004291845493545,1.6554261189454245,hold_expired,,1.0673462555108,1.0673462555108,11.262798634812299,0.6172839506172867,4.153354632587858,1.7385736949459847,0.9615384615384623,0.9393548387096786,3.8216560509554354,0.7400362138664562,0.7941359950093554,0.36928684747299234,0.9807692307692346,15.993693147361707,15.450697392358688,68.8464,0.061349693251511184,True
300758,2025-05-13,2025-05-14,17.56,2025-05-16,16.5064,2,-6.000000000000005,-6.210000000000005,-7.630979498861046,5.751708428246016,stop_loss,,3.3105586668896,3.3105586668896,31.4013206162876,0.6745362563237878,14.881334188582418,2.283098896216267,0.7279151943462904,2.9744744744744733,13.931297709923651,0.4103955065578026,0.4244604316546765,0.6415494481081334,0.826855123674912,17.79,15.59,75.4754,-1.9542155220547253,True
301258,2025-05-13,2025-05-14,29.3,2025-05-19,30.87,3,5.358361774744025,5.148361774744025,-2.662116040955631,12.55972696245733,hold_expired,,1.0476270187946,1.0476270187946,5.03903477643719,2.2452504317789446,7.597237368229748,3.5172362445089718,0.6153846153846174,1.5191986644407336,6.666666666666665,0.7128540768071423,0.753954305799648,1.0,0.6923076923076934,28.866400265940435,27.430558594681223,55.9263,-1.0135135135135198,True
300119,2025-05-15,2025-05-16,23.12,2025-05-21,25.46,3,11.338842622140199,11.128842622140198,-1.5138408304498308,24.99999999999998,hold_expired,,6.26991210455,6.3392457122152,22.157588577472254,2.941176470588225,7.943925233644866,2.5396150510695703,0.7081081081081095,1.6872964169381097,6.0119320789353115,0.5246535729043571,0.810895992796036,0.7698075255347852,0.772972972972973,22.19456919850747,21.165943888059704,83.1908,0.08658008658009031,True
300719,2025-05-15,2025-05-16,19.14,2025-05-19,17.9916,1,-6.000000000000005,-6.210000000000005,-8.568443051201669,0.31347962382446415,stop_loss,,1.6109373221542,1.6109373221542,28.418945963975982,0.8909853249476019,8.695652173913038,2.969065135719302,0.3773087071240106,4.6584723441615425,8.024691358024683,0.588698489434544,0.5141484249866526,0.9845325678596509,0.43799472295514513,19.036512820512623,17.66963532763515,75.1479,-0.5714285714285783,False
300858,2025-05-15,2025-05-16,14.63,2025-05-21,14.95,3,2.1872863978127155,1.9772863978127155,-2.5974025974026094,4.57963089542035,hold_expired,,2.8524755393864,2.8524755393864,2.35294117647058,0.6807351940095296,7.329462989840341,2.687693058039343,0.6842105263157882,1.8657314629258523,6.25,0.056256214405945304,0.7547302032235461,0.8438465290196715,0.7293233082706758,14.69,13.78,39.8956,-1.081812035158869,False
301448,2025-05-15,2025-05-16,23.66,2025-05-21,25.07,3,5.959425190194412,5.749425190194412,-0.46491969568890346,9.382924767540146,hold_expired,,1.3265534888402,1.3265534888402,18.681863230921692,0.2511511092507357,7.6888489208633,2.310741402411791,0.7692307692307705,1.8674033149171239,5.506607929515406,0.5178476521544451,0.6801705756929624,0.6553707012058956,0.8284023668639037,23.691781904385753,22.0554721453972,78.4558,-1.2108559498956173,True
300420,2025-05-16,2025-05-19,3.7,2025-05-22,3.66,3,-1.0810810810810811,-1.291081081081081,-3.2432432432432434,3.513513513513522,hold_expired,,9.4067894985825,9.4067894985825,12.461059190031154,3.142857142857136,9.393939393939398,4.676177500236541,0.704545454545454,3.366120218579238,8.734939759036141,0.6019220618070642,0.707602339181286,1.0,0.704545454545454,3.5,3.3,68.6559,2.4930747922437657,True
300945,2025-05-16,2025-05-19,16.5,2025-05-22,20.46,3,24.0,23.79,-2.3636363636363678,39.81818181818182,hold_expired,,1.033562312694,1.033562312694,13.4020618556701,4.761904761904767,12.936344969199176,1.9763418809072943,0.7285714285714284,2.419753086419753,8.552631578947366,0.5952919648357958,0.7373478539397819,0.4881709404536472,0.7285714285714284,15.75,14.61,66.2469,0.0,True
301076,2025-05-16,2025-05-19,42.46,2025-05-21,39.9124,2,-5.999999999999995,-6.209999999999995,-9.1144606688648,0.2590673575129543,stop_loss,,1.762590609378,1.7625906093780002,3.230507651202319,2.9055690072639306,18.055555555555557,2.1402986643540873,0.7911764705882351,1.585345545378852,16.59807956104251,0.20056231339433658,0.34615384615384737,0.5701493321770437,0.8176470588235294,41.3,36.0,36.7162,-0.0941176470588112,False
301215,2025-05-16,2025-05-19,6.25,2025-05-22,6.0,3,-3.9999999999999925,-4.209999999999993,-4.159999999999997,0.15999999999998238,hold_expired,,1.0311793399335,1.0311793399335,11.636363636363644,0.6557377049180246,5.13698630136985,4.955867378110871,0.3199999999999979,3.1390134529148064,4.421768707482987,0.8231516792743967,0.9156829679595293,1.0,0.34000000000000014,6.046569966272893,5.788847311972737,66.1552,1.791530944625408,False
301603,2025-05-16,2025-05-19,55.03,2025-05-22,52.66,3,-4.306741777212442,-4.516741777212442,-4.870070870434295,2.089769216790849,hold_expired,,1.0182523385809,1.0182523385809,8.456913827655299,2.113207547169793,6.956521739130417,2.958431619227342,0.6234234234234224,2.7543424317617924,6.535433070866148,0.3083384058465692,0.6121097445600745,0.9792158096136709,0.6828828828828819,52.896220873310995,50.50092030546295,54.1704,1.6814486326681477,False
300867,2025-05-19,2025-05-20,19.49,2025-05-22,18.3206,2,-5.999999999999995,-6.209999999999995,-6.362237044638275,3.642893791688051,stop_loss,,1.0218676984052,1.0218676984052,24.984066284257487,6.924754634678298,14.745465184318295,2.0503434789149075,0.767790262172285,1.7426573426573415,12.701149425287372,0.15754696694938922,0.6989966555183926,0.5251717394574538,0.7865168539325834,18.275315352696925,17.029724066389885,73.8302,-0.611932687404404,True
301263,2025-05-20,2025-05-21,24.06,2025-05-26,26.46,3,9.975062344139651,9.76506234413965,0.0,12.842892768079794,hold_expired,,1.9007019336462003,1.9007019336462,13.785046728971984,1.6701461377870652,5.4112554112554,1.8107825286201629,0.8296296296296323,1.567164179104476,4.821351700387444,0.5133890557233598,0.9061833688699363,0.4053912643100814,0.8296296296296323,23.769816528722124,22.926211349205893,69.5102,-1.190965092402474,True
300960,2025-05-21,2025-05-22,22.56,2025-05-27,23.61,3,4.654255319148914,4.4442553191489145,-3.812056737588654,15.24822695035457,hold_expired,,1.5665739639943002,1.5665739639943,17.897435897435887,2.314196706720062,10.795180722891562,1.9223269488520904,0.8737373737373736,1.399133163506507,8.137347130761974,0.46423821736706494,0.815327793167129,0.4611634744260452,1.0,22.47,20.75,79.6,-1.8703784254023192,True
301378,2025-05-29,2025-05-30,27.35,2025-06-05,26.91,3,-1.6087751371115178,-1.8187751371115177,-3.7294332723948997,0.0,hold_expired,,2.155830244694,2.155830244694,0.999259807549957,1.6008935219657516,5.939440993788803,2.3096338183573546,0.9599999999999994,1.067724222086638,5.0827878321139774,0.5643767538171056,0.950191570881225,0.6548169091786773,0.9759999999999991,26.86,25.76,50.7852,0.21986075485527223,True
301078,2025-05-30,2025-06-03,14.3,2025-06-06,14.86,3,3.9160839160839123,3.7060839160839123,-0.6993006993007089,13.286713286713292,hold_expired,,1.0174753038827,1.0174753038827,15.918826988197821,0.2733411370300143,5.619596541786742,1.6083073224817614,0.41379310344827475,1.4578206989538722,3.2394366197183055,0.21117712836029323,0.7793597384313335,0.3041536612408807,0.7356321839080457,14.620037423472468,13.88,64.4499,-2.4556616643929052,True
300640,2025-06-03,2025-06-04,6.6,2025-06-09,6.89,3,4.3939393939393945,4.1839393939393945,-1.3636363636363669,11.515151515151523,hold_expired,,2.9755228588712,2.9755228588712,8.223684210526327,0.45801526717557106,6.991869918699178,1.9100142895763335,0.8750000000000003,1.4285714285714268,5.617977528089879,0.44880396806855444,0.6290571870170028,0.4550071447881667,0.8750000000000003,6.533248081841602,6.134271099744406,54.6654,0.3039513677811634,False
300875,2025-06-03,2025-06-04,31.22,2025-06-09,30.22,3,-3.203074951953877,-3.413074951953877,-4.548366431774498,3.042921204356186,hold_expired,,1.3138193492727,1.3138193492727,12.945326278659607,0.6918238993710801,8.542372881355952,1.9121505041056024,0.4200000000000017,1.4177215189873424,5.886243386243395,0.5389136591060653,0.7234726688102879,0.4560752520528012,0.7100000000000009,31.8,29.5,63.5872,-2.498438475952547,True
301371,2025-06-03,2025-06-04,27.0,2025-06-09,26.63,3,-1.3703703703703551,-1.580370370370355,-4.111111111111077,3.70370370370372,hold_expired,,1.3990713930994998,1.3990713930995,13.510269864324908,0.11029411764706953,6.450351837372947,2.4727693018955157,0.9123711340206178,1.5764964111501116,6.242684354272332,0.3743438832048618,0.6172607879924954,0.7363846509477578,0.9896907216494848,27.2,25.58,69.0523,-0.8446566287183432,True
300857,2025-06-04,2025-06-05,81.81,2025-06-10,84.14,3,2.8480625840361817,2.6380625840361818,-0.5378315609338657,7.407407407407418,hold_expired,,1.4171605753045,1.4171605753045,8.371969797324152,0.23278608184267302,6.704056345376297,1.9165414788849942,0.48640483383685956,1.019357677078747,4.057491732383611,0.5261695809613918,0.8225887056471761,0.4582707394424971,0.652567975830817,81.62,76.67,54.6094,0.0,True
300191,2025-06-06,2025-06-09,19.0,2025-06-12,19.97,3,5.105263157894724,4.895263157894724,-3.6842105263157787,12.210526315789473,hold_expired,,4.0991608725486,4.0991608725486,10.509950248756228,0.679886685552411,5.459940652818984,1.6613241924525972,0.8181818181818182,1.7390213299874502,4.837758112094392,0.5046998527389388,0.6857142857142853,0.3306620962262986,0.8181818181818181,17.65,16.85,58.5464,6.921778277996626,True
300255,2025-06-06,2025-06-09,44.46,2025-06-12,52.42,3,17.903733693207393,17.693733693207392,-0.9671614934772754,21.457489878542525,hold_expired,,7.932220499845501,7.932220499845501,68.91050583657588,8.47076461769114,16.819160387513456,1.6258944880703539,0.8136363636363639,2.707295634339289,15.11535401750197,0.5004282545594028,0.6741918932786053,0.31294724403517693,0.8439393939393935,40.02,37.16,77.6276,2.4187975120939953,True
300927,2025-06-06,2025-06-09,33.0,2025-06-12,34.61,3,4.8787878787878824,4.6687878787878825,-3.3333333333333326,9.57575757575757,hold_expired,,1.8631578640523,1.8631578640523,-4.759206798866867,1.4177978883861186,8.346761198839815,3.0562955125412334,0.6213592233009702,0.8897573015220067,6.899841017488062,0.5244800618095828,0.886828041496385,1.0,0.7831715210355978,33.04672897196197,30.933333333332733,46.8331,-1.844140392623439,False
300267,2025-06-09,2025-06-10,3.44,2025-06-13,3.2336000000000005,3,-6.000000000000005,-6.210000000000005,-6.10465116279072,1.1627906976744207,stop_loss,,10.4768336228945,10.476833622894498,8.517350157728698,2.9940119760479167,8.176100628930815,3.31940608354108,0.6176470588235295,2.106194690265486,7.1651090342679025,0.5175693237982548,0.6396396396396388,1.0,0.6470588235294114,3.34,3.18,57.334,0.0,False
300363,2025-06-09,2025-06-10,16.98,2025-06-13,16.4,3,-3.4157832744405203,-3.6257832744405203,-4.181389870435826,3.945818610129548,hold_expired,,4.1008719767978,4.1008719767978,10.396361273554234,2.6586102719033056,6.98992443324935,2.4036378034002426,0.6916666666666657,2.248995983935743,5.7907845579078465,0.507016670996943,0.7867154174283966,0.7018189017001213,0.7166666666666666,16.55,15.88,61.5502,-0.05885815185402432,False
300639,2025-06-09,2025-06-10,5.85,2025-06-13,5.6,3,-4.2735042735042805,-4.4835042735042805,-4.78632478632478,0.6837606837606813,hold_expired,,7.2525795747783,7.2525795747783,0.8605851979346157,0.17094017094019254,4.085257548845478,1.7196097121825933,0.8888888888888911,0.8208469055374584,3.3509700176366897,0.7223519523876012,0.7590361445783136,0.35980485609129664,0.9444444444444455,5.85,5.63,46.4289,-0.17064846416383617,False
300820,2025-06-09,2025-06-10,48.39,2025-06-13,45.68,3,-5.600330646827856,-5.810330646827856,-5.641661500310002,4.13308534821244,hold_expired,,3.5287729448016,3.5287729448015996,0.4317825273480347,0.4366812227074135,5.458515283842802,2.8120526252649256,0.7081967213114733,1.1863567815980534,4.704097116843697,0.6858493827206562,0.7836691410392373,0.9060263126324628,0.7377049180327858,48.09,45.8,46.7207,0.18633540372670065,False
300834,2025-06-09,2025-06-10,23.53,2025-06-13,24.39,3,3.6549086272843034,3.4449086272843035,0.0,37.27156821079469,hold_expired,,1.0848354956961,1.0848354956961,17.664092664092657,5.49545651233232,14.891611687087657,7.346649013878744,0.698598130841121,6.164609053497945,13.978494623655902,0.49094542491025206,0.652527075812275,1.0,0.698598130841121,23.11,21.22,76.4522,-3.4864643150122943,True
301148,2025-06-09,2025-06-10,22.6,2025-06-13,24.13,3,6.769911504424764,6.559911504424764,-3.6725663716814294,12.831858407079654,hold_expired,,1.0835011121957,1.0835011121957,17.409326424870454,1.2058954890576068,9.152215799614627,2.3829395622782945,0.913705583756346,1.776939067354623,8.837656099903946,0.6700782677959036,0.3868349864743017,0.6914697811391473,0.9187817258883249,22.39,20.76,75.9627,-0.26478375992938785,True
301487,2025-06-09,2025-06-10,19.39,2025-06-13,19.01,3,-1.9597730789066459,-2.169773078906646,-2.2176379577101613,6.807632800412589,hold_expired,,1.000900090009,1.000900090009,0.26096033402922547,0.6286013619696273,5.840220385674955,2.4581817680776012,0.7542372881355939,1.3929173693086008,4.91534680502459,0.7360582265156759,0.9026500811249331,0.7290908840388006,0.7711864406779664,19.09,18.15,47.8172,0.9370119729307458,False
300743,2025-06-10,2025-06-11,19.89,2025-06-16,22.62,3,13.72549019607845,13.51549019607845,-3.318250377073906,19.155354449472096,hold_expired,,2.3866589856899,2.3866589856899,19.712702188057698,2.6835443037974693,9.859154929577475,2.935898810161861,0.6883116883116887,3.1582558854194764,8.391234633885624,0.7712323408901949,0.8525539757767255,0.9679494050809305,0.7489177489177495,19.75,18.46,88.44,-1.9230769230769273,True
300844,2025-06-12,2025-06-13,51.2,2025-06-16,47.3,1,-7.617187500000011,-7.827187500000011,-9.101562500000016,0.0,stop_loss,,2.24,2.24,20.507349454717883,0.6734006734006703,7.010526315789467,1.5107766936773055,0.7080291970802912,1.320936639118457,5.984153461217678,0.3478241197551513,0.5824175824175828,0.25538834683865275,0.8394160583941597,50.49,47.5,73.2958,0.7279165846940883,True
300906,2025-06-12,2025-06-13,27.15,2025-06-18,26.95,3,-0.7366482504604033,-0.9466482504604032,-3.867403314917117,0.14732965009209842,hold_expired,,1.0768475726351,1.0768475726351,9.179572079023712,0.40755835494628023,4.633204633204646,2.762878242074928,0.7899159663865548,1.4084675306288335,3.3562166285278527,0.4364686087366407,0.7982062780269052,0.8814391210374639,0.8907563025210093,26.99,25.9,63.5088,0.18450184501843658,True
300587,2025-06-20,2025-06-23,7.0,2025-06-26,7.18,3,2.571428571428558,2.361428571428558,-3.0000000000000027,7.285714285714273,hold_expired,,8.6089910440238,8.6089910440238,11.446740858505567,0.28612303290413976,5.891238670694854,1.8299332518567266,0.8627450980392151,1.457142857142856,5.731523378582204,0.2930600083626475,0.7071742313323572,0.41496662592836325,0.9411764705882348,6.99,6.62,60.8702,-0.14265335235376098,True
300172,2025-06-23,2025-06-24,5.62,2025-06-27,5.48,3,-2.491103202846956,-2.701103202846956,-3.9145907473309594,1.245551601423478,hold_expired,,7.347354985645999,7.3473549856460005,16.184971098265887,3.076923076923088,11.873840445269025,3.3803402415143604,0.494252873563219,4.185567010309276,11.254612546125475,0.6199022585501763,0.39341421143847555,1.0,0.5977011494252878,5.85,5.39,69.5237,-6.799336650082932,True
300541,2025-06-23,2025-06-24,15.76,2025-06-27,16.11,3,2.2208121827411276,2.0108121827411276,-2.6649746192893398,7.614213197969555,hold_expired,,3.440744953081,3.440744953081,11.027479185537814,2.7310788565340083,17.026743419841495,2.7059046625100196,0.8999999999999997,3.422821602831235,12.850200114351074,0.4811013374199438,0.40268456375839,0.8529523312550097,0.9045454545454541,15.370226980728049,13.492642398286934,61.9322,-0.18999366687777464,False
300585,2025-06-23,2025-06-24,15.81,2025-06-27,15.86,3,0.3162555344718321,0.10625553447183209,-1.9607843137255054,5.819101834282092,hold_expired,,2.0498937852819,2.0498937852819,2.881466928618215,0.319284802043418,5.0133689839572115,2.457592245439166,0.4909090909090919,2.1999999999999993,4.52428476380573,0.6076296650394727,0.6161228406909782,0.7287961227195829,0.8000000000000009,15.66,14.96,47.4072,0.6365372374283806,False
301101,2025-06-23,2025-06-24,49.0,2025-06-27,48.81,3,-0.3877551020408099,-0.5977551020408098,-3.469387755102049,10.448979591836727,hold_expired,,1.5612239289270997,1.5612239289271,12.09714026327735,0.38617886178862193,10.270149586961374,2.5456874619271153,0.859099804305284,2.2761692650334058,10.000000000000009,0.6671908830154991,0.4605983986514952,0.7728437309635576,0.859099804305284,49.2,44.79,66.0216,-0.7896335290544787,False
301219,2025-06-23,2025-06-24,54.45,2025-06-27,52.65,3,-3.305785123966931,-3.515785123966931,-4.0955004591368365,0.0,hold_expired,,2.5571474754308,2.5571474754308006,20.47744196233028,7.989791912053401,15.932560590094823,5.758988820626448,0.6472491909385114,3.579644187008689,15.421737305916917,0.23684426670579065,0.7904683648315527,1.0,0.6472491909385114,50.94,47.45,78.3547,-1.017996727867665,True
