signal_date,code,original_rank,momentum,extension,risk,volume_ratio,body_efficiency,range_atr,day_return,C,D,V,L,prior_high,prior_support,score
2024-01-05,300707,2.0,9.548916227299342,0.10706638115631772,6.552706552706522,4.115145157244179,0.5590551181102359,1.8955223880597072,4.761904761904745,0.8207010384642683,0.6800433839479406,1.0,0.6299212598425189,18.557006846394387,17.4344470103973,64.2074
2024-01-05,301238,1.0,13.752222880853582,8.786848072562359,12.617370892018798,13.856600718514395,0.41056910569105753,5.449367088607582,11.76470588235292,0.9289783193720389,0.9133949191685922,1.0,0.5365853658536591,17.3345033797638,16.74489442126843,75.8718
2024-01-05,301329,3.0,4.161013116237,1.053093462044763,7.466168922071859,6.469495559296453,0.6612903225806447,1.8454996456413908,6.325023084025849,0.6022843332881774,0.682610639248993,1.0,0.6612903225806447,21.971531697625394,20.660374035985615,50.8213
2024-01-09,300763,1.0,5.84358523725832,3.3905579399141406,12.69296740994854,4.3180531783287295,0.6940948693126816,3.019206680584547,12.116040955631412,0.2674327388202529,0.6714178544636131,1.0,0.7202323330106479,69.39181053725594,63.66375979619774,50.1746
2024-01-11,300663,1.0,14.967462039045554,0.7604562737642651,14.967462039045554,3.4062370021192736,0.7534883720930242,3.60047846889952,12.28813559322035,0.6400726210529822,0.36507936507936506,1.0,0.8000000000000009,15.78,13.83,71.0122
2024-01-11,300862,2.0,1.0528834649437657,3.6064769381746853,13.095875736475616,2.3299689440993787,0.5846994535519116,1.4921374490390202,6.105527638190944,0.6616489389480209,0.9425430926804881,0.6649844720496894,0.7896174863387968,29.03836746645017,26.601880304152342,48.6108
2024-01-18,300763,1.0,19.669917479369836,0.21359467269757015,8.91711047384951,1.5718932450571077,0.9948186528497397,1.4802775748721686,6.318315115969075,0.3878940466228235,0.9548832271762211,0.28594662252855385,0.9948186528497397,79.01136195508154,72.69760065297928,82.2373
2024-02-21,300737,4.0,-5.410447761194037,1.4000000000000012,6.962025316455689,1.6093727420328292,0.5227272727272725,1.2246520874751503,4.752066115702491,0.3981607588399356,0.8775510204081629,0.3046863710164146,0.6136363636363643,4.636442642391323,4.395347624986974,34.4553
2024-02-21,300783,1.0,9.352517985611497,1.5025041736227207,6.604324956165986,2.3200071101918134,0.570588235294118,1.5845539280958736,4.4673539518900185,0.5671902062929486,0.8923512747875375,0.6600035550959067,0.6352941176470591,17.646872156596213,16.802336260398512,59.9041
2024-02-21,300862,2.0,4.068002428658191,2.358913108390559,12.283000327546677,2.1873634819189385,0.6763005780346828,1.1527843883864826,7.1250000000000036,0.7554404388195824,0.9132589838909535,0.5936817409594692,0.9190751445086709,23.859051188700104,21.7502786739628,57.4848
2024-02-21,300973,3.0,-1.3838915029061871,1.3367463026166204,9.664512157586946,1.7946826103549167,0.6857142857142857,1.6906267970097768,7.610993657505305,0.6229462657723916,0.7468354430379744,0.39734130517745836,0.6857142857142857,34.040592509577415,31.455598709788696,38.2344
2024-02-22,301165,1.0,16.40302613480056,2.7002427184465994,8.737552200449738,1.727591884170258,0.7016574585635362,0.8054672600127154,6.246076585059623,0.24955772314071867,0.6927289321569832,0.363795942085129,0.7016574585635362,22.93251169919305,21.659256346962366,64.6115
2024-02-26,301015,1.0,18.36661911554922,2.8509451502943817,7.899869960988282,2.1255419597263705,0.6724890829694326,1.162858179180267,5.599745466115169,0.5212291398906221,0.818806622930335,0.5627709798631853,0.7379912663755448,30.175476082208785,28.763484483692043,77.2213
2024-02-27,300373,1.0,13.73937677053827,0.27472527472527375,4.557291666666674,1.5288018073355336,0.9296482412060296,0.8900958466453712,4.231568016614751,0.132854474340943,0.801526717557254,0.2644009036677668,1.0,38.78410935982896,37.1955494359998,64.1385
2024-03-05,300875,1.0,31.951219512195127,0.7448789571694592,14.667231877914366,2.5329262479286316,0.8203125000000006,1.9241231209735148,12.99081035923142,0.7368828727650073,0.7119675456389465,0.7664631239643158,0.8984374999999998,26.85,23.59,87.3661
2024-03-06,300809,1.0,22.13908450704225,0.9090909090909038,6.7718353212774085,1.7401513401109057,0.8020833333333311,0.920232796987334,5.875619992369319,0.35895862542412615,0.5866861741038778,0.37007567005545283,0.9635416666666663,27.345589049366687,25.84406761429237,77.1563
2024-03-07,301265,1.0,22.395209580838337,0.7889546351084853,8.723404255319146,4.050792151474819,0.6666666666666674,1.4330708661417344,7.805907172995785,0.8394841068171327,0.5854398382204242,1.0,0.6666666666666674,10.14,9.4,84.7072
2024-03-08,300101,4.0,13.498452012383911,7.886992348440258,14.777708202880401,3.978828420317654,0.7326732673267338,3.437601296596433,14.419475655430713,0.2922297311892006,0.7208737864077666,1.0,0.8019801980198021,16.931647174342,15.915150404605166,68.2331
2024-03-08,300136,3.0,11.713554987212271,4.397705544933084,11.258278145695378,2.640804020996954,0.8683127572016461,2.608895705521473,10.975609756097548,0.492310336212793,0.7473997028231796,0.820402010498477,0.9753086419753089,20.804611141753895,19.52172642029775,69.733
2024-03-08,300302,1.0,18.56410256410257,7.037037037037042,16.532258064516125,5.226750429930158,0.7219512195121957,3.040254237288134,16.297786720321938,0.6320726376111534,0.6317829457364336,1.0,0.8195121951219516,10.8,9.92,82.4763
2024-03-08,300604,2.0,15.447761194029862,2.6202321724710043,12.182741116751284,2.555539487891408,0.8857142857142863,2.1884769986601165,10.499999999999998,0.6737652382942078,0.7765363128491622,0.7777697439457041,0.9057142857142868,30.056366459627462,27.49434782608708,78.542
2024-03-08,301380,5.0,5.215973920130379,1.307873397855075,7.5235980011104875,2.6001436687781623,0.5234521575984984,2.233463035019455,7.493755203996644,0.3294709415453512,0.7589382448537376,0.8000718343890811,0.5684803001876162,25.75000450096032,24.26144813300002,46.1284
2024-03-11,300014,1.0,18.219749652294848,4.964188688565074,13.971574148565292,3.990910544506353,0.9263657957244643,2.9048792508624937,13.001861207125764,0.5852421004751842,0.6609298741330585,1.0,0.9382422802850362,39.51436217893878,36.391468650348905,83.8969
2024-03-11,300733,2.0,4.147982062780264,0.10775862068965747,5.448354143019274,2.017073956463712,0.6491228070175422,1.0901639344262306,4.147982062780264,0.6738499210102891,0.9111111111111104,0.5085369782318561,0.8947368421052623,9.28,8.81,55.0505
2024-03-12,300097,1.0,7.682775712515477,0.6952491309385689,9.170854271356777,1.800478684175128,0.8032786885245913,0.9838709677419346,5.717761557177603,0.30287780381183765,0.8679471788715489,0.40023934208756395,1.0,8.63,7.96,56.9303
2024-03-12,301378,2.0,-7.250976562499989,0.5558496559026072,7.1650211565585264,1.8480118590861527,1.0,0.44477172312224145,4.196379594075705,0.5113118924535072,0.96174863387978,0.42400592954307637,1.0,26.533843651324602,24.897426083627774,46.336
2024-03-13,301071,1.0,23.7887067395264,2.720677146311967,11.300360301342938,2.274454507655874,0.8831168831168841,2.2936170212765896,8.735999999999988,0.7987568250194472,0.7962382445141072,0.6372272538279371,0.9675324675324685,32.13659317642323,29.659316495653,89.6478
2024-03-15,300278,4.0,1.9830028328611915,0.8403361344537785,4.956268221574334,1.5425503031765664,0.8333333333333334,0.5454545454545461,3.4482758620689724,0.5002287945631299,0.7752808988764041,0.2712751515882832,1.0,3.57,3.43,45.8114
2024-03-15,300343,3.0,3.5514018691588767,1.6513761467889854,5.927342256214141,2.3811224408210694,0.38235294117647045,1.560655737704917,4.331450094161959,0.5527750031016285,0.7970479704797042,0.6905612204105347,0.8235294117647068,5.45,5.23,50.7263
2024-03-15,300403,2.0,5.249999999999999,2.4330900243308973,7.948717948717943,1.9474565922533869,0.8846153846153855,1.1097560975609753,4.856787048567868,0.20923663549445173,0.9135802469135803,0.4737282961266934,0.9807692307692321,7.771894757468781,7.374790645773295,51.6949
2024-03-15,300489,1.0,7.252888318356865,2.32700551132885,6.841432225063948,2.4461589624210176,0.6639344262295093,1.4292887029288697,5.094339622641519,0.23303628681372235,0.8635235732009918,0.7230794812105088,0.8606557377049194,16.33,15.64,55.3981
2024-03-15,300496,5.0,0.7645747053201646,0.588328828112572,5.785953177257541,1.5382946441005945,0.6403712296983762,1.4061990212071767,4.165980569734895,0.0799541339625427,0.7558232931726907,0.26914732205029723,0.9791183294663576,62.27097123839597,59.21138623081696,36.3397
2024-03-18,300133,3.0,2.8960817717206044,0.33222591362125353,8.828828828828827,1.9035194000926823,0.8974358974358977,1.240909090909089,6.713780918727896,0.15918779056840382,0.6587030716723554,0.4517597000463411,1.0,5.958810981336431,5.493588197079268,42.5781
2024-03-18,300450,1.0,13.54810238305384,7.074490220557617,14.101995565410208,4.0556917512492685,0.667574931880109,4.299581589958155,12.015672616456241,0.6290166855738316,0.8456922417488225,1.0,0.7520435967302453,23.537939871918237,22.08824569753459,74.2577
2024-03-18,300860,4.0,0.6134969325153339,0.5148320666830131,6.465853025188273,1.5931456256701482,0.6476190476190469,1.2585616438356169,4.993597951344442,0.4645335245316376,0.7284504235176872,0.2965728128350741,0.9857142857142845,28.52664377836289,26.932116987123187,41.8018
2024-03-18,301110,2.0,6.566820276497687,1.928374655647369,6.382978723404231,1.5783113116339027,0.7419354838709623,0.8955839867932346,4.225352112676051,0.4093351949702164,0.9217439910564564,0.28915565581695135,0.8903225806451595,25.089599177216503,24.039015410016255,53.7978
2024-03-21,300720,2.0,6.52591170825334,0.3616636528028794,6.730769230769207,5.240409867826236,0.46861924686192363,2.847659574468089,5.379746835443022,0.5116128287051154,0.8873591989987475,1.0,0.4686192468619236,16.22185280802732,15.253821808633285,53.4088
2024-03-21,301013,1.0,25.32637075718016,8.270676691729317,14.741035856573692,3.1057973915815853,0.7085020242914979,3.31543624161074,12.5,0.477192643552093,0.8234842670759803,1.0,0.7692307692307693,13.261803561171794,12.513957495692182,84.8948
2024-03-22,301182,1.0,14.402515723270447,0.16519823788547772,4.90196078431373,1.8940934398450737,0.7589285714285721,1.4990439770554507,3.469852104664417,0.06230731753966667,0.8267188373392944,0.44704671992253686,0.7589285714285721,18.16,17.34,61.7895
2024-03-25,301004,2.0,4.033251231527091,1.395348837209287,8.110702287633975,2.1956462585034013,0.6388888888888886,2.27710843373494,6.4251968503936885,0.14488421476046742,0.7512285012285005,0.5978231292517007,0.7067901234567894,45.01063677898088,42.21477727012895,41.6222
2024-03-25,301210,1.0,4.550561797752795,1.972602739726037,6.647564469914036,3.4887403237156933,0.5091383812010428,2.6584035696579065,5.618615209988653,0.34617076176045725,0.7267457907811217,1.0,0.7101827676240202,25.842352486808988,24.70953703533243,49.3985
2024-03-26,300174,2.0,4.347826086956519,0.9345794392523255,7.7690662865288695,3.4177887630501345,0.9292929292929286,2.08421052631579,6.930693069306915,0.1402980468399777,0.5929443690637728,1.0,0.9696969696969686,14.773408466938415,13.836510066164616,49.0882
2024-03-26,300438,4.0,0.786516853932584,1.2796386902521606,14.510638297872337,3.096708013937282,0.8796068796068797,2.8013765978367755,14.510638297872337,0.3394257908284575,0.2120736965895733,1.0,0.8796068796068797,26.500260465494957,23.43831843956084,37.4377
2024-03-26,300871,1.0,22.232824427480914,1.104972375690605,10.051546391752586,2.0362165110922534,0.875,2.18384401114206,8.375634517766507,0.3823057819838702,0.563106796116505,0.5181082555461267,0.9642857142857147,12.351237488154199,11.347151094089572,78.648
2024-03-26,301349,3.0,1.6050444253367768,2.9027576197387273,13.078149920255179,4.399236641221374,0.8131212723658054,2.762652020400158,12.754452926208648,0.47125045213350236,0.329376854599406,1.0,0.8131212723658054,34.15209974097927,31.078906440629897,41.4819
2024-04-02,300927,1.0,35.8730158730159,0.8244994110718773,16.30434782608696,1.739315672557276,0.8451882845188302,2.034042553191489,12.55752794214333,0.4051340565600101,0.4530764449968929,0.369657836278638,0.9246861924686204,16.762154557331012,14.531149298228064,75.0635
2024-04-08,300131,1.0,6.066176470588225,1.228070175438578,9.695817490494285,2.230742977906028,0.9399999999999995,1.7543859649122806,7.8504672897196315,0.27924470083883307,0.570661896243291,0.615371488953014,0.9399999999999995,5.7,5.26,49.8347
2024-04-08,300634,5.0,-11.039260969976905,0.20811654526535772,8.323959505061861,2.437444997359873,0.6560846560846555,1.5189437428243417,7.298050139275758,0.4836524384084248,0.3635889410537287,0.7187224986799365,0.772486772486772,18.915093139680533,17.497937358143595,35.3456
2024-04-08,301016,3.0,1.6750418760469232,1.2229016120066882,6.491228070175437,3.0821742313323575,0.4300000000000006,2.321724709784415,5.077899596076185,0.35955591757544814,0.7523916713562175,1.0,0.7550000000000013,9.4411394477539,8.974068068737727,45.1293
2024-04-08,301046,2.0,1.5541740674955618,4.860155891792783,8.234737340274512,3.8314550283540307,0.6061946902654877,2.8894977168949754,7.069288389513129,0.23250013565504268,0.8433179723502318,1.0,0.9026548672566378,21.161653713831555,20.501868086807004,47.2987
2024-04-08,301337,6.0,-10.308056872037918,1.9391327767304123,8.5771658060815,2.325072210533823,0.6784313725490199,2.5373134328358224,8.5771658060815,0.2138466398940757,0.5245901639344244,0.6625361052669114,0.784313725490196,36.86565461189465,34.61181577620919,33.3882
2024-04-08,301383,4.0,-11.143761301989151,0.9501797637391007,7.935200439319057,3.399218984680084,0.5334872979214798,2.233603537214442,5.814266487214015,0.233746671531871,0.6119016817593794,1.0,0.7390300230946896,27.264756260040706,25.500319029036532,37.4653
2024-04-12,300894,2.0,15.12738853503186,5.16363636363637,16.425120772946865,10.262787828947369,0.7414634146341463,3.9640883977900523,15.12738853503186,0.29494464062520964,0.6171516079632469,1.0,0.7414634146341463,13.298440065681454,12.012118226600993,68.7655
2024-04-12,300926,1.0,19.134304207119747,2.4347826086956514,11.84960121534373,4.883866857779902,0.3846153846153848,1.6688241639697976,9.520267757530675,0.5245997025821028,0.7427536231884049,1.0,0.583710407239819,19.61878394889491,17.967394134761843,78.9531
2024-04-15,300628,1.0,32.815611310234985,5.873015873015874,11.875209661187537,2.650652550273006,0.7534246575342473,1.5595116988809783,9.95713814704915,0.3656375163584192,0.74927675988428,0.8253262751365028,0.7534246575342473,29.1108693538656,27.549048109166144,80.0455
2024-04-22,300636,1.0,41.34615384615383,5.21472392638036,15.100671140939603,2.3649257651580085,1.0,2.122292993630573,12.33624454148472,0.5694631357567681,0.6726504751847941,0.6824628825790042,1.0,9.690846861121265,8.858504185932935,85.4563
2024-04-22,300667,3.0,-1.9083969465648831,0.4691164972634887,9.829059829059839,4.076959563619115,0.41353383458646614,2.1304347826086945,8.806096528365792,0.5924670121830591,0.784589892294947,1.0,0.601503759398496,12.692515243902552,11.610823170731809,42.6859
2024-04-22,301101,2.0,1.411589895988108,3.09667673716012,7.862504938759396,2.688052786747157,0.7905759162303673,1.9807407407407382,5.854982551376509,0.6359255873721157,0.839755818389927,0.8440263933735785,0.7905759162303673,25.88516859569444,24.741450798981354,49.2102
2024-04-23,300215,6.0,-6.619385342789608,1.5424164524421524,10.644257703081239,3.773737803293406,0.4310344827586201,3.018587360594797,7.629427792915533,0.7207494982386164,0.8655913978494614,1.0,0.4310344827586201,3.8593348955051527,3.5418574747952167,42.4158
2024-04-23,300503,9.0,-6.652512384996467,0.3041825095057016,10.747271200671694,3.003299584161996,0.5592105263157894,2.1195219123505966,7.761437908496727,0.581463067202601,0.5849647611589671,1.0,0.605263157894737,13.15,11.91,39.6017
2024-04-23,300532,5.0,-2.7247956403269824,0.8474576271186418,7.44920993227991,2.747127646511954,0.5714285714285703,1.0652173913043443,5.856189770200149,0.6113044421917841,0.775362318840578,0.873563823255977,0.657142857142857,9.225329694168988,8.658519183298436,42.6785
2024-04-23,300660,1.0,3.1393568147013884,3.2579532387888133,9.245742092457432,3.249511065362841,0.6956521739130468,2.1045751633986907,6.0212514757969515,0.5466732700695485,0.9296600234466592,1.0,0.7342995169082146,18.019413735535345,17.03176476497898,53.1097
2024-04-23,300733,11.0,-11.17589893100096,1.218161683277974,11.19221411192215,1.8970631424375919,0.5368421052631581,1.734028683181225,5.909617612977991,0.6937686136486325,0.8741418764302069,0.44853157121879594,0.5368421052631581,9.03,8.22,38.7408
2024-04-23,300903,8.0,-9.452054794520537,0.15151515151516914,13.184931506849317,1.8223780124491322,0.8490566037735848,1.2124183006535958,8.183306055646478,0.6740360633009177,0.6220472440944893,0.4111890062245661,0.9056603773584909,6.6,5.84,41.6663
2024-04-23,300947,3.0,-6.2772449869224145,5.5992141453831135,16.09071274298057,3.671851328148672,0.6249999999999999,2.5761226725082165,12.801678908709357,0.8176336120468677,0.6948118006103756,1.0,0.6249999999999999,10.18,9.26,45.1867
2024-04-23,300956,10.0,-11.120000000000008,0.7252946509519465,12.2222222222222,1.7893545408512792,0.7901234567901219,0.9426433915211959,8.284600389863538,0.7665487850713883,0.5176252319109467,0.3946772704256396,0.7901234567901219,7.606883471654454,6.82757446685214,39.0119
2024-04-23,301081,12.0,-10.463733650416163,1.2096774193548487,10.572687224669618,2.393207410098075,0.1400000000000007,1.0886469673405914,6.960227272727293,0.7075417520357852,0.7237569060773466,0.6966037050490375,0.500000000000001,6.965697403926526,6.375860123755327,38.4355
2024-04-23,301105,13.0,-10.848198034219148,2.3401587964897663,17.065009560229427,2.076417419884963,0.5940170940170928,1.4547069271758442,11.318181818181806,0.3688138270909038,0.606986899563319,0.5382087099424815,0.5940170940170928,23.93,20.92,31.8994
2024-04-23,301176,4.0,-10.175145954962472,1.412429378531077,10.010214504596537,1.7038872370884264,0.8555555555555547,1.3710554951033729,6.7393458870168566,0.7316104811425629,0.7206165703275527,0.3519436185442132,0.9555555555555545,10.62,9.79,44.414
2024-04-23,301255,7.0,-6.503327283726568,1.7110891740704126,11.387387387387381,3.1248374512353707,0.567934782608695,2.287744227353462,7.625348189415027,0.6302231114434007,0.7687074829931976,1.0,0.567934782608695,21.29529565988305,19.44535882072243,42.3427
2024-04-23,301390,2.0,-6.836581709145428,1.7354289456450678,8.636363636363642,2.6150759529951277,1.0,1.2276350752878662,6.623198352779691,0.7301587786969524,0.7458193979933117,0.8075379764975639,1.0,30.162263450833827,28.246258503400377,50.2151
2024-04-24,300337,1.0,-5.464480874316935,4.060150375939853,12.703583061889256,3.293077647375324,0.8333333333333344,1.6493688639551183,11.612903225806459,0.8551915447441731,0.733124018838305,1.0,0.8333333333333343,6.630208333333215,6.121726190476081,50.4914
2024-04-24,300469,3.0,-11.639460610361962,1.1372867587327251,10.176991150442461,1.6250803032249774,0.8199999999999985,0.8363201911589007,9.114811568799297,0.8752643344864168,0.31428571428571495,0.3125401516124887,0.9799999999999986,12.31,11.3,40.5687
2024-04-24,300757,2.0,4.702970297029707,4.149188400510662,17.40337171052633,2.217543793487074,0.8064713064713074,1.7198140092995342,13.891104906262463,0.3391092009584,0.7029511369134025,0.6087718967435369,0.8876678876678884,78.15852102173214,69.33486161767374,48.8779
2024-04-25,300801,1.0,-0.6101694915254252,0.8253094910591452,5.467625899280559,2.4598383866289106,0.939759036144578,1.0859813084112135,4.864091559370509,0.46674793048253616,0.701596113809855,0.7299191933144553,1.0,14.214725824882086,13.589043257624553,44.8244
2024-04-29,300596,1.0,33.33333333333333,2.0134228187919545,16.296863045141528,1.8868106560438191,0.781437125748503,2.231980906921239,14.803625377643503,0.6535234599829938,0.7640117994100284,0.4434053280219096,0.781437125748503,29.048522414154878,25.480817983423105,81.3258
2024-05-09,300327,8.0,7.9792746113989566,2.4582104228121793,8.54166666666667,2.6049023802115743,0.8742138364779871,1.603746397694525,8.091286307053934,0.3863747852969817,0.6207584830339332,0.802451190105787,0.9056603773584904,20.13360918979597,19.005176816326575,57.2033
2024-05-09,300390,4.0,16.065747613997882,0.5050505050504972,3.891789273849078,1.8056761235844216,0.6219512195121965,1.0891840607210617,3.4988179669031005,0.5708170346345258,0.7690531177829099,0.4028380617922108,0.6219512195121965,20.049380360392014,19.395796335787868,68.697
2024-05-09,300457,1.0,18.256130790190728,1.997649823736758,6.765067650676482,2.474315352996843,0.8510638297872312,1.3239436619718365,6.372549019607843,0.6809768036323116,0.7085068411659725,0.7371576764984216,0.8510638297872312,16.843881980963662,16.091746240333087,81.7474
2024-05-09,300490,3.0,13.375000000000004,1.5677491601343796,5.342624854819977,2.925593631948192,0.661764705882353,1.5063291139240547,4.976851851851838,0.605658140336887,0.7848244620611557,0.962796815974096,0.661764705882353,8.93,8.61,70.4705
2024-05-09,300759,5.0,15.02476609796366,0.7228915662650603,5.449041372351138,1.8784292579558786,0.699999999999997,1.8283582089552228,4.709418837675328,0.46314597377652134,0.7747306562193936,0.4392146289779393,0.7071428571428571,20.53596428756474,19.61555721347148,67.1527
2024-05-09,300890,2.0,23.646333104866347,4.761904761904767,16.53746770025839,3.7526211548316506,0.8746736292428193,1.3513104838709697,16.199677938808364,0.6359085766626928,0.30476475876536036,1.0,0.8746736292428194,34.09859176834844,30.653089464229613,81.6036
2024-05-09,301095,6.0,12.407407407407423,1.9216417910447925,9.676771732583811,2.2048333821131414,0.8050541516245494,2.058932837801963,9.500901984365617,0.43241261543935877,0.6034648700673719,0.6024166910565707,0.9530685920577626,52.849071400282625,49.11216877701638,65.4385
2024-05-09,301238,7.0,13.789417423837502,1.4775977121067596,8.180894308943088,2.2814314361317196,0.4552238805970129,0.9873684210526302,7.633973710818975,0.3829574842324446,0.4959193470955372,0.6407157180658598,0.6194029850746238,20.616659915388013,19.339173838648048,59.5572
2024-05-09,301487,9.0,8.914209115281512,1.0258004351880734,5.177993527508096,2.1018766756032172,0.3835616438356164,0.8491898628998756,4.602510460251041,0.4130128200636294,0.7459222082810537,0.5509383378016086,0.3835616438356164,32.141070143884924,30.872212230215858,48.3931
2024-05-13,300374,1.0,5.116002379536,1.0869565217391353,10.43750000000001,1.5789962517000034,0.6358695652173922,1.6891803278688517,5.116002379536,0.333794902777988,0.9232585596221945,0.2894981258500017,0.8206521739130445,17.48,16.0,48.3958
2024-05-14,300031,1.0,19.618745035742656,1.75675675675675,9.84682713347922,4.397969591993841,0.7090909090909099,2.193732193732189,8.893709327548805,0.39932591911317417,0.6443514644351457,1.0,0.8181818181818186,14.737815126050279,13.652394957983063,81.2563
2024-05-14,300856,3.0,12.707808564231726,1.7509948834564915,6.472337894110636,1.937626546681665,0.8321033210332108,1.8301977809937238,5.431196983977382,0.33189141337791433,0.7934694819430013,0.46881327334083245,0.9797047970479718,29.740596961803636,28.42179846093912,66.5783
2024-05-14,301011,2.0,18.51092896174864,1.6998827667057625,8.437500000000009,2.796613406327583,0.6478873239436631,2.0622406639004107,6.572481572481559,0.4246511143824088,0.6160661547548731,0.8983067031637916,0.6760563380281697,16.72251910088231,15.683488019584816,75.1368
2024-05-20,300314,1.0,14.473684210526304,0.6168080185042335,9.756097560975597,2.660605635777373,0.8064516129032255,1.8045738045738031,8.750000000000014,0.906064522695295,0.7244732576985403,0.8303028178886864,0.9354838709677413,12.66713943826338,11.61235835936404,80.4181
2024-05-21,300407,1.0,-5.981941309255056,0.6038647342995196,4.385964912280693,2.132620450817182,0.794871794871799,0.8149253731343288,3.606965174129373,0.4105758190455553,0.8168498168498175,0.566310225408591,1.0,8.149867720698353,7.854582658354211,44.0745
2024-05-22,301161,2.0,3.400576368876096,3.6994219653179172,8.859223300970886,5.03794720389024,0.6341463414634153,2.309859154929581,7.489514679448761,0.44679482066525456,0.7602339181286557,1.0,0.8109756097560987,17.16810515474747,16.35435681793285,51.1261
2024-05-22,301252,3.0,4.756542574612088,0.5498408880248551,7.976582510062213,2.560936020559989,0.5261044176706833,2.6138237748078543,4.201977401129953,0.20777402667714348,0.8010649034086096,0.7804680102799946,0.6987951807228919,20.093593895504327,18.711535613504605,46.4263
2024-05-22,301459,1.0,10.365135453474682,2.7863097849934126,10.287193973634645,3.5570251517779705,0.82618025751073,2.388868546320029,9.258395522388053,0.4912130770231593,0.7454545454545449,1.0,0.82618025751073,34.4405002234454,32.09812306915227,65.8039
2024-05-23,300581,1.0,7.482993197278898,0.7438894792773709,10.4895104895105,4.662763908947115,0.6370967741935484,2.712500000000002,9.72222222222221,0.39181208735586864,0.5681063122923604,1.0,0.7016129032258065,9.394708749999957,8.56605749999996,53.397
2024-05-24,300880,1.0,6.71211326691139,7.1616640337019755,14.261650758001142,5.038224336441516,0.7695035460992921,2.3556085918854412,13.623673925181468,0.5763022287098966,0.8029556650246319,1.0,0.7695035460992921,18.275201779981728,17.139617888439947,59.5032
2024-05-27,301381,1.0,13.594040968342647,1.8024032042723626,10.02886002886003,4.914810726576197,0.1597633136094668,2.56199242014077,9.31899641577061,0.6642655421632058,0.7212543554006969,1.0,0.20710059171597592,29.2816978536506,27.092412032816906,62.1129
2024-05-29,301387,1.0,34.46962638285331,4.566090401232681,22.423724522449206,3.408263335181,1.0,3.7779460327582215,19.9809976247008,0.7506604915167405,0.7684017427195602,1.0,1.0,34.50449362843795,29.47141180415884,92.7859
2024-05-31,300696,1.0,5.5294724785078575,0.7692307692307665,14.577259475218662,3.5135135135135136,0.7486631016042786,2.002753977968181,11.886120996441285,0.6401194827261669,0.46765498652291204,1.0,0.7540106951871661,15.6,13.72,52.7558
2024-06-03,300814,1.0,15.201984408221115,7.046427395456023,15.283687943262404,3.0740350348843046,0.6376306620209053,3.631269769543606,11.335616438356166,0.5180132486279985,0.9522835719154734,1.0,0.6951219512195123,30.249120125748448,28.08775724550893,76.3609
2024-06-05,300083,1.0,1.0494752623688264,0.7473841554558991,6.141732283464574,2.2740110289129896,0.5999999999999996,1.417004048582996,4.496124031007742,0.21101218113435458,0.7579425113464446,0.6370055144564948,0.7200000000000006,6.69,6.35,37.4033
2024-06-11,300613,1.0,15.268676277850602,0.5717552887364308,10.178515502662089,2.1632174058826816,0.8477611940298512,1.9364161849710968,8.312807881773399,0.2048038551299105,0.6379821958456957,0.5816087029413408,0.9641791044776135,34.77312832296224,31.74116601921625,68.2788
2024-06-17,300025,1.0,12.668743509865,4.628736740597872,12.318840579710134,3.0496044563525264,0.803418803418803,2.4557721139430284,10.152284263959398,0.3506791431996552,0.8009950248756206,1.0,0.803418803418803,10.37,9.66,68.681
2024-06-18,300449,3.0,1.6990291262136026,2.1951219512195363,7.435897435897454,2.640459395271348,0.8387096774193554,1.486301369863015,6.61577608142494,0.49305915326272953,0.8004987531172083,0.820229697635674,0.9677419354838717,4.1,3.9,50.3586
2024-06-18,300512,7.0,-2.2531867522329274,0.33444816053511683,4.166666666666674,1.6488474370639976,0.7741935483870999,1.201072850694023,3.806228373702414,0.5085738345719844,0.7966101694915253,0.3244237185319988,0.9677419354838726,5.971526048710567,5.7518377994269,42.1768
2024-06-18,300539,6.0,-12.654320987654334,0.5924170616113944,6.125000000000003,1.777007947366889,0.8799999999999989,0.875,5.597014925373145,0.6010627797203786,0.6867469879518053,0.38850397368344447,0.9600000000000014,8.356404988994877,7.92076302274396,42.4022
2024-06-18,300762,10.0,-3.7694013303769425,1.6393442622950838,8.027380211574364,2.4085667120391556,0.714285714285715,1.1893203883495138,5.918242830994491,0.4211177263539701,0.7850746268656719,0.7042833560195778,0.757142857142857,17.08,16.07,40.2786
2024-06-18,300912,9.0,-5.700483091787434,0.30832476875641834,6.08695652173914,1.5110715427110442,0.739130434782607,1.1065292096219952,5.513513513513502,0.5712318083130106,0.7368421052631582,0.2555357713555221,0.942028985507245,9.73,9.2,41.017
2024-06-18,301005,5.0,-0.05141953524883114,0.8559732043170731,10.657411188240108,2.9803214661258823,0.8400000000000005,1.1371046912840805,9.716599190283404,0.6083112552755101,0.5219737856592124,0.9901607330629412,0.8400000000000005,26.87,24.49,43.6559
2024-06-18,301023,11.0,-1.168667087807973,1.1312217194570096,5.673758865248213,2.227672955974843,0.49230769230769145,1.5999999999999996,4.369579719813199,0.6194710827144754,0.8327320432928833,0.6138364779874215,0.5499999999999988,21.461394037348054,20.538845424882865,38.9214
2024-06-18,301027,12.0,-2.8536733454739283,1.7980636237897585,8.235294117647074,3.8868120456905504,0.5619047619047622,3.2717825448277504,7.917888563049846,0.37715578023019547,0.6875,1.0,0.5619047619047622,7.23,6.8,37.2079
2024-06-18,301043,8.0,-2.9019607843137285,1.1437908496731986,5.227369315767105,1.5970009372071228,0.9574468085106395,0.9789830748460081,3.815513626834388,0.4582110154324497,0.8391089108910912,0.2985004686035614,0.9574468085106395,23.756615177972947,22.834687709873506,41.5937
2024-06-18,301055,2.0,5.8873720136518815,8.859649122807012,13.853211009174293,3.934811979283945,0.6373056994818654,3.583554376657824,11.701170117011706,0.5431359884811382,0.9019607843137258,1.0,0.6994818652849734,11.270826910506434,10.77649239688773,57.4408
2024-06-18,301112,4.0,-7.797483029165275,0.2557544757033181,4.1998936735778925,1.662062160828811,0.5543478260869593,0.8504083155323126,3.1036296685954756,0.6136263851139765,0.8446400828586245,0.33103108041440554,0.9673913043478286,19.55,18.81,44.5321
2024-06-18,301539,1.0,8.235294117647074,2.2222222222222365,7.309486780715413,2.3527983403272197,0.8897637795275617,0.8334533500071852,5.423987776928962,0.4736580727207007,0.6962962962962951,0.6763991701636098,0.8976377952755916,26.853499728703465,25.58044492675011,58.7367
2024-06-21,300779,1.0,17.627118644067785,2.833858121874422,8.948194662480379,1.5500418843990587,0.8822055137844615,1.3338108882521493,6.7487021726591045,0.6572182082241098,0.9369507069163154,0.27502094219952933,0.9949874686716802,53.99,50.96,81.8167
2024-06-21,300852,2.0,7.503888024883354,0.5454545454545379,7.755261106780975,1.5266889327463185,0.5245901639344257,2.478441127694859,7.587548638132291,0.24536054808334873,0.45200441338727493,0.2633444663731592,0.7119437939110067,27.363199570046323,25.532352762450497,42.3406
2024-06-26,300609,1.0,4.462365591401696,0.46535677352637084,9.712027103331454,2.2198249665734777,0.8670520231213871,1.556981070139066,8.245125348189418,0.5055703122474444,0.634997316156737,0.6099124832867389,0.9710982658959534,19.34,17.71,51.5543
2024-07-01,300380,2.0,7.846952010376129,2.654320987654324,8.763897972531055,2.6321755113582808,0.5458015267175564,3.5473887814313385,8.268229166666652,0.17184193262237013,0.6180338134001253,0.8160877556791404,0.5458015267175564,16.181557377049295,15.272593351548377,46.6189
2024-07-01,301507,1.0,12.51056635672021,0.909780136467031,6.055776892430287,1.703269093919282,0.6194690265486748,2.374007124587818,5.467511885895426,0.3308715926754324,0.7602474864655842,0.351634546959641,0.9557522123893817,13.093309541175838,12.458001117646457,64.0193
2024-07-02,300250,1.0,1.1535048802129522,0.35211267605634866,7.243650047036687,2.4919085595762676,0.7014925373134339,1.4169184290030215,4.875804967801289,0.32916018169502337,0.8193315266485992,0.7459542797881338,0.7164179104477619,11.36,10.63,41.3223
2024-07-05,300879,1.0,18.088467614533954,1.4935505770536261,10.250737463126836,2.1827657851181463,0.7987804878048765,2.565363128491621,9.28362573099415,0.3065468632171864,0.3827160493827156,0.5913828925590732,0.9817073170731694,14.723381584655556,13.553907283634036,72.0639
2024-07-16,300241,9.0,3.5175879396984966,0.4878048780487809,4.040404040404044,1.59204572517266,0.7000000000000006,0.8668730650154794,3.5175879396984966,0.5018875458646992,0.7310513447432767,0.29602286258633004,0.9000000000000025,4.085063752276852,3.9455737704917895,46.4895
2024-07-16,300319,1.0,23.91546162402671,7.321772639691715,16.162669447340996,3.5334634333610597,0.7641025641025653,3.2577565632458185,15.082644628099185,0.8098026805099288,0.5652173913043481,1.0,0.7692307692307698,10.265749272552755,9.484444655470222,86.0099
2024-07-16,300433,2.0,15.545505935556791,0.5905511811023612,6.792058516196442,1.785867082586882,0.8453608247422698,1.1204620462046184,4.659498207885293,0.7474033803460063,0.8338368580060442,0.39293354129344105,0.9690721649484569,19.95264540599462,18.79397800544966,78.1204
2024-07-16,300548,4.0,3.4715025906735697,1.1139240506329084,8.004326663061123,3.9394156757800647,0.8100558659217877,2.4861111111111103,7.423345884884336,0.7715087460483784,0.6621621621621634,1.0,0.8994413407821231,19.75,18.49,56.4369
2024-07-16,300701,5.0,7.442977190876321,3.110599078340992,8.484848484848474,3.5098400113266317,0.6444444444444437,2.329020332717193,7.314148681055155,0.23951175491639765,0.7089639115250292,1.0,0.7444444444444429,8.548885192804297,8.125380511593946,54.002
2024-07-16,300726,10.0,0.5850585058505997,0.7664562669071229,3.9051603905160492,1.72938584020472,0.6746987951807232,0.9164037854889617,3.042876901798075,0.5815768546341121,0.9131627056672766,0.36469292010236,0.8674698795180745,21.784517087667513,21.126463595839866,44.5875
2024-07-16,300976,3.0,7.5926346897021935,0.9598976109214785,5.154410131081977,2.5984519539361903,0.7741935483870945,1.0689655172413774,4.712389380530957,0.5523106624064984,0.6829477292202237,0.7992259769680952,0.9815668202764953,33.04937266245358,31.73106364200161,61.3377
2024-07-16,301131,8.0,-1.970580072162098,1.3195639701663708,4.869358669833712,2.1350069951810973,0.582978723404255,1.1860129776496002,4.250295159386042,0.8051113835822856,0.7777777777777797,0.5675034975905486,0.9021276595744686,34.54957332826507,33.38008117314881,47.4609
2024-07-16,301353,7.0,4.472843450479225,2.4275646045418986,5.144694533762073,4.2683073229291715,0.4177215189873412,2.207584830339322,3.8919777601270855,0.516786083783292,0.8745098039215684,1.0,0.5189873417721523,19.44972980907458,18.947113455355346,50.1949
2024-07-16,301387,6.0,2.0915428917853918,2.5578562728379994,9.138042773817245,3.4461060400077685,0.8780487804878052,2.221577164973389,7.91413008651074,0.6448205881129376,0.6060326254232064,1.0,0.8780487804878053,32.84,30.86,50.5069
2024-07-18,301000,1.0,5.059523809523814,1.0014306151645114,8.950617283950614,3.6321900791374864,0.8354430379746822,2.655462184873952,8.866615265998457,0.45012512384860237,0.5790251107828662,1.0,0.9620253164556957,13.711224333425143,12.710834575192408,54.7968
2024-07-22,300551,1.0,18.14744801512287,0.6441223832528209,11.012433392539966,2.1582431979677663,0.7183098591549293,1.6847457627118645,9.64912280701753,0.4840665619683815,0.375,0.5791215989838832,0.7605633802816902,6.21,5.63,70.1834
2024-07-25,300551,1.0,4.89396411092986,0.15576323987538387,10.671256454388978,2.1630163476364506,0.5188679245283019,2.4733333333333327,9.914529914529924,0.26012878601039024,0.35999999999999943,0.5815081738182253,0.6981132075471694,6.42,5.81,38.8672
2024-07-25,300963,3.0,1.6969476897642277,3.6011080332410073,9.516837481698403,4.965996216270039,0.5000000000000009,4.954684285981517,7.471264367816088,0.21889591666945066,0.7071129707112969,1.0,0.5000000000000009,5.124874045181243,4.848045668779486,37.284
2024-07-25,301199,4.0,-7.846853677028054,0.9551495016611344,7.757092198581561,3.481645738712263,0.22758620689654888,1.1166116611661143,6.4360770577933435,0.2767383028517634,0.5564853556485342,1.0,0.6620689655172384,17.15023148148181,16.06765873015904,35.7397
2024-07-25,301266,2.0,-1.270923744575314,1.1111111111111072,7.6013513513513375,2.0951064505878616,0.8171641791044771,1.4386503067484655,6.025299600532619,0.28065128027741526,0.7311305474570775,0.5475532252939308,0.8544776119402986,31.397859922179308,29.50402075227008,37.7418
2024-07-29,300899,1.0,17.12860310421287,0.23719165085389626,10.05208333333334,1.7144982855664102,0.8364779874213808,1.1771549444738258,6.234288587229764,0.7166876047123976,0.8514115898959875,0.3572491427832051,0.9748427672955959,21.08,19.2,80.848
2024-07-29,301178,2.0,5.294937296795177,0.9349955476402494,5.984104721832639,1.710947895044973,0.6761904761904766,1.5999732448310209,4.808136846971811,0.3210253349766971,0.7520288548241651,0.3554739475224865,0.8952380952380958,22.46,21.39,48.1452
2024-07-31,300034,2.0,4.052287581699332,0.3783102143757988,5.151915455746359,1.5115355913933917,0.8124999999999987,1.1867549668874189,3.0420711974110004,0.4247081149373488,0.8533163265306123,0.25576779569669583,1.0,15.86,15.14,49.8326
2024-07-31,300441,4.0,-4.0662650602409585,1.594896331738438,5.289256198347103,1.7428294507153395,0.8620689655172412,1.0049504950495056,4.084967320261446,0.5277630306478751,0.8869143780290791,0.37141472535766973,0.9655172413793112,5.910884371335597,5.703484919709787,44.2447
2024-07-31,300553,5.0,2.924791086350975,1.4181152790485152,5.521180390290326,1.6185834155972358,0.7416666666666675,1.382716049382716,4.921911973497406,0.261307909648957,0.7778806108283202,0.3092917077986179,0.9750000000000014,16.81538461538423,16.161538461538093,44.0303
2024-07-31,300809,6.0,4.239401496259343,0.7714561234329897,6.632653061224469,1.7392208774583964,0.8839285714285718,1.2758340113913744,5.025125628140703,0.21827852403858714,0.6274794388001905,0.3696104387291982,0.9464285714285706,20.722745424293553,19.58369384359468,43.7898
2024-07-31,301000,1.0,10.408635312259062,2.358827734095792,6.468401486988862,2.080059023761114,0.8068181818181821,1.5594936708860778,4.908424908424913,0.2732942499908839,0.7989949748743721,0.5400295118805569,0.931818181818181,13.721032076152914,13.19141396885323,60.9383
2024-07-31,301236,3.0,3.1437125748503103,0.29112081513826826,7.521847690387018,2.1211488191043686,0.9506726457399113,1.5311427170181473,6.987577639751552,0.33469567937237965,0.8260604211168745,0.5605744095521843,0.9955156950672647,34.28545659526596,31.97979706877209,49.2148
2024-08-12,301399,1.0,11.082995951416997,0.36579789666209006,10.802624936900562,4.350354237732878,0.5468354430379746,3.462742642454605,10.635080645161299,0.8810830682988773,0.575289575289575,1.0,0.5822784810126582,14.896704854808824,13.493540154264416,65.6572
2024-08-13,300432,2.0,6.980519480519476,4.272151898734178,9.650582362728798,6.987111302054784,0.38999999999999946,5.035971223021581,9.286898839137624,0.17625337455533785,0.7572815533980606,1.0,0.5099999999999999,4.488191577208917,4.268042939719239,48.1641
2024-08-13,300722,1.0,2.706621556307387,0.3305004721435356,13.758029978586727,4.441449872106807,0.6527777777777783,3.389374579690656,12.137203166226929,0.8933708964527642,0.5949367088607584,1.0,0.6527777777777783,21.048854489164192,18.56433436532517,50.7934
2024-08-19,301314,1.0,12.593856655290114,0.1822046765867169,4.73015873015874,2.040774629119659,0.45663265306122575,2.9489521762493283,4.3327008222644015,0.4552057248538363,0.8627573300062377,0.5203873145598295,0.6658163265306143,32.749709827538716,31.327539009033387,63.4774
2024-08-23,300333,1.0,13.228699551569512,0.397614314115291,12.222222222222223,3.2953680287501665,0.5252525252525247,4.949999999999997,11.72566371681416,0.6414325063197406,0.3004115226337436,1.0,0.6363636363636361,5.03,4.5,63.3123
2024-08-26,300417,1.0,12.583668005354752,2.311435523114347,10.949868073878633,3.778636706082741,0.6725663716814162,3.0838206627680282,9.791122715404699,0.2583614917248358,0.6595208070617911,1.0,0.6902654867256647,8.155592556317474,7.520607247796405,62.7409
2024-08-29,300827,1.0,13.108149984505712,12.100737100737092,22.237106496985938,3.6907349699779584,0.8898163606010011,3.592973436161096,17.438867438867444,0.4216161466084602,0.7429467084639498,1.0,0.9465776293823038,32.56,29.86,72.6163
2024-08-29,300925,2.0,6.540084388185652,0.4975124378109319,14.512471655328806,5.307336842365384,0.4848484848484847,4.485436893203885,10.989010989010994,0.7657104368797033,0.6194503171247336,1.0,0.5151515151515152,10.019868846695008,8.793556540084573,54.1606
2024-08-30,300094,1.0,10.902255639097746,1.3745704467353903,21.900826446280995,6.45961703981936,0.7750000000000004,2.7450980392156863,17.529880478087655,0.6494686006985135,0.3656716417910435,1.0,0.8500000000000011,2.91,2.42,64.0316
2024-08-30,300465,2.0,13.24599708879186,0.7772020725388629,5.850340136054433,2.135821350459618,0.5757575757575762,1.6267605633802802,4.429530201342291,0.4023485009508547,0.7131681877444598,0.5679106752298091,0.6060606060606073,7.72,7.35,61.0251
2024-09-10,300973,1.0,10.318866253321524,0.44354838709677047,5.283178360101437,1.612439211671359,0.7073170731707307,1.335919317300235,3.489821354383027,0.6548478413428171,0.7726349979699567,0.30621960583567953,0.8943089430894308,24.4273054438526,23.304437371030343,62.9984
2024-09-18,300260,1.0,5.529685681024432,4.016064257028118,12.399256044637319,6.122305283131015,0.5229357798165141,3.1496388028895757,12.399256044637319,0.183033538921614,0.5387344766410398,1.0,0.65137614678899,17.43,16.13,44.9134
2024-09-18,301021,2.0,1.6609392898052633,2.070155261644624,9.500308451573103,4.7547947441442915,0.400966183574878,2.5465729349736397,9.432799013563509,0.20888350463803196,0.541176470588234,1.0,0.5072463768115938,17.32987709409631,16.153956739235262,34.7177
2024-09-19,300311,5.0,3.2154340836012985,0.943396226415083,8.813559322033893,2.036440041525854,0.8,1.4973262032085564,6.644518272425248,0.4522443513256404,0.6474358974358965,0.5182200207629271,0.9,3.18,2.95,46.1083
2024-09-19,300436,4.0,9.670079635949968,0.20790020790022457,8.926553672316384,3.212909572869128,0.44599303135888524,3.29074529074529,7.289927657206463,0.7132200625403219,0.6199143468950743,1.0,0.4878048780487811,19.24,17.7,59.0933
2024-09-19,300583,1.0,14.354066985645941,3.463203463203479,9.71690895179802,2.869399428026692,0.966666666666666,2.0216606498194953,9.049429657794672,0.5818576212600216,0.7335307179866781,0.9346997140133461,0.9666666666666661,13.85163043478257,13.062107487922669,77.1193
2024-09-19,300598,3.0,10.396361273554234,5.527950310558993,19.479606188466935,5.390599648458626,0.7661691542288551,4.536270822138634,16.72964616970112,0.4586983355377754,0.5348837209302317,1.0,0.8424543946932003,32.2,28.44,62.5455
2024-09-19,301153,2.0,15.437392795883387,1.0510510510510551,13.746478873239433,2.352897796857922,0.7928286852589637,2.3536503683858,11.980033277870206,0.3404113377938425,0.17557251908396987,0.6764488984289609,0.8725099601593627,19.833710832649736,17.62003840237902,62.8292
2024-09-23,301382,1.0,9.80392156862746,3.416435826408115,15.463917525773208,1.6014907669102465,0.7097791798107251,1.9628482972136234,10.836219693221171,0.28696998976826343,0.7397590361445785,0.30074538345512325,0.8580441640378542,21.66,19.4,55.1771
2024-09-24,300121,5.0,9.051094890510946,0.9459459459459474,9.210526315789469,2.8270108740765334,0.7397260273972607,2.593908629441623,7.636887608069154,0.6466071205160784,0.5724137931034492,0.9135054370382667,0.7808219178082192,7.294132698551786,6.74214427812084,61.139
2024-09-24,300182,9.0,1.9656019656019597,1.71568627450982,4.797979797979801,2.4127085630094975,0.7222222222222259,1.1830985915492962,3.750000000000009,0.3919979144974151,0.9255583126550861,0.7063542815047488,1.0,4.08,3.96,50.7581
2024-09-24,300196,6.0,4.463336875664203,0.5112474437627856,3.256302521008414,2.631938171233564,0.648648648648653,1.6187499999999964,3.039832285115307,0.6348654591780938,0.8047276464542631,0.815969085616782,0.8918918918918937,9.615785816326504,9.360151428571402,56.5181
2024-09-24,300308,1.0,22.87266143633071,4.678663239074532,13.647781188947828,2.855318541770707,0.999233128834355,2.555788884222318,12.176308539944891,0.7144932919305713,0.8973007361628651,0.9276592708853535,0.999233128834355,116.23342395650019,107.06024628178409,93.4382
2024-09-24,300374,8.0,4.496124031007742,1.9667170953101332,5.312499999999987,3.0705088680134924,0.5189873417721527,1.4945945945945935,4.415182029434539,0.5272273765774882,0.7803030303030314,1.0,0.8354430379746847,13.22,12.8,55.3141
2024-09-24,300376,12.0,3.3755274261603407,0.8230452674897082,3.8135593220339103,1.8723117406276395,0.8750000000000028,0.965517241379311,3.3755274261603407,0.07213050530632525,0.916317991631799,0.4361558703138197,1.0,2.43,2.36,45.9393
2024-09-24,300390,4.0,4.4117647058823595,0.7092198581560183,8.053265694356382,4.212001449700568,0.9454545454545434,1.9419924337957122,7.2372561359345555,0.7354404349238937,0.8390092879256985,1.0,0.9454545454545433,16.355686492495852,15.24404113396333,61.3494
2024-09-24,300502,2.0,18.83534589775422,0.38131553860818457,11.310782241014806,2.4416290419594797,0.9343955014058104,2.2564954682779463,10.551181102362195,0.6894166501007413,0.7332924586143477,0.7208145209797399,0.9343955014058103,74.62786816322895,67.3002509841893,84.9074
2024-09-24,300767,10.0,0.4689331770222793,0.3512880562061005,7.66331658291457,2.7127248500999332,0.7966101694915267,1.8730158730158726,6.857855361596021,0.6447844368583571,0.733009708737863,0.8563624250499666,0.8813559322033895,8.54,7.96,47.7955
2024-09-24,300783,7.0,6.5088757396449815,3.8661281015579974,8.564535585042222,2.2191494993849363,0.831999999999997,2.1551724137931103,7.784431137724557,0.41307439584445826,0.7376093294460631,0.6095747496924682,0.952,17.183639697326438,16.439973813137467,55.4138
2024-09-24,300900,11.0,0.3893575600259602,2.1122112211221067,5.238095238095242,2.6051989251904604,0.7945205479452051,1.191142191142192,4.8102981029810365,0.32185287130194484,0.866310160427807,0.8025994625952302,1.0,15.15,14.7,46.6272
2024-09-24,300997,13.0,-12.393162393162394,0.5888125613346507,7.4423480083857685,1.657353873699131,0.8870967741935496,0.9919999999999997,7.329842931937169,0.39717886206183706,0.5691382765531063,0.32867693684956545,1.0,9.980364507173936,9.343736741750671,37.7815
2024-09-24,301321,3.0,10.889443059019133,0.3007518796992459,6.80544435548438,2.1011067193675887,0.5925925925925931,1.6016949152542386,4.300234558248639,0.9430193490729872,0.9843871975019505,0.5505533596837944,0.7777777777777776,13.3,12.49,71.7511
2024-10-18,300217,4.0,19.506726457399104,5.335968379446654,14.13276231263383,3.0606548349003044,0.8749999999999996,1.8162162162162165,13.646055437100202,0.4779886216105853,0.6303901437371664,1.0,0.9583333333333336,5.027485943775077,4.639991967871465,84.8058
2024-10-18,300327,1.0,29.137760158572835,0.42389210019266876,12.473025463962006,2.505876638371741,0.7017543859649122,1.7442622950819664,10.097169412758756,0.7518663098845866,0.9120603015075393,0.7529383191858705,0.7017543859649122,25.95,23.17,86.5234
2024-10-18,300660,9.0,11.74014796919749,0.17427675148133925,7.721139430284851,1.8897486182920307,0.6640926640926627,1.4018843035476738,6.44444444444443,0.3148834213664893,0.9046221570066018,0.44487430914601533,0.7104247104247106,20.369056608862188,18.942015696216213,60.4301
2024-10-18,300666,5.0,28.468151621727245,0.3816793893129722,10.448513354611123,2.5702257574305545,0.6259445843828721,1.6901322791546312,9.419204526543524,0.7077790441367051,0.7548701298701312,0.7851128787152772,0.6977329974811083,65.22095169113013,59.276385559892766,83.7455
2024-10-18,300724,6.0,21.317555634051576,0.01456027955735184,15.058626465661629,3.1570171731530214,0.6912681912681912,1.8089993284083248,14.521507169056358,0.3138257988599071,0.5814696485622997,1.0,0.6943866943866944,67.14924415043475,58.369392483706385,77.3172
2024-10-18,301015,10.0,6.030534351145045,1.4238773274917849,7.300115874855151,2.1499137273785163,0.498113207547171,1.119830968910352,5.7882711348058,0.6579091511817852,0.9469696969696975,0.5749568636892581,0.6528301886792465,26.25446245919604,24.816649619152447,54.9404
2024-10-18,301095,2.0,23.282718727404173,3.2082324455205757,14.174107142857139,2.4768813559322034,0.7743300423131166,1.7658779576587809,12.49175280404662,0.6928095952660751,0.8122572291756571,0.7384406779661017,0.8011283497884337,49.30707742904743,44.57136942738751,85.983
2024-10-18,301265,8.0,14.880952380952372,4.099244875943908,9.90888382687929,4.084595905403665,0.7203389830508473,2.3432624113475184,9.286523216308051,0.5581238196949191,0.8769574944071592,1.0,0.7203389830508473,9.27,8.78,75.6949
2024-10-18,301308,7.0,23.336432461150203,1.719794062876523,11.196263920488558,2.213667412974345,0.608501118568232,1.7228595026154,10.692573608296584,0.46936398753144815,0.6425287356321832,0.6068337064871725,0.6636838180462339,91.04491301545717,83.28580004294915,76.0204
2024-10-18,301348,3.0,21.070375052675928,4.510731174972715,15.800080612656187,3.139683210137276,0.7316455696202534,1.7679028132992327,13.065722156631242,0.5324924970148701,0.8297872340425531,1.0,0.7417721518987342,27.49,24.81,85.2696
2024-10-24,301539,1.0,4.609218436873741,0.9183180280328607,5.721518987341767,1.5857832382623958,0.8888888888888911,0.5657835653345297,4.087736789631102,0.35591257970895107,0.9454635597421903,0.2928916191311979,1.0,20.577737384699063,19.64283776451457,51.668
2024-10-25,300201,9.0,11.94805194805193,4.61165048543688,7.213930348258724,4.544451033487421,0.7500000000000007,1.1666666666666619,6.683168316831667,0.6209037417431253,0.8536585365853679,1.0,0.7500000000000007,4.097802280510038,3.998341060109308,71.0145
2024-10-25,300275,8.0,12.489451476793256,2.617397998460347,10.165289256198351,4.770602030887453,0.7372262773722613,1.403072421360645,8.905228758169926,0.6990725044523576,0.7297297297297292,1.0,0.8248175182481742,12.960309712528923,12.072343920061583,72.9073
2024-10-25,300347,11.0,12.75785464931769,2.3919308357348568,8.389261744966436,1.8816272965879266,0.6541049798115731,1.3600941422594157,6.488835606174148,0.20774000746957963,0.8262406125754675,0.4408136482939633,0.7388963660834452,69.00104316785777,65.18311801274864,60.2115
2024-10-25,300389,5.0,15.426497277676976,4.519309778142966,11.481156879929877,5.014467467801063,0.38805970149253916,1.576470588235294,9.939498703543649,0.8157876677984244,0.7967823878069427,1.0,0.5970149253731358,11.996142857142717,11.246999999999868,76.9818
2024-10-25,300497,7.0,34.787350054525625,7.759372275501297,12.876712328767127,2.65081391985768,0.594771241830065,1.9669421487603318,11.653116531165297,0.2601223057992348,0.813829787234043,0.82540695992884,0.594771241830065,11.47,10.95,76.2588
2024-10-25,300591,6.0,31.340206185567034,1.594896331738438,9.63855421686748,1.510432602929709,0.739130434782608,1.2914438502673808,7.966101694915251,0.4483544312950803,0.6405228758169936,0.2552163014648545,0.8985507246376809,6.27,5.81,76.8563
2024-10-25,300622,1.0,20.58510496697934,0.7537688442210921,8.336549594751052,2.4628724382757516,0.7654867256637176,0.9007271962927365,6.64893617021276,0.7588415529748496,0.7373288938216795,0.7314362191378758,0.8539823008849557,21.381348169649918,19.88480728914678,86.8366
2024-10-25,300675,10.0,13.290689410092394,3.641092327698292,10.31141868512111,5.487407915024842,0.22043010752688166,1.3272171253822638,9.62861072902339,0.7830746433534959,0.641909814323607,1.0,0.22043010752688166,15.38,14.45,62.3647
2024-10-25,300901,4.0,19.221105527638205,3.152173913043499,9.965237543453064,2.2410794664047793,0.9146341463414631,1.276974416017798,8.70561282932416,0.40159382327829946,0.6784922394678496,0.6205397332023896,0.9268292682926823,9.2,8.63,79.3855
2024-10-25,301209,2.0,18.595942332419458,2.286751361161521,9.820732657833208,2.9935870791520696,0.9224489795918355,1.2268281365369111,8.803088803088798,0.5517202888306219,0.6282527881040891,0.9967935395760348,0.9224489795918356,19.6458011181172,18.298049244678303,83.3084
2024-10-25,301269,3.0,17.994100294985248,0.9218825812712383,6.885919835560128,2.065764526562326,0.5618615209988638,1.1527102803738325,6.295993458708105,0.8769653752286222,0.7372611464968151,0.532882263281163,0.6980703745743478,102.93409193161625,97.19055938812481,79.4918
2024-10-31,300572,3.0,26.053904630269507,0.8849557522123908,13.36233685518955,1.986249407302039,0.7370370370370362,2.195121951219514,8.700834326579244,0.3751155397313179,0.7162709901563414,0.49312470365101946,0.8666666666666656,18.08,16.09,78.6354
2024-10-31,300803,4.0,25.843247884214392,0.09756097560975618,10.966904607397797,2.176277056277056,0.47142015321155045,1.5851347744862558,8.514013749338979,0.44301183273484895,0.6381243628950042,0.5881385281385281,0.5050088391278732,70.68965517241502,63.76551724138041,72.1986
2024-10-31,300901,2.0,35.776397515527925,9.519038076152286,17.023554603854386,4.094960741408161,0.783068783068783,4.193343898573694,15.661375661375665,0.2665574493152496,0.6428571428571419,1.0,0.783068783068783,9.98,9.34,79.3026
2024-10-31,301191,1.0,20.76974120769741,8.527131782945752,18.938700823421772,3.0655852084423514,0.7824242424242417,3.518123667377406,15.953109072375128,0.18936100246387477,0.592959295929594,1.0,0.8787878787878786,82.83040863157574,75.57966087539488,79.3106
2024-11-01,300937,2.0,6.6021867115223065,2.8814935064935154,11.232996928477412,5.3034750337381915,0.506382978723405,3.891188645771732,10.026041666666696,0.25508810407062654,0.8084291187739459,1.0,0.6489361702127665,24.553239436618462,22.709753521125595,52.1359
2024-11-01,301055,1.0,24.184100418410036,2.4861878453038555,10.746268656716417,2.9342251400646644,0.541832669322709,4.163507109004739,10.089020771513347,0.3052029224822496,0.6561604584527216,0.9671125700323323,0.541832669322709,14.48,13.4,74.9282
2024-11-05,300457,1.0,16.375344986200567,3.688524590163933,13.148479427549198,1.9294004789138761,0.8309455587392551,2.0426421404682276,12.444444444444457,0.27943227953870964,0.5785440613026829,0.46470023945693806,0.8681948424068766,24.4,22.36,67.6312
2024-11-08,301050,2.0,6.3223209793727975,2.9555050341019795,11.403971182568974,2.100909993692633,0.7072135785007071,1.7763819095477382,8.747855917667223,0.20647836787966822,0.7037283621837545,0.5504549968463166,0.7072135785007071,61.32528385890615,56.67460059126906,45.9466
2024-11-08,301391,1.0,10.523640061006589,0.34618047542118724,6.048780487804861,2.211632594298877,0.3829787234042551,1.6043889058213965,4.168663152850982,0.5543320159497971,0.8142487655772404,0.6058162971494385,0.4707446808510631,43.19519143514072,40.872440545598195,57.049
2024-11-11,300969,2.0,18.230563002680977,0.22727272727274261,8.875447475620302,1.7226208147781625,0.7538167938931309,2.0293222683264185,8.15450643776825,0.2634210377276762,0.754784688995215,0.36131040738908127,0.779580152671756,62.542385006081666,57.57452965162132,70.9389
2024-11-11,301132,3.0,14.078173642338276,1.0107197549770186,6.90437601296594,1.5789800995024876,0.860869565217391,1.3915298184961076,5.569782330345685,0.5620159203004926,0.8860759493670891,0.2894900497512438,0.860869565217391,32.228157570151865,30.45141381437014,69.99
2024-11-11,301413,1.0,16.41492669924476,5.771947527749743,11.250265336446596,2.2853311623006562,0.9218472468916508,2.173145850565207,9.782153330540421,0.36137063391801405,0.8069022185702548,0.6426655811503281,0.9218472468916508,49.35988617470095,46.9292479856743,75.2175
2024-11-11,301550,4.0,13.396264310102435,0.6417112299465177,10.619122257053304,1.6915122582824542,0.9206896551724141,1.8308906426155598,8.975101331789226,0.4901502253795305,0.6895455395548912,0.3457561291412271,0.9327586206896552,38.57940467680366,35.099693666739014,66.6007
2024-11-13,300876,1.0,5.341246290801194,2.137279079325949,9.713024282560712,1.6310349517203862,0.5257142857142867,1.1045987376014428,7.065919862128389,0.11575854169335353,0.7644089188052174,0.3155174758601931,1.0,24.33,22.65,47.0402
2024-11-19,300833,1.0,12.654004106776174,2.9556650246305383,13.911237996366467,5.030258631672824,0.653141361256545,5.122605363984674,13.206087180809911,0.5237157312387675,0.5941598614204415,1.0,0.6662303664921472,41.0776470588231,37.1269467787111,65.4007
2024-11-25,301525,1.0,-0.6065573770491661,0.08253549026082663,8.929213079410726,2.5039278440500436,0.7705223880597036,2.0172201260671287,8.7923918894671,0.30151491956688914,0.34910249958060596,0.7519639220250218,0.9309701492537329,60.29335676625457,55.39663647424446,35.8983
2024-11-28,300720,1.0,6.574585635359109,1.8479408658922614,13.33725029377204,3.7709449833796893,0.9074074074074042,1.6494545454545488,8.309938236945547,0.5867032584925549,0.9497206703910602,1.0,0.9938271604938251,18.811389769126528,16.9044273426892,66.0721
2024-11-29,300278,1.0,9.508196721311467,0.6024096385542244,13.605442176870742,2.246682173797737,0.6633663366336634,2.017118402282453,9.328968903436973,0.31457589210306175,0.807383627608347,0.6233410868988685,0.7128712871287127,6.64,5.88,56.3366
2024-12-02,300433,1.0,3.0374940673944195,2.5992438563327003,6.421568627451002,1.8412453182079778,0.788321167883214,1.3749103942652339,5.1331719128329345,0.3365712456257539,0.8006644518272423,0.4206226591039889,0.788321167883214,20.777459487738493,20.031199128065463,43.1062
2024-12-05,300002,8.0,-0.9433962264151052,0.15898251192367763,4.738154613466339,1.8323650406224574,0.8064516129032245,0.78765880217786,4.046242774566466,0.4780563811506464,0.7819063004846518,0.4161825203112287,0.8064516129032245,12.58,12.03,39.1903
2024-12-05,300058,4.0,10.614525139664831,0.6779661016949046,19.03807615230462,2.4141412904851993,0.840796019900499,1.738109944410128,16.699410609037347,0.43773588771842586,0.1629162916291629,0.7070706452425997,0.8407960199004989,8.428571428571423,7.128571428571424,54.1255
2024-12-05,300559,1.0,12.5,2.817974105102805,9.666937449228264,2.544695045753215,0.7801418439716298,1.6843003412969293,7.741420590582604,0.7214651182395971,0.8895027624309395,0.7723475228766075,0.7872340425531904,12.961810418445816,12.152314261315157,72.6327
2024-12-05,300684,10.0,0.3603603603603789,0.3603603603603789,6.653901388224037,1.755550048707125,0.723404255319149,1.2196478220574605,5.642484589853036,0.25587740752146537,0.6565934065934056,0.37777502435356247,0.7287234042553211,21.559883834150746,20.287656454748156,32.76
2024-12-05,300781,5.0,10.087852166010315,1.3950892857142794,15.018199082133265,2.109141663780709,0.876640419947507,1.4367676767676776,13.775829680651231,0.09230521501716948,0.4497041420118355,0.5545708318903546,0.8923884514435706,71.68,63.19,51.6993
2024-12-05,300792,3.0,15.011547344110854,0.9732360097323589,13.181818181818183,3.003330237919882,0.5522041763341071,2.9093539054966224,12.061206120612077,0.6542925771163932,0.31656184486372996,1.0,0.603248259860789,24.559837530462985,21.91064175467095,66.6509
2024-12-05,301233,2.0,13.345195729537362,3.6404311572096892,9.827586206896566,3.202601995705444,0.6672325976230906,2.780175320296694,8.126458731169105,0.31814232734884,0.9703829067061556,1.0,0.7300509337860794,48.68824196186768,45.945381879818186,70.6193
2024-12-05,301357,7.0,3.421052631578947,0.25510204081631294,4.271690103475723,1.666722910268957,0.6764705882352952,1.0261780104712026,3.7760760496435175,0.20075105043188346,0.8210580912863055,0.33336145513447846,0.8067226890756295,39.2,37.69,41.6373
2024-12-05,301526,6.0,1.918465227817756,0.2358490566037652,4.679802955665036,2.506515664894898,0.7142857142857134,0.8949771689497702,3.406326034063256,0.4554724139005799,0.7857142857142865,0.753257832447449,0.7142857142857134,4.24,4.06,44.273
2024-12-05,301577,9.0,-3.499704666272907,1.4909147383133758,8.91666666666664,2.7144834404349973,0.7802607076350071,1.4738286610468543,7.148712903754695,0.27797622331312155,0.5670588235294118,0.8572417202174986,0.7802607076350071,64.01987162291414,59.655106342209166,36.8532
2024-12-09,300403,1.0,22.39915074309977,2.3070097604259043,11.941747572815519,1.5369687108632615,0.8604651162790695,1.9377682403433474,9.600760456273761,0.28108695390657473,0.6780128794848219,0.26848435543163074,0.8837209302325576,11.232829815303441,10.266029023746714,74.7458
2024-12-10,300287,1.0,25.106382978723406,5.000000000000004,13.953488372093027,2.7297380308285617,0.547945205479451,2.3990610328638518,11.787072243346008,0.26892410554708057,0.6513761467889903,0.8648690154142809,0.7260273972602739,5.6,5.16,76.9737
2024-12-10,300592,7.0,10.702113156100879,0.18507094386179812,7.124010554089688,1.8066105854195489,0.4661016949152527,0.9244543928371582,6.074461136512066,0.6355631869454219,0.5034140285536939,0.4033052927097744,0.525423728813558,16.21,15.16,53.0304
2024-12-10,300894,2.0,23.1680236861584,1.7737003058103884,8.262849707221864,3.208239834844269,0.16071428571428548,2.1879069767441854,6.87219010918434,0.45747255674188786,0.6588089330024807,1.0,0.43452380952380987,16.35,15.37,75.4347
2024-12-10,300973,4.0,18.81409999639656,0.8009708737863885,10.835334934614348,6.907768666378939,0.027932960893854344,3.161377900608013,9.577836411609496,0.5431656620678571,0.8415995845235016,1.0,0.26443202979515823,40.785453856852584,37.09298436932685,73.6883
2024-12-10,301029,5.0,19.09825606125053,0.07147962830593713,6.951871657754016,2.107649665805315,0.007299270072994025,1.2247765006385685,4.050538833147521,0.1506533898416249,0.8824825560044072,0.5538248329026576,0.33576642335766466,27.598801089918794,25.8233242506817,65.9471
2024-12-10,301306,6.0,10.154211150652426,2.043956043956041,9.86748698532891,2.9337153334861332,0.4627906976744194,2.021490933512422,7.926545792654571,0.2192427562793453,0.8851102941176472,0.9668576667430667,0.6348837209302323,45.5,42.26,59.24
2024-12-10,301510,3.0,20.642912470952734,4.2503346720214275,9.954112248499825,2.617644666747997,0.4053333333333332,2.708978328173374,8.009708737864063,0.2721626532557899,0.7432432432432425,0.8088223333739986,0.5466666666666659,29.88,28.33,74.2526
2024-12-11,300913,1.0,16.954377311960545,3.3224400871459725,13.797240551889601,5.150620100478121,0.7008264462809906,4.228657014478286,12.581602373887213,0.5805316742194319,0.8769050410316539,1.0,0.7123966942148753,30.531823245452106,27.721432107935005,80.0182
2024-12-13,300582,1.0,6.7700987306065,1.0680907877169465,7.072135785007072,2.6234545823626645,0.7863247863247864,1.2707525213343667,6.845448129851794,0.48258547879636904,0.6394557823129257,0.8117272911813324,0.9059829059829066,14.931427738754264,14.09415141695496,56.6077
2024-12-13,301110,2.0,-3.219512195121954,0.8950366151342593,8.108108108108091,2.5661540569236565,0.667364016736402,1.2768555619156652,5.487026797107597,0.2759860158136492,0.6175086929842502,0.7830770284618283,0.7322175732217567,48.76258690379899,45.50910266774406,35.8775
2024-12-16,300488,1.0,15.292712066905612,6.826568265682642,15.799999999999992,7.048645685835655,0.726577437858509,4.8177260604411325,15.246815286624194,0.7670871105891544,0.7251258226867999,1.0,0.7724665391969407,26.933560268750583,24.846457812500535,78.4179
2024-12-16,300563,2.0,-1.8119068162208873,0.3527336860670083,8.463591307662988,1.8590846465463469,0.30399999999999977,1.709986320109439,8.174904942965778,0.18270500703513637,0.5497458242556288,0.4295423232731734,0.6239999999999998,56.7,52.46,27.7622
2024-12-18,301600,1.0,59.4851706771125,7.750472589792046,19.73783715654145,1.6499775177948774,0.876404494382023,2.386820764957537,18.159203980099512,0.5626396686771962,0.4953153295016135,0.3249887588974387,0.955056179775281,87.43513818443265,78.68170733708378,78.2203
2024-12-19,301018,1.0,19.48464525238265,0.7440476190476053,15.529010238907848,2.1009063938140957,0.7894736842105265,2.540006585446162,13.286479250334683,0.5487006703719156,0.6138996138996136,0.5504531969070479,0.8166969147005447,33.44600401031232,29.16571183042116,78.2468
2024-12-20,300441,1.0,8.129175946547896,0.6217616580310947,7.769145394006682,2.2218398825709267,0.8630136986301381,2.2511013215859035,6.820682068206829,0.2945152313804686,0.6292372881355937,0.6109199412854633,0.9726027397260293,9.297381242387367,8.680767356881882,55.6759
2024-12-26,300570,1.0,12.565597667638496,0.8884243532793157,17.480602464627992,2.9282211597401004,0.9107485604606514,2.2571561194491734,14.637767220902598,0.73740703368957,0.7326975870538956,0.9641105798700502,0.9923224568138194,75.87065150852473,65.15518583296748,76.6703
2024-12-30,300436,2.0,4.827586206896539,0.26986506746624617,5.157232704402515,1.5760712881666885,0.7335907335907331,1.2110888443553776,5.157232704402515,0.2982432149230334,0.7635861221983422,0.28803564408334426,0.8957528957528945,33.35,31.8,46.378
2024-12-30,301600,1.0,58.36909871244637,3.7812500000000027,19.317365269461085,1.606370402461176,0.9733288318703579,1.734554732923412,18.381653992395442,0.42937655545920045,0.2483516483516481,0.303185201230588,0.979068197164079,126.9379699917661,110.40958848242155,72.7791
2025-01-02,301088,1.0,9.076042122779615,2.7454112590825863,13.862120088954777,9.335191667747093,0.616666666666666,2.5891983944064,13.862120088954777,0.7268166999427648,0.4129994546547502,1.0,0.6541666666666667,14.482132402200724,13.06819729344685,58.3327
2025-01-07,301061,1.0,4.660538622802779,3.2124681933842325,11.68473584580969,4.033588781999022,0.9703315881326372,2.1420560747663515,9.683961466959602,0.18251283578123356,0.7769332452081958,1.0,0.9703315881326372,48.05567423630423,44.41022948269145,53.1194
2025-01-10,301203,1.0,11.035422343324264,1.2736874805840293,6.258148631030003,3.670479211888462,0.8264840182648426,1.9067164179104439,6.1889250814332275,0.3682967738414158,0.660163624921334,1.0,0.9086757990867594,31.401029411766423,29.92803921568791,65.6713
2025-01-13,300377,1.0,-11.47925033467202,2.7982899339292544,12.314225053078554,2.3035884252100467,0.8321167883211675,1.8687885677167908,12.076271186440678,0.5575543189128527,0.48171956609079936,0.6517942126050233,0.8953771289537713,25.73,23.55,40.0146
2025-01-14,300182,6.0,-3.889789303079416,3.3101045296167086,15.594541910331383,2.3063924369815165,0.9122807017543861,1.6285714285714261,11.466165413533824,0.5285642863378717,0.55116696588869,0.6531962184907583,1.0,5.74,5.13,42.7279
2025-01-14,300384,8.0,-17.52887995981918,0.3667481662591898,9.466666666666669,1.722109377404364,0.9818181818181838,0.9852847088931538,7.672131147540995,0.5099553810519,0.5074812967581057,0.36105468870218205,0.9909090909090927,16.36,15.0,38.6903
2025-01-14,300426,2.0,5.490196078431375,4.162633107454017,16.956521739130448,2.3611003680369285,0.9280000000000002,2.1393643031784837,12.552301255230125,0.431122704104997,0.5695695695695704,0.6805501840184642,0.9679999999999993,10.33,9.2,52.1563
2025-01-14,300596,4.0,-7.788161993769471,0.27100271002709064,14.153490165831073,3.30974365025517,0.8686567164179106,2.161290322580644,10.944527736131949,0.6674235159758255,0.5627240143369174,1.0,0.9164179104477611,29.137964323189873,25.594424623994357,46.7806
2025-01-14,300657,9.0,-12.412081092263138,0.7615421227986641,13.633923778851331,1.9228167984280036,0.9203980099502503,1.4671532846715307,10.088403536141444,0.42572040773068043,0.496296296296296,0.4614083992140018,0.9850746268656728,21.01,18.63,38.1458
2025-01-14,300789,5.0,3.3920417482061316,5.1061007957559745,15.693430656934314,2.2077995396708214,0.9356725146198827,2.3797216699801194,11.3061797752809,0.13202854004854414,0.7267759562841538,0.6038997698354107,0.9356725146198827,14.984929075072872,13.613629199502542,44.4186
2025-01-14,301210,1.0,4.026423403586055,2.162496138399761,10.41736227045076,2.7422282293879126,0.7405857740585778,1.4904231625835178,6.988029763830483,0.5982805539814525,0.79404309252218,0.8711141146939563,0.8912133891213404,23.233359107105223,21.49641968667907,55.4731
2025-01-14,301273,7.0,3.8461538461538325,0.8537886872998834,11.111111111111093,1.8196971347641355,0.961538461538461,1.3121845710165843,9.374999999999979,0.07309583652403129,0.4633077765607887,0.40984856738206776,0.961538461538461,18.74,17.01,39.0676
2025-01-14,301396,3.0,5.266805266805252,1.030927835051565,7.998578030572356,1.8320287842444136,0.6801470588235297,1.929078014184396,6.5591020694493185,0.4315908753696979,0.6252532072923713,0.4160143921222068,0.8750000000000009,21.466545352744745,20.081606942890247,48.0464
2025-01-17,300233,3.0,8.628127696289912,5.7094878253568515,9.956331877729262,5.693301972292953,0.626582278481013,3.511111111111109,9.288194444444443,0.47049720118360727,0.829351535836176,1.0,0.677215189873418,11.674302564895674,11.223405908317,60.2983
2025-01-17,300783,6.0,-2.4250681198910162,0.5898876404494491,7.634505560565064,1.7480326114328884,0.7403846153846165,1.4618473895582305,5.946745562130196,0.07297863062939891,0.7070649052268798,0.3740163057164442,0.7403846153846165,35.29934063616972,32.98901862262266,30.2485
2025-01-17,300852,1.0,18.097165991902852,1.6730568142209856,7.440147329650104,2.715127300300388,0.6485507246376817,1.8295454545454564,6.03416939294803,0.5669158575723023,0.6798029556650245,0.857563650150194,0.7065217391304361,28.54727984235015,27.014940666427552,77.6012
2025-01-17,301282,4.0,9.555785123966952,0.8079847908745386,4.07262021589796,2.0532930252645216,0.7181818181818198,1.1159420289855058,3.161478599221823,0.41550819835347674,0.8467432950191558,0.5266465126322608,0.7181818181818198,20.944058958043836,20.2870685154436,57.6754
2025-01-17,301323,2.0,10.093509350935093,1.393110435663636,5.731642894875866,3.085934016941596,0.6150943396226425,1.4214559386973193,4.900419287211744,0.2893832724957006,0.7670847197338116,1.0,0.7660377358490562,39.0295646086937,37.428047519887116,61.3548
2025-01-17,301503,5.0,4.871875988611207,1.345154387037617,4.640151515151514,1.8799613816777516,0.5108225108225116,1.4600451467268623,3.5613870665417213,0.24589384014118856,0.8857319332921545,0.4399806908388758,0.6666666666666677,32.13567531064319,31.123760129659928,44.4513
2025-01-20,300414,5.0,8.228730822873075,0.3880983182406039,4.86486486486486,1.7816174441070936,0.7187499999999979,0.8280961182994465,3.4666666666666623,0.2835574799716016,0.8944591029023743,0.3908087220535468,0.9374999999999986,7.73,7.4,56.7858
2025-01-20,300450,8.0,7.433532284319044,0.25316455696202667,4.485488126649084,2.27031837035108,0.5147058823529435,0.8686131386861307,3.394255874673635,0.3907285350135592,0.9222797927461126,0.63515918517554,0.5882352941176504,19.75,18.95,52.6785
2025-01-20,300484,6.0,8.342133051742318,0.2932551319648091,5.609881626350988,2.4716904552526553,0.5663716814159299,1.094809688581315,4.2153377348908005,0.24549014796757618,0.8845381526104403,0.7358452276263276,0.6814159292035392,20.309142857143236,19.2867373271893,54.6215
2025-01-20,300517,4.0,8.23827629911278,1.1848341232227444,4.019488428745399,1.7840254622612912,0.8214285714285668,0.8615384615384616,3.1400966183574797,0.5773596273121862,0.9759036144578285,0.3920127311306456,0.821428571428567,8.354265403292006,8.126601772633576,60.1242
2025-01-20,300827,3.0,8.899565316861135,4.661389621811796,12.609415661225443,3.7762285714285713,0.7575757575757575,2.104783599088839,10.287303058387408,0.3982855616028425,0.8922759569103813,1.0,0.7575757575757575,45.48,42.27,62.3091
2025-01-20,300941,11.0,1.3877551020408108,0.6075334143377908,9.234828496042224,2.412924204178937,0.40449438202247134,0.8843151171043299,8.000000000000007,0.4490899799812786,0.7210481825866446,0.7064621020894686,0.47940074906367103,24.568641508263934,22.62822632231356,36.9802
2025-01-20,300960,10.0,0.8508732646663741,0.0888888888888939,6.679298910468967,1.9854358055119874,0.34020618556700644,0.5473599355098768,5.678085405912725,0.3648468716863574,0.815753109166282,0.4927179027559937,0.8453608247422657,15.794864791040458,14.819093143949514,41.2451
2025-01-20,301071,7.0,5.344670513209837,2.059429243895261,8.372383630115587,2.6148366114294563,0.5709459459459455,1.2081632653061218,6.83708038189097,0.5577244419998535,0.8843226788432248,0.8074183057147282,0.7060810810810811,33.82217294444405,31.851949277777404,54.5159
2025-01-20,301121,9.0,4.2675420599097125,1.0337972166998055,5.874999999999986,1.888662435218075,0.6706349206349183,0.6796378347139288,5.260977630488828,0.5472955535020048,0.8510508059579682,0.4443312176090375,0.9007936507936505,35.89962381486393,34.25809032034729,51.9695
2025-01-20,301328,1.0,15.382550335570478,1.9207967749584887,6.59722222222221,2.4477047568630415,0.8625000000000015,1.0209662716499532,6.438831104507181,0.2490053561420795,0.8152649489547894,0.7238523784315207,0.991666666666665,41.851013615734566,40.01500756429731,73.801
2025-01-20,301591,2.0,10.997288339861422,2.2765130483064944,7.405247813411098,2.644394714407502,0.6560000000000009,1.3949780789159003,6.167146974063398,0.5449278986118422,0.8439716312056758,0.8221973572037511,0.8360000000000005,35.729076224128754,34.0229681978794,67.77
2025-01-23,300248,2.0,15.164835164835178,7.818930041152261,11.727078891257992,6.446582943925233,0.6258992805755407,3.5189873417721533,10.54852320675106,0.19680450089512513,0.8852971845672566,1.0,0.6258992805755407,9.663936553713077,9.325897620764266,69.0792
2025-01-23,300708,6.0,3.340595497458243,0.6364922206506307,6.751687921980487,2.320164632097659,0.7702702702702692,0.6860927152317882,5.56379821958457,0.5280481455471806,0.8250728862973757,0.6600823160488296,0.9729729729729737,13.971436140954888,13.171092203601743,53.0383
2025-01-23,300837,5.0,6.1791967044284135,2.689243027888444,8.014667365112626,2.8696525406708173,0.6369863013698603,1.4662840746054544,6.618407445708363,0.3509298427051688,0.7973657548125637,0.9348262703354087,0.8493150684931496,19.803542909591343,18.82717301514436,55.9174
2025-01-23,300940,4.0,10.177332305319965,2.437275985663079,5.461254612546118,3.560566871430111,0.5051546391752567,1.6724137931034457,4.306569343065703,0.57601223221901,0.9131693198263382,1.0,0.5051546391752567,13.95,13.55,62.7955
2025-01-23,300987,3.0,13.097866077998521,6.514206514206511,12.189781021897804,8.298119519030829,0.5513307984790871,4.512254901960786,10.974729241877256,0.5949910071590971,0.726123595505618,1.0,0.5703422053231938,14.43,13.7,67.4193
2025-01-23,301130,8.0,-0.10748835542817581,0.5772005772005651,6.169078446306142,2.9163636363636365,0.9916666666666648,0.955631399317407,5.167861184458689,0.28679207996410394,0.7606774668630347,0.9581818181818182,0.9916666666666648,27.467115789471904,26.020435087717615,45.1272
2025-01-23,301273,7.0,4.545454545454541,0.6856540084388074,5.469613259668504,1.9967213114754099,0.6741573033707877,0.9599383667180288,3.412784398699875,0.39312293991759745,0.8139287612971837,0.49836065573770494,0.6741573033707877,18.96,18.1,45.6634
2025-01-23,301323,1.0,13.983739837398378,2.460414129110844,7.295918367346932,4.7575121375147615,0.6690647482014396,1.5776246453181972,5.360721442885774,0.6892805534970285,0.808353808353808,1.0,0.6690647482014396,40.581652157722296,38.75275918593701,73.8133
2025-01-24,300556,2.0,12.58782201405153,1.370585134422786,9.32347924957362,2.5982913421232032,0.8194444444444442,2.6572934973637974,9.32347924957362,0.09329645286771804,0.5597826086956528,0.7991456710616016,0.9398148148148152,18.97,17.59,61.7596
2025-01-24,300969,3.0,10.597795836580204,2.4226804123711254,7.266249190239682,1.571367460430629,0.8908794788273603,1.071019187640171,5.804046858359935,0.5695362544308367,0.7356143079315726,0.28568373021531446,0.8957654723127042,68.93876529079456,65.82586021890096,61.545
2025-01-24,301525,1.0,14.824846514987367,0.9365079365079465,4.933993399339931,1.512849893599607,0.649681528662424,1.2310277233267988,4.075286415711954,0.1874784890046073,0.8643848886018737,0.25642494679980354,0.9267515923566908,62.70190617817824,60.31326213329527,66.5269
2025-02-06,300102,1.0,8.633776091081602,1.507092198581561,7.109448082319925,2.452197477864234,0.8181818181818169,1.7528455284552844,5.1423324150596805,0.7004565957909592,0.8820326678765902,0.726098738932117,0.9610389610389591,11.231350940499212,10.643895527831257,67.4867
2025-02-06,300585,6.0,4.150197628458496,2.662337662337655,7.041299932295209,1.8139246038135106,0.8691588785046724,1.6570796460176984,6.25,0.19812863525221047,0.7894736842105268,0.4069623019067553,0.9906542056074767,15.4,14.77,46.9971
2025-02-06,300720,5.0,4.309874522640489,2.35546038543899,8.02259887005652,2.008297844316635,0.922535211267609,1.786163522012577,7.476110174255224,0.22224538318791634,0.7160021845985789,0.5041489221583175,0.9929577464788734,18.553155273879803,17.579809868719085,47.5941
2025-02-06,300916,2.0,8.565385971096218,1.0167267956707082,4.548540393754252,2.3435885528530793,0.9931972789115628,1.5301115241635719,4.477611940298498,0.5859365796712552,0.7551290536068836,0.6717942764265397,1.0,30.04650909090875,29.03149090909058,63.9647
2025-02-06,300938,7.0,5.008291873963522,0.6037496027963218,10.313588850174238,1.7813463788152717,0.746527777777778,1.7637795275590549,7.2856658759742565,0.41474628526475477,0.540898803750405,0.39067318940763585,0.8541666666666672,22.287728959906314,20.325955549708013,45.3413
2025-02-06,301023,4.0,9.151741783113575,1.2968036529680482,7.376573088092941,1.6680385095906518,0.8009828009828007,1.9191647019198357,5.738798856053373,0.2289110373571699,0.7291782600630694,0.3340192547953259,0.8476658476658493,38.8349595212989,36.63608510091485,52.9683
2025-02-06,301525,3.0,8.654990647849004,0.12535255405830004,3.565640194489461,1.7268089930096353,0.81294964028777,1.1610978520286401,3.197674418604657,0.3857763563185648,0.7373800912093089,0.36340449650481765,0.8633093525179859,63.518026226846594,61.4080573205333,55.0576
2025-02-12,300154,2.0,0.3724394785847185,2.8625954198473247,8.888888888888879,2.9704889054286645,0.6324786324786321,1.9640287769784186,7.2636815920397835,0.4113711878686081,0.8432908912830563,0.9852444527143323,0.7350427350427342,10.248908489525961,9.681697905181966,44.1181
2025-02-12,300661,1.0,14.19043238270472,4.317680428616466,11.573033707865177,2.8584669640704123,0.6210303458009881,2.8552101324122092,9.626849194082588,0.6321762817361092,0.7597241676543466,0.9292334820352062,0.6647847565278758,73.06037705212188,68.30941861160676,71.8474
2025-02-14,300049,4.0,18.731988472622476,3.0000000000000027,9.834123222748815,3.559914763451393,0.8106060606060607,3.4542056074766383,9.47741364038972,0.6085327068525412,0.6085106382978712,1.0,0.8106060606060608,36.0,33.76,81.9317
2025-02-14,300199,6.0,13.36244541484717,1.5649452269170583,7.095709570957109,3.2929863323399444,0.8666666666666676,2.08609271523179,6.743421052631571,0.5684511856726462,0.9022801302931607,1.0,0.9000000000000001,12.78,12.12,76.7859
2025-02-14,300206,2.0,25.69316081330868,2.4868123587038493,10.839445802770985,2.853331247066187,0.8425196850393696,3.130281690140848,9.41271118262268,0.49124886896342357,0.7261345852895142,0.9266656235330935,0.8425196850393697,13.032994823123417,12.050855047454736,84.3778
2025-02-14,300406,5.0,17.58409785932722,3.7786774628880027,8.462623413258118,4.706918354256391,0.7837837837837841,3.865671641791047,8.157524613220811,0.46439911968178893,0.7464016449623035,1.0,0.8175675675675684,14.399122585714139,13.777298128571287,79.6816
2025-02-14,300550,7.0,13.44410876132931,0.8053691275167862,6.223479490806216,3.771815909451013,0.7338709677419365,2.020954598370197,6.223479490806216,0.7860753826703153,0.6849315068493169,1.0,0.7338709677419365,14.872180731889625,14.113599701269752,73.6307
2025-02-14,301060,1.0,27.417519908987508,4.8689138576779145,11.111111111111116,4.6454254437362446,0.6730769230769238,4.240776699029122,11.000991080277501,0.7878286291332217,0.7582205029013547,1.0,0.698717948717949,10.45883953798123,9.871264283038466,87.1651
2025-02-14,301302,3.0,25.816172777498746,2.748154224774413,8.441558441558428,2.476430667644901,0.6981132075471698,2.594405594405596,7.741935483870965,0.5390661847639884,0.8018549747048911,0.7382153338224504,0.837735849056604,24.38,23.1,84.2507
2025-02-17,300115,1.0,24.16623909697282,4.490500863557845,13.508442776735464,2.2259689286271014,0.8762214983713349,2.4517969195664575,12.244897959183664,0.5653192792269301,0.5525033229951262,0.6129844643135507,0.9511400651465796,23.014550724637562,21.186106280193126,81.92
2025-02-17,300308,10.0,-9.894736842105257,1.475237091675452,8.967468175388982,1.9736360651123517,0.7505399568034568,1.3267833384505179,7.56771851438145,0.3151667865967551,0.6005361930294908,0.48681803255617584,0.7516198704103678,113.42469854469786,105.62600351831057,33.6361
2025-02-17,300394,11.0,-13.82213646728644,2.8900523560209557,10.392090776317264,1.6172191938450684,0.7949951876804634,1.5155240675140638,9.299221357063402,0.179211673163985,0.5760545377077122,0.3086095969225342,0.7949951876804634,67.83749447635857,63.227386212991384,30.315
2025-02-17,300441,4.0,7.502799552071671,1.2658227848101111,5.843439911797099,2.846112572948976,0.6896551724137938,2.0453400503778356,5.032822757111588,0.6574097076555234,0.7963558413719198,0.9230562864744879,0.9137931034482719,9.133593179049972,8.738574908648022,64.3185
2025-02-17,300499,9.0,-0.9104704097116834,3.268318397469705,13.368055555555557,2.788354141328899,0.6872852233676976,2.369982547993021,12.327981651376142,0.35610416734902817,0.3813878429263054,0.8941770706644494,0.6872852233676976,18.97,17.28,33.7499
2025-02-17,300502,8.0,-8.320321213473136,4.891535516801349,14.156096657716866,2.170305272895467,0.9241741741741749,1.7047262089770518,13.10888909274379,0.20588068080390398,0.520524017467249,0.5851526364477335,0.9309309309309309,83.62732032971938,76.84038169981277,35.3662
2025-02-17,300543,5.0,7.317073170731692,0.7929515418502175,5.827937095282132,1.7415899722740547,0.9824561403508787,1.3951048951048877,5.1470588235293935,0.5349738149443428,0.6625222024866797,0.3707949861370273,0.9824561403508787,11.239805825242765,10.705048543689367,55.9537
2025-02-17,300853,3.0,24.383983572895286,2.2794428028704017,12.436194895591646,2.10271447553775,0.8549618320610691,1.6833409821018823,11.299954065227391,0.3486191026156884,0.5440596229723806,0.5513572377688749,0.854961832061069,23.69,21.55,76.003
2025-02-17,300918,2.0,34.26103646833014,1.9679300291545188,18.559322033898297,2.165146542822078,0.8750000000000001,2.494623655913978,15.907207953603987,0.6177243364772347,0.46666666666666656,0.582573271411039,0.9612068965517248,13.59453229382761,11.692090456790512,81.3157
2025-02-17,301018,7.0,4.509713228492118,6.354436337961866,19.14052201423675,2.8701492836791203,0.6549586776859487,1.5502173415694367,18.298429319371714,0.25153685745755117,0.20925747348119714,0.9350746418395601,0.8657024793388415,42.29525923804079,37.756158693784116,42.5961
2025-02-17,301366,6.0,8.379413015737969,3.535148313693637,7.60135135135136,2.0766107838695063,0.9579288025889989,1.6715610510046348,6.255212677231037,0.12325265570597788,0.7440065014221866,0.5383053919347531,0.9967637540453096,34.96101392781694,33.63985411664792,55.086
2025-02-19,300583,1.0,22.26166328600405,1.3025210084033567,9.095022624434378,2.6311276146715463,0.8370044052863432,1.7366120218579228,8.554705087798276,0.5370584690669191,0.5732758620689662,0.8155638073357732,0.9162995594713641,23.785628019323607,22.08665458937192,83.1366
2025-02-19,300986,2.0,21.59548751007252,4.356846473029052,14.491654021244326,3.179087485769332,0.8699999999999999,2.883625128733268,13.458646616541369,0.1656662244248479,0.6446700507614225,1.0,1.0,10.333707946893043,9.418967547721321,82.155
2025-02-24,300823,1.0,18.526466380543628,3.8871473354232133,11.582491582491583,2.077073948948949,0.4604810996563571,3.78272980501393,8.159268929503916,0.5390227887387287,0.617074701820465,0.5385369744744746,0.5085910652920964,15.577795275590857,14.50346456692942,69.9516
2025-02-25,300402,1.0,6.398910823689596,2.2236756049705875,5.252525252525264,3.27509212501706,0.6315789473684214,3.5670498084291236,4.269513008672443,0.38245065903954206,0.9140211640211651,1.0,0.6466165413533834,15.29,14.85,55.1772
2025-02-26,300258,2.0,22.9706390328152,2.5936599423631135,14.011208967173738,1.587030238186658,0.5476190476190481,2.3149606299212593,9.286262471220263,0.5499611950364776,0.7822822822822819,0.29351511909332895,0.6380952380952382,13.839400742390298,12.453466518188387,75.6807
2025-02-26,300286,10.0,6.682352941176495,0.08830022075057009,4.325816843074093,1.7675432651032488,0.7578947368421104,1.1605584642233873,3.2801822323462737,0.711260103299479,0.7642348754448395,0.3837716325516244,0.9157894736842117,22.337729779411852,21.43041360294126,57.6506
2025-02-26,300446,11.0,6.041784302653874,1.0220548682087438,4.275402554136587,1.934971611666365,0.729166666666673,1.6863237139272205,3.528114663726578,0.6209263177600983,0.8107084910762588,0.4674858058331825,0.8020833333333364,18.27998213222122,17.709654556283176,54.2746
2025-02-26,300523,9.0,8.781869688385257,2.628062360801775,8.628005657708627,2.409888428010558,0.6732026143790845,1.5116443189837656,5.061559507523938,0.17979395256953268,0.9006772009029353,0.7049442140052791,0.928104575163399,22.45,21.21,59.3823
2025-02-26,300550,7.0,8.608815426997252,3.886693017127807,7.865937072503426,2.943454057223886,0.5975609756097563,2.3006012024048137,6.98778833107192,0.5791155331232469,0.7615894039735107,0.9717270286119429,0.7560975609756092,15.151657953696946,14.592703510082302,62.1674
2025-02-26,300705,6.0,9.75300823305889,1.7615971814444853,6.253832004904969,2.5608445448076074,0.7249999999999978,2.0588235294117583,5.542021924482321,0.4868802382468356,0.8382264829239074,0.7804222724038037,0.7999999999999976,16.697753064861423,15.991799911209029,63.1868
2025-02-26,300825,12.0,3.5313001605136396,1.7350157728706739,5.911330049261099,2.194242479567837,0.8297872340425533,0.9850299401197611,3.948428686543104,0.44317320589549136,0.833597464342314,0.5971212397839185,0.8297872340425533,12.68,12.18,48.7811
2025-02-26,300872,8.0,10.167597765363134,2.0175892395240647,8.830022075055188,2.06672983216026,0.6165803108808281,1.9780380673499274,6.594594594594594,0.3934294069048376,0.7112860892388443,0.5333649160801299,0.8652849740932641,19.264651405460764,18.05874203139933,59.5453
2025-02-26,300894,1.0,14.577464788732385,2.8445006321112576,8.178191489361698,3.0831926132346212,0.6969696969696968,2.1869822485207107,6.969099276791568,0.8312450105569472,0.8002577319587636,1.0,0.7045454545454541,15.82,15.04,77.7184
2025-02-26,301023,4.0,27.40535549399814,0.5245519452134584,10.82730923694777,1.8412534150177995,0.335238095238094,2.913198573127232,5.570007651109399,0.6342717049137069,0.6600147819660009,0.42062670750889974,0.4276190476190466,48.68024240998618,44.15481698996998,72.1729
2025-02-26,301029,3.0,15.133960897900067,2.0539152759948776,9.090909090909083,2.245401112289121,0.6000000000000005,2.107765451664021,6.390097022415531,0.5616516178347903,0.8032141685798635,0.6227005561445604,0.8035087719298242,30.735476839237656,28.752861035422903,73.0381
2025-02-26,301608,5.0,11.602428722280877,5.819774718397985,12.239479622992144,3.6149068322981366,0.7881526104417665,2.6856702619414454,10.94344574202859,0.45780262201545213,0.7243843307388034,1.0,0.7881526104417665,79.55360226338016,75.00341500000535,66.7007
2025-03-05,300857,1.0,13.688040018190106,5.485232067510548,17.128935532233914,3.049642344710577,0.8659611992945304,1.5185078909612657,14.67889908256883,0.5593494926285199,0.7234611953612837,1.0,1.0,84.41016473205981,76.01901080342128,76.6182
2025-03-06,300617,2.0,18.205804749340395,0.4484304932735661,5.878877400295424,1.6578989574979952,0.5384615384615431,1.449287510477787,3.5538861600693528,0.6221176735210654,0.7219101123595497,0.3289494787489976,0.6113360323886685,35.37245121289979,33.55822515573593,72.0882
2025-03-06,301336,1.0,30.70325900514579,2.511210762331828,16.4692395873137,1.7508562816824222,0.760563380281689,1.310265282583623,10.702179176755466,0.4818365222205243,0.6315298507462666,0.3754281408412111,0.7746478873239431,88.84370535542827,78.19640479209276,75.9477
2025-03-06,301381,3.0,0.9286618826509052,1.831345826235098,6.172291296625221,1.7501905870079846,0.4961240310077527,1.7232824427480893,3.9565217391304364,0.23238465381368023,0.808102345415779,0.3750952935039923,0.6356589147286829,23.48,22.52,33.9288
2025-03-10,300022,1.0,19.572368421052634,2.974504249291776,7.863501483679514,1.6720497703127735,0.741379310344827,1.4710144927536237,6.13138686131387,0.47389807414432233,0.7717546362339515,0.33602488515638673,0.9137931034482747,7.06,6.74,79.4656
2025-03-10,301611,2.0,7.299270072992714,0.4503804938655209,5.324865657059119,1.8704087507196316,0.5210526315789488,1.2099158517170783,4.575586095392081,0.44671000962296237,0.7786561264822136,0.4352043753598158,0.705263157894738,64.27185321100663,61.297321100915006,51.4363
2025-03-11,300296,1.0,5.228758169934644,4.681404421326407,12.116991643454057,5.091765727081037,0.5828220858895706,3.10054347826087,11.34163208852006,0.21555476640778837,0.48818897637795367,1.0,0.6134969325153379,7.564079401639355,7.0624304426229605,43.2836
2025-03-12,300609,2.0,3.2639885222381704,1.8754423213021898,7.747005988023958,3.807859573931678,0.5826771653543311,2.055491329479767,5.884516366311132,0.739986606986498,0.8872727272727279,1.0,0.7204724409448815,28.26,26.72,55.3463
2025-03-12,301003,1.0,5.188343994314137,1.7881705639614998,7.4410163339382995,1.9951473136915079,0.6898148148148147,1.1976237623762385,6.1312298314808,0.813274719026003,0.7619880994049701,0.49757365684575394,0.8287037037037039,27.586476990223623,26.135056433310208,55.5554
2025-03-14,300012,4.0,9.573612228479478,0.6651884700665134,5.092592592592582,2.1625623377996894,0.7868852459016332,1.6712328767123352,4.128440366972463,0.5148974463641824,0.7830964846671653,0.5812811688998447,0.983606557377046,13.408063174977318,12.843200203082489,64.1021
2025-03-14,300616,5.0,8.00615858352578,0.7902298850574585,9.01320901320901,3.723050777930792,0.7461538461538456,2.940226171243941,7.674597083653101,0.3304978153221216,0.7456993268511594,1.0,0.8076923076923063,13.057963727002878,12.072988014836714,58.3091
2025-03-14,300947,3.0,8.742579600647593,2.025316455696191,7.638888888888884,2.8524808905663255,0.900826446280991,1.4704861111111123,5.941114616193466,0.5054317594864943,0.854922279792746,0.9262404452831628,0.9173553719008252,19.75,18.72,65.5
2025-03-14,300973,2.0,9.143130684538047,4.1333637816853175,10.89494163424125,4.255366354207111,0.9067599067599066,2.566666666666671,9.589041095890426,0.6007469690438294,0.7515819076634636,1.0,0.9067599067599066,43.349393795912,40.70625880081985,66.7064
2025-03-14,301008,1.0,14.00900900900901,6.973795435333896,14.369633981021224,3.2875910977482925,0.7408376963350783,3.136656891495604,11.94161875276425,0.43703229683737654,0.9079754601226999,1.0,0.7408376963350783,23.57370858754129,22.049288716918376,73.0099
2025-03-14,301239,6.0,2.8686173264486525,1.052038324253246,13.793103448275845,3.2355565857333257,0.8565088757396451,2.1281762986282886,12.531380753138087,0.4033466468886129,0.65071673733091,1.0,0.9275147928994081,53.23,47.27,50.0985
2025-03-14,301332,7.0,3.966005665722383,1.194852941176472,4.459203036053139,1.8907484096827905,0.6595744680851051,1.2901960784313746,3.08988764044944,0.2737852040865954,0.8888888888888882,0.4453742048413952,0.9148936170212734,10.723420506279638,10.388313615458397,48.1237
2025-03-17,300798,2.0,18.573551263001487,0.8849557522123908,9.615384615384626,2.671212330184125,0.8166666666666675,1.5189873417721507,7.547169811320753,0.5548500598017863,0.5618556701030932,0.8356061650920626,0.9666666666666673,7.91,7.28,81.5871
2025-03-17,300956,1.0,19.01639344262296,2.3771152296534925,11.154855643044614,3.1081511058427176,0.9597989949748745,1.685420447670899,9.102619149849733,0.6691989844884656,0.7816043679126419,1.0,0.9597989949748745,20.587443980837804,18.961682892907017,88.9908
2025-03-17,301600,3.0,37.44380218368657,1.9727437339178255,10.207024410340914,1.5375290254961116,0.7979079497907923,1.9451226601557987,9.74358974358973,0.3234254887000963,0.5471236230110168,0.2687645127480558,0.8786610878661072,138.74584574204187,128.37924485938095,73.3191
2025-03-19,301268,1.0,33.294730746960056,5.402930402930406,15.969773299748091,3.5764238410596025,0.8087855297157618,2.761467889908257,15.215215215215206,0.9396104126384868,0.7463414634146339,1.0,0.8397932816537466,21.84,19.85,92.0851
2025-03-20,300256,1.0,7.210626185958269,5.018587360594795,12.326043737574555,5.478673721277377,0.592233009708738,3.774869109947646,11.66007905138342,0.3305304716423519,0.6380952380952378,1.0,0.592233009708738,5.38,5.03,50.7953
2025-03-20,300766,2.0,-3.941794068889304,6.974358974358963,17.720090293453737,4.521375368751596,0.8650442477876107,2.4972375690607733,17.61389264772213,0.38067648766510587,0.7024070021881836,1.0,0.8827433628318582,48.75,44.3,43.9011
2025-03-21,300583,2.0,5.976095617529875,0.5671077504725952,5.013817607579951,2.3047208889473336,0.7218934911242619,1.5294117647058803,4.7244094488189115,0.6527234597861078,0.8069498069498073,0.6523604444736668,0.7692307692307697,26.434027777777704,25.31470410628012,55.7555
2025-03-21,300778,1.0,12.5,0.08554319931566301,4.464285714285721,2.38360953779456,0.7656249999999969,1.244444444444446,4.09252669039144,0.5743094290695647,0.6729776247848542,0.6918047688972799,0.9218749999999989,11.69,11.2,69.0649
2025-03-24,300040,1.0,20.319999999999983,0.2666666666666595,8.357348703169997,1.7743313602057575,0.7999999999999995,2.0588235294117654,7.122507122507127,0.15581408872902447,0.6694214876033058,0.3871656801028788,0.9538461538461531,7.436300646551754,6.881056864942557,75.3271
2025-03-25,300871,1.0,22.72727272727273,7.048458149779746,21.39883430474605,6.058971100902486,0.890625,4.39754601226994,19.215044971381843,0.7015997179424986,0.5027195027195044,1.0,0.9609375,13.556105928318905,11.953658751770194,87.2835
2025-03-26,300779,1.0,13.435514018691585,0.5567338282078449,4.634482758620684,1.7874730021598273,0.8692449355432768,0.8328220858895715,3.3163091590057814,0.5839711488473502,0.7899999999999998,0.39373650107991365,0.9760589318600378,150.88,145.0,70.9391
2025-03-31,300193,1.0,10.479921645445645,6.818181818181812,14.28571428571428,8.537356267760694,0.5197368421052633,4.061068702290073,12.68731268731269,0.23578047452036266,0.7184466019417459,1.0,0.5328947368421051,10.328698842224679,9.653812270147498,55.9311
2025-04-17,300004,6.0,-0.930851063829774,0.5398110661268607,10.863095238095255,1.6395699722984074,0.8235294117647064,1.263269639065817,8.759124087591253,0.4019850409557548,0.3579234972677583,0.3197849861492037,0.882352941176471,7.41,6.72,32.2435
2025-04-17,300144,1.0,9.071504802561403,0.2944062806673253,5.035971223021596,2.188036657729608,0.6000000000000029,1.8292682926829267,3.861788617886197,0.5914201692386718,0.8993963782696182,0.594018328864804,0.6533333333333342,9.955207373271879,9.505806451612894,59.5121
2025-04-17,300327,3.0,2.783635596794598,3.3941450997030165,10.271493212669691,4.474553707475901,0.6587837837837841,2.298391569606211,8.118899733806572,0.8693186358264875,0.7660311958405555,1.0,0.6587837837837841,23.57,22.1,53.2732
2025-04-17,300547,5.0,-7.562043795620433,0.5398539218799625,9.85426786953505,2.079618816190338,0.6837060702875398,1.3668122270742376,7.94408455506308,0.3941378183991096,0.5072933549432725,0.539809408095169,0.7124600638977633,31.180995142857164,28.53719530063968,33.1688
2025-04-17,300985,4.0,-4.65527401296405,6.79867986798679,13.305322128851538,4.520976915356306,0.6528925619834707,2.7770491803278716,10.897875257025369,0.5587617329376489,0.7591973244147157,1.0,0.6859504132231401,15.15,14.28,43.4884
2025-04-17,301092,2.0,10.201042442293385,0.9205591544493741,9.467455621301779,3.4120676738668996,0.484076433121019,2.5322580645161272,8.34553440702781,0.8138531646261608,0.4206896551724151,1.0,0.515923566878981,29.10376618749997,26.83142985714283,59.2387
2025-04-18,300134,3.0,-1.6281062553556103,2.5000000000000133,12.54901960784316,4.320938815976755,0.7687500000000005,2.4347826086956523,12.00000000000001,0.3510259469654631,0.6153846153846156,1.0,0.8312500000000004,11.2,10.2,41.1212
2025-04-18,300252,2.0,-4.198473282442761,1.107754279959705,10.451045104510449,3.5189070229023334,0.8148148148148139,1.6488549618320612,9.606986899563296,0.36888129897919786,0.5715778474399161,1.0,0.898148148148147,9.93,9.09,42.0699
2025-04-18,300492,1.0,4.1861007462686395,0.9262396927595118,5.6146572104018855,2.217567989996874,0.8271604938271614,1.0159469629098714,3.8953488372093004,0.46059828248775414,0.9021301093839964,0.608783994998437,0.9358024691358008,63.19657006189931,60.39116488463437,53.617
2025-04-21,300261,4.0,19.778188539741226,2.0472440944881987,6.754530477759468,2.338305045590072,0.6734693877551019,1.2919020715630891,6.0556464811784005,0.6151551888499345,0.8707592891760909,0.6691525227950359,0.8163265306122452,6.35,6.07,84.8632
2025-04-21,300503,3.0,17.34902763561925,0.7912087912087973,7.905882352941185,2.5079212467353558,0.9277108433734934,1.1056137012369174,6.849953401677533,0.7263634591761794,0.8530762167125807,0.7539606233676779,0.9879518072289158,22.75,21.25,85.6883
2025-04-21,300652,2.0,37.25436681222707,2.90566809903825,11.631520532741412,2.477360986642769,0.8202247191011226,1.8173199635369177,11.53249057440673,0.8931458661154363,0.6718146718146737,0.7386804933213844,0.9002808988764042,37.52279528903078,34.58976729631341,88.8668
2025-04-21,300984,1.0,17.02809730341317,0.9105691056910725,9.78241641606228,2.9133356305995863,0.95928338762215,1.23772498200144,8.877192982456151,0.9627795106085468,0.8191214470284238,0.9566678152997932,0.9592833876221502,43.95160877908689,40.39974706149239,89.5371
2025-04-21,301220,5.0,30.48600883652428,2.4277456647398887,11.981799797775516,2.861362601790501,0.8594059405940578,1.5485708027598306,10.418743768693917,0.4530355114473448,0.5717523559584872,0.9306813008952506,0.8851485148514845,61.79669945124835,56.52433364835572,82.3816
2025-04-21,301379,6.0,24.887285843101893,1.3538236370288947,8.203124999999979,2.214973689879066,0.6640624999999991,1.3348230912476742,7.198142414860675,0.49932185464160117,0.7841726618705038,0.607486844939533,0.7812499999999992,19.348587935238992,18.12381453136181,80.9523
2025-04-24,300004,2.0,11.158192090395481,0.8974358974358942,10.378681626928476,3.002010734663615,0.7840909090909096,1.4275782155272307,9.76290097629009,0.4517952416367217,0.689189189189189,1.0,0.8522727272727273,7.8,7.13,66.4766
2025-04-24,300119,3.0,-3.2119914346895095,2.3203169213355634,5.854800936768134,2.6796534387117124,0.7394366197183067,1.3087557603686621,5.545826036193802,0.2340025175385243,0.8504887866589963,0.8398267193558562,0.7394366197183067,17.47673964962687,16.893192598507465,39.4544
2025-04-24,300858,1.0,13.960113960113961,1.1378002528444897,12.438510189739983,3.0514699778228436,0.5852713178294576,2.4790665751544254,11.576011157601119,0.570198730177141,0.8219178082191783,1.0,0.7558139534883723,15.82,14.23,73.9183
2025-04-25,300986,1.0,17.799158147925432,0.4615384615384466,9.441340782122909,3.0881193292480167,0.6473429951690812,1.699706744868036,7.578253706754512,0.5104569328625752,0.5892575039494488,1.0,0.6570048309178733,13.935498268631697,12.792072769667044,75.2341
2025-04-28,300945,1.0,12.08267090620032,0.7142857142857117,16.915422885572127,4.674103432845362,0.6923076923076924,2.3333333333333326,15.102040816326534,0.9419152784545791,0.5852895148669803,1.0,0.7435897435897435,14.0,12.06,71.9452
2025-04-29,300610,4.0,10.165975103734425,0.28328611898016387,6.199999999999983,1.6517873271380688,0.6315789473684138,0.8184615384615406,3.1067961165048397,0.6134445529491868,0.922928709055876,0.3258936635690344,0.710526315789472,10.40363658127235,9.824019434629227,60.847
2025-04-29,301055,6.0,1.1002444987775029,1.1002444987775029,5.283259070655633,2.07398512096538,0.7115384615384595,1.362020579981292,4.683544303797449,0.5463229340081901,0.8503740648379057,0.53699256048269,0.8557692307692288,16.36,15.71,45.6363
2025-04-29,301196,1.0,51.37297297297299,10.14789175582127,20.333447920247515,2.97598917822117,0.5680713128038903,3.246758128171395,16.780650542118437,0.6725278614602939,0.8391596914492041,0.987994589110585,0.8549432739059973,63.56,58.18,89.6541
2025-04-29,301300,5.0,6.594110115236873,3.159851301115224,9.900990099009888,3.2496596265812827,0.6698113207547144,1.3238180196253362,6.662395900064055,0.302518450396672,0.8922686945500626,1.0,0.8584905660377318,31.93220943697906,29.973542315379973,58.2798
2025-04-29,301413,2.0,11.855427360489767,0.02105484787873202,6.740815638692288,2.142362900257637,0.5489051094890519,1.2982266143224586,5.8961212661613915,0.6129190851528757,0.6297091338413654,0.5711814501288186,0.8583941605839429,94.62554162936111,88.66848573986138,65.23
2025-04-29,301526,3.0,10.682492581602364,5.36723163841808,12.349397590361445,5.190840934586081,0.6944444444444446,2.739130434782606,12.349397590361445,0.5510014094403863,0.6231884057971006,1.0,0.7222222222222219,3.54,3.32,63.4223
2025-05-09,300322,2.0,12.037708484408993,0.3898635477582735,7.96645702306078,2.9445434778350212,0.3936651583710402,2.6880973066898366,5.967078189300401,0.42587336708370915,0.7329773030707611,0.9722717389175106,0.5203619909502254,15.39,14.31,61.5881
2025-05-09,300740,1.0,13.693998309382916,4.182804027885356,8.642972536348935,6.3702767389678385,0.5679012345679014,3.2774566473988425,7.342378292098961,0.48221794637888604,0.9208234362628656,1.0,0.598765432098765,12.91,12.38,70.4089
2025-05-09,301259,3.0,-4.697651174412798,4.89548954895489,8.940302770636976,2.8850186894247627,0.6137339055793994,1.6216753666418076,8.260005676979866,0.8913946444570681,0.9435506632797055,0.9425093447123813,0.8884120171673826,36.36,35.01,54.7175
2025-05-12,301004,2.0,8.559122772321647,1.381523862684908,5.000722647781486,2.401861528412802,0.595808383233535,1.4495900881304131,4.532374100719427,0.36681394340999546,0.8414047012177852,0.7009307642064011,0.595808383233535,71.66,69.19,54.167
2025-05-12,301151,1.0,11.262798634812299,0.6172839506172867,4.153354632587858,1.7385736949459847,0.9615384615384623,0.9393548387096786,3.8216560509554354,0.7400362138664562,0.7941359950093554,0.36928684747299234,0.9807692307692346,15.993693147361707,15.450697392358688,68.8464
2025-05-13,300758,1.0,31.4013206162876,0.6745362563237878,14.881334188582418,2.283098896216267,0.7279151943462904,2.9744744744744733,13.931297709923651,0.4103955065578026,0.4244604316546765,0.6415494481081334,0.826855123674912,17.79,15.59,75.4754
2025-05-13,301258,2.0,5.03903477643719,2.2452504317789446,7.597237368229748,3.5172362445089718,0.6153846153846174,1.5191986644407336,6.666666666666665,0.7128540768071423,0.753954305799648,1.0,0.6923076923076934,28.866400265940435,27.430558594681223,55.9263
2025-05-15,300119,1.0,22.157588577472254,2.941176470588225,7.943925233644866,2.5396150510695703,0.7081081081081095,1.6872964169381097,6.0119320789353115,0.5246535729043571,0.810895992796036,0.7698075255347852,0.772972972972973,22.19456919850747,21.165943888059704,83.1908
2025-05-15,300719,3.0,28.418945963975982,0.8909853249476019,8.695652173913038,2.969065135719302,0.3773087071240106,4.6584723441615425,8.024691358024683,0.588698489434544,0.5141484249866526,0.9845325678596509,0.43799472295514513,19.036512820512623,17.66963532763515,75.1479
2025-05-15,300858,4.0,2.35294117647058,0.6807351940095296,7.329462989840341,2.687693058039343,0.6842105263157882,1.8657314629258523,6.25,0.056256214405945304,0.7547302032235461,0.8438465290196715,0.7293233082706758,14.69,13.78,39.8956
2025-05-15,301448,2.0,18.681863230921692,0.2511511092507357,7.6888489208633,2.310741402411791,0.7692307692307705,1.8674033149171239,5.506607929515406,0.5178476521544451,0.6801705756929624,0.6553707012058956,0.8284023668639037,23.691781904385753,22.0554721453972,78.4558
2025-05-16,300420,1.0,12.461059190031154,3.142857142857136,9.393939393939398,4.676177500236541,0.704545454545454,3.366120218579238,8.734939759036141,0.6019220618070642,0.707602339181286,1.0,0.704545454545454,3.5,3.3,68.6559
2025-05-16,300945,2.0,13.4020618556701,4.761904761904767,12.936344969199176,1.9763418809072943,0.7285714285714284,2.419753086419753,8.552631578947366,0.5952919648357958,0.7373478539397819,0.4881709404536472,0.7285714285714284,15.75,14.61,66.2469
2025-05-16,301076,5.0,3.230507651202319,2.9055690072639306,18.055555555555557,2.1402986643540873,0.7911764705882351,1.585345545378852,16.59807956104251,0.20056231339433658,0.34615384615384737,0.5701493321770437,0.8176470588235294,41.3,36.0,36.7162
2025-05-16,301215,3.0,11.636363636363644,0.6557377049180246,5.13698630136985,4.955867378110871,0.3199999999999979,3.1390134529148064,4.421768707482987,0.8231516792743967,0.9156829679595293,1.0,0.34000000000000014,6.046569966272893,5.788847311972737,66.1552
2025-05-16,301603,4.0,8.456913827655299,2.113207547169793,6.956521739130417,2.958431619227342,0.6234234234234224,2.7543424317617924,6.535433070866148,0.3083384058465692,0.6121097445600745,0.9792158096136709,0.6828828828828819,52.896220873310995,50.50092030546295,54.1704
2025-05-19,300867,1.0,24.984066284257487,6.924754634678298,14.745465184318295,2.0503434789149075,0.767790262172285,1.7426573426573415,12.701149425287372,0.15754696694938922,0.6989966555183926,0.5251717394574538,0.7865168539325834,18.275315352696925,17.029724066389885,73.8302
2025-05-20,301263,1.0,13.785046728971984,1.6701461377870652,5.4112554112554,1.8107825286201629,0.8296296296296323,1.567164179104476,4.821351700387444,0.5133890557233598,0.9061833688699363,0.4053912643100814,0.8296296296296323,23.769816528722124,22.926211349205893,69.5102
2025-05-21,300960,1.0,17.897435897435887,2.314196706720062,10.795180722891562,1.9223269488520904,0.8737373737373736,1.399133163506507,8.137347130761974,0.46423821736706494,0.815327793167129,0.4611634744260452,1.0,22.47,20.75,79.6
2025-05-29,301378,1.0,0.999259807549957,1.6008935219657516,5.939440993788803,2.3096338183573546,0.9599999999999994,1.067724222086638,5.0827878321139774,0.5643767538171056,0.950191570881225,0.6548169091786773,0.9759999999999991,26.86,25.76,50.7852
2025-05-30,301078,1.0,15.918826988197821,0.2733411370300143,5.619596541786742,1.6083073224817614,0.41379310344827475,1.4578206989538722,3.2394366197183055,0.21117712836029323,0.7793597384313335,0.3041536612408807,0.7356321839080457,14.620037423472468,13.88,64.4499
2025-06-03,300640,3.0,8.223684210526327,0.45801526717557106,6.991869918699178,1.9100142895763335,0.8750000000000003,1.4285714285714268,5.617977528089879,0.44880396806855444,0.6290571870170028,0.4550071447881667,0.8750000000000003,6.533248081841602,6.134271099744406,54.6654
2025-06-03,300875,2.0,12.945326278659607,0.6918238993710801,8.542372881355952,1.9121505041056024,0.4200000000000017,1.4177215189873424,5.886243386243395,0.5389136591060653,0.7234726688102879,0.4560752520528012,0.7100000000000009,31.8,29.5,63.5872
2025-06-03,301371,1.0,13.510269864324908,0.11029411764706953,6.450351837372947,2.4727693018955157,0.9123711340206178,1.5764964111501116,6.242684354272332,0.3743438832048618,0.6172607879924954,0.7363846509477578,0.9896907216494848,27.2,25.58,69.0523
2025-06-04,300857,1.0,8.371969797324152,0.23278608184267302,6.704056345376297,1.9165414788849942,0.48640483383685956,1.019357677078747,4.057491732383611,0.5261695809613918,0.8225887056471761,0.4582707394424971,0.652567975830817,81.62,76.67,54.6094
2025-06-06,300191,2.0,10.509950248756228,0.679886685552411,5.459940652818984,1.6613241924525972,0.8181818181818182,1.7390213299874502,4.837758112094392,0.5046998527389388,0.6857142857142853,0.3306620962262986,0.8181818181818181,17.65,16.85,58.5464
2025-06-06,300255,1.0,68.91050583657588,8.47076461769114,16.819160387513456,1.6258944880703539,0.8136363636363639,2.707295634339289,15.11535401750197,0.5004282545594028,0.6741918932786053,0.31294724403517693,0.8439393939393935,40.02,37.16,77.6276
2025-06-06,300927,3.0,-4.759206798866867,1.4177978883861186,8.346761198839815,3.0562955125412334,0.6213592233009702,0.8897573015220067,6.899841017488062,0.5244800618095828,0.886828041496385,1.0,0.7831715210355978,33.04672897196197,30.933333333332733,46.8331
2025-06-09,300267,4.0,8.517350157728698,2.9940119760479167,8.176100628930815,3.31940608354108,0.6176470588235295,2.106194690265486,7.1651090342679025,0.5175693237982548,0.6396396396396388,1.0,0.6470588235294114,3.34,3.18,57.334
2025-06-09,300363,3.0,10.396361273554234,2.6586102719033056,6.98992443324935,2.4036378034002426,0.6916666666666657,2.248995983935743,5.7907845579078465,0.507016670996943,0.7867154174283966,0.7018189017001213,0.7166666666666666,16.55,15.88,61.5502
2025-06-09,300639,7.0,0.8605851979346157,0.17094017094019254,4.085257548845478,1.7196097121825933,0.8888888888888911,0.8208469055374584,3.3509700176366897,0.7223519523876012,0.7590361445783136,0.35980485609129664,0.9444444444444455,5.85,5.63,46.4289
2025-06-09,300820,6.0,0.4317825273480347,0.4366812227074135,5.458515283842802,2.8120526252649256,0.7081967213114733,1.1863567815980534,4.704097116843697,0.6858493827206562,0.7836691410392373,0.9060263126324628,0.7377049180327858,48.09,45.8,46.7207
2025-06-09,300834,1.0,17.664092664092657,5.49545651233232,14.891611687087657,7.346649013878744,0.698598130841121,6.164609053497945,13.978494623655902,0.49094542491025206,0.652527075812275,1.0,0.698598130841121,23.11,21.22,76.4522
2025-06-09,301148,2.0,17.409326424870454,1.2058954890576068,9.152215799614627,2.3829395622782945,0.913705583756346,1.776939067354623,8.837656099903946,0.6700782677959036,0.3868349864743017,0.6914697811391473,0.9187817258883249,22.39,20.76,75.9627
2025-06-09,301487,5.0,0.26096033402922547,0.6286013619696273,5.840220385674955,2.4581817680776012,0.7542372881355939,1.3929173693086008,4.91534680502459,0.7360582265156759,0.9026500811249331,0.7290908840388006,0.7711864406779664,19.09,18.15,47.8172
2025-06-10,300743,1.0,19.712702188057698,2.6835443037974693,9.859154929577475,2.935898810161861,0.6883116883116887,3.1582558854194764,8.391234633885624,0.7712323408901949,0.8525539757767255,0.9679494050809305,0.7489177489177495,19.75,18.46,88.44
2025-06-12,300844,1.0,20.507349454717883,0.6734006734006703,7.010526315789467,1.5107766936773055,0.7080291970802912,1.320936639118457,5.984153461217678,0.3478241197551513,0.5824175824175828,0.25538834683865275,0.8394160583941597,50.49,47.5,73.2958
2025-06-12,300906,2.0,9.179572079023712,0.40755835494628023,4.633204633204646,2.762878242074928,0.7899159663865548,1.4084675306288335,3.3562166285278527,0.4364686087366407,0.7982062780269052,0.8814391210374639,0.8907563025210093,26.99,25.9,63.5088
2025-06-20,300587,1.0,11.446740858505567,0.28612303290413976,5.891238670694854,1.8299332518567266,0.8627450980392151,1.457142857142856,5.731523378582204,0.2930600083626475,0.7071742313323572,0.41496662592836325,0.9411764705882348,6.99,6.62,60.8702
2025-06-23,300172,2.0,16.184971098265887,3.076923076923088,11.873840445269025,3.3803402415143604,0.494252873563219,4.185567010309276,11.254612546125475,0.6199022585501763,0.39341421143847555,1.0,0.5977011494252878,5.85,5.39,69.5237
2025-06-23,300541,4.0,11.027479185537814,2.7310788565340083,17.026743419841495,2.7059046625100196,0.8999999999999997,3.422821602831235,12.850200114351074,0.4811013374199438,0.40268456375839,0.8529523312550097,0.9045454545454541,15.370226980728049,13.492642398286934,61.9322
2025-06-23,300585,5.0,2.881466928618215,0.319284802043418,5.0133689839572115,2.457592245439166,0.4909090909090919,2.1999999999999993,4.52428476380573,0.6076296650394727,0.6161228406909782,0.7287961227195829,0.8000000000000009,15.66,14.96,47.4072
2025-06-23,301101,3.0,12.09714026327735,0.38617886178862193,10.270149586961374,2.5456874619271153,0.859099804305284,2.2761692650334058,10.000000000000009,0.6671908830154991,0.4605983986514952,0.7728437309635576,0.859099804305284,49.2,44.79,66.0216
2025-06-23,301219,1.0,20.47744196233028,7.989791912053401,15.932560590094823,5.758988820626448,0.6472491909385114,3.579644187008689,15.421737305916917,0.23684426670579065,0.7904683648315527,1.0,0.6472491909385114,50.94,47.45,78.3547
