code,signal_date,entry_date,entry_price,exit_date,exit_price,hold_days,gross_return_pct,net_return_pct,mae_pct,mfe_pct,exit_reason,benchmark_return_pct,entry_factor,exit_factor
002347,2024-01-02,2024-01-02,6.2,2024-01-05,6.11,3,-1.4516129032257963,-1.6616129032257962,-1.6129032258064613,11.77419354838709,hold_expired,,3.932931613533,3.932931613533
605389,2024-01-02,2024-01-02,26.7,2024-01-05,25.9,3,-2.9962546816479474,-3.2062546816479474,-3.7453183520599342,0.26217228464420206,hold_expired,,1.4499670168201,1.4499670168201
000705,2024-01-03,2024-01-03,10.69,2024-01-08,11.08,3,3.648269410664162,3.4382694106641623,-4.49017773620205,7.577174929840957,hold_expired,,5.6509224964483,5.6509224964483
001339,2024-01-03,2024-01-03,33.64,2024-01-09,39.4,4,17.122473246135538,16.912473246135537,-2.85374554102259,28.894173602853733,hold_expired,,1.0014466546112,1.0014466546112
002529,2024-01-03,2024-01-03,12.26,2024-01-08,12.74,3,3.9151712887439016,3.7051712887439017,-1.2234910277324706,12.642740619902115,hold_expired,,1.2993680873006,1.2993680873006
601166,2024-01-03,2024-01-03,14.75,2024-01-08,14.7,3,-0.3389830508474634,-0.5489830508474633,-1.6271186440677932,1.5593220338983027,hold_expired,,5.0837383592374,5.0837383592374
603711,2024-01-03,2024-01-03,16.43,2024-01-08,16.04,3,-2.37370663420573,-2.58370663420573,-2.4345709068776644,3.956177723676202,hold_expired,,1.0624442489199,1.0624442489199
000678,2024-01-04,2024-01-04,6.95,2024-01-09,6.87,3,-1.151079136690658,-1.361079136690658,-3.1654676258992764,2.5899280575539585,hold_expired,,4.4524001725626,4.4524001725626
600592,2024-01-04,2024-01-04,12.56,2024-01-05,11.8064,1,-6.000000000000005,-6.210000000000005,-11.146496815286632,1.0350318471337383,stop_loss,,3.4455811894587,3.4455811894587
603261,2024-01-04,2024-01-04,35.9,2024-01-09,36.8,3,2.506963788300842,2.2969637883008422,-3.509749303621168,4.122562674094721,hold_expired,,1.0103255745005,1.0103255745005
603586,2024-01-04,2024-01-04,17.03,2024-01-09,17.48,3,2.6423957721667612,2.4323957721667613,-2.524955960070463,5.460951262477987,hold_expired,,1.1699101194845,1.1699101194845
600088,2024-01-05,2024-01-05,15.66,2024-01-10,14.720400000000001,3,-5.999999999999995,-6.209999999999995,-11.238825031928478,3.703703703703698,stop_loss,,3.611375525763,3.611375525763
605488,2024-01-05,2024-01-05,17.77,2024-01-08,15.91,1,-10.467079347214392,-10.677079347214393,-10.467079347214392,2.0821609454136247,stop_loss,,1.5330881965774,1.5330881965774
000635,2024-01-08,2024-01-08,8.8,2024-01-11,9.45,3,7.386363636363624,7.176363636363624,0.0,11.249999999999982,hold_expired,,4.5421527916472,4.5421527916472
002780,2024-01-08,2024-01-08,14.52,2024-01-11,14.44,3,-0.5509641873278182,-0.7609641873278181,-3.6501377410468328,13.567493112947648,hold_expired,,1.9563691439239,1.9563691439239
002888,2024-01-08,2024-01-08,24.98,2024-01-09,22.48,1,-10.008006405124103,-10.218006405124104,-10.008006405124103,0.0,stop_loss,,1.8777365386961,1.8777365386961
603048,2024-01-08,2024-01-08,19.38,2024-01-11,18.0,3,-7.120743034055721,-7.330743034055721,-7.120743034055721,5.521155830753366,stop_loss,,1.0237817534,1.0237817534
603390,2024-01-08,2024-01-08,10.55,2024-01-11,10.79,3,2.274881516587657,2.064881516587657,-2.0853080568720372,11.374407582938373,hold_expired,,1.0180482401507,1.0180482401507
603908,2024-01-08,2024-01-08,38.62,2024-01-11,40.5,3,4.8679440704298305,4.6579440704298305,-3.107198342827544,12.506473329880908,hold_expired,,1.1636855566633,1.1636855566633
000590,2024-01-09,2024-01-09,9.83,2024-01-10,9.240199999999998,1,-6.000000000000016,-6.210000000000016,-8.85045778229907,1.5259409969481386,stop_loss,,5.1584573359366,5.1584573359366
603709,2024-01-09,2024-01-09,18.95,2024-01-10,17.813,1,-6.000000000000005,-6.210000000000005,-8.918205804749324,0.15831134564645577,stop_loss,,1.2322834688418,1.2322834688418
600234,2024-01-10,2024-01-10,8.34,2024-01-15,8.29,3,-0.5995203836930418,-0.8095203836930418,-4.6762589928057485,1.1990407673860837,hold_expired,,2.352,2.352
600775,2024-01-10,2024-01-10,11.6,2024-01-15,11.83,3,1.982758620689662,1.772758620689662,-6.206896551724139,6.5517241379310365,hold_expired,,1.4682991406387,1.4682991406387
605303,2024-01-10,2024-01-10,12.84,2024-01-11,11.98,1,-6.697819314641739,-6.907819314641739,-7.3208722741433085,2.024922118380057,stop_loss,,1.0209751524222,1.0209751524222
002058,2024-01-11,2024-01-11,13.61,2024-01-16,13.25,3,-2.645113886847905,-2.855113886847905,-5.143277002204261,3.012490815576796,hold_expired,,2.3848413684245,2.3848413684245
002347,2024-01-11,2024-01-11,6.3,2024-01-16,5.922,3,-6.000000000000005,-6.210000000000005,-8.730158730158733,16.507936507936517,stop_loss,,3.932931613533,3.932931613533
002527,2024-01-11,2024-01-11,9.71,2024-01-16,9.37,3,-3.501544799176115,-3.711544799176115,-5.355303810504641,4.428424304840384,hold_expired,,2.7947438836401,2.7947438836401
002877,2024-01-11,2024-01-11,10.69,2024-01-16,10.76,3,0.654817586529477,0.444817586529477,-1.8709073900841755,7.577174929841002,hold_expired,,2.8009229251205,2.8009229251205
002887,2024-01-11,2024-01-11,9.1,2024-01-16,9.09,3,-0.1098901098901095,-0.31989010989010946,-3.296703296703285,11.648351648351651,hold_expired,,4.3526406354496,4.3526406354496
600506,2024-01-11,2024-01-11,15.2,2024-01-16,14.288,3,-6.000000000000005,-6.210000000000005,-9.210526315789469,7.6315789473684115,stop_loss,,1.3265400495458,1.3265400495458
603211,2024-01-11,2024-01-11,19.13,2024-01-16,21.04,3,9.984317825405142,9.774317825405141,-2.404600104547816,15.629900679560915,hold_expired,,1.0045194335643,1.0045194335643
603389,2024-01-11,2024-01-11,7.23,2024-01-15,6.796200000000001,2,-6.000000000000005,-6.210000000000005,-6.639004149377592,2.2130013831258344,stop_loss,,1.2280032039135,1.2280032039135
603656,2024-01-11,2024-01-11,15.01,2024-01-16,16.6,3,10.59293804130581,10.38293804130581,0.0,16.855429713524316,hold_expired,,2.0557195663521,2.0557195663521
605389,2024-01-11,2024-01-11,27.21,2024-01-16,27.09,3,-0.4410143329658278,-0.6510143329658278,-4.4101433296582115,2.9033443586916396,hold_expired,,1.4499670168201,1.4499670168201
002186,2024-01-12,2024-01-12,13.13,2024-01-17,13.1,3,-0.22848438690022954,-0.4384843869002295,-0.6092916984006047,11.957349581111965,hold_expired,,2.376687767045,2.376687767045
600628,2024-01-12,2024-01-12,7.7,2024-01-17,7.238,3,-6.000000000000005,-6.210000000000005,-8.051948051948054,0.3896103896103842,stop_loss,,48.66624647989649,48.66624647989649
603085,2024-01-12,2024-01-12,10.39,2024-01-15,9.766599999999999,1,-6.000000000000005,-6.210000000000005,-8.565928777670829,0.0,stop_loss,,2.6330780893304,2.6330780893304
000032,2024-01-15,2024-01-15,17.69,2024-01-18,17.78,3,0.5087620124364145,0.29876201243641454,-3.9005087620124557,4.409270774448815,hold_expired,,4.1941174770809,4.1941174770809
000628,2024-01-15,2024-01-15,44.2,2024-01-18,51.9,3,17.42081447963799,17.21081447963799,-1.2217194570136036,20.4524886877828,hold_expired,,3.17894946078,3.17894946078
002599,2024-01-15,2024-01-15,7.05,2024-01-18,6.56,3,-6.950354609929077,-7.160354609929077,-10.638297872340418,3.687943262411353,stop_loss,,3.5035767001399,3.5035767001399
003029,2024-01-15,2024-01-15,21.77,2024-01-18,21.74,3,-0.13780431786863945,-0.3478043178686394,-5.925585668350941,3.307303628847036,hold_expired,,1.0158282524164,1.0158282524164
003032,2024-01-15,2024-01-15,15.0,2024-01-18,13.68,3,-8.799999999999997,-9.009999999999998,-8.799999999999997,5.866666666666687,stop_loss,,1.0021843008626,1.0021843008626
603877,2024-01-15,2024-01-15,18.0,2024-01-18,16.57,3,-7.944444444444443,-8.154444444444444,-12.611111111111118,7.888888888888901,stop_loss,,1.219170967522,1.219170967522
605365,2024-01-15,2024-01-15,20.99,2024-01-17,19.730599999999995,2,-6.000000000000005,-6.210000000000005,-9.671272034302037,12.434492615531223,stop_loss,,1.0292626730702,1.0292626730702
001212,2024-01-16,2024-01-16,26.2,2024-01-19,27.75,3,5.916030534351147,5.706030534351147,-2.6717557251908275,16.6412213740458,hold_expired,,1.3246361463413,1.3246361463413
002651,2024-01-16,2024-01-16,7.04,2024-01-17,6.6175999999999995,1,-6.000000000000016,-6.210000000000016,-6.107954545454531,0.5681818181818121,stop_loss,,3.1290201107679,3.1290201107679
003022,2024-01-16,2024-01-16,18.61,2024-01-19,18.4,3,-1.1284255776464303,-1.3384255776464302,-2.6329930145083225,5.212251477700147,hold_expired,,1.3305756269779,1.3305756269779
603109,2024-01-16,2024-01-16,17.69,2024-01-18,16.628600000000002,2,-6.000000000000005,-6.210000000000005,-7.461842849067269,2.317693612210281,stop_loss,,1.4799507179843,1.4799507179843
001209,2024-01-17,2024-01-17,19.8,2024-01-18,18.612000000000002,1,-6.000000000000005,-6.210000000000005,-9.242424242424253,3.3333333333333437,stop_loss,,1.4614888461264,1.4614888461264
603192,2024-01-17,2024-01-17,21.45,2024-01-18,20.0,1,-6.7599067599067535,-6.9699067599067535,-11.235431235431237,0.0,stop_loss,,1.3828223379836,1.3828223379836
603213,2024-01-17,2024-01-17,12.39,2024-01-22,11.6466,3,-6.000000000000005,-6.210000000000005,-12.106537530266348,3.2284100080710143,stop_loss,,1.0720894720525,1.0720894720525
603656,2024-01-17,2024-01-17,16.6,2024-01-18,15.604000000000001,1,-6.000000000000005,-6.210000000000005,-6.566265060240983,2.1084337349397186,stop_loss,,2.0557195663521,2.0557195663521
002097,2024-01-18,2024-01-18,6.9,2024-01-22,6.54,2,-5.217391304347818,-5.427391304347818,-8.550724637681173,4.492753623188395,stop_loss,,4.8985428685262,4.8985428685262
603026,2024-01-18,2024-01-18,45.0,2024-01-22,42.3,2,-5.999999999999995,-6.209999999999995,-11.066666666666647,6.155555555555581,stop_loss,,1.0771445265343,1.0771445265343
605303,2024-01-18,2024-01-18,13.01,2024-01-23,10.27,3,-21.06072252113759,-21.27072252113759,-25.67255956956187,0.0,stop_loss,,1.0209751524222,1.0209751524222
000037,2024-01-19,2024-01-19,8.89,2024-01-24,9.52,3,7.086614173228334,6.876614173228334,-4.3869516310461325,9.2238470191226,hold_expired,,5.8761927747633,5.8761927747633
002090,2024-01-19,2024-01-19,10.13,2024-01-23,8.47,2,-16.38696939782822,-16.59696939782822,-20.829220138203365,0.09871668311944859,stop_loss,,5.8141465257168,5.8141465257168
002614,2024-01-19,2024-01-19,8.4,2024-01-22,7.895999999999999,1,-6.000000000000005,-6.210000000000005,-8.214285714285708,5.595238095238098,stop_loss,,5.3191209883628,5.3191209883628
603610,2024-01-19,2024-01-19,13.29,2024-01-22,12.492599999999998,1,-6.000000000000005,-6.210000000000005,-9.179834462001491,1.2039127163280705,stop_loss,,2.5480673489373,2.5480673489373
605155,2024-01-19,2024-01-19,16.5,2024-01-23,14.05,2,-14.848484848484844,-15.058484848484845,-19.878787878787875,0.24242424242422178,stop_loss,,1.4561953423171,1.4561953423171
001212,2024-01-22,2024-01-22,27.02,2024-01-23,25.2,1,-6.735751295336801,-6.945751295336801,-11.13989637305699,1.3693560325684695,stop_loss,,1.3246361463413,1.3246361463413
002333,2024-01-22,2024-01-22,6.47,2024-01-23,5.82,1,-10.046367851622872,-10.256367851622873,-10.046367851622872,5.718701700154583,stop_loss,,3.7202017675301,3.7202017675301
603213,2024-01-22,2024-01-22,12.06,2024-01-23,10.71,1,-11.194029850746269,-11.40402985074627,-17.99336650082919,0.24875621890545485,stop_loss,,1.0720894720525,1.0720894720525
603276,2024-01-22,2024-01-22,23.99,2024-01-23,22.550599999999996,1,-6.000000000000016,-6.210000000000016,-9.962484368486857,2.2509378907878297,stop_loss,,1.0,1.0
603679,2024-01-22,2024-01-22,14.13,2024-01-24,12.47,2,-11.74805378627034,-11.95805378627034,-15.286624203821653,0.0,stop_loss,,1.4184584207335,1.4184584207335
000635,2024-01-23,2024-01-23,9.57,2024-01-24,8.57,1,-10.449320794148386,-10.659320794148387,-10.553814002089867,2.194357366771138,stop_loss,,4.5421527916472,4.5421527916472
002033,2024-01-23,2024-01-23,8.85,2024-01-26,9.1,3,2.824858757062132,2.614858757062132,-4.632768361581919,5.762711864406778,hold_expired,,5.7762995074133,5.7762995074133
002571,2024-01-23,2024-01-23,6.22,2024-01-26,6.66,3,7.073954983922848,6.863954983922848,-4.180064308681675,11.7363344051447,hold_expired,,4.0239155559262,4.0239155559262
603083,2024-01-23,2024-01-23,36.68,2024-01-26,43.52,3,18.64776444929117,18.43776444929117,0.0,33.28789531079606,hold_expired,,2.2248112930643,2.2248112930643
603600,2024-01-23,2024-01-23,11.3,2024-01-26,12.16,3,7.610619469026569,7.400619469026569,-0.4424778761061954,17.43362831858406,hold_expired,,3.1311018511762,3.1311018511762
000020,2024-01-24,2024-01-24,14.18,2024-02-02,15.04,7,6.064880112834992,5.854880112834992,-8.321579689703796,46.89703808180536,hold_expired,,2.4064348391689,2.4064348391689
000936,2024-01-25,2024-01-25,8.57,2024-01-30,7.03,3,-17.96966161026837,-18.179661610268372,-18.436406067677947,9.218203033838979,stop_loss,,6.6496871563097,6.6496871563097
601886,2024-01-25,2024-01-25,6.46,2024-01-30,6.47,3,0.1547987616098867,-0.05520123839011329,-0.3095975232198067,7.27554179566563,hold_expired,,2.578454701216,2.578454701216
600689,2024-01-26,2024-01-26,12.01,2024-01-31,11.72,3,-2.4146544546211457,-2.6246544546211457,-5.828476269775185,16.31973355537053,hold_expired,,2.5137830565587,2.5137830565587
002051,2024-01-29,2024-01-29,8.25,2024-02-01,8.05,3,-2.4242424242424176,-2.6342424242424176,-3.5151515151515267,9.57575757575757,hold_expired,,5.4854396296489,5.4854396296489
002902,2024-01-29,2024-01-29,20.5,2024-01-30,19.02,1,-7.219512195121958,-7.429512195121958,-12.097560975609756,0.8292682926829276,stop_loss,,1.5137957486882,1.5137957486882
600284,2024-01-29,2024-01-29,7.24,2024-01-30,6.52,1,-9.944751381215477,-10.154751381215478,-9.944751381215477,3.5911602209944826,stop_loss,,3.7078165190286,3.7078165190286
600345,2024-01-29,2024-01-29,17.51,2024-02-01,16.4594,3,-6.000000000000016,-6.210000000000016,-7.93832095945175,8.737864077669876,stop_loss,,1.9979371075735,1.9979371075735
600444,2024-01-29,2024-01-29,14.04,2024-01-31,13.197599999999998,2,-6.000000000000005,-6.210000000000005,-11.111111111111105,2.279202279202286,stop_loss,,2.112197152664,2.112197152664
603112,2024-01-29,2024-01-29,11.03,2024-01-30,10.368199999999998,1,-6.000000000000005,-6.210000000000005,-6.074342701722568,2.2665457842248493,stop_loss,,1.0464979007243,1.0464979007243
603682,2024-01-29,2024-01-29,6.18,2024-01-30,5.8092,1,-6.000000000000005,-6.210000000000005,-8.89967637540453,2.1035598705501535,stop_loss,,1.1549151709114,1.1549151709114
605277,2024-01-29,2024-01-29,14.01,2024-01-30,13.1694,1,-6.000000000000005,-6.210000000000005,-10.0642398286938,0.7851534618129818,stop_loss,,2.0333424524185,2.0333424524185
000014,2024-01-30,2024-01-30,12.37,2024-02-02,11.56,3,-6.548100242522215,-6.7581002425222145,-6.952303961196438,9.943411479385599,stop_loss,,11.1695430896137,11.1695430896137
000736,2024-01-30,2024-01-30,10.58,2024-01-31,9.9452,1,-6.000000000000005,-6.210000000000005,-8.317580340264652,5.860113421550106,stop_loss,,4.5582226410345,4.5582226410345
000948,2024-01-30,2024-01-30,13.56,2024-01-31,12.746399999999998,1,-6.000000000000016,-6.210000000000016,-10.250737463126836,0.8112094395280378,stop_loss,,2.5466040192993,2.5466040192993
003003,2024-01-30,2024-01-30,9.95,2024-02-01,9.17,2,-7.839195979899505,-8.049195979899505,-11.457286432160807,0.5025125628140836,stop_loss,,1.0215284266843,1.0215284266843
603779,2024-01-30,2024-01-30,8.93,2024-01-31,8.3942,1,-6.000000000000005,-6.210000000000005,-6.606942889137734,4.591265397536404,stop_loss,,1.4728303052886,1.4728303052886
605286,2024-01-30,2024-01-30,23.18,2024-01-31,21.67,1,-6.514236410698871,-6.724236410698871,-10.914581535806732,0.7333908541846457,stop_loss,,1.0135483247441,1.0135483247441
600189,2024-01-31,2024-01-31,8.63,2024-02-01,8.112200000000001,1,-6.000000000000005,-6.210000000000005,-6.952491309385889,4.634994206257237,stop_loss,,2.7460048963058,2.7460048963058
000899,2024-02-01,2024-02-01,7.21,2024-02-02,6.777399999999999,1,-6.000000000000016,-6.210000000000016,-7.905686546463253,7.905686546463242,stop_loss,,3.857292178249,3.857292178249
002333,2024-02-01,2024-02-01,6.4,2024-02-06,4.95,3,-22.65625000000001,-22.86625000000001,-28.437500000000004,5.624999999999969,stop_loss,,3.7202017675301,3.7202017675301
002590,2024-02-02,2024-02-02,10.71,2024-02-06,10.01,2,-6.535947712418311,-6.745947712418311,-16.33986928104575,4.855275443510743,stop_loss,,4.708106102272,4.708106102272
600551,2024-02-02,2024-02-02,9.77,2024-02-08,9.54,4,-2.3541453428863934,-2.5641453428863934,-11.156601842374602,17.604912998976484,stop_loss,,3.9683255385337,3.9683255385337
603122,2024-02-02,2024-02-02,7.31,2024-02-06,5.6,2,-23.392612859097127,-23.60261285909713,-25.71819425444597,0.2735978112175186,stop_loss,,1.0331035092372,1.0331035092372
603230,2024-02-02,2024-02-02,14.41,2024-02-08,11.63,4,-19.292158223455925,-19.502158223455925,-28.66065232477447,11.45038167938932,stop_loss,,1.0172065516318,1.0172065516318
603897,2024-02-02,2024-02-02,16.5,2024-02-06,14.17,2,-14.121212121212123,-14.331212121212124,-21.939393939393938,1.696969696969708,stop_loss,,1.1446259398883,1.1446259398883
002868,2024-02-05,2024-02-05,17.24,2024-02-06,14.05,1,-18.50348027842226,-18.71348027842226,-18.561484918793504,1.7981438515081383,stop_loss,,1.378677629031,1.378677629031
603221,2024-02-05,2024-02-05,8.13,2024-02-07,6.36,2,-21.771217712177126,-21.981217712177127,-23.862238622386233,1.59901599015988,stop_loss,,1.0254312964577,1.0254312964577
603779,2024-02-05,2024-02-05,8.76,2024-02-06,7.52,1,-14.155251141552515,-14.365251141552516,-14.155251141552515,1.255707762557079,stop_loss,,1.4728303052886,1.4728303052886
603990,2024-02-05,2024-02-05,10.87,2024-02-06,9.03,1,-16.92732290708371,-17.13732290708371,-16.92732290708371,1.1039558417663464,stop_loss,,3.12463952005,3.12463952005
000029,2024-02-06,2024-02-06,10.67,2024-02-19,11.29,3,5.8106841611996085,5.6006841611996085,-10.871602624179955,8.622305529522013,hold_expired,,2.2948270173735,2.2948270173735
600446,2024-02-06,2024-02-06,10.54,2024-02-19,12.85,3,21.916508538899436,21.706508538899435,0.0,22.39089184060723,hold_expired,,16.593718816391803,16.593718816391803
605218,2024-02-06,2024-02-06,15.04,2024-02-08,14.45,2,-3.9228723404255317,-4.132872340425532,-15.42553191489361,5.718085106382986,stop_loss,,1.0243618521177,1.0243618521177
600060,2024-02-08,2024-02-08,24.27,2024-02-21,24.28,3,0.04120313143798349,-0.1687968685620165,-3.5022661722290738,7.540173053152044,hold_expired,,6.163523609166,6.163523609166
000970,2024-02-19,2024-02-19,9.0,2024-02-22,8.99,3,-0.11111111111109517,-0.32111111111109514,-1.9999999999999907,2.444444444444449,hold_expired,,18.0224821606704,18.0224821606704
002402,2024-02-19,2024-02-19,11.15,2024-02-22,12.1,3,8.52017937219729,8.31017937219729,-1.8834080717488932,10.313901345291487,hold_expired,,12.3303283738838,12.3303283738838
002819,2024-02-19,2024-02-19,22.09,2024-02-22,24.64,3,11.543684925305575,11.333684925305574,-0.045269352648258376,12.94703485740154,hold_expired,,1.3238597260811,1.3238597260811
600259,2024-02-19,2024-02-19,28.7,2024-02-22,29.17,3,1.637630662020917,1.427630662020917,-1.2543554006968605,2.7874564459930307,hold_expired,,1.0513654096229,1.0513654096229
600392,2024-02-19,2024-02-19,9.01,2024-02-22,8.99,3,-0.2219755826859071,-0.4319755826859071,-2.1087680355160954,4.106548279689237,hold_expired,,10.0087368349129,10.0087368349129
603178,2024-02-19,2024-02-19,26.8,2024-02-22,33.59,3,25.335820895522374,25.125820895522374,-4.813432835820897,28.544776119402982,hold_expired,,1.0543404363707,1.0543404363707
603267,2024-02-19,2024-02-19,34.73,2024-02-22,35.45,3,2.0731356176216797,1.8631356176216798,-3.88712928304058,3.023322775698256,hold_expired,,1.4280230245271,1.4280230245271
603392,2024-02-19,2024-02-19,61.0,2024-02-22,67.35,3,10.409836065573753,10.199836065573752,-3.163934426229509,10.409836065573753,hold_expired,,2.8762550750302,2.8762550750302
603985,2024-02-19,2024-02-19,15.88,2024-02-22,17.9,3,12.720403022670013,12.510403022670012,-0.6297229219143774,14.609571788413088,hold_expired,,4.6351719915393,4.6351719915393
000818,2024-02-20,2024-02-20,26.74,2024-02-23,28.97,3,8.33956619296934,8.129566192969339,-2.729992520568425,8.414360508601337,hold_expired,,2.0960669532152,2.0960669532152
000880,2024-02-20,2024-02-20,7.47,2024-02-23,8.21,3,9.90629183400269,9.69629183400269,-0.2677376171351997,10.575635876840694,hold_expired,,3.9879480827402,3.9879480827402
002006,2024-02-20,2024-02-20,11.2,2024-02-23,11.65,3,4.017857142857162,3.807857142857162,-3.392857142857131,4.464285714285721,hold_expired,,7.810996665648899,7.810996665648899
002312,2024-02-20,2024-02-20,6.5,2024-02-23,7.02,3,7.999999999999985,7.789999999999985,-3.230769230769226,12.00000000000001,hold_expired,,18.7314602620972,18.7314602620972
002625,2024-02-20,2024-02-20,14.0,2024-02-23,13.9,3,-0.7142857142857229,-0.9242857142857228,-2.7142857142857246,3.499999999999992,hold_expired,,6.6880058054135,6.6880058054135
002669,2024-02-20,2024-02-20,8.18,2024-02-23,9.07,3,10.880195599022024,10.670195599022023,-0.12224938875305957,11.49144254278729,hold_expired,,2.1495086887949,2.1495086887949
603301,2024-02-20,2024-02-20,20.52,2024-02-23,21.06,3,2.631578947368407,2.421578947368407,-3.2163742690058506,3.801169590643272,hold_expired,,2.2550488504924,2.2550488504924
603612,2024-02-20,2024-02-20,11.26,2024-02-23,11.69,3,3.818827708703365,3.608827708703365,-1.7761989342806372,5.950266429840134,hold_expired,,1.5888788365049,1.5888788365049
605128,2024-02-20,2024-02-20,40.8,2024-02-23,44.11,3,8.11274509803923,7.90274509803923,-3.5539215686274273,8.382352941176485,hold_expired,,1.0264271820716,1.0264271820716
605338,2024-02-20,2024-02-20,16.47,2024-02-23,17.16,3,4.18943533697631,3.9794353369763105,-2.1857923497267784,8.68245294474801,hold_expired,,1.0263439931106,1.0263439931106
605376,2024-02-20,2024-02-20,18.81,2024-02-23,20.13,3,7.017543859649145,6.807543859649145,-3.1897926634768425,7.97448165869219,hold_expired,,1.0185325979013,1.0185325979013
000722,2024-02-21,2024-02-21,8.32,2024-02-26,8.62,3,3.605769230769229,3.395769230769229,0.0,5.889423076923084,hold_expired,,4.4736069733961,4.4736069733961
002261,2024-02-21,2024-02-21,13.12,2024-02-26,14.48,3,10.365853658536572,10.155853658536572,-0.7621951219512146,13.71951219512193,hold_expired,,10.1389676975413,10.1389676975413
002871,2024-02-21,2024-02-21,7.28,2024-02-26,8.51,3,16.89560439560438,16.68560439560438,0.0,20.05494505494505,hold_expired,,3.6428458870575,3.6428458870575
002970,2024-02-21,2024-02-21,23.37,2024-02-26,25.75,3,10.183996576807886,9.973996576807885,-0.6846384253316184,11.810012836970474,hold_expired,,2.059498241931,2.059498241931
002996,2024-02-21,2024-02-21,7.58,2024-02-26,8.38,3,10.554089709762549,10.344089709762548,-1.715039577836408,13.852242744063336,hold_expired,,1.0174694713404,1.0174694713404
603015,2024-02-21,2024-02-21,6.44,2024-02-26,7.75,3,20.341614906832284,20.131614906832283,0.0,25.46583850931676,hold_expired,,2.1865242418639,2.1865242418639
603041,2024-02-21,2024-02-21,9.46,2024-02-26,10.58,3,11.839323467230422,11.62932346723042,-1.1627906976744318,15.961945031712466,hold_expired,,1.4995885701701,1.4995885701701
603186,2024-02-21,2024-02-21,18.99,2024-02-26,22.31,3,17.482885729331233,17.272885729331232,-1.1585044760400232,21.063717746182185,hold_expired,,1.0601775477898,1.0601775477898
603496,2024-02-21,2024-02-21,22.89,2024-02-26,28.96,3,26.518130187854936,26.308130187854935,-1.8785495849716116,31.017911751856687,hold_expired,,2.8432716675537,2.8432716675537
603725,2024-02-21,2024-02-21,7.6,2024-02-26,8.63,3,13.552631578947372,13.34263157894737,-1.8421052631579005,16.710526315789465,hold_expired,,1.4641418632471,1.4641418632471
603991,2024-02-21,2024-02-21,33.63,2024-02-26,36.2,3,7.641986321736538,7.431986321736538,-2.4680344930122056,10.49658043413617,hold_expired,,1.0124982136823,1.0124982136823
605068,2024-02-21,2024-02-21,16.32,2024-02-26,17.7,3,8.455882352941169,8.245882352941168,-1.225490196078427,12.43872549019609,hold_expired,,1.0387513423045,1.0387513423045
002290,2024-02-22,2024-02-22,9.74,2024-02-27,11.49,3,17.967145790554405,17.757145790554404,0.0,18.275154004106774,hold_expired,,2.6567772842988,2.6567772842988
002771,2024-02-22,2024-02-22,19.41,2024-02-27,22.68,3,16.8469860896445,16.6369860896445,-2.1123132405976297,16.8469860896445,hold_expired,,2.6742080666518,2.6742080666518
003005,2024-02-22,2024-02-22,23.03,2024-02-27,26.69,3,15.892314372557514,15.682314372557514,-0.781589231437263,20.10421189752496,hold_expired,,1.4305141828914,1.4305141828914
600613,2024-02-22,2024-02-22,6.21,2024-02-27,6.57,3,5.797101449275366,5.587101449275366,-0.9661835748792202,6.119162640901776,hold_expired,,28.701986842103803,28.701986842103803
603038,2024-02-22,2024-02-22,9.94,2024-02-27,11.17,3,12.374245472837053,12.164245472837052,-0.6036217303822755,12.87726358148895,hold_expired,,2.9394609204164,2.9394609204164
603139,2024-02-22,2024-02-22,11.92,2024-02-27,13.72,3,15.100671140939603,14.890671140939602,-0.2516778523489971,15.184563758389258,hold_expired,,1.02901828605,1.02901828605
000586,2024-02-26,2024-02-26,9.05,2024-02-29,11.8,3,30.386740331491737,30.176740331491736,-3.314917127071826,30.386740331491737,hold_expired,,3.8849014465538,3.8849014465538
002912,2024-02-26,2024-02-26,25.06,2024-02-29,27.1,3,8.140462889066246,7.930462889066246,-3.431763766959306,10.53471667996806,hold_expired,,2.6317251517523,2.6317251517523
603860,2024-02-26,2024-02-26,28.71,2024-02-29,30.5,3,6.234761407175204,6.0247614071752045,-2.8909787530477127,11.14594218042495,hold_expired,,1.0311342869894,1.0311342869894
603917,2024-02-26,2024-02-26,14.66,2024-02-28,13.780399999999998,2,-6.000000000000005,-6.210000000000005,-8.117326057298769,3.683492496589369,stop_loss,,1.4794173995055,1.4794173995055
002725,2024-02-27,2024-02-27,8.67,2024-02-29,7.84,2,-9.573241061130345,-9.783241061130346,-9.573241061130345,5.88235294117645,stop_loss,,2.7041292137194,2.7041292137194
002868,2024-02-27,2024-02-27,18.82,2024-02-29,17.6908,2,-6.000000000000016,-6.210000000000016,-6.269925611052074,8.342189160467584,stop_loss,,1.378677629031,1.378677629031
600602,2024-02-27,2024-02-27,11.58,2024-03-01,12.4,3,7.081174438687388,6.871174438687388,-1.7271157167530138,11.830742659758187,hold_expired,,569.8026522447132,569.8026522447132
600783,2024-02-27,2024-02-27,11.44,2024-03-01,11.59,3,1.3111888111888348,1.1011888111888348,-3.7587412587412494,3.146853146853168,hold_expired,,6.4157819392827,6.4157819392827
603051,2024-02-27,2024-02-27,27.17,2024-02-28,25.5398,1,-6.000000000000005,-6.210000000000005,-7.545086492454911,9.532572690467433,stop_loss,,1.0152523822797,1.0152523822797
603268,2024-02-27,2024-02-27,18.64,2024-02-28,17.5216,1,-6.000000000000005,-6.210000000000005,-6.6523605150214715,3.5407725321888517,stop_loss,,1.4261633856166,1.4261633856166
603990,2024-02-27,2024-02-27,10.91,2024-03-01,11.24,3,3.024747937671868,2.814747937671868,-2.8414298808432714,12.557286892758924,hold_expired,,3.12463952005,3.12463952005
000410,2024-02-28,2024-02-28,7.12,2024-03-04,7.03,3,-1.2640449438202084,-1.4740449438202083,-5.89887640449438,3.2303370786516794,hold_expired,,2.8955539603667,2.8955539603667
002903,2024-02-28,2024-02-28,19.43,2024-02-29,17.03,1,-12.352032938754498,-12.562032938754498,-12.40349974266598,2.264539372105001,stop_loss,,1.5636998698846,1.5636998698846
603331,2024-02-28,2024-02-28,11.07,2024-02-29,9.83,1,-11.20144534778682,-11.41144534778682,-11.47244805781391,1.6260162601625883,stop_loss,,1.5178239410158,1.5178239410158
603897,2024-02-28,2024-02-28,17.76,2024-02-29,16.01,1,-9.8536036036036,-10.063603603603601,-9.966216216216228,1.2387387387387427,stop_loss,,1.1446259398883,1.1446259398883
603535,2024-02-29,2024-02-29,14.77,2024-03-05,15.09,3,2.1665538253216043,1.9565538253216044,-0.5416384563303955,13.744075829383906,hold_expired,,1.4942370557788,1.4942370557788
605068,2024-02-29,2024-02-29,17.51,2024-03-05,17.25,3,-1.484865790976586,-1.694865790976586,-2.684180468303843,4.968589377498578,hold_expired,,1.0387513423045,1.0387513423045
000550,2024-03-04,2024-03-04,26.87,2024-03-07,26.18,3,-2.567919612951264,-2.7779196129512638,-3.01451432824712,11.164867882396724,hold_expired,,3.7103895874622,3.7103895874622
002741,2024-03-05,2024-03-05,12.73,2024-03-06,11.966199999999999,1,-6.000000000000005,-6.210000000000005,-7.5412411626080145,0.0,stop_loss,,3.0649675009797,3.0649675009797
603200,2024-03-05,2024-03-05,18.89,2024-03-08,18.4,3,-2.593965060878778,-2.803965060878778,-5.187930121757544,2.011646373742715,hold_expired,,2.4435459680392,2.4435459680392
605277,2024-03-05,2024-03-05,13.49,2024-03-08,13.24,3,-1.8532246108228345,-2.0632246108228345,-4.595997034840638,3.4099332839139906,hold_expired,,2.0333424524185,2.0333424524185
000504,2024-03-06,2024-03-06,8.57,2024-03-07,8.0558,1,-6.000000000000016,-6.210000000000016,-7.001166861143526,0.0,stop_loss,,3.4672447009574,3.4672447009574
603191,2024-03-06,2024-03-06,15.82,2024-03-11,18.0,3,13.780025284450058,13.570025284450058,-2.212389380530977,20.9228824273072,hold_expired,,1.0092783505155,1.0092783505155
001306,2024-03-08,2024-03-08,65.35,2024-03-13,65.8,3,0.6885998469778221,0.4785998469778221,-4.636572302983922,4.4835501147666434,hold_expired,,1.0,1.0
001332,2024-03-08,2024-03-08,27.52,2024-03-13,27.64,3,0.43604651162789665,0.22604651162789666,-1.2354651162790664,2.289244186046502,hold_expired,,1.4211935339595,1.4211935339595
001378,2024-03-08,2024-03-08,30.19,2024-03-13,30.02,3,-0.5631003643590704,-0.7731003643590704,-2.616760516727401,2.1861543557469387,hold_expired,,1.0,1.0
002380,2024-03-08,2024-03-08,15.7,2024-03-13,15.79,3,0.5732484076433009,0.3632484076433009,-2.4840764331210186,1.9745222929936412,hold_expired,,3.3522101301997,3.3522101301997
002735,2024-03-08,2024-03-08,10.24,2024-03-13,11.77,3,14.94140625,14.73140625,-2.441406249999989,23.046875,hold_expired,,3.4270525247447,3.4270525247447
603097,2024-03-08,2024-03-08,22.28,2024-03-13,23.59,3,5.879712746858168,5.669712746858168,-0.9874326750448859,12.522441651705574,hold_expired,,1.0171856168739,1.0171856168739
605069,2024-03-08,2024-03-08,7.03,2024-03-13,7.01,3,-0.2844950213371389,-0.49449502133713885,-4.125177809388347,1.1379800853485111,hold_expired,,1.3179682100898,1.3179682100898
000551,2024-03-11,2024-03-11,9.0,2024-03-14,8.64,3,-3.9999999999999813,-4.209999999999981,-5.2222222222222285,0.5555555555555758,hold_expired,,7.948495993207101,7.948495993207101
000856,2024-03-11,2024-03-11,7.63,2024-03-14,7.41,3,-2.8833551769331667,-3.0933551769331666,-4.849279161205777,3.0144167758846763,hold_expired,,1.9450964635871,1.9450964635871
002972,2024-03-11,2024-03-11,9.0,2024-03-14,9.06,3,0.6666666666666599,0.4566666666666599,-0.7777777777777883,6.555555555555559,hold_expired,,1.509367402639,1.509367402639
600560,2024-03-11,2024-03-11,17.82,2024-03-12,16.750799999999998,1,-6.000000000000005,-6.210000000000005,-6.509539842873179,4.1526374859708115,stop_loss,,4.6311349124862,4.6311349124862
603332,2024-03-11,2024-03-11,7.7,2024-03-14,7.68,3,-0.2597402597402598,-0.4697402597402598,-2.3376623376623384,1.6883116883116944,hold_expired,,1.9676921657794,1.9676921657794
000504,2024-03-12,2024-03-12,8.8,2024-03-15,9.28,3,5.454545454545445,5.244545454545445,-2.6136363636363624,12.38636363636363,hold_expired,,3.4672447009574,3.4672447009574
001208,2024-03-12,2024-03-12,8.91,2024-03-14,8.3754,2,-6.000000000000005,-6.210000000000005,-7.744107744107742,3.2547699214365844,stop_loss,,1.0135153977136,1.0135153977136
002575,2024-03-12,2024-03-12,7.06,2024-03-13,6.636399999999999,1,-6.000000000000005,-6.210000000000005,-7.365439093484416,5.52407932011334,stop_loss,,4.486378860775,4.486378860775
003004,2024-03-12,2024-03-12,22.65,2024-03-15,24.06,3,6.2251655629139035,6.015165562913904,-5.03311258278144,6.2251655629139035,hold_expired,,1.0274886137114,1.0274886137114
603051,2024-03-12,2024-03-12,28.3,2024-03-15,27.68,3,-2.1908127208480677,-2.4008127208480676,-5.7243816254416995,1.590106007067127,hold_expired,,1.0152523822797,1.0152523822797
605168,2024-03-12,2024-03-12,67.0,2024-03-15,67.01,3,0.01492537313434461,-0.19507462686565538,-5.761194029850736,7.05970149253734,hold_expired,,2.2568709311612,2.2568709311612
002346,2024-03-13,2024-03-13,10.06,2024-03-18,10.25,3,1.888667992047699,1.678667992047699,-3.479125248508941,4.373757455268379,hold_expired,,2.2918951205695,2.2918951205695
002407,2024-03-13,2024-03-13,14.28,2024-03-18,14.56,3,1.9607843137255054,1.7507843137255055,-3.081232492997188,3.6414565826330625,hold_expired,,8.0799916876452,8.0799916876452
002715,2024-03-13,2024-03-13,11.67,2024-03-18,12.46,3,6.769494430162815,6.559494430162815,-2.656383890317049,15.424164524421613,hold_expired,,1.5098086457492,1.5098086457492
002850,2024-03-13,2024-03-13,82.1,2024-03-18,87.2,3,6.211936662606599,6.001936662606599,-3.885505481120577,7.758830694275276,hold_expired,,1.5499552459522,1.5499552459522
603516,2024-03-13,2024-03-13,30.0,2024-03-15,28.2,2,-6.000000000000005,-6.210000000000005,-10.46666666666668,6.899999999999995,stop_loss,,2.0820153382332,2.0820153382332
603810,2024-03-13,2024-03-13,11.05,2024-03-18,11.09,3,0.36199095022624306,0.15199095022624307,-2.714932126696823,6.696832579185519,hold_expired,,2.0763099870291,2.0763099870291
605218,2024-03-13,2024-03-13,21.43,2024-03-18,22.55,3,5.226318245450301,5.016318245450301,-0.5132991133924292,11.385907606159606,hold_expired,,1.0243618521177,1.0243618521177
603788,2024-03-14,2024-03-14,12.92,2024-03-19,13.43,3,3.9473684210526327,3.737368421052633,-3.095975232198156,4.721362229102155,hold_expired,,1.8700246682102,1.8700246682102
603800,2024-03-14,2024-03-14,23.04,2024-03-19,24.7,3,7.204861111111116,6.994861111111116,-0.04340277777776791,11.501736111111116,hold_expired,,1.0967894348506,1.0967894348506
603982,2024-03-14,2024-03-14,11.53,2024-03-19,11.48,3,-0.43365134431916363,-0.6436513443191636,-4.4232437120555135,1.2142237640936804,hold_expired,,1.015092930469,1.015092930469
002772,2024-03-15,2024-03-15,8.14,2024-03-20,8.34,3,2.457002457002444,2.247002457002444,0.0,18.304668304668304,hold_expired,,2.2545658855146,2.2545658855146
600536,2024-03-15,2024-03-15,33.88,2024-03-20,34.3,3,1.239669421487588,1.029669421487588,-2.981109799291637,2.5088547815820483,hold_expired,,9.0930604051211,9.0930604051211
001229,2024-03-18,2024-03-18,38.06,2024-03-21,38.25,3,0.499211770888075,0.28921177088807504,-4.624277456647419,5.359957961114015,hold_expired,,1.011795930404,1.011795930404
002755,2024-03-18,2024-03-18,9.72,2024-03-21,9.94,3,2.263374485596703,2.053374485596703,-2.1604938271604923,5.658436213991758,hold_expired,,1.7921321653487,1.7921321653487
600241,2024-03-18,2024-03-18,7.5,2024-03-21,7.27,3,-3.066666666666673,-3.276666666666673,-3.200000000000014,9.333333333333327,hold_expired,,2.514764959245,2.514764959245
603499,2024-03-18,2024-03-18,17.42,2024-03-21,20.12,3,15.49942594718714,15.289425947187139,-2.0091848450057626,15.49942594718714,hold_expired,,2.0065147084427,2.0065147084427
002811,2024-03-19,2024-03-19,7.53,2024-03-22,7.12,3,-5.444887118193886,-5.654887118193886,-5.976095617529875,6.24169986719787,hold_expired,,1.7556619548024,1.7556619548024
603219,2024-03-19,2024-03-19,13.64,2024-03-22,14.13,3,3.5923753665689118,3.382375366568912,-2.4193548387096753,8.577712609970668,hold_expired,,1.4606200031888,1.4606200031888
002981,2024-03-20,2024-03-20,32.6,2024-03-25,31.1,3,-4.601226993865026,-4.811226993865026,-5.21472392638036,2.055214723926402,hold_expired,,1.0096312713351,1.0096312713351
003004,2024-03-20,2024-03-20,26.03,2024-03-25,25.88,3,-0.5762581636573172,-0.7862581636573172,-0.8835958509412101,17.825585862466387,hold_expired,,1.0274886137114,1.0274886137114
600667,2024-03-20,2024-03-20,7.02,2024-03-25,6.85,3,-2.4216524216524205,-2.6316524216524204,-2.564102564102566,6.267806267806275,hold_expired,,5.5983782226529,5.5983782226529
603089,2024-03-20,2024-03-20,10.0,2024-03-25,9.49,3,-5.099999999999993,-5.309999999999993,-5.500000000000005,1.8000000000000016,hold_expired,,2.1789782181606,2.1789782181606
603122,2024-03-20,2024-03-20,7.21,2024-03-25,6.8,3,-5.68654646324549,-5.89654646324549,-5.68654646324549,4.715672676837723,hold_expired,,1.0331035092372,1.0331035092372
603139,2024-03-20,2024-03-20,14.8,2024-03-25,14.73,3,-0.4729729729729737,-0.6829729729729737,-1.4864864864865046,18.986486486486463,hold_expired,,1.02901828605,1.02901828605
603928,2024-03-20,2024-03-20,11.07,2024-03-25,10.4058,3,-6.000000000000005,-6.210000000000005,-8.130081300813007,2.981029810298108,stop_loss,,1.1628112599367,1.1628112599367
001366,2024-03-21,2024-03-21,13.66,2024-03-26,14.04,3,2.7818448023426035,2.5718448023426035,-5.0512445095168275,6.661786237188871,hold_expired,,1.011531069827,1.011531069827
002869,2024-03-21,2024-03-21,18.6,2024-03-26,18.89,3,1.5591397849462396,1.3491397849462397,-3.4946236559139865,8.064516129032274,hold_expired,,1.654094446023,1.654094446023
603798,2024-03-21,2024-03-21,10.14,2024-03-26,10.16,3,0.19723865877712132,-0.01276134122287867,-2.3668639053254337,7.988165680473358,hold_expired,,2.7887291888932,2.7887291888932
605138,2024-03-21,2024-03-21,6.73,2024-03-22,6.3262,1,-6.000000000000005,-6.210000000000005,-6.686478454680545,0.0,stop_loss,,1.0434489433459,1.0434489433459
002343,2024-03-22,2024-03-22,8.26,2024-03-27,8.69,3,5.205811138014527,4.995811138014527,-3.3898305084745672,19.733656174334158,hold_expired,,3.2019475870342,3.2019475870342
002636,2024-03-22,2024-03-22,7.63,2024-03-26,7.1722,2,-5.999999999999995,-6.209999999999995,-6.684141546526867,8.125819134993439,stop_loss,,2.6801451211517,2.6801451211517
002846,2024-03-22,2024-03-22,8.95,2024-03-27,8.47,3,-5.363128491620095,-5.573128491620095,-5.474860335195519,8.268156424581008,hold_expired,,2.6365156969227,2.6365156969227
002980,2024-03-22,2024-03-22,24.25,2024-03-27,26.03,3,7.340206185567011,7.130206185567011,-3.3402061855670073,17.48453608247422,hold_expired,,1.1054944339344,1.1054944339344
600148,2024-03-22,2024-03-22,14.99,2024-03-27,14.0906,3,-5.999999999999995,-6.209999999999995,-7.271514342895269,4.536357571714467,stop_loss,,2.8600084921549,2.8600084921549
600793,2024-03-22,2024-03-22,10.8,2024-03-27,10.93,3,1.2037037037036846,0.9937037037036847,-5.833333333333346,11.111111111111093,hold_expired,,2.4275041642898,2.4275041642898
603848,2024-03-22,2024-03-22,14.9,2024-03-27,14.16,3,-4.966442953020134,-5.176442953020134,-5.369127516778516,3.9597315436241676,hold_expired,,1.091065244829,1.091065244829
600990,2024-03-25,2024-03-25,18.91,2024-03-26,17.775399999999998,1,-6.000000000000005,-6.210000000000005,-9.571655208884177,4.177683765203577,stop_loss,,4.816190451063,4.816190451063
603196,2024-03-25,2024-03-25,12.28,2024-03-26,11.25,1,-8.387622149837137,-8.597622149837138,-9.609120521172642,0.0,stop_loss,,1.115841045547,1.115841045547
603383,2024-03-25,2024-03-25,42.63,2024-03-26,40.0722,1,-6.000000000000005,-6.210000000000005,-9.218859957776203,1.7593244194229474,stop_loss,,2.1202282737459,2.1202282737459
000156,2024-03-26,2024-03-26,8.48,2024-03-27,7.9712,1,-6.000000000000005,-6.210000000000005,-8.018867924528305,7.075471698113223,stop_loss,,1.867168281858,1.867168281858
600250,2024-03-26,2024-03-26,9.46,2024-03-28,8.69,2,-8.139534883720945,-8.349534883720946,-12.579281183932356,3.594080338266381,stop_loss,,2.7132779749384,2.7132779749384
603577,2024-03-26,2024-03-26,8.56,2024-03-27,8.0464,1,-6.000000000000016,-6.210000000000016,-11.098130841121511,0.4672897196261516,stop_loss,,2.1939845241984,2.1939845241984
001206,2024-03-27,2024-03-27,14.31,2024-03-28,13.06,1,-8.7351502445842,-8.945150244584202,-10.272536687631028,0.9783368273934334,stop_loss,,2.1211139468028,2.1211139468028
002725,2024-03-27,2024-03-27,10.53,2024-03-28,9.19,1,-12.725546058879388,-12.935546058879389,-13.01044634377967,0.664767331434013,stop_loss,,2.7041292137194,2.7041292137194
600793,2024-03-27,2024-03-27,10.76,2024-04-01,10.68,3,-0.7434944237918129,-0.9534944237918128,-3.903345724907059,7.80669144981414,hold_expired,,2.4275041642898,2.4275041642898
002805,2024-03-28,2024-03-28,11.48,2024-04-02,14.15,3,23.25783972125435,23.04783972125435,0.0,23.25783972125435,hold_expired,,2.1219620828052,2.1219620828052
002953,2024-03-28,2024-03-28,11.28,2024-04-02,11.69,3,3.634751773049638,3.424751773049638,0.0,6.914893617021289,hold_expired,,1.8723511641947,1.8723511641947
603192,2024-03-28,2024-03-28,15.43,2024-04-02,16.2,3,4.990278677900184,4.780278677900184,-2.333117303953336,9.138042773817245,hold_expired,,1.3828223379836,1.3828223379836
603256,2024-03-28,2024-03-28,7.11,2024-04-02,7.71,3,8.438818565400851,8.22881856540085,-3.797468354430389,12.236286919831208,hold_expired,,1.0395858874907,1.0395858874907
605069,2024-03-28,2024-03-28,7.22,2024-04-02,8.12,3,12.465373961218829,12.255373961218828,-0.9695290858725669,17.451523545706383,hold_expired,,1.3179682100898,1.3179682100898
605378,2024-03-28,2024-03-28,20.95,2024-04-02,25.79,3,23.102625298329336,22.892625298329335,-0.8114558472553712,28.3054892601432,hold_expired,,1.0529397861654,1.0529397861654
002626,2024-03-29,2024-03-29,15.0,2024-04-03,14.95,3,-0.33333333333332993,-0.5433333333333299,-0.9333333333333416,8.200000000000006,hold_expired,,8.118220916259698,8.118220916259698
603895,2024-03-29,2024-03-29,23.3,2024-04-02,21.901999999999997,2,-6.000000000000005,-6.210000000000005,-7.467811158798288,1.2875536480686955,stop_loss,,1.4122794737713,1.4122794737713
000561,2024-04-01,2024-04-01,7.91,2024-04-08,7.4354,3,-5.999999999999995,-6.209999999999995,-6.447534766118823,4.804045512010102,stop_loss,,2.5643381373844,2.5643381373844
002599,2024-04-01,2024-04-01,6.72,2024-04-08,6.3168,3,-6.000000000000005,-6.210000000000005,-6.8452380952380825,2.083333333333348,stop_loss,,3.5035767001399,3.5035767001399
002636,2024-04-01,2024-04-01,7.21,2024-04-08,6.7774,3,-6.000000000000005,-6.210000000000005,-7.628294036061023,0.4160887656033285,stop_loss,,2.6801451211517,2.6801451211517
603232,2024-04-01,2024-04-01,12.79,2024-04-08,12.0226,3,-6.000000000000005,-6.210000000000005,-8.522283033620015,3.205629397967158,stop_loss,,3.5283041394371,3.5283041394371
603607,2024-04-01,2024-04-01,15.88,2024-04-08,15.4,3,-3.0226700251889116,-3.2326700251889116,-4.093198992443314,6.3602015113350285,hold_expired,,2.2217376648135,2.2217376648135
603992,2024-04-01,2024-04-01,18.19,2024-04-08,18.48,3,1.5942825728422427,1.3842825728422428,-0.16492578339746267,8.136338647608587,hold_expired,,1.0553742606007,1.0553742606007
605298,2024-04-01,2024-04-01,13.17,2024-04-08,13.74,3,4.328018223234609,4.118018223234609,-2.809415337889154,4.63173880030372,hold_expired,,1.3675323114821,1.3675323114821
002446,2024-04-02,2024-04-02,7.8,2024-04-03,7.332,1,-6.000000000000005,-6.210000000000005,-6.923076923076932,3.205128205128216,stop_loss,,4.975831787714,4.975831787714
002660,2024-04-02,2024-04-02,9.24,2024-04-09,8.65,3,-6.385281385281393,-6.595281385281393,-6.385281385281393,6.601731601731586,stop_loss,,2.6766669411795,2.6766669411795
600992,2024-04-02,2024-04-02,13.5,2024-04-09,13.42,3,-0.592592592592589,-0.802592592592589,-2.518518518518509,2.51851851851852,hold_expired,,1.5701017163616,1.5701017163616
603097,2024-04-02,2024-04-02,25.4,2024-04-08,23.875999999999998,2,-6.000000000000005,-6.210000000000005,-8.937007874015745,4.7244094488189115,stop_loss,,1.0171856168739,1.0171856168739
603798,2024-04-02,2024-04-02,10.78,2024-04-09,11.15,3,3.432282003710596,3.222282003710596,-0.649350649350644,11.224489795918391,hold_expired,,2.7887291888932,2.7887291888932
002362,2024-04-03,2024-04-03,22.4,2024-04-08,21.055999999999997,1,-6.000000000000005,-6.210000000000005,-9.062499999999984,0.8928571428571619,stop_loss,,2.0,2.0
002725,2024-04-03,2024-04-03,10.52,2024-04-08,9.8888,1,-6.000000000000005,-6.210000000000005,-6.844106463878319,2.5665399239543696,stop_loss,,2.7041292137194,2.7041292137194
002778,2024-04-03,2024-04-03,11.7,2024-04-10,10.998,3,-6.000000000000005,-6.210000000000005,-6.495726495726495,15.042735042735057,stop_loss,,1.439278691609,1.439278691609
600592,2024-04-03,2024-04-03,10.45,2024-04-10,9.822999999999999,3,-6.000000000000005,-6.210000000000005,-8.325358851674636,0.8612440191387405,stop_loss,,3.4455811894587,3.4455811894587
600707,2024-04-03,2024-04-03,8.6,2024-04-08,8.084,1,-6.000000000000005,-6.210000000000005,-8.139534883720923,4.418604651162794,stop_loss,,2.2726742438928,2.2726742438928
603151,2024-04-03,2024-04-03,14.75,2024-04-10,13.865,3,-6.000000000000005,-6.210000000000005,-10.91525423728813,7.593220338983042,stop_loss,,1.0283929585463,1.0283929585463
603408,2024-04-03,2024-04-03,14.31,2024-04-10,14.95,3,4.472396925227096,4.262396925227096,0.0,7.966457023060802,hold_expired,,1.1306947379318,1.1306947379318
603926,2024-04-03,2024-04-03,10.46,2024-04-09,9.69,2,-7.361376673040166,-7.571376673040166,-7.456978967495232,5.3537284894837445,stop_loss,,1.9612581195641,1.9612581195641
603991,2024-04-03,2024-04-03,38.46,2024-04-08,36.1524,1,-5.999999999999995,-6.209999999999995,-10.634425377015088,0.8840353614144592,stop_loss,,1.0124982136823,1.0124982136823
605100,2024-04-03,2024-04-03,16.0,2024-04-10,16.11,3,0.6874999999999964,0.4774999999999965,-5.5625000000000036,7.499999999999996,hold_expired,,2.0718686768857,2.0718686768857
002295,2024-04-08,2024-04-08,7.51,2024-04-09,6.99,1,-6.924101198402132,-7.134101198402132,-10.252996005326242,3.595206391478034,stop_loss,,1.5825554223889,1.5825554223889
002748,2024-04-08,2024-04-08,8.6,2024-04-11,8.56,3,-0.46511627906975495,-0.6751162790697549,-5.116279069767438,8.02325581395349,hold_expired,,2.1143872462712,2.1143872462712
603823,2024-04-08,2024-04-08,8.34,2024-04-11,7.8396,3,-6.000000000000005,-6.210000000000005,-8.633093525179847,4.316546762589923,stop_loss,,2.0011590752818,2.0011590752818
603978,2024-04-08,2024-04-08,13.48,2024-04-09,12.671199999999999,1,-6.000000000000005,-6.210000000000005,-6.602373887240365,1.0385756676557722,stop_loss,,2.0165695066874,2.0165695066874
002023,2024-04-09,2024-04-09,10.19,2024-04-12,9.578599999999998,3,-6.000000000000005,-6.210000000000005,-8.832188420019627,10.402355250245353,stop_loss,,10.2327825690036,10.2327825690036
603214,2024-04-09,2024-04-09,13.21,2024-04-12,13.4,3,1.4383043149129415,1.2283043149129416,-0.4542013626040897,7.19152157456473,hold_expired,,1.4959060779437,1.4959060779437
603216,2024-04-09,2024-04-09,10.6,2024-04-10,9.964,1,-6.000000000000005,-6.210000000000005,-6.698113207547163,1.5094339622641506,stop_loss,,1.0426174061954,1.0426174061954
002331,2024-04-10,2024-04-10,7.76,2024-04-16,6.13,4,-21.00515463917526,-21.21515463917526,-22.938144329896904,6.958762886597958,stop_loss,,5.3956292531958,5.3956292531958
002403,2024-04-10,2024-04-10,9.12,2024-04-11,8.572799999999999,1,-6.000000000000005,-6.210000000000005,-6.798245614035081,2.3026315789473895,stop_loss,,1.4634385287562,1.4634385287562
002813,2024-04-10,2024-04-10,30.29,2024-04-12,28.472599999999996,2,-6.000000000000005,-6.210000000000005,-7.197094750742828,4.258831297457899,stop_loss,,1.0100449899122,1.0100449899122
002889,2024-04-10,2024-04-10,22.68,2024-04-15,21.319199999999995,3,-6.000000000000005,-6.210000000000005,-12.56613756613757,0.4850088183421697,stop_loss,,1.4345320510774,1.4345320510774
002976,2024-04-10,2024-04-10,28.09,2024-04-11,25.53,1,-9.113563545745807,-9.323563545745808,-10.857956568173721,0.21359914560341586,stop_loss,,1.2224521822668,1.2224521822668
003041,2024-04-10,2024-04-10,13.5,2024-04-11,12.61,1,-6.592592592592606,-6.802592592592606,-7.851851851851855,0.37037037037035425,stop_loss,,1.4830586654725,1.4830586654725
600505,2024-04-10,2024-04-10,8.82,2024-04-11,8.290799999999999,1,-6.000000000000005,-6.210000000000005,-6.009070294784591,15.532879818594104,stop_loss,,3.3583472282125,3.3583472282125
603110,2024-04-10,2024-04-10,17.16,2024-04-11,16.1304,1,-6.000000000000005,-6.210000000000005,-6.351981351981351,4.778554778554778,stop_loss,,2.0993619152875,2.0993619152875
000590,2024-04-11,2024-04-11,7.57,2024-04-12,7.1158,1,-6.000000000000005,-6.210000000000005,-6.208718626155885,0.6605019815059343,stop_loss,,5.1584573359366,5.1584573359366
002455,2024-04-11,2024-04-11,6.09,2024-04-16,6.47,3,6.239737274220025,6.029737274220025,-1.3136288998357948,26.76518883415435,hold_expired,,6.3287169010354,6.3287169010354
002805,2024-04-11,2024-04-11,16.3,2024-04-12,15.0,1,-7.975460122699407,-8.185460122699407,-8.58895705521473,11.779141104294455,stop_loss,,2.1219620828052,2.1219620828052
002846,2024-04-11,2024-04-11,8.96,2024-04-12,8.4224,1,-6.000000000000016,-6.210000000000016,-7.031250000000011,5.58035714285714,stop_loss,,2.6365156969227,2.6365156969227
002861,2024-04-11,2024-04-11,10.5,2024-04-17,8.38,4,-20.190476190476183,-20.400476190476184,-30.19047619047619,1.2380952380952381,stop_loss,,1.3653720209144,1.3653720209144
603200,2024-04-11,2024-04-11,24.6,2024-04-16,19.92,3,-19.024390243902435,-19.234390243902435,-20.040650406504056,11.341463414634134,stop_loss,,2.4435459680392,2.4435459680392
605122,2024-04-11,2024-04-11,11.61,2024-04-15,10.9134,2,-6.000000000000005,-6.210000000000005,-11.627906976744185,5.340223944875122,stop_loss,,1.4264741017402,1.4264741017402
605366,2024-04-11,2024-04-11,7.55,2024-04-15,7.096999999999999,2,-6.000000000000005,-6.210000000000005,-7.814569536423843,5.298013245033117,stop_loss,,1.9154342395335,1.9154342395335
000017,2024-04-12,2024-04-12,9.65,2024-04-17,7.85,3,-18.652849740932652,-18.862849740932653,-24.663212435233174,6.321243523316045,stop_loss,,3.2524649369423,3.2524649369423
001378,2024-04-15,2024-04-15,31.75,2024-04-17,28.13,2,-11.401574803149606,-11.611574803149606,-16.661417322834648,2.3622047244094446,stop_loss,,1.0,1.0
600444,2024-04-15,2024-04-15,13.66,2024-04-17,12.59,2,-7.833089311859453,-8.043089311859454,-10.102489019033678,9.736456808199122,stop_loss,,2.112197152664,2.112197152664
603016,2024-04-15,2024-04-15,17.75,2024-04-17,16.41,2,-7.549295774647902,-7.759295774647902,-12.676056338028175,1.3521126760563273,stop_loss,,1.1294303989523,1.1294303989523
603500,2024-04-15,2024-04-15,10.98,2024-04-17,10.56,2,-3.825136612021851,-4.0351366120218515,-8.014571948998183,4.735883424408005,stop_loss,,2.126850571601,2.126850571601
001202,2024-04-16,2024-04-16,12.63,2024-04-17,11.37,1,-9.97624703087887,-10.18624703087887,-9.97624703087887,2.058590657165471,stop_loss,,1.0523618550822,1.0523618550822
002828,2024-04-16,2024-04-16,9.6,2024-04-19,11.69,3,21.77083333333334,21.56083333333334,-2.8125000000000067,21.77083333333334,hold_expired,,1.7593324742097,1.7593324742097
603320,2024-04-16,2024-04-16,11.06,2024-04-17,10.12,1,-8.499095840867998,-8.709095840867999,-8.499095840867998,3.9783001808318286,stop_loss,,1.3720037558999,1.3720037558999
605378,2024-04-16,2024-04-16,21.07,2024-04-17,19.04,1,-9.634551495016607,-9.844551495016608,-9.634551495016607,0.9492168960607561,stop_loss,,1.0529397861654,1.0529397861654
002987,2024-04-17,2024-04-17,15.63,2024-04-22,16.06,3,2.751119641714639,2.541119641714639,-1.0236724248240403,7.165706973768393,hold_expired,,2.7765775656399,2.7765775656399
603968,2024-04-18,2024-04-18,12.56,2024-04-23,11.8064,3,-6.000000000000005,-6.210000000000005,-7.3248407643311975,13.057324840764316,stop_loss,,2.4781638668968,2.4781638668968
001209,2024-04-19,2024-04-19,14.02,2024-04-24,14.18,3,1.1412268188302432,0.9312268188302433,-3.708987161198285,2.639087018544939,hold_expired,,1.4614888461264,1.4614888461264
002334,2024-04-19,2024-04-19,6.82,2024-04-24,6.79,3,-0.4398826979472137,-0.6498826979472137,-4.252199413489732,1.6129032258064502,hold_expired,,11.9622051132557,11.9622051132557
002632,2024-04-19,2024-04-19,6.98,2024-04-24,6.96,3,-0.2865329512894088,-0.4965329512894088,-4.584527220630374,1.1461318051575908,hold_expired,,6.2241072339846,6.2241072339846
002778,2024-04-19,2024-04-19,10.62,2024-04-24,10.83,3,1.9774011299435124,1.7674011299435124,-3.2015065913371,11.016949152542367,hold_expired,,1.439278691609,1.439278691609
002820,2024-04-19,2024-04-19,8.4,2024-04-24,8.63,3,2.7380952380952506,2.5280952380952506,-3.571428571428581,2.857142857142847,hold_expired,,1.7671364375541,1.7671364375541
002900,2024-04-19,2024-04-19,11.06,2024-04-22,10.3964,1,-6.000000000000005,-6.210000000000005,-10.036166365280309,5.334538878842676,stop_loss,,1.6988678001997,1.6988678001997
003001,2024-04-19,2024-04-19,13.68,2024-04-24,14.0,3,2.3391812865497075,2.1291812865497075,-4.897660818713446,2.8508771929824706,hold_expired,,1.3343285142934,1.3343285142934
603048,2024-04-19,2024-04-19,13.63,2024-04-24,14.07,3,3.228173147468816,3.018173147468816,-5.722670579603816,3.8151137197358853,hold_expired,,1.0237817534,1.0237817534
603633,2024-04-19,2024-04-19,6.86,2024-04-22,6.4483999999999995,1,-6.000000000000005,-6.210000000000005,-6.559766763848396,0.583090379008766,stop_loss,,2.795924548291,2.795924548291
605068,2024-04-19,2024-04-19,14.75,2024-04-24,15.64,3,6.0338983050847395,5.8238983050847395,-3.525423728813548,6.440677966101682,hold_expired,,1.0387513423045,1.0387513423045
605258,2024-04-19,2024-04-19,18.52,2024-04-24,19.66,3,6.155507559395246,5.945507559395246,-4.751619870410362,6.263498920086397,hold_expired,,1.0366706545859,1.0366706545859
605398,2024-04-19,2024-04-19,20.82,2024-04-22,19.5708,1,-6.000000000000005,-6.210000000000005,-7.156580211335251,0.6243996157540899,stop_loss,,2.000965947914,2.000965947914
002956,2024-04-22,2024-04-22,13.72,2024-04-24,12.8968,2,-6.000000000000005,-6.210000000000005,-6.705539358600598,1.1661807580174877,stop_loss,,2.9776725376056,2.9776725376056
003021,2024-04-22,2024-04-22,58.11,2024-04-25,56.48,3,-2.805024952675972,-3.015024952675972,-3.9752194114610284,1.8757528824642877,hold_expired,,1.6308037534369,1.6308037534369
600262,2024-04-22,2024-04-22,15.3,2024-04-25,16.9,3,10.457516339869265,10.247516339869264,0.0,10.849673202614362,hold_expired,,1.5439979396023,1.5439979396023
600379,2024-04-22,2024-04-22,8.99,2024-04-23,8.4506,1,-6.000000000000016,-6.210000000000016,-7.786429365962189,2.3359288097886566,stop_loss,,2.7910359610572,2.7910359610572
603076,2024-04-22,2024-04-22,23.06,2024-04-25,27.45,3,19.03729401561145,18.82729401561145,-2.2116218560277567,35.60277536860366,hold_expired,,1.4301777338389,1.4301777338389
603580,2024-04-22,2024-04-22,19.12,2024-04-25,20.97,3,9.675732217573207,9.465732217573207,0.0,13.598326359832601,hold_expired,,2.0398100197735,2.0398100197735
000422,2024-04-23,2024-04-23,10.0,2024-04-26,9.89,3,-1.0999999999999899,-1.3099999999999898,-5.800000000000005,2.7999999999999803,hold_expired,,13.6766096128457,13.6766096128457
001299,2024-04-23,2024-04-23,11.83,2024-04-26,12.38,3,4.649196956889279,4.439196956889279,-1.098901098901106,5.4099746407438865,hold_expired,,1.0,1.0
002566,2024-04-23,2024-04-23,6.74,2024-04-26,6.86,3,1.7804154302670572,1.5704154302670572,-1.6320474777448024,6.528189910979232,hold_expired,,3.1287446289751,3.1287446289751
002992,2024-04-23,2024-04-23,44.58,2024-04-26,45.59,3,2.2655899506505373,2.0555899506505373,-2.736653207716455,5.854643337819643,hold_expired,,1.3217647058824,1.3217647058824
603309,2024-04-23,2024-04-23,11.5,2024-04-26,12.07,3,4.956521739130437,4.746521739130437,-0.6956521739130417,6.608695652173924,hold_expired,,2.8264669997718,2.8264669997718
603500,2024-04-23,2024-04-23,11.22,2024-04-26,11.62,3,3.5650623885918,3.3550623885918,-0.8021390374331472,6.060606060606055,hold_expired,,2.126850571601,2.126850571601
605169,2024-04-23,2024-04-23,8.23,2024-04-26,8.34,3,1.3365735115431265,1.1265735115431266,-0.12150668286755595,19.927095990279465,hold_expired,,1.91552722838,1.91552722838
000777,2024-04-24,2024-04-24,18.2,2024-04-29,18.41,3,1.1538461538461497,0.9438461538461498,-3.296703296703274,7.417582417582436,hold_expired,,7.1606550056105,7.1606550056105
002730,2024-04-24,2024-04-24,7.38,2024-04-29,7.67,3,3.9295392953929476,3.7195392953929476,-3.7940379403794244,4.742547425474264,hold_expired,,2.3418504072412,2.3418504072412
603848,2024-04-24,2024-04-24,14.26,2024-04-29,14.98,3,5.049088359046272,4.839088359046272,-2.524544179523136,5.189340813464227,hold_expired,,1.091065244829,1.091065244829
002805,2024-04-25,2024-04-25,12.56,2024-04-30,12.8,3,1.9108280254777066,1.7008280254777066,-2.3089171974522316,7.484076433121012,hold_expired,,2.1219620828052,2.1219620828052
003023,2024-04-25,2024-04-25,16.44,2024-04-30,17.64,3,7.299270072992692,7.089270072992692,-0.48661800486617945,7.542579075425793,hold_expired,,1.3646696579908,1.3646696579908
600855,2024-04-25,2024-04-25,9.19,2024-04-30,8.638599999999999,3,-6.000000000000005,-6.210000000000005,-6.746463547334047,0.5440696409140466,stop_loss,,1.6451063475193,1.6451063475193
605169,2024-04-25,2024-04-25,8.78,2024-04-26,8.25,1,-6.0364464692482915,-6.2464464692482915,-6.378132118451019,2.1640091116173155,stop_loss,,1.91552722838,1.91552722838
603015,2024-04-26,2024-04-26,7.68,2024-05-06,8.2,3,6.770833333333326,6.560833333333326,0.0,7.812499999999978,hold_expired,,2.1865242418639,2.1865242418639
603110,2024-04-26,2024-04-26,15.0,2024-05-06,17.95,3,19.666666666666654,19.456666666666653,0.0,28.33333333333332,hold_expired,,2.0993619152875,2.0993619152875
605228,2024-04-26,2024-04-26,10.24,2024-05-06,11.15,3,8.88671875,8.67671875,-0.9765624999999889,12.3046875,hold_expired,,1.0208448753835,1.0208448753835
000710,2024-04-29,2024-04-29,8.1,2024-05-07,9.23,3,13.950617283950617,13.740617283950616,-0.24691358024689913,14.567901234567904,hold_expired,,3.4969558441558,3.4969558441558
002023,2024-04-29,2024-04-29,11.27,2024-04-30,10.593799999999998,1,-6.000000000000005,-6.210000000000005,-6.566104702750675,2.0408163265306145,stop_loss,,10.2327825690036,10.2327825690036
002748,2024-04-29,2024-04-29,7.43,2024-05-07,9.04,3,21.668909825033644,21.458909825033643,-2.4226110363391506,21.668909825033644,hold_expired,,2.1143872462712,2.1143872462712
002996,2024-04-29,2024-04-29,8.7,2024-05-07,9.26,3,6.436781609195408,6.226781609195408,-0.919540229885063,8.045977011494255,hold_expired,,1.0174694713404,1.0174694713404
002771,2024-04-30,2024-04-30,19.7,2024-05-08,19.28,3,-2.131979695431463,-2.341979695431463,-2.6903553299492233,8.730964467005098,hold_expired,,2.6742080666518,2.6742080666518
002979,2024-04-30,2024-04-30,19.77,2024-05-08,19.93,3,0.8093070308548223,0.5993070308548223,0.0,5.867475973697522,hold_expired,,1.5346711577946,1.5346711577946
603220,2024-04-30,2024-04-30,31.76,2024-05-08,30.61,3,-3.620906801007573,-3.830906801007573,-4.2506297229219285,5.573047858942037,hold_expired,,1.0419865357097,1.0419865357097
603348,2024-04-30,2024-04-30,28.93,2024-05-08,32.03,3,10.71552022122364,10.50552022122364,0.0,13.549948150708602,hold_expired,,1.0346594935342,1.0346594935342
605333,2024-04-30,2024-04-30,27.65,2024-05-08,30.26,3,9.439421338155519,9.229421338155518,-0.5424954792043302,12.477396021699816,hold_expired,,1.0045694200351,1.0045694200351
000668,2024-05-06,2024-05-06,7.38,2024-05-09,7.79,3,5.555555555555558,5.345555555555558,-2.4390243902438935,7.452574525745259,hold_expired,,3.8098149016045,3.8098149016045
002009,2024-05-06,2024-05-06,14.66,2024-05-09,14.45,3,-1.4324693042292003,-1.6424693042292002,-4.160982264665747,1.7735334242837686,hold_expired,,5.3999523429023,5.3999523429023
002633,2024-05-06,2024-05-06,6.62,2024-05-09,7.34,3,10.876132930513593,10.666132930513593,0.0,13.293051359516618,hold_expired,,1.522539444027,1.522539444027
603068,2024-05-06,2024-05-06,21.28,2024-05-09,21.35,3,0.328947368421062,0.11894736842106199,-1.8796992481203034,2.584586466165417,hold_expired,,1.0146561628611,1.0146561628611
605288,2024-05-06,2024-05-06,37.0,2024-05-09,36.69,3,-0.8378378378378404,-1.0478378378378403,-2.51351351351351,1.540540540540536,hold_expired,,1.4413351759449,1.4413351759449
002365,2024-05-07,2024-05-07,8.21,2024-05-10,8.11,3,-1.2180267965895442,-1.4280267965895441,-1.8270401948842885,2.5578562728379994,hold_expired,,3.3920591459881,3.3920591459881
603365,2024-05-07,2024-05-07,18.88,2024-05-10,18.25,3,-3.3368644067796494,-3.5468644067796493,-4.23728813559322,0.4766949152542388,hold_expired,,1.248655919154,1.248655919154
002910,2024-05-08,2024-05-08,7.96,2024-05-13,7.4824,3,-6.000000000000005,-6.210000000000005,-8.29145728643217,1.1306532663316604,stop_loss,,1.0255720039115,1.0255720039115
002968,2024-05-08,2024-05-08,9.68,2024-05-13,10.1,3,4.338842975206614,4.128842975206614,-2.2727272727272707,7.541322314049603,hold_expired,,3.3046286521533,3.3046286521533
600223,2024-05-08,2024-05-08,8.68,2024-05-13,8.56,3,-1.3824884792626668,-1.5924884792626668,-1.6129032258064613,4.147465437788012,hold_expired,,1.9085965383806,1.9085965383806
603219,2024-05-08,2024-05-08,15.79,2024-05-13,16.14,3,2.216592780240667,2.006592780240667,-0.5066497783407287,6.016466117796071,hold_expired,,1.4606200031888,1.4606200031888
603968,2024-05-08,2024-05-08,13.46,2024-05-13,13.61,3,1.1144130757800852,0.9044130757800852,-1.4858841010401025,7.3551263001485845,hold_expired,,2.4781638668968,2.4781638668968
605298,2024-05-08,2024-05-08,12.8,2024-05-13,12.032,3,-5.999999999999995,-6.209999999999995,-7.343750000000004,5.234375000000013,stop_loss,,1.3675323114821,1.3675323114821
603261,2024-05-09,2024-05-09,38.11,2024-05-13,35.82339999999999,2,-6.000000000000005,-6.210000000000005,-8.318026764628705,6.008921542902135,stop_loss,,1.0103255745005,1.0103255745005
001316,2024-05-13,2024-05-13,33.0,2024-05-16,34.37,3,4.1515151515151505,3.9415151515151505,-1.1212121212121118,12.090909090909086,hold_expired,,1.0172294968987,1.0172294968987
002805,2024-05-13,2024-05-13,13.97,2024-05-15,13.131799999999998,2,-6.000000000000005,-6.210000000000005,-7.587687902648533,1.7895490336435227,stop_loss,,2.1219620828052,2.1219620828052
603655,2024-05-13,2024-05-13,17.0,2024-05-16,17.32,3,1.8823529411764905,1.6723529411764906,0.0,19.94117647058824,hold_expired,,1.0250811440697,1.0250811440697
002851,2024-05-15,2024-05-15,26.22,2024-05-20,26.14,3,-0.30511060259342804,-0.515110602593428,-1.9069412662089946,12.12814645308924,hold_expired,,2.3122761189958,2.3122761189958
000957,2024-05-16,2024-05-16,11.23,2024-05-17,10.5562,1,-6.000000000000005,-6.210000000000005,-7.390917186108636,5.075690115761344,stop_loss,,5.1131693140993,5.1131693140993
001300,2024-05-16,2024-05-16,14.14,2024-05-21,14.51,3,2.6166902404526127,2.4066902404526127,-3.2531824611032656,3.8189533239038065,hold_expired,,1.0047355958958,1.0047355958958
002296,2024-05-16,2024-05-16,10.48,2024-05-21,10.51,3,0.2862595419847125,0.07625954198471249,-4.580152671755733,4.293893129770976,hold_expired,,5.1334261812828,5.1334261812828
603221,2024-05-16,2024-05-16,11.05,2024-05-21,10.82,3,-2.08144796380092,-2.2914479638009198,-3.891402714932146,8.597285067873294,hold_expired,,1.0254312964577,1.0254312964577
002312,2024-05-17,2024-05-17,8.15,2024-05-22,8.16,3,0.12269938650306678,-0.08730061349693322,-0.9815950920245453,8.957055214723919,hold_expired,,18.7314602620972,18.7314602620972
002868,2024-05-17,2024-05-17,17.74,2024-05-22,17.86,3,0.6764374295377795,0.46643742953777956,-3.945885005636973,6.313416009019179,hold_expired,,1.378677629031,1.378677629031
603332,2024-05-17,2024-05-17,8.58,2024-05-22,9.46,3,10.256410256410264,10.046410256410264,0.0,22.14452214452214,hold_expired,,1.9676921657794,1.9676921657794
002975,2024-05-21,2024-05-21,32.86,2024-05-24,32.21,3,-1.978088861838101,-2.188088861838101,-2.0693852708460025,5.386488131466827,hold_expired,,2.0473918496957,2.0473918496957
600876,2024-05-21,2024-05-21,12.41,2024-05-24,12.35,3,-0.4834810636583531,-0.693481063658353,-1.5310233682514052,7.010475423045914,hold_expired,,1.4264601008238,1.4264601008238
603042,2024-05-21,2024-05-21,11.13,2024-05-24,10.4622,3,-6.000000000000005,-6.210000000000005,-6.558849955076362,6.828391734052119,stop_loss,,1.0161436828477,1.0161436828477
603010,2024-05-22,2024-05-22,10.84,2024-05-23,10.189599999999999,1,-6.000000000000005,-6.210000000000005,-6.088560885608851,1.845018450184499,stop_loss,,4.8319056885937,4.8319056885937
603991,2024-05-22,2024-05-22,30.52,2024-05-27,36.06,3,18.152031454783746,17.942031454783745,-3.8007863695937116,25.065530799475756,hold_expired,,1.0124982136823,1.0124982136823
605388,2024-05-22,2024-05-22,9.86,2024-05-23,9.2684,1,-6.000000000000005,-6.210000000000005,-6.592292089249485,2.4340770791074995,stop_loss,,1.0345435051603,1.0345435051603
605567,2024-05-22,2024-05-22,9.69,2024-05-27,9.49,3,-2.063983488132093,-2.273983488132093,-4.850361197110409,6.088751289989669,hold_expired,,1.0184585146122,1.0184585146122
603839,2024-05-24,2024-05-24,6.32,2024-05-27,5.3,1,-16.139240506329124,-16.349240506329124,-19.303797468354446,0.4746835443038,stop_loss,,1.8523960185575,1.8523960185575
002669,2024-05-27,2024-05-27,10.1,2024-05-30,9.8,3,-2.2777822695097427,-2.4877822695097427,-5.5445544554455495,1.980198019801982,hold_expired,,2.1495086887949,2.1648500373571
000722,2024-05-28,2024-05-28,11.42,2024-05-31,10.7,3,-6.304728546409821,-6.514728546409821,-7.443082311733795,7.793345008756569,stop_loss,,4.4736069733961,4.4736069733961
603079,2024-05-28,2024-05-28,11.9,2024-05-29,11.12,1,-6.554621848739506,-6.764621848739506,-8.571428571428575,0.0,stop_loss,,2.0583510362851,2.0583510362851
002769,2024-05-29,2024-05-29,6.33,2024-06-03,5.9502,3,-6.000000000000005,-6.210000000000005,-7.424960505529221,5.687203791469186,stop_loss,,5.1324322052626,5.1324322052626
600895,2024-05-29,2024-05-29,19.64,2024-06-03,20.07,3,2.189409368635431,1.979409368635431,-2.6985743380855576,3.8187372708757605,hold_expired,,20.7743080676112,20.7743080676112
603016,2024-05-29,2024-05-29,17.79,2024-06-03,17.43,3,-2.02360876897133,-2.23360876897133,-2.6419336706014707,2.6981450252951067,hold_expired,,1.1294303989523,1.1294303989523
603650,2024-05-29,2024-05-29,30.53,2024-06-03,31.93,3,4.585653455617433,4.375653455617433,-0.720602685882743,5.928594824762534,hold_expired,,1.0467396444002,1.0467396444002
603836,2024-05-29,2024-05-29,13.38,2024-06-03,13.37,3,-0.07473841554560545,-0.2847384155456054,-1.0463378176382654,7.17488789237668,hold_expired,,1.0783347566431,1.0783347566431
603177,2024-06-03,2024-06-03,8.65,2024-06-05,7.87,2,-9.017341040462433,-9.227341040462434,-12.369942196531792,2.8901734104046284,stop_loss,,1.0123575647507,1.0123575647507
603890,2024-06-04,2024-06-04,10.77,2024-06-05,9.99,1,-7.2423398328690824,-7.452339832869082,-8.542246982358403,1.2999071494893322,stop_loss,,2.9570668934622,2.9570668934622
002811,2024-06-06,2024-06-06,7.38,2024-06-07,6.64,1,-10.02710027100272,-10.23710027100272,-10.02710027100272,0.9485094850948395,stop_loss,,1.8053765526752,1.8053765526752
600830,2024-06-06,2024-06-06,6.75,2024-06-12,7.22,3,6.962962962962971,6.752962962962971,-6.96296296296296,12.444444444444457,hold_expired,,11.3398391273183,11.3398391273183
603709,2024-06-06,2024-06-06,13.4,2024-06-07,12.06,1,-10.000000000000009,-10.21000000000001,-10.000000000000009,2.238805970149249,stop_loss,,1.2322834688418,1.2322834688418
603767,2024-06-06,2024-06-06,13.37,2024-06-07,12.567799999999998,1,-6.000000000000005,-6.210000000000005,-8.002991772625279,0.8227374719521396,stop_loss,,1.6846191688197,1.6846191688197
603776,2024-06-06,2024-06-06,10.59,2024-06-07,9.85,1,-6.987724268177519,-7.197724268177519,-8.593012275731816,1.8885741265344702,stop_loss,,2.5246270748719,2.5246270748719
600353,2024-06-07,2024-06-07,6.47,2024-06-11,6.081799999999999,1,-5.999999999999995,-6.209999999999995,-8.655332302936614,2.0092735703245657,stop_loss,,10.5777728842538,10.5777728842538
603528,2024-06-07,2024-06-07,6.03,2024-06-11,5.668200000000001,1,-6.000000000000005,-6.210000000000005,-8.126036484245457,6.799336650082921,stop_loss,,3.1468765953024,3.1468765953024
605358,2024-06-11,2024-06-11,22.44,2024-06-14,24.22,3,7.932263814616758,7.722263814616758,-0.2228163992869736,17.245989304812824,hold_expired,,1.5139477101129,1.5139477101129
603320,2024-06-12,2024-06-12,13.72,2024-06-17,14.88,3,8.45481049562682,8.244810495626819,-0.5102040816326592,17.930029154518934,hold_expired,,1.3819386129303,1.3819386129303
000901,2024-06-14,2024-06-14,8.65,2024-06-19,9.3,3,7.514450867052025,7.304450867052025,-1.2716763005780396,9.826589595375722,hold_expired,,6.5952932731278,6.5952932731278
002889,2024-06-14,2024-06-14,17.81,2024-06-19,19.22,3,7.916900617630551,7.706900617630551,-1.6282987085906697,11.622683885457619,hold_expired,,2.012927959884,2.012927959884
002119,2024-06-17,2024-06-17,12.24,2024-06-20,12.42,3,1.7087821043934692,1.4987821043934693,-2.777777777777779,10.784313725490202,hold_expired,,3.7980164751508,3.8069320067827
002632,2024-06-17,2024-06-17,7.9,2024-06-20,7.77,3,-1.6455696202531733,-1.8555696202531733,-1.8987341772152,3.164556962025311,hold_expired,,6.4546297241321,6.4546297241321
002888,2024-06-17,2024-06-17,12.84,2024-06-20,12.65,3,-1.4797507788162023,-1.6897507788162023,-2.024922118380057,5.529595015576327,hold_expired,,1.888898408487,1.888898408487
601133,2024-06-17,2024-06-17,11.0,2024-06-20,11.5,3,4.545454545454541,4.3354545454545415,-0.454545454545463,6.272727272727252,hold_expired,,1.0254764141212,1.0254764141212
002937,2024-06-18,2024-06-18,23.15,2024-06-20,21.72,2,-6.177105831533469,-6.387105831533469,-6.652267818574497,4.622030237580987,stop_loss,,1.7197019190906,1.7197019190906
603083,2024-06-18,2024-06-18,35.9,2024-06-21,33.745999999999995,3,-6.000000000000005,-6.210000000000005,-6.685236768802227,8.328690807799454,stop_loss,,2.2248112930643,2.2248112930643
002963,2024-06-19,2024-06-19,10.8,2024-06-21,10.152,2,-6.000000000000005,-6.210000000000005,-7.129629629629641,1.85185185185186,stop_loss,,1.0079889871988,1.0079889871988
603261,2024-06-19,2024-06-19,30.8,2024-06-24,28.951999999999998,3,-6.000000000000005,-6.210000000000005,-10.941558441558442,3.474025974025974,stop_loss,,1.0103255745005,1.0103255745005
000676,2024-06-20,2024-06-20,6.31,2024-06-25,5.9314,3,-6.000000000000005,-6.210000000000005,-7.131537242472263,4.120443740095103,stop_loss,,11.6068517818927,11.6068517818927
002633,2024-06-20,2024-06-20,6.22,2024-06-21,5.846799999999999,1,-6.000000000000016,-6.210000000000016,-8.360128617363339,0.643086816720273,stop_loss,,1.522539444027,1.522539444027
002871,2024-06-20,2024-06-20,8.8,2024-06-21,8.05,1,-8.522727272727282,-8.732727272727283,-11.363636363636386,0.11363636363637131,stop_loss,,3.7809665247111,3.7809665247111
003018,2024-06-20,2024-06-20,8.56,2024-06-25,8.39,3,-1.9859813084112221,-2.195981308411222,-4.556074766355145,9.579439252336442,hold_expired,,1.0493531253229,1.0493531253229
603256,2024-06-20,2024-06-20,7.15,2024-06-21,6.721,1,-6.000000000000005,-6.210000000000005,-8.951048951048968,0.0,stop_loss,,1.0395858874907,1.0395858874907
603268,2024-06-20,2024-06-20,13.59,2024-06-25,13.13,3,-3.3848417954378096,-3.5948417954378096,-4.341427520235463,10.375275938189832,hold_expired,,1.4261633856166,1.4261633856166
603390,2024-06-20,2024-06-20,7.69,2024-06-21,7.228599999999999,1,-6.000000000000005,-6.210000000000005,-6.892067620286091,0.7802340702210753,stop_loss,,1.0250116344061,1.0250116344061
603803,2024-06-20,2024-06-20,6.89,2024-06-25,6.72,3,-2.467343976777936,-2.677343976777936,-5.370101596516685,3.0478955007256836,hold_expired,,1.0676474892187,1.0676474892187
002253,2024-06-21,2024-06-21,11.1,2024-06-24,10.434000000000001,1,-5.999999999999995,-6.209999999999995,-7.027027027027022,2.2522522522522515,stop_loss,,3.8568297344353,3.8568297344353
603005,2024-06-21,2024-06-21,21.0,2024-06-26,19.74,3,-6.000000000000005,-6.210000000000005,-6.666666666666654,9.857142857142854,stop_loss,,2.7947477991937,2.7947477991937
603171,2024-06-21,2024-06-21,23.1,2024-06-24,21.714,1,-6.000000000000005,-6.210000000000005,-7.012987012987015,1.558441558441559,stop_loss,,1.023873683228,1.023873683228
601579,2024-06-24,2024-06-24,11.57,2024-06-25,10.8758,1,-6.000000000000005,-6.210000000000005,-9.24805531547106,1.8150388936905681,stop_loss,,1.1129923871386,1.1129923871386
002887,2024-06-25,2024-06-25,6.84,2024-06-27,6.4296,2,-6.000000000000005,-6.210000000000005,-6.28654970760233,5.701754385964919,stop_loss,,4.5065278929414,4.5065278929414
002331,2024-06-26,2024-06-26,7.18,2024-07-01,7.14,3,-0.5571030640668662,-0.7671030640668661,-3.203342618384386,6.963788300835638,hold_expired,,5.3956292531958,5.3956292531958
600378,2024-06-26,2024-06-26,31.59,2024-06-27,29.694599999999998,1,-6.000000000000005,-6.210000000000005,-6.964229186451409,0.0,stop_loss,,3.843408154746,3.843408154746
603936,2024-06-26,2024-06-26,7.96,2024-07-01,8.79,3,10.427135678391974,10.217135678391973,-3.5175879396984855,10.552763819095489,hold_expired,,2.0100503310713,2.0100503310713
605158,2024-06-26,2024-06-26,6.5,2024-07-01,6.49,3,-0.15384615384615996,-0.3638461538461599,-4.615384615384633,2.923076923076917,hold_expired,,1.4121546155578,1.4121546155578
002232,2024-06-27,2024-06-27,12.5,2024-07-02,12.73,3,1.8400000000000194,1.6300000000000194,-0.40000000000001146,6.800000000000006,hold_expired,,3.1685855051092,3.1685855051092
002903,2024-06-27,2024-06-27,17.0,2024-07-02,17.1,3,0.5882352941176672,0.3782352941176672,-1.9411764705882129,4.4117647058823595,hold_expired,,1.5810550293728,1.5810550293728
603006,2024-06-27,2024-06-27,10.12,2024-07-02,9.91,3,-2.075098814229237,-2.285098814229237,-4.644268774703553,0.7905138339920903,hold_expired,,2.3655565156797,2.3655565156797
001278,2024-06-28,2024-06-28,15.93,2024-07-03,15.96,3,0.18832391713747842,-0.021676082862521567,-4.456999372253612,3.3898305084745672,hold_expired,,1.0039561926207,1.0039561926207
600571,2024-06-28,2024-06-28,9.97,2024-07-03,9.75,3,-2.206619859578751,-2.416619859578751,-2.306920762286868,8.324974924774331,hold_expired,,11.3519305152112,11.3519305152112
600983,2024-06-28,2024-06-28,7.68,2024-07-01,7.21,1,-6.1197916666666625,-6.3297916666666625,-7.161458333333326,0.13020833333334814,stop_loss,,2.7232234570429,2.7232234570429
000049,2024-07-02,2024-07-02,23.81,2024-07-05,24.9,3,4.577908441831169,4.367908441831169,-0.5879882402351932,14.32171356572869,hold_expired,,9.279137368172899,9.279137368172899
002645,2024-07-03,2024-07-03,6.75,2024-07-04,6.345,1,-6.000000000000005,-6.210000000000005,-7.4074074074074066,0.2962962962962834,stop_loss,,5.5660197209471,5.5660197209471
000668,2024-07-04,2024-07-04,6.47,2024-07-05,5.97,1,-7.727975270479126,-7.937975270479126,-10.819165378670792,3.2457496136012454,stop_loss,,3.8098149016045,3.8098149016045
002552,2024-07-04,2024-07-04,14.17,2024-07-09,15.01,3,5.9280169371912494,5.7180169371912495,-5.010585744530694,6.986591390261121,hold_expired,,3.135420454108,3.135420454108
603918,2024-07-04,2024-07-04,11.55,2024-07-05,10.857,1,-6.000000000000005,-6.210000000000005,-6.2337662337662465,1.1255411255411296,stop_loss,,3.5558399793332,3.5558399793332
002741,2024-07-05,2024-07-05,9.47,2024-07-10,11.12,3,17.4234424498416,17.213442449841597,-3.6958817317846004,34.530095036958805,hold_expired,,3.0649675009797,3.0649675009797
603079,2024-07-05,2024-07-05,11.43,2024-07-08,10.7442,1,-6.000000000000005,-6.210000000000005,-6.649168853893261,7.699037620297466,stop_loss,,2.0702585368901,2.0702585368901
603615,2024-07-05,2024-07-05,11.68,2024-07-10,10.979199999999997,3,-6.000000000000016,-6.210000000000016,-8.390410958904104,5.136986301369872,stop_loss,,1.155395081088,1.155395081088
002527,2024-07-08,2024-07-08,6.55,2024-07-09,6.156999999999999,1,-6.000000000000016,-6.210000000000016,-7.78625954198473,0.45801526717557106,stop_loss,,2.7947438836401,2.7947438836401
000017,2024-07-09,2024-07-09,6.04,2024-07-12,5.93,3,-1.8211920529801362,-2.031192052980136,-4.635761589403986,2.98013245033113,hold_expired,,3.2524649369423,3.2524649369423
002853,2024-07-09,2024-07-09,7.98,2024-07-11,7.09,2,-11.15288220551378,-11.362882205513781,-14.536340852130325,0.5012531328320913,stop_loss,,2.6728246317967,2.6728246317967
002995,2024-07-09,2024-07-09,14.27,2024-07-12,14.11,3,-1.121233356692375,-1.3312333566923749,-4.344779257182907,0.8409250175192673,hold_expired,,2.8070998182222,2.8070998182222
002888,2024-07-11,2024-07-11,13.08,2024-07-16,14.07,3,7.568807339449535,7.358807339449535,-0.3058103975535187,10.397553516819569,hold_expired,,1.888898408487,1.888898408487
603958,2024-07-11,2024-07-11,7.8,2024-07-16,9.35,3,19.87179487179487,19.661794871794868,-2.1794871794871717,19.87179487179487,hold_expired,,1.0323360180133,1.0323360180133
605068,2024-07-11,2024-07-11,14.73,2024-07-16,14.61,3,-0.8146639511201759,-1.0246639511201758,-2.715546503733879,5.566870332654439,hold_expired,,1.0387513423045,1.0387513423045
000550,2024-07-12,2024-07-12,22.39,2024-07-17,23.8,3,6.297454220634235,6.0874542206342355,-1.1612326931665917,19.071013845466723,hold_expired,,3.7103895874622,3.7103895874622
002806,2024-07-12,2024-07-12,9.42,2024-07-17,8.93,3,-5.201698513800423,-5.411698513800423,-5.201698513800423,3.5031847133757843,hold_expired,,1.7282564901373,1.7282564901373
603680,2024-07-12,2024-07-12,7.0,2024-07-16,6.579999999999999,2,-6.000000000000005,-6.210000000000005,-7.857142857142851,0.4285714285714226,stop_loss,,1.9641473914617,1.9641473914617
605208,2024-07-12,2024-07-12,6.7,2024-07-17,6.35,3,-5.22388059701494,-5.43388059701494,-5.3731343283582085,0.8955223880596996,hold_expired,,1.7964077091592,1.7964077091592
002273,2024-07-15,2024-07-15,19.49,2024-07-18,18.3206,3,-6.000000000000005,-6.210000000000005,-6.875320677270391,7.439712673165744,stop_loss,,15.044014181915902,15.044014181915902
002729,2024-07-15,2024-07-15,9.61,2024-07-18,9.033399999999999,3,-6.000000000000005,-6.210000000000005,-7.075962539021852,5.411030176899079,stop_loss,,2.7918802122768,2.7918802122768
003010,2024-07-15,2024-07-15,11.73,2024-07-18,12.03,3,2.5575447570332477,2.3475447570332477,-4.177323103154295,4.8593350383631995,hold_expired,,1.4339778024991,1.4339778024991
603079,2024-07-15,2024-07-15,11.46,2024-07-18,12.05,3,5.14834205933683,4.93834205933683,-5.322862129144856,5.410122164048858,hold_expired,,2.0702585368901,2.0702585368901
603127,2024-07-15,2024-07-15,13.95,2024-07-18,14.22,3,1.935483870967758,1.725483870967758,-1.7921146953404965,4.229390681003586,hold_expired,,7.7277951283232,7.7277951283232
002534,2024-07-16,2024-07-16,10.21,2024-07-19,10.16,3,-0.48971596474045587,-0.6997159647404558,-5.38687561214497,2.6444662095984173,hold_expired,,2.3158614336153,2.3158614336153
002811,2024-07-16,2024-07-16,6.97,2024-07-18,6.42,2,-7.890961262553809,-8.10096126255381,-12.482065997130555,0.8608321377331585,stop_loss,,1.8053765526752,1.8053765526752
002905,2024-07-17,2024-07-17,6.08,2024-07-22,5.97,3,-1.8092105263157965,-2.0192105263157965,-5.098684210526317,8.881578947368428,hold_expired,,2.3263689072714,2.3263689072714
002636,2024-07-18,2024-07-18,6.57,2024-07-23,6.28,3,-4.414003044140036,-4.624003044140036,-4.870624048706251,0.3044140030441289,hold_expired,,2.7040749883049,2.7040749883049
002861,2024-07-18,2024-07-18,9.16,2024-07-23,9.73,3,6.2227074235807756,6.012707423580776,-4.475982532751099,12.991266375545841,hold_expired,,1.3881029646588,1.3881029646588
600822,2024-07-19,2024-07-19,9.0,2024-07-22,8.28,1,-8.000000000000007,-8.210000000000008,-10.555555555555552,0.0,stop_loss,,2.7284381186779,2.7284381186779
605186,2024-07-19,2024-07-19,21.3,2024-07-24,20.022,3,-6.000000000000005,-6.210000000000005,-6.52582159624413,3.0516431924882514,stop_loss,,1.0107209215483,1.0107209215483
002576,2024-07-23,2024-07-23,11.19,2024-07-26,11.55,3,3.217158176943702,3.007158176943702,-2.7703306523681803,5.004468275245744,hold_expired,,1.3839949470703,1.3839949470703
002806,2024-07-23,2024-07-23,9.84,2024-07-25,9.2,2,-6.504065040650408,-6.714065040650408,-7.113821138211374,5.6910569105691255,stop_loss,,1.7282564901373,1.7282564901373
600520,2024-07-23,2024-07-23,16.27,2024-07-26,15.84,3,-2.6429010448678625,-2.8529010448678624,-3.19606637984019,6.207744314689623,hold_expired,,2.3415920648055,2.3415920648055
603121,2024-07-23,2024-07-23,7.0,2024-07-26,7.14,3,2.0000000000000018,1.7900000000000018,-5.1428571428571495,6.857142857142873,hold_expired,,1.9800099793315,1.9800099793315
603535,2024-07-24,2024-07-24,14.9,2024-07-29,14.82,3,-0.5369127516778538,-0.7469127516778538,-2.684563758389269,11.006711409395953,hold_expired,,1.4942370557788,1.4942370557788
603863,2024-07-24,2024-07-24,19.48,2024-07-29,21.15,3,8.572895277207394,8.362895277207393,-5.184804928131426,8.572895277207394,hold_expired,,1.0083333333333,1.0083333333333
000503,2024-07-25,2024-07-25,7.14,2024-07-30,7.04,3,-1.400560224089642,-1.610560224089642,-3.6414565826330514,3.08123249299721,hold_expired,,9.7233565609437,9.7233565609437
600679,2024-07-25,2024-07-25,9.48,2024-07-30,9.92,3,4.641350210970452,4.431350210970452,-0.31645569620254443,9.071729957805896,hold_expired,,2.5272723033338,2.5272723033338
001239,2024-07-26,2024-07-26,15.1,2024-07-31,15.51,3,2.715231788079464,2.505231788079464,-2.847682119205297,4.635761589403975,hold_expired,,1.0,1.0
002868,2024-07-29,2024-07-29,13.11,2024-08-01,13.27,3,1.2204424103737566,1.0104424103737566,-3.8901601830663712,2.517162471395884,hold_expired,,1.378677629031,1.378677629031
000921,2024-07-30,2024-07-30,28.49,2024-08-02,28.38,3,-0.38610038610039643,-0.5961003861003964,-5.9319059319059235,8.4942084942085,hold_expired,,1.4463967065807,1.4463967065807
002035,2024-07-30,2024-07-30,6.17,2024-08-02,6.44,3,4.376012965964349,4.166012965964349,-2.917341977309562,8.58995137763372,hold_expired,,17.8504235373117,17.8504235373117
002668,2024-07-30,2024-07-30,8.55,2024-08-02,9.05,3,5.847953216374258,5.637953216374258,-4.444444444444451,11.111111111111093,hold_expired,,4.9418231226821,4.9418231226821
002888,2024-07-30,2024-07-30,14.28,2024-08-02,14.37,3,0.6302521008403339,0.42025210084033393,-0.7002801120448154,10.22408963585435,hold_expired,,1.888898408487,1.888898408487
600444,2024-07-30,2024-07-30,12.16,2024-08-02,12.86,3,5.756578947368407,5.546578947368407,0.0,14.39144736842104,hold_expired,,2.1319742795616,2.1319742795616
603657,2024-07-30,2024-07-30,11.11,2024-08-02,11.24,3,1.1701170117011994,0.9601170117011995,-4.320432043204292,9.630963096309642,hold_expired,,1.5800402259594,1.5800402259594
002952,2024-07-31,2024-07-31,19.45,2024-08-05,18.282999999999998,3,-6.000000000000005,-6.210000000000005,-7.557840616966582,2.930591259640103,stop_loss,,2.4623770205242,2.4623770205242
002869,2024-08-01,2024-08-01,32.49,2024-08-05,30.18,2,-7.109879963065557,-7.319879963065557,-12.034472145275476,7.9716835949522835,stop_loss,,1.6594952369528,1.6594952369528
603739,2024-08-01,2024-08-01,12.92,2024-08-06,14.63,3,13.23529411764708,13.025294117647078,-0.3095975232197956,13.23529411764708,hold_expired,,1.4687738672422,1.4687738672422
605008,2024-08-01,2024-08-01,12.13,2024-08-06,11.76,3,-3.0502885408079217,-3.2602885408079216,-4.451772464962889,0.8244023083264551,hold_expired,,1.4444203380063,1.4444203380063
605178,2024-08-01,2024-08-01,13.49,2024-08-06,13.52,3,0.2223869532987255,0.012386953298725495,-5.114899925871019,6.745737583395095,hold_expired,,1.4050388331123,1.4050388331123
605198,2024-08-01,2024-08-01,24.23,2024-08-05,22.7762,2,-6.000000000000005,-6.210000000000005,-7.139909203466777,3.0953363598844374,stop_loss,,1.0180479393782,1.0180479393782
000801,2024-08-02,2024-08-02,10.84,2024-08-07,10.47,3,-3.413284132841321,-3.623284132841321,-4.428044280442811,10.60885608856088,hold_expired,,14.9853903706815,14.9853903706815
001236,2024-08-02,2024-08-02,7.33,2024-08-07,7.02,3,-4.2291950886766845,-4.439195088676684,-5.8663028649386,2.592087312414715,hold_expired,,1.0022354694486,1.0022354694486
002313,2024-08-02,2024-08-02,7.27,2024-08-06,6.45,2,-11.279229711141669,-11.48922971114167,-16.918844566712508,0.6877579092159802,stop_loss,,2.6875573498775,2.6875573498775
002896,2024-08-02,2024-08-02,28.1,2024-08-06,26.414,2,-6.000000000000005,-6.210000000000005,-6.049822064056953,1.8861209964412762,stop_loss,,1.778227300746,1.778227300746
600621,2024-08-02,2024-08-02,13.87,2024-08-07,13.34,3,-3.8211968276856467,-4.031196827685647,-4.902667627974044,2.4513338139870333,hold_expired,,384.41790268039,384.41790268039
603082,2024-08-02,2024-08-02,32.26,2024-08-07,32.86,3,1.8598884066955979,1.6498884066955979,-0.030998140111593298,14.383137011779311,hold_expired,,1.0175651120533,1.0175651120533
603721,2024-08-02,2024-08-02,21.87,2024-08-07,21.57,3,-1.3717421124828544,-1.5817421124828543,-1.9204389574760006,9.739368998628262,hold_expired,,1.3490700313327,1.3490700313327
000547,2024-08-05,2024-08-05,7.0,2024-08-08,7.8,3,11.428571428571432,11.218571428571432,-5.285714285714283,22.42857142857144,hold_expired,,11.8481952765626,11.8481952765626
002703,2024-08-05,2024-08-05,11.7,2024-08-08,10.998,3,-6.000000000000005,-6.210000000000005,-8.290598290598282,4.10256410256411,stop_loss,,2.5463541547102,2.5463541547102
002760,2024-08-05,2024-08-05,13.1,2024-08-08,13.53,3,3.2824427480915963,3.0724427480915963,-3.2061068702290085,4.198473282442738,hold_expired,,1.0270414095902,1.0270414095902
001358,2024-08-06,2024-08-06,20.97,2024-08-09,20.08,3,-4.24415832141154,-4.45415832141154,-4.62565569861707,7.534573199809258,hold_expired,,1.4466666666667,1.4466666666667
603158,2024-08-06,2024-08-06,7.31,2024-08-09,6.8713999999999995,3,-6.000000000000005,-6.210000000000005,-7.38714090287278,1.9151846785225857,stop_loss,,4.3123617275273,4.3123617275273
603978,2024-08-07,2024-08-07,9.35,2024-08-12,10.83,3,15.828877005347607,15.618877005347606,-3.9572192513368964,22.459893048128343,hold_expired,,2.0165695066874,2.0165695066874
000526,2024-08-08,2024-08-08,56.5,2024-08-13,57.18,3,1.2035398230088479,0.9935398230088479,-0.8318584070796442,6.831858407079627,hold_expired,,2.4713658227848,2.4713658227848
002209,2024-08-08,2024-08-08,7.93,2024-08-13,7.75,3,-2.269861286254715,-2.479861286254715,-5.422446406052961,6.052963430012626,hold_expired,,1.5642769174929,1.5642769174929
002644,2024-08-08,2024-08-08,7.12,2024-08-13,7.36,3,3.370786516853941,3.160786516853941,-2.52808988764045,9.41011235955056,hold_expired,,5.731040390048,5.731040390048
600272,2024-08-08,2024-08-08,10.8,2024-08-12,10.152000000000001,2,-6.000000000000005,-6.210000000000005,-7.037037037037042,9.444444444444432,stop_loss,,1.2972544436849,1.2972544436849
603212,2024-08-08,2024-08-08,10.65,2024-08-13,10.43,3,-2.0657276995305174,-2.2757276995305173,-5.727699530516439,1.4084507042253724,hold_expired,,1.0212247883921,1.0212247883921
002796,2024-08-09,2024-08-09,8.71,2024-08-12,8.1874,1,-6.000000000000005,-6.210000000000005,-6.314580941446623,1.6073478760045612,stop_loss,,2.317378121632,2.317378121632
600345,2024-08-09,2024-08-09,18.33,2024-08-12,16.93,1,-7.637752318603375,-7.847752318603375,-10.69285324604471,9.983633387888723,stop_loss,,1.9979371075735,1.9979371075735
603042,2024-08-09,2024-08-09,9.6,2024-08-14,9.59,3,-0.10416666666667185,-0.3141666666666718,-3.9583333333333193,3.645833333333326,hold_expired,,1.0161436828477,1.0161436828477
603768,2024-08-09,2024-08-09,11.17,2024-08-14,10.91,3,-2.327663384064438,-2.537663384064438,-5.2820053715308735,1.1638316920322467,hold_expired,,1.0418967063261,1.0418967063261
603079,2024-08-12,2024-08-12,11.97,2024-08-15,11.251800000000001,3,-6.000000000000005,-6.210000000000005,-6.599832915622395,5.096073517126154,stop_loss,,2.0702585368901,2.0702585368901
603121,2024-08-13,2024-08-13,7.32,2024-08-16,7.64,3,4.371584699453535,4.161584699453535,-0.9562841530054711,4.508196721311464,hold_expired,,1.9800099793315,1.9800099793315
603375,2024-08-13,2024-08-13,38.96,2024-08-16,38.77,3,-0.4876796714578857,-0.6976796714578857,-3.208418891170428,10.882956878850125,hold_expired,,1.0113378684807,1.0113378684807
000710,2024-08-14,2024-08-14,7.8,2024-08-19,7.59,3,-2.692307692307694,-2.902307692307694,-3.205128205128216,9.74358974358973,hold_expired,,3.4969558441558,3.4969558441558
605255,2024-08-14,2024-08-14,12.66,2024-08-19,12.37,3,-2.290679304897325,-2.500679304897325,-5.529225908372826,0.0,hold_expired,,1.1119085232146,1.1119085232146
002729,2024-08-15,2024-08-15,10.1,2024-08-20,10.11,3,0.0990099009900991,-0.1109900990099009,-1.089108910891079,13.762376237623775,hold_expired,,2.7918802122768,2.7918802122768
003001,2024-08-15,2024-08-15,18.16,2024-08-20,20.37,3,12.169603524229068,11.959603524229067,-4.735682819383246,14.757709251101335,hold_expired,,1.3436207663445,1.3436207663445
600817,2024-08-15,2024-08-15,11.0,2024-08-20,14.25,3,29.54545454545454,29.33545454545454,0.0,34.363636363636374,hold_expired,,4.9644500486668,4.9644500486668
603966,2024-08-15,2024-08-15,6.92,2024-08-20,6.78,3,-2.023121387283233,-2.233121387283233,-3.7572254335260236,3.1791907514450823,hold_expired,,2.4834100625745,2.4834100625745
605178,2024-08-15,2024-08-15,13.9,2024-08-20,14.79,3,6.4028776978417135,6.1928776978417135,-4.2446043165467735,17.841726618705025,hold_expired,,1.4050388331123,1.4050388331123
605218,2024-08-15,2024-08-15,17.3,2024-08-20,17.56,3,1.5028901734103872,1.2928901734103873,-0.9826589595375745,6.0115606936416155,hold_expired,,1.0319563359755,1.0319563359755
603917,2024-08-19,2024-08-19,11.34,2024-08-22,10.71,3,-5.5555555555555465,-5.765555555555546,-5.996472663139329,5.379188712522032,hold_expired,,1.5069414441474,1.5069414441474
002888,2024-08-20,2024-08-20,15.33,2024-08-23,16.6,3,8.284409654272684,8.074409654272683,-0.2609262883235597,11.024135681669911,hold_expired,,1.888898408487,1.888898408487
002987,2024-08-21,2024-08-21,9.88,2024-08-26,10.63,3,7.591093117408909,7.381093117408909,-0.7085020242915019,11.032388663967607,hold_expired,,3.9264733251473,3.9264733251473
605398,2024-08-21,2024-08-21,15.3,2024-08-22,14.382,1,-6.000000000000005,-6.210000000000005,-9.281045751633988,0.2614379084967089,stop_loss,,2.8093101730821,2.8093101730821
000020,2024-08-23,2024-08-23,10.2,2024-08-28,10.82,3,6.07843137254902,5.86843137254902,0.0,22.64705882352942,hold_expired,,2.4064348391689,2.4064348391689
002642,2024-08-23,2024-08-23,6.46,2024-08-27,6.0724,2,-5.999999999999995,-6.209999999999995,-8.823529411764708,6.346749226006199,stop_loss,,4.6316173523564,4.6316173523564
605177,2024-08-23,2024-08-23,20.67,2024-08-26,18.09,1,-12.481857764876647,-12.691857764876648,-16.64247701983551,0.048379293662281775,stop_loss,,1.0478942765571,1.0478942765571
000561,2024-08-26,2024-08-26,6.72,2024-08-27,6.3168,1,-6.000000000000005,-6.210000000000005,-6.25,2.083333333333326,stop_loss,,2.5643381373844,2.5643381373844
002799,2024-08-26,2024-08-26,6.41,2024-08-29,6.29,3,-1.8720748829953338,-2.0820748829953337,-3.588143525741039,4.056162246489858,hold_expired,,2.5845572404754,2.5845572404754
603038,2024-08-27,2024-08-27,7.58,2024-08-30,8.05,3,6.200527704485492,5.990527704485492,-1.055408970976246,22.823218997361483,hold_expired,,3.8409763293762,3.8409763293762
600552,2024-08-28,2024-08-28,12.01,2024-08-29,10.77,1,-10.324729392173193,-10.534729392173194,-10.324729392173193,1.4987510407993287,stop_loss,,8.4239501781073,8.4239501781073
603038,2024-08-29,2024-08-29,7.86,2024-09-03,7.85,3,-0.12722646310433516,-0.33722646310433513,-4.19847328244275,5.216284987277331,hold_expired,,3.8409763293762,3.8409763293762
002933,2024-08-30,2024-08-30,25.74,2024-09-04,24.7,3,-4.040404040404033,-4.250404040404033,-4.817404817404814,1.1266511266511348,hold_expired,,1.0372093859403,1.0372093859403
002843,2024-09-02,2024-09-02,13.65,2024-09-05,12.831000000000001,3,-6.000000000000005,-6.210000000000005,-6.153846153846154,4.688644688644672,stop_loss,,1.756718219083,1.756718219083
000766,2024-09-03,2024-09-03,16.28,2024-09-04,15.3032,1,-6.000000000000005,-6.210000000000005,-7.002457002457008,0.0,stop_loss,,3.3522871039463,3.3522871039463
002384,2024-09-03,2024-09-03,22.65,2024-09-06,21.290999999999997,3,-6.000000000000005,-6.210000000000005,-6.666666666666654,2.428256070640167,stop_loss,,7.568938076751901,7.568938076751901
002819,2024-09-03,2024-09-03,23.46,2024-09-06,23.43,3,-0.12787723785165905,-0.337877237851659,-3.7510656436487655,3.5805626598465423,hold_expired,,1.3253564105855,1.3253564105855
002889,2024-09-03,2024-09-03,16.5,2024-09-06,15.57,3,-5.636363636363628,-5.846363636363628,-5.818181818181822,1.5151515151515138,hold_expired,,2.012927959884,2.012927959884
002946,2024-09-03,2024-09-03,9.01,2024-09-06,9.31,3,3.3296337402885845,3.1196337402885845,-1.1098779134295245,5.216426193118773,hold_expired,,1.042050851438,1.042050851438
603256,2024-09-03,2024-09-03,7.08,2024-09-06,7.09,3,0.14124293785311437,-0.06875706214688562,-1.2711864406779627,10.310734463276837,hold_expired,,1.0395858874907,1.0395858874907
002950,2024-09-04,2024-09-04,7.08,2024-09-09,7.24,3,2.259887005649719,2.049887005649719,-1.1299435028248483,9.18079096045199,hold_expired,,1.648316157892,1.648316157892
603726,2024-09-04,2024-09-04,14.95,2024-09-06,14.052999999999997,2,-6.000000000000016,-6.210000000000016,-6.220735785953169,3.745819397993322,stop_loss,,2.4034211736253,2.4034211736253
605178,2024-09-04,2024-09-04,15.06,2024-09-09,14.94,3,-0.7968127490039834,-1.0068127490039833,-5.5776892430278835,4.382470119521931,hold_expired,,1.4050388331123,1.4050388331123
002229,2024-09-05,2024-09-05,9.01,2024-09-10,8.93,3,-0.8879023307436174,-1.0979023307436173,-4.550499445061041,2.441731409544956,hold_expired,,5.1878465276564,5.1878465276564
603004,2024-09-05,2024-09-05,17.56,2024-09-09,16.5064,2,-5.999999999999995,-6.209999999999995,-7.574031890660593,6.435079726651494,stop_loss,,1.0132870481207,1.0132870481207
000058,2024-09-06,2024-09-06,6.75,2024-09-12,6.24,4,-7.555555555555548,-7.765555555555548,-7.7037037037037015,32.74074074074073,hold_expired,,4.6995599281199,4.6995599281199
603978,2024-09-06,2024-09-06,11.04,2024-09-09,10.2,1,-7.608695652173914,-7.818695652173914,-11.231884057971008,1.0869565217391353,stop_loss,,2.0165695066874,2.0165695066874
002095,2024-09-09,2024-09-09,12.61,2024-09-12,12.09,3,-4.123711340206182,-4.3337113402061815,-4.4409199048374255,4.123711340206193,hold_expired,,4.4612532549987,4.4612532549987
002383,2024-09-09,2024-09-09,6.12,2024-09-12,5.94,3,-2.941176470588236,-3.151176470588236,-4.4117647058823595,3.5947712418300526,hold_expired,,4.7970353887183,4.7970353887183
002931,2024-09-09,2024-09-09,8.62,2024-09-12,8.16,3,-5.336426914153125,-5.546426914153125,-5.684454756380486,0.23201856148493682,hold_expired,,2.3056722232591,2.3056722232591
002989,2024-09-09,2024-09-09,17.58,2024-09-12,17.79,3,1.1945392491467643,0.9845392491467644,-5.972696245733767,11.433447098976135,hold_expired,,1.3152724797422,1.3152724797422
603232,2024-09-09,2024-09-09,10.19,2024-09-12,10.48,3,2.845927379784108,2.635927379784108,-2.4533856722276703,4.80863591756624,hold_expired,,3.5477438316654,3.5477438316654
000504,2024-09-11,2024-09-11,7.41,2024-09-18,6.965400000000001,3,-6.000000000000005,-6.210000000000005,-7.557354925775983,9.041835357624816,stop_loss,,3.4672447009574,3.4672447009574
600148,2024-09-11,2024-09-11,13.46,2024-09-18,14.47,3,7.503714710252596,7.293714710252596,-4.903417533432409,10.549777117384828,hold_expired,,2.8672673969573,2.8672673969573
002058,2024-09-12,2024-09-12,7.77,2024-09-19,7.91,3,1.8018018018018056,1.5918018018018056,-4.633204633204624,4.118404118404118,hold_expired,,2.3848413684245,2.3848413684245
603399,2024-09-13,2024-09-13,6.63,2024-09-18,6.232199999999999,1,-6.000000000000016,-6.210000000000016,-7.843137254901955,1.2066365007541435,stop_loss,,1.4725270258834,1.4725270258834
002163,2024-09-18,2024-09-18,6.03,2024-09-23,6.01,3,-0.3316749585406398,-0.5416749585406397,-1.82421227197348,2.3217247097844007,hold_expired,,4.6652113149422,4.6652113149422
002265,2024-09-18,2024-09-18,8.79,2024-09-23,9.27,3,5.4607508532423354,5.2507508532423355,-1.9340159271899915,6.825938566552914,hold_expired,,1.0027451470713,1.0027451470713
600178,2024-09-18,2024-09-18,8.6,2024-09-23,9.16,3,6.511627906976769,6.301627906976769,-1.395348837209276,9.302325581395365,hold_expired,,2.1519532017169,2.1519532017169
600449,2024-09-19,2024-09-19,9.78,2024-09-24,11.17,3,14.212678936605316,14.002678936605315,0.0,16.666666666666675,hold_expired,,4.4097730165064,4.4097730165064
002848,2024-09-23,2024-09-23,7.1,2024-09-26,7.71,3,8.591549295774637,8.381549295774636,-2.3943661971830954,10.985915492957732,hold_expired,,1.0019144862795,1.0019144862795
600379,2024-09-23,2024-09-23,9.15,2024-09-24,8.601,1,-6.000000000000005,-6.210000000000005,-6.0109289617486406,4.808743169398899,stop_loss,,2.8138414088849,2.8138414088849
603068,2024-09-23,2024-09-23,19.57,2024-09-26,20.34,3,3.9345937659683194,3.7245937659683195,-2.0439448134900284,7.307102708226876,hold_expired,,1.0171714235524,1.0171714235524
002313,2024-09-24,2024-09-24,6.51,2024-09-27,7.05,3,8.294930875576023,8.084930875576022,-0.7680491551459223,12.288786482334867,hold_expired,,2.6875573498775,2.6875573498775
002803,2024-09-24,2024-09-24,11.17,2024-09-27,12.4,3,11.011638316920337,10.801638316920336,-3.4914950760966845,12.264995523724242,hold_expired,,3.1450403069969,3.1450403069969
002990,2024-09-24,2024-09-24,19.99,2024-09-27,21.27,3,6.40320160080039,6.19320160080039,-2.951475737868936,7.653826913456729,hold_expired,,2.0744968767428,2.0744968767428
605398,2024-09-24,2024-09-24,16.8,2024-09-27,17.93,3,6.7261904761904745,6.5161904761904745,-2.380952380952406,7.14285714285714,hold_expired,,2.8093101730821,2.8093101730821
002268,2024-09-25,2024-09-25,14.18,2024-09-30,16.9,3,19.18194640338504,18.97194640338504,-1.9040902679830718,19.18194640338504,hold_expired,,8.5794588042659,8.5794588042659
002868,2024-09-25,2024-09-25,12.48,2024-09-30,15.28,3,22.435897435897424,22.225897435897423,-1.6826923076923128,22.435897435897424,hold_expired,,1.378677629031,1.378677629031
000555,2024-09-26,2024-09-26,9.68,2024-10-08,12.46,3,28.71900826446283,28.509008264462828,-1.239669421487588,28.71900826446283,hold_expired,,3.1813258548373,3.1813258548373
000697,2024-09-26,2024-09-26,6.12,2024-10-08,7.37,3,20.424836601307184,20.214836601307184,-0.6535947712418388,25.816993464052285,hold_expired,,3.781804306846,3.781804306846
001206,2024-09-26,2024-09-26,12.71,2024-10-08,15.24,3,19.905586152635713,19.695586152635713,-2.124311565696313,25.72777340676633,hold_expired,,2.2298251630232,2.2298251630232
002952,2024-09-26,2024-09-26,21.56,2024-10-08,26.79,3,24.257884972170697,24.047884972170696,-0.8348794063079756,26.948051948051965,hold_expired,,2.4623770205242,2.4623770205242
600830,2024-09-26,2024-09-26,9.22,2024-10-08,12.91,3,40.02169197396961,39.81169197396961,0.0,40.02169197396961,hold_expired,,11.3398391273183,11.3398391273183
002790,2024-09-27,2024-09-27,7.67,2024-10-10,7.71,4,0.5215123859191761,0.3115123859191762,-1.8252933507170832,24.902216427640166,hold_expired,,3.1152052106588,3.1152052106588
001212,2024-10-08,2024-10-08,25.95,2024-10-10,21.41,2,-17.495183044315976,-17.705183044315977,-17.61078998073218,0.0,stop_loss,,1.333626889416,1.333626889416
603816,2024-10-08,2024-10-08,33.86,2024-10-09,29.0,1,-14.353219137625517,-14.563219137625518,-17.985823981098637,0.945067926757237,stop_loss,,2.1500708421776,2.1500708421776
002690,2024-10-09,2024-10-09,16.97,2024-10-10,15.951799999999999,1,-5.999999999999995,-6.209999999999995,-6.423099587507353,1.1196228638774341,stop_loss,,5.5440106675373,5.5440106675373
002749,2024-10-09,2024-10-09,13.45,2024-10-11,12.642999999999999,2,-6.000000000000005,-6.210000000000005,-9.368029739776961,2.379182156133819,stop_loss,,7.252073122921501,7.252073122921501
003037,2024-10-09,2024-10-09,6.35,2024-10-10,5.96,1,-6.141732283464563,-6.351732283464563,-7.874015748031493,3.779527559055107,stop_loss,,1.0351234361629,1.0351234361629
603507,2024-10-09,2024-10-09,25.49,2024-10-11,23.9606,2,-6.000000000000005,-6.210000000000005,-9.493919183993714,0.03923107100822776,stop_loss,,1.3611267891457,1.3611267891457
000151,2024-10-14,2024-10-14,12.38,2024-10-17,12.04,3,-2.746365105008086,-2.956365105008086,-3.392568659127615,8.077544426494354,hold_expired,,2.7589673047937,2.7589673047937
002116,2024-10-14,2024-10-14,10.2,2024-10-17,9.86,3,-3.3333333333333326,-3.5433333333333326,-3.8235294117646923,2.254901960784328,hold_expired,,4.7513374571168,4.7513374571168
002287,2024-10-14,2024-10-14,23.07,2024-10-17,23.15,3,0.346770697876031,0.136770697876031,-4.551365409622887,2.514087559601208,hold_expired,,1.6348005568687,1.6348005568687
002989,2024-10-14,2024-10-14,21.8,2024-10-17,22.9,3,5.045871559633008,4.835871559633008,0.0,16.972477064220183,hold_expired,,1.3152724797422,1.3152724797422
603860,2024-10-14,2024-10-14,28.91,2024-10-17,29.82,3,3.147699757869238,2.937699757869238,-2.9747492217225946,8.43998616395709,hold_expired,,1.0372588650974,1.0372588650974
600415,2024-10-15,2024-10-15,10.8,2024-10-18,10.95,3,1.388888888888884,1.178888888888884,-4.53703703703704,9.999999999999986,hold_expired,,43.203257698853,43.203257698853
003042,2024-10-16,2024-10-16,14.35,2024-10-21,14.25,3,-0.696864111498241,-0.906864111498241,-5.3658536585365795,4.250871080139396,hold_expired,,1.3174125794379,1.3174125794379
600198,2024-10-18,2024-10-18,8.28,2024-10-23,9.82,3,18.599033816425138,18.389033816425137,-0.48309178743959347,18.599033816425138,hold_expired,,1.814248628672,1.814248628672
002845,2024-10-22,2024-10-22,14.68,2024-10-25,16.32,3,11.171662125340598,10.961662125340597,0.0,16.825613079019064,hold_expired,,2.8850752455072,2.8850752455072
603011,2024-10-22,2024-10-22,7.1,2024-10-25,7.36,3,3.661971830985933,3.451971830985933,0.0,12.394366197183103,hold_expired,,2.0992295202396,2.0992295202396
603212,2024-10-22,2024-10-22,11.9,2024-10-25,12.74,3,7.058823529411762,6.848823529411762,0.0,9.07563025210083,hold_expired,,1.0212247883921,1.0212247883921
002085,2024-10-23,2024-10-23,16.69,2024-10-28,17.93,3,7.429598562013173,7.219598562013173,-0.65907729179151,13.061713600958647,hold_expired,,8.1365017987868,8.1365017987868
002369,2024-10-23,2024-10-23,6.64,2024-10-28,6.82,3,2.7108433734939874,2.5008433734939874,-3.6144578313252906,6.174698795180733,hold_expired,,4.2960021321814,4.2960021321814
002456,2024-10-23,2024-10-23,12.82,2024-10-24,12.0,1,-6.396255850234011,-6.606255850234011,-7.176287051482055,3.5101404056162355,stop_loss,,20.446543266247,20.446543266247
600316,2024-10-23,2024-10-23,31.55,2024-10-28,35.7,3,13.153724247226627,12.943724247226626,-0.12678288431062779,18.510301109350237,hold_expired,,4.3971099589568,4.3971099589568
600855,2024-10-23,2024-10-23,12.0,2024-10-28,12.67,3,5.583333333333318,5.373333333333318,-0.9166666666666656,7.333333333333347,hold_expired,,1.6451063475193,1.6451063475193
000810,2024-10-24,2024-10-24,12.72,2024-10-29,12.89,3,1.3364779874214028,1.1264779874214028,-5.503144654088055,7.468553459119498,hold_expired,,5.5932594595031,5.5932594595031
001202,2024-10-24,2024-10-24,13.07,2024-10-29,12.99,3,-0.6120887528691776,-0.8220887528691776,-2.3718439173680217,3.7490436113236436,hold_expired,,1.0800141655528,1.0800141655528
603630,2024-10-24,2024-10-24,11.75,2024-10-29,12.08,3,2.8085106382978564,2.5985106382978564,-0.42553191489361764,10.723404255319146,hold_expired,,1.4142023669207,1.4142023669207
603955,2024-10-24,2024-10-24,9.28,2024-10-29,9.73,3,4.849137931034497,4.639137931034497,-2.155172413793094,16.48706896551726,hold_expired,,1.3462500433689,1.3462500433689
000626,2024-10-25,2024-10-25,6.55,2024-10-28,6.01,1,-8.244274809160313,-8.454274809160314,-10.381679389312982,3.053435114503822,stop_loss,,10.6850549797103,10.6850549797103
002846,2024-10-25,2024-10-25,7.85,2024-10-30,7.75,3,-1.27388535031846,-1.48388535031846,-2.675159235668789,8.280254777070084,hold_expired,,2.6453230014281,2.6453230014281
002626,2024-10-28,2024-10-28,16.6,2024-10-31,16.36,3,-1.4457831325301207,-1.6557831325301207,-2.22891566265061,6.626506024096379,hold_expired,,8.234444551424499,8.234444551424499
002728,2024-10-28,2024-10-28,9.05,2024-10-31,8.99,3,-0.6629834254143541,-0.872983425414354,-2.983425414364649,5.966850828729275,hold_expired,,5.1598138937003,5.1598138937003
603079,2024-10-28,2024-10-28,13.55,2024-10-31,13.82,3,1.9926199261992572,1.7826199261992572,-1.845018450184499,15.571955719557206,hold_expired,,2.0702585368901,2.0702585368901
603739,2024-10-28,2024-10-28,13.72,2024-10-31,13.21,3,-3.7172011661807502,-3.92720116618075,-5.174927113702621,9.329446064139946,hold_expired,,1.4687738672422,1.4687738672422
000009,2024-10-29,2024-10-29,10.09,2024-10-30,9.484599999999999,1,-6.000000000000016,-6.210000000000016,-6.1446977205153575,3.3696729435084283,stop_loss,,10.1928437154366,10.1928437154366
002068,2024-10-29,2024-10-29,7.2,2024-10-30,6.7,1,-6.944444444444442,-7.154444444444442,-8.611111111111104,2.083333333333326,stop_loss,,5.956700176181,5.956700176181
002805,2024-10-29,2024-10-29,13.62,2024-10-30,12.8028,1,-6.000000000000005,-6.210000000000005,-6.975036710719529,5.726872246696035,stop_loss,,2.1219620828052,2.1219620828052
002931,2024-10-29,2024-10-29,11.68,2024-10-30,10.979199999999999,1,-6.000000000000005,-6.210000000000005,-6.849315068493144,6.849315068493156,stop_loss,,2.3293201434976,2.3293201434976
603028,2024-10-29,2024-10-29,7.49,2024-10-30,6.89,1,-8.010680907877166,-8.220680907877167,-9.479305740987975,4.138851802403187,stop_loss,,1.3379340369756,1.3379340369756
000936,2024-10-30,2024-10-30,7.63,2024-11-04,7.35,3,-3.669724770642213,-3.879724770642213,-5.897771952817832,7.4705111402358915,hold_expired,,6.6967228529738,6.6967228529738
001211,2024-10-30,2024-10-30,19.24,2024-11-01,18.0856,2,-6.000000000000005,-6.210000000000005,-10.083160083160081,3.794178794178804,stop_loss,,1.03881338787,1.03881338787
001332,2024-10-30,2024-10-30,34.42,2024-11-04,34.13,3,-0.8425334108076665,-1.0525334108076665,-4.125508425334101,4.009296920395111,hold_expired,,1.474631785623,1.474631785623
002212,2024-10-30,2024-10-30,6.85,2024-11-04,6.9,3,0.7299270072992803,0.5199270072992803,-3.3576642335766294,20.43795620437958,hold_expired,,3.2807115728433,3.2807115728433
603788,2024-10-30,2024-10-30,15.01,2024-11-04,14.91,3,-0.6662225183211246,-0.8762225183211245,-4.397068620919386,4.397068620919398,hold_expired,,1.9519235587887,1.9519235587887
603790,2024-10-30,2024-10-30,11.6,2024-10-31,10.903999999999998,1,-6.000000000000005,-6.210000000000005,-6.896551724137911,0.8620689655172376,stop_loss,,1.3837042798738,1.3837042798738
001283,2024-10-31,2024-10-31,45.9,2024-11-01,43.146,1,-5.999999999999995,-6.209999999999995,-6.078431372549009,1.938997821350763,stop_loss,,1.0169528336526,1.0169528336526
002153,2024-10-31,2024-10-31,7.68,2024-11-04,7.219199999999999,2,-6.000000000000005,-6.210000000000005,-6.1197916666666625,5.729166666666652,stop_loss,,44.3936554794836,44.3936554794836
002451,2024-10-31,2024-10-31,7.22,2024-11-05,7.66,3,6.094182825484773,5.884182825484773,0.0,13.01939058171746,hold_expired,,3.0687269809825,3.0687269809825
002657,2024-10-31,2024-10-31,17.88,2024-11-05,18.09,3,1.1744966442952975,0.9644966442952976,-4.026845637583875,20.2460850111857,hold_expired,,3.6402345231313,3.6402345231313
000948,2024-11-01,2024-11-01,21.4,2024-11-04,19.11,1,-10.700934579439247,-10.910934579439248,-12.149532710280365,0.14018691588786325,stop_loss,,2.5720912988919,2.5720912988919
603159,2024-11-01,2024-11-01,12.77,2024-11-06,13.48,3,5.5599060297572445,5.3499060297572445,-4.306969459671095,9.866875489428327,hold_expired,,1.5088468420295,1.5088468420295
603330,2024-11-01,2024-11-01,6.46,2024-11-04,6.072399999999999,1,-6.000000000000016,-6.210000000000016,-6.037151702786381,2.3219814241486336,stop_loss,,5.3129106887486,5.3129106887486
605303,2024-11-01,2024-11-01,8.29,2024-11-04,7.792599999999998,1,-6.000000000000005,-6.210000000000005,-8.323281061519905,1.326899879372756,stop_loss,,1.0209751524222,1.0209751524222
000559,2024-11-04,2024-11-04,6.29,2024-11-07,7.11,3,13.036565977742454,12.826565977742453,-0.4769475357710662,28.93481717011128,hold_expired,,41.5176840632061,41.5176840632061
002199,2024-11-04,2024-11-04,9.02,2024-11-07,9.74,3,7.982261640798227,7.772261640798227,0.0,12.52771618625279,hold_expired,,2.6333606330464,2.6333606330464
002222,2024-11-04,2024-11-04,31.0,2024-11-07,32.03,3,3.3225806451612883,3.1125806451612883,-4.8387096774193505,10.064516129032253,hold_expired,,2.9902016794438,2.9902016794438
002553,2024-11-04,2024-11-04,11.73,2024-11-07,13.21,3,12.617220801364027,12.407220801364026,0.0,17.817561807331607,hold_expired,,4.8891806870219,4.8891806870219
002735,2024-11-04,2024-11-04,10.38,2024-11-07,11.57,3,11.464354527938326,11.254354527938325,-0.7707129094412402,19.749518304431568,hold_expired,,3.4462651527741,3.4462651527741
002919,2024-11-04,2024-11-04,15.06,2024-11-07,16.41,3,8.964143426294836,8.754143426294835,-0.3984063745019917,10.424966799468782,hold_expired,,3.4113760951132,3.4113760951132
600686,2024-11-04,2024-11-04,13.61,2024-11-07,13.9,3,2.1307861866274758,1.9207861866274758,-0.5143277002204405,9.037472446730344,hold_expired,,13.4115856055117,13.4115856055117
600864,2024-11-04,2024-11-04,7.05,2024-11-07,7.8,3,10.638297872340452,10.428297872340451,-2.6950354609928895,13.333333333333353,hold_expired,,10.5983780713659,10.5983780713659
603201,2024-11-04,2024-11-04,18.09,2024-11-07,21.0,3,16.493964364494307,16.283964364494306,-1.7689331122166863,24.814961819101033,hold_expired,,2.0419606757131,2.0491326399529
603217,2024-11-04,2024-11-04,18.09,2024-11-07,18.32,3,1.2714206744057543,1.0614206744057544,-3.4273079049198407,3.2614704256495264,hold_expired,,2.4588113366792,2.4588113366792
603261,2024-11-04,2024-11-04,35.42,2024-11-07,35.47,3,0.14116318464143518,-0.06883681535856481,-4.940711462450597,8.667419536984756,hold_expired,,1.0103255745005,1.0103255745005
603628,2024-11-04,2024-11-04,15.15,2024-11-07,14.95,3,-1.320132013201325,-1.530132013201325,-4.686468646864695,4.62046204620461,hold_expired,,1.0314087191372,1.0314087191372
000831,2024-11-05,2024-11-05,32.48,2024-11-08,34.52,3,6.280788177339924,6.070788177339924,0.0,19.704433497536968,hold_expired,,4.1908290024048,4.1908290024048
002536,2024-11-05,2024-11-05,11.62,2024-11-08,11.68,3,0.5163511187607384,0.3063511187607384,-1.7211703958691982,5.507745266781416,hold_expired,,5.5763611085329,5.5763611085329
600111,2024-11-05,2024-11-05,23.18,2024-11-08,25.83,3,11.43226919758411,11.22226919758411,-0.7333908541846346,20.14667817083693,hold_expired,,20.1768389070424,20.1768389070424
600366,2024-11-05,2024-11-05,7.74,2024-11-08,7.99,3,3.2299741602067167,3.0199741602067167,-1.8087855297157729,13.695090439276502,hold_expired,,12.3046758387642,12.3046758387642
000818,2024-11-06,2024-11-06,19.9,2024-11-11,20.69,3,3.969849246231183,3.759849246231183,-3.2663316582914437,6.984924623115574,hold_expired,,2.1002609725428,2.1002609725428
002527,2024-11-06,2024-11-06,8.17,2024-11-11,8.85,3,8.32313341493267,8.113133414932669,-0.9791921664626724,11.138310893512848,hold_expired,,2.7947438836401,2.7947438836401
002806,2024-11-06,2024-11-06,12.37,2024-11-11,12.96,3,4.7696038803556995,4.5596038803556995,-0.404203718674212,8.730800323362974,hold_expired,,1.7282564901373,1.7282564901373
002824,2024-11-06,2024-11-06,18.91,2024-11-11,19.63,3,3.807509254362773,3.597509254362773,-5.341089370703345,6.716023268112115,hold_expired,,2.1944278362288,2.1944278362288
002887,2024-11-06,2024-11-06,8.33,2024-11-07,7.51,1,-9.843937575030015,-10.053937575030016,-11.04441776710684,0.7202881152461149,stop_loss,,4.5065278929414,4.5065278929414
002979,2024-11-06,2024-11-06,30.17,2024-11-11,30.46,3,0.9612197547232304,0.7512197547232304,-3.5465694398408965,9.313887968180289,hold_expired,,1.5443304571206,1.5443304571206
600192,2024-11-06,2024-11-06,7.46,2024-11-11,7.4,3,-0.8042895442359255,-1.0142895442359254,-4.8257372654155635,2.5469168900804418,hold_expired,,1.7775301006026,1.7775301006026
603083,2024-11-06,2024-11-06,48.3,2024-11-07,44.96,1,-6.915113871635603,-7.125113871635603,-8.612836438923388,5.3830227743271175,stop_loss,,2.236275229037,2.236275229037
605218,2024-11-06,2024-11-06,25.9,2024-11-11,32.33,3,24.826254826254825,24.616254826254824,-3.899613899613885,31.235521235521247,hold_expired,,1.0319563359755,1.0319563359755
000007,2024-11-07,2024-11-07,7.7,2024-11-12,7.7,3,0.0,-0.21,-4.545454545454552,3.116883116883118,hold_expired,,12.0499185589379,12.0499185589379
000997,2024-11-07,2024-11-07,21.0,2024-11-12,20.68,3,-1.5238095238095273,-1.7338095238095272,-3.1428571428571472,4.095238095238107,hold_expired,,11.798506368963,11.798506368963
002436,2024-11-07,2024-11-07,11.77,2024-11-12,14.29,3,21.41036533559899,21.20036533559899,-0.1699235344094996,21.41036533559899,hold_expired,,13.4437890957015,13.4437890957015
002560,2024-11-07,2024-11-07,6.77,2024-11-12,6.74,3,-0.4431314623338123,-0.6531314623338123,-1.7725258493352825,2.215657311669128,hold_expired,,4.3010202507531,4.3010202507531
003021,2024-11-07,2024-11-07,58.06,2024-11-12,59.48,3,2.4457457802273375,2.2357457802273375,-8.42232173613503,6.699965552876352,hold_expired,,2.300954573144,2.300954573144
603166,2024-11-07,2024-11-07,7.18,2024-11-12,6.91,3,-3.760445682451241,-3.970445682451241,-5.013927576601662,0.9749303621169991,hold_expired,,1.5675964191802,1.5675964191802
000697,2024-11-08,2024-11-08,9.73,2024-11-13,9.1462,3,-6.000000000000005,-6.210000000000005,-7.810894141829394,5.035971223021574,stop_loss,,3.781804306846,3.781804306846
000881,2024-11-08,2024-11-08,8.32,2024-11-13,8.4,3,0.9615384615384581,0.7515384615384582,-2.764423076923095,7.091346153846145,hold_expired,,5.112049346272,5.112049346272
002617,2024-11-08,2024-11-08,7.4,2024-11-13,7.35,3,-0.675675675675691,-0.8856756756756909,-2.0270270270270396,11.081081081081079,hold_expired,,7.8180512867648,7.8180512867648
002805,2024-11-08,2024-11-08,15.73,2024-11-11,14.7862,1,-6.000000000000005,-6.210000000000005,-6.357279084551804,6.420851875397315,stop_loss,,2.1219620828052,2.1219620828052
600855,2024-11-08,2024-11-08,13.6,2024-11-13,14.16,3,4.117647058823537,3.907647058823537,-0.6617647058823506,10.661764705882359,hold_expired,,1.6451063475193,1.6451063475193
000798,2024-11-11,2024-11-11,8.04,2024-11-14,7.68,3,-4.477611940298498,-4.687611940298498,-4.726368159203953,1.119402985074669,hold_expired,,2.3040281493891,2.3040281493891
000799,2024-11-11,2024-11-11,60.0,2024-11-14,61.09,3,1.8166666666666664,1.6066666666666665,-0.30000000000000027,10.966666666666658,hold_expired,,2.1904176776401,2.1904176776401
000833,2024-11-11,2024-11-11,7.75,2024-11-14,10.48,3,35.22580645161288,35.01580645161288,-0.5161290322580725,35.22580645161288,hold_expired,,2.0649465650499,2.0649465650499
000860,2024-11-11,2024-11-11,20.4,2024-11-14,19.76,3,-3.137254901960762,-3.347254901960762,-3.3823529411764586,5.294117647058849,hold_expired,,3.0103602075502,3.0103602075502
002036,2024-11-11,2024-11-11,11.34,2024-11-14,10.659599999999998,3,-6.000000000000016,-6.210000000000016,-6.878306878306873,4.761904761904767,stop_loss,,7.1126213972744,7.1126213972744
002279,2024-11-11,2024-11-11,7.6,2024-11-12,7.143999999999999,1,-6.000000000000005,-6.210000000000005,-6.578947368421062,2.105263157894721,stop_loss,,9.9985912639324,9.9985912639324
002291,2024-11-11,2024-11-11,6.33,2024-11-14,6.68,3,5.529225908372837,5.319225908372837,-2.053712480252756,19.905213270142184,hold_expired,,1.7260366288837,1.7260366288837
002942,2024-11-11,2024-11-11,15.74,2024-11-13,14.795599999999999,2,-6.000000000000005,-6.210000000000005,-6.861499364675994,1.3977128335451061,stop_loss,,1.4296502784421,1.4296502784421
002982,2024-11-11,2024-11-11,19.75,2024-11-14,19.4,3,-1.7721518987341867,-1.9821518987341866,-2.4303797468354427,4.303797468354431,hold_expired,,1.4169960777338,1.4169960777338
603006,2024-11-11,2024-11-11,11.73,2024-11-14,11.82,3,0.7672634271099765,0.5572634271099766,-2.3870417732310356,12.78772378516624,hold_expired,,2.3655565156797,2.3655565156797
603118,2024-11-11,2024-11-11,8.9,2024-11-14,8.62,3,-3.146067415730347,-3.356067415730347,-3.483146067415732,5.617977528089901,hold_expired,,2.5598379455279,2.5598379455279
603499,2024-11-11,2024-11-11,29.0,2024-11-14,34.35,3,18.448275862068964,18.238275862068964,-1.0344827586206917,29.620689655172438,hold_expired,,2.0110002107715,2.0110002107715
603536,2024-11-11,2024-11-11,10.44,2024-11-14,9.96,3,-4.597701149425271,-4.807701149425271,-4.980842911877403,5.9386973180076685,hold_expired,,2.0277764892685,2.0277764892685
002796,2024-11-12,2024-11-12,12.65,2024-11-13,11.891,1,-6.000000000000005,-6.210000000000005,-7.3517786561264735,1.3438735177865757,stop_loss,,2.317378121632,2.317378121632
002077,2024-11-13,2024-11-13,18.28,2024-11-14,17.0,1,-7.002188183807445,-7.212188183807445,-10.776805251641154,1.5864332603938491,stop_loss,,1.4697819961494,1.4697819961494
002407,2024-11-13,2024-11-13,14.05,2024-11-15,13.207,2,-6.000000000000005,-6.210000000000005,-6.761565836298944,4.982206405693934,stop_loss,,8.2513432212272,8.2513432212272
002811,2024-11-13,2024-11-13,9.23,2024-11-15,8.676200000000001,2,-5.999999999999995,-6.209999999999995,-7.042253521126762,0.10834236186347823,stop_loss,,1.859819616135,1.859819616135
600732,2024-11-13,2024-11-13,16.51,2024-11-14,15.519400000000001,1,-6.000000000000005,-6.210000000000005,-6.723198061780744,4.058146577831612,stop_loss,,6.9368764390081,6.9368764390081
601858,2024-11-13,2024-11-13,25.24,2024-11-18,23.7256,3,-6.000000000000005,-6.210000000000005,-9.825673534072898,9.786053882725842,stop_loss,,1.1387746071706,1.1387746071706
603000,2024-11-13,2024-11-13,25.9,2024-11-18,24.346,3,-6.000000000000005,-6.210000000000005,-10.8108108108108,8.957528957528949,stop_loss,,4.3404067985399,4.3404067985399
603138,2024-11-13,2024-11-13,18.4,2024-11-14,17.295999999999996,1,-6.000000000000016,-6.210000000000016,-9.565217391304337,0.7065217391304612,stop_loss,,3.1110491623785,3.1110491623785
603159,2024-11-13,2024-11-13,15.18,2024-11-18,14.2692,3,-6.000000000000005,-6.210000000000005,-7.773386034255603,6.982872200263479,stop_loss,,1.5088468420295,1.5088468420295
603421,2024-11-13,2024-11-13,7.18,2024-11-15,6.749199999999999,2,-6.000000000000005,-6.210000000000005,-8.07799442896936,3.0640668523677084,stop_loss,,1.5055771977202,1.5055771977202
603928,2024-11-13,2024-11-13,10.09,2024-11-15,9.4846,2,-6.000000000000005,-6.210000000000005,-8.820614469772059,8.027750247770072,stop_loss,,1.5370867969654,1.5370867969654
603956,2024-11-13,2024-11-13,6.03,2024-11-15,5.668200000000001,2,-5.999999999999995,-6.209999999999995,-7.296849087893875,2.6533996683250516,stop_loss,,1.0745251657561,1.0745251657561
605389,2024-11-13,2024-11-13,24.26,2024-11-18,23.8,3,-1.8961253091508645,-2.1061253091508645,-4.905193734542445,4.699093157460821,hold_expired,,1.5062120401637,1.5062120401637
000516,2024-11-14,2024-11-14,6.19,2024-11-15,5.8186,1,-6.000000000000005,-6.210000000000005,-8.077544426494343,0.1615508885298711,stop_loss,,44.258713521857906,44.258713521857906
000550,2024-11-14,2024-11-14,27.78,2024-11-18,26.1132,2,-6.000000000000005,-6.210000000000005,-9.071274298056153,0.7559395248380119,stop_loss,,3.8190514507018,3.8190514507018
002846,2024-11-14,2024-11-14,8.62,2024-11-15,8.102799999999998,1,-6.000000000000005,-6.210000000000005,-6.148491879350337,1.5081206496520005,stop_loss,,2.6453230014281,2.6453230014281
002853,2024-11-14,2024-11-14,10.75,2024-11-15,10.104999999999999,1,-6.000000000000005,-6.210000000000005,-8.744186046511626,0.9302325581395321,stop_loss,,2.6728246317967,2.6728246317967
002857,2024-11-14,2024-11-14,13.0,2024-11-15,12.219999999999999,1,-6.000000000000016,-6.210000000000016,-7.692307692307699,2.4615384615384484,stop_loss,,1.6358134731881,1.6358134731881
600817,2024-11-14,2024-11-14,12.2,2024-11-19,14.02,3,14.918032786885238,14.708032786885237,-4.836065573770487,20.81967213114755,hold_expired,,4.9644500486668,4.9644500486668
600857,2024-11-14,2024-11-14,7.52,2024-11-18,7.0687999999999995,2,-6.000000000000005,-6.210000000000005,-7.579787234042545,1.9946808510638459,stop_loss,,5.8661495192847,5.8661495192847
603958,2024-11-14,2024-11-14,14.87,2024-11-15,13.8,1,-7.195696032279752,-7.405696032279752,-13.584398117014128,1.7484868863483438,stop_loss,,1.0323360180133,1.0323360180133
002238,2024-11-15,2024-11-15,10.03,2024-11-19,9.37,2,-6.580259222333007,-6.790259222333007,-12.263210368893319,10.867397806580236,stop_loss,,3.3655369893538,3.3655369893538
002291,2024-11-15,2024-11-15,6.44,2024-11-18,6.053599999999999,1,-6.000000000000005,-6.210000000000005,-6.677018633540377,11.490683229813659,stop_loss,,1.7260366288837,1.7260366288837
002400,2024-11-15,2024-11-15,7.59,2024-11-19,7.1346,2,-6.000000000000005,-6.210000000000005,-10.408432147562586,10.935441370223975,stop_loss,,18.7895738377673,18.7895738377673
600104,2024-11-15,2024-11-15,16.2,2024-11-20,17.15,3,5.864197530864201,5.654197530864201,-2.1604938271604923,17.28395061728396,hold_expired,,11.0153050378603,11.0153050378603
600135,2024-11-15,2024-11-15,6.9,2024-11-18,6.486,1,-6.000000000000005,-6.210000000000005,-6.086956521739129,5.65217391304349,stop_loss,,2.909772712833,2.909772712833
601949,2024-11-15,2024-11-15,7.8,2024-11-20,8.79,3,12.692307692307692,12.48230769230769,0.0,22.05128205128204,hold_expired,,1.151121950539,1.151121950539
603039,2024-11-15,2024-11-15,52.64,2024-11-19,46.86,2,-10.980243161094227,-11.190243161094228,-10.980243161094227,11.18920972644377,stop_loss,,3.7587178224867,3.7587178224867
603324,2024-11-15,2024-11-15,28.2,2024-11-20,31.05,3,10.106382978723417,9.896382978723416,-3.652482269503554,16.879432624113466,hold_expired,,1.2389583480568,1.2389583480568
603535,2024-11-15,2024-11-15,11.7,2024-11-20,12.19,3,4.188034188034195,3.9780341880341954,0.0,9.829059829059839,hold_expired,,2.2282244095416,2.2282244095416
603716,2024-11-15,2024-11-15,8.78,2024-11-18,7.92,1,-9.79498861047835,-10.004988610478351,-12.98405466970387,1.3667425968109548,stop_loss,,3.5258720795619,3.5258720795619
603079,2024-11-19,2024-11-19,17.05,2024-11-22,18.98,3,11.31964809384165,11.109648093841649,-8.035190615835786,24.398826979472155,hold_expired,,2.0702585368901,2.0702585368901
605577,2024-11-19,2024-11-19,16.36,2024-11-22,16.77,3,2.506112469437638,2.296112469437638,0.0,17.97066014669928,hold_expired,,1.0240264991562,1.0240264991562
002140,2024-11-20,2024-11-20,11.0,2024-11-22,10.339999999999998,2,-6.000000000000016,-6.210000000000016,-7.545454545454544,8.90909090909091,stop_loss,,9.1129461079943,9.1129461079943
002912,2024-11-20,2024-11-20,26.76,2024-11-25,28.55,3,6.689088191330339,6.479088191330339,-1.606875934230212,12.032884902840046,hold_expired,,2.6651651155611,2.6651651155611
002815,2024-11-21,2024-11-21,10.62,2024-11-25,9.9828,2,-6.000000000000005,-6.210000000000005,-8.003766478342744,8.945386064030147,stop_loss,,2.3479216705577,2.3479216705577
002905,2024-11-21,2024-11-21,7.61,2024-11-25,7.1534,2,-6.000000000000005,-6.210000000000005,-6.176084099868606,8.804204993429687,stop_loss,,2.3263689072714,2.3263689072714
002962,2024-11-21,2024-11-21,17.24,2024-11-26,18.19,3,5.510440835266839,5.300440835266839,-2.204176334106722,24.303944315545255,hold_expired,,1.5458598664585,1.5458598664585
001300,2024-11-22,2024-11-22,13.7,2024-11-27,14.1,3,2.9197080291970767,2.7097080291970768,-6.423357664233576,7.81021897810219,hold_expired,,1.0047355958958,1.0047355958958
002006,2024-11-22,2024-11-22,16.66,2024-11-25,15.3,1,-8.163265306122447,-8.373265306122448,-9.663865546218487,3.2412965186074283,stop_loss,,7.8934098981653,7.8934098981653
002848,2024-11-22,2024-11-22,10.02,2024-11-25,9.4188,1,-5.999999999999995,-6.209999999999995,-6.7864271457085845,0.7984031936127733,stop_loss,,1.0019144862795,1.0019144862795
002915,2024-11-22,2024-11-22,12.56,2024-11-26,11.8064,2,-6.000000000000005,-6.210000000000005,-6.210191082802552,1.9108280254777288,stop_loss,,2.1943392880399,2.1943392880399
603025,2024-11-22,2024-11-22,16.54,2024-11-25,15.0,1,-9.310761789600964,-9.520761789600964,-12.756952841596124,0.36275695284160303,stop_loss,,2.9106231051135,2.9106231051135
603217,2024-11-22,2024-11-22,19.61,2024-11-25,17.94,1,-8.516063233044358,-8.726063233044359,-10.45385007649159,0.815910249872509,stop_loss,,2.4588113366792,2.4588113366792
603662,2024-11-22,2024-11-22,45.0,2024-11-27,46.84,3,4.0888888888888975,3.8788888888888975,-2.5555555555555665,13.800000000000011,hold_expired,,2.5131348816389,2.5131348816389
603895,2024-11-22,2024-11-22,22.4,2024-11-25,21.055999999999997,1,-6.000000000000005,-6.210000000000005,-9.241071428571423,4.01785714285714,stop_loss,,1.4122794737713,1.4122794737713
002331,2024-11-25,2024-11-25,8.78,2024-11-27,8.253199999999998,2,-6.000000000000005,-6.210000000000005,-8.314350797266501,3.4168564920273425,stop_loss,,5.3956292531958,5.3956292531958
002734,2024-11-25,2024-11-25,8.28,2024-11-28,8.91,3,7.608695652173925,7.398695652173925,-2.898550724637683,19.565217391304344,hold_expired,,3.5801830220954,3.5801830220954
002950,2024-11-25,2024-11-25,9.91,2024-11-26,9.23,1,-6.861755802219982,-7.071755802219982,-8.577194752774975,1.2108980827446825,stop_loss,,1.648316157892,1.648316157892
600860,2024-11-25,2024-11-25,11.0,2024-11-26,10.339999999999998,1,-6.000000000000016,-6.210000000000016,-6.545454545454554,0.9999999999999787,stop_loss,,1.6720216270764,1.6720216270764
002167,2024-11-27,2024-11-27,9.14,2024-12-02,10.03,3,9.737417943107207,9.527417943107206,-5.79868708971556,21.99124726477024,hold_expired,,7.8585710152158,7.8585710152158
002576,2024-11-27,2024-11-27,14.5,2024-12-02,14.82,3,2.206896551724147,1.9968965517241468,-2.137931034482776,5.931034482758624,hold_expired,,1.3839949470703,1.3839949470703
002769,2024-11-27,2024-11-27,7.3,2024-12-02,8.07,3,10.547945205479458,10.337945205479457,-5.616438356164388,10.547945205479458,hold_expired,,5.1324322052626,5.1324322052626
600689,2024-11-27,2024-11-27,10.32,2024-12-02,10.71,3,3.779069767441867,3.569069767441867,-4.06976744186045,7.558139534883712,hold_expired,,2.5137830565587,2.5137830565587
603121,2024-11-27,2024-11-27,8.97,2024-12-02,8.99,3,0.22296544035673715,0.012965440356737162,-6.465997770345588,1.7837235228539638,hold_expired,,2.0226417731449,2.0226417731449
603178,2024-11-27,2024-11-27,22.03,2024-12-02,22.94,3,4.130730821606909,3.9207308216069094,-6.491148433953708,8.07989105764866,hold_expired,,1.0575202653473,1.0575202653473
603520,2024-11-27,2024-11-27,10.32,2024-12-02,11.06,3,7.170542635658905,6.960542635658905,-1.6472868217054182,9.980620155038755,hold_expired,,3.0005244521995,3.0005244521995
603758,2024-11-27,2024-11-27,8.8,2024-12-02,9.1,3,3.409090909090895,3.199090909090895,-4.204545454545472,4.318181818181799,hold_expired,,1.2732091493602,1.2732091493602
605168,2024-11-27,2024-11-27,32.89,2024-12-02,34.6,3,5.19914867740956,4.98914867740956,-3.1620553359683834,9.790209790209792,hold_expired,,3.4049196798341,3.4049196798341
002115,2024-11-28,2024-11-28,6.45,2024-12-03,6.83,3,5.891472868217051,5.681472868217051,-2.3255813953488413,11.627906976744185,hold_expired,,6.2404354003286,6.2404354003286
605088,2024-11-28,2024-11-28,25.35,2024-12-03,25.08,3,-1.0650887573964596,-1.2750887573964595,-4.339250493096647,1.8934911242603603,hold_expired,,1.1116192206448,1.1116192206448
002527,2024-11-29,2024-11-29,9.4,2024-12-04,10.38,3,10.425531914893615,10.215531914893614,-3.1914893617021267,15.1063829787234,hold_expired,,2.7947438836401,2.7947438836401
002718,2024-11-29,2024-11-29,15.15,2024-12-02,13.65,1,-9.900990099009888,-10.11099009900989,-10.231023102310232,0.0,stop_loss,,2.7044058792036,2.7044058792036
002829,2024-11-29,2024-11-29,23.35,2024-12-04,22.45,3,-3.854389721627416,-4.064389721627416,-4.496788008565311,5.139186295503206,hold_expired,,2.4475740918217,2.4475740918217
603706,2024-11-29,2024-11-29,21.83,2024-12-02,20.3,1,-7.008703618873113,-7.218703618873113,-9.29912963811269,0.0,stop_loss,,1.2618015324461,1.2618015324461
603933,2024-11-29,2024-11-29,16.83,2024-12-04,17.16,3,1.9607843137254832,1.7507843137254833,-2.8520499108734443,20.677361853832444,hold_expired,,2.0937121346023,2.0937121346023
000058,2024-12-02,2024-12-02,9.11,2024-12-05,9.7,3,6.476399560922053,6.266399560922053,0.0,21.95389681668496,hold_expired,,4.6995599281199,4.6995599281199
002243,2024-12-02,2024-12-02,8.87,2024-12-05,9.1,3,2.5930101465614364,2.3830101465614364,-1.3528748590755257,9.808342728297648,hold_expired,,1.7895335692757,1.7895335692757
603256,2024-12-02,2024-12-02,9.61,2024-12-05,10.27,3,6.867845993756494,6.657845993756494,-4.162330905306966,13.527575442247652,hold_expired,,1.0395858874907,1.0395858874907
605136,2024-12-02,2024-12-02,9.12,2024-12-04,8.572799999999999,2,-6.000000000000005,-6.210000000000005,-8.004385964912263,5.92105263157896,stop_loss,,1.027826355346,1.027826355346
002870,2024-12-03,2024-12-03,34.71,2024-12-06,33.87,3,-2.420051858254113,-2.630051858254113,-3.255545952175176,1.6133679055027494,hold_expired,,1.0424874246966,1.0424874246966
003010,2024-12-03,2024-12-03,22.8,2024-12-06,22.73,3,-0.3070175438596445,-0.5170175438596445,-4.473684210526319,4.912280701754379,hold_expired,,1.4339778024991,1.4339778024991
603901,2024-12-03,2024-12-03,8.81,2024-12-06,8.73,3,-0.9080590238365605,-1.1180590238365604,-2.95119182746878,6.583427922814966,hold_expired,,4.2843060056486,4.2843060056486
605300,2024-12-03,2024-12-03,15.88,2024-12-04,14.5,1,-8.690176322418154,-8.900176322418154,-8.942065491183882,2.26700251889167,stop_loss,,1.0345213923152,1.0345213923152
000735,2024-12-04,2024-12-04,7.29,2024-12-09,6.8526,3,-6.000000000000005,-6.210000000000005,-7.133058984910845,4.252400548696844,stop_loss,,6.0904285512577,6.0904285512577
000886,2024-12-04,2024-12-04,6.93,2024-12-09,6.7,3,-3.318903318903299,-3.528903318903299,-4.617604617604599,7.792207792207795,hold_expired,,3.1575510471459,3.1575510471459
002029,2024-12-04,2024-12-04,7.5,2024-12-06,7.049999999999999,2,-6.000000000000016,-6.210000000000016,-6.133333333333324,1.866666666666661,stop_loss,,10.2714406230688,10.2714406230688
002036,2024-12-04,2024-12-04,10.5,2024-12-09,10.9,3,3.809523809523796,3.599523809523796,-3.523809523809518,5.619047619047612,hold_expired,,7.1126213972744,7.1126213972744
002320,2024-12-04,2024-12-04,6.65,2024-12-09,6.51,3,-2.1052631578947434,-2.3152631578947434,-4.511278195488733,2.2556390977443552,hold_expired,,14.0692979553995,14.0692979553995
002905,2024-12-04,2024-12-04,8.31,2024-12-09,8.49,3,2.166064981949467,1.956064981949467,-1.2033694344163681,12.03369434416366,hold_expired,,2.3263689072714,2.3263689072714
002915,2024-12-04,2024-12-04,13.02,2024-12-09,14.21,3,9.139784946236574,8.929784946236573,-2.841781874039939,9.139784946236574,hold_expired,,2.1943392880399,2.1943392880399
600579,2024-12-04,2024-12-04,7.59,2024-12-09,7.5,3,-1.1857707509881465,-1.3957707509881465,-2.5032938076416267,2.6350461133069825,hold_expired,,1.8819152542373,1.8819152542373
001373,2024-12-05,2024-12-05,30.5,2024-12-10,30.0,3,-1.6393442622950838,-1.8493442622950838,-3.245901639344251,1.6065573770491781,hold_expired,,1.0076952674105,1.0076952674105
002279,2024-12-05,2024-12-05,7.28,2024-12-10,7.83,3,7.55494505494505,7.34494505494505,-3.434065934065944,7.55494505494505,hold_expired,,9.9985912639324,9.9985912639324
603081,2024-12-05,2024-12-05,11.95,2024-12-10,11.51,3,-3.6820083682008398,-3.8920083682008397,-4.769874476987434,0.41841004184102193,hold_expired,,1.0753255453421,1.0753255453421
603897,2024-12-05,2024-12-05,24.0,2024-12-10,26.84,3,11.83333333333334,11.623333333333338,-0.8333333333333304,21.791666666666654,hold_expired,,1.2811414902694,1.2811414902694
603949,2024-12-05,2024-12-05,14.32,2024-12-10,14.4,3,0.5586592178770999,0.34865921787709997,-2.7932960893854664,5.865921787709505,hold_expired,,1.5301393146795,1.5301393146795
605151,2024-12-05,2024-12-05,18.01,2024-12-10,17.79,3,-1.2215435868961677,-1.4315435868961677,-2.831760133259309,3.1093836757356996,hold_expired,,1.0692350575615,1.0692350575615
605155,2024-12-05,2024-12-05,11.01,2024-12-10,10.92,3,-0.8174386920980825,-1.0274386920980825,-2.361489554950036,3.7238873751135326,hold_expired,,2.066316509471,2.066316509471
605378,2024-12-05,2024-12-05,19.35,2024-12-10,18.65,3,-3.6175710594315347,-3.8275710594315346,-4.237726098191208,0.0,hold_expired,,1.5230787996339,1.5230787996339
605398,2024-12-05,2024-12-05,21.55,2024-12-10,21.49,3,-0.27842227378191975,-0.4884222737819197,-4.872389791183296,2.459396751740117,hold_expired,,2.8093101730821,2.8093101730821
002516,2024-12-06,2024-12-06,6.02,2024-12-11,5.95,3,-1.1627906976744096,-1.3727906976744095,-4.6511627906976605,4.817275747508298,hold_expired,,9.281752022606701,9.281752022606701
600841,2024-12-06,2024-12-06,6.01,2024-12-11,6.07,3,0.998336106489206,0.788336106489206,-4.1597337770382765,2.4958402662229817,hold_expired,,2.946927436432,2.946927436432
603101,2024-12-06,2024-12-06,8.89,2024-12-11,9.15,3,2.924634420697414,2.714634420697414,-2.137232845894288,5.286839145106859,hold_expired,,2.1023025774944,2.1023025774944
002115,2024-12-09,2024-12-09,7.17,2024-12-12,9.85,3,37.377963737796364,37.16796373779636,0.0,37.377963737796364,hold_expired,,6.2404354003286,6.2404354003286
002313,2024-12-09,2024-12-09,9.29,2024-12-12,11.17,3,20.23681377825619,20.02681377825619,-1.399354144241105,20.23681377825619,hold_expired,,2.6875573498775,2.6875573498775
002529,2024-12-09,2024-12-09,9.31,2024-12-12,9.3,3,-0.10741138560687036,-0.3174113856068703,-2.2556390977443663,2.7926960257787403,hold_expired,,1.2993680873006,1.2993680873006
600506,2024-12-09,2024-12-09,17.92,2024-12-12,22.35,3,24.72098214285714,24.510982142857138,-5.412946428571441,24.72098214285714,hold_expired,,1.3265400495458,1.3265400495458
600620,2024-12-09,2024-12-09,6.5,2024-12-12,6.95,3,6.923076923076921,6.713076923076921,-3.230769230769248,10.153846153846136,hold_expired,,430.7913199412122,430.7913199412122
603598,2024-12-09,2024-12-09,17.59,2024-12-12,21.93,3,24.67310972143264,24.463109721432637,-5.002842524161455,24.67310972143264,hold_expired,,2.0132495255695,2.0132495255695
603721,2024-12-09,2024-12-09,33.48,2024-12-12,33.02,3,-1.3739545997610292,-1.5839545997610291,-6.302270011947419,4.540023894862633,hold_expired,,1.3490700313327,1.3490700313327
605298,2024-12-09,2024-12-09,15.2,2024-12-12,16.18,3,6.447368421052624,6.237368421052624,-4.342105263157903,9.013157894736846,hold_expired,,1.7931442674908,1.7931442674908
000520,2024-12-10,2024-12-10,6.03,2024-12-13,6.38,3,5.804311774461013,5.594311774461013,-5.3067993366500925,5.804311774461013,hold_expired,,7.1778139502564,7.1778139502564
002395,2024-12-10,2024-12-10,17.99,2024-12-13,17.87,3,-0.6670372429127158,-0.8770372429127158,-4.39132851584213,4.7804335742078985,hold_expired,,3.2881651827045,3.2881651827045
002713,2024-12-10,2024-12-10,6.25,2024-12-11,5.63,1,-9.920000000000007,-10.130000000000008,-13.919999999999998,1.6000000000000014,stop_loss,,3.756751451266,3.756751451266
603166,2024-12-10,2024-12-10,7.9,2024-12-13,7.72,3,-2.278481012658229,-2.488481012658229,-3.797468354430389,12.531645569620276,hold_expired,,1.5675964191802,1.5675964191802
603488,2024-12-10,2024-12-10,9.87,2024-12-13,9.56,3,-3.1408308004052476,-3.3508308004052476,-4.154002026342429,0.3039513677811634,hold_expired,,1.6711355267204,1.6711355267204
603759,2024-12-10,2024-12-10,7.99,2024-12-13,7.67,3,-4.005006257822286,-4.215006257822286,-4.881101376720909,0.5006257822277815,hold_expired,,1.5724251594844,1.5724251594844
000710,2024-12-11,2024-12-11,10.82,2024-12-16,11.02,3,1.8484288354898348,1.6384288354898349,-0.8317929759704135,6.099815157116462,hold_expired,,3.4969558441558,3.4969558441558
000953,2024-12-11,2024-12-11,6.58,2024-12-16,6.66,3,1.2158054711246091,1.0058054711246092,-2.735562310030404,7.14285714285714,hold_expired,,2.6071444510711,2.6071444510711
001202,2024-12-11,2024-12-11,16.74,2024-12-12,15.7356,1,-6.000000000000005,-6.210000000000005,-7.52688172043009,0.9557945041815952,stop_loss,,1.0800141655528,1.0800141655528
001217,2024-12-11,2024-12-11,12.99,2024-12-16,16.12,3,24.09545804464972,23.88545804464972,-0.6928406466512715,24.17244033872208,hold_expired,,1.0372387333503,1.0372387333503
002209,2024-12-11,2024-12-11,11.03,2024-12-16,10.55,3,-4.351767905711701,-4.561767905711701,-4.89573889392566,8.975521305530364,hold_expired,,1.5642769174929,1.5642769174929
002298,2024-12-11,2024-12-11,6.49,2024-12-16,6.4,3,-1.3867488443759735,-1.5967488443759734,-2.3112480739599595,11.864406779661007,hold_expired,,3.145891420706,3.145891420706
002364,2024-12-11,2024-12-11,8.18,2024-12-16,8.08,3,-1.2224938875305513,-1.4324938875305513,-1.344743276283611,11.36919315403424,hold_expired,,6.6809643831456,6.6809643831456
002835,2024-12-11,2024-12-11,20.98,2024-12-13,19.7212,2,-6.000000000000005,-6.210000000000005,-6.148713060057198,1.4299332697807587,stop_loss,,2.1082182469662,2.1082182469662
002877,2024-12-11,2024-12-11,10.5,2024-12-16,9.87,3,-6.000000000000005,-6.210000000000005,-6.285714285714283,6.380952380952376,stop_loss,,2.818788485947,2.818788485947
003037,2024-12-11,2024-12-11,6.97,2024-12-16,7.32,3,5.021520803443336,4.811520803443336,0.0,14.777618364418931,hold_expired,,1.0351234361629,1.0351234361629
600618,2024-12-11,2024-12-11,11.01,2024-12-16,10.55,3,-4.178019981834691,-4.388019981834691,-5.722070844686633,2.997275204359684,hold_expired,,27.9080399691507,27.9080399691507
600967,2024-12-11,2024-12-11,8.75,2024-12-16,8.65,3,-1.1428571428571344,-1.3528571428571343,-2.2857142857142687,6.628571428571428,hold_expired,,5.6983640645425,5.6983640645425
603344,2024-12-11,2024-12-11,26.0,2024-12-16,24.9,3,-4.230769230769238,-4.440769230769238,-5.153846153846153,1.538461538461533,hold_expired,,1.013870246085,1.013870246085
603716,2024-12-11,2024-12-11,9.37,2024-12-16,10.48,3,11.846318036286018,11.636318036286017,0.0,16.969050160085388,hold_expired,,3.5258720795619,3.5258720795619
605399,2024-12-11,2024-12-11,14.05,2024-12-16,13.99,3,-0.4270462633451988,-0.6370462633451988,-3.558718861209975,1.4234875444839812,hold_expired,,1.7691953658988,1.7691953658988
001318,2024-12-12,2024-12-12,13.3,2024-12-17,12.501999999999999,3,-6.000000000000005,-6.210000000000005,-6.315789473684208,12.10526315789473,stop_loss,,1.0266576632819,1.0266576632819
002474,2024-12-12,2024-12-12,7.78,2024-12-17,7.313199999999999,3,-6.000000000000005,-6.210000000000005,-10.025706940874034,17.480719794344466,stop_loss,,6.2788197848247,6.2788197848247
000670,2024-12-13,2024-12-13,8.33,2024-12-18,7.8302,3,-5.999999999999995,-6.209999999999995,-6.362545018007204,7.803121248499423,stop_loss,,10.486561343414898,10.486561343414898
002752,2024-12-13,2024-12-13,6.67,2024-12-18,6.74,3,1.0494752623688264,0.8394752623688264,-3.148425787106446,15.592203898050983,hold_expired,,2.071095530413,2.071095530413
002799,2024-12-13,2024-12-13,10.21,2024-12-17,9.5974,2,-6.000000000000005,-6.210000000000005,-13.418217433888346,6.758080313418224,stop_loss,,2.5845572404754,2.5845572404754
002861,2024-12-13,2024-12-13,13.57,2024-12-18,15.3,3,12.748710390567442,12.538710390567442,-2.4318349299926267,15.991156963890951,hold_expired,,1.3881029646588,1.3881029646588
603900,2024-12-13,2024-12-13,7.52,2024-12-17,7.0687999999999995,2,-6.000000000000005,-6.210000000000005,-8.776595744680826,9.042553191489366,stop_loss,,1.6847101575405,1.6847101575405
605338,2024-12-13,2024-12-13,20.34,2024-12-17,19.1196,2,-6.000000000000005,-6.210000000000005,-8.06293018682399,11.996066863323506,stop_loss,,1.0509713234792,1.0509713234792
000576,2024-12-16,2024-12-16,8.84,2024-12-17,8.3096,1,-6.000000000000005,-6.210000000000005,-11.764705882352954,0.0,stop_loss,,6.3127457171146,6.3127457171146
000985,2024-12-16,2024-12-16,22.62,2024-12-17,21.2628,1,-6.000000000000016,-6.210000000000016,-9.549071618037141,0.9283819628647105,stop_loss,,1.7367871058038,1.7367871058038
002205,2024-12-16,2024-12-16,10.18,2024-12-19,11.46,3,12.573673870334012,12.363673870334011,-5.599214145383103,22.102161100196472,hold_expired,,2.1038137329574,2.1038137329574
002864,2024-12-16,2024-12-16,32.0,2024-12-19,31.83,3,-0.5312500000000164,-0.7412500000000164,-3.5937499999999956,4.562500000000003,hold_expired,,1.0339504479166,1.0339504479166
600694,2024-12-16,2024-12-16,27.0,2024-12-17,25.38,1,-6.000000000000016,-6.210000000000016,-10.703703703703704,10.259259259259256,stop_loss,,6.7258805348904,6.7258805348904
600797,2024-12-16,2024-12-16,8.46,2024-12-18,8.05,2,-4.846335697399528,-5.056335697399528,-10.520094562647753,10.638297872340408,stop_loss,,12.7942774139937,12.7942774139937
603123,2024-12-16,2024-12-16,10.34,2024-12-17,9.7196,1,-6.000000000000005,-6.210000000000005,-9.96131528046421,1.3539651837524147,stop_loss,,1.1720591455171,1.1720591455171
603221,2024-12-16,2024-12-16,11.37,2024-12-17,10.6878,1,-6.000000000000005,-6.210000000000005,-9.410729991204914,1.4072119613016687,stop_loss,,1.0349968869097,1.0349968869097
603326,2024-12-16,2024-12-16,7.62,2024-12-18,6.78,2,-11.023622047244096,-11.233622047244097,-11.679790026246728,3.28083989501311,stop_loss,,2.2331583742349,2.2331583742349
603813,2024-12-16,2024-12-16,14.45,2024-12-18,13.582999999999998,2,-6.000000000000005,-6.210000000000005,-6.989619377162626,7.26643598615917,stop_loss,,1.0809366839211,1.0809366839211
603969,2024-12-16,2024-12-16,7.43,2024-12-17,6.95,1,-6.460296096904439,-6.670296096904439,-13.862718707940768,2.288021534320328,stop_loss,,4.7209546336218,4.7209546336218
002103,2024-12-17,2024-12-17,14.73,2024-12-18,11.93,1,-19.00882552613713,-19.21882552613713,-19.00882552613713,2.1724372029870986,stop_loss,,2.3731574337606,2.3731574337606
002576,2024-12-17,2024-12-17,16.24,2024-12-20,16.09,3,-0.9236453201970307,-1.1336453201970307,-6.773399014778314,6.5886699507389235,hold_expired,,1.3839949470703,1.3839949470703
002752,2024-12-17,2024-12-17,6.77,2024-12-19,6.363799999999999,2,-6.000000000000005,-6.210000000000005,-7.090103397341208,9.748892171344181,stop_loss,,2.071095530413,2.071095530413
002799,2024-12-17,2024-12-17,9.75,2024-12-18,8.79,1,-9.846153846153848,-10.05615384615385,-13.025641025641022,0.41025641025640436,stop_loss,,2.5845572404754,2.5845572404754
600986,2024-12-17,2024-12-17,7.71,2024-12-18,7.01,1,-8.440628688846862,-8.650628688846863,-13.534516679053665,2.3346303501945664,stop_loss,,5.8160395507698,5.8568825251432
603390,2024-12-17,2024-12-17,11.01,2024-12-18,10.04,1,-8.81017257039055,-9.020172570390551,-9.264305177111709,1.7257039055404322,stop_loss,,1.0291336651075,1.0291336651075
603956,2024-12-17,2024-12-17,6.7,2024-12-18,6.18,1,-7.76119402985076,-7.97119402985076,-9.850746268656717,2.3880597014925398,stop_loss,,1.0745251657561,1.0745251657561
603999,2024-12-17,2024-12-17,7.56,2024-12-18,7.05,1,-6.746031746031744,-6.956031746031744,-8.333333333333314,3.0423280423280463,stop_loss,,2.5400311603717,2.5400311603717
000586,2024-12-18,2024-12-18,10.91,2024-12-25,9.7,5,-11.090742438130164,-11.300742438130165,-14.665444546287809,30.705774518790086,hold_expired,,3.8849014465538,3.8849014465538
000715,2024-12-18,2024-12-18,7.2,2024-12-23,6.767999999999999,3,-6.000000000000016,-6.210000000000016,-11.80555555555557,4.722222222222228,stop_loss,,5.2332526056846,5.2332526056846
002291,2024-12-18,2024-12-18,9.38,2024-12-24,7.34,4,-21.74840085287848,-21.95840085287848,-23.66737739872069,14.392324093816633,stop_loss,,1.7260366288837,1.7260366288837
002381,2024-12-18,2024-12-18,7.25,2024-12-23,6.8149999999999995,3,-6.000000000000005,-6.210000000000005,-7.034482758620686,2.4827586206896513,stop_loss,,6.2458967916399,6.2458967916399
002887,2024-12-18,2024-12-18,7.83,2024-12-23,7.360199999999999,3,-6.000000000000016,-6.210000000000016,-8.301404853128991,4.214559386973171,stop_loss,,4.5065278929414,4.5065278929414
600158,2024-12-18,2024-12-18,9.8,2024-12-19,9.212000000000002,1,-6.000000000000005,-6.210000000000005,-7.65306122448981,6.836734693877555,stop_loss,,6.5565724327388,6.5565724327388
600560,2024-12-18,2024-12-18,19.33,2024-12-19,17.89,1,-7.44956026901189,-7.65956026901189,-12.002069322296938,0.8794619762027889,stop_loss,,4.6567651704008,4.6567651704008
600738,2024-12-18,2024-12-18,6.61,2024-12-19,6.04,1,-8.6232980332829,-8.833298033282901,-17.70045385779123,10.741301059001508,stop_loss,,7.7328355908174,7.7328355908174
600880,2024-12-18,2024-12-18,6.16,2024-12-24,5.1,4,-17.207792207792217,-17.417792207792218,-19.15584415584416,17.20779220779218,stop_loss,,35.852696082815605,35.852696082815605
603839,2024-12-18,2024-12-18,6.5,2024-12-19,6.1,1,-6.153846153846166,-6.363846153846166,-8.769230769230774,0.3076923076922977,stop_loss,,1.8984603930291,1.8984603930291
000788,2024-12-20,2024-12-20,6.85,2024-12-23,6.438999999999999,1,-6.000000000000005,-6.210000000000005,-6.569343065693422,9.197080291970817,stop_loss,,3.8160845548381,3.8160845548381
002077,2024-12-20,2024-12-20,17.41,2024-12-26,16.51,4,-5.169442848937367,-5.379442848937367,-6.950028719126944,13.325674899483065,hold_expired,,1.4697819961494,1.4697819961494
002339,2024-12-20,2024-12-20,8.8,2024-12-24,7.69,2,-12.61363636363637,-12.823636363636371,-16.022727272727277,12.159090909090885,stop_loss,,5.5242109457744,5.5242109457744
002925,2024-12-20,2024-12-20,15.83,2024-12-25,15.64,3,-1.2002526847757378,-1.4102526847757377,-5.180037902716361,3.790271636133924,hold_expired,,2.0713756335841,2.0713756335841
600775,2024-12-20,2024-12-20,11.82,2024-12-23,11.110800000000001,1,-5.999999999999995,-6.209999999999995,-8.121827411167516,2.1996615905245376,stop_loss,,1.4682991406387,1.4682991406387
601798,2024-12-20,2024-12-20,7.05,2024-12-23,6.627,1,-6.000000000000005,-6.210000000000005,-7.801418439716301,9.078014184397176,stop_loss,,1.0742989234163,1.0742989234163
603048,2024-12-20,2024-12-20,16.86,2024-12-24,14.96,2,-11.26927639383154,-11.47927639383154,-12.69276393831552,1.4234875444840034,stop_loss,,1.0535326074528,1.0535326074528
001266,2024-12-23,2024-12-23,23.99,2024-12-26,25.34,3,5.627344726969574,5.417344726969574,-6.7111296373489004,9.54564401834097,hold_expired,,1.4445713494334,1.4445713494334
002396,2024-12-23,2024-12-23,19.1,2024-12-26,19.79,3,3.6125654450261724,3.4025654450261724,-2.98429319371728,5.49738219895286,hold_expired,,3.3384236852937,3.3384236852937
002404,2024-12-23,2024-12-23,6.95,2024-12-25,6.5329999999999995,2,-6.000000000000005,-6.210000000000005,-6.474820143884886,3.597122302158273,stop_loss,,5.7708089506759,5.7708089506759
002632,2024-12-23,2024-12-23,9.99,2024-12-24,9.3906,1,-6.000000000000005,-6.210000000000005,-9.109109109109104,1.501501501501501,stop_loss,,6.581191091272,6.581191091272
002908,2024-12-23,2024-12-23,10.52,2024-12-24,9.888799999999998,1,-6.000000000000005,-6.210000000000005,-7.794676806083645,0.9505703422053147,stop_loss,,3.0820741321197,3.0820741321197
603042,2024-12-23,2024-12-23,14.54,2024-12-24,13.6676,1,-6.000000000000005,-6.210000000000005,-6.464924346629985,5.570839064649236,stop_loss,,1.0161436828477,1.0161436828477
603126,2024-12-23,2024-12-23,7.07,2024-12-26,8.03,3,13.578500707213559,13.368500707213558,-6.082036775106092,17.397454031117388,hold_expired,,1.6587438365284,1.6587438365284
603610,2024-12-23,2024-12-23,11.77,2024-12-24,11.063799999999999,1,-6.000000000000005,-6.210000000000005,-7.306711979609171,4.33305012744265,stop_loss,,2.7754360583062,2.7754360583062
000670,2024-12-24,2024-12-24,8.92,2024-12-27,9.29,3,4.147982062780242,3.937982062780242,-2.0179372197309475,13.228699551569512,hold_expired,,10.486561343414898,10.486561343414898
001314,2024-12-24,2024-12-24,50.94,2024-12-27,54.0,3,6.0070671378091856,5.797067137809186,-2.8268551236749095,11.89634864546527,hold_expired,,1.0204353323318,1.0204353323318
603155,2024-12-24,2024-12-24,14.49,2024-12-27,15.13,3,4.416839199447908,4.206839199447908,0.0,12.077294685990324,hold_expired,,2.2320497241399,2.2320497241399
603518,2024-12-24,2024-12-24,9.69,2024-12-27,9.96,3,2.786377708978338,2.576377708978338,-3.50877192982455,8.049535603715196,hold_expired,,1.515320684512,1.515320684512
603648,2024-12-24,2024-12-24,10.73,2024-12-27,11.08,3,3.2618825722273925,3.0518825722273926,-4.007455731593668,6.710158434296343,hold_expired,,1.1899474527576,1.1899474527576
603657,2024-12-24,2024-12-24,17.02,2024-12-25,15.9988,1,-6.000000000000005,-6.210000000000005,-8.754406580493546,4.289071680376022,stop_loss,,1.5800402259594,1.5800402259594
603983,2024-12-24,2024-12-24,33.95,2024-12-27,33.82,3,-0.38291605301916665,-0.5929160530191666,-2.385861561119307,3.9764359351987855,hold_expired,,1.0548069645885,1.0548069645885
000880,2024-12-25,2024-12-25,15.31,2024-12-30,18.3,3,19.529719137818425,19.319719137818424,0.0,33.05029392553887,hold_expired,,4.0875085064425,4.0875085064425
002918,2024-12-25,2024-12-25,10.8,2024-12-30,11.35,3,5.092592592592582,4.882592592592582,-5.55555555555557,9.81481481481481,hold_expired,,2.830100972799,2.830100972799
001217,2024-12-26,2024-12-26,12.22,2024-12-31,14.13,3,15.630114566284782,15.42011456628478,-1.0638297872340385,22.74959083469721,hold_expired,,1.0372387333503,1.0372387333503
001258,2024-12-26,2024-12-26,7.4,2024-12-31,7.96,3,7.567567567567557,7.357567567567557,0.0,17.162162162162154,hold_expired,,1.0186137674994,1.0186137674994
002346,2024-12-26,2024-12-26,10.2,2024-12-31,9.86,3,-3.3333333333333326,-3.5433333333333326,-3.627450980392144,3.2352941176470695,hold_expired,,2.3427700869145,2.3427700869145
002350,2024-12-26,2024-12-26,6.6,2024-12-31,7.6,3,15.151515151515138,14.941515151515137,0.0,22.57575757575756,hold_expired,,4.9142415440845,4.9142415440845
002915,2024-12-26,2024-12-26,13.44,2024-12-31,12.78,3,-4.910714285714279,-5.120714285714279,-5.431547619047605,7.217261904761907,hold_expired,,2.1943392880399,2.1943392880399
002927,2024-12-26,2024-12-26,14.16,2024-12-31,14.79,3,4.449152542372881,4.239152542372881,-1.1299435028248483,10.94632768361583,hold_expired,,2.5343575646023,2.5343575646023
003037,2024-12-26,2024-12-26,6.96,2024-12-31,7.37,3,5.890804597701149,5.680804597701149,-1.5804597701149392,14.798850574712642,hold_expired,,1.0351234361629,1.0351234361629
600712,2024-12-26,2024-12-26,6.45,2024-12-31,7.23,3,12.09302325581396,11.88302325581396,-0.46511627906977715,22.170542635658897,hold_expired,,6.3647687659775,6.3647687659775
603207,2024-12-26,2024-12-26,29.0,2024-12-31,27.259999999999998,3,-6.000000000000005,-6.210000000000005,-7.517241379310347,7.413793103448274,stop_loss,,1.0,1.0
603350,2024-12-26,2024-12-26,35.71,2024-12-31,36.5,3,2.2122654718566226,2.0022654718566226,0.0,14.729767572108642,hold_expired,,1.0,1.0
603366,2024-12-26,2024-12-26,14.68,2024-12-27,12.87,1,-12.32970027247956,-12.53970027247956,-17.029972752043598,1.8392370572207106,stop_loss,,2.544890890173,2.544890890173
603767,2024-12-26,2024-12-26,12.59,2024-12-31,11.834599999999998,3,-6.000000000000005,-6.210000000000005,-6.751389992057188,5.2422557585385166,stop_loss,,1.6846191688197,1.6846191688197
