decision_date,code,baseline_score,impulse_return_pct,recent_gain_10_pct,yin_volume_ratio,yin_body_pct,yin_close_location,impulse_body_retained,opening_gap_pct,opening_position_60,nearest_ma_distance_pct,index_return_20_pct,breadth_above_ma20,breadth_advancing,feature_complete,missing_features,label_status,label_available_date,label_available_at,net_return_pct,execution_reason,entry_date,exit_date,training_label_eligible
2024-01-02,002347,33.8057,9.930313590856631,10.314685305592919,2.55891951426998,-0.31397173345717455,0.4848484871833162,1.0634920656061193,-2.3622047559381576,0.8201058199278692,1.2740934175078156,-1.4864418279005198,0.4597663854639844,0.7579493835171967,True,,closed,2024-01-05,2024-01-05T15:00:00+08:00,-1.6616129032257962,closed,2024-01-02,2024-01-05,True
2024-01-02,605389,16.6594,10.012515644411657,7.369706839784884,2.0352256272348472,-2.3357664214836538,0.3222222223499396,1.1625000010057707,-0.22421524403641868,0.722342733519729,6.8769514080947225,-1.4864418279005198,0.4597663854639844,0.7579493835171967,True,,closed,2024-01-05,2024-01-05T15:00:00+08:00,-3.2062546816479474,closed,2024-01-02,2024-01-05,True
2024-01-03,000705,18.9706,10.000000016087496,11.122448976588428,3.032772490510281,-2.8520499126727494,0.0,1.0095238086891567,-1.926605497720768,0.6838235294914946,3.1853281925201316,-2.1324583007960918,0.563919532770928,0.5924724205061648,True,,closed,2024-01-08,2024-01-08T15:00:00+08:00,3.4382694106641623,closed,2024-01-03,2024-01-08,True
2024-01-03,001339,14.1176,10.016000002321125,15.214477240617153,2.688068009024492,-12.489927467660921,0.052419354871180365,-1.4657534197856181,3.2535297606748115,0.7647058824288799,10.331256135391609,-2.1324583007960918,0.563919532770928,0.5924724205061648,True,,closed,2024-01-09,2024-01-09T15:00:00+08:00,16.912473246135537,closed,2024-01-03,2024-01-09,True
2024-01-03,002529,21.1268,9.973980914420144,14.959202220480993,2.773191243500032,-3.8132295557648077,0.10891089123999806,0.15789474430365105,-0.8090614965319376,0.6478873234093202,6.312868528812743,-2.1324583007960918,0.563919532770928,0.5924724205061648,True,,closed,2024-01-08,2024-01-08T15:00:00+08:00,3.7051712887439017,closed,2024-01-03,2024-01-08,True
2024-01-03,601166,78.4365,9.972862946511917,13.277428368386701,2.050829341751581,-0.6032171551018539,0.35294117510929957,0.06756756812434998,-0.5394470684112251,0.32921810728570117,0.13577732627458872,-2.1324583007960918,0.563919532770928,0.5924724205061648,True,,closed,2024-01-08,2024-01-08T15:00:00+08:00,-0.5489830508474633,closed,2024-01-03,2024-01-08,True
2024-01-03,603711,14.4231,10.012836979548467,22.25392298959983,2.747868637441356,-4.761904779904869,0.2589285693276223,0.5221238886454846,-1.0240963725284158,0.7596153846153849,3.5547712064215142,-2.1324583007960918,0.563919532770928,0.5924724205061648,True,,closed,2024-01-08,2024-01-08T15:00:00+08:00,-2.58370663420573,closed,2024-01-03,2024-01-08,True
2024-01-04,000678,12.8276,10.04636784287738,7.067669168615343,3.8377989696652053,-2.657342648907468,0.1428571437738693,0.7499999991226636,-0.14367815535577533,0.7862068970858455,4.542719614413593,-0.4702059979547868,0.5653584171261758,0.45799545896853716,True,,closed,2024-01-09,2024-01-09T15:00:00+08:00,-1.361079136690658,closed,2024-01-04,2024-01-09,True
2024-01-04,600592,17.8218,9.991311908213941,9.991311908213941,4.845577146530198,-2.4371667920873086,0.40707964717687883,1.1315789476364042,-1.95160031809255,0.7029702971055718,3.0437279531467354,-0.4702059979547868,0.5653584171261758,0.45799545896853716,True,,closed,2024-01-05,2024-01-05T15:00:00+08:00,-6.210000000000005,closed,2024-01-04,2024-01-05,True
2024-01-04,603261,21.8824,9.997068310081314,14.77516061539137,2.4381672773115866,-8.205128208251766,0.015384615759444392,0.4819277106997,0.2793295883187774,0.635294116879894,3.4880368835025655,-0.4702059979547868,0.5653584171261758,0.45799545896853716,True,,closed,2024-01-09,2024-01-09T15:00:00+08:00,2.2969637883008422,closed,2024-01-04,2024-01-09,True
2024-01-04,603586,32.4627,9.999999994657728,9.248913731032093,3.5707718240792765,-4.634282527673594,0.07627118594957286,0.6770186342658404,-0.2927400669969993,0.45895522381712567,3.841463387048716,-0.4702059979547868,0.5653584171261758,0.45799545896853716,True,,closed,2024-01-09,2024-01-09T15:00:00+08:00,2.4323957721667613,closed,2024-01-04,2024-01-09,True
2024-01-05,600088,14.1799,9.985835711800606,1.9028871528777858,5.431808921926354,-5.764705889903087,0.2999999996044247,4.499999940663646,-2.2471910125954397,0.7636684300551702,8.055890970719059,-1.5456533390124316,0.5494648070061628,0.37204022056438535,True,,closed,2024-01-10,2024-01-10T15:00:00+08:00,-6.209999999999995,closed,2024-01-05,2024-01-10,True
2024-01-05,605488,38.3265,10.017678238101047,2.4136039623895877,3.3686552875998044,-7.66129032655769,0.02325581474722846,0.7033898295247164,-3.0021834129546177,0.5735963575566233,2.044332131573645,-1.5456533390124316,0.5494648070061628,0.37204022056438535,True,,closed,2024-01-08,2024-01-08T15:00:00+08:00,-10.677079347214393,closed,2024-01-05,2024-01-08,True
2024-01-08,000635,50.1234,9.956709961867283,16.781609179578936,4.429647115792022,-9.350393696948366,0.04040404006709401,-94.00001651200145,-4.4516829424884214,0.3761467892965777,2.0480854763384904,-1.8332595166075882,0.41620745542949755,0.11247974068071313,True,,closed,2024-01-11,2024-01-11T15:00:00+08:00,7.176363636363624,closed,2024-01-08,2024-01-11,True
2024-01-08,002780,16.2978,9.984756102579407,6.809770570194007,3.947475595031005,-2.8093645471227724,0.14649681456082303,1.0751879682777095,-0.06882311950969777,0.7283702216218172,6.969205834012593,-1.8332595166075882,0.41620745542949755,0.11247974068071313,True,,closed,2024-01-11,2024-01-11T15:00:00+08:00,-0.7609641873278181,closed,2024-01-08,2024-01-11,True
2024-01-08,002888,60.6947,10.007818610208519,19.897741809216328,3.9299226650803094,-3.3101045263839723,0.19597989957817608,0.025000005991258664,-9.98198197755591,0.653310104647612,0.008005755458284636,-1.8332595166075882,0.41620745542949755,0.11247974068071313,True,,closed,2024-01-09,2024-01-09T15:00:00+08:00,-10.218006405124104,closed,2024-01-08,2024-01-09,True
2024-01-08,603048,58.9962,10.021668451133037,9.665226790828063,2.3694763202941735,-5.8095238138650025,0.24766355084732322,0.7253886001184741,-2.0222446851166587,0.4680511183354901,0.9690528283727629,-1.8332595166075882,0.41620745542949755,0.11247974068071313,True,,closed,2024-01-11,2024-01-11T15:00:00+08:00,-7.330743034055721,closed,2024-01-08,2024-01-11,True
2024-01-08,603390,53.8461,10.020040075426518,10.57401820937105,3.52633579972509,-4.121863795181991,0.17721518530910452,0.7254901947566516,-1.4018691953415763,0.3529411761630718,1.873310114655613,-1.8332595166075882,0.41620745542949755,0.11247974068071313,True,,closed,2024-01-11,2024-01-11T15:00:00+08:00,2.064881516587657,closed,2024-01-08,2024-01-11,True
2024-01-08,603908,37.8165,9.991673595002215,7.398373984610784,2.1315042139978013,-3.6972704729614225,0.17515923388205998,0.7722222211613101,-0.48956453249752174,0.49289099527353175,2.445753096693948,-1.8332595166075882,0.41620745542949755,0.11247974068071313,True,,closed,2024-01-11,2024-01-11T15:00:00+08:00,4.6579440704298305,closed,2024-01-08,2024-01-11,True
2024-01-09,000590,45.3145,10.000000016675825,12.417582417629248,4.313308727935851,-7.466666662806764,0.32800000034739074,1.2045454542450569,-5.57156581141548,0.5670731705082707,1.5495867720680456,-3.335998460932932,0.24700162074554294,0.08525121555915721,True,,closed,2024-01-10,2024-01-10T15:00:00+08:00,-6.210000000000016,closed,2024-01-09,2024-01-10,True
2024-01-09,603709,53.2175,9.989429192364675,12.18328840993934,2.174780678941711,-10.36269429635901,0.04878048628766609,0.05820105742865397,-0.4203888703616432,0.5155172410705345,1.188862259550716,-3.335998460932932,0.24700162074554294,0.08525121555915721,True,,closed,2024-01-10,2024-01-10T15:00:00+08:00,-6.210000000000005,closed,2024-01-09,2024-01-10,True
2024-01-10,600234,67.325,10.026041666666675,-6.31929046563191,3.275286788270884,-1.764705882352946,0.1515151515151507,0.8591549295774634,-0.11976047904190823,0.5125628140703518,0.14409221902018654,-3.7127553952311154,0.319935170178282,0.6794165316045381,True,,closed,2024-01-15,2024-01-15T15:00:00+08:00,-0.8095203836930418,closed,2024-01-10,2024-01-15,True
2024-01-10,600775,64.3016,10.009267827080048,5.8876003384515485,3.4035104996379437,-0.3336113675626584,0.27710843106566785,1.0975609741917243,-2.9288702974178182,0.3824662814151417,0.9562841660337495,-3.7127553952311154,0.319935170178282,0.6794165316045381,True,,closed,2024-01-15,2024-01-15T15:00:00+08:00,1.772758620689662,closed,2024-01-10,2024-01-15,True
2024-01-10,605303,61.5619,10.016155094348921,13.216957672175035,5.844958944676269,-12.950600766586417,0.015228429096389811,0.5503875968403674,-1.53374232737149,0.5223214296255302,0.5324146695513843,-3.7127553952311154,0.319935170178282,0.6794165316045381,True,,closed,2024-01-11,2024-01-11T15:00:00+08:00,-6.907819314641739,closed,2024-01-10,2024-01-11,True
2024-01-11,002058,66.1505,10.03134795754075,3.9230199685402534,2.0510412080296136,-3.347578338410151,0.13698630310094279,0.6356589151318456,0.2947678556604272,0.5478424012042622,0.07342145234688902,-4.367744512888539,0.28353856124432925,0.24983797796500323,True,,closed,2024-01-16,2024-01-16T15:00:00+08:00,-2.855113886847905,closed,2024-01-11,2024-01-16,True
2024-01-11,002347,56.2457,9.970238092310257,19.579288017435026,4.573599896000494,-8.616188006282954,0.07377049069288394,0.1521739116015312,-9.999999967309003,0.47413793142499805,1.1479489674032006,-4.367744512888539,0.28353856124432925,0.24983797796500323,True,,closed,2024-01-16,2024-01-16T15:00:00+08:00,-6.210000000000005,closed,2024-01-11,2024-01-16,True
2024-01-11,002527,75.9639,10.043668151439844,3.8105046456688774,3.793966451728261,-2.5515211003917737,0.0,0.8314606714017566,-2.2155085444245937,0.2252964423467531,0.7888727455320099,-4.367744512888539,0.28353856124432925,0.24983797796500323,True,,closed,2024-01-16,2024-01-16T15:00:00+08:00,-3.711544799176115,closed,2024-01-11,2024-01-16,True
2024-01-11,002877,56.5829,10.009910824271962,8.504398846118066,4.143436733438939,-7.718120801449269,0.06201550542069635,0.8989899000462945,-2.8181818282729365,0.5264797503734246,0.8871272213350156,-4.367744512888539,0.28353856124432925,0.24983797796500323,True,,closed,2024-01-16,2024-01-16T15:00:00+08:00,0.444817586529477,closed,2024-01-11,2024-01-16,True
2024-01-11,002887,46.7629,9.977064212992426,15.126050419704518,2.42499411129251,-5.005213752796623,0.18644067836210107,0.392405064395508,-0.10976949327411445,0.7100591716298096,0.7975188258632748,-4.367744512888539,0.28353856124432925,0.24983797796500323,True,,closed,2024-01-16,2024-01-16T15:00:00+08:00,-0.31989010989010946,closed,2024-01-11,2024-01-16,True
2024-01-11,600506,42.4263,9.978917774834839,17.404351116790483,3.2520834207544795,-7.059545746618056,0.03361344410054494,0.5749999971730962,0.39630117410429655,0.5546558703094255,1.822079286166467,-4.367744512888539,0.28353856124432925,0.24983797796500323,True,,closed,2024-01-16,2024-01-16T15:00:00+08:00,-6.210000000000005,closed,2024-01-11,2024-01-16,True
2024-01-11,603211,66.3651,10.021668516951943,12.147984574017068,4.152165150293677,-10.810810798485848,0.10266159808077373,0.5227272713132087,-1.7462763359143096,0.38311688284104134,0.7985895260884779,-4.367744512888539,0.28353856124432925,0.24983797796500323,True,,closed,2024-01-16,2024-01-16T15:00:00+08:00,9.774317825405141,closed,2024-01-11,2024-01-16,True
2024-01-11,603389,36.433,9.955423481949044,-6.091370559529707,2.4349442016544405,-5.4616384953756425,0.29999999918567005,0.7868852451356738,-0.550206325647129,0.466183575247442,2.6696961075392878,-4.367744512888539,0.28353856124432925,0.24983797796500323,True,,closed,2024-01-15,2024-01-15T15:00:00+08:00,-6.210000000000005,closed,2024-01-11,2024-01-15,True
2024-01-11,603656,49.9968,10.006626887290526,14.403859393904561,3.275265749390272,-10.28409092201531,0.012048191405914939,0.44137930969700234,-4.939835333827325,0.4865293184051622,1.5608604445549012,-4.367744512888539,0.28353856124432925,0.24983797796500323,True,,closed,2024-01-16,2024-01-16T15:00:00+08:00,10.38293804130581,closed,2024-01-11,2024-01-16,True
2024-01-11,605389,35.3196,9.999999994482621,13.683340205836458,5.594552344860256,-1.0593220458683161,0.3363095237728702,1.2122448983843035,-2.8907922823923737,0.5581395351867805,2.3394012375806517,-4.367744512888539,0.28353856124432925,0.24983797796500323,True,,closed,2024-01-16,2024-01-16T15:00:00+08:00,-0.6510143329658278,closed,2024-01-11,2024-01-16,True
2024-01-12,002186,23.1148,9.983361063261032,17.930419260943232,2.522596168918707,-6.5337001418703355,0.049999996633969195,1.3032786867719206,-3.3848417870768754,0.6147540982098886,5.580572530430117,-2.194114740451769,0.40233236151603496,0.8062844185293165,True,,closed,2024-01-17,2024-01-17T15:00:00+08:00,-0.4384843869002295,closed,2024-01-12,2024-01-17,True
2024-01-12,600628,26.0571,9.95850623526955,14.71861471604754,2.416211988338745,-5.02450981450645,0.13414634118837995,0.7014925368099143,-0.6451612839935006,0.5657142858015101,3.885590943300943,-2.194114740451769,0.40233236151603496,0.8062844185293165,True,,closed,2024-01-17,2024-01-17T15:00:00+08:00,-6.210000000000005,closed,2024-01-12,2024-01-17,True
2024-01-12,603085,50.2603,9.969167535881041,9.072375128052412,2.6067756451627164,-1.4883720778729903,0.5538461578012978,0.8888888888888892,-1.8885741339169315,0.37280701782878517,2.0528435369902898,-2.194114740451769,0.40233236151603496,0.8062844185293165,True,,closed,2024-01-15,2024-01-15T15:00:00+08:00,-6.210000000000005,closed,2024-01-12,2024-01-15,True
2024-01-15,000032,68.4652,9.999999995584652,-9.726443773549331,2.3829073261376665,-4.047490558688526,0.03797468220717412,0.9480519478106617,-0.5061867227372452,0.20185614855798092,1.4567561378595384,-2.0226052547103746,0.3959818535320804,0.3347375243033052,True,,closed,2024-01-18,2024-01-18T15:00:00+08:00,0.29876201243641454,closed,2024-01-15,2024-01-18,True
2024-01-15,000628,33.2357,10.000000007037336,-8.435754158527454,2.5169429011227042,-10.510688872783957,0.1531100481109444,0.0682352909305909,-2.2340189841414393,0.4711779449799509,2.8870237376931285,-2.0226052547103746,0.3959818535320804,0.3347375243033052,True,,closed,2024-01-18,2024-01-18T15:00:00+08:00,17.21081447963799,closed,2024-01-15,2024-01-18,True
2024-01-15,002599,60.057,9.954058215245398,10.631741172403597,4.215997527092879,-6.578947368421051,0.03773584692279286,0.8805970132722247,-0.704225332012498,0.33948339535861516,1.4680483697760982,-2.0226052547103746,0.3959818535320804,0.3347375243033052,True,,closed,2024-01-18,2024-01-18T15:00:00+08:00,-7.160354609929077,closed,2024-01-15,2024-01-18,True
2024-01-15,003029,29.8574,9.994900537105543,13.705851310443663,4.006872626231072,-2.50109695588564,0.11971830854099783,1.3631284952455096,-2.025202504241441,0.5023771800475374,4.432505059423342,-2.0226052547103746,0.3959818535320804,0.3347375243033052,True,,closed,2024-01-18,2024-01-18T15:00:00+08:00,-0.3478043178686394,closed,2024-01-15,2024-01-18,True
2024-01-15,003032,77.9379,9.99999999287271,16.755117474094927,2.366327011044927,-2.818706005793903,0.05376343543790529,0.8257575742113665,-1.1206328207089111,0.3528773064653789,0.06671113405507523,-2.0226052547103746,0.3959818535320804,0.3347375243033052,True,,closed,2024-01-18,2024-01-18T15:00:00+08:00,-9.009999999999998,closed,2024-01-15,2024-01-18,True
2024-01-15,603877,30.2203,9.994353509514253,20.024645748789393,2.281194041223759,-4.7500000035885055,0.36702127609679336,0.561224487148362,-5.511810998533906,0.496328928547517,3.472062569762202,-2.0226052547103746,0.3959818535320804,0.3347375243033052,True,,closed,2024-01-18,2024-01-18T15:00:00+08:00,-8.154444444444444,closed,2024-01-15,2024-01-18,True
2024-01-15,605365,61.9854,10.000000019431376,24.787294372162094,2.949337758712465,-6.939655197648897,0.003816795096197091,0.8127853868313738,-2.779064364566586,0.6187648457907059,0.06665396408747082,-2.0226052547103746,0.3959818535320804,0.3347375243033052,True,,closed,2024-01-17,2024-01-17T15:00:00+08:00,-6.210000000000005,closed,2024-01-15,2024-01-17,True
2024-01-16,001212,18.9142,10.021052603821179,10.53299490967392,2.3693846153846154,-3.636363627196071,0.05140187041170046,0.925581396426716,0.8856372631549592,0.6847635719918275,6.426192206431569,-1.8144862028183328,0.398250162022035,0.4426441996111471,True,,closed,2024-01-19,2024-01-19T15:00:00+08:00,5.706030534351147,closed,2024-01-16,2024-01-19,True
2024-01-16,002651,32.6146,10.044977490483875,7.6246333938439825,2.590106162724109,-5.220883562658541,0.08695651871844154,0.6119402971547815,-0.5649717315203695,0.5400000001917534,2.6239067058110077,-1.8144862028183328,0.398250162022035,0.4426441996111471,True,,closed,2024-01-17,2024-01-17T15:00:00+08:00,-6.210000000000016,closed,2024-01-16,2024-01-17,True
2024-01-16,003022,27.2093,9.976798150425958,3.606557403036814,2.455470410636195,-1.8372703436924875,0.05599999778742434,0.8194444414724414,-0.4812833967124508,0.5465116278053607,4.480125773735111,-1.8144862028183328,0.398250162022035,0.4426441996111471,True,,closed,2024-01-19,2024-01-19T15:00:00+08:00,-1.3384255776464302,closed,2024-01-16,2024-01-19,True
2024-01-16,603109,21.6726,9.999999999999986,12.625628127506605,4.233988412714386,-1.4054053811612177,0.13953488646172965,1.205298016949357,-3.0153508956747843,0.6387900355016152,4.476730450453004,-1.8144862028183328,0.398250162022035,0.4426441996111471,True,,closed,2024-01-18,2024-01-18T15:00:00+08:00,-6.210000000000005,closed,2024-01-16,2024-01-18,True
2024-01-17,001209,25.9689,9.999999985285314,14.237855957725486,3.030664710877789,-6.393982131512477,0.11336032473900247,0.692737431683799,-0.5524862115789619,0.6439628480348768,2.6545001959797476,-0.855718476130285,0.3545042125729099,0.29261179520414776,True,,closed,2024-01-18,2024-01-18T15:00:00+08:00,-6.210000000000005,closed,2024-01-17,2024-01-18,True
2024-01-17,603192,20.8183,10.010266945368462,9.058524167559213,4.224596583620282,-1.8034265258338622,0.20444444271600626,1.1794871800577187,-1.5151515101207824,0.6530278230313827,5.56102362980595,-0.855718476130285,0.3545042125729099,0.29261179520414776,True,,closed,2024-01-18,2024-01-18T15:00:00+08:00,-6.9699067599067535,closed,2024-01-17,2024-01-18,True
2024-01-17,603213,18.5965,9.982014354469083,13.345690460213099,2.914590037619544,-1.3396375080546807,0.3450704217488158,1.247863250793235,-1.0383386479714596,0.6900584801063452,7.124329940719032,-0.855718476130285,0.3545042125729099,0.29261179520414776,True,,closed,2024-01-22,2024-01-22T15:00:00+08:00,-6.210000000000005,closed,2024-01-17,2024-01-22,True
2024-01-17,603656,17.7568,9.973924359349716,6.435331206060524,3.2214653253372583,-4.979965648396279,0.23577235666251767,0.8014705892610012,0.0,0.7317073167837908,2.875557756731406,-0.855718476130285,0.3545042125729099,0.29261179520414776,True,,closed,2024-01-18,2024-01-18T15:00:00+08:00,-6.210000000000005,closed,2024-01-17,2024-01-18,True
2024-01-18,002097,20.1156,10.032362463716105,9.854604199737027,2.78303470934701,-2.9535865193334288,0.06451612743905558,1.1449275341737393,0.0,0.6647398839497062,5.828220846025878,-3.14810165801801,0.19876982842343802,0.05503399158303658,True,,closed,2024-01-22,2024-01-22T15:00:00+08:00,-5.427391304347818,closed,2024-01-18,2024-01-22,True
2024-01-18,603026,50.9523,10.011834302753941,4.755465402718206,2.012869574334242,-6.3475546384542785,0.0,0.6442307690376424,0.0,0.3289280464161907,2.198401155037333,-3.14810165801801,0.19876982842343802,0.05503399158303658,True,,closed,2024-01-22,2024-01-22T15:00:00+08:00,-6.209999999999995,closed,2024-01-18,2024-01-22,True
2024-01-18,605303,68.0949,9.992069771532286,9.384858035452748,3.4423594731678806,-2.549162394682003,0.43023256277460087,0.6016260176197078,-2.7653214014479954,0.47043010662092183,0.2759466542160194,-3.14810165801801,0.19876982842343802,0.05503399158303658,True,,closed,2024-01-23,2024-01-23T15:00:00+08:00,-21.27072252113759,closed,2024-01-18,2024-01-23,True
2024-01-19,000037,33.0649,10.011918949560862,6.828703709927275,2.1039769277474196,-2.9411764722239386,0.30666666645488866,0.45762711849740473,-0.22446688065123066,0.6823529411058084,1.9495412888708596,-0.6906136827210418,0.16235446313065977,0.26358344113842175,True,,closed,2024-01-24,2024-01-24T15:00:00+08:00,6.876614173228334,closed,2024-01-19,2024-01-24,True
2024-01-19,002090,41.8653,10.0310237856559,6.613226440507081,2.5189635648389155,-1.0536398502938527,0.7441860460465268,0.6630434785860004,-1.9361084135290474,0.689024391024067,1.2594962114492736,-0.6906136827210418,0.16235446313065977,0.26358344113842175,True,,closed,2024-01-23,2024-01-23T15:00:00+08:00,-16.59696939782822,closed,2024-01-19,2024-01-23,True
2024-01-19,002614,25.317,9.974747472319766,14.154652693512059,2.6605286967780963,-4.47928332409977,0.028985507325352967,0.7721518981919542,-1.5240328286813654,0.6135265699035206,2.840352587829864,-0.6906136827210418,0.16235446313065977,0.26358344113842175,True,,closed,2024-01-22,2024-01-22T15:00:00+08:00,-6.210000000000005,closed,2024-01-19,2024-01-22,True
2024-01-19,603610,20.3571,10.024252213451245,11.832374682591041,2.249504536771729,-3.0478955103981575,0.29139072732360644,0.7983870957277165,-0.5239520828357436,0.6607142857560008,3.8605814365630042,-0.6906136827210418,0.16235446313065977,0.26358344113842175,True,,closed,2024-01-22,2024-01-22T15:00:00+08:00,-6.210000000000005,closed,2024-01-19,2024-01-22,True
2024-01-19,605155,61.3309,10.000000013122046,9.650793650018507,3.2168441250611384,-8.947368415345814,0.4076655053432006,1.0205479450766146,-4.624277441733138,0.41314554005746695,1.041028788980758,-0.6906136827210418,0.16235446313065977,0.26358344113842175,True,,closed,2024-01-23,2024-01-23T15:00:00+08:00,-15.058484848484845,closed,2024-01-19,2024-01-23,True
2024-01-22,001212,56.5676,9.99999997659149,17.41828711217186,2.1243558914462386,-9.195026175496523,0.17595307962685033,0.734177215310836,-2.630630639326259,0.5719467954592695,0.6836727325061798,-1.8341754556617351,0.14193339799547364,0.19430973165211768,True,,closed,2024-01-23,2024-01-23T15:00:00+08:00,-6.945751295336801,closed,2024-01-22,2024-01-23,True
2024-01-22,002333,73.8508,10.013908195494103,23.20872272388954,3.137082168320028,-17.35632184092717,0.0,0.13253012215974985,-10.013908195494103,0.21478873256100134,0.9946442053699989,-1.8341754556617351,0.14193339799547364,0.19430973165211768,True,,closed,2024-01-23,2024-01-23T15:00:00+08:00,-10.256367851622873,closed,2024-01-22,2024-01-23,True
2024-01-22,603213,46.2355,9.974204662542551,11.605584659634527,2.069213131654254,-4.04440919429695,0.2054794496043143,0.36697247635764546,-0.33057852106106456,0.5442622939388941,1.583156538818442,-1.8341754556617351,0.14193339799547364,0.19430973165211768,True,,closed,2024-01-23,2024-01-23T15:00:00+08:00,-11.40402985074627,closed,2024-01-22,2024-01-23,True
2024-01-22,603276,47.9245,10.000000000000009,6.5478496706702805,2.212916513424053,-7.777777777777784,0.059760956175298204,-1.0,-3.654618473895588,0.20125786163521978,6.402403339705831,-1.8341754556617351,0.14193339799547364,0.19430973165211768,True,,closed,2024-01-23,2024-01-23T15:00:00+08:00,-6.210000000000016,closed,2024-01-22,2024-01-23,True
2024-01-22,603679,56.2929,10.027662518840042,6.92204299502357,2.0383197455181277,-10.285714257399558,0.22413793182036754,0.8531468571460183,-10.000000040413482,0.06178489643081585,3.5988402062228197,-1.8341754556617351,0.14193339799547364,0.19430973165211768,True,,closed,2024-01-24,2024-01-24T15:00:00+08:00,-11.95805378627034,closed,2024-01-22,2024-01-24,True
2024-01-23,000635,77.3453,10.020242929279032,18.023887093744516,2.178802088529715,-7.314814824158022,0.05917159649999955,-0.3437500016124976,-4.395604377719165,0.36363636388732967,0.06273526699864806,-3.545637277405078,0.05747497578301582,0.025185663545366485,True,,closed,2024-01-24,2024-01-24T15:00:00+08:00,-10.659320794148387,closed,2024-01-23,2024-01-24,True
2024-01-23,002033,42.8448,9.963547981516573,10.097323598744158,2.551201424870466,-5.000000002762572,0.0860215052962788,0.8518518520101709,-0.895856661805039,0.5694444443887856,1.7241379308286398,-3.545637277405078,0.05747497578301582,0.025185663545366485,True,,closed,2024-01-26,2024-01-26T15:00:00+08:00,2.614858757062132,closed,2024-01-23,2024-01-26,True
2024-01-23,002571,42.3729,9.984399393636156,5.538922172452132,2.56094802629799,-10.939691433405708,0.0,-0.0937499985438611,-2.0472440856132312,0.2937853110279624,5.175699360670361,-3.545637277405078,0.05747497578301582,0.025185663545366485,True,,closed,2024-01-26,2024-01-26T15:00:00+08:00,6.863954983922848,closed,2024-01-23,2024-01-26,True
2024-01-23,603083,39.1182,9.994222986759604,14.217156570012568,2.8287328053189413,-7.9341317452064075,0.0,-1.070175437074724,-0.5962059566392841,0.34802939270463285,5.367479138170372,-3.545637277405078,0.05747497578301582,0.025185663545366485,True,,closed,2024-01-26,2024-01-26T15:00:00+08:00,18.43776444929117,closed,2024-01-23,2024-01-26,True
2024-01-23,603600,71.3836,9.991235757689898,11.258865245817296,3.0297809404306966,-2.7885360273474546,0.3076923070173789,1.0,-9.96015935301936,0.4543478263299602,0.10166643919273799,-3.545637277405078,0.05747497578301582,0.025185663545366485,True,,closed,2024-01-26,2024-01-26T15:00:00+08:00,7.400619469026569,closed,2024-01-23,2024-01-26,True
2024-01-24,000020,65.6446,10.014409201906771,23.743922170975317,2.784400199706492,-2.126328967673108,0.4575471689421961,1.3064516133356423,-9.392971237251558,0.46653144004088,0.4772599632159924,-3.450924300310898,0.06838709677419355,0.58,True,,closed,2024-02-02,2024-02-02T15:00:00+08:00,5.854880112834992,closed,2024-01-24,2024-02-02,True
2024-01-25,000936,32.107,10.067114100462483,8.465608465818963,5.09260518819897,-4.878048782521005,0.2786885251155538,1.5066666665062582,-0.11655011381276337,0.46488294321950796,8.481012664916921,-1.4341056126853102,0.12318606900999678,0.8329571106094809,True,,closed,2024-01-30,2024-01-30T15:00:00+08:00,-18.179661610268372,closed,2024-01-25,2024-01-30,True
2024-01-25,601886,48.6238,9.9290780678301,-2.8213165772610904,6.945996705107084,-1.9726858810108716,0.6176470608364827,9.66666675285091,0.0,0.4855491335051838,1.668240482588601,-1.4341056126853102,0.12318606900999678,0.8329571106094809,True,,closed,2024-01-30,2024-01-30T15:00:00+08:00,-0.05520123839011329,closed,2024-01-25,2024-01-30,True
2024-01-26,600689,32.5909,10.00944287041985,2.8243601126691775,6.421518863302302,-4.3681747521617575,0.348837205859974,1.938461533847922,-2.039151699680819,0.4568181818510584,5.712525314214045,0.1966815901295993,0.2560464366333441,0.9480812641083521,True,,closed,2024-01-31,2024-01-31T15:00:00+08:00,-2.6246544546211457,closed,2024-01-26,2024-01-31,True
2024-01-29,002051,20.7792,9.972677596274849,3.6036036124811766,2.094556259360119,-0.9638554207870076,0.2307692321176103,1.2328767130471596,0.3649634839001381,0.6536796533346009,6.76847417006976,-2.3639787496998133,0.29510309278350516,0.5151417525773195,True,,closed,2024-02-01,2024-02-01T15:00:00+08:00,-2.6342424242424176,closed,2024-01-29,2024-02-01,True
2024-01-29,002902,83.2389,9.984152157766646,0.5311443671051075,2.766376800670806,-1.4299332866496872,0.017241376462969544,0.9270833316130446,-0.870406174417504,0.2263610318548833,0.23845442379247794,-2.3639787496998133,0.29510309278350516,0.5151417525773195,True,,closed,2024-01-30,2024-01-30T15:00:00+08:00,-7.429512195121958,closed,2024-01-29,2024-01-30,True
2024-01-29,600284,12.8358,9.936908530434074,11.341853041131378,2.060899841952329,-2.3129251402635442,0.28985507467303506,1.3088235289451549,0.835654591705759,0.7860696520750731,12.38745731877675,-2.3639787496998133,0.29510309278350516,0.5151417525773195,True,,closed,2024-01-30,2024-01-30T15:00:00+08:00,-10.154751381215478,closed,2024-01-29,2024-01-30,True
2024-01-29,600345,70.9953,10.012674270545997,-4.088397790819132,3.792526792778537,-3.5752979654948835,0.06666666305182616,1.3013698601960046,-1.6292134800024227,0.3446808509248605,0.6242905907143714,-2.3639787496998133,0.29510309278350516,0.5151417525773195,True,,closed,2024-02-01,2024-02-01T15:00:00+08:00,-6.210000000000016,closed,2024-01-29,2024-02-01,True
2024-01-29,600444,61.9375,9.968847369025235,-6.5519523452072015,2.4348649619542146,-4.5945945823176455,0.04166667022843016,1.0,-0.566572263986298,0.24101969841071103,1.7700972632134104,-2.3639787496998133,0.29510309278350516,0.5151417525773195,True,,closed,2024-01-31,2024-01-31T15:00:00+08:00,-6.210000000000005,closed,2024-01-29,2024-01-31,True
2024-01-29,603112,61.7901,9.990300603888635,-5.57868448045451,2.6254518567203418,-2.8218694201727956,0.0,0.4385965018160832,0.0907440234980017,0.3504531709495003,1.2887059612795126,-2.3639787496998133,0.29510309278350516,0.5151417525773195,True,,closed,2024-01-30,2024-01-30T15:00:00+08:00,-6.210000000000005,closed,2024-01-29,2024-01-30,True
2024-01-29,603682,15.4717,10.09009007831192,-0.6504065063772102,6.059916739363288,-4.248861914061408,0.31707317031963533,1.3448275860009822,-2.0602218671769923,0.7421383647147998,4.879083578877941,-2.3639787496998133,0.29510309278350516,0.5151417525773195,True,,closed,2024-01-30,2024-01-30T15:00:00+08:00,-6.210000000000005,closed,2024-01-29,2024-01-30,True
2024-01-29,605277,78.1195,10.022953356993591,-0.553250324753829,2.29725343163775,-1.7361111007941132,0.09016393459143993,0.8283582070105872,-0.9893992817417319,0.3599182008696995,0.021408687165291873,-2.3639787496998133,0.29510309278350516,0.5151417525773195,True,,closed,2024-01-30,2024-01-30T15:00:00+08:00,-6.210000000000005,closed,2024-01-29,2024-01-30,True
2024-01-30,000014,58.5889,10.041493823903647,16.82819382731726,2.06513847833174,-10.349554509227909,0.04430379650004508,0.8536585333897972,-5.428134561389264,0.45049504881380026,1.07860759519125,-3.7057978321884177,0.21681701030927836,0.11501288659793814,True,,closed,2024-02-02,2024-02-02T15:00:00+08:00,-6.7581002425222145,closed,2024-01-30,2024-02-02,True
2024-01-30,000736,26.7907,9.98990919513112,15.221987332513898,3.6372939079508564,-3.909090897940415,0.10759493689340917,-15.499998683697308,0.09460736606234921,0.5534883719862382,8.113631711946079,-3.7057978321884177,0.21681701030927836,0.11501288659793814,True,,closed,2024-01-31,2024-01-31T15:00:00+08:00,-6.210000000000005,closed,2024-01-30,2024-01-31,True
2024-01-30,000948,83.9813,9.970238107151076,3.646563814287429,2.8702962646892622,-6.877950101289166,0.0,0.21138211498913292,-1.8102824185914024,0.25387596858224803,0.05896227527708575,-3.7057978321884177,0.21681701030927836,0.11501288659793814,True,,closed,2024-01-31,2024-01-31T15:00:00+08:00,-6.210000000000016,closed,2024-01-30,2024-01-31,True
2024-01-30,003003,44.3787,9.961315287148143,-2.986348128568328,2.6322510503427434,-5.540166241542832,0.0,-0.2000000103044757,-2.7370478090073314,0.2603550310596196,3.2101166784761603,-3.7057978321884177,0.21681701030927836,0.11501288659793814,True,,closed,2024-02-01,2024-02-01T15:00:00+08:00,-8.049195979899505,closed,2024-01-30,2024-02-01,True
2024-01-30,603779,73.2678,9.999999976315177,4.994450630422054,3.815420719422289,-12.199807890386516,0.05925925709849325,0.27272727553291154,-2.297592967333828,0.16906474851771053,1.2441249365773954,-3.7057978321884177,0.21681701030927836,0.11501288659793814,True,,closed,2024-01-31,2024-01-31T15:00:00+08:00,-6.210000000000005,closed,2024-01-30,2024-01-31,True
2024-01-30,605286,66.8082,10.022371375141304,-6.216628493843201,2.8564391523141257,-7.171474392152366,0.031088083113455376,-0.4343434310214367,0.04315928642268929,0.16604338065670374,1.7421898119337365,-3.7057978321884177,0.21681701030927836,0.11501288659793814,True,,closed,2024-01-31,2024-01-31T15:00:00+08:00,-6.724236410698871,closed,2024-01-30,2024-01-31,True
2024-01-31,600189,90.8669,10.036719729920307,-1.4254385707028305,2.8155085461308507,-0.4415011204340735,0.265957445489668,1.0303030277392693,-4.323725017655322,0.14964370596862264,0.011586126532958652,-4.1730156817719966,0.1382533032549146,0.04672897196261682,True,,closed,2024-02-01,2024-02-01T15:00:00+08:00,-6.210000000000005,closed,2024-01-31,2024-02-01,True
2024-02-01,000899,79.5608,10.055865890232152,3.4120734690251453,3.195007315911256,-4.071856285342901,0.01492537244130302,1.7222222342245006,-9.987515596361229,0.1906474824504737,0.6750240910938565,-4.82328818336577,0.09023525620367387,0.07186593619078312,True,,closed,2024-02-02,2024-02-02T15:00:00+08:00,-6.210000000000016,closed,2024-02-01,2024-02-02,True
2024-02-01,002333,71.039,10.03344481364814,0.6116207922161276,3.8659754641189883,-7.894736824524296,0.1014492777900681,0.5333333354240201,1.5873015581796102,0.20138888841573602,1.2658227702738278,-4.82328818336577,0.09023525620367387,0.07186593619078312,True,,closed,2024-02-06,2024-02-06T15:00:00+08:00,-22.86625000000001,closed,2024-02-01,2024-02-06,True
2024-02-02,002590,73.5583,10.039761424212855,-4.56896552754883,2.3804559538085104,-4.1964285747303816,0.14598540139195423,0.5072463781945771,-0.18639328578295977,0.13779527593952423,1.3630502793279486,-3.864325979996741,0.0779639175257732,0.1871778350515464,True,,closed,2024-02-06,2024-02-06T15:00:00+08:00,-6.745947712418311,closed,2024-02-02,2024-02-06,True
2024-02-02,600551,89.066,9.989594153172398,5.069582493018254,8.53658161302731,-12.928759891710639,0.022598869847365588,-3.4666666711465655,-1.3131313131570344,0.17995910003483037,0.010236458309909047,-3.864325979996741,0.0779639175257732,0.1871778350515464,True,,closed,2024-02-08,2024-02-08T15:00:00+08:00,-2.5641453428863934,closed,2024-02-02,2024-02-08,True
2024-02-02,603122,57.447,9.971910104454661,3.9840637348795838,3.1486425251492123,-4.737516000027641,0.2884615394996579,0.35000000040331475,-1.7473118252815056,0.3179916318008578,1.7605160543198828,-3.864325979996741,0.0779639175257732,0.1871778350515464,True,,closed,2024-02-06,2024-02-06T15:00:00+08:00,-23.60261285909713,closed,2024-02-02,2024-02-06,True
2024-02-02,603230,82.3571,10.000000007336451,3.4385964893399734,6.019955621733672,-2.7962716914151753,0.3962264134319504,0.8970588215096668,-1.301369830960608,0.18479307036732392,0.4916489596824114,-3.864325979996741,0.0779639175257732,0.1871778350515464,True,,closed,2024-02-08,2024-02-08T15:00:00+08:00,-19.502158223455925,closed,2024-02-02,2024-02-08,True
2024-02-02,603897,66.8971,9.987515583025598,-8.085550352669879,3.3831757454048477,-5.059692975766117,0.37323943882940175,-0.5333333352747746,-1.197604800756713,0.10563380372677048,2.0073642964705596,-3.864325979996741,0.0779639175257732,0.1871778350515464,True,,closed,2024-02-06,2024-02-06T15:00:00+08:00,-14.331212121212124,closed,2024-02-02,2024-02-06,True
2024-02-05,002868,57.4484,9.982068140571588,-28.125000005312494,5.258708084221471,-12.474747463369052,0.21337579609742077,0.3815028893251815,-0.5193306547087384,0.042527338977944314,3.069830214169811,-4.490177708102849,0.06509829197550758,0.08991298743151789,True,,closed,2024-02-06,2024-02-06T15:00:00+08:00,-18.71348027842226,closed,2024-02-05,2024-02-06,True
2024-02-05,603221,60.0,10.046728972122331,-12.534818915600955,6.403231970300814,-15.284715304628016,0.0,-2.4814814832205254,-4.127358493305411,0.0,9.546061417777086,-4.490177708102849,0.06509829197550758,0.08991298743151789,True,,closed,2024-02-07,2024-02-07T15:00:00+08:00,-21.981217712177127,closed,2024-02-05,2024-02-07,True
2024-02-05,603779,90.9292,9.952038338555912,5.767012665298221,3.3758713136729224,-0.21528528136046665,0.554347825525431,1.1190476182778182,-5.5016181545027525,0.13848920796980177,0.05711017986609335,-4.490177708102849,0.06509829197550758,0.08991298743151789,True,,closed,2024-02-06,2024-02-06T15:00:00+08:00,-14.365251141552516,closed,2024-02-05,2024-02-06,True
2024-02-05,603990,51.5362,10.038986335804845,-1.9965277789111946,2.3736696969483253,-1.3286093945392041,0.1354166645483672,0.8760330573484831,-2.423698383246886,0.20292887007437835,2.7216027163325274,-4.490177708102849,0.06509829197550758,0.08991298743151789,True,,closed,2024-02-06,2024-02-06T15:00:00+08:00,-17.13732290708371,closed,2024-02-05,2024-02-06,True
2024-02-06,000029,79.0526,9.980237119855717,5.198487715312616,2.4698705237373146,-6.548672592990434,0.01652892550078239,0.37362637183722625,1.04166670019481,0.2444987778134994,0.4708098139084571,-2.605981151873249,0.059619722848855944,0.0866902997099581,True,,closed,2024-02-19,2024-02-19T15:00:00+08:00,5.6006841611996085,closed,2024-02-06,2024-02-19,True
2024-02-06,600446,69.2384,10.018382348715683,18.514851498145312,2.4518957085000146,-4.8740861145414875,0.02013422560918119,0.7851239658308022,-9.99146028459289,0.29866666576672785,0.9631195770580026,-2.605981151873249,0.059619722848855944,0.0866902997099581,True,,closed,2024-02-19,2024-02-19T15:00:00+08:00,21.706508538899435,closed,2024-02-06,2024-02-19,True
2024-02-06,605218,60.0,10.011848342945262,-6.306760871212013,5.240064620355412,-15.091463410475237,0.0,-0.27397260292291636,-9.994015541155276,0.0,13.553281947901308,-2.605981151873249,0.059619722848855944,0.0866902997099581,True,,closed,2024-02-08,2024-02-08T15:00:00+08:00,-4.132872340425532,closed,2024-02-06,2024-02-08,True
2024-02-08,600060,20.1955,9.634408613826029,27.705410863996182,2.140621623135971,-2.140309188034817,0.38769230589513376,0.6707818928117798,-1.7010935498457447,0.6634078208682644,3.127390175616629,2.029245720873374,0.20952687479884133,0.47891857096878016,True,,closed,2024-02-21,2024-02-21T15:00:00+08:00,-0.1687968685620165,closed,2024-02-08,2024-02-21,True
2024-02-19,000970,53.255,10.050251236315265,-1.6835017302597066,2.4950184417134724,-0.9782608727774478,0.19565217443748706,1.5384615424013908,-1.207464362758881,0.4648241206380433,1.4141641525694748,2.1014834000470772,0.27711618925008047,0.8908915352429997,True,,closed,2024-02-22,2024-02-22T15:00:00+08:00,-0.32111111111109514,closed,2024-02-19,2024-02-22,True
2024-02-19,002402,45.5281,10.030706239354647,-6.521739144232653,2.9836069602831303,-2.2827041423052696,0.21052631429176621,1.5671641819951287,0.17969454301691723,0.4024390249933138,2.274420412190803,2.1014834000470772,0.27711618925008047,0.8908915352429997,True,,closed,2024-02-22,2024-02-22T15:00:00+08:00,8.31017937219729,closed,2024-02-19,2024-02-22,True
2024-02-19,002819,79.134,10.01964636206949,-15.852742315098,2.3210825464795675,-1.8254675053955949,0.6654929575029809,0.7852760751833026,0.18140589896971093,0.16929133877168118,0.8031395531500118,2.1014834000470772,0.27711618925008047,0.8908915352429997,True,,closed,2024-02-22,2024-02-22T15:00:00+08:00,11.333684925305574,closed,2024-02-19,2024-02-22,True
2024-02-19,600259,64.7065,9.99618464931389,0.4529616616424592,2.569625491413201,-6.340521412012579,0.052884617451173344,1.1459459454735001,-1.3745704341554643,0.4248175187184517,0.7353328425371508,2.1014834000470772,0.27711618925008047,0.8908915352429997,True,,closed,2024-02-22,2024-02-22T15:00:00+08:00,1.427630662020917,closed,2024-02-19,2024-02-22,True
2024-02-19,600392,29.5631,9.98751560778226,2.8004667438588315,3.6184911560492328,-1.5657620091178548,0.4468085097336997,1.9538461515995982,-4.453870625112222,0.5072815527835514,3.879633361988355,2.1014834000470772,0.27711618925008047,0.8908915352429997,True,,closed,2024-02-22,2024-02-22T15:00:00+08:00,-0.4319755826859071,closed,2024-02-19,2024-02-22,True
2024-02-19,603178,80.4884,10.019723872681707,-15.689238223226775,2.3525265496264773,-3.840631740221234,0.6057347673662582,0.5278969963370952,0.03732734550701,0.11256464849523033,0.9568296441095914,2.1014834000470772,0.27711618925008047,0.8908915352429997,True,,closed,2024-02-22,2024-02-22T15:00:00+08:00,25.125820895522374,closed,2024-02-19,2024-02-22,True
2024-02-19,603267,49.6317,9.99674374314048,-12.396265564225716,2.553456232332262,-0.14376077959831202,0.43452380880428854,1.3094462529868847,0.0,0.1881043071021156,2.931152010468052,2.1014834000470772,0.27711618925008047,0.8908915352429997,True,,closed,2024-02-22,2024-02-22T15:00:00+08:00,1.8631356176216798,closed,2024-02-19,2024-02-22,True
2024-02-19,603392,66.5696,10.003579116639184,-0.8548387151855796,2.6784076247162862,-2.6674937814071265,0.537396120803185,1.8716216128916614,-2.8043339530635314,0.35251798567149284,0.9209479004711585,2.1014834000470772,0.27711618925008047,0.8908915352429997,True,,closed,2024-02-22,2024-02-22T15:00:00+08:00,10.199836065573752,closed,2024-02-19,2024-02-22,True
2024-02-19,603985,58.719,9.992810930478967,-19.261213721247827,4.746952881281239,-3.3908754554054177,0.7372549023622417,1.2868217059060407,1.3401403980590976,0.09021276599515847,2.690115810251714,2.1014834000470772,0.27711618925008047,0.8908915352429997,True,,closed,2024-02-22,2024-02-22T15:00:00+08:00,12.510403022670012,closed,2024-02-19,2024-02-22,True
2024-02-20,000818,36.7118,9.983079527865812,-4.69208211153952,2.4640971674120844,-3.758865247579035,0.5194805188904342,1.6909090924336565,-1.4738393492566781,0.3881373569030858,5.635332929466763,3.64296334504306,0.32003859761981346,0.7764554519137986,True,,closed,2024-02-23,2024-02-23T15:00:00+08:00,8.129566192969339,closed,2024-02-20,2024-02-23,True
2024-02-20,000880,58.4657,9.969325138627516,-22.318526544908845,2.3281259412461597,-5.076142122449312,0.25454545446256055,1.543859652750233,-0.13368983679350466,0.24907749079368685,1.9942272285116247,3.64296334504306,0.32003859761981346,0.7764554519137986,True,,closed,2024-02-23,2024-02-23T15:00:00+08:00,9.69629183400269,closed,2024-02-20,2024-02-23,True
2024-02-20,002006,40.3373,9.979838711394695,-14.0944881879842,2.6941878695151207,-0.08849556768153466,0.3653846168050059,1.4269662932985452,-0.7971656333640609,0.3277108437459158,4.477611932801895,3.64296334504306,0.32003859761981346,0.7764554519137986,True,,closed,2024-02-23,2024-02-23T15:00:00+08:00,3.807857142857162,closed,2024-02-20,2024-02-23,True
2024-02-20,002312,23.1818,9.967320296786909,5.651491369066264,3.090874221958964,-6.733524339083541,0.09859154781312085,0.29032257564541997,-0.1536098288876908,0.6136363631951559,5.5451814470855565,3.64296334504306,0.32003859761981346,0.7764554519137986,True,,closed,2024-02-23,2024-02-23T15:00:00+08:00,7.789999999999985,closed,2024-02-20,2024-02-23,True
2024-02-20,002625,12.541,9.999999994066599,6.944444438675879,3.5670730104200445,-4.333333348950008,0.3809523798674184,2.113636367111809,-2.4390243882108087,0.7909836066013273,11.416179227117528,3.64296334504306,0.32003859761981346,0.7764554519137986,True,,closed,2024-02-23,2024-02-23T15:00:00+08:00,-0.9242857142857228,closed,2024-02-20,2024-02-23,True
2024-02-20,002669,62.3177,10.055865949374954,-21.980198020622876,2.5430577139488775,-3.5879629442043814,0.30612245459869075,1.8181818174128572,-1.8007203251915072,0.23311897048149494,1.7771374015885577,3.64296334504306,0.32003859761981346,0.7764554519137986,True,,closed,2024-02-23,2024-02-23T15:00:00+08:00,10.670195599022023,closed,2024-02-20,2024-02-23,True
2024-02-20,603301,60.4394,9.97865528140327,-3.466042155743898,2.111316888643707,-4.003724391729513,0.472392638954786,1.005319149287477,-0.4849660629936303,0.4268077599679838,1.0464114194789431,3.64296334504306,0.32003859761981346,0.7764554519137986,True,,closed,2024-02-23,2024-02-23T15:00:00+08:00,2.421578947368407,closed,2024-02-20,2024-02-23,True
2024-02-20,603612,41.7324,9.960937477551823,-12.305295942368065,2.1031967934304427,-3.741496608469319,0.33333333015467453,1.0576923075759308,-0.5300353346085251,0.3044591892140207,3.1891495712277784,3.64296334504306,0.32003859761981346,0.7764554519137986,True,,closed,2024-02-23,2024-02-23T15:00:00+08:00,3.608827708703365,closed,2024-02-20,2024-02-23,True
2024-02-20,605128,39.7934,10.014513794009217,-21.80730349556721,3.3947911703986025,-0.45574477219280096,0.8789808948817484,2.4229249032862077,-1.6867469937783652,0.3367768594521457,6.349702852860584,3.64296334504306,0.32003859761981346,0.7764554519137986,True,,closed,2024-02-23,2024-02-23T15:00:00+08:00,7.90274509803923,closed,2024-02-20,2024-02-23,True
2024-02-20,605338,48.3454,10.000000006326815,-6.563706606035735,2.040176182439386,-1.8823528968089587,0.23000000224096484,0.8470588275076555,-1.2589928138450057,0.26090909098639326,2.700006253624565,3.64296334504306,0.32003859761981346,0.7764554519137986,True,,closed,2024-02-23,2024-02-23T15:00:00+08:00,3.9794353369763105,closed,2024-02-20,2024-02-23,True
2024-02-20,605376,78.5734,9.977064216761832,-15.803336249471167,2.152488262910798,-8.45552295192733,0.15196078653137263,0.7580645153627952,0.42712227508256984,0.26100244527499883,0.4324843959602198,3.64296334504306,0.32003859761981346,0.7764554519137986,True,,closed,2024-02-23,2024-02-23T15:00:00+08:00,6.807543859649145,closed,2024-02-20,2024-02-23,True
2024-02-21,000722,54.6527,9.961190170832012,-7.5081610641201895,2.192256154366442,-0.46565774434698115,0.4666666664679701,1.121951220177078,-2.6900584695637053,0.33778625942638213,1.8810071302441833,3.960291625519674,0.345016077170418,0.637620578778135,True,,closed,2024-02-26,2024-02-26T15:00:00+08:00,3.395769230769229,closed,2024-02-21,2024-02-26,True
2024-02-21,002261,36.448,10.01697794091756,-1.8181817828600066,2.521895737516821,-1.0408921366069857,0.5454545505490375,1.853658528957872,-1.4274981489931116,0.39253393687296,5.495919268468996,3.960291625519674,0.345016077170418,0.637620578778135,True,,closed,2024-02-26,2024-02-26T15:00:00+08:00,10.155853658536572,closed,2024-02-21,2024-02-26,True
2024-02-21,002871,45.583,10.029498554335191,-27.99227798567928,3.9572478289913158,-3.8961039099937866,0.23076922752058532,0.8536585326661187,-1.6216215979603765,0.24028268569574246,5.08083142396647,3.960291625519674,0.345016077170418,0.637620578778135,True,,closed,2024-02-26,2024-02-26T15:00:00+08:00,16.68560439560438,closed,2024-02-21,2024-02-26,True
2024-02-21,002970,50.5083,9.999999995585851,-14.153955311394927,4.025704997353897,-4.89959838391033,0.20958083950725312,0.6623376638936675,-1.3091216318480758,0.27230320699543364,2.4865149233428863,3.960291625519674,0.345016077170418,0.637620578778135,True,,closed,2024-02-26,2024-02-26T15:00:00+08:00,9.973996576807885,closed,2024-02-21,2024-02-26,True
2024-02-21,002996,57.3076,10.060060063228637,-23.00420167862268,5.414959066027225,-4.625000007263747,0.48611111073193225,1.5555555543421837,-0.6553079874813017,0.2842465755649351,1.922818343339161,3.960291625519674,0.345016077170418,0.637620578778135,True,,closed,2024-02-26,2024-02-26T15:00:00+08:00,10.344089709762548,closed,2024-02-21,2024-02-26,True
2024-02-21,603015,64.9422,10.000000000000009,-21.234567922704294,2.1192367943559747,-3.1157269976315405,0.44736842073590916,1.4687500102724382,-1.3782541988906716,0.19812792532403908,1.7377567460649113,3.960291625519674,0.345016077170418,0.637620578778135,True,,closed,2024-02-26,2024-02-26T15:00:00+08:00,20.131614906832283,closed,2024-02-21,2024-02-26,True
2024-02-21,603041,80.6552,10.058479611343717,-23.183673424638563,4.991744947338457,-1.4300306449053113,0.7812499986975604,1.4363636246799905,-1.9689119289140855,0.3059581317130826,0.07405054486120388,3.960291625519674,0.345016077170418,0.637620578778135,True,,closed,2024-02-26,2024-02-26T15:00:00+08:00,11.62932346723042,closed,2024-02-21,2024-02-26,True
2024-02-21,603186,49.8366,9.99412109718012,-30.85735401741987,2.2199121381330156,-3.7688442172945757,0.4901960773434389,1.4835164816940187,-0.8355091499812506,0.1693897965021723,3.028136664265857,3.960291625519674,0.345016077170418,0.637620578778135,True,,closed,2024-02-26,2024-02-26T15:00:00+08:00,17.272885729331232,closed,2024-02-21,2024-02-26,True
2024-02-21,603496,49.8902,10.024570039542912,-13.61882715227497,2.373765580822888,-0.2978723453102683,0.3161290325362087,1.7536231875562611,-2.3047375153131933,0.19999999987809108,2.858234130996218,3.960291625519674,0.345016077170418,0.637620578778135,True,,closed,2024-02-26,2024-02-26T15:00:00+08:00,26.308130187854935,closed,2024-02-21,2024-02-26,True
2024-02-21,603725,60.3806,10.029498524806325,-30.084348636130386,2.8235584560559874,-1.305482972615002,0.5686274507178039,1.196078436361739,0.529100487992018,0.23021582734932367,1.935483876380506,3.960291625519674,0.345016077170418,0.637620578778135,True,,closed,2024-02-26,2024-02-26T15:00:00+08:00,13.34263157894737,closed,2024-02-21,2024-02-26,True
2024-02-21,603991,50.4432,10.000000000000009,-21.04622871560752,4.1031434184675835,-2.121559610215751,0.6354166687385722,1.6926229548010832,-1.493848860390501,0.2337060269334374,2.665079233189571,3.960291625519674,0.345016077170418,0.637620578778135,True,,closed,2024-02-26,2024-02-26T15:00:00+08:00,7.431986321736538,closed,2024-02-21,2024-02-26,True
2024-02-21,605068,60.5238,9.999999993789066,-10.026385220655277,3.417166147206905,-3.6342321092870944,0.1827957004830302,0.33695652401392734,-0.7299270008877978,0.20073529444139063,2.057407305790915,3.960291625519674,0.345016077170418,0.637620578778135,True,,closed,2024-02-26,2024-02-26T15:00:00+08:00,8.245882352941168,closed,2024-02-21,2024-02-26,True
2024-02-22,002290,37.9949,9.977324261199927,-14.762741657601442,2.2236656841947173,-1.0956175252876288,0.32999999909664984,1.5749999915310922,-1.913393741292413,0.366751268962793,7.765151514483204,4.725866709322002,0.4192926045016077,0.7762057877813505,True,,closed,2024-02-27,2024-02-27T15:00:00+08:00,17.757145790554404,closed,2024-02-22,2024-02-27,True
2024-02-22,002771,69.8271,9.994121120766831,-5.409504547393529,5.725444048100614,-0.6842105288950573,0.5273437500513535,1.1322314047798927,2.86168520262291,0.28495403961246774,0.9806726753388118,4.725866709322002,0.4192926045016077,0.7762057877813505,True,,closed,2024-02-27,2024-02-27T15:00:00+08:00,16.6369860896445,closed,2024-02-22,2024-02-27,True
2024-02-22,003005,75.8154,9.985935304188676,-5.820955452391674,5.819597961170609,-6.719999980135816,0.0,0.8906250028159965,-1.2435677736843953,0.27357176040348646,0.582775747726072,4.725866709322002,0.4192926045016077,0.7762057877813505,True,,closed,2024-02-27,2024-02-27T15:00:00+08:00,15.682314372557514,closed,2024-02-22,2024-02-27,True
2024-02-22,600613,68.4575,10.069444464186873,-6.351550939137473,2.0186905207164525,-0.9463722338535097,0.5600000066894341,0.9062500006804852,-1.114649693013181,0.3482142857906665,0.7987220435193065,4.725866709322002,0.4192926045016077,0.7762057877813505,True,,closed,2024-02-27,2024-02-27T15:00:00+08:00,5.587101449275366,closed,2024-02-22,2024-02-27,True
2024-02-22,603038,48.665,9.956709970257705,-10.326566646071289,2.442013811539318,-0.3968254075396249,0.12962962974629613,0.8441558444427377,-0.996015929370131,0.18891687655919776,5.970149259523461,4.725866709322002,0.4192926045016077,0.7762057877813505,True,,closed,2024-02-27,2024-02-27T15:00:00+08:00,12.164245472837052,closed,2024-02-22,2024-02-27,True
2024-02-22,603139,81.5753,10.046083026080321,-27.636363610234792,2.110830122029544,-0.7475082595253868,0.5157894744379619,1.0091743093091827,-0.2510460366054068,0.251008878239571,0.2523128795734131,4.725866709322002,0.4192926045016077,0.7762057877813505,True,,closed,2024-02-27,2024-02-27T15:00:00+08:00,14.890671140939602,closed,2024-02-22,2024-02-27,True
2024-02-26,000586,58.5497,9.950248765138724,-1.7777777735829892,4.304172474125916,-0.856531033493757,0.6935483895074501,1.4999999999999978,-2.2678185915048554,0.3896976482352016,1.355134947633263,6.565825752298915,0.6764138817480719,0.8126606683804627,True,,closed,2024-02-29,2024-02-29T15:00:00+08:00,30.176740331491736,closed,2024-02-26,2024-02-29,True
2024-02-26,002912,24.3843,10.00454751442641,9.457013580145478,2.567962275438566,-4.981132075125405,0.2828282818978177,1.5469613264539892,-0.47656870803055584,0.5935943059320185,9.136834763027046,6.565825752298915,0.6764138817480719,0.8126606683804627,True,,closed,2024-02-29,2024-02-29T15:00:00+08:00,7.930462889066246,closed,2024-02-26,2024-02-29,True
2024-02-26,603860,55.5696,9.996155340858802,-16.927990701479565,2.02294887867391,-6.290322581149743,0.1841004196154856,1.273291928047396,-1.1703958771664413,0.31050056457862624,1.935025743206098,6.565825752298915,0.6764138817480719,0.8126606683804627,True,,closed,2024-02-29,2024-02-29T15:00:00+08:00,6.0247614071752045,closed,2024-02-26,2024-02-29,True
2024-02-26,603917,31.2222,9.968847344645004,6.085649868225196,5.596216546664856,-3.670315485448661,0.5869565252530045,7.999999943671616,-2.005347593945306,0.47962962980464213,10.64150944460025,6.565825752298915,0.6764138817480719,0.8126606683804627,True,,closed,2024-02-28,2024-02-28T15:00:00+08:00,-6.210000000000005,closed,2024-02-26,2024-02-28,True
2024-02-27,002725,34.2216,10.06289307678756,5.548854048977159,4.428663362031481,-0.568181815316593,0.15476190570528506,1.0,-0.914285726554187,0.4296407183200527,4.552306288981356,5.614543626230062,0.8120179948586118,0.6429948586118251,True,,closed,2024-02-29,2024-02-29T15:00:00+08:00,-9.783241061130346,closed,2024-02-27,2024-02-29,True
2024-02-27,002868,43.6756,9.98288647571679,4.7826087218752145,3.671906940523703,-3.812913059470635,0.22377622306681735,0.7583892603401058,-0.5285412151117441,0.2720739221341068,5.163164956024469,5.614543626230062,0.8120179948586118,0.6429948586118251,True,,closed,2024-02-29,2024-02-29T15:00:00+08:00,-6.210000000000016,closed,2024-02-27,2024-02-29,True
2024-02-27,600602,18.342,10.045662109092369,26.97576396576786,2.176068969051439,-3.666666666812912,0.34328358205045717,-1.8823529417837128,0.17301037993993074,0.6943005182320863,6.043956042560827,5.614543626230062,0.8120179948586118,0.6429948586118251,True,,closed,2024-03-01,2024-03-01T15:00:00+08:00,6.871174438687388,closed,2024-02-27,2024-03-01,True
2024-02-27,600783,26.8515,10.000000005937748,15.61561562381495,3.1107739334603286,-3.1171019408660516,0.034188034506846814,0.9473684205345188,-0.5217391218312328,0.552475247701994,5.127733877954421,5.614543626230062,0.8120179948586118,0.6429948586118251,True,,closed,2024-03-01,2024-03-01T15:00:00+08:00,1.1011888111888348,closed,2024-02-27,2024-03-01,True
2024-02-27,603051,34.1575,10.01564945793798,13.15895372193523,2.469161491692948,-2.17159130231257,0.4188481697262452,0.4018691636962792,-1.1280931638130154,0.43070787668860305,6.645209417279929,5.614543626230062,0.8120179948586118,0.6429948586118251,True,,closed,2024-02-28,2024-02-28T15:00:00+08:00,-6.210000000000005,closed,2024-02-27,2024-02-28,True
2024-02-27,603268,27.4105,10.02898551973539,13.313432835620965,2.3106437509422584,-0.7936508016007093,0.17204300929341124,0.8647058820617926,-0.586666657631707,0.5431578948875669,5.90307370049965,5.614543626230062,0.8120179948586118,0.6429948586118251,True,,closed,2024-02-28,2024-02-28T15:00:00+08:00,-6.210000000000005,closed,2024-02-27,2024-02-28,True
2024-02-27,603990,32.3762,9.98098860544605,2.4800708716962827,4.563324319195369,-13.354281215261244,0.07103825180571748,-26.00000016001836,-1.0879419983405136,0.46039603959088843,5.065485344720577,5.614543626230062,0.8120179948586118,0.6429948586118251,True,,closed,2024-03-01,2024-03-01T15:00:00+08:00,2.814747937671868,closed,2024-02-27,2024-03-01,True
2024-02-28,000410,11.4286,9.938837951333701,24.3944637043112,3.5339416714973915,-1.5047879823132493,0.42553191379923117,1.0526315607706833,-1.1111110786006462,0.8095238099509674,6.047065843314514,8.570779725508881,0.9286632390745502,0.9360539845758354,True,,closed,2024-03-04,2024-03-04T15:00:00+08:00,-1.4740449438202083,closed,2024-02-28,2024-03-04,True
2024-02-28,002903,32.81,9.999999996366427,24.90322581901554,3.1621058810375673,-0.25316454564944246,0.1923076953822547,1.7234042599511714,-1.3705583921458375,0.45316622679772983,8.998092661338442,8.570779725508881,0.9286632390745502,0.9360539845758354,True,,closed,2024-02-29,2024-02-29T15:00:00+08:00,-12.562032938754498,closed,2024-02-28,2024-02-29,True
2024-02-28,603331,25.3666,9.990205680325982,23.40659345289746,2.175320258474096,-3.7100949391270954,0.3199999964861966,0.9239130407538583,-0.8064515852897691,0.5772230888562107,6.401384103970864,8.570779725508881,0.9286632390745502,0.9360539845758354,True,,closed,2024-02-29,2024-02-29T15:00:00+08:00,-11.41144534778682,closed,2024-02-28,2024-02-29,True
2024-02-28,603897,26.3448,9.993792658761347,13.735558403248827,2.302909376842933,-1.2686155727757664,0.41304347330634456,1.1153846162462004,-0.7821228974478345,0.5609195399574832,7.065348436822805,8.570779725508881,0.9286632390745502,0.9360539845758354,True,,closed,2024-02-29,2024-02-29T15:00:00+08:00,-10.063603603603601,closed,2024-02-28,2024-02-29,True
2024-02-29,603535,75.8484,10.033444846146434,27.125193223682274,2.97667008694713,-12.05882355083201,0.01913875524545185,-0.1538461585981393,-1.20401337795637,0.33991228045554056,0.2817666255698015,6.755307118062159,0.5774421593830334,0.057519280205655526,True,,closed,2024-03-05,2024-03-05T15:00:00+08:00,1.9565538253216044,closed,2024-02-29,2024-03-05,True
2024-02-29,605068,58.9225,9.999999967366291,28.940397311347322,3.2863194758246723,-11.09999999831528,0.05226481113232567,0.06111111256703799,-1.5185602206926774,0.31766612612733786,1.6513143296069788,6.755307118062159,0.5774421593830334,0.057519280205655526,True,,closed,2024-03-05,2024-03-05T15:00:00+08:00,-1.694865790976586,closed,2024-02-29,2024-03-05,True
2024-03-04,000550,10.2708,10.000000000000009,12.676056344670684,2.418493940113221,-0.6545455270334344,0.3888888841751764,1.3999999964846077,-1.6471449153399487,0.8288201158582921,5.364285165355187,5.82978528645175,0.8695372750642674,0.6134318766066839,True,,closed,2024-03-07,2024-03-07T15:00:00+08:00,-2.7779196129512638,closed,2024-03-04,2024-03-07,True
2024-03-05,002741,39.486,10.008203441429032,14.030612254877251,5.0800068402794745,-8.142857140959459,0.16847825998296884,0.0983606554746582,-1.0108864567315745,0.5996784568539131,1.8400000072541056,6.210531399256292,0.8637532133676092,0.37853470437017994,True,,closed,2024-03-06,2024-03-06T15:00:00+08:00,-6.210000000000005,closed,2024-03-05,2024-03-06,True
2024-03-05,603200,26.2795,10.023446671154645,22.280130290953814,4.079741054253283,-3.5551041187456334,0.17164179008753958,1.2056074751699806,-0.5265929290266369,0.5620078742357797,5.80262127324056,6.210531399256292,0.8637532133676092,0.37853470437017994,True,,closed,2024-03-08,2024-03-08T15:00:00+08:00,-2.803965060878778,closed,2024-03-05,2024-03-08,True
2024-03-05,605277,24.8177,9.983896936082726,20.884955764306177,2.14879853940084,-3.4999999945550586,0.16774193577045646,0.8584905650747934,-0.14803849348331566,0.5863708398464401,4.202070129618307,6.210531399256292,0.8637532133676092,0.37853470437017994,True,,closed,2024-03-08,2024-03-08T15:00:00+08:00,-2.0632246108228345,closed,2024-03-05,2024-03-08,True
2024-03-06,000504,31.3006,9.98702983400781,20.11331442467803,2.4849254742547426,-3.8116591985523196,0.10447760847085713,1.1428571428571437,-0.11655009300421959,0.4783236994273858,3.9039767368409306,7.916379132919293,0.8037263090266624,0.20848056537102475,True,,closed,2024-03-07,2024-03-07T15:00:00+08:00,-6.210000000000016,closed,2024-03-06,2024-03-07,True
2024-03-06,603191,13.8389,9.986130413647798,15.34545454797005,2.833062025911257,-0.9374999839380949,0.050000007018216025,0.9375000232220433,-0.18927444467605747,0.769352290998291,7.109004779840267,7.916379132919293,0.8037263090266624,0.20848056537102475,True,,closed,2024-03-11,2024-03-11T15:00:00+08:00,13.570025284450058,closed,2024-03-06,2024-03-11,True
2024-03-08,001306,45.9151,9.999999999999986,24.75508666164281,2.046995835812017,-7.262493135639769,0.009363295880149275,1.2104430379746833,-3.2568467801628476,0.38149454778704284,2.3396391881733924,9.777094389665585,0.8698586118251928,0.33676092544987146,True,,closed,2024-03-13,2024-03-13T15:00:00+08:00,0.4785998469778221,closed,2024-03-08,2024-03-13,True
2024-03-08,001332,47.2186,10.01558845868007,12.514946174063768,2.0119824974755973,-7.979966596930033,0.02016129128358044,0.7545787560893271,-0.14513790303474217,0.3708847736703713,2.2896223481009947,9.777094389665585,0.8698586118251928,0.33676092544987146,True,,closed,2024-03-13,2024-03-13T15:00:00+08:00,0.22604651162789666,closed,2024-03-08,2024-03-13,True
2024-03-08,001378,40.1022,10.01751313485113,17.905405405405396,2.555355930850002,-7.1692307692307615,0.056390977443609824,0.6050955414012744,0.06629101756712164,0.4259801053247514,2.575428105463451,9.777094389665585,0.8698586118251928,0.33676092544987146,True,,closed,2024-03-13,2024-03-13T15:00:00+08:00,-0.7731003643590704,closed,2024-03-08,2024-03-13,True
2024-03-08,002380,57.8951,10.013262606868034,28.604651161499994,2.3653926358436608,-8.636363640138745,0.039823008592574295,0.6194029838950743,-2.3631840807326276,0.6763005778891598,0.11451838971223705,9.777094389665585,0.8698586118251928,0.33676092544987146,True,,closed,2024-03-13,2024-03-13T15:00:00+08:00,0.3632484076433009,closed,2024-03-08,2024-03-13,True
2024-03-08,002735,36.6447,9.978991569207452,18.171557545684045,2.398051060385053,-2.8169014153968663,0.10377358542505376,0.8928571434154253,-1.0628019388228882,0.3892543858200219,4.255752382661071,9.777094389665585,0.8698586118251928,0.33676092544987146,True,,closed,2024-03-13,2024-03-13T15:00:00+08:00,14.73140625,closed,2024-03-08,2024-03-13,True
2024-03-08,603097,37.3189,9.980525829479102,20.67307693494358,2.417718348662149,-7.323943651050612,0.07614213552615799,1.2303664912034022,-3.2566218285359105,0.37801872830225397,3.167253177093543,9.777094389665585,0.8698586118251928,0.33676092544987146,True,,closed,2024-03-13,2024-03-13T15:00:00+08:00,5.669712746858168,closed,2024-03-08,2024-03-13,True
2024-03-08,605069,38.1979,10.078740164047417,13.84364821362134,3.0928280586220582,-2.3578363413525927,0.30952380909368177,1.084745762057962,-0.14204545345849473,0.36336779922779816,4.055654231319239,9.777094389665585,0.8698586118251928,0.33676092544987146,True,,closed,2024-03-13,2024-03-13T15:00:00+08:00,-0.49449502133713885,closed,2024-03-08,2024-03-13,True
2024-03-11,000551,24.4394,10.047846899024782,17.04834605361738,2.8119675783898987,-6.530612237928901,0.010309278363885134,0.9480519480519467,-1.7467248922691248,0.5926773454738541,4.0462427780975085,10.168688238316005,0.8708226221079691,0.6491002570694088,True,,closed,2024-03-14,2024-03-14T15:00:00+08:00,-4.209999999999981,closed,2024-03-11,2024-03-14,True
2024-03-11,000856,32.6236,10.070921990780635,14.117647098849663,4.5930723705213525,-3.656998774120457,0.09090908996489708,0.8181818153492375,-0.13089002117606663,0.456273764912634,4.951856968435742,10.168688238316005,0.8708226221079691,0.6491002570694088,True,,closed,2024-03-14,2024-03-14T15:00:00+08:00,-3.0933551769331666,closed,2024-03-11,2024-03-14,True
2024-03-11,002972,64.7954,9.964830075462295,16.232961606060936,5.346743909140868,-3.933136670862536,0.45544554013802735,1.951219493276975,-7.881269193206886,0.39246658527486405,0.8742434328869342,10.168688238316005,0.8708226221079691,0.6491002570694088,True,,closed,2024-03-14,2024-03-14T15:00:00+08:00,0.4566666666666599,closed,2024-03-11,2024-03-14,True
2024-03-11,600560,16.0789,9.975961545792034,16.6347992322871,5.033491157783983,-5.13771186986477,0.1558935357814001,-0.2999999971209369,-0.502512560269508,0.7320185614602177,6.349964190759172,10.168688238316005,0.8708226221079691,0.6491002570694088,True,,closed,2024-03-12,2024-03-12T15:00:00+08:00,-6.210000000000005,closed,2024-03-11,2024-03-12,True
2024-03-11,603332,64.5238,10.013531777953787,12.916666711076186,2.253313762619189,-2.2528160216967796,0.49999999394988554,0.5076923031214284,-1.408450651068227,0.25732217591460754,1.5027682644516815,10.168688238316005,0.8708226221079691,0.6491002570694088,True,,closed,2024-03-14,2024-03-14T15:00:00+08:00,-0.4697402597402598,closed,2024-03-11,2024-03-14,True
2024-03-12,000504,29.3064,10.025062655192297,1.1520737325657837,3.4750311771403783,-0.6764374227927084,0.09803921834752864,1.0389610423175117,-0.11350738775237623,0.5115606935970493,3.5781544356491057,12.88314230469727,0.9363753213367609,0.8255141388174807,True,,closed,2024-03-15,2024-03-15T15:00:00+08:00,5.244545454545445,closed,2024-03-12,2024-03-15,True
2024-03-12,001208,20.6484,9.999999998825393,21.578947364116342,2.7754402449160813,-10.72834645256372,0.009090909115370555,0.6909090903546012,-1.764057325014845,0.6558603495873774,6.629966494210504,12.88314230469727,0.9363753213367609,0.8255141388174807,True,,closed,2024-03-14,2024-03-14T15:00:00+08:00,-6.210000000000005,closed,2024-03-12,2024-03-14,True
2024-03-12,002575,6.6307,10.048622353348735,24.358974339085915,2.6889227785969663,-5.756358768007508,0.367647059835821,1.4545454571244274,0.2840909179057549,0.8894878707721704,6.840193714483034,12.88314230469727,0.9363753213367609,0.8255141388174807,True,,closed,2024-03-13,2024-03-13T15:00:00+08:00,-6.210000000000005,closed,2024-03-12,2024-03-13,True
2024-03-12,003004,34.3542,10.00967117881435,10.00967117881435,2.557105113541353,-0.512820497676858,0.4566929142004362,1.256038649614336,-2.706185580748144,0.42743009315038394,4.128356017477497,12.88314230469727,0.9363753213367609,0.8255141388174807,True,,closed,2024-03-15,2024-03-15T15:00:00+08:00,6.015165562913904,closed,2024-03-12,2024-03-15,True
2024-03-12,603051,30.7777,10.019880743470999,-1.6002844879086875,2.64341652440181,-3.254539214942087,0.10000000328325598,1.2415254248252763,0.2124645789592261,0.4870388835665745,6.784393632918828,12.88314230469727,0.9363753213367609,0.8255141388174807,True,,closed,2024-03-15,2024-03-15T15:00:00+08:00,-2.4008127208480676,closed,2024-03-12,2024-03-15,True
2024-03-12,605168,16.5,9.99827021151043,9.298728054857254,2.3465177970463635,-0.17835908863962358,0.1794117573849107,1.697265620943379,-0.23823701359984018,0.7250000002215456,9.825263118811755,12.88314230469727,0.9363753213367609,0.8255141388174807,True,,closed,2024-03-15,2024-03-15T15:00:00+08:00,-0.19507462686565538,closed,2024-03-12,2024-03-15,True
2024-03-13,002346,18.7129,9.956709954256926,9.364908480815014,2.436084992756299,-0.5825242836070887,0.06410256087534333,1.0952380954854417,-1.7578124930926142,0.6881188118491087,4.660840616444606,12.406863844830474,0.9283879254977521,0.6663455362877329,True,,closed,2024-03-18,2024-03-18T15:00:00+08:00,1.678667992047699,closed,2024-03-13,2024-03-18,True
2024-03-13,002407,11.6571,10.023310047294887,6.706857571295233,2.815884742804108,-2.380952388970692,0.22727271789677947,1.2794117582822226,-0.4878048624824882,0.8057142861264907,6.076363095617077,12.406863844830474,0.9283879254977521,0.6663455362877329,True,,closed,2024-03-18,2024-03-18T15:00:00+08:00,1.7507843137255055,closed,2024-03-13,2024-03-18,True
2024-03-13,002715,30.6462,10.019083980260302,7.056638870327903,4.506376711684894,-5.362776029356042,0.40869565077161435,1.886792439861708,-2.749999982751683,0.48923076941679794,7.241315953319272,12.406863844830474,0.9283879254977521,0.6663455362877329,True,,closed,2024-03-18,2024-03-18T15:00:00+08:00,6.559494430162815,closed,2024-03-13,2024-03-18,True
2024-03-13,002850,8.957,10.002817649229168,13.885647564011938,3.008041019754171,-0.7652755746195394,0.4871794893003955,1.8878842736227872,-1.0724183875176152,0.850717080037454,9.554310113196074,12.406863844830474,0.9283879254977521,0.6663455362877329,True,,closed,2024-03-18,2024-03-18T15:00:00+08:00,6.001936662606599,closed,2024-03-13,2024-03-18,True
2024-03-13,603516,4.878,10.000000007332899,29.81981982096982,5.846870968189449,-3.277634968948262,0.7096188747826323,1.581818180428872,-0.33222590752475245,0.9186991871020517,12.1998653649114,12.406863844830474,0.9283879254977521,0.6663455362877329,True,,closed,2024-03-15,2024-03-15T15:00:00+08:00,-6.210000000000005,closed,2024-03-13,2024-03-15,True
2024-03-13,603810,42.747,10.010111238131469,2.0637898817219336,3.8313149161746325,-7.317073174683575,0.07446808548793159,1.1428571435592174,0.27223230656587827,0.28754940746591573,7.073643427087362,12.406863844830474,0.9283879254977521,0.6663455362877329,True,,closed,2024-03-18,2024-03-18T15:00:00+08:00,0.15199095022624307,closed,2024-03-13,2024-03-18,True
2024-03-13,605218,28.3081,10.025316469235923,18.484187573061984,3.349517385742528,-4.949627671317092,0.038461538667838045,0.9599999942728544,-1.2442396310668902,0.5281989083586264,5.317475919278025,12.406863844830474,0.9283879254977521,0.6663455362877329,True,,closed,2024-03-18,2024-03-18T15:00:00+08:00,5.016318245450301,closed,2024-03-13,2024-03-18,True
2024-03-14,603788,24.9448,9.99999999108745,5.095541411850046,2.362273415870031,-6.376811602177568,0.0736842069119238,0.756521737957822,0.0,0.5842541435025639,4.921227858041699,7.871172802301651,0.8754014129736674,0.3985228002569043,True,,closed,2024-03-19,2024-03-19T15:00:00+08:00,3.737368421052633,closed,2024-03-14,2024-03-19,True
2024-03-14,603800,40.5186,10.017969452998932,7.790492958947537,2.119833424967347,-3.9770398004383534,0.1415929197113502,0.5046296277926806,-1.6225448133288745,0.6007359704369428,1.7577952596996127,7.871172802301651,0.8754014129736674,0.3985228002569043,True,,closed,2024-03-19,2024-03-19T15:00:00+08:00,6.994861111111116,closed,2024-03-14,2024-03-19,True
2024-03-14,603982,32.9965,10.0286533253243,4.727272690798445,3.045725353388909,-1.4455782468212552,0.08988763535028448,1.0714285664023897,-0.5176876124211138,0.4500587547289719,7.3756752013681925,7.871172802301651,0.8754014129736674,0.3985228002569043,True,,closed,2024-03-19,2024-03-19T15:00:00+08:00,-0.6436513443191636,closed,2024-03-14,2024-03-19,True
2024-03-15,002772,5.137,9.942363103090713,13.880597060475353,2.706207648570761,-2.214022143442451,0.06382979024588704,1.4999999965348105,2.3899371166730354,0.9143835619091382,12.71116034950106,6.537595367908522,0.838150289017341,0.33236994219653176,True,,closed,2024-03-20,2024-03-20T15:00:00+08:00,2.247002457002444,closed,2024-03-15,2024-03-20,True
2024-03-15,600536,53.3412,10.000000023398737,16.74193548050653,2.4740889546544826,-5.277701029729065,0.1698113213028249,-0.6050420165737433,-1.1668611556525876,0.6304093564047131,0.6625664728486358,6.537595367908522,0.838150289017341,0.33236994219653176,True,,closed,2024-03-20,2024-03-20T15:00:00+08:00,1.029669421487588,closed,2024-03-15,2024-03-20,True
2024-03-18,001229,13.3222,10.013947029924752,29.09983636566924,3.119381827278539,-6.780487812697766,0.06010929012903566,0.6473988426097212,-0.4186289929939635,0.7779632720871456,5.022075051524255,6.094123800495099,0.8814648249277225,0.8201092194025056,True,,closed,2024-03-21,2024-03-21T15:00:00+08:00,0.28921177088807504,closed,2024-03-18,2024-03-21,True
2024-03-18,002755,56.3456,9.989484771462687,16.35150164594399,3.0561751861509943,-2.9325513220474275,0.32857142902693454,-0.12765957421548446,-2.114803599063797,0.557093426106603,0.7671573927480857,6.094123800495099,0.8814648249277225,0.8201092194025056,True,,closed,2024-03-21,2024-03-21T15:00:00+08:00,2.053374485596703,closed,2024-03-18,2024-03-21,True
2024-03-18,600241,30.7714,9.970674474663422,22.54901958427351,2.210427274114343,-1.6688061379591224,0.10606060797765837,1.2253521164624628,-2.088772879567513,0.4871428569383506,4.8657717909972975,6.094123800495099,0.8814648249277225,0.8201092194025056,True,,closed,2024-03-21,2024-03-21T15:00:00+08:00,-3.276666666666673,closed,2024-03-18,2024-03-21,True
2024-03-18,603499,2.4658,9.986595189016567,25.7471264306361,2.757849867413447,-0.11428573088471117,0.7735849043592872,1.7535211228801273,-0.3432494208061021,0.9589041094687992,8.400746731985386,6.094123800495099,0.8814648249277225,0.8201092194025056,True,,closed,2024-03-21,2024-03-21T15:00:00+08:00,15.289425947187139,closed,2024-03-18,2024-03-21,True
2024-03-19,002811,28.1865,9.9431818328922,22.468354476867923,3.5826477187733734,-13.325471702390423,0.0,-8.749999715207085,2.4489795769704115,0.5302245249249251,7.6945080117165165,5.867545995543799,0.912917737789203,0.8441516709511568,True,,closed,2024-03-22,2024-03-22T15:00:00+08:00,-5.654887118193886,closed,2024-03-19,2024-03-22,True
2024-03-19,603219,42.435,9.985207131005147,22.791081755614595,2.5418908205447646,-8.65384613485648,0.10212766219029876,0.2873563274471845,-4.280701792147623,0.6287292815731862,1.4880952143836446,5.867545995543799,0.912917737789203,0.8441516709511568,True,,closed,2024-03-22,2024-03-22T15:00:00+08:00,3.382375366568912,closed,2024-03-19,2024-03-22,True
2024-03-20,002981,25.0854,9.986772454300773,7.881933150745679,3.0063443357107316,-6.124209321037267,0.05999999968305196,0.7540322599808923,-0.15313934599048284,0.5819095481213618,4.206623203012483,4.889567246208726,0.8637532133676092,0.30494858611825193,True,,closed,2024-03-25,2024-03-25T15:00:00+08:00,-4.811226993865026,closed,2024-03-20,2024-03-25,True
2024-03-20,003004,19.9897,10.016625065658502,24.155722328423913,2.3876463479862915,-7.4317317356098584,0.10687023195669475,1.5166666893757599,-2.800597495614021,0.6668375191188932,7.154618786072664,4.889567246208726,0.8637532133676092,0.30494858611825193,True,,closed,2024-03-25,2024-03-25T15:00:00+08:00,-0.7862581636573172,closed,2024-03-20,2024-03-25,True
2024-03-20,600667,6.6667,9.953343694919203,8.269525268245225,2.5067215085805703,-4.657534256564033,0.027777776675164813,0.8253968266569525,0.8620689568887618,0.888888888508678,5.121293794915527,4.889567246208726,0.8637532133676092,0.30494858611825193,True,,closed,2024-03-25,2024-03-25T15:00:00+08:00,-2.6316524216524204,closed,2024-03-20,2024-03-25,True
2024-03-20,603089,19.2086,10.010649601758814,15.677491571993363,2.492117253336559,-5.238095238303364,0.04081632700846589,0.5421686760311534,0.5025125586420653,0.6798561148911679,3.993344427386125,4.889567246208726,0.8637532133676092,0.30494858611825193,True,,closed,2024-03-25,2024-03-25T15:00:00+08:00,-5.309999999999993,closed,2024-03-20,2024-03-25,True
2024-03-20,603122,22.3125,10.075187982357402,11.415525114693438,2.3167768249214777,-8.365019010100717,0.029411764454682698,0.8615384612864488,-0.2766251704094058,0.6281250000472637,4.735618831721511,4.889567246208726,0.8637532133676092,0.30494858611825193,True,,closed,2024-03-25,2024-03-25T15:00:00+08:00,-5.89654646324549,closed,2024-03-20,2024-03-25,True
2024-03-20,603139,27.4457,9.971098231802266,15.829528119909476,2.1275139876001816,-1.6512549441409674,0.31395349008023266,0.742187502135303,-0.6044325327823508,0.5425724633694503,3.583426635284126,4.889567246208726,0.8637532133676092,0.30494858611825193,True,,closed,2024-03-25,2024-03-25T15:00:00+08:00,-0.6829729729729737,closed,2024-03-20,2024-03-25,True
2024-03-20,603928,24.7467,9.990300697803246,18.248175232883113,4.495466276068913,-5.258833152720166,0.06000000378393245,1.2183908043704634,-3.9895923700651426,0.587554269371427,3.5353535491651655,4.889567246208726,0.8637532133676092,0.30494858611825193,True,,closed,2024-03-25,2024-03-25T15:00:00+08:00,-6.210000000000005,closed,2024-03-20,2024-03-25,True
2024-03-21,001366,34.2857,10.016286595520608,26.735459682298334,4.332176249930015,-1.1428571343834126,0.16867470066073642,1.2519084024768743,-1.3005780874292938,0.4285714282993991,8.172315457449187,3.7176105211909727,0.865316618450659,0.7274188363870138,True,,closed,2024-03-26,2024-03-26T15:00:00+08:00,2.5718448023426035,closed,2024-03-21,2024-03-26,True
2024-03-21,002869,13.0031,10.00000001054464,19.67109425633935,3.3808487033698515,-0.36175710213258716,0.4249999993387614,1.2535211268804918,-3.526970943947927,0.7832817341343783,5.430223346965657,3.7176105211909727,0.865316618450659,0.7274188363870138,True,,closed,2024-03-26,2024-03-26T15:00:00+08:00,1.3491397849462397,closed,2024-03-21,2024-03-26,True
2024-03-21,603798,25.1778,9.957173465788305,8.90774125680971,2.188758914681698,-3.15186245594008,0.18390804621389062,0.8375000019610195,0.0,0.5803698439413167,5.515088463882645,3.7176105211909727,0.865316618450659,0.7274188363870138,True,,closed,2024-03-26,2024-03-26T15:00:00+08:00,-0.01276134122287867,closed,2024-03-21,2024-03-26,True
2024-03-21,605138,23.8095,10.082644637341742,17.87610619814273,2.337020132724778,-2.3188405806361057,0.12499999900170776,1.1290322573165765,-0.1483679463620935,0.6031746031947249,7.439335890591536,3.7176105211909727,0.865316618450659,0.7274188363870138,True,,closed,2024-03-22,2024-03-22T15:00:00+08:00,-6.210000000000005,closed,2024-03-21,2024-03-22,True
2024-03-22,002343,9.1882,9.986684419055702,25.722983243410468,2.1844571453987456,-7.810781088086238,0.10126582373560117,1.3243243231836748,-1.431980905231267,0.8468634685485726,5.169340461827843,2.7078807173023023,0.8389585342333655,0.47540983606557374,True,,closed,2024-03-27,2024-03-27T15:00:00+08:00,4.995811138014527,closed,2024-03-22,2024-03-27,True
2024-03-22,002636,19.3679,10.014104340141849,19.631901811351128,4.429595157199598,-9.81087470417894,0.09473684156781466,0.7638888883130963,0.0,0.677200902455428,4.951856938773003,2.7078807173023023,0.8389585342333655,0.47540983606557374,True,,closed,2024-03-26,2024-03-26T15:00:00+08:00,-6.209999999999995,closed,2024-03-22,2024-03-26,True
2024-03-22,002846,21.9863,10.048426155680247,27.13286717945975,2.5495147086378114,-2.6115342469267167,0.24074074139109988,0.8292682922316617,0.0,0.6335616439268087,4.093975345781264,2.7078807173023023,0.8389585342333655,0.47540983606557374,True,,closed,2024-03-27,2024-03-27T15:00:00+08:00,-5.573128491620095,closed,2024-03-22,2024-03-27,True
2024-03-22,002980,20.7057,9.99107938479673,21.83794467577882,2.40963384180281,-1.7004048499372315,0.3873239460395932,0.8311111133267556,-0.12355851034244747,0.6549047282280431,5.480643747339342,2.7078807173023023,0.8389585342333655,0.47540983606557374,True,,closed,2024-03-27,2024-03-27T15:00:00+08:00,7.130206185567011,closed,2024-03-22,2024-03-27,True
2024-03-22,600148,16.6792,10.0000000024975,18.461538457400618,5.164926548704986,-4.833647208815783,0.0,0.8285714281432855,-1.1213720232338908,0.722012578603628,3.4363786987309686,2.7078807173023023,0.8389585342333655,0.47540983606557374,True,,closed,2024-03-27,2024-03-27T15:00:00+08:00,-6.209999999999995,closed,2024-03-22,2024-03-27,True
2024-03-22,600793,16.6987,9.969481219836451,21.460674188195394,2.4579470198675497,-4.932735425014911,0.03478260991046412,0.785714284213026,1.8867924418312754,0.7216890592293047,6.867207583158597,2.7078807173023023,0.8389585342333655,0.47540983606557374,True,,closed,2024-03-27,2024-03-27T15:00:00+08:00,0.9937037037036847,closed,2024-03-22,2024-03-27,True
2024-03-22,603848,30.6549,9.992912861848179,13.533284542178702,2.2110491812747277,-5.834378935093887,0.13194444051062534,0.6249999957879805,-0.7328447280487649,0.7022375219599177,2.0408163585549977,2.7078807173023023,0.8389585342333655,0.47540983606557374,True,,closed,2024-03-27,2024-03-27T15:00:00+08:00,-5.176442953020134,closed,2024-03-22,2024-03-27,True
2024-03-25,600990,10.3024,10.028169010275366,26.244343888912724,2.2460406043230545,-4.785397131063485,0.3686635953034176,0.8662790702868047,-2.0207253928987368,0.8282926829934301,3.3898305065119816,1.5834981497199418,0.6981677917068466,0.17389906782385084,True,,closed,2024-03-26,2024-03-26T15:00:00+08:00,-6.210000000000005,closed,2024-03-25,2024-03-26,True
2024-03-25,603196,32.1834,10.034013573559996,22.654028446727857,2.4021492447583976,-4.499612126407215,0.27777777667137604,0.3999999999999997,-0.24370429550719663,0.7248968364441805,1.8242122717269993,1.5834981497199418,0.6981677917068466,0.17389906782385084,True,,closed,2024-03-26,2024-03-26T15:00:00+08:00,-8.597622149837138,closed,2024-03-25,2024-03-26,True
2024-03-25,603383,25.8565,10.000000001218723,11.206896546200928,2.5646930920723783,-1.9899359580310305,0.4274509805372231,1.081632653510225,-0.5134189029039282,0.5690578160428947,5.053044024904518,1.5834981497199418,0.6981677917068466,0.17389906782385084,True,,closed,2024-03-26,2024-03-26T15:00:00+08:00,-6.210000000000005,closed,2024-03-25,2024-03-26,True
2024-03-26,000156,14.0599,9.974093212667201,17.103448283911547,2.320307503705264,-11.670235506316917,0.0,0.7142857179290507,2.7878787556953943,0.7656675751306975,7.287449390243572,2.096625343614722,0.5356683804627249,0.1706298200514139,True,,closed,2024-03-27,2024-03-27T15:00:00+08:00,-6.210000000000005,closed,2024-03-26,2024-03-27,True
2024-03-26,600250,35.8507,10.022026444100707,20.79806531263355,2.0413396337549736,-5.000000009213945,0.022556391164962417,0.48421052619327787,-0.4210526354993527,0.5302013420561061,2.4252923248732294,2.096625343614722,0.5356683804627249,0.1706298200514139,True,,closed,2024-03-28,2024-03-28T15:00:00+08:00,-8.349534883720946,closed,2024-03-26,2024-03-28,True
2024-03-26,603577,50.5785,9.96354799830248,17.22797922895454,4.614276691775652,-13.654618461214485,0.09933774880414067,0.47674418894297055,-0.46511627389310695,0.3788235296388721,2.0019065991799367,2.096625343614722,0.5356683804627249,0.1706298200514139,True,,closed,2024-03-27,2024-03-27T15:00:00+08:00,-6.210000000000016,closed,2024-03-26,2024-03-27,True
2024-03-27,001206,22.0077,10.007251607866596,25.683512819783317,2.006249734881156,-4.487608858475555,0.24999999910710177,0.35915492915661035,0.3506311448549848,0.6332046331812063,3.097982711865388,1.400943748503125,0.5461266473802636,0.5303760848601736,True,,closed,2024-03-28,2024-03-28T15:00:00+08:00,-8.945150244584202,closed,2024-03-27,2024-03-28,True
2024-03-27,002725,35.7057,10.050251241153418,19.151251378827205,2.230465019908834,-2.619692890030434,0.32743362771040047,0.8229166649011052,-2.3191094505104815,0.8240418116165974,1.1138851517762172,1.400943748503125,0.5461266473802636,0.5303760848601736,True,,closed,2024-03-28,2024-03-28T15:00:00+08:00,-12.935546058879389,closed,2024-03-27,2024-03-28,True
2024-03-27,600793,52.3674,9.97095837563775,25.386313473713074,3.2711382453792757,-7.179487187070666,0.0172413781470016,0.557522121732292,-0.9208102888351055,0.727984344301225,0.2965159329213374,1.400943748503125,0.5461266473802636,0.5303760848601736,True,,closed,2024-04-01,2024-04-01T15:00:00+08:00,-0.9534944237918128,closed,2024-03-27,2024-04-01,True
2024-03-28,002805,42.3412,9.982332139516071,2.2167487592288815,2.2966821785109746,-2.0737327102204994,0.12037037053198224,1.2564102581659984,-9.960784330046623,0.37209302336909134,2.6499894044766825,1.5224070070081641,0.2918675666988107,0.10671809707489553,True,,closed,2024-04-02,2024-04-02T15:00:00+08:00,23.04783972125435,closed,2024-03-28,2024-04-02,True
2024-03-28,002953,54.0175,10.000000004899888,9.698078713819847,3.2168956260855834,-6.786590367270051,0.11764705882352876,0.4957264938147191,-1.0526315804268327,0.6733944954793747,0.41841003368452423,1.5224070070081641,0.2918675666988107,0.10671809707489553,True,,closed,2024-04-02,2024-04-02T15:00:00+08:00,3.424751773049638,closed,2024-03-28,2024-04-02,True
2024-03-28,603192,73.786,10.000000000000009,11.506849328503055,2.110311199611958,-13.100686522641581,0.0,0.3101265802796852,1.579986876035977,0.39071856308817304,0.207819231062234,1.5224070070081641,0.2918675666988107,0.10671809707489553,True,,closed,2024-04-02,2024-04-02T15:00:00+08:00,4.780278677900184,closed,2024-03-28,2024-04-02,True
2024-03-28,603256,48.7606,10.065359485457638,25.484351719692455,2.0411668566397085,-17.339149399588937,0.0,-0.9999999999999959,-6.200527703095915,0.5579399141462574,1.3322231487165381,1.5224070070081641,0.2918675666988107,0.10671809707489553,True,,closed,2024-04-02,2024-04-02T15:00:00+08:00,8.22881856540085,closed,2024-03-28,2024-04-02,True
2024-03-28,605069,64.4013,9.957924293793363,10.73446331304293,2.073274342089077,-7.3710073705951284,0.03571428547233843,0.5999999979766831,-4.244031827969897,0.3914327918588283,0.9084556264297605,1.5224070070081641,0.2918675666988107,0.10671809707489553,True,,closed,2024-04-02,2024-04-02T15:00:00+08:00,12.255373961218828,closed,2024-03-28,2024-04-02,True
2024-03-28,605378,51.8342,10.009813572643234,0.13398841489664637,3.283981699558732,-11.056910575257628,0.07482993104983389,0.7813765168020347,-4.25045703370942,0.389490790821485,1.8597301534836408,1.5224070070081641,0.2918675666988107,0.10671809707489553,True,,closed,2024-04-02,2024-04-02T15:00:00+08:00,22.892625298329335,closed,2024-03-28,2024-04-02,True
2024-03-29,002626,15.3899,10.014836757019218,6.3082437210155495,3.0123000782401426,-1.6560510036884302,0.23008849229531597,1.4518518479993177,-2.849740931195699,0.7435008656305967,5.470397947039607,0.13884768931791136,0.41144326583092256,0.831565413050466,True,,closed,2024-04-03,2024-04-03T15:00:00+08:00,-0.5433333333333299,closed,2024-03-29,2024-04-03,True
2024-03-29,603895,51.5659,10.000000000000009,-0.21701390825671352,3.407723685715375,-7.275603000612396,0.07537688411814572,1.4646464658023837,-0.6396588453949748,0.6511627908221332,0.7023230701656891,0.13884768931791136,0.41144326583092256,0.831565413050466,True,,closed,2024-04-02,2024-04-02T15:00:00+08:00,-6.210000000000005,closed,2024-03-29,2024-04-02,True
2024-04-01,000561,55.9742,10.067114132251787,8.753315644517091,5.691357872858531,-7.995495506276395,0.07792207864557402,0.7499999837514946,-3.1823745140708626,0.7000000000951134,0.1519372158389265,-0.009045159087395227,0.5223544548086201,0.7494371180443873,True,,closed,2024-04-08,2024-04-08T15:00:00+08:00,-6.209999999999995,closed,2024-04-01,2024-04-08,True
2024-04-01,002599,49.835,9.935897416692164,-4.72222223015063,2.0836953072857973,-1.1764706050248597,0.4285714256589538,0.7627118630948696,0.0,0.7230769227841819,0.508525260479864,-0.009045159087395227,0.5223544548086201,0.7494371180443873,True,,closed,2024-04-08,2024-04-08T15:00:00+08:00,-6.210000000000005,closed,2024-04-01,2024-04-08,True
2024-04-01,002636,62.4725,10.04431313320817,11.028315950077872,2.0836901872758444,-2.956989264298049,0.3620689620789117,0.651515150315978,-0.1385041488975336,0.5823927761453578,0.19379846152375313,-0.009045159087395227,0.5223544548086201,0.7494371180443873,True,,closed,2024-04-08,2024-04-08T15:00:00+08:00,-6.210000000000005,closed,2024-04-01,2024-04-08,True
2024-04-01,603232,18.2469,10.008703219847991,8.591065294104382,2.8042819042051805,-4.033485532110892,0.27173913187466464,0.9716981143426483,1.4274385293263414,0.7922948071077628,2.566158772834415,-0.009045159087395227,0.5223544548086201,0.7494371180443873,True,,closed,2024-04-08,2024-04-08T15:00:00+08:00,-6.210000000000005,closed,2024-04-01,2024-04-08,True
2024-04-01,603607,59.9108,10.033898291885679,17.864923764795158,2.0944902122623144,-4.171632908230238,0.030864196690487535,0.8828124998626385,-1.2437810862414023,0.656964657058038,0.05035245787052833,-0.009045159087395227,0.5223544548086201,0.7494371180443873,True,,closed,2024-04-08,2024-04-08T15:00:00+08:00,-3.2326700251889116,closed,2024-04-01,2024-04-08,True
2024-04-01,603992,13.9844,10.024449894885134,6.761565854098905,3.3534406215316315,-3.472222225034227,0.19631901697838597,1.0406976753474317,0.6640841106182238,0.76692708285782,5.854283053150167,-0.009045159087395227,0.5223544548086201,0.7494371180443873,True,,closed,2024-04-08,2024-04-08T15:00:00+08:00,1.3842825728422428,closed,2024-04-01,2024-04-08,True
2024-04-01,605298,49.4925,10.008481780883027,-9.237228825943367,2.6983121796763894,-3.1617647378268443,0.16504854169044406,1.173913041819484,0.0,0.6305732480486813,0.9504828919098873,-0.009045159087395227,0.5223544548086201,0.7494371180443873,True,,closed,2024-04-08,2024-04-08T15:00:00+08:00,4.118018223234609,closed,2024-04-01,2024-04-08,True
2024-04-02,002446,9.5939,9.941520450653929,7.582260349584113,2.37494864978985,-1.1264080078718597,0.27450980399883596,1.6666666666666674,-1.265822788030302,0.8401015226225543,8.968985739901502,1.54702136678877,0.6992602122869089,0.8758443229334191,True,,closed,2024-04-03,2024-04-03T15:00:00+08:00,-6.210000000000005,closed,2024-04-02,2024-04-03,True
2024-04-02,002660,36.0,10.048426191901228,8.472553706040497,5.904488557339739,-1.8867924550468707,0.09859155137091155,1.333333330258444,-1.2820512702816478,0.4000000000839547,6.969205854031069,1.54702136678877,0.6992602122869089,0.8758443229334191,True,,closed,2024-04-09,2024-04-09T15:00:00+08:00,-6.595281385281393,closed,2024-04-02,2024-04-09,True
2024-04-02,600992,30.2717,10.033444816765913,4.361617794721195,3.120728899924989,-4.3692741620521165,0.26190476208528857,1.6029411713742736,-0.5158437723715825,0.49547218629039047,7.552581256226176,1.54702136678877,0.6992602122869089,0.8758443229334191,True,,closed,2024-04-09,2024-04-09T15:00:00+08:00,-0.802592592592589,closed,2024-04-02,2024-04-09,True
2024-04-02,603097,28.0927,10.008741292112733,8.678756475859162,2.429981188515743,-2.1571648487230255,0.08670520122815767,1.09349593411459,0.0,0.531789058746534,4.252175352703524,1.54702136678877,0.6992602122869089,0.8758443229334191,True,,closed,2024-04-08,2024-04-08T15:00:00+08:00,-6.210000000000005,closed,2024-04-02,2024-04-08,True
2024-04-02,603798,19.7155,10.010214485590474,17.70491800811662,2.9100950395351157,-3.6639856780938285,0.4675324696492701,1.011494256237234,0.0,0.6714082507140534,5.335157332306384,1.54702136678877,0.6992602122869089,0.8758443229334191,True,,closed,2024-04-09,2024-04-09T15:00:00+08:00,3.222282003710596,closed,2024-04-02,2024-04-09,True
2024-04-03,002362,20.9302,10.024570024570023,1.2663952962460368,2.4145647099014975,-4.892703862660952,0.16546762589928082,0.849673202614379,1.0830324909747224,0.6511627906976744,3.7661555565849714,0.4252402318431381,0.6736334405144695,0.4887459807073955,True,,closed,2024-04-08,2024-04-08T15:00:00+08:00,-6.210000000000005,closed,2024-04-03,2024-04-08,True
2024-04-03,002725,24.8222,9.970089755289479,12.781186104933816,2.494160480735242,-4.761904750829437,0.16666666666666718,-0.16216215919075613,-0.7547169911374718,0.8222996514759073,1.9379845005963237,0.4252402318431381,0.6736334405144695,0.4887459807073955,True,,closed,2024-04-08,2024-04-08T15:00:00+08:00,-6.210000000000005,closed,2024-04-03,2024-04-08,True
2024-04-03,002778,69.2022,10.024650757340225,17.97356827627525,2.0898244836240134,-5.5918663643445115,0.06486486372802491,0.6776859508403207,-10.000000005344567,0.4696969695944324,0.196195531410559,0.4252402318431381,0.6736334405144695,0.4887459807073955,True,,closed,2024-04-10,2024-04-10T15:00:00+08:00,-6.210000000000005,closed,2024-04-03,2024-04-10,True
2024-04-03,600592,26.6569,10.021097045250915,5.2472250291870415,3.1266147367701276,-1.682243006523021,0.14942528605262112,1.1046511601615463,-0.6653992306011824,0.5557184752062211,6.296409316573293,0.4252402318431381,0.6736334405144695,0.4887459807073955,True,,closed,2024-04-10,2024-04-10T15:00:00+08:00,-6.210000000000005,closed,2024-04-03,2024-04-10,True
2024-04-03,600707,3.2,10.068027209581176,10.068027209581176,6.869453637988708,-2.0833333641017915,0.3461538419229797,1.8222222217876431,1.6548463664365576,0.9466666665571528,12.860892419066406,0.4252402318431381,0.6736334405144695,0.4887459807073955,True,,closed,2024-04-08,2024-04-08T15:00:00+08:00,-6.210000000000005,closed,2024-04-03,2024-04-08,True
2024-04-03,603151,6.1838,10.030165950401848,21.58333339748413,2.402204592264856,-0.26666667738458605,0.49999999999999917,1.2868217011607153,-1.403743307078953,0.8969359330789739,7.774367967286588,0.4252402318431381,0.6736334405144695,0.4887459807073955,True,,closed,2024-04-10,2024-04-10T15:00:00+08:00,-6.210000000000005,closed,2024-04-03,2024-04-10,True
2024-04-03,603408,3.0601,10.015649490498578,19.354838770223726,2.424794369837417,-1.999999975602429,0.5250000002763798,1.2054794508930613,0.7037297439861812,0.9489981779517856,8.359836432962231,0.4252402318431381,0.6736334405144695,0.4887459807073955,True,,closed,2024-04-10,2024-04-10T15:00:00+08:00,4.262396925227096,closed,2024-04-03,2024-04-10,True
2024-04-03,603926,59.5936,10.028116173734647,18.82591092010053,4.024132260019043,-14.820717122086059,0.005235601772780446,-2.0882352888248104,-2.151543510331333,0.6266025641064925,0.21076834334718964,0.4252402318431381,0.6736334405144695,0.4887459807073955,True,,closed,2024-04-09,2024-04-09T15:00:00+08:00,-7.571376673040166,closed,2024-04-03,2024-04-09,True
2024-04-03,603991,23.7675,9.988351767308679,-0.9960681489777468,2.0246734397677795,-4.570707054042078,0.15625000220458785,1.0060240980880273,1.7729557999083045,0.6038756197192957,3.8070689241745503,0.4252402318431381,0.6736334405144695,0.4887459807073955,True,,closed,2024-04-08,2024-04-08T15:00:00+08:00,-6.209999999999995,closed,2024-04-03,2024-04-08,True
2024-04-03,605100,15.6726,10.006853980890407,14.971346688302178,2.141412400421326,-5.555555547459489,0.08148148328233684,0.751515153217078,2.3017902697276993,0.7387892375444133,7.1093854569895365,0.4252402318431381,0.6736334405144695,0.4887459807073955,True,,closed,2024-04-10,2024-04-10T15:00:00+08:00,0.4774999999999965,closed,2024-04-03,2024-04-10,True
2024-04-08,002295,12.7742,10.04184096657228,22.51552792654248,2.1664065460031217,-7.512315289048976,0.057142854047888714,0.5189873407596706,0.0,0.7870967739410557,6.253537063063974,0.47183254070348735,0.6194917980057897,0.4014152460598263,True,,closed,2024-04-09,2024-04-09T15:00:00+08:00,-7.134101198402132,closed,2024-04-08,2024-04-09,True
2024-04-08,002748,60.5633,10.047846907005265,13.02211307764538,2.886353470548572,-4.830421396966633,0.148514852829679,1.0705882326102485,-7.127429792819351,0.579487179934943,0.35005834640573497,0.47183254070348735,0.6194917980057897,0.4014152460598263,True,,closed,2024-04-11,2024-04-11T15:00:00+08:00,-0.6751162790697549,closed,2024-04-08,2024-04-11,True
2024-04-08,603823,30.7129,10.038119445836369,10.318471331984247,4.12185712784641,-1.5401540128010316,0.4368932014812678,1.3972602740663742,-6.8156424264719355,0.597590362017378,2.507374647574556,0.47183254070348735,0.6194917980057897,0.4014152460598263,True,,closed,2024-04-11,2024-04-11T15:00:00+08:00,-6.210000000000005,closed,2024-04-08,2024-04-11,True
2024-04-08,603978,28.1835,9.991941988293584,12.34567901033017,2.3978807096411656,-0.5809731280051134,0.1283783796235414,1.032520325006587,-1.5339664116640672,0.5302752294888562,6.594970731001393,0.47183254070348735,0.6194917980057897,0.4014152460598263,True,,closed,2024-04-09,2024-04-09T15:00:00+08:00,-6.210000000000005,closed,2024-04-08,2024-04-09,True
2024-04-09,002023,27.8375,10.03070622589104,11.398963714566213,2.089497238636418,-5.469462220876087,0.024390237895144294,0.6959999976358343,-1.735776219563634,0.7668918925672545,1.9611767399769109,0.1894767856940538,0.4569131832797428,0.1855305466237942,True,,closed,2024-04-12,2024-04-12T15:00:00+08:00,-6.210000000000005,closed,2024-04-09,2024-04-12,True
2024-04-09,603214,57.5546,10.015174490819746,9.682299547519225,3.2995655913030055,-7.835325357778277,0.07471264350152204,-11.400000668490934,-4.827089326904888,0.44186046542358987,1.195036003442529,0.1894767856940538,0.4569131832797428,0.1855305466237942,True,,closed,2024-04-12,2024-04-12T15:00:00+08:00,1.2283043149129416,closed,2024-04-09,2024-04-12,True
2024-04-09,603216,53.0741,10.000000018623778,10.644531223656873,3.333789359871136,-11.63723917422519,0.12121212050753027,0.6862745085132886,-3.7238873188573773,0.5087719307869334,1.2299664053954773,0.1894767856940538,0.4569131832797428,0.1855305466237942,True,,closed,2024-04-10,2024-04-10T15:00:00+08:00,-6.210000000000005,closed,2024-04-09,2024-04-10,True
2024-04-10,002331,50.0544,10.055096405933494,4.036458337418214,3.158799231801,-3.562653554933537,0.15094339635837464,0.8055555568426063,-1.1464968322494329,0.826697892148668,0.025779829399597,-0.3222366717349656,0.537299035369775,0.7385852090032154,True,,closed,2024-04-16,2024-04-16T15:00:00+08:00,-21.21515463917526,closed,2024-04-10,2024-04-16,True
2024-04-10,002403,66.9379,9.999999960271966,5.816554770685811,2.611180788777603,-2.201257854877947,0.16455696279174115,0.8354430372082589,-2.250803851456018,0.48259860771408625,0.30796303087807786,-0.3222366717349656,0.537299035369775,0.7385852090032154,True,,closed,2024-04-11,2024-04-11T15:00:00+08:00,-6.210000000000005,closed,2024-04-10,2024-04-11,True
2024-04-10,002813,54.5866,10.017452003700011,-0.8805031534263819,3.145203275119504,-5.397210423992016,0.0460992912656827,0.8431372582325951,-2.916666695358161,0.6655428185996696,0.4110587890430839,-0.3222366717349656,0.537299035369775,0.7385852090032154,True,,closed,2024-04-12,2024-04-12T15:00:00+08:00,-6.210000000000005,closed,2024-04-10,2024-04-12,True
2024-04-10,002889,46.4255,9.99539382468242,6.559571636052808,2.3991403942660936,-3.0148619774655216,0.3425925944452887,0.480000000697091,-0.7005253995510108,0.7251655629368369,0.7548408215248381,-0.3222366717349656,0.537299035369775,0.7385852090032154,True,,closed,2024-04-15,2024-04-15T15:00:00+08:00,-6.210000000000005,closed,2024-04-10,2024-04-15,True
2024-04-10,002976,54.6337,10.010725776019047,9.775240814830187,4.20155612305783,-13.293943869443625,0.02597402565209518,-2.0212765750069934,-4.293015333099759,0.6631578947821625,0.4182604703654391,-0.3222366717349656,0.537299035369775,0.7385852090032154,True,,closed,2024-04-11,2024-04-11T15:00:00+08:00,-9.323563545745808,closed,2024-04-10,2024-04-11,True
2024-04-10,003041,46.738,10.029717688720009,12.367223092848544,2.797242024073858,-3.3886583399845627,0.5663716845314948,-0.02439024109460199,-3.364352217592581,0.505897771519642,1.7181130119706345,-0.3222366717349656,0.537299035369775,0.7385852090032154,True,,closed,2024-04-11,2024-04-11T15:00:00+08:00,-6.802592592592606,closed,2024-04-10,2024-04-11,True
2024-04-10,600505,56.1258,10.01177854818489,12.938331301690376,2.4353396227633457,-3.066271016346178,0.2539682560688931,1.4893617044192,-10.000000018230537,0.7211538460987859,0.0453720342200814,-0.3222366717349656,0.537299035369775,0.7385852090032154,True,,closed,2024-04-11,2024-04-11T15:00:00+08:00,-6.210000000000005,closed,2024-04-10,2024-04-11,True
2024-04-10,603110,54.0458,10.030211481579897,-8.950000002989,7.031722157653654,-9.620253166144488,0.16299559491702487,0.4626865693925239,-3.8655462141370056,0.3915857605626984,1.6844276352584342,-0.3222366717349656,0.537299035369775,0.7385852090032154,True,,closed,2024-04-11,2024-04-11T15:00:00+08:00,-6.210000000000005,closed,2024-04-10,2024-04-11,True
2024-04-11,000590,67.2242,9.97229916272746,7.442489865384494,2.4424729299097385,-2.77078087112147,0.2948717932149024,0.7027027012158574,-1.9430051805339854,0.4294573642833046,0.5256241903143888,-2.3557754458852886,0.397427652733119,0.1630225080385852,True,,closed,2024-04-12,2024-04-12T15:00:00+08:00,-6.210000000000005,closed,2024-04-11,2024-04-12,True
2024-04-11,002455,21.847,10.091743132299435,10.701107033768654,2.023671360436066,-4.9180327856113255,0.16666666886124584,0.6491228076984101,4.99999999591354,0.6358839050813947,6.319832407117976,-2.3557754458852886,0.397427652733119,0.1630225080385852,True,,closed,2024-04-16,2024-04-16T15:00:00+08:00,6.029737274220025,closed,2024-04-11,2024-04-16,True
2024-04-11,002805,0.0,9.992542875225553,26.17621897483049,4.481024763438695,-4.262086497785155,0.21698113324985202,1.232558141149085,8.305647828568086,1.0,13.414973560885812,-2.3557754458852886,0.397427652733119,0.1630225080385852,True,,closed,2024-04-12,2024-04-12T15:00:00+08:00,-8.185460122699407,closed,2024-04-11,2024-04-12,True
2024-04-11,002846,52.3457,9.965635756598413,4.575163387080883,3.40721819273918,-1.0923535378154603,0.3333333333333338,1.3999999991571375,-10.040160654805197,0.680733944481654,0.5107706139898749,-2.3557754458852886,0.397427652733119,0.1630225080385852,True,,closed,2024-04-12,2024-04-12T15:00:00+08:00,-6.210000000000016,closed,2024-04-11,2024-04-12,True
2024-04-11,002861,43.5764,9.990009982846804,2.228412221413101,2.424371179117589,-5.704099801384366,0.2424242388373383,0.5425531908262552,-0.756143655781083,0.5372596154301111,1.8141013513671256,-2.3557754458852886,0.397427652733119,0.1630225080385852,True,,closed,2024-04-17,2024-04-17T15:00:00+08:00,-20.400476190476184,closed,2024-04-11,2024-04-17,True
2024-04-11,603200,24.3546,10.02257336557486,18.936066360028626,2.2475348466628424,-5.215074235088812,0.39111111063416704,1.2834224592376802,-1.2048192765143795,0.8204022988264976,1.981593564915407,-2.3557754458852886,0.397427652733119,0.1630225080385852,True,,closed,2024-04-16,2024-04-16T15:00:00+08:00,-19.234390243902435,closed,2024-04-11,2024-04-16,True
2024-04-11,605122,74.6554,10.017730464112717,7.725694442067366,3.1627569222997507,-5.284227398128061,0.11351351291950725,0.47747747588435924,-1.8596787690305594,0.4166666664609656,0.02584647011454333,-2.3557754458852886,0.397427652733119,0.1630225080385852,True,,closed,2024-04-15,2024-04-15T15:00:00+08:00,-6.210000000000005,closed,2024-04-11,2024-04-15,True
2024-04-11,605366,49.704,10.056657224110266,4.576043058427048,4.79977349240579,-11.176470600519394,0.0,0.2413793159318356,0.0,0.5218295219739404,1.4239656140702994,-2.3557754458852886,0.397427652733119,0.1630225080385852,True,,closed,2024-04-15,2024-04-15T15:00:00+08:00,-6.210000000000005,closed,2024-04-11,2024-04-15,True
2024-04-12,000017,30.2021,10.044150101048533,7.667386590712844,2.2891763564839445,-6.382978727832855,0.0,0.6947368426503423,-0.3099173613765438,0.49663137625759657,3.741130932717862,-2.592054357839102,0.4189710610932476,0.5517684887459807,True,,closed,2024-04-17,2024-04-17T15:00:00+08:00,-18.862849740932653,closed,2024-04-12,2024-04-17,True
2024-04-15,001378,28.0289,10.017094017094008,14.438122332859171,2.1945355443669454,-4.711567502265169,0.0,0.8136094674556216,0.6339144215530945,0.5328511151295962,6.457886266094426,-2.7019105851844194,0.3707395498392283,0.2938906752411576,True,,closed,2024-04-17,2024-04-17T15:00:00+08:00,-11.611574803149606,closed,2024-04-15,2024-04-17,True
2024-04-15,600444,55.8953,10.007581532894761,13.625685215625571,3.034197072237752,-5.9210526397756365,0.13089005253770886,0.7162162124120905,-4.475524450473722,0.6993464053379717,0.1607951868410118,-2.7019105851844194,0.3707395498392283,0.2938906752411576,True,,closed,2024-04-17,2024-04-17T15:00:00+08:00,-8.043089311859454,closed,2024-04-15,2024-04-17,True
2024-04-15,603016,59.7178,9.988109392515021,10.712148390277854,4.7864149742828355,-6.5950920045451,0.05882352870476282,0.8630952390049831,-2.84619596181942,0.4085155347449009,1.1828416688699939,-2.7019105851844194,0.3707395498392283,0.2938906752411576,True,,closed,2024-04-17,2024-04-17T15:00:00+08:00,-7.759295774647902,closed,2024-04-15,2024-04-17,True
2024-04-15,603500,39.5059,10.019267849268143,7.230046946988833,2.4654910767670564,-10.771704195680876,0.10067113918180091,0.6981132049527342,-1.081081044904686,0.6336805559792855,1.6854973404643037,-2.7019105851844194,0.3707395498392283,0.2938906752411576,True,,closed,2024-04-17,2024-04-17T15:00:00+08:00,-4.0351366120218515,closed,2024-04-15,2024-04-17,True
2024-04-16,001202,37.2345,10.000000042233047,14.055299580370795,4.497381619707921,-9.542230786356487,0.1630434800571715,0.38805970413857116,-9.978617266131574,0.3794247786462955,7.057178596780133,-0.3690672930919847,0.28369250562881954,0.2853007397877131,True,,closed,2024-04-17,2024-04-17T15:00:00+08:00,-10.18624703087887,closed,2024-04-16,2024-04-17,True
2024-04-16,002828,51.0756,10.040983578035355,20.945945934268686,2.656056433604507,-4.158964862228142,0.04000000060629055,0.6890756322188728,-7.425265213677601,0.6074600353303103,0.935758576114698,-0.3690672930919847,0.28369250562881954,0.2853007397877131,True,,closed,2024-04-19,2024-04-19T15:00:00+08:00,21.56083333333334,closed,2024-04-16,2024-04-19,True
2024-04-16,603320,35.8398,9.983896955160688,13.928273610530617,3.475603579267263,-10.812772151029804,0.0,-0.2924528254532875,-10.008136697948867,0.40266963307517667,12.555344716855899,-0.3690672930919847,0.28369250562881954,0.2853007397877131,True,,closed,2024-04-17,2024-04-17T15:00:00+08:00,-8.709095840867999,closed,2024-04-16,2024-04-17,True
2024-04-16,605378,42.3815,9.985243502897067,2.1937842894648396,2.0906869836371236,-4.5311798848429286,0.2935779807720784,0.4731707308711554,-0.9868421271376326,0.4070155898271068,2.4898186078153417,-0.3690672930919847,0.28369250562881954,0.2853007397877131,True,,closed,2024-04-17,2024-04-17T15:00:00+08:00,-9.844551495016608,closed,2024-04-16,2024-04-17,True
2024-04-17,002987,54.6151,9.986225895641399,3.098773398817678,2.976044239965551,-4.166666656551998,0.41732283451169067,0.6597938170741551,-0.06393862892322133,0.7115384616474378,0.20194249374012596,-1.6492469312965108,0.17754905114184624,0.05628819556127372,True,,closed,2024-04-22,2024-04-22T15:00:00+08:00,2.541119641714639,closed,2024-04-17,2024-04-22,True
2024-04-18,603968,16.3636,10.000000000000009,14.562211980435658,3.2603593821149603,-2.9104477666324846,0.1749999996216967,1.42028985380112,-3.45887778581756,0.7272727275815156,4.318936881062596,-1.0579909466500559,0.26366559485530544,0.9562700964630225,True,,closed,2024-04-23,2024-04-23T15:00:00+08:00,-6.210000000000005,closed,2024-04-18,2024-04-23,True
2024-04-19,001209,65.1459,10.01564949139735,-7.803278658808887,2.2830967115641307,-3.0821917777724472,0.20270269745474573,1.0849056562363932,-0.9187279153310413,0.31467345205243574,1.198026789861173,-0.2188040686152526,0.28640308582449375,0.43201542912246865,True,,closed,2024-04-24,2024-04-24T15:00:00+08:00,0.9312268188302433,closed,2024-04-19,2024-04-24,True
2024-04-19,002334,33.0508,9.167842038879058,-6.181818174227704,2.773778573685874,-3.5961272481712436,0.0,-0.509803921472206,-2.152080347929275,0.4491525428051534,8.0118694392465,-0.2188040686152526,0.28640308582449375,0.43201542912246865,True,,closed,2024-04-24,2024-04-24T15:00:00+08:00,-0.6498826979472137,closed,2024-04-19,2024-04-24,True
2024-04-19,002632,70.7206,9.968354436654735,-20.662100450067722,4.858014228112078,-1.5363128585639596,0.6585365856525851,1.3225806421519435,-0.9929078096614363,0.43083003944035003,0.2572163608018485,-0.2188040686152526,0.28640308582449375,0.43201542912246865,True,,closed,2024-04-24,2024-04-24T15:00:00+08:00,-0.4965329512894088,closed,2024-04-19,2024-04-24,True
2024-04-19,002778,59.4251,10.000000021940814,-21.95668407605933,2.158103575227031,-0.27906976269216344,0.09210525594052213,1.3253011975576925,-0.9328358265787373,0.42227979229845053,1.1428571098095919,-0.2188040686152526,0.28640308582449375,0.43201542912246865,True,,closed,2024-04-24,2024-04-24T15:00:00+08:00,1.7674011299435124,closed,2024-04-19,2024-04-24,True
2024-04-19,002820,70.8158,10.013003927390042,-11.691022965372621,2.3548771762461245,-0.11792449910663638,0.5000000064305364,1.0188679305719541,-0.8264462765744884,0.33401639404618794,0.6857412740578273,-0.2188040686152526,0.28640308582449375,0.43201542912246865,True,,closed,2024-04-24,2024-04-24T15:00:00+08:00,2.5280952380952506,closed,2024-04-19,2024-04-24,True
2024-04-19,002900,39.478,9.999999990107122,27.582845977785286,3.9950531110775285,-14.652777785953152,0.19465648701468038,-0.8604651264662391,-10.008136678301971,0.5639686686280122,2.0012911631191566,-0.2188040686152526,0.28640308582449375,0.43201542912246865,True,,closed,2024-04-22,2024-04-22T15:00:00+08:00,-6.210000000000005,closed,2024-04-19,2024-04-22,True
2024-04-19,003001,68.67,9.999999987404372,-13.483146072424724,7.99506857759285,-4.166666673172237,0.4117647071789627,2.1833333372887096,-0.8695652079465654,0.48148148208621044,0.1830831424697088,-0.2188040686152526,0.28640308582449375,0.43201542912246865,True,,closed,2024-04-24,2024-04-24T15:00:00+08:00,2.1291812865497075,closed,2024-04-19,2024-04-24,True
2024-04-19,603048,78.1151,10.040816352306603,-15.22012576545434,2.9701441899915184,-2.4096385809061927,0.5142857106975758,1.2871287021470135,-1.016702938954861,0.36148648666857564,0.014675685613996237,-0.2188040686152526,0.28640308582449375,0.43201542912246865,True,,closed,2024-04-24,2024-04-24T15:00:00+08:00,3.018173147468816,closed,2024-04-19,2024-04-24,True
2024-04-19,603633,70.3012,9.968354396979517,-15.140415141268292,3.7196973518284993,-6.114130449308464,0.02173913381534333,0.9130434796130944,-0.7235890147804902,0.43037974686982844,0.29069769016549785,-0.2188040686152526,0.28640308582449375,0.43201542912246865,True,,closed,2024-04-22,2024-04-22T15:00:00+08:00,-6.210000000000005,closed,2024-04-19,2024-04-22,True
2024-04-19,605068,87.2195,10.01483685464235,-14.819069482501169,2.8662589344926683,-1.1169513911920337,0.4886363620202708,1.3384615268408506,-1.9933554647265428,0.16469194358881026,0.21742085206757356,-0.2188040686152526,0.28640308582449375,0.43201542912246865,True,,closed,2024-04-24,2024-04-24T15:00:00+08:00,5.8238983050847395,closed,2024-04-19,2024-04-24,True
2024-04-19,605258,74.7107,9.982279998955601,-15.170842824381126,2.293364977814467,-1.3248542475279956,0.4444444455270785,1.0,-0.5370569515167567,0.3975155278712306,0.10787488028818348,-0.2188040686152526,0.28640308582449375,0.43201542912246865,True,,closed,2024-04-24,2024-04-24T15:00:00+08:00,5.945507559395246,closed,2024-04-19,2024-04-24,True
2024-04-19,605398,53.822,10.021436219746182,-19.363707772070903,2.239177657098526,-3.732718899029186,0.32499999979176747,1.2142857140732324,-0.3350885439337814,0.4183460737928332,1.5807962648334728,-0.2188040686152526,0.28640308582449375,0.43201542912246865,True,,closed,2024-04-22,2024-04-22T15:00:00+08:00,-6.210000000000005,closed,2024-04-19,2024-04-22,True
2024-04-22,002956,14.902,10.007942818323379,6.1302681983463225,4.775514515058242,-2.3448276026591275,0.11475409709710807,1.264957262970087,-3.107344617426,0.7516339873190414,3.4456759515336444,-1.2194509709420265,0.2970106075216972,0.35390549662487947,True,,closed,2024-04-24,2024-04-24T15:00:00+08:00,-6.210000000000005,closed,2024-04-22,2024-04-24,True
2024-04-22,003021,55.0613,9.994447530580919,-2.71730234003148,2.195360226182663,-2.6383943138406307,0.335680751045309,1.133333333030521,-3.3915212000276695,0.3519447926314372,1.7866526510079028,-1.2194509709420265,0.2970106075216972,0.35390549662487947,True,,closed,2024-04-25,2024-04-25T15:00:00+08:00,-3.015024952675972,closed,2024-04-22,2024-04-25,True
2024-04-22,600262,38.9024,10.031948903737531,7.692307711002133,3.7023552718467974,-10.601877435678297,0.021352311699031047,-3.68181814301156,-5.497220481973908,0.4880450070195369,2.3861171144302196,-1.2194509709420265,0.2970106075216972,0.35390549662487947,True,,closed,2024-04-25,2024-04-25T15:00:00+08:00,10.247516339869264,closed,2024-04-22,2024-04-25,True
2024-04-22,600379,20.2294,10.024154598360791,2.0156775199069443,4.961919912017125,-7.723169508958117,0.13483145881960715,1.2903225724428933,-2.282608688709886,0.6628440369177674,3.5714285738609908,-1.2194509709420265,0.2970106075216972,0.35390549662487947,True,,closed,2024-04-23,2024-04-23T15:00:00+08:00,-6.210000000000016,closed,2024-04-22,2024-04-23,True
2024-04-22,603076,44.617,9.986684418292825,-2.5943396381341244,2.381509890997174,-10.305343506866638,0.06250000068282623,0.3191489397311714,-1.872340446422871,0.6617502455959232,1.1758511676513317,-1.2194509709420265,0.2970106075216972,0.35390549662487947,True,,closed,2024-04-25,2024-04-25T15:00:00+08:00,18.82729401561145,closed,2024-04-22,2024-04-25,True
2024-04-22,603580,31.7003,10.000000000000009,-13.692307692626793,3.316717935840291,-10.681244743065799,0.03641456547629192,-0.05263157849469859,-9.981167603852592,0.4716622290727124,8.926359905455229,-1.2194509709420265,0.2970106075216972,0.35390549662487947,True,,closed,2024-04-25,2024-04-25T15:00:00+08:00,9.465732217573207,closed,2024-04-22,2024-04-25,True
2024-04-23,000422,10.3911,9.989023011152941,4.483837304555127,3.499774961986822,-2.7857829090857655,0.19354839166186516,1.1098901134219312,-1.1857707844004417,0.8268156416970537,4.591569896436454,-1.4013889625784315,0.2797427652733119,0.30836012861736334,True,,closed,2024-04-26,2024-04-26T15:00:00+08:00,-1.3099999999999898,closed,2024-04-23,2024-04-26,True
2024-04-23,001299,69.5876,10.043668122270756,-16.50099403578529,2.189730489206795,-6.106264869151468,0.11650485436893135,0.3719008264462807,-0.08445945945946276,0.4239130434782608,0.3733242830476824,-1.4013889625784315,0.2797427652733119,0.30836012861736334,True,,closed,2024-04-26,2024-04-26T15:00:00+08:00,4.439196956889279,closed,2024-04-23,2024-04-26,True
2024-04-23,002566,59.279,10.030864151860852,-3.2564450860908534,3.417583794133963,-7.162534447025804,0.11290322372777645,-0.9500000095885106,0.0,0.44380403481306785,1.0569583075029088,-1.4013889625784315,0.2797427652733119,0.30836012861736334,True,,closed,2024-04-26,2024-04-26T15:00:00+08:00,1.5704154302670572,closed,2024-04-23,2024-04-26,True
2024-04-23,002992,72.0084,10.00245761985381,1.5426497276431084,2.049886754713651,-2.7645788280323713,0.02540415743933384,1.0673575121917058,-0.97734340192418,0.40755007714892577,0.26539517266377377,-1.4013889625784315,0.2797427652733119,0.30836012861736334,True,,closed,2024-04-26,2024-04-26T15:00:00+08:00,2.0555899506505373,closed,2024-04-23,2024-04-26,True
2024-04-23,603309,22.9046,10.037878787878785,3.1971580817051537,2.885314621588372,-0.42918454935622075,0.5312499999999994,0.97938144329897,-0.8620689655172487,0.6182572614107883,5.688815366234712,-1.4013889625784315,0.2797427652733119,0.30836012861736334,True,,closed,2024-04-26,2024-04-26T15:00:00+08:00,4.746521739130437,closed,2024-04-23,2024-04-26,True
2024-04-23,603500,31.7284,10.028116206125603,9.107806690881247,4.427536899940192,-0.6683374879971948,0.2911392441225108,1.1456310698225576,-5.6349874113290515,0.7509652507059134,1.741022826243932,-1.4013889625784315,0.2797427652733119,0.30836012861736334,True,,closed,2024-04-26,2024-04-26T15:00:00+08:00,3.3550623885918,closed,2024-04-23,2024-04-26,True
2024-04-23,605169,55.4087,9.987357769878734,-6.852248360731217,4.302288302007774,-8.991228030005427,0.13684210595729565,0.36507936941991176,-0.843373518983348,0.4143763216260735,1.4796547380025782,-1.4013889625784315,0.2797427652733119,0.30836012861736334,True,,closed,2024-04-26,2024-04-26T15:00:00+08:00,1.1265735115431266,closed,2024-04-23,2024-04-26,True
2024-04-24,000777,17.5881,9.999999992571706,27.10510144492908,2.628894197787499,-9.70545632520291,0.032727270271243086,-0.36551724795507756,-2.673796789447036,0.7068645641593208,3.0519223082171143,-1.093849876530395,0.24517374517374518,0.5115830115830116,True,,closed,2024-04-29,2024-04-29T15:00:00+08:00,0.9438461538461498,closed,2024-04-24,2024-04-29,True
2024-04-24,002730,48.9525,10.070921991657734,2.781456979711483,2.067025195065603,-10.131108480350603,0.18867924482697113,0.7105263156416174,-2.122015885976669,0.5702702708005272,1.2623490935215864,-1.093849876530395,0.24517374517374518,0.5115830115830116,True,,closed,2024-04-29,2024-04-29T15:00:00+08:00,3.7195392953929476,closed,2024-04-24,2024-04-29,True
2024-04-24,603848,58.6842,9.970887951693342,2.9291553435904394,2.654562657009559,-1.2933968900666226,0.5540540543887992,0.5307692308776966,-1.6551724216397723,0.6323529410030345,0.2530933580928263,-1.093849876530395,0.24517374517374518,0.5115830115830116,True,,closed,2024-04-29,2024-04-29T15:00:00+08:00,4.839088359046272,closed,2024-04-24,2024-04-29,True
2024-04-25,002805,70.6468,9.97442456547908,-12.54237287171679,2.4867935176973313,-2.1538461782736884,0.26470588011077967,0.7999999979055026,-1.2578616233365314,0.41164241167602067,0.3490955265590845,-0.1174497548473874,0.30244530244530243,0.7651222651222651,True,,closed,2024-04-30,2024-04-30T15:00:00+08:00,1.7008280254777066,closed,2024-04-25,2024-04-30,True
2024-04-25,003023,22.7816,9.973404219425586,2.7329192573157357,3.9993040827147404,-1.8235294373992628,0.08910891110658974,1.4411764769271485,-1.497902916265259,0.6203059811351899,4.460541384198069,-0.1174497548473874,0.30244530244530243,0.7651222651222651,True,,closed,2024-04-30,2024-04-30T15:00:00+08:00,7.089270072992692,closed,2024-04-25,2024-04-30,True
2024-04-25,600855,15.873,9.976247014245377,10.369487464894501,2.2229778007736467,-3.0643513529550637,0.15662650937709602,1.3382352930659802,-3.1612223756845137,0.7354497348966834,8.143092444355737,-0.1174497548473874,0.30244530244530243,0.7651222651222651,True,,closed,2024-04-30,2024-04-30T15:00:00+08:00,-6.210000000000005,closed,2024-04-25,2024-04-30,True
2024-04-25,605169,59.0324,9.999999999999986,1.2195122233545685,3.3053497085761867,-8.814589621603163,0.1869158903583485,0.8555555557489082,-2.444444442382021,0.5823665897458853,0.45191925333152305,-0.1174497548473874,0.30244530244530243,0.7651222651222651,True,,closed,2024-04-26,2024-04-26T15:00:00+08:00,-6.2464464692482915,closed,2024-04-25,2024-04-26,True
2024-04-26,603015,21.5203,10.042432803547419,2.7741083176960224,6.872994276062681,-7.866507749007489,0.07042253394111105,0.8684210548486317,-0.6468305180015954,0.727536232698656,2.6120649539631557,-0.37999326701370073,0.333011583011583,0.5707850707850708,True,,closed,2024-05-06,2024-05-06T15:00:00+08:00,6.560833333333326,closed,2024-04-26,2024-05-06,True
2024-04-26,603110,41.9326,10.021786517471053,-8.514492751330394,2.636623110199349,-7.558488321126299,0.08029197039685822,1.1925925894823655,-2.660609977603978,0.30112359544427963,3.4054873839374666,-0.37999326701370073,0.333011583011583,0.5707850707850708,True,,closed,2024-05-06,2024-05-06T15:00:00+08:00,19.456666666666653,closed,2024-04-26,2024-05-06,True
2024-04-26,605228,47.6408,9.97920996547068,1.2440191028747272,2.9214579370436278,-6.000000019591612,0.17857142419830113,0.7499999997449017,-0.9671180118497991,0.7262969585760969,0.6586060766649249,-0.37999326701370073,0.333011583011583,0.5707850707850708,True,,closed,2024-05-06,2024-05-06T15:00:00+08:00,8.67671875,closed,2024-04-26,2024-05-06,True
2024-04-29,000710,58.8603,10.054347847942147,-4.028435995834179,3.341852589641434,-3.195266245716666,0.1190476239109367,1.7272727201827416,-0.9779951184863633,0.3479381443669377,1.51975682844383,2.3262048191911244,0.426361585562359,0.7315501127940702,True,,closed,2024-05-07,2024-05-07T15:00:00+08:00,13.740617283950616,closed,2024-04-29,2024-05-07,True
2024-04-29,002023,8.3614,10.039761440874706,9.27936820103823,2.574677188283113,-3.5102739281895223,0.14953271770642562,1.2777777913507125,0.0,0.860643185894265,10.123119067796328,2.3262048191911244,0.426361585562359,0.7315501127940702,True,,closed,2024-04-30,2024-04-30T15:00:00+08:00,-6.210000000000005,closed,2024-04-29,2024-04-30,True
2024-04-29,002748,32.8717,10.042432849908177,-9.112149520188396,3.8172945672945673,-4.487179510500516,0.12068964954874778,0.49999999641704257,-0.26845634465116897,0.4521384931522264,3.194444453604195,2.3262048191911244,0.426361585562359,0.7315501127940702,True,,closed,2024-05-07,2024-05-07T15:00:00+08:00,21.458909825033643,closed,2024-04-29,2024-05-07,True
2024-04-29,002996,35.5219,10.012210018554546,-4.046858358764693,5.5531764289506285,-3.3732317722938387,0.4444444448994605,0.7678571433585868,-2.027027028672268,0.6634844862403486,1.8501805020827988,2.3262048191911244,0.426361585562359,0.7315501127940702,True,,closed,2024-05-07,2024-05-07T15:00:00+08:00,6.226781609195408,closed,2024-04-29,2024-05-07,True
2024-04-30,002771,30.2885,10.017371174261779,0.8492568988216709,5.556640060813379,-5.439533746037773,0.050847459507035515,1.9038461494207948,1.1813045608464634,0.49519230766205635,8.028076325103118,2.9238291207097866,0.6640851887705711,0.8273636656986124,True,,closed,2024-05-08,2024-05-08T15:00:00+08:00,-2.341979695431463,closed,2024-04-30,2024-05-08,True
2024-04-30,002979,10.8257,10.011441624053763,15.287769776092652,2.3080232027634753,-3.628447030072368,0.1338028165459404,2.014705890526189,-0.7530120362709503,0.819571865421081,8.817701457711923,2.9238291207097866,0.6640851887705711,0.8273636656986124,True,,closed,2024-05-08,2024-05-08T15:00:00+08:00,0.5993070308548223,closed,2024-04-30,2024-05-08,True
2024-04-30,603220,21.8963,9.985835691138778,8.147632298876628,2.0047622132953222,-2.067901237566505,0.28571428449017255,1.5775862084656314,0.09454772824328828,0.6350617283751685,6.261605622889044,2.9238291207097866,0.6640851887705711,0.8273636656986124,True,,closed,2024-05-08,2024-05-08T15:00:00+08:00,-3.830906801007573,closed,2024-04-30,2024-05-08,True
2024-04-30,603348,10.214,9.98829495356448,11.027963758395298,3.9327266912812164,-1.8989487755642243,0.05882353371157387,1.8043478345369965,0.0,0.829766537254899,9.244014809103241,2.9238291207097866,0.6640851887705711,0.8273636656986124,True,,closed,2024-05-08,2024-05-08T15:00:00+08:00,10.50552022122364,closed,2024-04-30,2024-05-08,True
2024-04-30,605333,6.1622,10.00816993935807,13.485040015009652,2.33225286776266,-1.1071428564318309,0.21693121620666414,1.4042553194869114,-0.14445649398755478,0.8972972971482343,9.081584334809012,2.9238291207097866,0.6640851887705711,0.8273636656986124,True,,closed,2024-05-08,2024-05-08T15:00:00+08:00,9.229421338155518,closed,2024-04-30,2024-05-08,True
2024-05-06,000668,52.0451,9.984639032628518,-2.8493893837900464,2.6348975477812653,-3.1999999778816846,0.25301204906910135,1.1851851848251302,1.6528925321039,0.3826366556703901,1.874750711562645,1.8914573182521766,0.6177806619078521,0.3796236210253082,True,,closed,2024-05-09,2024-05-09T15:00:00+08:00,5.345555555555558,closed,2024-05-06,2024-05-09,True
2024-05-06,002009,19.7581,9.985096871288789,11.987860391936023,2.67298084797085,-2.199999996197488,0.37662337712312155,-8.00000055555962,-0.06816632150673518,0.6706976745069013,7.6674500643081345,1.8914573182521766,0.6177806619078521,0.3796236210253082,True,,closed,2024-05-09,2024-05-09T15:00:00+08:00,-1.6424693042292002,closed,2024-05-06,2024-05-09,True
2024-05-06,002633,40.6909,10.084033608807296,-5.619596531531867,2.188235088821415,-6.294706694425523,0.16455696166750292,1.0,1.06870229932301,0.3218181816787888,4.186339321002075,1.8914573182521766,0.6177806619078521,0.3796236210253082,True,,closed,2024-05-09,2024-05-09T15:00:00+08:00,10.666132930513593,closed,2024-05-06,2024-05-09,True
2024-05-06,603068,25.7232,10.005104649438845,12.88632791642874,2.388459250446163,-6.2831858353823105,0.08974358820467081,0.7612903223755338,0.4721435489020154,0.5712799170703321,6.293706317459935,1.8914573182521766,0.6177806619078521,0.3796236210253082,True,,closed,2024-05-09,2024-05-09T15:00:00+08:00,0.11894736842106199,closed,2024-05-06,2024-05-09,True
2024-05-06,605288,44.0167,10.008434060924621,13.783076467899802,2.2433693067495883,-1.2401055359269275,0.6594202907294267,0.5156695167451243,-1.1488111220377517,0.6224677716280612,1.3976431904308972,1.8914573182521766,0.6177806619078521,0.3796236210253082,True,,closed,2024-05-09,2024-05-09T15:00:00+08:00,-1.0478378378378403,closed,2024-05-06,2024-05-09,True
2024-05-07,002365,12.0,10.01335113820967,29.153605010459295,2.2991040260646964,-0.7142857185473694,0.17021276582398895,1.204081636091033,-1.5587530010774175,0.8000000000000002,6.623376629323485,1.7307038204807057,0.7697048329549141,0.8569575089198832,True,,closed,2024-05-10,2024-05-10T15:00:00+08:00,-1.4280267965895441,closed,2024-05-07,2024-05-10,True
2024-05-07,603365,4.8462,9.97610511193161,7.159487774232187,2.123434794609922,-1.6171100471983002,0.4430379813563184,1.4945055029193233,0.1060445030873769,0.9192307686265695,6.2943362071063325,1.7307038204807057,0.7697048329549141,0.8569575089198832,True,,closed,2024-05-10,2024-05-10T15:00:00+08:00,-3.5468644067796493,closed,2024-05-07,2024-05-10,True
2024-05-08,002910,44.4265,10.026385224172586,14.876033069061956,2.839104765689308,-9.111111109064673,0.09174311893777744,0.7499999996191153,-2.6894865542284707,0.574572127093316,1.5824400168424457,2.187631609226859,0.8057087252675965,0.5348686344469672,True,,closed,2024-05-13,2024-05-13T15:00:00+08:00,-6.210000000000005,closed,2024-05-08,2024-05-13,True
2024-05-08,002968,26.9676,10.044150098320227,11.896745226000016,2.144720464682087,-1.2060301560110287,0.6829268260280144,0.7846153848302515,-1.5259410036811083,0.5844444442815602,2.847428805357155,2.187631609226859,0.8057087252675965,0.5348686344469672,True,,closed,2024-05-13,2024-05-13T15:00:00+08:00,4.128842975206614,closed,2024-05-08,2024-05-13,True
2024-05-08,600223,19.5308,10.012674234449271,7.558859987847888,3.193628496653783,-3.6343612466349873,0.13461538694058292,1.1750000042570514,-0.8000000138920216,0.6744868033568509,3.7037036856198524,2.187631609226859,0.8057087252675965,0.5348686344469672,True,,closed,2024-05-13,2024-05-13T15:00:00+08:00,-1.5924884792626668,closed,2024-05-08,2024-05-13,True
2024-05-08,603219,5.7439,9.986504700279465,17.435158516366567,2.4820030349013655,-3.730445239007174,0.44642857142857156,0.790209790209791,-1.3124999971919071,0.9042675895398901,3.094802813662745,2.187631609226859,0.8057087252675965,0.5348686344469672,True,,closed,2024-05-13,2024-05-13T15:00:00+08:00,2.006592780240667,closed,2024-05-08,2024-05-13,True
2024-05-08,603968,7.4497,9.983361063998109,1.6141429605115665,2.3528036446712717,-0.3663003564462697,0.36170212638086613,1.4130434780701675,-1.029411760647958,0.8758389263040004,5.552070270684384,2.187631609226859,0.8057087252675965,0.5348686344469672,True,,closed,2024-05-13,2024-05-13T15:00:00+08:00,0.9044130757800852,closed,2024-05-08,2024-05-13,True
2024-05-08,605298,27.039,9.966777385837178,16.344463980914846,3.6190071675073003,-7.318840607740396,0.12173912800191022,-6.500000792181353,0.07818612225918287,0.5912951168329803,2.811245009499208,2.187631609226859,0.8057087252675965,0.5348686344469672,True,,closed,2024-05-13,2024-05-13T15:00:00+08:00,-6.209999999999995,closed,2024-05-08,2024-05-13,True
2024-05-09,603261,23.7922,10.014471786123336,17.31481483837698,2.8992668828422388,-5.823095819594382,0.11567164248007403,1.1063122910696985,-0.5739629626309029,0.6300333030059323,2.8804362418631824,1.7495360590256803,0.7228172671210646,0.17007465108730932,True,,closed,2024-05-13,2024-05-13T15:00:00+08:00,-6.210000000000005,closed,2024-05-09,2024-05-13,True
2024-05-13,001316,14.6486,10.00329055449669,19.86375043720676,3.2366957030964056,-7.288550444409148,0.1545741316605764,1.2095238105046415,-3.1974185930921495,0.7558569665739969,3.5781544366526807,3.7580441077043725,0.7887735236859182,0.32900713822193384,True,,closed,2024-05-16,2024-05-16T15:00:00+08:00,3.9415151515151505,closed,2024-05-13,2024-05-16,True
2024-05-13,002805,33.7484,10.039525671526551,18.6700767219244,3.8687659708298936,-1.6759776538151416,0.016000003106559187,2.142857171709906,-0.7812500028763658,0.5582120583801035,2.456912369174935,3.7580441077043725,0.7887735236859182,0.32900713822193384,True,,closed,2024-05-15,2024-05-15T15:00:00+08:00,-6.210000000000005,closed,2024-05-13,2024-05-15,True
2024-05-13,603655,13.3555,10.031347957972647,28.102189826500656,3.2576378101021515,-8.374116357437478,0.09941520761420046,0.4852941197567738,0.8902077056847757,0.8343265793150731,2.7438655781898857,3.7580441077043725,0.7887735236859182,0.32900713822193384,True,,closed,2024-05-16,2024-05-16T15:00:00+08:00,1.6723529411764906,closed,2024-05-13,2024-05-16,True
2024-05-15,002851,4.6829,10.000000007456444,23.16602316142964,2.2350938838256287,-0.9992313588694568,0.2948717959735961,1.3157894745827043,1.7857142776197765,0.9219512193269592,11.073455898909401,4.36042571224331,0.7338526452450503,0.6540084388185654,True,,closed,2024-05-20,2024-05-20T15:00:00+08:00,-0.515110602593428,closed,2024-05-15,2024-05-20,True
2024-05-16,000957,10.9177,10.04830918522519,24.480874332754432,2.2781512478776316,-5.088852991919857,0.5298507458983347,2.8947368383129763,-4.425531909397362,0.8180379747486664,7.258834768210365,4.321747929061148,0.6792207792207792,0.2564935064935065,True,,closed,2024-05-17,2024-05-17T15:00:00+08:00,-6.210000000000005,closed,2024-05-16,2024-05-17,True
2024-05-16,001300,21.2903,10.023866342212596,16.41414139637023,2.5414810782984993,-5.02717390707208,0.13207546868638778,1.1190476196118417,1.1444921648199102,0.6451612908523701,6.379777345014936,4.321747929061148,0.6792207792207792,0.2564935064935065,True,,closed,2024-05-21,2024-05-21T15:00:00+08:00,2.4066902404526127,closed,2024-05-16,2024-05-21,True
2024-05-16,002296,34.3338,10.029498535526816,21.36659436680104,2.0083489593722987,-7.426597588836625,0.1809523801396031,0.4835164830460049,-2.2388059639111835,0.8370370370028329,1.158301162570008,4.321747929061148,0.6792207792207792,0.2564935064935065,True,,closed,2024-05-21,2024-05-21T15:00:00+08:00,0.07625954198471249,closed,2024-05-16,2024-05-21,True
2024-05-16,603221,29.2228,10.000000047339785,26.028921037778517,2.3184799763266914,-4.533789586065851,0.09090909214901366,0.8349514574137414,-0.9856630594952009,0.5129533682725449,4.442344088580552,4.321747929061148,0.6792207792207792,0.2564935064935065,True,,closed,2024-05-21,2024-05-21T15:00:00+08:00,-2.2914479638009198,closed,2024-05-16,2024-05-21,True
2024-05-17,002312,9.375,9.943977599309338,14.766081898046313,2.3295172818260177,-1.0922330589294926,0.22222221958587224,1.3999999943054808,0.0,0.8437499998510432,8.55087902727314,2.572021562795501,0.6976291003572589,0.5212731406300747,True,,closed,2024-05-22,2024-05-22T15:00:00+08:00,-0.08730061349693322,closed,2024-05-17,2024-05-22,True
2024-05-17,002868,61.9249,10.017996396856855,22.429906576447898,2.06844956574082,-4.027926953751426,0.20689655073846397,0.7168674686950206,-0.7274762099461318,0.4976415096558679,0.6162465018320185,2.572021562795501,0.6976291003572589,0.5212731406300747,True,,closed,2024-05-22,2024-05-22T15:00:00+08:00,0.46643742953777956,closed,2024-05-17,2024-05-22,True
2024-05-17,603332,38.6298,10.036719734260968,19.38911020980949,3.213520433123512,-5.789473679424084,0.1965811933884117,0.945205477067884,-4.134078205565328,0.71827956955637,1.3705103896828108,2.572021562795501,0.6976291003572589,0.5212731406300747,True,,closed,2024-05-22,2024-05-22T15:00:00+08:00,10.046410256410264,closed,2024-05-17,2024-05-22,True
2024-05-21,002975,29.7669,9.999999995179998,4.304429191409809,2.211607899077252,-1.7344497567384098,0.15789473582736663,0.8027210886387994,0.0,0.5038845725757692,4.1455375231589375,3.5215934916754232,0.764629388816645,0.5386866059817945,True,,closed,2024-05-24,2024-05-24T15:00:00+08:00,-2.188088861838101,closed,2024-05-21,2024-05-24,True
2024-05-21,600876,23.8202,10.035842272517549,8.193832639824162,2.5187485897078536,-2.0312500207948947,0.18681318156451454,1.2626262581915892,-1.0366825985110517,0.6029962539441188,6.761871968577338,3.5215934916754232,0.764629388816645,0.5386866059817945,True,,closed,2024-05-24,2024-05-24T15:00:00+08:00,-0.693481063658353,closed,2024-05-21,2024-05-24,True
2024-05-21,603042,59.0584,9.973045840215388,18.032786916360656,4.227126044039483,-13.948170733536802,0.04090909029910324,-0.25000000000000117,-1.417183354503837,0.4074626866061867,1.2370383767244642,3.5215934916754232,0.764629388816645,0.5386866059817945,True,,closed,2024-05-24,2024-05-24T15:00:00+08:00,-6.210000000000005,closed,2024-05-21,2024-05-24,True
2024-05-22,603010,18.2864,9.970089733008813,9.176474827465086,3.431157313172434,-5.391304353240633,0.09183673437064091,0.8499999986547744,-0.36764706350905785,0.6952273132415847,4.961462474920553,2.9794089420085434,0.6414174252275683,0.22139141742522755,True,,closed,2024-05-23,2024-05-23T15:00:00+08:00,-6.210000000000005,closed,2024-05-22,2024-05-23,True
2024-05-22,603991,37.425,9.985261609595696,4.810393248186462,3.166698095417688,-1.4705882092914457,0.3125000021433504,1.3774319075418953,-0.9733939188224849,0.37624999981404283,8.573461398396631,2.9794089420085434,0.6414174252275683,0.22139141742522755,True,,closed,2024-05-27,2024-05-27T15:00:00+08:00,17.942031454783745,closed,2024-05-22,2024-05-27,True
2024-05-22,605388,16.0645,10.032715410850045,9.436008702692167,2.189501077756164,-6.095238067182285,0.13541666163224014,0.6101694871658231,0.0,0.7322580642928332,4.360711250012783,2.9794089420085434,0.6414174252275683,0.22139141742522755,True,,closed,2024-05-23,2024-05-23T15:00:00+08:00,-6.210000000000005,closed,2024-05-22,2024-05-23,True
2024-05-22,605567,27.8519,9.989142199542078,11.318681285730792,2.9631953839383223,-3.8499506166275954,0.0704225344321555,0.5714285728158375,-0.5133470152387964,0.7102040823752962,2.215189883185098,2.9794089420085434,0.6414174252275683,0.22139141742522755,True,,closed,2024-05-27,2024-05-27T15:00:00+08:00,-2.273983488132093,closed,2024-05-22,2024-05-27,True
2024-05-24,603839,16.0766,10.035211257733279,15.101289183140466,7.80697638041608,-10.495626872172913,0.21276595500298148,-0.09999999460159378,2.9315961507745403,0.732057416522532,7.082344968427434,3.140469652964306,0.3405914852128697,0.07052323691907703,True,,closed,2024-05-27,2024-05-27T15:00:00+08:00,-16.349240506329124,closed,2024-05-24,2024-05-27,True
2024-05-27,002669,40.1575,9.978540769425791,2.2954091891432826,2.5073737530825797,-2.369668280510895,0.0,1.0549450525855157,-1.9417475381727,0.3307086616480735,4.274210223872865,2.7165969097818987,0.27485380116959063,0.27582846003898637,True,,closed,2024-05-30,2024-05-30T15:00:00+08:00,-2.4877822695097427,closed,2024-05-27,2024-05-30,True
2024-05-28,000722,15.9983,10.047846885960588,9.004739326350775,2.7654609332084523,-2.109704635221543,0.17307692204357825,1.1030927842178757,-1.5517241279305205,0.7367088609672316,2.9849400404083015,3.239586758601587,0.3125406107862248,0.665692007797271,True,,closed,2024-05-31,2024-05-31T15:00:00+08:00,-6.514728546409821,closed,2024-05-28,2024-05-31,True
2024-05-28,603079,68.4363,10.026385219539314,-8.68613141015735,3.9407022042507025,-7.7279752842899345,0.26470588119721417,0.01724137902150798,-0.33500836934799993,0.4698972097873234,0.2527379987036449,3.239586758601587,0.3125406107862248,0.665692007797271,True,,closed,2024-05-29,2024-05-29T15:00:00+08:00,-6.764621848739506,closed,2024-05-28,2024-05-29,True
2024-05-29,002769,60.2586,9.96621621099032,6.896551736273326,7.776135187952638,-7.747489237392447,0.15624999990486335,0.8260869554167893,-1.555209951741443,0.22381930169524636,1.9734192536012385,2.234694631957068,0.2235217673814165,0.18226120857699804,True,,closed,2024-06-03,2024-06-03T15:00:00+08:00,-6.210000000000005,closed,2024-05-29,2024-06-03,True
2024-05-29,600895,34.4528,10.005817341801592,4.475138139178791,2.406746513971658,-1.849075466019745,0.04999999975931818,1.4294117611414598,0.0,0.4257871063937594,5.955977543716706,2.234694631957068,0.2235217673814165,0.18226120857699804,True,,closed,2024-06-03,2024-06-03T15:00:00+08:00,1.979409368635431,closed,2024-05-29,2024-06-03,True
2024-05-29,603016,45.8376,10.02386634529664,2.3307436300902262,2.6666666666666665,-2.1857923518418643,0.09302325413796404,0.6983240209646993,-0.6145251204872193,0.4930693076320015,1.8433707427479407,2.234694631957068,0.2235217673814165,0.18226120857699804,True,,closed,2024-06-03,2024-06-03T15:00:00+08:00,-2.23360876897133,closed,2024-05-29,2024-06-03,True
2024-05-29,603650,15.4245,9.985207102630046,4.571026696491498,2.3067114788004135,-2.2151898703561934,0.24583333291868487,1.4393939404905265,-1.1974110081690137,0.7429245278741019,6.139618956499837,2.234694631957068,0.2235217673814165,0.18226120857699804,True,,closed,2024-06-03,2024-06-03T15:00:00+08:00,4.375653455617433,closed,2024-05-29,2024-06-03,True
2024-05-29,603836,34.2454,9.976247003497152,4.909365545475319,2.0655855385518973,-9.651474532997362,0.05882353048137902,0.3692307679138152,-0.7418397924156106,0.645161289012951,2.0283665936369877,2.234694631957068,0.2235217673814165,0.18226120857699804,True,,closed,2024-06-03,2024-06-03T15:00:00+08:00,-0.2847384155456054,closed,2024-05-29,2024-06-03,True
2024-06-03,603177,59.8204,10.02331001491028,10.928319621475712,3.878368594642426,-2.9292929218348474,0.5064102569582185,1.223684210577621,-9.98959417134625,0.5140449440415773,0.7002640356788103,-0.6788658509585654,0.19047619047619047,0.5543758043758044,True,,closed,2024-06-05,2024-06-05T15:00:00+08:00,-9.227341040462434,closed,2024-06-03,2024-06-05,True
2024-06-04,603890,14.5538,10.030706223940179,21.606334815231378,3.6732280716913537,-3.2121724442948585,0.4153846149043695,1.8045977052151854,-5.93886463606923,0.7574370706283204,5.816466879569249,-1.8898667177709938,0.13803088803088803,0.15508365508365507,True,,closed,2024-06-05,2024-06-05T15:00:00+08:00,-7.452339832869082,closed,2024-06-04,2024-06-05,True
2024-06-06,002811,40.6786,10.05291005135942,16.87971526869898,2.430717406359276,-2.380952377812351,0.24999999769207829,0.6249999956726456,-9.99999997973532,0.5608628788702302,1.9252231528194663,-0.9759455548598583,0.12065637065637065,0.10263835263835264,True,,closed,2024-06-07,2024-06-07T15:00:00+08:00,-10.23710027100272,closed,2024-06-06,2024-06-07,True
2024-06-06,600830,25.3449,9.933774839561638,1.1554064479293968,3.178263122990242,-0.7352941223194631,0.10416666735561106,1.1864406772314402,0.0,0.5775852467167278,5.171247939490198,-0.9759455548598583,0.12065637065637065,0.10263835263835264,True,,closed,2024-06-12,2024-06-12T15:00:00+08:00,6.752962962962971,closed,2024-06-06,2024-06-12,True
2024-06-06,603709,38.3108,9.970457883787343,4.564606713559516,2.013646135152818,-6.937499998415031,0.10240963861311608,1.0,-10.006715925067788,0.36148648630587726,3.9082108371006785,-0.9759455548598583,0.12065637065637065,0.10263835263835264,True,,closed,2024-06-07,2024-06-07T15:00:00+08:00,-10.21000000000001,closed,2024-06-06,2024-06-07,True
2024-06-06,603767,43.4084,10.0244498898157,4.651162784276841,2.4142748919612265,-2.172338882220415,0.2241379285640648,1.0075187962206487,-1.0362694141156426,0.2765274270500767,3.8868524567689633,-0.9759455548598583,0.12065637065637065,0.10263835263835264,True,,closed,2024-06-07,2024-06-07T15:00:00+08:00,-6.210000000000005,closed,2024-06-06,2024-06-07,True
2024-06-06,603776,49.3021,10.04098359316805,4.882812470611153,2.2430891018993906,-6.0337178325587715,0.02150537570292847,0.846938775798905,0.0,0.38992042407990374,2.047699340392306,-0.9759455548598583,0.12065637065637065,0.10263835263835264,True,,closed,2024-06-07,2024-06-07T15:00:00+08:00,-7.197724268177519,closed,2024-06-06,2024-06-07,True
2024-06-07,600353,76.5426,9.935897438228247,0.2923976640113679,2.287137459264043,-7.887323949888225,0.21126760522121898,0.4838709668073786,-1.0703363887407558,0.3429752064566005,0.215916103533198,-1.9733878082531686,0.0990990990990991,0.11293436293436293,True,,closed,2024-06-11,2024-06-11T15:00:00+08:00,-6.209999999999995,closed,2024-06-07,2024-06-11,True
2024-06-07,603528,49.5211,10.048622372549021,1.3432835650291963,2.922598368217626,-6.19718313376686,0.12499999652433133,0.7173913017948101,-9.459459437536788,0.17464788745758453,6.235422165793036,-1.9733878082531686,0.0990990990990991,0.11293436293436293,True,,closed,2024-06-11,2024-06-11T15:00:00+08:00,-6.210000000000005,closed,2024-06-07,2024-06-11,True
2024-06-11,605358,49.9092,10.00000000605985,12.605332497195288,3.150386196305163,-5.499999980184256,0.1666666691130537,-0.5294117546494493,-1.058201085937882,0.5986535885428248,1.062871538035015,-2.513803512391455,0.10688989053444946,0.7897617514488088,True,,closed,2024-06-14,2024-06-14T15:00:00+08:00,7.722263814616758,closed,2024-06-11,2024-06-14,True
2024-06-12,603320,52.5144,9.99999998803931,-3.6205647751002434,2.6737900435543613,-2.564102611677921,0.23376623169142158,1.5211267510892688,0.2923976898961955,0.782103233813315,0.041958811153719466,-3.3239910268014428,0.10634869481147277,0.441185949081534,True,,closed,2024-06-17,2024-06-17T15:00:00+08:00,8.244810495626819,closed,2024-06-12,2024-06-17,True
2024-06-14,000901,14.5946,10.062111798668493,10.74999998971804,2.1794596693437964,-3.6263736258792645,0.17500000028429347,0.8888888897208407,-1.3683010386059347,0.7567567562694356,3.2096408479799665,-2.755748945962233,0.1286266924564797,0.20470664087685364,True,,closed,2024-06-19,2024-06-19T15:00:00+08:00,7.304450867052025,closed,2024-06-14,2024-06-19,True
2024-06-14,002889,22.6351,10.02317496861329,16.158107477596296,4.048534055991806,-6.697819318699649,0.023166023610371664,-0.47826087269558276,-0.890372833705444,0.6227478546093607,4.396248546436676,-2.755748945962233,0.1286266924564797,0.20470664087685364,True,,closed,2024-06-19,2024-06-19T15:00:00+08:00,7.706900617630551,closed,2024-06-14,2024-06-19,True
2024-06-17,002119,19.5506,10.018050548765277,14.89161168575448,2.0911452107196418,-0.8821170972322379,0.14754098240364957,1.1588785044199286,-0.9708737715169113,0.6741573034206467,6.993007006816199,-2.7147322558022435,0.1498549790525298,0.558814050918466,True,,closed,2024-06-20,2024-06-20T15:00:00+08:00,1.4987821043934693,closed,2024-06-17,2024-06-20,True
2024-06-17,002632,26.304,10.05665723719269,-4.074074075703404,4.196917007519363,-0.5031446560735953,0.16666666720460885,1.1944444442053597,-0.12642225571405374,0.561600175968988,6.530020561286953,-2.7147322558022435,0.1498549790525298,0.558814050918466,True,,closed,2024-06-20,2024-06-20T15:00:00+08:00,-1.8555696202531733,closed,2024-06-17,2024-06-20,True
2024-06-17,002888,68.46,10.032362473963019,8.320212017463202,2.17138975843128,-2.058823550936173,0.27272727382109346,0.6266666636549182,-3.603603619358553,0.25548875416417677,1.2158006050040804,-2.7147322558022435,0.1498549790525298,0.558814050918466,True,,closed,2024-06-20,2024-06-20T15:00:00+08:00,-1.6897507788162023,closed,2024-06-17,2024-06-20,True
2024-06-17,601133,48.2223,10.008628121814889,18.604651158517903,2.238068792966375,-9.360000040192052,0.0,-3.9077411709295924,-2.9126213024013636,0.4999358675679967,1.6336183139007865,-2.7147322558022435,0.1498549790525298,0.558814050918466,True,,closed,2024-06-20,2024-06-20T15:00:00+08:00,4.3354545454545415,closed,2024-06-17,2024-06-20,True
2024-06-18,002937,9.8991,10.0145843355119,9.433192845918391,2.559858421819696,-1.843317985934001,0.6842105252907397,1.423280421278126,-1.1950490642702927,0.8350142858272688,7.654389889568769,-3.8545991402866187,0.1521598968407479,0.25370728562217926,True,,closed,2024-06-20,2024-06-20T15:00:00+08:00,-6.387105831533469,closed,2024-06-18,2024-06-20,True
2024-06-18,603083,43.9091,9.98715478220522,5.158120966629154,2.2854057598434623,-0.27777777864482767,0.4952380937296485,1.6573705167725068,0.0,0.26818181840562766,7.196177961819927,-3.8545991402866187,0.1521598968407479,0.25370728562217926,True,,closed,2024-06-21,2024-06-21T15:00:00+08:00,-6.210000000000005,closed,2024-06-18,2024-06-21,True
2024-06-19,002963,59.5092,10.020449872650028,-7.000864308533483,4.3184832228183,-6.120689648168309,0.26829268509078386,1.1238095256811935,-0.8264462915321902,0.2416666664898386,1.9493085251444775,-3.9385937866604936,0.22333225910409282,0.7531421205285208,True,,closed,2024-06-21,2024-06-21T15:00:00+08:00,-6.210000000000005,closed,2024-06-19,2024-06-21,True
2024-06-19,603261,62.0469,9.992836666110794,-1.6335682474918567,2.594506133186504,-1.478743081242595,0.43959731486781356,1.458483754873828,-3.689806135585705,0.1885026737224922,1.9982181642597907,-3.9385937866604936,0.22333225910409282,0.7531421205285208,True,,closed,2024-06-24,2024-06-24T15:00:00+08:00,-6.210000000000005,closed,2024-06-19,2024-06-24,True
2024-06-20,000676,40.7722,10.017271151539298,7.783417936294201,2.3376743376017726,-1.9999999978792427,0.17857142879121415,1.0,-0.9419152318123736,0.32046332044533943,4.712910714390017,-4.0099440693701975,0.20231958762886598,0.24065721649484537,True,,closed,2024-06-25,2024-06-25T15:00:00+08:00,-6.210000000000005,closed,2024-06-20,2024-06-25,True
2024-06-20,002633,62.3586,9.931506854668726,-0.772797524992519,2.4257115154280497,-4.261796068165625,0.39285714490963636,0.458333333219309,-1.1128775826025783,0.2050473187152565,1.9003931857840328,-4.0099440693701975,0.20231958762886598,0.24065721649484537,True,,closed,2024-06-21,2024-06-21T15:00:00+08:00,-6.210000000000016,closed,2024-06-20,2024-06-21,True
2024-06-20,002871,39.9816,9.962640101513177,8.459107987706883,3.0088789431892007,-1.8358531339702666,0.18421052567473045,1.481481484021096,-3.1903190255654357,0.382589499019693,2.7797243731499277,-4.0099440693701975,0.20231958762886598,0.24065721649484537,True,,closed,2024-06-21,2024-06-21T15:00:00+08:00,-8.732727272727283,closed,2024-06-20,2024-06-21,True
2024-06-20,003018,13.8947,10.012674270923249,7.558859982065069,2.0714912592803434,-3.1638418069727225,0.04444444340912038,0.8749999997292702,-0.11668611153675679,0.7684210526896543,4.288499028690684,-4.0099440693701975,0.20231958762886598,0.24065721649484537,True,,closed,2024-06-25,2024-06-25T15:00:00+08:00,-2.195981308411222,closed,2024-06-20,2024-06-25,True
2024-06-20,603256,35.3353,10.060060050669772,6.231884049040759,2.90451356641758,-4.5333333366850965,0.2093023239166303,0.7536231881027342,-0.13966479272332633,0.4110787173908539,3.3909334157607773,-4.0099440693701975,0.20231958762886598,0.24065721649484537,True,,closed,2024-06-21,2024-06-21T15:00:00+08:00,-6.210000000000005,closed,2024-06-20,2024-06-21,True
2024-06-20,603268,42.3058,10.023492598269446,5.6390977481266535,2.6656374421061186,-4.422944037619825,0.13297872126166713,0.8086956497880384,-1.735357904922985,0.2949029128093114,4.133941222603443,-4.0099440693701975,0.20231958762886598,0.24065721649484537,True,,closed,2024-06-25,2024-06-25T15:00:00+08:00,-3.5948417954378096,closed,2024-06-20,2024-06-25,True
2024-06-20,603390,32.9617,10.029069756538767,3.556771532974512,2.2540243122200896,-2.6582278452562336,0.11428571603780946,1.1739130448921713,0.0,0.4506380486308159,6.440129594904231,-4.0099440693701975,0.20231958762886598,0.24065721649484537,True,,closed,2024-06-21,2024-06-21T15:00:00+08:00,-6.210000000000005,closed,2024-06-20,2024-06-21,True
2024-06-20,603803,16.4807,10.062893095654424,4.321907602156361,4.8828548635118105,-3.333333328129784,0.0952380947425182,0.9384615378408068,-1.0057471231304183,0.7253218884655008,3.9843042594217115,-4.0099440693701975,0.20231958762886598,0.24065721649484537,True,,closed,2024-06-25,2024-06-25T15:00:00+08:00,-2.677343976777936,closed,2024-06-20,2024-06-25,True
2024-06-21,002253,36.5079,10.028653292148725,13.833992100330095,2.30987869325006,-5.107084029269404,0.39805825179175364,1.0,-3.645833336850046,0.3915343914309581,3.3904619888762033,-4.917123338049545,0.13116339026748308,0.0866902997099581,True,,closed,2024-06-24,2024-06-24T15:00:00+08:00,-6.209999999999995,closed,2024-06-21,2024-06-24,True
2024-06-21,603005,15.0797,10.000000007302322,18.526662994219944,2.509629283013481,-3.009575927343322,0.1701030921084921,0.8497409329018489,-1.2693935190593697,0.7486711729965125,3.540084801125065,-4.917123338049545,0.13116339026748308,0.0866902997099581,True,,closed,2024-06-26,2024-06-26T15:00:00+08:00,-6.210000000000005,closed,2024-06-21,2024-06-26,True
2024-06-21,603171,49.6298,10.00000001783896,11.579434932774134,2.5372611929415196,-6.0399999936242015,0.2176165817005622,0.7183098597361735,-1.6602809852818812,0.347861485572439,2.2123893648125614,-4.917123338049545,0.13116339026748308,0.0866902997099581,True,,closed,2024-06-24,2024-06-24T15:00:00+08:00,-6.210000000000005,closed,2024-06-21,2024-06-24,True
2024-06-24,601579,52.26,9.982935128858173,16.757246413154235,2.2276907292711816,-4.67359054469979,0.15037593532903976,0.7999999820304239,-9.961089458740647,0.5075100923730277,1.296707024974575,-4.013738291478486,0.1453900709219858,0.46518375241779497,True,,closed,2024-06-25,2024-06-25T15:00:00+08:00,-6.210000000000005,closed,2024-06-24,2024-06-25,True
2024-06-25,002887,51.7862,10.045662101536191,20.099667769065533,4.662896486934164,-0.5235601928489375,0.35185185230843513,1.5441176464349675,-10.000000002919741,0.55300974226877,1.1274934962591576,-3.4614984138443217,0.08671824629271438,0.06221792392005158,True,,closed,2024-06-27,2024-06-27T15:00:00+08:00,-6.210000000000005,closed,2024-06-25,2024-06-27,True
2024-06-26,002331,66.6451,9.941520462448805,18.987341761015752,2.0009730387188323,-4.2384105936855265,0.11320754552033435,0.6133333341899934,-0.6915629254194089,0.5125000001930577,0.19536702241955695,-4.890546765581838,0.08492089118501776,0.5999354213755247,True,,closed,2024-07-01,2024-07-01T15:00:00+08:00,-0.7671030640668661,closed,2024-06-26,2024-07-01,True
2024-06-26,600378,25.0119,10.01096086383233,3.8633027054588487,2.129526798647996,-3.922164776504944,0.4292035401286541,1.9085366038427556,-0.03164558481095758,0.5831353946412043,8.002633653265745,-4.890546765581838,0.08492089118501776,0.5999354213755247,True,,closed,2024-06-27,2024-06-27T15:00:00+08:00,-6.210000000000005,closed,2024-06-26,2024-06-27,True
2024-06-26,603936,59.2325,9.999999986907904,18.890366436877294,2.22626407444273,-6.805074940720157,0.15662650970714206,0.6500000027984378,-1.4851485160707334,0.5389891439167521,0.6321112605493839,-4.890546765581838,0.08492089118501776,0.5999354213755247,True,,closed,2024-07-01,2024-07-01T15:00:00+08:00,10.217135678391973,closed,2024-06-26,2024-07-01,True
2024-06-26,605158,62.3736,9.934853413996825,8.870967747462055,3.268450566406985,-5.782792624479005,0.29310345014935274,0.8833333333923435,-2.694610780537887,0.2516373431875141,1.6896120141383086,-4.890546765581838,0.08492089118501776,0.5999354213755247,True,,closed,2024-07-01,2024-07-01T15:00:00+08:00,-0.3638461538461599,closed,2024-06-26,2024-07-01,True
2024-06-27,002232,68.6201,10.008554345566289,9.54003408304509,2.206431821950366,-1.0989011217677702,0.7878787841113172,0.7570093432032285,-0.793650792458056,0.2894590649167185,1.0509296643660848,-3.5716502289167784,0.13589412524209168,0.881213686249193,True,,closed,2024-07-02,2024-07-02T15:00:00+08:00,1.6300000000000194,closed,2024-06-27,2024-07-02,True
2024-06-27,002903,72.7038,10.01267428702841,8.50000000019766,2.2353395061728394,-0.3458213192189419,0.7538461586366024,0.9520547953513643,-1.677270103612094,0.36305482580015075,0.4134672252383398,-3.5716502289167784,0.13589412524209168,0.881213686249193,True,,closed,2024-07-02,2024-07-02T15:00:00+08:00,0.3782352941176672,closed,2024-06-27,2024-07-02,True
2024-06-27,603006,70.6032,10.043668149678563,4.34782610217781,3.3977033543814774,-1.7475728040581395,0.4705882385852942,1.0465116274497193,0.0,0.10880074077551259,1.7151556664038337,-3.5716502289167784,0.13589412524209168,0.881213686249193,True,,closed,2024-07-02,2024-07-02T15:00:00+08:00,-2.285098814229237,closed,2024-06-27,2024-07-02,True
2024-06-28,001278,40.4037,10.013623955230134,5.693717294466283,3.54319412353002,-3.2335329692040005,0.012269936325954717,1.0065359464784598,-1.4232673004528906,0.32660550405060335,3.364370765938851,-4.41131948276502,0.09948320413436693,0.08817829457364341,True,,closed,2024-07-03,2024-07-03T15:00:00+08:00,-0.021676082862521567,closed,2024-06-28,2024-07-03,True
2024-06-28,600571,84.3778,10.010764281122707,-3.127962027769393,4.0031282139184095,-7.473309582323773,0.0,1.2068965513749867,-4.13461544960837,0.24698795127975862,0.06021675557881245,-4.41131948276502,0.09948320413436693,0.08817829457364341,True,,closed,2024-07-03,2024-07-03T15:00:00+08:00,-2.416619859578751,closed,2024-06-28,2024-07-03,True
2024-06-28,600983,54.6295,8.407643303520862,6.641603998895751,4.9769136000857035,-5.833333315847056,0.23437500116546775,0.09090909242649603,-2.9077117792780216,0.08950829848852235,3.855783689808534,-4.41131948276502,0.09948320413436693,0.08817829457364341,True,,closed,2024-07-01,2024-07-01T15:00:00+08:00,-6.3297916666666625,closed,2024-06-28,2024-07-01,True
2024-07-02,000049,7.1118,9.990619139355239,14.501953133710277,2.143522466819466,-1.763740741207498,0.6086956546185717,1.2347417847739273,-0.5845511789439151,0.8814702156372418,8.178100842070224,-2.8420148466797523,0.2600129198966408,0.7729328165374677,True,,closed,2024-07-05,2024-07-05T15:00:00+08:00,4.367908441831169,closed,2024-07-02,2024-07-05,True
2024-07-03,002645,63.2388,10.062893076431067,-0.4267425278250525,6.900480778742852,-4.237288120109605,0.16071428703195642,-0.5714285750951323,-0.4424778717679101,0.08695652192026365,2.3657870832039407,-3.259131039571461,0.3323643410852713,0.4903100775193798,True,,closed,2024-07-04,2024-07-04T15:00:00+08:00,-6.210000000000005,closed,2024-07-03,2024-07-04,True
2024-07-04,000668,70.4192,10.06389777362533,10.593900458885885,3.6123088080168775,-4.42953020957102,0.16363636354959202,1.3593750021147066,-9.129213497540045,0.2888283374439779,0.9188361485950036,-4.211030262432603,0.30481110752340973,0.268324184694866,True,,closed,2024-07-05,2024-07-05T15:00:00+08:00,-7.937975270479126,closed,2024-07-04,2024-07-05,True
2024-07-04,002552,41.3018,9.969788521602396,7.772020733828566,2.646947002278457,-2.702702699208148,0.32515337411308765,0.8823529418662125,-1.5972222344961096,0.311637080442269,4.084031133926991,-4.211030262432603,0.30481110752340973,0.268324184694866,True,,closed,2024-07-09,2024-07-09T15:00:00+08:00,5.7180169371912495,closed,2024-07-04,2024-07-09,True
2024-07-04,603918,45.9595,10.009532895850647,1.228070186295227,2.945148267549592,-0.16992354616276462,0.22916666678914477,1.2019230756968644,-1.3671958378942417,0.23400844771076193,5.5112389728036115,-4.211030262432603,0.30481110752340973,0.268324184694866,True,,closed,2024-07-05,2024-07-05T15:00:00+08:00,-6.210000000000005,closed,2024-07-04,2024-07-05,True
2024-07-05,002741,79.1187,9.977578453398262,1.5527950136438706,2.136364820394377,-3.0364372459608324,0.12048192747404021,0.7088607609574584,-1.148225486366139,0.25222551868166065,0.4310798142149186,-4.14435430792418,0.14142718760090411,0.07491120439134646,True,,closed,2024-07-10,2024-07-10T15:00:00+08:00,17.213442449841597,closed,2024-07-05,2024-07-10,True
2024-07-05,603079,32.765,9.964726644802946,19.10219678241367,2.098360655737705,-2.0034843061900953,0.02702702867359154,-0.14018691529719193,1.600000014426528,0.4539159442120514,3.1402274005438935,-4.14435430792418,0.14142718760090411,0.07491120439134646,True,,closed,2024-07-08,2024-07-08T15:00:00+08:00,-6.210000000000005,closed,2024-07-05,2024-07-08,True
2024-07-05,603615,76.5517,9.9752679467501,20.942883074551546,2.1344116006692695,-17.952218467659076,0.003787878514676415,-1.4000000220310302,-2.828618914831249,0.14619140978617892,1.1007620184006695,-4.14435430792418,0.14142718760090411,0.07491120439134646,True,,closed,2024-07-10,2024-07-10T15:00:00+08:00,-6.210000000000016,closed,2024-07-05,2024-07-10,True
2024-07-08,002527,41.7582,9.983361064198416,8.5385878525988,3.6390560684825926,-3.0701754101460588,0.2708333359734576,1.034482760109811,-1.2066364969282928,0.3040293045862211,3.7048765108796067,-4.486999077178744,0.18410852713178294,0.7393410852713178,True,,closed,2024-07-09,2024-07-09T15:00:00+08:00,-6.210000000000016,closed,2024-07-08,2024-07-09,True
2024-07-09,000017,93.0689,10.086956502024558,1.442307670751064,2.0259485946831366,-4.3818466715862865,0.11363635903082832,0.6206896524305064,-1.1456628199535634,0.07878787906268138,0.16528924924318344,-4.8222860266908025,0.11401808785529716,0.08559431524547803,True,,closed,2024-07-12,2024-07-12T15:00:00+08:00,-2.031192052980136,closed,2024-07-09,2024-07-12,True
2024-07-09,002853,63.2158,10.05025126643211,19.346049039499835,2.1773506493506494,-5.991285402959257,0.44859813127582016,0.85869565249053,-5.381728408830522,0.42300239932547296,0.8553079289202126,-4.8222860266908025,0.11401808785529716,0.08559431524547803,True,,closed,2024-07-11,2024-07-11T15:00:00+08:00,-11.362882205513781,closed,2024-07-09,2024-07-11,True
2024-07-09,002995,40.1311,9.969088083153155,9.293394777959229,2.9422850412249706,-2.3113528253588145,0.17142857259180222,1.1111111126818323,-0.6958942195235407,0.33114754142591407,3.2710956830618754,-4.8222860266908025,0.11401808785529716,0.08559431524547803,True,,closed,2024-07-12,2024-07-12T15:00:00+08:00,-1.3312333566923749,closed,2024-07-09,2024-07-12,True
2024-07-11,002888,52.626,9.983221493463201,11.669505961906722,3.4028149740983284,-2.534395354406893,0.32911392718925464,1.2941176452269576,-2.8231798105610495,0.4304760722785181,1.6159104912253364,-3.2492382459638147,0.1667741935483871,0.2567741935483871,True,,closed,2024-07-16,2024-07-16T15:00:00+08:00,7.358807339449535,closed,2024-07-11,2024-07-16,True
2024-07-11,603958,60.5031,9.961190170105105,4.938271602428368,2.372049284151537,-6.35294117966152,0.11475409794413252,0.2602739720937706,-2.0100502406157794,0.08108108127212754,2.5974025908045872,-3.2492382459638147,0.1667741935483871,0.2567741935483871,True,,closed,2024-07-16,2024-07-16T15:00:00+08:00,19.661794871794868,closed,2024-07-11,2024-07-16,True
2024-07-11,605068,31.5385,10.03745319281142,11.11951585797646,2.960172350256541,-3.8064516618293243,0.08088234784039544,1.1527777745279417,-1.2072434506313345,0.47435897456995274,6.661839226206401,-3.2492382459638147,0.1667741935483871,0.2567741935483871,True,,closed,2024-07-16,2024-07-16T15:00:00+08:00,-1.0246639511201758,closed,2024-07-11,2024-07-16,True
2024-07-12,000550,79.0221,9.999999998734687,4.5049063296683345,2.932817109003373,-7.252382927619072,0.06751054914697993,-2.888888915507492,0.044682745381585676,0.19622964853011376,0.6903064748501331,-1.643784646684987,0.38072211476466794,0.9219858156028369,True,,closed,2024-07-17,2024-07-17T15:00:00+08:00,6.0874542206342355,closed,2024-07-12,2024-07-17,True
2024-07-12,002806,17.093,10.024154610471436,6.301050211190362,2.7488221595407,-3.239289434561199,0.1066666670781277,1.5555555388875528,1.7278617807753083,0.7151162793142479,9.598603857017629,-1.643784646684987,0.38072211476466794,0.9219858156028369,True,,closed,2024-07-17,2024-07-17T15:00:00+08:00,-5.411698513800423,closed,2024-07-12,2024-07-17,True
2024-07-12,603680,37.2581,10.015898280403658,4.060150409902752,2.6356660656631306,-0.9900990284388067,0.16279070042794302,1.1126760552270587,0.0,0.37903225854463685,5.271073007400884,-1.643784646684987,0.38072211476466794,0.9219858156028369,True,,closed,2024-07-16,2024-07-16T15:00:00+08:00,-6.210000000000005,closed,2024-07-12,2024-07-16,True
2024-07-12,605208,34.7317,9.950248702023345,2.6416992138763806,2.2739072764022232,-0.44642864354137446,0.2972972863184842,1.4285714172108857,0.14947685534485444,0.42113856616098383,6.402671220849099,-1.643784646684987,0.38072211476466794,0.9219858156028369,True,,closed,2024-07-17,2024-07-17T15:00:00+08:00,-5.43388059701494,closed,2024-07-12,2024-07-17,True
2024-07-15,002273,16.335,9.983982908913491,25.304136208870176,2.0439081393010663,-4.917234656334102,0.4414893621346902,0.33950617387796705,-0.20481311915756528,0.8644274311600852,2.3849548229920137,-1.952036025077275,0.4065119277885235,0.40135396518375244,True,,closed,2024-07-18,2024-07-18T15:00:00+08:00,-6.210000000000005,closed,2024-07-15,2024-07-18,True
2024-07-15,002729,43.3229,9.976798133150089,2.931596062195685,10.00537719436976,-3.9643210928410832,0.10843373561567039,3.625000106335122,-0.8255934063153392,0.27795105492628785,3.9593249667647656,-1.952036025077275,0.4065119277885235,0.40135396518375244,True,,closed,2024-07-18,2024-07-18T15:00:00+08:00,-6.210000000000005,closed,2024-07-15,2024-07-18,True
2024-07-15,003010,24.2276,10.034602068818721,20.340586599520073,2.7418980710010263,-10.129474498409463,0.10582010550774623,-0.09523809128480261,-0.5932203615706344,0.5962062026928019,3.039353456052063,-1.952036025077275,0.4065119277885235,0.40135396518375244,True,,closed,2024-07-18,2024-07-18T15:00:00+08:00,2.3475447570332477,closed,2024-07-15,2024-07-18,True
2024-07-15,603079,38.3443,9.980620141341845,12.823061618477416,2.157704649321424,-1.194539227976954,0.36734694320145617,1.2948717986826959,-1.0362694531774408,0.4588142471609228,2.559513140103764,-1.952036025077275,0.4065119277885235,0.40135396518375244,True,,closed,2024-07-18,2024-07-18T15:00:00+08:00,4.93834205933683,closed,2024-07-15,2024-07-18,True
2024-07-15,603127,47.3281,10.032102717813007,2.084884551590993,2.0601827047629384,-0.5673758771520321,0.2352941146619845,1.6199999968943282,-0.4992867710926219,0.2538940802270548,2.807870841669735,-1.952036025077275,0.4065119277885235,0.40135396518375244,True,,closed,2024-07-18,2024-07-18T15:00:00+08:00,1.725483870967758,closed,2024-07-15,2024-07-18,True
2024-07-16,002534,49.7702,9.979633378653885,7.892107881248145,5.427099360272087,-7.441016350863395,0.057471263455031306,-28.999999136390656,0.09803923967541817,0.39655901292457624,1.982719886984241,-1.6953797000677895,0.29745407669996776,0.1898163067998711,True,,closed,2024-07-19,2024-07-19T15:00:00+08:00,-0.6997159647404558,closed,2024-07-16,2024-07-19,True
2024-07-16,002811,32.6289,9.969325162755682,7.657657642672366,2.55393959656748,-3.0769230650048107,0.11764705562917512,0.19999999630732654,0.5772005603614794,0.45618484368078016,4.6310890774716285,-1.6953797000677895,0.29745407669996776,0.1898163067998711,True,,closed,2024-07-18,2024-07-18T15:00:00+08:00,-8.10096126255381,closed,2024-07-16,2024-07-18,True
2024-07-17,002905,78.0201,10.069444394951898,1.765650081918091,3.1455618933253278,-2.996845410147231,0.3255813983710692,0.6122448984962775,-1.1382113575653219,0.25541125608792514,0.49914080083907075,-1.3342490248449579,0.31411082474226804,0.3791881443298969,True,,closed,2024-07-22,2024-07-22T15:00:00+08:00,-2.0192105263157965,closed,2024-07-17,2024-07-22,True
2024-07-18,002636,70.4118,9.953343747195875,16.47446458923556,2.1709363794314442,-5.374823219096747,0.06000000000000005,0.4242424210163308,-1.793721981026486,0.4526223559999498,0.18231542890443375,-0.7698195592829027,0.28820116054158607,0.30722114764667957,True,,closed,2024-07-23,2024-07-23T15:00:00+08:00,-4.624003044140036,closed,2024-07-18,2024-07-23,True
2024-07-18,002861,69.2501,10.011248521276173,-7.561436727286575,2.8100712146158577,-7.925635997481894,0.11016949421582885,0.5375000055156223,-2.656748130838804,0.3536804313092883,0.7146784287923369,-0.7698195592829027,0.28820116054158607,0.30722114764667957,True,,closed,2024-07-23,2024-07-23T15:00:00+08:00,6.012707423580776,closed,2024-07-18,2024-07-23,True
2024-07-19,600822,16.2232,10.049627762113222,13.282247748506858,2.036789040252444,-1.8438177870306216,0.06779660722140776,1.3829787240679225,-0.5524861639042866,0.7296137343781562,7.991360704537498,0.503784736712598,0.3081882656350741,0.4522888459058672,True,,closed,2024-07-22,2024-07-22T15:00:00+08:00,-8.210000000000008,closed,2024-07-19,2024-07-22,True
2024-07-19,605186,84.5195,10.020661168850742,-0.6993007073646029,4.521417162770437,-2.022988481151522,0.11805555760724944,1.0055555559830716,-0.04692632930717311,0.12629852381631776,0.5926940486590704,0.503784736712598,0.3081882656350741,0.4522888459058672,True,,closed,2024-07-24,2024-07-24T15:00:00+08:00,-6.210000000000005,closed,2024-07-19,2024-07-24,True
2024-07-23,002576,60.1252,9.970958407524865,3.6496350441957093,2.8528549820381923,-1.8388791659070813,0.13157895237220207,0.8351648365608902,-0.17841213880975815,0.29819627028154344,1.6487259916033503,1.0962635289245126,0.3286036762334731,0.48306997742663654,True,,closed,2024-07-26,2024-07-26T15:00:00+08:00,3.007158176943702,closed,2024-07-23,2024-07-26,True
2024-07-23,002806,10.0901,9.966024905043746,16.987951797401912,2.6648043884152783,-1.1111110883820219,0.13636364074710333,1.0909090915068362,0.5107252031424814,0.8318318308091052,5.105746608425843,1.0962635289245126,0.3286036762334731,0.48306997742663654,True,,closed,2024-07-25,2024-07-25T15:00:00+08:00,-6.714065040650408,closed,2024-07-23,2024-07-25,True
2024-07-23,600520,36.3721,10.027100252889799,13.407821215055327,2.5918589770053253,-1.0303030276520242,0.08000000187906564,1.0676691744050355,-0.3674219388079658,0.3937984492551725,5.95207084298619,1.0962635289245126,0.3286036762334731,0.48306997742663654,True,,closed,2024-07-26,2024-07-26T15:00:00+08:00,-2.8529010448678624,closed,2024-07-23,2024-07-26,True
2024-07-23,603121,87.6176,10.014947713464295,8.235294129006254,3.982744429419719,-5.3299492291437485,0.27272727585773593,1.1492537324683636,-6.166219834060005,0.20161290365281095,0.021423948338494814,1.0962635289245126,0.3286036762334731,0.48306997742663654,True,,closed,2024-07-26,2024-07-26T15:00:00+08:00,1.7900000000000018,closed,2024-07-23,2024-07-26,True
2024-07-24,603535,82.6312,10.000000004712927,2.225130894810534,2.0683936806986556,-5.408805039282239,0.06999999765766747,0.5735294116923412,-0.930851073533967,0.17670682737939772,0.5074786358862826,-0.52124091428849,0.20630833601544898,0.10846475700032185,True,,closed,2024-07-29,2024-07-29T15:00:00+08:00,-0.7469127516778538,closed,2024-07-24,2024-07-29,True
2024-07-24,603863,50.9768,9.999999999999986,5.585683278251419,2.149324582991523,-1.3493253373313308,0.15151515151515066,1.1551724137931032,-1.3171226104649714,0.15038603547144058,4.148845150055402,-0.52124091428849,0.20630833601544898,0.10846475700032185,True,,closed,2024-07-29,2024-07-29T15:00:00+08:00,8.362895277207393,closed,2024-07-24,2024-07-29,True
2024-07-25,000503,51.5698,9.955423467318436,14.374034000265823,2.4728204575906645,-0.4000000043332008,0.32203389895506845,1.1147540985264914,-4.417670675708818,0.29126213612590707,2.321582119768806,-1.7843181481869808,0.1725692208628461,0.1596909207984546,True,,closed,2024-07-30,2024-07-30T15:00:00+08:00,-1.610560224089642,closed,2024-07-25,2024-07-30,True
2024-07-25,600679,23.6565,10.022522524278799,13.47270614810705,2.109238432379938,-2.2680412098625813,0.03896103949493558,0.6881720461216881,0.0,0.6407766995512841,2.8422651528807963,-1.7843181481869808,0.1725692208628461,0.1596909207984546,True,,closed,2024-07-30,2024-07-30T15:00:00+08:00,4.431350210970452,closed,2024-07-25,2024-07-30,True
2024-07-26,001239,34.7463,10.000000000000009,21.54696132596685,2.0637286953489387,-4.037854889589898,0.08270676691729413,0.8797468354430383,-0.7232084155161189,0.42089552238805966,3.481359649122795,-1.587843843203962,0.1950434502735758,0.6469262954618603,True,,closed,2024-07-31,2024-07-31T15:00:00+08:00,2.505231788079464,closed,2024-07-26,2024-07-31,True
2024-07-29,002868,73.4385,10.016420377578061,2.997694108173299,2.6973618000143773,-5.183585349491948,0.09999999909333337,0.813008126533503,-0.4555808230744862,0.13333333345272977,1.3921113901118165,-1.5126859766868894,0.3054393305439331,0.8609591245574509,True,,closed,2024-08-01,2024-08-01T15:00:00+08:00,1.0104424103737566,closed,2024-07-29,2024-08-01,True
2024-07-30,000921,73.8885,9.992223962095515,-3.6772216476324115,2.7319558506023123,-3.355704705616258,0.32547169869776,1.7968750015191306,-1.0763888911811237,0.16439135374269545,1.2186023380964972,-2.5139850318398937,0.34921145799806885,0.45992919214676536,True,,closed,2024-08-02,2024-08-02T15:00:00+08:00,-0.5961003861003964,closed,2024-07-30,2024-08-02,True
2024-07-30,002035,85.4666,9.947643960118224,-2.021772887993467,2.7504749432089186,-1.748807552574927,0.3571428657175131,0.2,-0.16181235626043788,0.17176847685054314,0.3170473681160191,-2.5139850318398937,0.34921145799806885,0.45992919214676536,True,,closed,2024-08-02,2024-08-02T15:00:00+08:00,4.166012965964349,closed,2024-07-30,2024-08-02,True
2024-07-30,002668,89.2032,9.947643969766617,-7.69230770086028,2.460873689443033,-0.4656577300419906,0.2432432433910541,1.4687500007904446,0.0,0.17345132744503844,0.029231217032965606,-2.5139850318398937,0.34921145799806885,0.45992919214676536,True,,closed,2024-08-02,2024-08-02T15:00:00+08:00,5.637953216374258,closed,2024-07-30,2024-08-02,True
2024-07-30,002888,21.1682,10.007818639712296,5.000000025680285,2.167416468685235,-0.96885810524594,0.6086956548426417,1.192000000880937,-0.20964363448937595,0.6471965724285649,4.233576631086988,-2.5139850318398937,0.34921145799806885,0.45992919214676536,True,,closed,2024-08-02,2024-08-02T15:00:00+08:00,0.42025210084033393,closed,2024-07-30,2024-08-02,True
2024-07-30,600444,37.2001,9.999999991313913,3.372723749427209,2.761716290366106,-2.557953638858612,0.02222222453851403,1.2980769246814736,-0.24610336959944856,0.37999843361274305,7.828402496595488,-2.5139850318398937,0.34921145799806885,0.45992919214676536,True,,closed,2024-08-02,2024-08-02T15:00:00+08:00,5.546578947368407,closed,2024-07-30,2024-08-02,True
2024-07-30,603657,48.5461,10.000000025315803,2.6119403386009488,6.257086614173228,-2.714535901732329,0.10204081474495127,1.146666662503622,0.0,0.19089864458929603,5.708848705619696,-2.5139850318398937,0.34921145799806885,0.45992919214676536,True,,closed,2024-08-02,2024-08-02T15:00:00+08:00,0.9601170117011995,closed,2024-07-30,2024-08-02,True
2024-07-31,002952,56.5587,10.021905811530218,5.018295871270673,3.516128213587798,-4.937076474836477,0.05487804837280496,0.7169811316899369,-0.9674134339536011,0.19890360488912087,2.3630335295091065,-2.9496057648714546,0.4425860405275008,0.6349308459311676,True,,closed,2024-08-05,2024-08-05T15:00:00+08:00,-6.210000000000005,closed,2024-07-31,2024-08-05,True
2024-08-01,002869,17.5837,9.990141307347145,6.79642628271353,2.520780027858138,-2.9578727136318927,0.2738095246976996,0.18852459279552103,0.030788172941620395,0.7069381040816232,6.896097916724675,-0.615866309947366,0.7886780315213895,0.9437118044387263,True,,closed,2024-08-05,2024-08-05T15:00:00+08:00,-7.319879963065557,closed,2024-08-01,2024-08-05,True
2024-08-01,603739,51.7498,10.041841002277007,7.434640469705656,2.0770312366481,-1.8045112369347915,0.6307692378596353,0.9291338625311452,-1.0719755422503696,0.13750370328856054,4.870129846230409,-0.615866309947366,0.7886780315213895,0.9437118044387263,True,,closed,2024-08-06,2024-08-06T15:00:00+08:00,13.025294117647078,closed,2024-08-01,2024-08-06,True
2024-08-01,605008,71.8847,10.035842304134945,1.5715467083495582,2.0049433725605934,-2.6273885809806052,0.35616437836502796,0.9568965498204655,-0.8176614668058746,0.21942096715563741,1.1212538066514899,-0.615866309947366,0.7886780315213895,0.9437118044387263,True,,closed,2024-08-06,2024-08-06T15:00:00+08:00,-3.2602885408079216,closed,2024-08-01,2024-08-06,True
2024-08-01,605178,36.7742,10.040816296508371,3.215926493692911,2.3826533113286166,-1.4598539804703714,0.2416666656781602,1.016000001913114,-0.07407408286077555,0.3870967741342999,6.522425778449148,-0.615866309947366,0.7886780315213895,0.9437118044387263,True,,closed,2024-08-06,2024-08-06T15:00:00+08:00,0.012386953298725495,closed,2024-08-01,2024-08-06,True
2024-08-01,605198,71.8755,10.008779623153941,4.7221061366387485,2.7046410276014985,-8.490566025496783,0.11764705837034817,0.6596638651126905,-0.08247423171496848,0.07342531141796621,1.7789259202039442,-0.615866309947366,0.7886780315213895,0.9437118044387263,True,,closed,2024-08-05,2024-08-05T15:00:00+08:00,-6.210000000000005,closed,2024-08-01,2024-08-05,True
2024-08-02,000801,33.4129,10.051282077395562,15.25241673192439,2.3857627017740812,-3.9826839992915475,0.3088235301333433,1.371134017285166,-2.254283142519853,0.4431176507739476,7.732061201081608,-0.7703842315296971,0.7650466688123592,0.3900869005471516,True,,closed,2024-08-07,2024-08-07T15:00:00+08:00,-3.623284132841321,closed,2024-08-02,2024-08-07,True
2024-08-02,001236,41.5,10.015174508804382,12.752721617345951,4.063409738988743,-4.392764862611198,0.0816326535183452,1.2307692298245967,-0.9459459478044607,0.3083333333102369,6.293503475091811,-0.7703842315296971,0.7650466688123592,0.3900869005471516,True,,closed,2024-08-07,2024-08-07T15:00:00+08:00,-4.439195088676684,closed,2024-08-02,2024-08-07,True
2024-08-02,002313,40.1818,10.014513780809375,13.813813803411845,4.74806428347871,-8.510638305798945,0.033333333195524666,0.5178571439249903,-0.5471956529337407,0.3303030299476874,3.5612535319128336,-0.7703842315296971,0.7650466688123592,0.3900869005471516,True,,closed,2024-08-06,2024-08-06T15:00:00+08:00,-11.48922971114167,closed,2024-08-02,2024-08-06,True
2024-08-02,002896,37.0117,10.012111434414116,8.049167349533025,2.6722108534765283,-2.8620689663463983,0.19078947451178105,1.3607843120044716,-0.24849130071384895,0.3831375294109267,8.519348108302571,-0.7703842315296971,0.7650466688123592,0.3900869005471516,True,,closed,2024-08-06,2024-08-06T15:00:00+08:00,-6.210000000000005,closed,2024-08-02,2024-08-06,True
2024-08-02,600621,16.2985,10.008006419648208,15.075376888253956,2.4542572225136707,-2.845246354717379,0.025000003007793595,1.214876033821853,-0.9285714405959711,0.7283582085240822,6.463002758046654,-0.7703842315296971,0.7650466688123592,0.3900869005471516,True,,closed,2024-08-07,2024-08-07T15:00:00+08:00,-4.031196827685647,closed,2024-08-02,2024-08-07,True
2024-08-02,603082,46.9473,9.99017359438188,14.217687082311103,2.3702867740975977,-5.208625039558756,0.04923076689545751,1.0888157894098816,-4.6971935064763715,0.528678514782468,1.5998992037055793,-0.7703842315296971,0.7650466688123592,0.3900869005471516,True,,closed,2024-08-07,2024-08-07T15:00:00+08:00,1.6498884066955979,closed,2024-08-02,2024-08-07,True
2024-08-02,603721,45.2551,9.99999998539407,10.984095430383455,3.131185365250711,-4.565217382056219,0.06249999875906555,0.7956989256310715,-0.36446468399041754,0.24574829989162153,3.7279453730871603,-0.7703842315296971,0.7650466688123592,0.3900869005471516,True,,closed,2024-08-07,2024-08-07T15:00:00+08:00,-1.5817421124828543,closed,2024-08-02,2024-08-07,True
2024-08-05,000547,18.8889,9.938837920627442,22.278911560109748,5.139520309313392,-1.5277777773056167,0.06349206338573897,0.8437499997527316,-1.2693935061793171,0.685185185409502,4.1666666724231805,-1.3601914976154705,0.6904761904761905,0.2055984555984556,True,,closed,2024-08-08,2024-08-08T15:00:00+08:00,11.218571428571432,closed,2024-08-05,2024-08-08,True
2024-08-05,002703,28.2943,9.972801448684798,12.83720932754111,2.1039921599673117,-2.7552674146586353,0.11764706099774844,0.8898305087848256,-2.5000000114542953,0.52842809324135,3.120042302931081,-1.3601914976154705,0.6904761904761905,0.2055984555984556,True,,closed,2024-08-08,2024-08-08T15:00:00+08:00,-6.210000000000005,closed,2024-08-05,2024-08-08,True
2024-08-05,002760,60.2555,10.023677977720125,17.340067303503236,3.772658664558327,-4.229390670546518,0.16666666666666666,0.5606060585943442,-1.9461077374085534,0.2933593332262263,1.6607170901202117,-1.3601914976154705,0.6904761904761905,0.2055984555984556,True,,closed,2024-08-08,2024-08-08T15:00:00+08:00,3.0724427480915963,closed,2024-08-05,2024-08-08,True
2024-08-06,001358,44.0402,9.979529169754642,13.403693957346352,2.0581973239229523,-1.4636449589430889,0.08196721311475505,0.6852791862142293,0.4791566953291193,0.2659963437488936,4.255742266677731,-1.7179048492545146,0.4747507237053715,0.10903827597298167,True,,closed,2024-08-09,2024-08-09T15:00:00+08:00,-4.45415832141154,closed,2024-08-06,2024-08-09,True
2024-08-06,603158,35.2921,10.04304160960745,12.960235639843255,2.5618576894209824,-4.761904764747094,0.26666666542991213,0.6197183091231373,-1.2162161991927767,0.5302304069244517,2.467059159719942,-1.7179048492545146,0.4747507237053715,0.10903827597298167,True,,closed,2024-08-09,2024-08-09T15:00:00+08:00,-6.210000000000005,closed,2024-08-06,2024-08-09,True
2024-08-07,603978,55.9287,10.057142882467751,13.160987090122035,2.892646432698741,-5.611222475061373,0.2571428541742552,0.7499999985241318,-0.7430997590174515,0.36729222597451644,1.6525331755129935,-2.815038384376356,0.6258437801350049,0.8624236579877853,True,,closed,2024-08-12,2024-08-12T15:00:00+08:00,15.618877005347606,closed,2024-08-07,2024-08-12,True
2024-08-08,000526,32.4257,9.998224127868195,28.506224052143093,3.985827412670219,-4.004986714442138,0.37392138074809766,0.9137055821923996,-8.279220780820317,0.45957249099902014,3.1173908528373317,-2.5511189087322528,0.6229508196721312,0.37833494053359046,True,,closed,2024-08-13,2024-08-13T15:00:00+08:00,0.9935398230088479,closed,2024-08-08,2024-08-13,True
2024-08-08,002209,69.8678,10.06535950563463,15.500685897399858,2.2391067753680542,-5.05882357011288,0.17948717339286088,0.539473677791234,-1.7348202558240322,0.4574572202961762,0.20135913678313022,-2.5511189087322528,0.6229508196721312,0.37833494053359046,True,,closed,2024-08-13,2024-08-13T15:00:00+08:00,-2.479861286254715,closed,2024-08-08,2024-08-13,True
2024-08-08,002644,26.982,10.060975616243617,13.522012591384968,2.607687522574949,-3.931847975019187,0.27631578944347496,1.1718749991906063,-2.864938603846834,0.5502996407827545,3.6691904526884977,-2.5511189087322528,0.6229508196721312,0.37833494053359046,True,,closed,2024-08-13,2024-08-13T15:00:00+08:00,3.160786516853941,closed,2024-08-08,2024-08-13,True
2024-08-08,600272,12.8225,9.98980636285538,8.333333346232585,2.090182066573838,-0.4524886726311017,0.3506493514294402,1.2413793066784362,-1.818181827100851,0.7862908877530724,3.033772173009597,-2.5511189087322528,0.6229508196721312,0.37833494053359046,True,,closed,2024-08-12,2024-08-12T15:00:00+08:00,-6.210000000000005,closed,2024-08-08,2024-08-12,True
2024-08-08,603212,45.924,10.010319869051386,8.664627932921508,4.397032135405736,-2.5270758929940795,0.3064516126484873,1.1818181829742824,-1.3888888145913603,0.2346007829534477,3.639548511955737,-2.5511189087322528,0.6229508196721312,0.37833494053359046,True,,closed,2024-08-13,2024-08-13T15:00:00+08:00,-2.2757276995305173,closed,2024-08-08,2024-08-13,True
2024-08-09,002796,23.6431,9.975369464738248,9.168704205169643,2.0829087261785357,-3.337041126246787,0.050000002697014934,0.6800000011507261,0.2301495851238622,0.6059479553962979,4.062126635380281,-3.6108967008239734,0.6258437801350049,0.5184828029572485,True,,closed,2024-08-12,2024-08-12T15:00:00+08:00,-6.210000000000005,closed,2024-08-09,2024-08-12,True
2024-08-09,600345,41.3656,9.975369444046533,12.752525262659042,3.649302493838884,-6.670061097914837,0.22352941169542923,1.3643410848803117,0.0,0.3105726869842655,7.861598206096909,-3.6108967008239734,0.6258437801350049,0.5184828029572485,True,,closed,2024-08-12,2024-08-12T15:00:00+08:00,-7.847752318603375,closed,2024-08-09,2024-08-12,True
2024-08-09,603042,87.3348,10.043196565198764,8.519701828428627,5.484174085064293,-8.248378146999592,0.135922329308609,0.49999999830325215,-3.0303030318091673,0.1810344826489173,0.13523354020171796,-3.6108967008239734,0.6258437801350049,0.5184828029572485,True,,closed,2024-08-14,2024-08-14T15:00:00+08:00,-0.3141666666666718,closed,2024-08-09,2024-08-14,True
2024-08-09,603768,53.9843,10.028382130998947,16.41641632995863,2.648609766219394,-3.418803399171544,0.29824561521672904,0.6944444464193174,-1.150442462542356,0.2706611578852001,2.2332051954571552,-3.6108967008239734,0.6258437801350049,0.5184828029572485,True,,closed,2024-08-14,2024-08-14T15:00:00+08:00,-2.537663384064438,closed,2024-08-09,2024-08-14,True
2024-08-12,603079,71.1826,10.016420341126043,20.612061212734154,2.328788545179104,-13.210227277210473,0.047999999165321286,-1.2692307853079967,-2.045826497285297,0.46544715459127284,0.0667891000860732,-4.0540824634021195,0.5620179948586118,0.22397172236503857,True,,closed,2024-08-15,2024-08-15T15:00:00+08:00,-6.210000000000005,closed,2024-08-12,2024-08-15,True
2024-08-13,603121,40.3136,10.044313176536534,4.341736740744784,2.248717239891311,-1.3333332803594056,0.26666666891132546,0.9206349199986806,-1.0810810921486058,0.33198380565145974,2.9825548702737015,-4.325987192509628,0.47204370179948585,0.265745501285347,True,,closed,2024-08-16,2024-08-16T15:00:00+08:00,4.161584699453535,closed,2024-08-13,2024-08-16,True
2024-08-13,603375,64.4187,10.010881375403047,18.31480399098735,3.635320593226592,-6.28945521197688,0.009009010172668076,0.892215569624546,-2.7944111708985253,0.44256959430604975,0.6770375792553462,-4.325987192509628,0.47204370179948585,0.265745501285347,True,,closed,2024-08-16,2024-08-16T15:00:00+08:00,-0.6976796714578857,closed,2024-08-13,2024-08-16,True
2024-08-14,000710,75.7597,9.99999998856147,15.870786501454216,3.821492579480343,-2.5735294211700177,0.5624999996276528,0.58904109615872,-1.886792465046483,0.3983050844274328,0.025647595760514008,-4.684955448144135,0.5324550128534704,0.6751285347043702,True,,closed,2024-08-19,2024-08-19T15:00:00+08:00,-2.902307692307694,closed,2024-08-14,2024-08-19,True
2024-08-14,605255,31.7199,10.016834993767198,12.867012091822039,2.1827561523461605,-2.272727292857446,0.6226415105545549,0.8650793643995811,-1.8604651470844447,0.5469464644365809,2.6597469583975686,-4.684955448144135,0.5324550128534704,0.6751285347043702,True,,closed,2024-08-19,2024-08-19T15:00:00+08:00,-2.500679304897325,closed,2024-08-14,2024-08-19,True
2024-08-15,002729,29.5595,10.054054065440532,5.274043440270293,5.525223935266891,-4.209541642577608,0.13157894687232433,1.0909090894290006,-1.3671875011613932,0.507341109225067,3.6960985539444824,-5.493085415057863,0.43944747831673625,0.21876003854802442,True,,closed,2024-08-20,2024-08-20T15:00:00+08:00,-0.1109900990099009,closed,2024-08-15,2024-08-20,True
2024-08-15,003001,11.8912,10.000000041347645,16.01562502403786,2.3744296475028226,-2.1693121531023096,0.09016393207604745,1.389534881909595,-1.7847485010411002,0.8018138059061266,5.275362330045863,-5.493085415057863,0.43944747831673625,0.21876003854802442,True,,closed,2024-08-20,2024-08-20T15:00:00+08:00,11.959603524229067,closed,2024-08-15,2024-08-20,True
2024-08-15,600817,14.5578,10.020040061796909,1.7608896952742592,2.01524741726964,-3.152364277344255,0.13675213706114928,1.126984128963429,-0.5424954738689758,0.7573696146667973,9.56175299875872,-5.493085415057863,0.43944747831673625,0.21876003854802442,True,,closed,2024-08-20,2024-08-20T15:00:00+08:00,29.33545454545454,closed,2024-08-15,2024-08-20,True
2024-08-15,603966,46.2677,10.015649451874719,11.587301618042245,2.3517653221581982,-2.8493893995769404,0.21739130510902252,1.2166666675614932,-3.35195533491085,0.30206694906342735,2.6706231258642354,-5.493085415057863,0.43944747831673625,0.21876003854802442,True,,closed,2024-08-20,2024-08-20T15:00:00+08:00,-2.233121387283233,closed,2024-08-15,2024-08-20,True
2024-08-15,605178,33.6,10.000000051244129,2.0029673858022123,3.2644469957902795,-3.203342602921866,0.15789473158467768,1.1249999970344824,0.0,0.43999999977959503,3.948549196934037,-5.493085415057863,0.43944747831673625,0.21876003854802442,True,,closed,2024-08-20,2024-08-20T15:00:00+08:00,6.1928776978417135,closed,2024-08-15,2024-08-20,True
2024-08-15,605218,20.8869,9.987277370159141,-4.210526288098782,2.1618414425304726,-1.2965050881838414,0.3170731682337024,1.1286549681422102,-1.199314674451113,0.6518847004793864,3.953851676416553,-5.493085415057863,0.43944747831673625,0.21876003854802442,True,,closed,2024-08-20,2024-08-20T15:00:00+08:00,1.2928901734103873,closed,2024-08-15,2024-08-20,True
2024-08-19,603917,27.1111,10.00971818946621,5.992509400297297,2.1103351315005274,-1.721170402651384,0.08571428553371548,1.1020408130099326,-0.7005253619893459,0.5481486972077084,4.439123251226773,-5.464287248206845,0.4107257546563905,0.22800256904303148,True,,closed,2024-08-22,2024-08-22T15:00:00+08:00,-5.765555555555546,closed,2024-08-19,2024-08-22,True
2024-08-20,002888,18.2605,10.02785512136839,9.951287389060148,2.34599235642113,-3.9130434865529917,0.12213740621517848,0.7676056355881673,-0.9049773851662501,0.7822263966858036,2.61044175522791,-4.493893895317836,0.4044330228075811,0.4185672984259557,True,,closed,2024-08-23,2024-08-23T15:00:00+08:00,8.074409654272683,closed,2024-08-20,2024-08-23,True
2024-08-21,002987,57.799,9.978540766111088,8.811040340735987,7.488256531180475,-6.471631211298289,0.17045454561898166,1.5084745777344495,-6.350710905713896,0.3375527426251016,1.6460905296959316,-3.115662822925702,0.21515735388567758,0.08285163776493257,True,,closed,2024-08-26,2024-08-26T15:00:00+08:00,7.381093117408909,closed,2024-08-21,2024-08-26,True
2024-08-21,605398,22.4029,10.036101080805683,12.141559290912362,5.241239014863838,-5.285285280547248,0.4567901239179481,1.4015151508818458,-2.98034241924352,0.626617829839903,6.107177702438138,-3.115662822925702,0.21515735388567758,0.08285163776493257,True,,closed,2024-08-22,2024-08-22T15:00:00+08:00,-6.210000000000005,closed,2024-08-21,2024-08-22,True
2024-08-23,000020,67.4279,9.999999974027961,9.5435684557869,5.763480261046325,-3.801945178299271,0.3047619054780502,1.333333334776225,-6.249999997612865,0.4597701154366457,0.3739421378252228,-2.5339543290445743,0.14510433386837882,0.15537720706260033,True,,closed,2024-08-28,2024-08-28T15:00:00+08:00,5.86843137254902,closed,2024-08-23,2024-08-28,True
2024-08-23,002642,15.6054,10.00000000731891,17.57246375769983,2.4231093826710035,-4.579025112572954,0.03333333441286941,0.9523809527073418,0.0,0.73991031443103,6.145251404179275,-2.5339543290445743,0.14510433386837882,0.15537720706260033,True,,closed,2024-08-27,2024-08-27T15:00:00+08:00,-6.209999999999995,closed,2024-08-23,2024-08-27,True
2024-08-23,605177,37.241,10.025974058782827,4.955401404009674,2.060306053869617,-0.9915014249823773,0.023255813437373984,0.8900523551577062,-1.430615150979131,0.37936078302476717,2.9998006943920075,-2.5339543290445743,0.14510433386837882,0.15537720706260033,True,,closed,2024-08-26,2024-08-26T15:00:00+08:00,-12.691857764876648,closed,2024-08-23,2024-08-26,True
2024-08-26,000561,22.6286,9.999999974428576,3.3898305074561375,4.563426456686579,-0.7052185801467159,0.22727273291270617,1.5409836108542159,-4.5454545781865585,0.6228571429717447,3.8559616555693177,-2.4081825762702236,0.14129736673089274,0.3590237636480411,True,,closed,2024-08-27,2024-08-27T15:00:00+08:00,-6.210000000000005,closed,2024-08-26,2024-08-27,True
2024-08-26,002799,25.6771,9.999999986884278,6.502327313848322,2.257022197630517,-5.735294151451775,0.06349206378451668,0.8571428561558343,0.0,0.5720490097380765,4.058441544961755,-2.4081825762702236,0.14129736673089274,0.3590237636480411,True,,closed,2024-08-29,2024-08-29T15:00:00+08:00,-2.0820748829953337,closed,2024-08-26,2024-08-29,True
2024-08-27,603038,20.5618,10.058309048080405,4.71567270658686,6.182234516674351,-6.1050061214245055,0.09090908789677114,1.2258064484973676,-1.430429107782416,0.6573033711069838,5.600445819708599,-1.9617829961701694,0.18202247191011237,0.730016051364366,True,,closed,2024-08-30,2024-08-30T15:00:00+08:00,5.990527704485492,closed,2024-08-27,2024-08-30,True
2024-08-28,600552,8.2915,9.990574930630114,17.168674706082765,4.0312809855198815,-4.255319174565475,0.14851485139205284,1.0652173899579302,2.6495726139486253,0.8618090450050555,11.368694319880767,-1.900882713803309,0.14959871589085072,0.19390048154093098,True,,closed,2024-08-29,2024-08-29T15:00:00+08:00,-10.534729392173194,closed,2024-08-28,2024-08-29,True
2024-08-29,603038,65.9163,10.01300392375548,17.991631818762023,3.2552276013804238,-7.411385613782873,0.09210526212117988,1.1818181810113118,-8.81670533523562,0.5,0.3062787139346934,-4.5201685955368776,0.17207062600321027,0.6192616372391653,True,,closed,2024-09-03,2024-09-03T15:00:00+08:00,-0.33722646310433513,closed,2024-08-29,2024-09-03,True
2024-08-30,002933,10.1465,10.000000008569998,9.078889356015019,2.4461319411485523,-0.8076923039413431,0.4378698198521838,1.4622222213080889,-0.19387359706910523,0.8308918174647215,6.742970882819077,-4.140829013937775,0.26018607635547003,0.7516843118383061,True,,closed,2024-09-04,2024-09-04T15:00:00+08:00,-4.250404040404033,closed,2024-08-30,2024-09-04,True
2024-09-02,002843,33.3441,9.991876524166177,8.40672537873517,2.4011292813062157,-0.9668508261772346,0.5564516127921612,1.9638554126799954,-4.81171547685314,0.4442649434794737,5.764760571944372,-1.8603045982853117,0.45285439384220655,0.8559974342527261,True,,closed,2024-09-05,2024-09-05T15:00:00+08:00,-6.210000000000005,closed,2024-09-02,2024-09-05,True
2024-09-03,000766,21.4894,9.972489682432006,11.273486434266399,3.080748824917795,-3.380782919629144,0.27108433625603506,1.6122448975864596,-0.06138735230525327,0.6418439715111699,10.929408557043473,-2.342281820979797,0.33622072505614375,0.18254732114212383,True,,closed,2024-09-04,2024-09-04T15:00:00+08:00,-6.210000000000005,closed,2024-09-03,2024-09-04,True
2024-09-03,002384,46.3097,9.986130346523092,5.7333333230769945,2.0589238746379372,-4.831320245835736,0.32240437363617314,0.5648148192323704,-0.875273571686519,0.5551651436533999,1.528531065909644,-2.342281820979797,0.33622072505614375,0.18254732114212383,True,,closed,2024-09-06,2024-09-06T15:00:00+08:00,-6.210000000000005,closed,2024-09-03,2024-09-06,True
2024-09-03,002819,17.0963,9.985802152833534,2.4691358028798405,5.640474305455593,-0.5684124822022518,0.3141025684431299,1.6157635501120406,-4.2057983062623645,0.7150610583974261,5.0510478130029846,-2.342281820979797,0.33622072505614375,0.18254732114212383,True,,closed,2024-09-06,2024-09-06T15:00:00+08:00,-0.337877237851659,closed,2024-09-03,2024-09-06,True
2024-09-03,002889,42.8829,9.999999999999986,4.10094639181684,2.3525288581892356,-2.9325513194771946,0.04310344919885042,1.113636366202424,-0.3021148096107318,0.28528528559664884,5.279948958847158,-2.342281820979797,0.33622072505614375,0.18254732114212383,True,,closed,2024-09-06,2024-09-06T15:00:00+08:00,-5.846363636363628,closed,2024-09-03,2024-09-06,True
2024-09-03,002946,25.7135,10.03671970443083,8.31325300629504,3.604434496479951,-2.065217393719332,0.5128205121895831,1.1818181826112821,0.0,0.5714417069402016,6.829499641876624,-2.342281820979797,0.33622072505614375,0.18254732114212383,True,,closed,2024-09-06,2024-09-06T15:00:00+08:00,3.1196337402885845,closed,2024-09-03,2024-09-06,True
2024-09-03,603256,39.4576,9.938837922693278,11.128284389696752,2.0340862422997947,-0.41724618026734994,0.5428571427000942,0.9491525417925785,-1.1173184358292398,0.342372881247609,6.46616541053644,-2.342281820979797,0.33622072505614375,0.18254732114212383,True,,closed,2024-09-06,2024-09-06T15:00:00+08:00,-0.06875706214688562,closed,2024-09-03,2024-09-06,True
2024-09-04,002950,21.6132,9.999999945670467,10.494752621915392,2.5525440757069093,-4.223433250839759,0.031249997037696597,-1.0000000356870467,0.7112375715109476,0.6397797593448047,3.387850479191723,-2.0805096292857317,0.4136713735558408,0.7179075738125802,True,,closed,2024-09-09,2024-09-09T15:00:00+08:00,2.049887005649719,closed,2024-09-04,2024-09-09,True
2024-09-04,603726,17.9633,10.022107570276173,12.594268477662629,2.706079824046436,-2.5434243144795587,0.18390804713139752,1.5454545465125835,-4.837682998976767,0.7006109983430306,5.8482016561513195,-2.0805096292857317,0.4136713735558408,0.7179075738125802,True,,closed,2024-09-06,2024-09-06T15:00:00+08:00,-6.210000000000016,closed,2024-09-04,2024-09-06,True
2024-09-04,605178,26.6109,10.014947647647032,-1.472556926002866,2.2768599685322544,-2.8387096476765517,0.15671642028867486,1.231292520794497,0.0,0.5564853558686611,6.596829004602522,-2.0805096292857317,0.4136713735558408,0.7179075738125802,True,,closed,2024-09-09,2024-09-09T15:00:00+08:00,-1.0068127490039833,closed,2024-09-04,2024-09-09,True
2024-09-05,002229,48.0663,10.000000004644782,6.410256409392345,2.3600566937250353,-1.967213125252798,0.2790697655653596,0.807228914459485,0.4459308783657301,0.19889502759489072,3.5929864806190537,-2.6731795316399354,0.3708694257298685,0.2248957330766763,True,,closed,2024-09-10,2024-09-10T15:00:00+08:00,-1.0979023307436173,closed,2024-09-05,2024-09-10,True
2024-09-05,603004,63.4825,10.000000010785648,24.25925926399739,4.029807394038521,-17.38934057760827,0.042288557592552976,-0.6283185773467646,-3.991252076615792,0.368275860857946,1.081568300478486,-2.6731795316399354,0.3708694257298685,0.2248957330766763,True,,closed,2024-09-09,2024-09-09T15:00:00+08:00,-6.209999999999995,closed,2024-09-05,2024-09-09,True
2024-09-06,000058,25.8902,10.000000022915412,27.224199284079265,3.4241818401384734,-5.305039783980714,0.33333333404978416,0.9285714274857831,-5.462184897365397,0.6263345192145421,2.7397260043267035,-2.548028874011088,0.49197689345314505,0.7429396662387676,True,,closed,2024-09-12,2024-09-12T15:00:00+08:00,-7.765555555555548,closed,2024-09-06,2024-09-12,True
2024-09-06,603978,18.3673,9.959758541470688,15.295358680247562,2.61473029578804,-2.245250424087042,0.14634146857709937,1.4698795196559187,-2.47349826835378,0.6938775505384919,6.893880679190656,-2.548028874011088,0.49197689345314505,0.7429396662387676,True,,closed,2024-09-09,2024-09-09T15:00:00+08:00,-7.818695652173914,closed,2024-09-06,2024-09-09,True
2024-09-09,002095,20.5536,10.035523982628124,13.98344066785604,2.0230814508891957,-1.4717273458884628,0.11111110935009344,1.4583333325550247,-0.8647798600829537,0.6574394466378444,6.93690638761526,-3.009970804054596,0.34253611556982344,0.11813804173354735,True,,closed,2024-09-12,2024-09-12T15:00:00+08:00,-4.3337113402061815,closed,2024-09-09,2024-09-12,True
2024-09-09,002383,65.3547,10.084033638176425,18.444846305899375,2.462184339996006,-4.434907008137046,0.13114754092758268,1.2166666659717915,-8.383233539287627,0.48341232263073847,0.4230393748280936,-3.009970804054596,0.34253611556982344,0.11813804173354735,True,,closed,2024-09-12,2024-09-12T15:00:00+08:00,-3.151176470588236,closed,2024-09-09,2024-09-12,True
2024-09-09,002931,77.6509,10.0598802545125,17.070063701305727,4.191226687680588,-3.4782608634161605,0.3086419723339288,0.5507246360414122,-2.927927937828234,0.2698412690763441,0.4618937798405498,-3.009970804054596,0.34253611556982344,0.11813804173354735,True,,closed,2024-09-12,2024-09-12T15:00:00+08:00,-5.546426914153125,closed,2024-09-09,2024-09-12,True
2024-09-09,002989,24.7304,10.006064274560323,20.611702086384586,6.3004748701278,-6.26315792995068,0.013824883258757121,0.6451612871579655,-1.2914093193839626,0.5878260866391798,6.882295715797504,-3.009970804054596,0.34253611556982344,0.11813804173354735,True,,closed,2024-09-12,2024-09-12T15:00:00+08:00,0.9845392491467644,closed,2024-09-09,2024-09-12,True
2024-09-09,603232,73.2215,10.040567941808742,16.167023535960247,3.5856829256900875,-4.147465427133145,0.3205128211151059,-0.07142856807298653,-2.0192307836942924,0.3323262836560353,0.5129216662094205,-3.009970804054596,0.34253611556982344,0.11813804173354735,True,,closed,2024-09-12,2024-09-12T15:00:00+08:00,2.635927379784108,closed,2024-09-09,2024-09-12,True
2024-09-11,000504,61.0055,10.013908186984356,23.59374995782233,3.290607632612223,-7.380952399019092,0.12244897827049285,-12.000002595722286,-4.755784064698565,0.49590163839961343,0.6930289334133866,-4.157731998956327,0.3874076453581754,0.558303886925795,True,,closed,2024-09-18,2024-09-18T15:00:00+08:00,-6.210000000000005,closed,2024-09-11,2024-09-18,True
2024-09-11,600148,52.6785,10.007358353277706,26.05396287950461,4.690691701355061,-7.368421047630569,0.2660098529953723,1.0185185224654374,-10.026737978199629,0.40896375345213776,1.708777569733777,-4.157731998956327,0.3874076453581754,0.558303886925795,True,,closed,2024-09-18,2024-09-18T15:00:00+08:00,7.293714710252596,closed,2024-09-11,2024-09-18,True
2024-09-12,002058,54.2254,9.986504708455302,16.428571405466297,2.2846012560729942,-6.563245859394606,0.23611110892717727,0.5733333306497165,-0.7662835138244062,0.396610169163879,1.648351646241819,-3.7201604356772,0.33397559409120103,0.2662170841361593,True,,closed,2024-09-19,2024-09-19T15:00:00+08:00,1.5918018018018056,closed,2024-09-12,2024-09-19,True
2024-09-13,603399,21.7778,10.08264461878532,10.631229229284322,2.383814161235996,-5.099150120688245,0.04545454496345868,1.0615384615545351,-1.0447761112186371,0.63703703867285,5.171319800836827,-5.071226315869792,0.3542068079640334,0.40333975594091204,True,,closed,2024-09-18,2024-09-18T15:00:00+08:00,-6.210000000000016,closed,2024-09-13,2024-09-18,True
2024-09-18,002163,38.1496,9.946714046984507,9.363957609752372,3.079731416578648,-4.361370722855707,0.024390242244745293,0.9019607825006708,-1.7915309286482994,0.6408450706670359,1.7549780673032922,-5.57105170499822,0.27360308285163776,0.20905587668593448,True,,closed,2024-09-23,2024-09-23T15:00:00+08:00,-0.5416749585406397,closed,2024-09-18,2024-09-23,True
2024-09-18,002265,44.377,10.047846882931744,11.515151519034328,2.1151804980463056,-1.222222231283765,0.314285713308804,0.6477272720962579,-1.124859384702026,0.7074829933218848,0.9880514723179079,-5.57105170499822,0.27360308285163776,0.20905587668593448,True,,closed,2024-09-23,2024-09-23T15:00:00+08:00,5.2507508532423355,closed,2024-09-18,2024-09-23,True
2024-09-18,600178,44.6744,10.012674275932177,17.615176136233156,3.1835737591820807,-3.1111111285514803,0.1698113219127275,1.056338029551756,-1.3761468197918125,0.4092328969273901,2.3078753100354676,-5.57105170499822,0.27360308285163776,0.20905587668593448,True,,closed,2024-09-23,2024-09-23T15:00:00+08:00,6.301627906976769,closed,2024-09-18,2024-09-23,True
2024-09-19,600449,44.8997,10.000000012324396,5.857740587262805,2.4268281146532966,-3.8048780565939633,0.2542372871584216,0.7011494242387482,-0.8113590233835066,0.2537313431017224,2.990732938595997,-5.539462991604315,0.2500803600128576,0.3394406943105111,True,,closed,2024-09-24,2024-09-24T15:00:00+08:00,14.002678936605315,closed,2024-09-19,2024-09-24,True
2024-09-23,002848,12.4109,9.99999999688097,-2.762430949356387,2.616841183942276,-1.6597510462230236,0.2647058803671238,1.1458333333766546,-0.14064696398707888,0.8074074076593255,2.9358463280801494,-3.630290504525635,0.45755627009646305,0.32893890675241155,True,,closed,2024-09-26,2024-09-26T15:00:00+08:00,8.381549295774636,closed,2024-09-23,2024-09-26,True
2024-09-23,600379,19.0909,10.000000004281763,14.41102756981525,2.4786844387561784,-6.521739139232263,0.11111111147673518,0.8924731186082886,1.3289036582768254,0.6818181818793708,6.742883815474965,-3.630290504525635,0.45755627009646305,0.32893890675241155,True,,closed,2024-09-24,2024-09-24T15:00:00+08:00,-6.210000000000005,closed,2024-09-23,2024-09-24,True
2024-09-23,603068,39.2483,9.994256193943297,4.416575773639808,2.329807923836337,-2.1499999896526734,0.21374045824442,1.3111111130530746,0.0,0.3458614329836333,6.651407406650645,-3.630290504525635,0.45755627009646305,0.32893890675241155,True,,closed,2024-09-26,2024-09-26T15:00:00+08:00,3.7245937659683195,closed,2024-09-23,2024-09-26,True
2024-09-24,002313,37.8113,10.084033615021903,9.531772580141173,3.1758738433865337,-3.5398229874804343,0.22499999860467843,0.9777777807177082,-0.45871559345948,0.3698113216077709,6.1297685183164585,-3.029516446049896,0.477491961414791,0.5154340836012862,True,,closed,2024-09-27,2024-09-27T15:00:00+08:00,8.084930875576022,closed,2024-09-24,2024-09-27,True
2024-09-24,002803,14.1772,10.040160619492845,9.381237496574425,2.5656330046793836,-1.6725352158257767,0.38461538542170826,1.2210526335518888,0.0,0.7637130805027629,8.911856478769087,-3.029516446049896,0.477491961414791,0.5154340836012862,True,,closed,2024-09-27,2024-09-27T15:00:00+08:00,10.801638316920336,closed,2024-09-24,2024-09-27,True
2024-09-24,002990,12.0,9.982983541553425,7.423822700817961,2.312096420032205,-2.537823314824228,0.24545454629115052,1.3580246918355872,0.10015023128497891,0.7999999999999994,9.378419793956617,-3.029516446049896,0.477491961414791,0.5154340836012862,True,,closed,2024-09-27,2024-09-27T15:00:00+08:00,6.19320160080039,closed,2024-09-24,2024-09-27,True
2024-09-24,605398,15.4859,10.026560420964659,4.939835350414934,4.738719865927549,-1.9495412866975093,0.13675213755824003,1.3509933771868254,-1.7543859608950996,0.7419023571949019,7.540647804264666,-3.029516446049896,0.477491961414791,0.5154340836012862,True,,closed,2024-09-27,2024-09-27T15:00:00+08:00,6.5161904761904745,closed,2024-09-24,2024-09-27,True
2024-09-25,002268,15.4054,10.03891054755437,14.216478194432547,2.9330658683153605,-2.96495958821007,0.21505376802283865,1.2260869581962888,-1.527777828591792,0.7432432420640459,7.505686075391349,0.7429089583375292,0.8518161362905818,0.9668916747026679,True,,closed,2024-09-30,2024-09-30T15:00:00+08:00,18.97194640338504,closed,2024-09-25,2024-09-30,True
2024-09-25,002868,35.5372,9.964726628291064,0.9716598867379522,3.311689794986009,-7.349665910724235,0.31724137996581747,1.0091743144296477,0.0,0.40771349870515794,3.805364939042466,0.7429089583375292,0.8518161362905818,0.9668916747026679,True,,closed,2024-09-30,2024-09-30T15:00:00+08:00,22.225897435897423,closed,2024-09-25,2024-09-30,True
2024-09-26,000555,18.5496,10.034602099458478,15.776699064681043,2.9820601485206293,-3.0243902287635294,0.14062500130460923,1.4545454525971013,-2.6156941892322427,0.6908396937589663,7.127047350460947,2.3256562510998835,0.9000321440051431,0.7753134040501446,True,,closed,2024-10-08,2024-10-08T15:00:00+08:00,28.509008264462828,closed,2024-09-26,2024-10-08,True
2024-09-26,000697,28.0,9.982174680075273,14.048059134092949,2.839823271456362,-0.6379585232115126,0.32500000066106066,1.1071428579860472,-1.765650064451163,0.533333333529203,4.15248469773335,2.3256562510998835,0.9000321440051431,0.7753134040501446,True,,closed,2024-10-08,2024-10-08T15:00:00+08:00,20.214836601307184,closed,2024-09-26,2024-10-08,True
2024-09-26,001206,29.4897,10.017123286422036,6.110652352020218,3.5488088900718657,-2.566037751329031,0.4927536204567311,1.0526315791544163,-1.5491866681957567,0.5085051644914909,4.129116835122226,2.3256562510998835,0.9000321440051431,0.7753134040501446,True,,closed,2024-10-08,2024-10-08T15:00:00+08:00,19.695586152635713,closed,2024-09-26,2024-10-08,True
2024-09-26,002952,35.3923,9.990059640210935,12.107396130116266,2.2995568657641248,-3.5366931806108393,0.049107142501018136,0.8544600950066759,-1.191567378017988,0.41012909624402105,3.207276205354659,2.3256562510998835,0.9000321440051431,0.7753134040501446,True,,closed,2024-10-08,2024-10-08T15:00:00+08:00,24.047884972170696,closed,2024-09-26,2024-10-08,True
2024-09-26,600830,13.5211,10.0241545411754,17.245817188237766,2.2351662975530466,-2.5614754258515338,0.12068964914313965,1.5633802913115584,-3.0494216179212885,0.7746478876388265,4.558856940955658,2.3256562510998835,0.9000321440051431,0.7753134040501446,True,,closed,2024-10-08,2024-10-08T15:00:00+08:00,39.81169197396961,closed,2024-09-26,2024-10-08,True
2024-09-27,002790,25.2273,10.000000023261313,15.70121952845669,3.137060436285612,-2.258469268011787,0.7439024374966989,1.3030303018512175,-1.5404364353080124,0.5795454552086904,9.134889037307904,7.260567313318433,0.9594985535197685,0.9656059144969463,True,,closed,2024-10-10,2024-10-10T15:00:00+08:00,0.3115123859191762,closed,2024-09-27,2024-10-10,True
2024-10-08,001212,8.8344,9.984794719978595,9.984794719978595,2.2286755892928487,-0.3783102142168038,0.9473684210526306,2.129943505361885,9.493670882071047,0.8527607362715778,25.338098909882856,22.582246411411,0.9964607464607464,0.9980694980694981,True,,closed,2024-10-10,2024-10-10T15:00:00+08:00,-17.705183044315977,closed,2024-10-08,2024-10-10,True
2024-10-08,603816,0.0,9.822090434639108,26.73224977902029,2.794015176458877,-0.4166666674120245,0.399209486107878,1.9113924073735171,8.979723205674262,1.0,23.666910161692776,22.582246411411,0.9964607464607464,0.9980694980694981,True,,closed,2024-10-09,2024-10-09T15:00:00+08:00,-14.563219137625518,closed,2024-10-08,2024-10-09,True
2024-10-09,002690,6.5814,9.986225898217093,26.645519423942687,3.1684369294276413,-1.5936255011573142,0.7647058820854559,3.640000003174601,-1.8507807944143417,0.8903107861180898,13.923200863838424,28.14039245722928,0.9942066301898937,0.9053749597682652,True,,closed,2024-10-10,2024-10-10T15:00:00+08:00,-6.209999999999995,closed,2024-10-09,2024-10-10,True
2024-10-09,002749,26.4336,8.217054262869826,11.058074779689186,2.024541958832843,-9.713168140455409,0.29047619358735,0.8333333427350351,-2.888086691840497,0.5594405594113389,3.4297139180368585,28.14039245722928,0.9942066301898937,0.9053749597682652,True,,closed,2024-10-11,2024-10-11T15:00:00+08:00,-6.210000000000005,closed,2024-10-09,2024-10-11,True
2024-10-09,003037,16.5421,8.965517244251075,26.653306633052097,2.385272882681361,-3.9358600616757333,0.5679012340083738,2.2272727236799157,-3.6418816290588296,0.7242990655239264,6.902356908435281,28.14039245722928,0.9942066301898937,0.9053749597682652,True,,closed,2024-10-10,2024-10-10T15:00:00+08:00,-6.351732283464563,closed,2024-10-09,2024-10-10,True
2024-10-09,603507,12.971,9.589041087440586,14.867994429939824,2.056787260724511,-6.52492670017627,0.2192982440876791,1.6306306273510478,-0.03921566354190276,0.783816425461548,10.855005667230188,28.14039245722928,0.9942066301898937,0.9053749597682652,True,,closed,2024-10-11,2024-10-11T15:00:00+08:00,-6.210000000000005,closed,2024-10-09,2024-10-11,True
2024-10-14,000151,40.8796,10.034305329081139,22.657743776210726,2.1220488580272736,-2.6315789650865673,0.06153846025164194,0.7999999988401453,-1.5898251166717503,0.7298311443070857,1.149792404741512,19.525516079288717,0.9716859716859717,0.09652509652509653,True,,closed,2024-10-17,2024-10-17T15:00:00+08:00,-2.956365105008086,closed,2024-10-14,2024-10-17,True
2024-10-14,002116,43.5424,9.98970133114696,22.196796319716626,2.187361720478494,-3.277153558200041,0.07692307754576057,0.6354166667580162,-1.2584704755694287,0.6485623000552475,1.315789477435203,19.525516079288717,0.9716859716859717,0.09652509652509653,True,,closed,2024-10-17,2024-10-17T15:00:00+08:00,-3.5433333333333326,closed,2024-10-14,2024-10-17,True
2024-10-14,002287,52.0626,9.986320111308844,28.63999999994782,2.848577935490705,-4.62618751669448,0.4039999996183013,0.4635416679443494,-0.08661758035194422,0.6954102921918314,0.4659590934821711,19.525516079288717,0.9716859716859717,0.09652509652509653,True,,closed,2024-10-17,2024-10-17T15:00:00+08:00,0.136770697876031,closed,2024-10-14,2024-10-17,True
2024-10-14,002989,54.2122,10.024330906166501,25.890868589292193,2.42366074467361,-8.650229827345758,0.006600660173663329,0.5033112595785991,-0.2744739291774989,0.7122774135320585,0.22883295197690945,19.525516079288717,0.9716859716859717,0.09652509652509653,True,,closed,2024-10-17,2024-10-17T15:00:00+08:00,4.835871559633008,closed,2024-10-14,2024-10-17,True
2024-10-14,603860,38.0235,9.999999982660434,17.660638706781185,2.7840716836894543,-13.095238104460805,0.06567796638297738,0.2580645146242248,-0.9931506820595293,0.5134575566857985,2.3376798844323865,19.525516079288717,0.9716859716859717,0.09652509652509653,True,,closed,2024-10-17,2024-10-17T15:00:00+08:00,2.937699757869238,closed,2024-10-14,2024-10-17,True
2024-10-15,600415,16.92,10.009910807890465,28.02768168907481,2.146244156516062,-10.149750418184201,0.17058823482157873,0.49999999807113266,0.0,0.7179999998009409,4.388169328365521,21.5971843212418,0.9823151125401929,0.9257234726688103,True,,closed,2024-10-18,2024-10-18T15:00:00+08:00,1.178888888888884,closed,2024-10-15,2024-10-18,True
2024-10-16,003042,16.2451,9.992372238291658,24.31034486910455,2.420432062990867,-7.379134849238644,0.1076923072431585,1.133333332369444,-1.4423077354180913,0.7292490108526822,3.4010663946169473,19.3309227795476,0.9630225080385852,0.12636655948553055,True,,closed,2024-10-21,2024-10-21T15:00:00+08:00,-0.906864111498241,closed,2024-10-16,2024-10-21,True
2024-10-18,600198,45.3374,10.05089060968778,2.731591484927587,2.1961254478726953,-8.936170223744888,0.023255812313922444,0.4000000000000013,-3.2710279988685587,0.6448763254666908,1.1977511838262123,18.539187140441005,0.9229039511725025,0.2145840025698683,True,,closed,2024-10-23,2024-10-23T15:00:00+08:00,18.389033816425137,closed,2024-10-18,2024-10-23,True
2024-10-22,002845,9.98,9.9843993637853,15.10204080339177,3.257044705882353,-3.932946486483768,0.14084507269156638,1.6666666685922844,-1.476510080977933,0.8336673342934967,9.226190464677298,24.041860061939026,0.9427836708453874,0.581163612986178,True,,closed,2024-10-25,2024-10-25T15:00:00+08:00,10.961662125340597,closed,2024-10-22,2024-10-25,True
2024-10-22,603011,8.2569,9.936908532993716,13.888888953753442,2.5248402288921765,-1.7783857235265321,0.3333333381451048,1.3281249988370003,-1.1142061833913641,0.8623853201185969,7.478050220598598,24.041860061939026,0.9427836708453874,0.581163612986178,True,,closed,2024-10-25,2024-10-25T15:00:00+08:00,3.451971830985933,closed,2024-10-22,2024-10-25,True
2024-10-22,603212,21.3808,9.963099614329597,6.049822098780466,2.1875449011230006,-1.050929649034782,0.45454545801375373,1.307692305519491,-2.777777793333591,0.6436525613346459,3.316547993310426,24.041860061939026,0.9427836708453874,0.581163612986178,True,,closed,2024-10-25,2024-10-25T15:00:00+08:00,6.848823529411762,closed,2024-10-22,2024-10-25,True
2024-10-23,002085,16.2289,9.993552556093576,12.756113706070838,2.1162382313689805,-4.59267358474218,0.14285714285714318,1.2516129028677119,-4.3553008824436805,0.7295188548827355,5.180236940595639,25.275928092991773,0.9668916747026679,0.7987785278045645,True,,closed,2024-10-28,2024-10-28T15:00:00+08:00,7.219598562013173,closed,2024-10-23,2024-10-28,True
2024-10-23,002369,10.4038,10.079999986353826,25.54744528120876,2.1940598873962283,-7.734056971932013,0.17391304494501902,0.8730158730745216,-2.352941172443357,0.8266033257124877,3.652825479837185,25.275928092991773,0.9668916747026679,0.7987785278045645,True,,closed,2024-10-28,2024-10-28T15:00:00+08:00,2.5008433734939874,closed,2024-10-23,2024-10-28,True
2024-10-23,002456,12.3214,9.965928484342257,29.748743734154193,3.628790178960342,-3.945480632963194,0.5970149243925769,2.4999999770743724,-4.256908118389613,0.7946428572728211,9.741482632321329,25.275928092991773,0.9668916747026679,0.7987785278045645,True,,closed,2024-10-24,2024-10-24T15:00:00+08:00,-6.606255850234011,closed,2024-10-23,2024-10-24,True
2024-10-23,600316,8.3342,10.003547373388177,24.08963580055432,2.475879339228682,-0.4606879648710538,0.3750000031354163,1.516605170386991,-2.6535020297594802,0.8610960389980434,9.93797476959617,25.275928092991773,0.9668916747026679,0.7987785278045645,True,,closed,2024-10-28,2024-10-28T15:00:00+08:00,12.943724247226626,closed,2024-10-23,2024-10-28,True
2024-10-23,600855,14.1485,10.008936554035298,11.705989119867755,2.2359475496908585,-7.492354782341404,0.0,0.7666666614885725,-0.8264462573265519,0.7641921393786584,4.420466408489299,25.275928092991773,0.9668916747026679,0.7987785278045645,True,,closed,2024-10-28,2024-10-28T15:00:00+08:00,5.373333333333318,closed,2024-10-23,2024-10-28,True
2024-10-24,000810,13.9455,10.042194081813793,7.679603637810639,2.107172143464336,-3.1884057943225685,0.2222222223798814,1.250000000349193,-4.790419169529692,0.7675753226519634,3.448275855049543,25.297901930299794,0.964354527938343,0.5639049454078355,True,,closed,2024-10-29,2024-10-29T15:00:00+08:00,1.1264779874214028,closed,2024-10-24,2024-10-29,True
2024-10-24,001202,31.6431,10.02425218197327,3.1060605497851945,3.385071162421355,-6.867554296281675,0.15642458259496375,0.748031498187042,-1.6553800099043614,0.6350210960078945,2.2691705647551075,25.297901930299794,0.964354527938343,0.5639049454078355,True,,closed,2024-10-29,2024-10-29T15:00:00+08:00,-0.8220887528691776,closed,2024-10-24,2024-10-29,True
2024-10-24,603630,15.6226,9.96275603546719,0.21728150382953615,2.1661064248113147,-1.0815307955868159,0.18269230808456582,1.080000000848534,-1.1774600425097481,0.7396226219082832,5.740589089003412,25.297901930299794,0.964354527938343,0.5639049454078355,True,,closed,2024-10-29,2024-10-29T15:00:00+08:00,2.5985106382978564,closed,2024-10-24,2024-10-29,True
2024-10-24,603955,10.4262,9.988385624394125,0.4241781411258527,2.2510978459889546,-2.3012551568152295,0.3500000055710289,0.8505747177468362,-0.6423983455205451,0.8262295066883558,5.024898116251797,25.297901930299794,0.964354527938343,0.5639049454078355,True,,closed,2024-10-29,2024-10-29T15:00:00+08:00,4.639137931034497,closed,2024-10-24,2024-10-29,True
2024-10-25,000626,4.6309,10.000000001671228,18.918918938451167,2.7958264969465785,-8.702064899768358,0.2716049377438219,1.0999999968803749,5.815831998507015,0.9228187921149291,16.548042705515265,22.928308692392708,0.9396468699839486,0.4115569823434992,True,,closed,2024-10-28,2024-10-28T15:00:00+08:00,-8.454274809160314,closed,2024-10-25,2024-10-28,True
2024-10-25,002846,12.1622,10.067114088851504,14.525139657135666,3.147711441409025,-4.710144925385807,0.25925925925925974,0.6025641025641016,-0.5069708489332636,0.7972972972972974,3.7810682159844955,22.928308692392708,0.9396468699839486,0.4115569823434992,True,,closed,2024-10-30,2024-10-30T15:00:00+08:00,-1.48388535031846,closed,2024-10-25,2024-10-30,True
2024-10-28,002626,14.4906,9.99333775422626,9.700996641282122,5.147167874649126,-6.263982103668009,0.07438016437685281,2.1904762648278844,-0.9546539173684865,0.7584905665046502,6.670093862162907,23.597600787241667,0.9457637997432606,0.8292682926829268,True,,closed,2024-10-31,2024-10-31T15:00:00+08:00,-1.6557831325301207,closed,2024-10-28,2024-10-31,True
2024-10-28,002728,14.6488,10.059880238436891,10.324129656245805,2.1363122278119837,-4.213771846447035,0.02127659618335441,1.1604938282238988,-2.8969957054101547,0.7558528429307628,4.407014311377799,23.597600787241667,0.9457637997432606,0.8292682926829268,True,,closed,2024-10-31,2024-10-31T15:00:00+08:00,-0.872983425414354,closed,2024-10-28,2024-10-31,True
2024-10-28,603079,14.094,10.040816323826785,13.468013471025264,3.22125936114932,-6.338028158952924,0.2561983484930891,0.8252427174449336,1.8796992328284468,0.7651006704664665,6.424756499293083,23.597600787241667,0.9457637997432606,0.8292682926829268,True,,closed,2024-10-31,2024-10-31T15:00:00+08:00,1.7826199261992572,closed,2024-10-28,2024-10-31,True
2024-10-28,603739,13.8557,10.032626447019567,15.993121216481976,4.615526877349863,-1.3342696878680949,0.5182926804460763,3.9473683456132815,-2.3487544189441767,0.7690721652581564,5.995055640611757,23.597600787241667,0.9457637997432606,0.8292682926829268,True,,closed,2024-10-31,2024-10-31T15:00:00+08:00,-3.92720116618075,closed,2024-10-28,2024-10-31,True
2024-10-29,000009,8.2997,10.056497178936663,9.932279910031493,3.797244121820701,-2.785782921698021,0.1714285650215171,2.583333333673989,-0.2964426766348116,0.8616714693788671,8.215358225744907,23.38774338855889,0.945407835581246,0.8452151573538856,True,,closed,2024-10-30,2024-10-30T15:00:00+08:00,-6.210000000000016,closed,2024-10-29,2024-10-30,True
2024-10-29,002068,13.3585,9.953343721052189,17.05298015812793,2.1437222870200094,-3.49462366543708,0.5076923061823966,1.1746031716846577,0.2785515472085276,0.7773584907190347,8.270676699891188,23.38774338855889,0.945407835581246,0.8452151573538856,True,,closed,2024-10-30,2024-10-30T15:00:00+08:00,-7.154444444444442,closed,2024-10-29,2024-10-30,True
2024-10-29,002805,4.1667,10.008481731897657,13.871817382035246,3.4018204818340507,-2.648532567353523,0.4477611962344619,1.5887850524093052,0.1470588177711285,0.9305555554776354,7.277882803064339,23.38774338855889,0.945407835581246,0.8452151573538856,True,,closed,2024-10-30,2024-10-30T15:00:00+08:00,-6.210000000000005,closed,2024-10-29,2024-10-30,True
2024-10-29,002931,3.9126,10.04926105532391,27.509198858993923,2.96776160747509,-3.2312925366877354,0.5661764695669526,1.2142857142857144,2.6362038929525156,0.9347898048506184,12.153869417838937,23.38774338855889,0.945407835581246,0.8452151573538856,True,,closed,2024-10-30,2024-10-30T15:00:00+08:00,-6.210000000000005,closed,2024-10-29,2024-10-30,True
2024-10-29,603028,8.0,10.015174501871883,17.50405186495683,2.056178861237467,-0.5256241642573434,0.6363636341399054,1.5161290324136176,-1.0568031411934742,0.8666666675894086,8.236994251119324,23.38774338855889,0.945407835581246,0.8452151573538856,True,,closed,2024-10-30,2024-10-30T15:00:00+08:00,-8.220680907877167,closed,2024-10-29,2024-10-30,True
2024-10-30,000936,15.5714,10.014104360027387,21.118012423800447,2.401136861948059,-11.606096140187717,0.010000000209056881,-0.2999999992533698,1.1936339586898326,0.7404759970451112,4.206500958596582,17.086979389953605,0.8364921297783489,0.1760359781561195,True,,closed,2024-11-04,2024-11-04T15:00:00+08:00,-3.879724770642213,closed,2024-10-30,2024-11-04,True
2024-10-30,001211,54.2997,10.015649426336125,28.206686932510205,2.3459621136590227,-12.45689654707406,0.0034482778880702823,0.21212121153190408,-5.268340741867861,0.5917525768244062,0.764638082796365,17.086979389953605,0.8364921297783489,0.1760359781561195,True,,closed,2024-11-01,2024-11-01T15:00:00+08:00,-6.210000000000005,closed,2024-10-30,2024-11-01,True
2024-10-30,001332,7.3481,10.016260162759426,12.622337093383296,4.691936856035542,-2.740887252518609,0.029556651151386098,12.799999837247302,0.0,0.8775315860499793,8.041936085239865,17.086979389953605,0.8364921297783489,0.1760359781561195,True,,closed,2024-11-04,2024-11-04T15:00:00+08:00,-1.0525334108076665,closed,2024-10-30,2024-11-04,True
2024-10-30,002212,7.0138,10.016694449674945,14.409722212273145,3.2874848330819177,-5.6708160241425105,0.14583333373022458,1.5285557309042002,0.4398826657702637,0.8831038332767499,9.796178318298088,17.086979389953605,0.8364921297783489,0.1760359781561195,True,,closed,2024-11-04,2024-11-04T15:00:00+08:00,0.5199270072992803,closed,2024-10-30,2024-11-04,True
2024-10-30,603788,15.665,9.970887896993585,14.73044797166494,2.7869554224535524,-3.0605871524895023,0.1496062967032747,1.3388429764663166,-3.286082458040851,0.7389162561824998,5.734009591633704,17.086979389953605,0.8364921297783489,0.1760359781561195,True,,closed,2024-11-04,2024-11-04T15:00:00+08:00,-0.8762225183211245,closed,2024-10-30,2024-11-04,True
2024-10-30,603790,12.8474,10.038610030799244,21.019108242628004,3.558541266794626,-4.8644338075281235,0.2738095274967578,2.325000007678664,-2.7661357776489703,0.7858769937212824,7.070334157481661,17.086979389953605,0.8364921297783489,0.1760359781561195,True,,closed,2024-10-31,2024-10-31T15:00:00+08:00,-6.210000000000005,closed,2024-10-30,2024-10-31,True
2024-10-31,001283,29.5441,9.99310820914927,25.373134331432645,2.2645044037466797,-2.235815221399995,0.5338645413956422,0.5473372770908504,-0.9708737967064618,0.8410942954367993,1.4992702509090128,14.34400313035329,0.7563484410157506,0.4950176792028287,True,,closed,2024-11-01,2024-11-01T15:00:00+08:00,-6.209999999999995,closed,2024-10-31,2024-11-01,True
2024-10-31,002153,26.4116,9.94550408777879,13.983050839368815,3.871942408821975,-2.9776675172364153,0.5294117610685094,0.5762711847582045,-1.7902813108425342,0.7777777777099495,2.01912859478226,14.34400313035329,0.7563484410157506,0.4950176792028287,True,,closed,2024-11-04,2024-11-04T15:00:00+08:00,-6.210000000000005,closed,2024-10-31,2024-11-04,True
2024-10-31,002451,9.4198,9.984871421651963,14.308176086127865,2.044353061466488,-3.1914893810639167,0.31034482932985247,1.016393442710525,-0.8241758293406676,0.8430034130338125,6.521097661608777,14.34400313035329,0.7563484410157506,0.4950176792028287,True,,closed,2024-11-05,2024-11-05T15:00:00+08:00,5.884182825484773,closed,2024-10-31,2024-11-05,True
2024-10-31,002657,10.7435,9.976247032661266,23.384410400984535,3.417381449540857,-8.82051282094628,0.22317596539705126,-0.10447761334779869,0.5624296927251748,0.8209424082414208,7.117181877822487,14.34400313035329,0.7563484410157506,0.4950176792028287,True,,closed,2024-11-05,2024-11-05T15:00:00+08:00,0.9644966442952976,closed,2024-10-31,2024-11-05,True
2024-11-01,000948,12.0202,10.025445295601298,15.306666672527868,2.169508424235261,-1.0163499629496031,0.46511627935012667,1.3545454556057868,-4.464285715835404,0.799663299702417,4.533020716113412,9.751446977987888,0.7563484410157506,0.6747026679524268,True,,closed,2024-11-04,2024-11-04T15:00:00+08:00,-10.910934579439248,closed,2024-11-01,2024-11-04,True
2024-11-01,603159,8.9684,9.999999960006,20.833333320258095,3.28397628875578,-1.5396458894204823,0.11538461865265127,1.0260869593782371,-0.15637218212247728,0.8505263154957302,5.711920524850833,9.751446977987888,0.7563484410157506,0.6747026679524268,True,,closed,2024-11-06,2024-11-06T15:00:00+08:00,5.3499060297572445,closed,2024-11-01,2024-11-06,True
2024-11-01,603330,9.1406,10.070671368926298,21.917808213627765,4.818823412585825,-1.7595308119413233,0.6428571399762117,1.7966101673827621,-3.582089537815103,0.8476562499741519,6.3899868271586335,9.751446977987888,0.7563484410157506,0.6747026679524268,True,,closed,2024-11-04,2024-11-04T15:00:00+08:00,-6.210000000000016,closed,2024-11-01,2024-11-04,True
2024-11-01,605303,4.6643,9.948320408499157,17.541436455194038,3.915634434694281,-2.000000000921842,0.43333333355098924,0.666666667271269,-0.48019207567326916,0.9222614842738229,3.006958254277503,9.751446977987888,0.7563484410157506,0.6747026679524268,True,,closed,2024-11-04,2024-11-04T15:00:00+08:00,-6.210000000000005,closed,2024-11-01,2024-11-04,True
2024-11-04,000559,13.8636,9.94940978166614,24.665391944663263,2.204796639514092,-8.430232571980268,0.07692307692307757,0.5999999991241408,-0.15873014319462975,0.7689393945994677,3.01342942634073,5.031070406905558,0.5870054679961403,0.23158571888066903,True,,closed,2024-11-07,2024-11-07T15:00:00+08:00,12.826565977742453,closed,2024-11-04,2024-11-07,True
2024-11-04,002199,44.4741,10.030395110231915,25.25951554138086,2.1879842533774716,-17.89915967086455,0.0,-0.09000000125315125,-7.676560883569894,0.5636363636154411,1.6280772893593642,5.031070406905558,0.5870054679961403,0.23158571888066903,True,,closed,2024-11-07,2024-11-07T15:00:00+08:00,7.772261640798227,closed,2024-11-04,2024-11-07,True
2024-11-04,002222,12.8889,10.017699124045375,19.722650232315786,3.0610941232680364,-8.628253853278899,0.019933554787747033,1.0551724139442111,-0.768245846056359,0.7851851854821189,5.679416374725665,5.031070406905558,0.5870054679961403,0.23158571888066903,True,,closed,2024-11-07,2024-11-07T15:00:00+08:00,3.1125806451612883,closed,2024-11-04,2024-11-07,True
2024-11-04,002553,17.0294,10.04608295226237,26.817696126414848,2.208550566896302,-8.187599352024622,0.018633541556266852,0.5301204838575503,1.5584415518181238,0.7161760243470654,5.694719772708878,5.031070406905558,0.5870054679961403,0.23158571888066903,True,,closed,2024-11-07,2024-11-07T15:00:00+08:00,12.407220801364026,closed,2024-11-04,2024-11-07,True
2024-11-04,002735,39.0058,10.03039513248889,18.55895196561883,2.360846128566995,-9.515717923770051,0.017543861390673213,0.7407407411387789,-2.535211263998438,0.664251207836126,1.5854374724880715,5.031070406905558,0.5870054679961403,0.23158571888066903,True,,closed,2024-11-07,2024-11-07T15:00:00+08:00,11.254354527938325,closed,2024-11-04,2024-11-07,True
2024-11-04,002919,15.1913,9.977827053784072,10.140636587638419,2.0157925112366426,-1.3815789473049733,0.1531531539858598,1.0887096772668385,0.46697797226480375,0.7468123862451531,5.565680627583736,5.031070406905558,0.5870054679961403,0.23158571888066903,True,,closed,2024-11-07,2024-11-07T15:00:00+08:00,8.754143426294835,closed,2024-11-04,2024-11-07,True
2024-11-04,600686,74.9398,10.015060268360587,17.06730766415836,2.446841879045671,-11.146095708481575,0.14903846050440445,0.5833333328155382,-3.5435861075695074,0.32013201324463453,0.43891732834488995,5.031070406905558,0.5870054679961403,0.23158571888066903,True,,closed,2024-11-07,2024-11-07T15:00:00+08:00,1.9207861866274758,closed,2024-11-04,2024-11-07,True
2024-11-04,600864,39.0814,10.05917160002825,26.96245733266336,2.3349621423447835,-7.178841308731132,0.06896551787713738,0.8955223887953642,-4.3419267389325,0.6825842696457981,1.4972646080723129,5.031070406905558,0.5870054679961403,0.23158571888066903,True,,closed,2024-11-07,2024-11-07T15:00:00+08:00,10.428297872340451,closed,2024-11-04,2024-11-07,True
2024-11-04,603201,9.7885,10.012285008219957,21.588594711116983,2.003144009295332,-3.3492823078621337,0.3028169011655787,1.226890755680032,-0.49504950281681337,0.8368580059864223,4.7238624486263925,5.031070406905558,0.5870054679961403,0.23158571888066903,True,,closed,2024-11-07,2024-11-07T15:00:00+08:00,16.283964364494306,closed,2024-11-04,2024-11-07,True
2024-11-04,603217,9.0857,10.000000002450005,28.05049089379059,2.617471166168304,-6.1052631563174975,0.07746478953918129,0.7407407413916108,1.4013452818574912,0.8485714284187085,4.8209525965221545,5.031070406905558,0.5870054679961403,0.23158571888066903,True,,closed,2024-11-07,2024-11-07T15:00:00+08:00,1.0614206744057544,closed,2024-11-04,2024-11-07,True
2024-11-04,603261,13.0525,9.999999981614005,17.415730347369184,3.0939816833842126,-5.119270954200972,0.2211302217516397,0.9548611126504842,0.056497170970937205,0.7824585635321349,5.1662707848077805,5.031070406905558,0.5870054679961403,0.23158571888066903,True,,closed,2024-11-07,2024-11-07T15:00:00+08:00,-0.06883681535856481,closed,2024-11-04,2024-11-07,True
2024-11-04,603628,42.6773,9.972299201709678,20.577069106381153,4.091634931057124,-9.924109733977748,0.060773481195685854,-0.1842105269872197,-1.814646845839929,0.6399999992243619,1.4191993284585092,5.031070406905558,0.5870054679961403,0.23158571888066903,True,,closed,2024-11-07,2024-11-07T15:00:00+08:00,-1.530132013201325,closed,2024-11-04,2024-11-07,True
2024-11-05,000831,15.969,9.990108824409338,28.902627471832943,4.084739846510391,-7.185792364600651,0.4270152486872066,1.2573839680289627,-4.386223128881972,0.7338501290958046,3.5978566159569736,-1.8192045257979683,0.7476665593820405,0.803347280334728,True,,closed,2024-11-08,2024-11-08T15:00:00+08:00,6.070788177339924,closed,2024-11-05,2024-11-08,True
2024-11-05,002536,12.6797,10.000000006703868,12.202097236994236,2.0057612447320854,-6.910246234755768,0.2090909082609607,0.16666666168532498,-0.8532423195396821,0.788671023795756,4.06591438089432,-1.8192045257979683,0.7476665593820405,0.803347280334728,True,,closed,2024-11-08,2024-11-08T15:00:00+08:00,0.3063511187607384,closed,2024-11-05,2024-11-08,True
2024-11-05,600111,13.4338,10.018639341543256,22.331606220690148,2.3957225743586164,-4.1398713878249005,0.3253588504492408,1.1199999991078884,-2.8092243047784016,0.7761033371275836,4.44264216864001,-1.8192045257979683,0.7476665593820405,0.803347280334728,True,,closed,2024-11-08,2024-11-08T15:00:00+08:00,11.22226919758411,closed,2024-11-05,2024-11-08,True
2024-11-05,600366,13.4385,10.02865329899889,19.069767439750684,2.513728714469359,-3.2530120798088813,0.5625000022751342,1.5645161298779404,-3.6114570427819292,0.7760252372804928,6.876553436389332,-1.8192045257979683,0.7476665593820405,0.803347280334728,True,,closed,2024-11-08,2024-11-08T15:00:00+08:00,3.0199741602067167,closed,2024-11-05,2024-11-08,True
2024-11-06,000818,13.1969,10.01757468430542,4.333333310143983,2.6719299370856486,-0.7500000098202064,0.5217391271345666,1.6220930235616062,0.2518891720888039,0.7800511505182991,8.293426208435918,-4.969883198123348,0.8931445123913743,0.931123270035404,True,,closed,2024-11-11,2024-11-11T15:00:00+08:00,3.759849246231183,closed,2024-11-06,2024-11-11,True
2024-11-06,002527,4.3151,9.971910126264326,6.967213110947723,6.30396207634856,-0.8433734861329589,0.6739130438164603,1.784313723426678,-0.7290400841570066,0.9280821924606629,6.881214029888727,-4.969883198123348,0.8931445123913743,0.931123270035404,True,,closed,2024-11-11,2024-11-11T15:00:00+08:00,8.113133414932669,closed,2024-11-06,2024-11-11,True
2024-11-06,002806,10.082,10.01855288117277,6.272401417617179,2.237739821061193,-2.09677420528932,0.566666666666668,1.2413793115488496,1.8945634136934508,0.8319672133042705,7.733844272426449,-4.969883198123348,0.8931445123913743,0.931123270035404,True,,closed,2024-11-11,2024-11-11T15:00:00+08:00,4.5596038803556995,closed,2024-11-06,2024-11-11,True
2024-11-06,002824,4.8883,10.030959737698208,10.854647551440877,6.344763703730611,-3.1746031783068784,0.39215686125588295,2.252747251701692,0.0,0.9185282521894422,7.540946307521534,-4.969883198123348,0.8931445123913743,0.931123270035404,True,,closed,2024-11-11,2024-11-11T15:00:00+08:00,3.597509254362773,closed,2024-11-06,2024-11-11,True
2024-11-06,002887,0.0,10.070921971752188,17.75417300976516,2.205063163341284,-2.2140221382070835,0.38297872300244484,1.2794117645619167,4.779874215591939,1.0,12.811484293995946,-4.969883198123348,0.8931445123913743,0.931123270035404,True,,closed,2024-11-07,2024-11-07T15:00:00+08:00,-10.053937575030016,closed,2024-11-06,2024-11-07,True
2024-11-06,002979,8.0263,9.992625370914965,12.354048964751252,2.7714726540424652,-4.3749999998735305,0.46153846173003815,1.9277108413996025,-1.4052287653826934,0.8662280700529512,10.359206958284272,-4.969883198123348,0.8931445123913743,0.931123270035404,True,,closed,2024-11-11,2024-11-11T15:00:00+08:00,0.7512197547232304,closed,2024-11-06,2024-11-11,True
2024-11-06,600192,23.416,10.014513795446135,24.876441499465795,3.8919868533741298,-3.116883087658262,0.22058823261748997,0.8500000014064456,0.0,0.86375321378177,1.8569088112162069,-4.969883198123348,0.8931445123913743,0.931123270035404,True,,closed,2024-11-11,2024-11-11T15:00:00+08:00,-1.0142895442359254,closed,2024-11-06,2024-11-11,True
2024-11-06,603083,1.7309,9.995112461957945,25.44593092850218,3.945059033316086,-1.5531915676219032,0.56319999755937,1.3088235181615415,4.38729206606201,0.9711516198942439,17.34693881774769,-4.969883198123348,0.8931445123913743,0.931123270035404,True,,closed,2024-11-07,2024-11-07T15:00:00+08:00,-7.125113871635603,closed,2024-11-06,2024-11-07,True
2024-11-06,605218,6.6097,10.013351152062167,8.94667257826205,4.7490132729362,-0.5701254261241795,0.5071770334484548,1.6792452788791763,-0.9938838018193397,0.8898377450233874,7.007106247581163,-4.969883198123348,0.8931445123913743,0.931123270035404,True,,closed,2024-11-11,2024-11-11T15:00:00+08:00,24.616254826254824,closed,2024-11-06,2024-11-11,True
2024-11-07,000007,12.2697,9.971910115993744,15.31664211828183,2.0301258678736573,-5.923344952067511,0.14999999986168697,1.4090909089194448,-4.938271611389111,0.7955056177759511,5.277549897653411,1.726473110103588,0.8870292887029289,0.5188284518828452,True,,closed,2024-11-12,2024-11-12T15:00:00+08:00,-0.21,closed,2024-11-07,2024-11-12,True
2024-11-07,000997,5.9113,10.005321945327882,19.3418013690398,2.2405943477516805,-0.7452258892083674,0.3168316808418954,1.3404255341210956,-1.454716106050924,0.9014778322161436,6.957318919516742,1.726473110103588,0.8870292887029289,0.5188284518828452,True,,closed,2024-11-12,2024-11-12T15:00:00+08:00,-1.7338095238095272,closed,2024-11-07,2024-11-12,True
2024-11-07,002436,11.7927,10.019084006240897,7.958801548276329,3.8388454348564025,-2.5162338141134777,0.22093023054667887,1.457142850868304,-1.9983346701667348,0.8034557247392305,5.978750252072551,1.726473110103588,0.8870292887029289,0.5188284518828452,True,,closed,2024-11-12,2024-11-12T15:00:00+08:00,21.20036533559899,closed,2024-11-07,2024-11-12,True
2024-11-07,002560,12.1405,10.015898257656652,14.950166129380694,3.091042057009131,-4.71567269182086,0.17391304303874694,0.9180327842609175,-1.4556040586466423,0.7976587036209583,3.7071078550747982,1.726473110103588,0.8870292887029289,0.5188284518828452,True,,closed,2024-11-12,2024-11-12T15:00:00+08:00,-0.6531314623338123,closed,2024-11-07,2024-11-12,True
2024-11-07,003021,0.1005,9.995835113200835,9.698857775156778,2.1102950353792833,-4.219772646366627,0.1809210505153759,1.5470588149075455,4.4056824283645435,0.9983256589609772,17.435275062308154,1.726473110103588,0.8870292887029289,0.5188284518828452,True,,closed,2024-11-12,2024-11-12T15:00:00+08:00,2.2357457802273375,closed,2024-11-07,2024-11-12,True
2024-11-07,603166,9.27,10.047095778832048,20.03424659240074,2.7453360155591358,-0.4037684841010969,0.4736842064031082,1.649999997342005,-2.9729729543339967,0.8454992905781255,8.98603521999397,1.726473110103588,0.8870292887029289,0.5188284518828452,True,,closed,2024-11-12,2024-11-12T15:00:00+08:00,-3.970445682451241,closed,2024-11-07,2024-11-12,True
2024-11-08,000697,10.1455,10.043668115841786,23.07692307940663,3.0968516778642465,-9.662288940610752,0.18253968228984913,-44.00000370193971,1.0384216248883194,0.8309090911861899,7.276736510148973,3.6997209456829605,0.9443192790473125,0.8654650788542002,True,,closed,2024-11-13,2024-11-13T15:00:00+08:00,-6.210000000000005,closed,2024-11-08,2024-11-13,True
2024-11-08,000881,9.3506,9.9596231600247,13.3148404915171,5.385938299696,-3.2558139602592906,0.2727272719189406,1.258620689073675,0.0,0.844155843949637,8.70133263503401,3.6997209456829605,0.9443192790473125,0.8654650788542002,True,,closed,2024-11-13,2024-11-13T15:00:00+08:00,0.7515384615384582,closed,2024-11-08,2024-11-13,True
2024-11-08,002617,9.931,10.060975611420586,13.880126177682905,2.401832597424356,-1.4492753596322405,0.20000000051163686,1.4000000007871334,-1.0695187285567953,0.8344827585050998,8.536227627167614,3.6997209456829605,0.9443192790473125,0.8654650788542002,True,,closed,2024-11-13,2024-11-13T15:00:00+08:00,-0.8856756756756909,closed,2024-11-08,2024-11-13,True
2024-11-08,002805,3.7241,10.02243829028695,16.009463729461327,2.4950617871244196,-4.202719417403711,0.3584905650311245,1.831578944130943,1.4838709708019593,0.9379310343034439,12.90554119020404,3.6997209456829605,0.9443192790473125,0.8654650788542002,True,,closed,2024-11-11,2024-11-11T15:00:00+08:00,-6.210000000000005,closed,2024-11-08,2024-11-11,True
2024-11-08,600855,14.6866,10.007942771450518,10.623003184689273,5.393528777188174,-8.79265093454772,0.2795698919108673,2.250000113974438,-2.15827336273281,0.7552238806268055,5.639272970704079,3.6997209456829605,0.9443192790473125,0.8654650788542002,True,,closed,2024-11-13,2024-11-13T15:00:00+08:00,3.907647058823537,closed,2024-11-08,2024-11-13,True
2024-11-11,000798,16.2857,10.039630099122409,11.066666643827428,2.133411726354026,-8.181818146396935,0.027027031148495268,0.6710526351106396,-0.4950495264899213,0.7285714287707247,3.6349574627445147,5.579384677838628,0.9369166398455101,0.3456710653363373,True,,closed,2024-11-14,2024-11-14T15:00:00+08:00,-4.687611940298498,closed,2024-11-11,2024-11-14,True
2024-11-11,000799,7.6974,10.005674284188505,11.503067423582536,2.670417071955588,-0.5162956108548444,0.3411764699563517,1.6183745633486806,-2.692182905530338,0.8717105269579878,8.182178838702336,5.579384677838628,0.9369166398455101,0.3456710653363373,True,,closed,2024-11-14,2024-11-14T15:00:00+08:00,1.6066666666666665,closed,2024-11-11,2024-11-14,True
2024-11-11,000833,0.0,10.016155084429368,16.41025638393603,2.960597022360318,-4.0268456406377435,0.6202531651001307,2.0303030218538014,8.39160839823938,1.0,21.54956084829167,5.579384677838628,0.9369166398455101,0.3456710653363373,True,,closed,2024-11-14,2024-11-14T15:00:00+08:00,35.01580645161288,closed,2024-11-11,2024-11-14,True
2024-11-11,000860,13.2934,10.000000010490083,16.629464288279692,2.4584515794774173,-2.687927118306699,0.32575757545253753,1.2433862425213922,-4.4943820238698144,0.7784431135937901,3.563813578914954,5.579384677838628,0.9369166398455101,0.3456710653363373,True,,closed,2024-11-14,2024-11-14T15:00:00+08:00,-3.347254901960762,closed,2024-11-11,2024-11-14,True
2024-11-11,002036,8.1773,9.960937492571853,23.06010927519231,2.5501408555463616,-3.9215686241607206,0.2857142865113096,1.0156250013386736,0.6211180151343587,0.8637110018372646,8.371559638281735,5.579384677838628,0.9369166398455101,0.3456710653363373,True,,closed,2024-11-14,2024-11-14T15:00:00+08:00,-6.210000000000016,closed,2024-11-11,2024-11-14,True
2024-11-11,002279,2.9226,9.968847354402932,18.655462180014837,2.3436386768447837,-6.048906043753998,0.298507463622319,1.452830189925418,4.1095890420342895,0.9512893984187519,14.492316969109954,5.579384677838628,0.9369166398455101,0.3456710653363373,True,,closed,2024-11-12,2024-11-12T15:00:00+08:00,-6.210000000000005,closed,2024-11-11,2024-11-12,True
2024-11-11,002291,9.1815,10.051107316639962,17.45454542554863,2.052527598042626,-6.360946742646156,0.08510637720870737,0.7903225823030652,0.0,0.8469750890178652,5.605605607027897,5.579384677838628,0.9369166398455101,0.3456710653363373,True,,closed,2024-11-14,2024-11-14T15:00:00+08:00,5.319225908372837,closed,2024-11-11,2024-11-14,True
2024-11-11,002942,12.1543,10.014005560324414,14.587892012571846,2.644182707646496,-11.11111110649322,0.019230772205594715,0.4897959203095154,5.213903708623446,0.7974276527837417,8.030199020564211,5.579384677838628,0.9369166398455101,0.3456710653363373,True,,closed,2024-11-13,2024-11-13T15:00:00+08:00,-6.210000000000005,closed,2024-11-11,2024-11-13,True
2024-11-11,002982,5.9236,9.989200849281165,13.418708209642016,2.142772402031661,-2.2288261690630806,0.14864864156053514,0.6272189342688036,0.05065859427657582,0.9012738861806088,4.210637422161301,5.579384677838628,0.9369166398455101,0.3456710653363373,True,,closed,2024-11-14,2024-11-14T15:00:00+08:00,-1.9821518987341866,closed,2024-11-11,2024-11-14,True
2024-11-11,603006,14.8993,9.990574943318965,12.644787664244571,3.3386108709154905,-2.907915974671893,0.2678571446095455,1.4022988500720568,-2.412645592145135,0.7516778524568934,6.947483592669679,5.579384677838628,0.9369166398455101,0.3456710653363373,True,,closed,2024-11-14,2024-11-14T15:00:00+08:00,0.5572634271099766,closed,2024-11-11,2024-11-14,True
2024-11-11,603118,13.6364,9.975961514477106,12.823674458731226,4.435398896136478,-8.00821356216186,0.04081632734412672,-0.18750000457792962,-0.6696428278495703,0.7727272732115491,3.85064179160699,5.579384677838628,0.9369166398455101,0.3456710653363373,True,,closed,2024-11-14,2024-11-14T15:00:00+08:00,-3.356067415730347,closed,2024-11-11,2024-11-14,True
2024-11-11,603499,4.3535,10.01596169423562,12.806873977994183,4.99237121890969,-5.407187593984341,0.35433070909304426,1.4933920711793949,1.080515849874808,0.9274413529753398,9.698895443111244,5.579384677838628,0.9369166398455101,0.3456710653363373,True,,closed,2024-11-14,2024-11-14T15:00:00+08:00,18.238275862068964,closed,2024-11-11,2024-11-14,True
2024-11-11,603536,56.6007,9.99030070999012,27.846674190723885,2.7943366557144342,-13.55252607558446,0.12886597876559414,0.3333333294194355,-3.153988839841937,0.646956521915136,0.34364259469825686,5.579384677838628,0.9369166398455101,0.3456710653363373,True,,closed,2024-11-14,2024-11-14T15:00:00+08:00,-4.807701149425271,closed,2024-11-11,2024-11-14,True
2024-11-12,002796,10.7143,10.03521127335707,15.207373268956935,2.411766122042821,-1.5267175431704194,0.21052631794110685,1.4000000008630435,-1.9379844946978086,0.8214285715386536,7.972004106090802,4.286148482004326,0.9355670103092784,0.6552835051546392,True,,closed,2024-11-13,2024-11-13T15:00:00+08:00,-6.210000000000005,closed,2024-11-12,2024-11-13,True
2024-11-13,002077,9.2157,10.018438827818299,13.867684471102981,5.321889275145804,-6.957846607330698,0.42677824389275465,1.559999999999999,-0.21834061192133047,0.8464052290439716,11.626770890208293,5.958202746632191,0.9169082125603865,0.29114331723027376,True,,closed,2024-11-14,2024-11-14T15:00:00+08:00,-7.212188183807445,closed,2024-11-13,2024-11-14,True
2024-11-13,002407,9.9121,9.968847326443498,12.959999977816938,2.684899428072422,-3.4459459920349045,0.13580246119299966,1.1603773533132486,-1.6794960896100997,0.834797891671765,5.306550758534412,5.958202746632191,0.9169082125603865,0.29114331723027376,True,,closed,2024-11-15,2024-11-15T15:00:00+08:00,-6.210000000000005,closed,2024-11-13,2024-11-15,True
2024-11-13,002811,49.3778,10.043668143033436,11.751662950952557,2.2476711820374837,-6.7779960444217195,0.21782178481367845,0.36559139878197405,-2.7397260258449907,0.7335025387430181,0.4959033930430734,5.958202746632191,0.9169082125603865,0.29114331723027376,True,,closed,2024-11-15,2024-11-15T15:00:00+08:00,-6.209999999999995,closed,2024-11-13,2024-11-15,True
2024-11-13,600732,3.4604,9.992912798601594,27.213114708460886,2.750453807590988,-1.0303030353862597,0.18681317358297286,1.5294117648167287,1.1022658051758283,0.9423274975011714,14.636856005528553,5.958202746632191,0.9169082125603865,0.29114331723027376,True,,closed,2024-11-14,2024-11-14T15:00:00+08:00,-6.210000000000005,closed,2024-11-13,2024-11-14,True
2024-11-13,601858,12.1101,9.987195898273903,17.136363638685957,3.2548497596153845,-7.881417198521246,0.11382113835649003,0.875536479457378,-0.9419152423996935,0.7981651375676446,5.961376971068488,5.958202746632191,0.9169082125603865,0.29114331723027376,True,,closed,2024-11-18,2024-11-18T15:00:00+08:00,-6.210000000000005,closed,2024-11-13,2024-11-18,True
2024-11-13,603000,8.6275,9.99570995301131,8.967275771456729,2.425253248298403,-0.834281383967872,0.15686274037384187,1.2007874039674402,-0.956022944719126,0.8562091498234456,6.269489589033861,5.958202746632191,0.9169082125603865,0.29114331723027376,True,,closed,2024-11-18,2024-11-18T15:00:00+08:00,-6.210000000000005,closed,2024-11-13,2024-11-18,True
2024-11-13,603138,5.1324,10.011918965835953,10.671462831284328,2.2918359637016876,-5.020920492596048,0.052631579095768384,0.7931034481994208,1.3215859048771206,0.9144602853290458,7.766194214489053,5.958202746632191,0.9169082125603865,0.29114331723027376,True,,closed,2024-11-14,2024-11-14T15:00:00+08:00,-6.210000000000016,closed,2024-11-13,2024-11-14,True
2024-11-13,603159,6.6207,10.007199420026902,28.727885481747386,2.282454401799823,-0.9162303755189893,0.12499999913703252,0.9034482748533524,0.26420077646855944,0.8896551718842172,5.990783388813115,5.958202746632191,0.9169082125603865,0.29114331723027376,True,,closed,2024-11-18,2024-11-18T15:00:00+08:00,-6.210000000000005,closed,2024-11-13,2024-11-18,True
2024-11-13,603421,9.8485,10.015174471575472,16.185897396152328,2.7643476455992375,-5.7471264445818075,0.2499999999999995,1.1969697019862442,-2.710027104173429,0.8358585856658698,5.124450959657145,5.958202746632191,0.9169082125603865,0.29114331723027376,True,,closed,2024-11-15,2024-11-15T15:00:00+08:00,-6.210000000000005,closed,2024-11-13,2024-11-15,True
2024-11-13,603928,13.1852,10.033076036300503,17.966903065832284,2.470170701968298,-6.3770794842181955,0.14141414028569702,1.168539326089098,-0.3948667204953571,0.780246913548516,8.98682221577507,5.958202746632191,0.9169082125603865,0.29114331723027376,True,,closed,2024-11-15,2024-11-15T15:00:00+08:00,-6.210000000000005,closed,2024-11-13,2024-11-15,True
2024-11-13,603956,39.145,9.947643970894271,15.173674578028074,2.475316484621361,-3.333333336287747,0.258064515257462,0.5799999997394203,-0.9852216604986919,0.7758620690830925,1.0727455674083952,5.958202746632191,0.9169082125603865,0.29114331723027376,True,,closed,2024-11-15,2024-11-15T15:00:00+08:00,-6.209999999999995,closed,2024-11-13,2024-11-15,True
2024-11-13,605389,9.308,9.990749315657666,11.538461540856982,4.473877240329389,-3.0000000000000027,0.19075144380008713,1.2088888856758582,0.041237112306924395,0.8448660711209329,7.707334381683495,5.958202746632191,0.9169082125603865,0.29114331723027376,True,,closed,2024-11-18,2024-11-18T15:00:00+08:00,-2.1061253091508645,closed,2024-11-13,2024-11-18,True
2024-11-14,000516,36.0944,10.067114088616712,19.926873838450042,3.3800233573882927,-3.538461534878512,0.39473684132291,-0.38095238453879515,-1.2759170718852464,0.8549019608364343,0.9458577935864909,7.2894300510832455,0.9085346215780998,0.4537842190016103,True,,closed,2024-11-15,2024-11-15T15:00:00+08:00,-6.210000000000005,closed,2024-11-14,2024-11-15,True
2024-11-14,000550,37.9777,10.000000000000009,16.358631512122066,2.4106774310421253,-2.2821577139174987,0.6930232536614143,-1.3333333486459087,-1.6985138037688974,0.7090558763690306,1.4609203912175461,7.2894300510832455,0.9085346215780998,0.4537842190016103,True,,closed,2024-11-18,2024-11-18T15:00:00+08:00,-6.210000000000005,closed,2024-11-14,2024-11-18,True
2024-11-14,002846,51.8644,10.023310018893872,21.8064516022666,3.6111673610304247,-4.7058823510385706,0.48235294117647054,0.24285714285714347,-3.254769920055678,0.755952380952381,0.20838156971663135,7.2894300510832455,0.9085346215780998,0.4537842190016103,True,,closed,2024-11-15,2024-11-15T15:00:00+08:00,-6.210000000000005,closed,2024-11-14,2024-11-15,True
2024-11-14,002853,7.1698,10.009718170686721,25.91768630928939,2.154385203330181,-5.221238928794191,0.34444444596870244,0.4077669920898235,0.37348270796240257,0.880503144629423,3.624445724132652,7.2894300510832455,0.9085346215780998,0.4537842190016103,True,,closed,2024-11-15,2024-11-15T15:00:00+08:00,-6.210000000000005,closed,2024-11-14,2024-11-15,True
2024-11-14,002857,10.9339,9.991876565227908,18.150087293456064,2.8706799222229193,-4.862119026326106,0.4566929114528399,0.6386554601127608,-0.8390541477064195,0.8177676536253169,3.3222063277725145,7.2894300510832455,0.9085346215780998,0.4537842190016103,True,,closed,2024-11-15,2024-11-15T15:00:00+08:00,-6.210000000000016,closed,2024-11-14,2024-11-15,True
2024-11-14,600817,43.0694,10.000000005164921,10.567010308876945,3.4224158693319904,-3.72960373978255,0.4606741566167564,-0.7777777736330848,-1.5334947551327693,0.5520833331730501,1.7854163115993194,7.2894300510832455,0.9085346215780998,0.4537842190016103,True,,closed,2024-11-19,2024-11-19T15:00:00+08:00,14.708032786885237,closed,2024-11-14,2024-11-19,True
2024-11-14,600857,26.8709,10.028248589883159,19.295558974003903,3.9432354158047165,-1.5247776531360557,0.3211009169577053,0.9436619696329047,-2.9677419150204276,0.7172011663488381,2.257274961150757,7.2894300510832455,0.9085346215780998,0.4537842190016103,True,,closed,2024-11-18,2024-11-18T15:00:00+08:00,-6.210000000000005,closed,2024-11-14,2024-11-18,True
2024-11-14,603958,20.3317,10.014005561293171,-4.031765414544175,2.1768088286204015,-13.789107748202712,0.11851851998017048,0.08791208697628038,-0.06720429989403032,0.6945525296809746,2.8496334383026456,7.2894300510832455,0.9085346215780998,0.4537842190016103,True,,closed,2024-11-15,2024-11-15T15:00:00+08:00,-7.405696032279752,closed,2024-11-14,2024-11-15,True
2024-11-15,002238,15.6236,10.032362459650667,11.719605701105639,4.255382220322167,-0.6603773605267871,0.46511628014108264,1.3510638308969283,-4.748338096409865,0.739606126718328,3.2105371394250515,6.636279499987063,0.71658615136876,0.08953301127214171,True,,closed,2024-11-19,2024-11-19T15:00:00+08:00,-6.790259222333007,closed,2024-11-15,2024-11-19,True
2024-11-15,002291,37.7662,10.047846927974113,19.58405546223043,5.898468994202512,-11.98945980106475,0.04210526020491466,0.15384614356162377,-3.5928143634672893,0.6840659344201209,1.5892420415595687,6.636279499987063,0.71658615136876,0.08953301127214171,True,,closed,2024-11-18,2024-11-18T15:00:00+08:00,-6.210000000000005,closed,2024-11-15,2024-11-18,True
2024-11-15,002400,34.3957,10.014104354462683,29.568106285564653,2.470123656018962,-2.304737521851097,0.025316457316453638,0.7166666712495857,-0.5242464281681625,0.7906976744154065,1.362179464797686,6.636279499987063,0.71658615136876,0.08953301127214171,True,,closed,2024-11-19,2024-11-19T15:00:00+08:00,-6.210000000000005,closed,2024-11-15,2024-11-19,True
2024-11-15,600104,13.748,9.993425404921163,26.93474963119393,2.431654433381816,-1.5891701212559672,0.6173913019109352,0.9887640399009702,-3.1100478367581785,0.7708674298072088,6.69125394028216,6.636279499987063,0.71658615136876,0.08953301127214171,True,,closed,2024-11-20,2024-11-20T15:00:00+08:00,5.654197530864201,closed,2024-11-15,2024-11-20,True
2024-11-15,600135,59.2159,10.014306157975582,10.014306157975582,5.162303617265296,-11.180124216177811,0.052631580470557125,-2.85714284311554,-3.4965035045704695,0.6732954545482281,0.028977096007964942,6.636279499987063,0.71658615136876,0.08953301127214171,True,,closed,2024-11-18,2024-11-18T15:00:00+08:00,-6.210000000000005,closed,2024-11-15,2024-11-18,True
2024-11-15,601949,27.8953,10.068027218538745,18.102189785668887,3.2424866508909633,-8.2847141203091,0.029411764330140134,0.7124999997692478,-0.763358778288481,0.6827794565454047,2.335345053893345,6.636279499987063,0.71658615136876,0.08953301127214171,True,,closed,2024-11-20,2024-11-20T15:00:00+08:00,12.48230769230769,closed,2024-11-15,2024-11-20,True
2024-11-15,603039,5.7669,9.995635137767112,27.272727278834875,2.6554249616188055,-1.127819551880238,0.2773536934604232,1.4471544707094144,0.07604562083762811,0.9038841858169203,8.116989814875609,6.636279499987063,0.71658615136876,0.08953301127214171,True,,closed,2024-11-19,2024-11-19T15:00:00+08:00,-11.190243161094228,closed,2024-11-15,2024-11-19,True
2024-11-15,603324,28.2963,10.011248596819344,20.69107363070679,2.3918046295602666,-6.61184210650333,0.023890783779513713,0.6822742476090059,-0.6692497184179413,0.713615023662756,2.16650969042107,6.636279499987063,0.71658615136876,0.08953301127214171,True,,closed,2024-11-20,2024-11-20T15:00:00+08:00,9.896382978723416,closed,2024-11-15,2024-11-20,True
2024-11-15,603535,14.5872,9.999999979784334,21.492537288905634,2.1346121468577777,-5.919999988855695,0.0909090905381925,0.6280991757607213,-0.5102041022714165,0.756880733449176,3.870738626020964,6.636279499987063,0.71658615136876,0.08953301127214171,True,,closed,2024-11-20,2024-11-20T15:00:00+08:00,3.9780341880341954,closed,2024-11-15,2024-11-20,True
2024-11-15,603716,17.8105,10.059171606371752,28.808864288670332,3.3482775376588836,-1.9354838577853695,0.3312500012297485,0.5813953505244966,-3.7280701840997743,0.7031578949040274,4.474059978574063,6.636279499987063,0.71658615136876,0.08953301127214171,True,,closed,2024-11-18,2024-11-18T15:00:00+08:00,-10.004988610478351,closed,2024-11-15,2024-11-18,True
2024-11-19,603079,12.2759,10.025706949732104,28.52852852929082,2.660540257182116,-3.1700288311204305,0.06880733933773824,0.609756098566692,1.4880952259441305,0.7954022985991352,5.013550126632604,0.38585107683299924,0.3219465033838221,0.2703834998388656,True,,closed,2024-11-22,2024-11-22T15:00:00+08:00,11.109648093841649,closed,2024-11-19,2024-11-22,True
2024-11-19,605577,22.0996,9.98030204505531,18.878637351067095,5.112895900561731,-4.115942004175177,0.18884120211246952,0.8609271551017466,-1.0882708591673174,0.6755485901070045,2.8025638009639087,0.38585107683299924,0.3219465033838221,0.2703834998388656,True,,closed,2024-11-22,2024-11-22T15:00:00+08:00,2.296112469437638,closed,2024-11-19,2024-11-22,True
2024-11-20,002140,8.2909,9.979423862911908,27.870813396030126,2.3481821253151067,-1.5943312665215315,0.3564356491580909,1.432989696004836,-0.9900990372828988,0.8618181825640103,6.382978727920263,0.482973265793718,0.46857879471479214,0.8295198195294876,True,,closed,2024-11-22,2024-11-22T15:00:00+08:00,-6.210000000000016,closed,2024-11-20,2024-11-22,True
2024-11-20,002912,36.867,10.019417463227963,-9.92050874390159,2.8857062464828362,-2.494654311082589,0.691629955976263,0.28148148086384944,-2.192982457102721,0.5696551724166485,2.171528845937254,0.482973265793718,0.46857879471479214,0.8295198195294876,True,,closed,2024-11-25,2024-11-25T15:00:00+08:00,6.479088191330339,closed,2024-11-20,2024-11-25,True
2024-11-21,002815,6.1456,9.989258891953966,7.001044934451128,6.858153033096103,-3.366697004534447,0.22448979237060726,1.469135798249648,0.0,0.897574123419859,7.500759182486649,0.3162179487663508,0.6169458762886598,0.8298969072164949,True,,closed,2024-11-25,2024-11-25T15:00:00+08:00,-6.210000000000005,closed,2024-11-21,2024-11-25,True
2024-11-21,002905,10.4833,10.071942411781176,13.165680492091724,2.223651893397852,-3.5043804537112644,0.49315068759339414,1.0833333368159512,-1.2970169125609998,0.8252788098208204,4.360943460776823,0.3162179487663508,0.6169458762886598,0.8298969072164949,True,,closed,2024-11-25,2024-11-25T15:00:00+08:00,-6.210000000000005,closed,2024-11-21,2024-11-25,True
2024-11-21,002962,7.6208,10.006626914382855,0.8505467750110851,3.7876888654407233,-1.93842647358492,0.10714285164209755,1.4411764703084398,0.2325581596517745,0.8729874781872362,4.83429615126898,0.3162179487663508,0.6169458762886598,0.8298969072164949,True,,closed,2024-11-26,2024-11-26T15:00:00+08:00,5.300440835266839,closed,2024-11-21,2024-11-26,True
2024-11-22,001300,0.0,10.02548859115766,4.4354838887684656,3.5753999252895032,-1.7883756102629822,0.4130434749683305,1.199999993076266,3.9453717775945085,1.0,9.960670981865416,1.5390066210500652,0.6048984853367708,0.4953271028037383,True,,closed,2024-11-27,2024-11-27T15:00:00+08:00,2.7097080291970768,closed,2024-11-22,2024-11-27,True
2024-11-22,002006,11.9847,10.026560383240856,24.11985022302123,2.3899699457717185,-7.833333362190031,0.12299465407293537,1.0163934427931842,0.4219409337476332,0.8002544534454318,10.638863066053194,1.5390066210500652,0.6048984853367708,0.4953271028037383,True,,closed,2024-11-25,2024-11-25T15:00:00+08:00,-8.373265306122448,closed,2024-11-22,2024-11-25,True
2024-11-22,002848,38.4727,10.021786477451776,12.472160337905658,2.5671888385754498,-0.6910168402915584,0.4237288086850014,0.9599999994011473,-0.39761431963813987,0.7424547286110469,1.2734990613484154,1.5390066210500652,0.6048984853367708,0.4953271028037383,True,,closed,2024-11-25,2024-11-25T15:00:00+08:00,-6.209999999999995,closed,2024-11-22,2024-11-25,True
2024-11-22,002915,6.1927,10.00877963810538,10.786914228527976,3.231526562196604,-4.381245215980778,0.149253731444803,0.9217391287807586,0.9646302451050026,0.8967889908304827,7.718696408909298,1.5390066210500652,0.6048984853367708,0.4953271028037383,True,,closed,2024-11-26,2024-11-26T15:00:00+08:00,-6.210000000000005,closed,2024-11-22,2024-11-26,True
2024-11-22,603025,6.3063,10.000000016472498,9.251700672322439,3.0882907168468163,-2.497027360247317,0.04545454385737543,1.4722222185108296,0.8536585477242786,0.8948948950792447,10.340226825315701,1.5390066210500652,0.6048984853367708,0.4953271028037383,True,,closed,2024-11-25,2024-11-25T15:00:00+08:00,-9.520761789600964,closed,2024-11-22,2024-11-25,True
2024-11-22,603217,6.2665,10.005652896680473,6.805708019444934,2.1302171341669482,-0.44999999942045843,0.6627218916257205,1.2542372881355934,-1.5067805103560317,0.8955582229710539,7.006438931739067,1.5390066210500652,0.6048984853367708,0.4953271028037383,True,,closed,2024-11-25,2024-11-25T15:00:00+08:00,-8.726063233044359,closed,2024-11-22,2024-11-25,True
2024-11-22,603662,8.4013,10.011862392038196,14.155588408975127,2.20570401166355,-1.7167381926607495,0.17647058698361331,0.6918918927057317,-1.7467248858976436,0.85997834773184,6.393039537401957,1.5390066210500652,0.6048984853367708,0.4953271028037383,True,,closed,2024-11-27,2024-11-27T15:00:00+08:00,3.8788888888888975,closed,2024-11-22,2024-11-27,True
2024-11-22,603895,16.3979,10.009532871767156,24.4204851501594,5.237893729761554,-6.877249114645889,0.387900354383296,22.000007080750937,-3.821382563069775,0.7267015705354456,5.1347038386483135,1.5390066210500652,0.6048984853367708,0.4953271028037383,True,,closed,2024-11-25,2024-11-25T15:00:00+08:00,-6.210000000000005,closed,2024-11-22,2024-11-25,True
2024-11-25,002331,11.9626,9.999999993049924,9.452736311870936,2.1350559307025523,-7.189542469936871,0.042553191447412125,0.6543209882475293,3.0516431796203003,0.8006230525835826,5.440134496261129,-2.293032010496354,0.2803738317757009,0.08153399935546246,True,,closed,2024-11-27,2024-11-27T15:00:00+08:00,-6.210000000000005,closed,2024-11-25,2024-11-27,True
2024-11-25,002734,13.1006,10.01300391198663,7.3604061179101565,3.9799837682386774,-3.926097005884255,0.05357142803702496,0.7941176446426009,-0.48076922786400855,0.7816559748367042,5.531481004041239,-2.293032010496354,0.2803738317757009,0.08153399935546246,True,,closed,2024-11-28,2024-11-28T15:00:00+08:00,7.398695652173925,closed,2024-11-25,2024-11-28,True
2024-11-25,002950,8.6118,10.011507499705342,9.382151033401653,3.3990893569278824,-4.182509508992538,0.3333333302692951,1.597701146860386,-1.6865079556744766,0.8564705876878127,9.648152222023443,-2.293032010496354,0.2803738317757009,0.08153399935546246,True,,closed,2024-11-26,2024-11-26T15:00:00+08:00,-7.071755802219982,closed,2024-11-25,2024-11-26,True
2024-11-25,600860,14.7844,10.019841250534434,-0.09009011018622504,3.106150021210673,-1.785714257107207,0.09090909296859039,0.9108910927439337,0.0,0.7535934293472416,5.232947496544038,-2.293032010496354,0.2803738317757009,0.08153399935546246,True,,closed,2024-11-26,2024-11-26T15:00:00+08:00,-6.210000000000016,closed,2024-11-25,2024-11-26,True
2024-11-27,002167,35.2485,9.966777403066684,21.245421252421526,2.3679701955862877,-8.770257383097025,0.049295775411485734,0.6129032263361052,-4.493207945818778,0.706270627049539,1.6781411354482412,-2.152141503609617,0.35642926200451175,0.338382210763777,True,,closed,2024-12-02,2024-12-02T15:00:00+08:00,9.527417943107206,closed,2024-11-27,2024-12-02,True
2024-11-27,002576,42.2683,10.007358362644393,5.878186989749379,2.091152815013405,-6.0025542775913765,0.0,0.827067668029211,-1.494565225527833,0.6545454545215685,1.384421751585685,-2.152141503609617,0.35642926200451175,0.338382210763777,True,,closed,2024-12-02,2024-12-02T15:00:00+08:00,1.9968965517241468,closed,2024-11-27,2024-12-02,True
2024-11-27,002769,35.2268,10.028248600203238,11.126961482960462,8.74781261007397,-11.318553093985972,0.0,0.7031249995718862,-3.947368417004715,0.6848635236487811,1.7761033340288779,-2.152141503609617,0.35642926200451175,0.338382210763777,True,,closed,2024-12-02,2024-12-02T15:00:00+08:00,10.337945205479457,closed,2024-11-27,2024-12-02,True
2024-11-27,600689,15.5725,9.96916754425996,5.626850968937758,2.6317974227206156,-5.704099800701301,0.18518518671311313,0.42857143127759845,-2.457466938474051,0.7404580151049095,3.179364103077109,-2.152141503609617,0.35642926200451175,0.338382210763777,True,,closed,2024-12-02,2024-12-02T15:00:00+08:00,3.569069767441867,closed,2024-11-27,2024-12-02,True
2024-11-27,603121,49.4546,10.046728942544148,5.48712206815809,2.3100354806158654,-8.163265312299895,0.08045977311963765,0.22222222120493218,-0.33333331575458036,0.7585104935279788,0.3776099275811462,-2.152141503609617,0.35642926200451175,0.338382210763777,True,,closed,2024-12-02,2024-12-02T15:00:00+08:00,0.012965440356737162,closed,2024-11-27,2024-12-02,True
2024-11-27,603178,49.3162,10.005078757309182,-6.998711883283349,3.909732290997145,-6.000839281184767,0.2513088977241376,1.6379310281580854,-1.6517856800239872,0.6185133241170957,1.0179750793295472,-2.152141503609617,0.35642926200451175,0.338382210763777,True,,closed,2024-12-02,2024-12-02T15:00:00+08:00,3.9207308216069094,closed,2024-11-27,2024-12-02,True
2024-11-27,603520,37.8249,9.958071281645653,8.479834537853591,2.5365708754372576,-4.6532846690912955,0.0,0.9550561827625974,-1.2440191424487823,0.7792207795805299,1.1566359689444417,-2.152141503609617,0.35642926200451175,0.338382210763777,True,,closed,2024-12-02,2024-12-02T15:00:00+08:00,6.960542635658905,closed,2024-11-27,2024-12-02,True
2024-11-27,603758,58.783,10.060606120150606,-2.049622367777637,2.484045637025936,-4.090419832816949,0.05769230159254651,0.77922077564408,-1.2345679327944725,0.5778301880885748,0.4910357067718252,-2.152141503609617,0.35642926200451175,0.338382210763777,True,,closed,2024-12-02,2024-12-02T15:00:00+08:00,3.199090909090895,closed,2024-11-27,2024-12-02,True
2024-11-27,605168,31.3269,9.999999970921515,-5.580736569387589,3.3344815746043,-1.0002858060409126,0.2406015029292427,1.5390946539857826,-5.051963015236193,0.7428376535113779,1.807713780367548,-2.152141503609617,0.35642926200451175,0.338382210763777,True,,closed,2024-12-02,2024-12-02T15:00:00+08:00,4.98914867740956,closed,2024-11-27,2024-12-02,True
2024-11-28,002115,34.4291,10.081300818219363,7.120253164195911,4.142648722388166,-5.405405401092933,0.23456790023318844,0.07692307218209543,-3.007518796992492,0.7499999998778618,1.5428211556161697,0.45240341241137294,0.40895907186593616,0.7653883338704479,True,,closed,2024-12-03,2024-12-03T15:00:00+08:00,5.681472868217051,closed,2024-11-28,2024-12-03,True
2024-11-28,605088,7.0374,9.999999992534537,16.06830122654026,2.4685103508562802,-2.5000000224897123,0.6962616804750864,-0.1485148580109344,0.0,0.8827098074949575,3.791352759378741,0.45240341241137294,0.40895907186593616,0.7653883338704479,True,,closed,2024-12-03,2024-12-03T15:00:00+08:00,-1.2750887573964595,closed,2024-11-28,2024-12-03,True
2024-11-29,002527,40.8923,10.000000016081545,16.132858829429118,2.874386101911787,-1.8943170208972182,0.4444444456492069,1.0561797775395434,-4.471544718994791,0.7991886413755389,0.8367303271674231,-0.4751685924585747,0.4577691811734365,0.5093488072211476,True,,closed,2024-12-04,2024-12-04T15:00:00+08:00,10.215531914893614,closed,2024-11-29,2024-12-04,True
2024-11-29,002718,54.3351,9.999999992843222,29.657794681189674,2.158604323675907,-17.0575692908698,0.061583577264237986,-0.8395061746429742,-2.6349614384890696,0.6460784314137764,0.5175159221409764,-0.4751685924585747,0.4577691811734365,0.5093488072211476,True,,closed,2024-12-02,2024-12-02T15:00:00+08:00,-10.11099009900989,closed,2024-11-29,2024-12-02,True
2024-11-29,002829,7.8261,10.000000001983334,8.007626301916893,2.043840743078727,-3.291666662552617,0.16969696834633244,1.2422907487401,0.6031882759002016,0.869565217108741,6.611268371932577,-0.4751685924585747,0.4577691811734365,0.5093488072211476,True,,closed,2024-12-04,2024-12-04T15:00:00+08:00,-4.064389721627416,closed,2024-11-29,2024-12-04,True
2024-11-29,603706,8.5456,9.98959420598997,22.19653181801673,4.439195000286681,-4.688172041661954,0.26351351449041094,1.8717948655422654,-1.4891696903897689,0.8575727178594643,5.981163204286077,-0.4751685924585747,0.4577691811734365,0.5093488072211476,True,,closed,2024-12-02,2024-12-02T15:00:00+08:00,-7.218703618873113,closed,2024-11-29,2024-12-02,True
2024-11-29,603933,14.5277,10.032786898800538,5.2037617498536415,2.910329775136642,-8.804347830375603,0.011764705155179328,1.0,0.2979737876031452,0.757871994549873,7.061068716229113,-0.4751685924585747,0.4577691811734365,0.5093488072211476,True,,closed,2024-12-04,2024-12-04T15:00:00+08:00,1.7507843137254833,closed,2024-11-29,2024-12-04,True
2024-12-02,000058,51.1762,10.0117785657017,3.5476718475731195,3.344080052232266,-5.628140683249705,0.05813953574683422,1.1470588253701237,-2.981895633604559,0.5533661741774601,1.1716364160397896,0.6828499596403192,0.5331829896907216,0.7767396907216495,True,,closed,2024-12-05,2024-12-05T15:00:00+08:00,6.266399560922053,closed,2024-12-02,2024-12-05,True
2024-12-02,002243,62.2171,10.035842309221588,3.135498324753505,3.567092582608935,-6.054279749721636,0.2727272686863284,-0.6153846451434543,-1.4444444198846274,0.5822147649880343,0.21374731989454165,0.6828499596403192,0.5331829896907216,0.7767396907216495,True,,closed,2024-12-05,2024-12-05T15:00:00+08:00,2.3830101465614364,closed,2024-12-02,2024-12-05,True
2024-12-02,603256,15.8228,10.022026478597002,20.361445831528812,4.783467303719514,-6.226765847029547,0.5064102527817061,1.4761904282034664,-4.7571852865557425,0.7362869196218644,4.958497165504672,0.6828499596403192,0.5331829896907216,0.7767396907216495,True,,closed,2024-12-05,2024-12-05T15:00:00+08:00,6.657845993756494,closed,2024-12-02,2024-12-05,True
2024-12-02,605136,11.1627,9.951456306208883,17.968749995348364,3.8879806129384993,-3.5416666584956014,0.4615384617687399,21.000001167512373,-1.511879052240317,0.8139544377509509,5.020727778248046,0.6828499596403192,0.5331829896907216,0.7767396907216495,True,,closed,2024-12-04,2024-12-04T15:00:00+08:00,-6.210000000000005,closed,2024-12-02,2024-12-04,True
2024-12-03,002870,17.25,10.016051348588162,6.362507757991542,2.4658117849535177,-1.329354292685525,0.21764706068227546,2.33757962834176,-4.564201277519986,0.7125000000691762,5.301478946933336,0.07275470611407542,0.6782608695652174,0.8657004830917875,True,,closed,2024-12-06,2024-12-06T15:00:00+08:00,-2.630051858254113,closed,2024-12-03,2024-12-06,True
2024-12-03,003010,10.3132,10.009578518660511,13.769192667534202,6.634018520402972,-3.9538714985611567,0.062499998533195475,1.169082125376018,-2.2298456045288795,0.8281141267422417,4.769782205481943,0.07275470611407542,0.6782608695652174,0.8657004830917875,True,,closed,2024-12-06,2024-12-06T15:00:00+08:00,-0.5170175438596445,closed,2024-12-03,2024-12-06,True
2024-12-03,603901,11.9149,10.037641139630571,26.73410404390313,2.099683537582567,-2.6258205655749878,0.11764705882352895,1.1494252869554324,-1.0112359537301385,0.8014184399354655,6.710271314377714,0.07275470611407542,0.6782608695652174,0.8657004830917875,True,,closed,2024-12-06,2024-12-06T15:00:00+08:00,-1.1180590238365604,closed,2024-12-03,2024-12-06,True
2024-12-03,605300,13.9516,10.03436424148898,29.951298727600715,2.1241504325377325,-4.721274198469061,0.24561403464144438,2.1562500014159656,-5.194029843545511,0.7674731181468526,7.311798888325538,0.07275470611407542,0.6782608695652174,0.8657004830917875,True,,closed,2024-12-04,2024-12-04T15:00:00+08:00,-8.900176322418154,closed,2024-12-03,2024-12-04,True
2024-12-04,000735,19.5791,9.985096871692068,25.29711374611152,5.36685952684656,-3.82716051192058,0.32653060950950286,2.0512820465322474,-6.418485226201243,0.7713498621368394,2.560495220537562,-2.291515074644468,0.7005795235028976,0.4713457823567289,True,,closed,2024-12-09,2024-12-09T15:00:00+08:00,-6.210000000000005,closed,2024-12-04,2024-12-09,True
2024-12-04,000886,14.6381,10.030864192175892,17.46293245134296,3.6495876554345723,-8.545918360803284,0.06944444352806312,1.1481481446726884,-3.3472803286291875,0.7560321719141111,3.866906473411502,-2.291515074644468,0.7005795235028976,0.4713457823567289,True,,closed,2024-12-09,2024-12-09T15:00:00+08:00,-3.528903318903299,closed,2024-12-04,2024-12-09,True
2024-12-04,002029,17.665,10.069930072501009,26.527331175215885,5.987552291489768,-6.120092378207653,0.3205128208808704,1.764705885047953,-7.74907749930327,0.7055837562034404,3.8493492064032298,-2.291515074644468,0.7005795235028976,0.4713457823567289,True,,closed,2024-12-06,2024-12-06T15:00:00+08:00,-6.210000000000016,closed,2024-12-04,2024-12-06,True
2024-12-04,002036,49.7552,10.031023791893245,4.211557295405677,2.9506568339245596,-2.841429876933532,0.34482758637407035,0.9285714276747762,-0.9433962267904716,0.7090592335314085,0.577596821493287,-2.291515074644468,0.7005795235028976,0.4713457823567289,True,,closed,2024-12-09,2024-12-09T15:00:00+08:00,3.599523809523796,closed,2024-12-04,2024-12-09,True
2024-12-04,002320,16.4621,9.951845904466495,15.514333883865161,2.905200536137746,-7.692307653201835,0.12307692306009983,0.977272727199299,-2.7777777763345335,0.7256317698090019,3.744149766942062,-2.291515074644468,0.7005795235028976,0.4713457823567289,True,,closed,2024-12-09,2024-12-09T15:00:00+08:00,-2.3152631578947434,closed,2024-12-04,2024-12-09,True
2024-12-04,002905,10.0855,10.067114090861828,17.985611480534036,3.043701585717667,-4.943820181413483,0.2666666709652109,1.3376623396923457,-1.7730496648493022,0.8319088324635907,5.6982955962607384,-2.291515074644468,0.7005795235028976,0.4713457823567289,True,,closed,2024-12-09,2024-12-09T15:00:00+08:00,1.956064981949467,closed,2024-12-04,2024-12-09,True
2024-12-04,002915,12.3273,10.000000011685085,18.290441207923468,4.766383236672237,-6.7844523071075695,0.08571428720234482,1.2807017533339846,-1.2888551968645023,0.7945454542697641,6.5553645933279725,-2.291515074644468,0.7005795235028976,0.4713457823567289,True,,closed,2024-12-09,2024-12-09T15:00:00+08:00,8.929784946236573,closed,2024-12-04,2024-12-09,True
2024-12-04,600579,20.1481,9.97109822372908,14.092953446916479,4.189971077583636,-6.81003587369533,0.14925372708187848,1.4523809584055967,-2.6923076697740966,0.6641975304994198,6.124161078749557,-2.291515074644468,0.7005795235028976,0.4713457823567289,True,,closed,2024-12-09,2024-12-09T15:00:00+08:00,-1.3957707509881465,closed,2024-12-04,2024-12-09,True
2024-12-05,001373,25.547,10.013670563492937,15.005359083748182,2.233482340226949,-9.158269098904936,0.11134903657547986,0.4744027321440158,-0.4893964106704507,0.6407685883967341,2.700518565216159,-2.3290111555275828,0.5676110753380553,0.1905988409529942,True,,closed,2024-12-10,2024-12-10T15:00:00+08:00,-1.8493442622950838,closed,2024-12-05,2024-12-10,True
2024-12-05,002279,32.6762,9.98552823193133,21.79487179548825,2.6410228523911083,-7.655502393317604,0.08571428624497168,1.1621621618334077,-5.699481870117995,0.730673316595652,1.7612524444330147,-2.3290111555275828,0.5676110753380553,0.1905988409529942,True,,closed,2024-12-10,2024-12-10T15:00:00+08:00,7.34494505494505,closed,2024-12-05,2024-12-10,True
2024-12-05,603081,12.5,10.018050582724047,17.77777784366803,2.2068496929007257,-5.577689231809613,0.20833332913563793,0.6880733920689771,0.843881899586485,0.7916666674739158,5.453582798805501,-2.3290111555275828,0.5676110753380553,0.1905988409529942,True,,closed,2024-12-10,2024-12-10T15:00:00+08:00,-3.8920083682008397,closed,2024-12-05,2024-12-10,True
2024-12-05,603897,13.012,9.986859403978565,18.555240807817185,2.5711197690824132,-6.395348840199522,0.08955223932761468,0.45142857221868266,-0.6211180009794925,0.7831325302543871,3.2258064661247587,-2.3290111555275828,0.5676110753380553,0.1905988409529942,True,,closed,2024-12-10,2024-12-10T15:00:00+08:00,11.623333333333338,closed,2024-12-05,2024-12-10,True
2024-12-05,603949,15.481,9.999999955775806,23.878069386952294,2.654243937232525,-4.620462044496209,0.03529411814455899,0.8333333373675013,-0.8996539750133481,0.7419825079857769,4.464546256611124,-2.3290111555275828,0.5676110753380553,0.1905988409529942,True,,closed,2024-12-10,2024-12-10T15:00:00+08:00,0.34865921787709997,closed,2024-12-05,2024-12-10,True
2024-12-05,605151,25.4085,9.976662783846724,12.403100773464516,3.0946866676012896,-8.585858595878083,0.055555552668986034,0.4827586184655204,-0.4972375423402009,0.6763110313469491,2.5509623166087625,-2.3290111555275828,0.5676110753380553,0.1905988409529942,True,,closed,2024-12-10,2024-12-10T15:00:00+08:00,-1.4315435868961677,closed,2024-12-05,2024-12-10,True
2024-12-05,605155,42.8522,10.026385222028278,27.653061225044095,3.1572000475643107,-11.999999983620057,0.10344827557434426,-16.833333373663077,-3.7587412624021432,0.6223908920235734,1.4853256954366123,-2.3290111555275828,0.5676110753380553,0.1905988409529942,True,,closed,2024-12-10,2024-12-10T15:00:00+08:00,-1.0274386920980825,closed,2024-12-05,2024-12-10,True
2024-12-05,605378,12.766,9.988713298273733,12.724117950268576,2.051770562280801,-1.4507253566841904,0.3113772438845791,1.1213872841803034,-1.7766497467850195,0.7872340425531914,6.050641226401021,-2.3290111555275828,0.5676110753380553,0.1905988409529942,True,,closed,2024-12-10,2024-12-10T15:00:00+08:00,-3.8275710594315346,closed,2024-12-05,2024-12-10,True
2024-12-05,605398,18.4877,9.999999991318065,20.20255862290332,2.01869816581594,-13.139862953175774,0.015105740330720867,0.5348837212767589,0.0,0.6918714557069401,3.695505728009718,-2.3290111555275828,0.5676110753380553,0.1905988409529942,True,,closed,2024-12-10,2024-12-10T15:00:00+08:00,-0.4884222737819197,closed,2024-12-05,2024-12-10,True
2024-12-06,002516,10.1767,10.055865917640606,10.674157297703445,7.276398620051926,-4.15384616009371,0.3999999990423253,1.7804878054548743,-3.370786508692969,0.8303886926508024,7.0412517879175684,-5.405776353542635,0.6425353925353925,0.6714929214929215,True,,closed,2024-12-11,2024-12-11T15:00:00+08:00,-1.3727906976744095,closed,2024-12-06,2024-12-11,True
2024-12-06,600841,17.3684,10.090090125673456,11.090909114466307,5.193415019168609,-5.546995341008354,0.3454545498294611,1.0338983057671234,-1.9575856860926444,0.7105263152150352,4.8133937646267055,-5.405776353542635,0.6425353925353925,0.6714929214929215,True,,closed,2024-12-11,2024-12-11T15:00:00+08:00,0.788336106489206,closed,2024-12-06,2024-12-11,True
2024-12-06,603101,7.6136,9.987357736348091,11.681643097574867,2.6852190843006336,-6.9037656849637585,0.2500000013513332,1.2500000029729321,-0.11235957314121858,0.8731060603153193,8.441083170128971,-5.405776353542635,0.6425353925353925,0.6714929214929215,True,,closed,2024-12-11,2024-12-11T15:00:00+08:00,2.714634420697414,closed,2024-12-06,2024-12-11,True
2024-12-09,002115,13.7265,10.000000014567734,16.160000015383535,2.3986499968160304,-1.3774104681371302,0.11111111284215522,0.8461538461538474,0.13966479549825106,0.8264462810647017,2.751504727134657,-3.189680819932117,0.7564350064350064,0.7538610038610039,True,,closed,2024-12-12,2024-12-12T15:00:00+08:00,37.16796373779636,closed,2024-12-09,2024-12-12,True
2024-12-09,002313,36.6269,9.954233390029499,12.925969424999174,3.958089997230484,-7.5743049023623055,0.2882882874729085,1.034482758473213,-3.6307053851019178,0.7605042016773877,1.3307155294884465,-3.189680819932117,0.7564350064350064,0.7538610038610039,True,,closed,2024-12-12,2024-12-12T15:00:00+08:00,20.02681377825619,closed,2024-12-09,2024-12-12,True
2024-12-09,002529,17.2982,9.964830068205455,7.940161101660692,2.3421641091561556,-0.42598506189255314,0.46031746322602,0.962962965426262,-0.4278075400669268,0.7116968690851516,4.185317792793497,-3.189680819932117,0.7564350064350064,0.7538610038610039,True,,closed,2024-12-12,2024-12-12T15:00:00+08:00,-0.3174113856068703,closed,2024-12-09,2024-12-12,True
2024-12-09,600506,18.5635,10.02265006858989,24.95176847842675,2.822227553849435,-10.742574267032579,0.0384615370890473,-3.375000061838497,-0.6100942645965945,0.6906077350827536,3.4045008776846464,-3.189680819932117,0.7564350064350064,0.7538610038610039,True,,closed,2024-12-12,2024-12-12T15:00:00+08:00,24.510982142857138,closed,2024-12-09,2024-12-12,True
2024-12-09,600620,11.76,10.01697793973313,15.714285689414531,2.200664168129418,-1.9061583716454944,0.347826086298305,1.3559322023228695,-2.840059763762237,0.8040000005608282,5.588044213202381,-3.189680819932117,0.7564350064350064,0.7538610038610039,True,,closed,2024-12-12,2024-12-12T15:00:00+08:00,6.713076923076921,closed,2024-12-09,2024-12-12,True
2024-12-09,603598,5.6276,9.999999986842134,10.659560289698632,2.618267073072678,-0.6779660931334086,0.5106382986218642,1.6217948718356947,0.05688280653759481,0.9062068963702866,8.45973608005215,-3.189680819932117,0.7564350064350064,0.7538610038610039,True,,closed,2024-12-12,2024-12-12T15:00:00+08:00,24.463109721432637,closed,2024-12-09,2024-12-12,True
2024-12-09,603721,8.1381,10.00000002010173,15.030131179487638,3.5537043791705107,-1.4969181184396385,0.13469387731639013,1.4051094873035137,-0.2383790171175959,0.8643649814665613,7.645810562452482,-3.189680819932117,0.7564350064350064,0.7538610038610039,True,,closed,2024-12-12,2024-12-12T15:00:00+08:00,-1.5839545997610291,closed,2024-12-09,2024-12-12,True
2024-12-09,605298,10.1461,9.999999991975827,4.726027378972697,2.2000994812762027,-9.453032119933924,0.11666666480773372,0.9519999981440418,-0.19697961608037273,0.8308977037179873,6.204583583728107,-3.189680819932117,0.7564350064350064,0.7538610038610039,True,,closed,2024-12-12,2024-12-12T15:00:00+08:00,6.237368421052624,closed,2024-12-09,2024-12-12,True
2024-12-10,000520,16.4324,9.94371483966332,10.150375930398447,2.633889805122682,-1.1647254656705797,0.4871794870878909,1.1568627432233232,1.5151515258125414,0.7261261262093485,8.33632770685766,-3.983412774855133,0.7512870012870013,0.3967181467181467,True,,closed,2024-12-13,2024-12-13T15:00:00+08:00,5.594311774461013,closed,2024-12-10,2024-12-13,True
2024-12-10,002395,7.329,10.006455771672517,7.102451275726374,3.114350121712895,-0.2808988778922661,0.25000000000000083,1.507142857841095,1.3521126866646638,0.877850163203648,8.951065898906174,-3.983412774855133,0.7512870012870013,0.3967181467181467,True,,closed,2024-12-13,2024-12-13T15:00:00+08:00,-0.8770372429127158,closed,2024-12-10,2024-12-13,True
2024-12-10,002713,5.8239,9.963768125114747,28.059071727351316,4.162912610573384,-8.23353290293305,0.3209876557815497,1.461538466263687,1.9575856260248825,0.9029345374651044,11.447931517554544,-3.983412774855133,0.7512870012870013,0.3967181467181467,True,,closed,2024-12-11,2024-12-11T15:00:00+08:00,-10.130000000000008,closed,2024-12-10,2024-12-11,True
2024-12-10,603166,3.8606,10.055096456736145,16.302765652204144,2.233891925799803,-5.30864197141947,0.09615385700602486,0.49206349415292316,2.9986961644916876,0.9356568365363215,6.555165887422354,-3.983412774855133,0.7512870012870013,0.3967181467181467,True,,closed,2024-12-13,2024-12-13T15:00:00+08:00,-2.488481012658229,closed,2024-12-10,2024-12-13,True
2024-12-10,603488,8.4146,10.010649592040188,25.669099745975068,2.579810743629969,-2.6000000178321714,0.37974683582656477,-0.6857142969494596,1.334702268125354,0.8597560980393182,5.561497326463316,-3.983412774855133,0.7512870012870013,0.3967181467181467,True,,closed,2024-12-13,2024-12-13T15:00:00+08:00,-3.3508308004052476,closed,2024-12-10,2024-12-13,True
2024-12-10,603759,6.6892,9.985935366424691,17.771084352927602,3.719183122776892,-3.7897309793016087,0.042553200414111134,1.0746268673716919,1.5247775621525683,0.8885135120001174,6.647090201003647,-3.983412774855133,0.7512870012870013,0.3967181467181467,True,,closed,2024-12-13,2024-12-13T15:00:00+08:00,-4.215006257822286,closed,2024-12-10,2024-12-13,True
2024-12-11,000710,11.8091,9.999999982668918,7.715133536528929,3.767714608033035,-0.1811594283609108,0.10227272542637578,1.249999999999998,-1.814882035823251,0.8031809143128685,6.120047069737167,-2.205376109070001,0.8025088452878739,0.4934062399485365,True,,closed,2024-12-16,2024-12-16T15:00:00+08:00,1.6384288354898349,closed,2024-12-11,2024-12-16,True
2024-12-11,000953,9.4975,10.084033611820221,17.173524131242534,6.912399732241119,-7.350901531487786,0.19696969749801818,1.3095238134377012,-1.4970059589704432,0.8417085430813801,6.748864401887955,-2.205376109070001,0.8025088452878739,0.4934062399485365,True,,closed,2024-12-16,2024-12-16T15:00:00+08:00,1.0058054711246092,closed,2024-12-11,2024-12-16,True
2024-12-11,001202,8.3905,10.019775864301161,19.64157703623801,2.3666556484236043,-9.491137818207973,0.061904761169909304,0.4342105271974602,5.748578644552338,0.8601583108815322,8.644859810416406,-2.205376109070001,0.8025088452878739,0.4934062399485365,True,,closed,2024-12-12,2024-12-12T15:00:00+08:00,-6.210000000000005,closed,2024-12-11,2024-12-12,True
2024-12-11,001217,13.8079,9.991742383444645,23.447636747932776,2.0518473539165774,-7.95774648972677,0.27222221722319434,0.7899159605315692,-0.6120886891508803,0.7698675497338845,4.910353771533282,-2.205376109070001,0.8025088452878739,0.4934062399485365,True,,closed,2024-12-16,2024-12-16T15:00:00+08:00,23.88545804464972,closed,2024-12-11,2024-12-16,True
2024-12-11,002209,14.2072,9.970674447770179,17.432150297897863,5.207594133580614,-4.064352240744428,0.3692307726351817,1.075471702209652,-2.647837625388938,0.7632135303382247,3.1033838063043273,-2.205376109070001,0.8025088452878739,0.4934062399485365,True,,closed,2024-12-16,2024-12-16T15:00:00+08:00,-4.561767905711701,closed,2024-12-11,2024-12-16,True
2024-12-11,002298,12.731,10.050251244240993,24.90494296336676,2.495924171517711,-5.362318815208466,0.132075472263929,0.9333333368652774,-0.6125574426154801,0.8567335244101065,2.6898734202522645,-2.205376109070001,0.8025088452878739,0.4934062399485365,True,,closed,2024-12-16,2024-12-16T15:00:00+08:00,-1.5967488443759734,closed,2024-12-11,2024-12-16,True
2024-12-11,002364,10.4444,10.013175227838378,13.451086957903314,3.6004627402469476,-3.195266283655951,0.11320754642381468,0.7462686558161439,0.0,0.8259259258869148,5.060364747642088,-2.205376109070001,0.8025088452878739,0.4934062399485365,True,,closed,2024-12-16,2024-12-16T15:00:00+08:00,-1.4324938875305513,closed,2024-12-11,2024-12-16,True
2024-12-11,002835,10.0,10.000000002395627,25.605536343349055,2.6397038879590364,-5.227272718991472,0.30651341010094807,-0.19230769441272388,0.6235011942398394,0.8333333330980482,6.931702339928036,-2.205376109070001,0.8025088452878739,0.4934062399485365,True,,closed,2024-12-13,2024-12-13T15:00:00+08:00,-6.210000000000005,closed,2024-12-11,2024-12-13,True
2024-12-11,002877,10.7955,10.042283290803123,6.6598360812900825,2.4127025984685417,-4.025617554126171,0.06796116712180901,1.0833333336412865,0.09532886820997621,0.8200757576164787,4.001584770600575,-2.205376109070001,0.8025088452878739,0.4934062399485365,True,,closed,2024-12-16,2024-12-16T15:00:00+08:00,-6.210000000000005,closed,2024-12-11,2024-12-16,True
2024-12-11,003037,16.7677,10.030395138652404,16.398713827964674,3.3669775780682643,-8.333333327140602,0.1447368422223411,0.8636363640355649,-2.5174825239642318,0.7205387205069594,3.3511269251074616,-2.205376109070001,0.8025088452878739,0.4934062399485365,True,,closed,2024-12-16,2024-12-16T15:00:00+08:00,4.811520803443336,closed,2024-12-11,2024-12-16,True
2024-12-11,600618,10.2376,10.051282062363832,13.18565402339036,2.6207236857418175,-4.006968614905171,0.06024096411548784,1.3258426966292136,-0.09074410172190683,0.8293736506178017,8.902077160800559,-2.205376109070001,0.8025088452878739,0.4934062399485365,True,,closed,2024-12-16,2024-12-16T15:00:00+08:00,-4.388019981834691,closed,2024-12-11,2024-12-16,True
2024-12-11,600967,16.6972,10.025062651956773,12.998713010020246,2.437548805357213,-1.9977802410818812,0.04597701103054723,1.0793650784807813,-0.9060022746163798,0.7217125381425998,5.906560143156758,-2.205376109070001,0.8025088452878739,0.4934062399485365,True,,closed,2024-12-16,2024-12-16T15:00:00+08:00,-1.3528571428571343,closed,2024-12-11,2024-12-16,True
2024-12-11,603344,12.0968,10.004312198235521,15.013525699990616,2.2009433058800996,-3.521126746661263,0.10454545613497741,1.2231759659014196,-0.1152516426301542,0.7983870969666337,7.322711142576299,-2.205376109070001,0.8025088452878739,0.4934062399485365,True,,closed,2024-12-16,2024-12-16T15:00:00+08:00,-4.440769230769238,closed,2024-12-11,2024-12-16,True
2024-12-11,603716,47.907,10.022026424975605,10.631229215324067,5.244503727248647,-6.730769242044731,0.08510638310711507,0.4199999985251876,-3.4020618375540046,0.7081081085390246,0.7204916133441097,-2.205376109070001,0.8025088452878739,0.4934062399485365,True,,closed,2024-12-16,2024-12-16T15:00:00+08:00,11.636318036286017,closed,2024-12-11,2024-12-16,True
2024-12-11,605399,8.2129,9.99180996110014,9.722222196567332,2.593770091003758,-0.21261516265906888,0.45669291335078177,1.5508474591290902,-0.2130681779121124,0.8631178710247863,10.05796647474222,-2.205376109070001,0.8025088452878739,0.4934062399485365,True,,closed,2024-12-16,2024-12-16T15:00:00+08:00,-0.6370462633451988,closed,2024-12-11,2024-12-16,True
2024-12-12,001318,11.9522,9.975470163235322,16.450216449486298,2.925818159385571,-0.6598240489626095,0.23469388495465607,1.1190476229128352,-1.8450184798932123,0.8007968132050923,4.5926391844265835,-2.9691623954910096,0.8735927951109682,0.7909295593438405,True,,closed,2024-12-17,2024-12-17T15:00:00+08:00,-6.210000000000005,closed,2024-12-12,2024-12-17,True
2024-12-12,002474,8.9639,10.043041608361914,20.219435729203795,2.3229064640086476,-2.6250000102527205,0.11594202838336844,1.2399999988532893,-0.1283696887139696,0.8506024098512475,5.448631075095678,-2.9691623954910096,0.8735927951109682,0.7909295593438405,True,,closed,2024-12-17,2024-12-17T15:00:00+08:00,-6.210000000000005,closed,2024-12-12,2024-12-17,True
2024-12-13,000670,9.7125,9.961190175612856,21.77650429439286,2.2994680677884114,-0.23529412115790294,0.4318181807837991,0.9746835439218065,-1.768867922870676,0.8624999999379167,2.8903162075442523,-0.27512495609115506,0.9083895853423336,0.7193828351012537,True,,closed,2024-12-18,2024-12-18T15:00:00+08:00,-6.209999999999995,closed,2024-12-13,2024-12-18,True
2024-12-13,002752,5.2555,10.086956541454196,12.035398221013338,3.6766435710437047,-5.668604672889932,0.0869565199136634,1.275862064372544,2.773497722912621,0.9124087587202019,10.760544688051876,-0.27512495609115506,0.9083895853423336,0.7193828351012537,True,,closed,2024-12-18,2024-12-18T15:00:00+08:00,0.8394752623688264,closed,2024-12-13,2024-12-18,True
2024-12-13,002799,6.1927,9.988649254475357,13.866039933656182,4.991137295081967,-7.035647279141132,0.0259740236247449,1.229166665575113,3.027245237906828,0.8967889915685938,10.045268392608865,-0.27512495609115506,0.9083895853423336,0.7193828351012537,True,,closed,2024-12-17,2024-12-17T15:00:00+08:00,-6.210000000000005,closed,2024-12-13,2024-12-17,True
2024-12-13,002861,15.8273,9.967585111660316,9.171359615889084,2.4729086021505378,-1.9285714771989482,0.2435897411031307,1.1333333305317481,-1.1653313686055378,0.7362110312496324,5.50458717394835,-0.27512495609115506,0.9083895853423336,0.7193828351012537,True,,closed,2024-12-18,2024-12-18T15:00:00+08:00,12.538710390567442,closed,2024-12-13,2024-12-18,True
2024-12-13,603900,7.193,10.075187918248417,14.913657778846211,4.482714789771084,-4.930467825129092,0.1632653024141569,1.3124999988406756,0.0,0.8801169581300488,7.459274042673281,-0.27512495609115506,0.9083895853423336,0.7193828351012537,True,,closed,2024-12-17,2024-12-17T15:00:00+08:00,-6.210000000000005,closed,2024-12-13,2024-12-17,True
2024-12-13,605338,9.2605,10.016602071490732,21.29347163743669,3.179707099513262,-3.404850762704048,0.3592814348398806,1.500000000000001,-1.7865765344512452,0.8456591635903558,8.318244747322145,-0.27512495609115506,0.9083895853423336,0.7193828351012537,True,,closed,2024-12-17,2024-12-17T15:00:00+08:00,-6.210000000000005,closed,2024-12-13,2024-12-17,True
2024-12-16,000576,43.5238,9.964830012006365,24.074074084938935,2.525114389741641,-5.0793650887842485,0.23188405713920615,0.4938271592383323,-1.449275356688129,0.8461538462390584,0.4280243311304832,-0.8982493837606076,0.7489553198328511,0.15911282545805208,True,,closed,2024-12-17,2024-12-17T15:00:00+08:00,-6.210000000000005,closed,2024-12-16,2024-12-17,True
2024-12-16,000985,6.3612,10.005078725702043,10.79283886463216,4.853118800969804,-0.5826983318685475,0.2211538465264812,1.2476190491335584,1.9837691442253558,0.8939802333495608,9.837816833516255,-0.8982493837606076,0.7489553198328511,0.15911282545805208,True,,closed,2024-12-17,2024-12-17T15:00:00+08:00,-6.210000000000016,closed,2024-12-16,2024-12-17,True
2024-12-16,002205,13.4694,10.031347996169448,17.391304386993166,2.009649817181198,-3.8095238397033104,0.06349206385134387,0.5520833323533846,0.7920792144442412,0.7755102036856916,3.835169310911124,-0.8982493837606076,0.7489553198328511,0.15911282545805208,True,,closed,2024-12-19,2024-12-19T15:00:00+08:00,12.363673870334011,closed,2024-12-16,2024-12-19,True
2024-12-16,002864,10.3413,10.003485550375157,9.507286615279732,2.91786769720391,-2.6060605908915124,0.12149532862336854,1.201388888958852,-0.43559429693703633,0.8276450507706605,7.102215662324118,-0.8982493837606076,0.7489553198328511,0.15911282545805208,True,,closed,2024-12-19,2024-12-19T15:00:00+08:00,-0.7412500000000164,closed,2024-12-16,2024-12-19,True
2024-12-16,600694,8.4,10.004168415565907,19.900045401330544,2.5857921838731595,-2.183867542268436,0.4836065617223564,16.333334654928276,-2.772776423888179,0.8599999998174832,11.505740449310075,-0.8982493837606076,0.7489553198328511,0.15911282545805208,True,,closed,2024-12-17,2024-12-17T15:00:00+08:00,-6.210000000000016,closed,2024-12-16,2024-12-17,True
2024-12-16,600797,10.641,10.037641122705887,27.47093020651825,2.8657298000808367,-5.444444417136706,0.01265823035282621,0.6119402986815765,-0.5875440926784381,0.8226495719415713,3.145574238262472,-0.8982493837606076,0.7489553198328511,0.15911282545805208,True,,closed,2024-12-18,2024-12-18T15:00:00+08:00,-5.056335697399528,closed,2024-12-16,2024-12-18,True
2024-12-16,603123,11.3077,10.03201710823145,16.76104195534911,2.8245952769939104,-3.3088235115368403,0.024390240857110432,1.2258064501331964,-1.7110266469612556,0.8115384603968657,6.42239600549428,-0.8982493837606076,0.7489553198328511,0.15911282545805208,True,,closed,2024-12-17,2024-12-17T15:00:00+08:00,-6.210000000000005,closed,2024-12-16,2024-12-17,True
2024-12-16,603221,10.3981,10.048309156014934,15.050505036506623,2.0313323718108123,-3.3591731599460717,0.08247422587993604,0.8440366970037412,1.336898369703854,0.8266978914333392,6.380987979496777,-0.8982493837606076,0.7489553198328511,0.15911282545805208,True,,closed,2024-12-17,2024-12-17T15:00:00+08:00,-6.210000000000005,closed,2024-12-16,2024-12-17,True
2024-12-16,603326,10.6875,10.0719424339913,12.170087974325261,2.3476928210506243,-2.179487158584126,0.034482760750517163,0.9726027442636521,-0.13106163564168272,0.8218750002754995,5.862739637820047,-0.8982493837606076,0.7489553198328511,0.15911282545805208,True,,closed,2024-12-18,2024-12-18T15:00:00+08:00,-11.233622047244097,closed,2024-12-16,2024-12-18,True
2024-12-16,603813,6.7435,9.970014997598398,15.058823506705155,3.1992229656809843,-3.370013723476406,0.04065041060104947,0.5000000000000007,2.846975065301227,0.887608068346007,5.182704900286383,-0.8982493837606076,0.7489553198328511,0.15911282545805208,True,,closed,2024-12-18,2024-12-18T15:00:00+08:00,-6.210000000000005,closed,2024-12-16,2024-12-18,True
2024-12-16,603969,0.0,9.983633400484937,15.46391752352192,2.047557558967617,-5.342465761096193,0.1111111119828024,1.3220338974531727,7.525325616248435,1.0,16.421184588032634,-0.8982493837606076,0.7489553198328511,0.15911282545805208,True,,closed,2024-12-17,2024-12-17T15:00:00+08:00,-6.670296096904439,closed,2024-12-16,2024-12-17,True
2024-12-17,002103,17.4319,10.021786497574947,-2.3840206173496137,2.0007435438866996,-11.637672461958626,0.005128206347186767,0.6111111121949071,0.0,0.7094691534458912,5.56112942960425,-0.9755767861378328,0.6689167470266795,0.37447765991642556,True,,closed,2024-12-18,2024-12-18T15:00:00+08:00,-19.21882552613713,closed,2024-12-17,2024-12-18,True
2024-12-17,002576,11.2329,9.986504713082667,12.959112951548303,2.2607460500156953,-2.0444978866435815,0.19727891343711293,0.9937499997742039,-0.3069367827334135,0.8127853877261129,5.372437041514888,-0.9755767861378328,0.6689167470266795,0.37447765991642556,True,,closed,2024-12-20,2024-12-20T15:00:00+08:00,-1.1336453201970307,closed,2024-12-17,2024-12-20,True
2024-12-17,002752,15.9322,10.015408361187838,21.843003418593533,2.1768385340589917,-9.27419357220024,0.020408162963658483,0.17021276333452448,0.2962962919514256,0.7344632766558401,4.282193457886763,-0.9755767861378328,0.6689167470266795,0.37447765991642556,True,,closed,2024-12-19,2024-12-19T15:00:00+08:00,-6.210000000000005,closed,2024-12-17,2024-12-19,True
2024-12-17,002799,45.2278,9.989909191390002,25.143513223207027,2.728708238566332,-5.120772956178543,0.010101009153564109,-0.5652173966679868,-0.7128309697484458,0.7409909907417316,0.773458186887277,-0.9755767861378328,0.6689167470266795,0.37447765991642556,True,,closed,2024-12-18,2024-12-18T15:00:00+08:00,-10.05615384615385,closed,2024-12-17,2024-12-18,True
2024-12-17,600986,9.9778,10.014306162589271,26.272578024577943,5.0148085912166325,-5.119047625163908,0.23437499945429735,1.5957446790608527,-3.2622333682274296,0.83370288257551,5.935696629630116,-0.9755767861378328,0.6689167470266795,0.37447765991642556,True,,closed,2024-12-18,2024-12-18T15:00:00+08:00,-8.650628688846863,closed,2024-12-17,2024-12-18,True
2024-12-17,603390,12.327,9.989909198969226,15.466101693715828,3.150990016546547,-3.5398230415715437,0.14843750290605912,1.0,1.0091742837106787,0.7945492664241833,7.414634123062491,-0.9755767861378328,0.6689167470266795,0.37447765991642556,True,,closed,2024-12-18,2024-12-18T15:00:00+08:00,-9.020172570390551,closed,2024-12-17,2024-12-18,True
2024-12-17,603956,10.4348,10.016420375525726,16.117850967937585,3.6377478464128674,-3.5360678998392236,0.21568627390154,1.230769228841863,-1.7595307797437343,0.8260869566029352,5.7783391301170495,-0.9755767861378328,0.6689167470266795,0.37447765991642556,True,,closed,2024-12-18,2024-12-18T15:00:00+08:00,-7.97119402985076,closed,2024-12-17,2024-12-18,True
2024-12-17,603999,15.0746,10.02824856353719,23.650793657836356,4.6658496815286625,-3.482587089525624,0.24299065372419115,0.9577464759054859,-2.5773195776912727,0.7487562189834306,3.7606368273735313,-0.9755767861378328,0.6689167470266795,0.37447765991642556,True,,closed,2024-12-18,2024-12-18T15:00:00+08:00,-6.956031746031744,closed,2024-12-17,2024-12-18,True
2024-12-18,000586,49.1983,10.018903608975283,12.030798849430703,2.9063885809312637,-7.216494855847866,0.08474576163964467,0.1923076922124985,1.018518520681222,0.7979166663706041,0.2194988093730199,-1.379419249861269,0.3636655948553055,0.11832797427652733,True,,closed,2024-12-25,2024-12-25T15:00:00+08:00,-11.300742438130165,closed,2024-12-18,2024-12-25,True
2024-12-18,000715,31.2533,10.012836964082794,24.20289854606892,2.434232296492389,-13.175675678147414,0.0,-0.9111111128096502,-6.614785994918115,0.6037735848291308,2.4390243952960855,-1.379419249861269,0.3636655948553055,0.11832797427652733,True,,closed,2024-12-23,2024-12-23T15:00:00+08:00,-6.210000000000016,closed,2024-12-18,2024-12-23,True
2024-12-18,002291,7.4622,10.047846900231349,28.85154065329505,3.8731105480775128,-0.9146341662667368,0.7628205137251702,28.499993916700806,-3.7948717792697706,0.8756302525773892,10.171482259166552,-1.379419249861269,0.3636655948553055,0.11832797427652733,True,,closed,2024-12-24,2024-12-24T15:00:00+08:00,-21.95840085287848,closed,2024-12-18,2024-12-24,True
2024-12-18,002381,61.4468,10.069930070024014,13.074712642719689,3.059568027852003,-8.663366347620205,0.06976744220682574,-0.11363636371906233,-1.7615176089441298,0.5810810808861637,0.2766251754788618,-1.379419249861269,0.3636655948553055,0.11832797427652733,True,,closed,2024-12-23,2024-12-23T15:00:00+08:00,-6.210000000000005,closed,2024-12-18,2024-12-23,True
2024-12-18,002887,44.5349,9.96264008768497,14.526588847297472,5.289194771312879,-13.052631562916462,0.12676056478889228,-0.05555555281604564,-5.205811153625827,0.6004784689109515,1.4577259433472545,-1.379419249861269,0.3636655948553055,0.11832797427652733,True,,closed,2024-12-23,2024-12-23T15:00:00+08:00,-6.210000000000016,closed,2024-12-18,2024-12-23,True
2024-12-18,600158,14.6966,10.000000001694653,15.25029102310782,2.4959265712258873,-6.887052335463196,0.050632911930044454,1.3582089566168996,-3.3530572034238038,0.7550561797852933,4.344122656695637,-1.379419249861269,0.3636655948553055,0.11832797427652733,True,,closed,2024-12-19,2024-12-19T15:00:00+08:00,-6.210000000000005,closed,2024-12-18,2024-12-19,True
2024-12-18,600560,3.9552,10.005817331699674,20.75351212717451,2.279775337972672,-6.6153846157912195,0.1911764700619093,0.6216216213079017,6.150466775712848,0.934079601998355,7.055826314509206,-1.379419249861269,0.3636655948553055,0.11832797427652733,True,,closed,2024-12-19,2024-12-19T15:00:00+08:00,-7.65956026901189,closed,2024-12-18,2024-12-19,True
2024-12-18,600738,7.8552,10.085470065669377,12.390924933683124,5.052169336091045,-5.367231630472135,0.6122448986055079,2.8571428676994737,-1.3432835759246586,0.86908078021621,7.760026094191574,-1.379419249861269,0.3636655948553055,0.11832797427652733,True,,closed,2024-12-19,2024-12-19T15:00:00+08:00,-8.833298033282901,closed,2024-12-18,2024-12-19,True
2024-12-18,600880,15.8152,10.016977935285354,27.308447901174148,7.643638001558239,-7.994389913729094,0.3999999994128017,1.4000000027891928,-6.097560961609871,0.7364130435112145,4.159621258586865,-1.379419249861269,0.3636655948553055,0.11832797427652733,True,,closed,2024-12-24,2024-12-24T15:00:00+08:00,-17.417792207792218,closed,2024-12-18,2024-12-24,True
2024-12-18,603839,36.4939,9.938837957311875,17.483660119046185,2.0858580536382316,-10.013908254240212,0.0,-0.35849057072572665,0.46367850175810243,0.7749196133473478,1.2758202099652616,-1.379419249861269,0.3636655948553055,0.11832797427652733,True,,closed,2024-12-19,2024-12-19T15:00:00+08:00,-6.363846153846166,closed,2024-12-18,2024-12-19,True
2024-12-20,000788,15.7838,10.031847137478888,7.4650077495564515,3.941180783400847,-0.5706134012027797,0.21153846192610873,1.0967741965479048,-1.721664288142355,0.7696352809477874,2.852852855275101,-1.0987898121423867,0.3600128576020572,0.3741562198649952,True,,closed,2024-12-23,2024-12-23T15:00:00+08:00,-6.210000000000005,closed,2024-12-20,2024-12-23,True
2024-12-20,002077,15.2508,10.01251562755705,8.051628742981777,2.11450927247941,-0.11376564308407389,0.19685039370078847,0.9880239520470181,-0.8542141253236379,0.745819397980627,3.8039589647874683,-1.0987898121423867,0.3600128576020572,0.3741562198649952,True,,closed,2024-12-26,2024-12-26T15:00:00+08:00,-5.379442848937367,closed,2024-12-20,2024-12-26,True
2024-12-20,002339,53.2576,10.00000001645649,27.201051251983355,2.0953481849507174,-9.491850421213964,0.09701492507069202,0.6470588233728177,-6.779661025724604,0.6469465648030867,0.5944215713273415,-1.0987898121423867,0.3600128576020572,0.3741562198649952,True,,closed,2024-12-24,2024-12-24T15:00:00+08:00,-12.823636363636371,closed,2024-12-20,2024-12-24,True
2024-12-20,002925,19.4855,9.972677577608668,12.587412585996072,3.7859335053968137,-2.8571428456483083,0.07947019986119758,1.1617647061955685,-3.0024509790508414,0.7065755282192885,2.8589993476877407,-1.0987898121423867,0.3600128576020572,0.3741562198649952,True,,closed,2024-12-25,2024-12-25T15:00:00+08:00,-1.4102526847757377,closed,2024-12-20,2024-12-25,True
2024-12-20,600775,53.399,10.009099149214219,3.687821609544617,2.4092964715724396,-1.86688310418468,0.08910890922198553,1.0,-2.23325063180958,0.7352445193638659,0.1864722655688933,-1.0987898121423867,0.3600128576020572,0.3741562198649952,True,,closed,2024-12-23,2024-12-23T15:00:00+08:00,-6.209999999999995,closed,2024-12-20,2024-12-23,True
2024-12-20,601798,27.976,10.046367847731496,5.637982197116109,2.662476426315397,-3.571428570515278,0.12765957366745204,0.7777777766285917,0.42735043131705286,0.8416666666149533,1.6142980669542784,-1.0987898121423867,0.3600128576020572,0.3741562198649952,True,,closed,2024-12-23,2024-12-23T15:00:00+08:00,-6.210000000000005,closed,2024-12-20,2024-12-23,True
2024-12-20,603048,53.9202,9.987819756396043,19.365499010541008,2.342574055851515,-4.595791783238845,0.07174888025987015,0.5561497356604134,-2.147417323870815,0.6620503404699248,0.47675804194791116,-1.0987898121423867,0.3600128576020572,0.3741562198649952,True,,closed,2024-12-24,2024-12-24T15:00:00+08:00,-11.47927639383154,closed,2024-12-20,2024-12-24,True
2024-12-23,001266,42.9943,10.008818330860558,5.407689066021515,4.035065043362241,-2.6410564210060716,0.2368421027463307,0.6820512807041088,-1.3974517091746241,0.7961956515886237,0.6925498290374144,1.6050137374896467,0.3917095115681234,0.5755141388174807,True,,closed,2024-12-26,2024-12-26T15:00:00+08:00,5.417344726969574,closed,2024-12-23,2024-12-26,True
2024-12-23,002396,7.813,9.994385159519293,13.631090487531239,2.6462821189552406,-4.024144857027867,0.11111111185072219,0.7272727287289392,0.10482179710948891,0.8697829718138841,4.14394765393753,1.6050137374896467,0.3917095115681234,0.5755141388174807,True,,closed,2024-12-26,2024-12-26T15:00:00+08:00,3.4025654450261724,closed,2024-12-23,2024-12-26,True
2024-12-23,002404,47.2437,10.000000005331877,10.169491532211982,2.0441011175815706,-3.871829115481895,0.23076923008565714,1.07042253328625,-3.4722222041716044,0.6792452829078268,0.9001161517178113,1.6050137374896467,0.3917095115681234,0.5755141388174807,True,,closed,2024-12-25,2024-12-25T15:00:00+08:00,-6.210000000000005,closed,2024-12-23,2024-12-25,True
2024-12-23,002632,14.1844,10.043668115026971,14.027149315044806,3.4405576318750244,-6.542056083127568,0.04807692244474169,0.9259259255611669,-0.09999999861726172,0.7635933806087126,6.253988510400821,1.6050137374896467,0.3917095115681234,0.5755141388174807,True,,closed,2024-12-24,2024-12-24T15:00:00+08:00,-6.210000000000005,closed,2024-12-23,2024-12-24,True
2024-12-23,002908,19.4578,10.030395135479186,11.156601829355939,2.5088932300989044,-3.3393501548694915,0.13698630417057658,0.8598130870310985,-1.7740429650810463,0.7881136949279602,2.494154332845522,1.6050137374896467,0.3917095115681234,0.5755141388174807,True,,closed,2024-12-24,2024-12-24T15:00:00+08:00,-6.210000000000005,closed,2024-12-23,2024-12-24,True
2024-12-23,603042,13.9966,10.037735860828123,9.37734438526503,5.565199335548173,-4.342105258557649,0.062068964534299394,0.9733333316712766,0.0,0.7667238419320597,4.84568790764397,1.6050137374896467,0.3917095115681234,0.5755141388174807,True,,closed,2024-12-24,2024-12-24T15:00:00+08:00,-6.210000000000005,closed,2024-12-23,2024-12-24,True
2024-12-23,603126,21.1215,10.029498536877046,19.55128204570822,2.8352415728792546,-0.9497964836165496,0.18181818331289082,-0.9999999246417652,-3.150684993388553,0.6479750770437942,4.093050607282511,1.6050137374896467,0.3917095115681234,0.5755141388174807,True,,closed,2024-12-26,2024-12-26T15:00:00+08:00,13.368500707213558,closed,2024-12-23,2024-12-26,True
2024-12-23,603610,49.7313,10.000000006159038,24.22779924391274,2.2179530512855914,-4.2789223692827445,0.09090909059564711,-2.291666692313278,-2.5662251418103854,0.6435483872064399,0.8741858260895574,1.6050137374896467,0.3917095115681234,0.5755141388174807,True,,closed,2024-12-24,2024-12-24T15:00:00+08:00,-6.210000000000005,closed,2024-12-23,2024-12-24,True
2024-12-24,000670,13.7028,10.035842296152753,15.269086359889283,2.3993088779655642,-6.019007386106557,0.03333333340397124,0.6702127665186435,0.22471909375578747,0.839622641816664,2.693990326702189,2.2213871761348702,0.18514946962391515,0.12311153969784636,True,,closed,2024-12-27,2024-12-27T15:00:00+08:00,3.937982062780242,closed,2024-12-24,2024-12-27,True
2024-12-24,001314,34.2016,9.995826372520078,9.153033756304207,3.4340884901930973,-10.056657227900267,0.06451612857337312,0.5995807121034422,0.2755905578949225,0.7353215284160393,1.625935162359582,2.2213871761348702,0.18514946962391515,0.12311153969784636,True,,closed,2024-12-27,2024-12-27T15:00:00+08:00,5.797067137809186,closed,2024-12-24,2024-12-27,True
2024-12-24,603155,12.7465,10.007524479005635,5.255579557792367,2.4339581870239315,-5.529953922079677,0.008620690720614936,0.7969924801645798,0.9756097518332396,0.7875579322442615,4.113526129590617,2.2213871761348702,0.18514946962391515,0.12311153969784636,True,,closed,2024-12-27,2024-12-27T15:00:00+08:00,4.206839199447908,closed,2024-12-24,2024-12-27,True
2024-12-24,603518,10.099,10.035005764579585,10.292397644569373,3.1774718726065605,-1.8999999990101157,0.27272727740207486,1.426966302382392,-1.2232416426729231,0.831683167619772,5.371900796199358,2.2213871761348702,0.18514946962391515,0.12311153969784636,True,,closed,2024-12-27,2024-12-27T15:00:00+08:00,2.576377708978338,closed,2024-12-24,2024-12-27,True
2024-12-24,603648,15.2645,10.039761458066687,12.04453442664395,3.427927793525287,-4.651162750491777,0.07692307637056343,0.5900000037816795,0.6566603992245179,0.745591939217081,4.0535298907803385,2.2213871761348702,0.18514946962391515,0.12311153969784636,True,,closed,2024-12-27,2024-12-27T15:00:00+08:00,3.0518825722273926,closed,2024-12-24,2024-12-27,True
2024-12-24,603657,7.4336,10.026385207971877,11.721366397576126,2.2601743297595327,-1.107226133189665,0.40714285433357683,1.1907894716571046,0.2946376282611851,0.8761061948318797,5.263157917398309,2.2213871761348702,0.18514946962391515,0.12311153969784636,True,,closed,2024-12-25,2024-12-25T15:00:00+08:00,-6.210000000000005,closed,2024-12-24,2024-12-25,True
2024-12-24,603983,40.7953,10.006082713730935,22.65174634048124,2.0342592592592594,-5.903448290413871,0.1396825382875905,0.3522012574866336,-0.46907064174857016,0.8152462205278838,0.7717423601569129,2.2213871761348702,0.18514946962391515,0.12311153969784636,True,,closed,2024-12-27,2024-12-27T15:00:00+08:00,-0.5929160530191666,closed,2024-12-24,2024-12-27,True
2024-12-25,000880,4.6154,10.007639412850612,16.410670983497113,7.253405706430749,-1.2258064575699779,0.6293706288322585,3.935483886496886,0.0,0.9230769230222959,15.616976281520323,3.7368772598195266,0.24533762057877814,0.75016077170418,True,,closed,2024-12-30,2024-12-30T15:00:00+08:00,19.319719137818424,closed,2024-12-25,2024-12-30,True
2024-12-25,002918,42.3262,10.029498553155737,25.027932961158527,2.3278439126750334,-0.9734513056003813,0.29921259897288155,1.0,-3.4852546931281703,0.6848739497420195,1.2435991146727665,3.7368772598195266,0.24533762057877814,0.75016077170418,True,,closed,2024-12-30,2024-12-30T15:00:00+08:00,4.882592592592582,closed,2024-12-25,2024-12-30,True
2024-12-26,001217,47.4643,9.974204636535289,-2.1423105964386124,2.526988204610301,-4.702194356419353,0.43396226552381406,0.30769231176711065,0.49342102081348926,0.4196078428525846,2.051939741638553,2.011341051869109,0.20695204377212745,0.19279047312520114,True,,closed,2024-12-31,2024-12-31T15:00:00+08:00,15.42011456628478,closed,2024-12-26,2024-12-31,True
2024-12-26,001258,51.6461,9.973404246639062,19.164265134085756,2.991234189114808,-9.670329666275201,0.24137931049074424,0.8648648658688237,-9.975669107341023,0.46874999992330274,1.517167962324506,2.011341051869109,0.20695204377212745,0.19279047312520114,True,,closed,2024-12-31,2024-12-31T15:00:00+08:00,7.357567567567557,closed,2024-12-26,2024-12-31,True
2024-12-26,002346,21.9289,10.04228328750858,3.7886340851053024,2.517253549370338,-4.916512074355451,0.18181818123024188,0.8279569909746314,-0.4878048599694318,0.7794117652043608,2.347983160580447,2.011341051869109,0.20695204377212745,0.19279047312520114,True,,closed,2024-12-31,2024-12-31T15:00:00+08:00,-3.5433333333333326,closed,2024-12-26,2024-12-31,True
2024-12-26,002350,31.6192,10.000000000000009,12.481203001950991,2.9552372528090545,-9.615384595316545,0.15702479445862602,0.41891891958780497,-6.382978737529122,0.5258064517039549,2.7624309421748316,2.011341051869109,0.20695204377212745,0.19279047312520114,True,,closed,2024-12-31,2024-12-31T15:00:00+08:00,14.941515151515137,closed,2024-12-26,2024-12-31,True
2024-12-26,002915,46.6573,10.016025642576398,-12.15611005345989,2.1918136579892606,-3.399852205284104,0.18987341560393864,0.44537815071342446,2.830910494424921,0.5123966942015361,1.694915259497276,2.011341051869109,0.20695204377212745,0.19279047312520114,True,,closed,2024-12-31,2024-12-31T15:00:00+08:00,-5.120714285714279,closed,2024-12-26,2024-12-31,True
2024-12-26,002927,34.3158,10.037735846606832,5.575669790482873,2.5020272009610434,-2.4657534160685057,0.3521126755866957,0.7424242426054072,-0.5617977661965257,0.8728315765242612,0.9985734579570194,2.011341051869109,0.20695204377212745,0.19279047312520114,True,,closed,2024-12-31,2024-12-31T15:00:00+08:00,4.239152542372881,closed,2024-12-26,2024-12-31,True
2024-12-26,003037,60.6222,10.00000000146375,1.5384615386694112,2.2230114621412507,-6.504065035861251,0.253731344230497,0.26530612289157635,0.8695652149563582,0.570422535295111,0.3864319419061846,2.011341051869109,0.20695204377212745,0.19279047312520114,True,,closed,2024-12-31,2024-12-31T15:00:00+08:00,5.680804597701149,closed,2024-12-26,2024-12-31,True
2024-12-26,600580,10.1078,10.02673804879446,1.667696109421013,6.051515511003025,-5.000000051835851,0.30769230374875245,1.666666648153864,-2.0467835614575547,0.8315363884548931,6.86487180064288,2.011341051869109,0.20695204377212745,0.19279047312520114,True,,closed,2025-01-02,2025-01-02T15:00:00+08:00,2.7750746268656803,closed,2024-12-26,2025-01-02,True
2024-12-26,600712,28.3145,9.967320267939893,0.29806260410183416,3.1897185391951615,-5.42857142639106,0.4328358207205234,0.7027027010959768,-2.567975830349656,0.6371882084850975,2.509068925816771,2.011341051869109,0.20695204377212745,0.19279047312520114,True,,closed,2024-12-31,2024-12-31T15:00:00+08:00,11.88302325581396,closed,2024-12-26,2024-12-31,True
2024-12-26,603207,64.4352,9.989875126560932,22.88838612368025,3.5567150277062973,-17.006993006993,0.04100946372239772,-1.1007194244604266,-2.2581732389619247,0.5133381398702236,0.357339197361195,2.011341051869109,0.20695204377212745,0.19279047312520114,True,,closed,2024-12-31,2024-12-31T15:00:00+08:00,-6.210000000000005,closed,2024-12-26,2024-12-31,True
2024-12-26,603350,61.3512,10.014598540145991,2.8384279475982543,2.548457935315886,-7.573529411764701,0.0032258064516122674,1.009677419354839,-5.303632988597185,0.636058981233244,0.036391120566581225,2.011341051869109,0.20695204377212745,0.19279047312520114,True,,closed,2024-12-31,2024-12-31T15:00:00+08:00,2.0022654718566226,closed,2024-12-26,2024-12-31,True
2024-12-26,603366,26.128,9.971910100112602,-5.090909096018437,2.355511520118224,-8.187499985510183,0.2597402605797424,0.3021582748862831,-0.06807352233261232,0.5645330535215969,3.242815708041513,2.011341051869109,0.20695204377212745,0.19279047312520114,True,,closed,2024-12-27,2024-12-27T15:00:00+08:00,-12.53970027247956,closed,2024-12-26,2024-12-27,True
2024-12-26,603767,55.7859,10.017421580356721,-6.927044958096074,2.6890939382288863,-0.8527131847867575,0.48333333498223807,1.1649484558163663,-1.5637216400180898,0.5266524525248433,0.9461193314464822,2.011341051869109,0.20695204377212745,0.19279047312520114,True,,closed,2024-12-31,2024-12-31T15:00:00+08:00,-6.210000000000005,closed,2024-12-26,2024-12-31,True
2024-12-27,600223,24.2308,9.96168581023067,17.142857136888388,2.307925515543244,-5.6666666774717545,0.24999999763045969,0.571428560983247,-2.8268550974732465,0.5961538455859977,4.589249504235937,2.967785317740179,0.22186495176848875,0.6260450160771704,True,,closed,2024-12-30,2024-12-30T15:00:00+08:00,-6.210000000000005,closed,2024-12-27,2024-12-30,True
2024-12-30,001267,52.061,10.013175230448802,-15.314401581734371,2.7328550327073224,-3.3492823015309647,0.22666666590871373,0.6197183093978301,-0.6188118756966232,0.5470941884506909,1.1335012615515172,1.6455160020865112,0.2644787644787645,0.7403474903474904,True,,closed,2025-01-03,2025-01-03T15:00:00+08:00,-6.210000000000005,closed,2024-12-30,2025-01-03,True
2024-12-30,002429,10.4082,9.946714028813242,16.5725046957667,2.3944866554973374,-0.6462035576593639,0.2727272716152397,0.9298245609396663,-0.3252032363223245,0.8265306123906061,3.2681940825389777,1.6455160020865112,0.2644787644787645,0.7403474903474904,True,,closed,2024-12-31,2024-12-31T15:00:00+08:00,-6.210000000000005,closed,2024-12-30,2024-12-31,True
2024-12-30,002963,9.3305,10.03086425151678,10.371517086463555,2.7930678296797886,-7.954545488456599,0.20571428237767692,-5.125000000000069,4.865650026788337,0.8444924407482158,12.338571700876422,1.6455160020865112,0.2644787644787645,0.7403474903474904,True,,closed,2025-01-02,2025-01-02T15:00:00+08:00,-19.73908587257618,closed,2024-12-30,2025-01-02,True
2024-12-30,003027,64.1763,10.034364266108152,-7.51010977325125,2.5914391548909315,-3.5228677473013503,0.1124999986051194,0.4366197191953251,0.0,0.4837545122697148,0.5098789119662883,1.6455160020865112,0.2644787644787645,0.7403474903474904,True,,closed,2025-01-03,2025-01-03T15:00:00+08:00,-6.210000000000005,closed,2024-12-30,2025-01-03,True
2024-12-30,603042,58.1914,9.972299146698283,11.282410659256016,5.002056250924923,-5.423522254667967,0.01015228740833285,0.7791411074058293,-2.8994845529153657,0.6347031963743909,0.2794783027065595,1.6455160020865112,0.2644787644787645,0.7403474903474904,True,,closed,2025-01-02,2025-01-02T15:00:00+08:00,-6.210000000000005,closed,2024-12-30,2025-01-02,True
2024-12-30,603166,52.9464,10.029498573644435,-6.398996206057839,5.799926820343944,-0.9198423182540383,0.1428571363477621,1.121212117404523,-2.387267858504083,0.6015625004451628,0.8219916060279164,1.6455160020865112,0.2644787644787645,0.7403474903474904,True,,closed,2025-01-03,2025-01-03T15:00:00+08:00,-6.210000000000005,closed,2024-12-30,2025-01-03,True
2024-12-30,603633,14.1985,9.96168583555541,3.4855769145209825,2.575900503280546,-4.022346358664819,0.09523809389777653,0.9753086408942275,-0.5820721628193914,0.7633587785639564,3.766707180769502,1.6455160020865112,0.2644787644787645,0.7403474903474904,True,,closed,2025-01-02,2025-01-02T15:00:00+08:00,-6.210000000000005,closed,2024-12-30,2025-01-02,True
2024-12-30,603711,32.7554,10.00555864876902,13.997695838794577,4.012506756026376,-6.265790774366476,0.14230769483393677,-0.19230769230769232,-2.9649596035533854,0.7082896112307184,1.856043449899869,1.6455160020865112,0.2644787644787645,0.7403474903474904,True,,closed,2024-12-31,2024-12-31T15:00:00+08:00,-6.209999999999995,closed,2024-12-30,2024-12-31,True
2024-12-31,002746,25.535,10.06600660361807,1.987767569018195,2.383089566110649,-5.714285710590872,0.1194029869399515,0.8833333355964256,-1.0606060735944167,0.5769230767556888,2.98872327921873,1.3026290191182843,0.2535438144329897,0.26353092783505155,True,,closed,2025-01-02,2025-01-02T15:00:00+08:00,-6.210000000000005,closed,2024-12-31,2025-01-02,True
2024-12-31,002952,15.7822,9.9961404816286,5.166051647134573,2.023044599582018,-5.7912457976360905,0.16504854238780411,0.792000000064979,0.1072194415718597,0.7369640786700312,4.079964324498975,1.3026290191182843,0.2535438144329897,0.26353092783505155,True,,closed,2025-01-02,2025-01-02T15:00:00+08:00,-6.210000000000016,closed,2024-12-31,2025-01-02,True
2024-12-31,603261,72.7829,10.014892050089719,-7.569596495059727,2.987848812358796,-4.042412190376011,0.13452914700679225,0.09230769980425216,-0.5870165825163309,0.24009324034780055,0.9608640783602462,1.3026290191182843,0.2535438144329897,0.26353092783505155,True,,closed,2025-01-02,2025-01-02T15:00:00+08:00,-6.210000000000005,closed,2024-12-31,2025-01-02,True
2024-12-31,603798,56.1314,10.060606060396804,-3.506907562696715,2.942137313957834,-2.705627695827195,0.22857143438466926,0.8915662680063106,1.5572858436308623,0.6026200863313624,0.5783530569476447,1.3026290191182843,0.2535438144329897,0.26353092783505155,True,,closed,2025-01-02,2025-01-02T15:00:00+08:00,-6.210000000000005,closed,2024-12-31,2025-01-02,True
2024-12-31,603950,12.4339,10.023310010442898,5.474860329365594,2.205763457626511,-1.7359284505492178,0.07333333165525303,0.8387096753515074,-0.5353319118182043,0.7927677328061251,6.8430132112068165,1.3026290191182843,0.2535438144329897,0.26353092783505155,True,,closed,2025-01-02,2025-01-02T15:00:00+08:00,-6.210000000000005,closed,2024-12-31,2025-01-02,True
2025-01-02,002992,22.8481,10.006818951767983,11.258620690595244,2.5400591193519904,-3.692307687616103,0.013864818492387425,0.10232558296657937,0.3514376932747032,0.6191979790342694,6.025316450552376,-0.4296677210985811,0.17364690721649484,0.12951030927835053,True,,closed,2025-01-06,2025-01-06T15:00:00+08:00,-6.210000000000005,closed,2025-01-02,2025-01-06,True
2025-01-02,600602,35.3763,10.035087712247748,6.449422944281258,3.760463932736596,-3.8882138501746266,0.11475409880695768,2.0769230831293313,-1.453855882678834,0.41039426466536566,4.532653878372694,-0.4296677210985811,0.17364690721649484,0.12951030927835053,True,,closed,2025-01-07,2025-01-07T15:00:00+08:00,-14.642328415651075,closed,2025-01-02,2025-01-07,True
2025-01-02,600629,22.037,10.061349687084764,-3.5483871056205762,2.50367395162247,-1.705756930064195,0.2624999992236964,1.3787878794975683,-3.0368763475400518,0.6327160491997134,5.573925373277566,-0.4296677210985811,0.17364690721649484,0.12951030927835053,True,,closed,2025-01-03,2025-01-03T15:00:00+08:00,-7.81626398210289,closed,2025-01-02,2025-01-03,True
2025-01-02,600830,59.4785,9.98116763174286,2.9074889773374357,2.720793529318626,-6.48000000445863,0.049180324550966284,1.0089285721315737,-5.047048770787354,0.4712990927702088,0.9182652873471975,-0.4296677210985811,0.17364690721649484,0.12951030927835053,True,,closed,2025-01-06,2025-01-06T15:00:00+08:00,-17.777567567567566,closed,2025-01-02,2025-01-06,True
2025-01-02,603759,14.5299,9.975062362530185,14.694408316366857,7.5705886703150425,-7.938144375520584,0.34188033918579175,1.1392404998074888,-0.8958566435548376,0.7578347571714442,5.231866808483665,-0.4296677210985811,0.17364690721649484,0.12951030927835053,True,,closed,2025-01-06,2025-01-06T15:00:00+08:00,-17.15915254237288,closed,2025-01-02,2025-01-06,True
2025-01-03,002350,52.034,9.985528233352948,16.74347160494061,3.303614643190278,-0.2631579191162081,0.26027397145717646,0.9615384580767208,-4.881266487790192,0.6829268288878402,0.5242825728266842,-2.802707097238377,0.11565721649484537,0.1878221649484536,True,,closed,2025-01-07,2025-01-07T15:00:00+08:00,-13.524840499306514,closed,2025-01-03,2025-01-07,True
2025-01-03,002868,53.6046,10.027548188801294,20.156438042413228,2.504938748850291,-14.891611693820872,0.022500000598399416,-0.29931973017366015,-4.429678835385276,0.4235006122798086,1.5739051027336748,-2.802707097238377,0.11565721649484537,0.1878221649484536,True,,closed,2025-01-06,2025-01-06T15:00:00+08:00,-9.016488991888773,closed,2025-01-03,2025-01-06,True
2025-01-03,605580,27.6434,10.029791403290588,7.677356598163709,2.7742284574364056,-2.5327510837497957,0.0964912254283938,1.0792079242200172,-2.598566299871752,0.6442048517243064,2.52782494750341,-2.802707097238377,0.11565721649484537,0.1878221649484536,True,,closed,2025-01-08,2025-01-08T15:00:00+08:00,13.037470101195979,closed,2025-01-03,2025-01-08,True
2025-01-06,000017,75.845,10.00000003710715,-8.201438831607287,2.4456465207664304,-5.722891538649977,0.14000000258265718,0.7551020424810364,-0.6389776480222431,0.22613065317316441,0.794036628298822,-3.7337680551858154,0.08021907216494846,0.1053479381443299,True,,closed,2025-01-09,2025-01-09T15:00:00+08:00,-0.6923151125401992,closed,2025-01-06,2025-01-09,True
2025-01-06,002582,41.4753,10.024154583483424,26.17728532900241,3.3965019113842323,-11.57684631135163,0.15328467090021836,0.21875000053518012,-10.045146722045262,0.5581896551647777,1.8775007667249821,-3.7337680551858154,0.08021907216494846,0.1053479381443299,True,,closed,2025-01-07,2025-01-07T15:00:00+08:00,-6.210000000000005,closed,2025-01-06,2025-01-07,True
2025-01-06,600778,42.7742,10.011001109737471,12.612612613341877,2.0889220833424864,-17.431192659138738,0.0,-1.7027027018275864,-7.555555538280123,0.5513043481340896,1.8110621826302964,-3.7337680551858154,0.08021907216494846,0.1053479381443299,True,,closed,2025-01-07,2025-01-07T15:00:00+08:00,-12.5898076923077,closed,2025-01-06,2025-01-07,True
2025-01-06,605299,74.3864,10.012674271476651,0.23094688673233055,2.3798380086376993,-3.6214953239271708,0.1525423728553469,0.5,-0.6060606069252739,0.35620915039254974,0.31808171988156886,-3.7337680551858154,0.08021907216494846,0.1053479381443299,True,,closed,2025-01-09,2025-01-09T15:00:00+08:00,6.131463414634174,closed,2025-01-06,2025-01-09,True
2025-01-08,605208,26.9534,9.963099597645275,19.51871661853115,4.219907203044839,-4.166666702907973,0.4836065546842258,1.4126984076492863,-7.500000006050733,0.5835962139681622,2.852308399912684,-4.2975406213578315,0.10505961972284886,0.7702223654527877,True,,closed,2025-01-09,2025-01-09T15:00:00+08:00,-6.672984723854282,closed,2025-01-08,2025-01-09,True
2025-01-09,002282,12.5806,10.071942407199085,10.709117165563065,3.8620208142869665,-3.4146341660071466,0.30357142330069864,1.391304350922516,0.0,0.7903225798316572,8.108108094923526,-5.166185016306535,0.12403350515463918,0.36823453608247425,True,,closed,2025-01-13,2025-01-13T15:00:00+08:00,-6.210000000000016,closed,2025-01-09,2025-01-13,True
2025-01-09,600793,51.0714,10.016068542652201,-27.059659101350775,2.8476541539322957,-2.330097069866388,0.5371900835168594,0.6911764729936287,-0.8449304216570863,0.4840972872000555,1.4912107413073472,-5.166185016306535,0.12403350515463918,0.36823453608247425,True,,closed,2025-01-14,2025-01-14T15:00:00+08:00,7.308796992481214,closed,2025-01-09,2025-01-14,True
2025-01-09,603813,43.0667,9.971778030794765,-5.267422980321879,2.568171188026193,-1.750000048761724,0.5454545410856024,1.09009008303209,0.42408825600357414,0.3197026028313705,2.8313357814846007,-5.166185016306535,0.12403350515463918,0.36823453608247425,True,,closed,2025-01-10,2025-01-10T15:00:00+08:00,-6.210000000000016,closed,2025-01-09,2025-01-10,True
2025-01-13,002815,79.4642,9.989258891953966,-4.388422015244431,2.3848088653430217,-1.1673151733239795,0.0,0.9215686249947592,-4.232283472034981,0.3056603767034798,0.16471071483414867,-7.348234642876205,0.10022558814050918,0.10183693200128907,True,,closed,2025-01-16,2025-01-16T15:00:00+08:00,9.039743062692704,closed,2025-01-13,2025-01-16,True
2025-01-13,003042,83.2234,9.979353061262785,13.736654814191219,3.5429874163746415,-3.8774233922904355,0.14096916430663642,0.22784810625246035,-4.944697459761893,0.20986238533807133,0.31386461504604446,-7.348234642876205,0.10022558814050918,0.10183693200128907,True,,closed,2025-01-16,2025-01-16T15:00:00+08:00,10.741403148528427,closed,2025-01-13,2025-01-16,True
2025-01-13,600241,68.4511,10.046367827779502,8.04248862946677,2.1016140106147625,-1.285714250087966,0.13207547368,0.6718750000970838,-4.341534021091952,0.3391304348728134,0.8400840101011386,-7.348234642876205,0.10022558814050918,0.10183693200128907,True,,closed,2025-01-16,2025-01-16T15:00:00+08:00,6.597866868381218,closed,2025-01-13,2025-01-16,True
2025-01-13,605058,54.8908,10.016155093232948,0.7396449364611701,5.879349392629195,-7.500000001079476,0.0,0.9567567603927656,-2.6535626717989036,0.49422632748350726,1.1591686654373934,-7.348234642876205,0.10022558814050918,0.10183693200128907,True,,closed,2025-01-16,2025-01-16T15:00:00+08:00,-1.926304896516918,closed,2025-01-13,2025-01-16,True
2025-01-14,000561,77.9011,10.012674302950009,5.212121226026678,2.2718709566117483,-4.493087583606248,0.2156862725631425,0.26415094200967487,0.8443908314213378,0.2587939695910733,0.4928476907918977,-5.3561735399413335,0.09342783505154639,0.5306056701030928,True,,closed,2025-01-17,2025-01-17T15:00:00+08:00,5.412009569377995,closed,2025-01-14,2025-01-17,True
2025-01-14,002536,22.5835,10.008006404224012,12.163265302272986,2.2363950605641287,-8.583391489300475,0.09644670045723522,-0.5999999973338578,0.6870229049891652,0.6236080177759342,6.165486155311561,-5.3561735399413335,0.09342783505154639,0.5306056701030928,True,,closed,2025-01-17,2025-01-17T15:00:00+08:00,-2.4844503411675554,closed,2025-01-14,2025-01-17,True
2025-01-14,002660,39.8734,10.031347982552763,1.1527377498136593,2.49167703886375,-12.626728121310936,0.0,-0.16666666734948418,-4.113924052356088,0.33544303751680965,5.099963461618307,-5.3561735399413335,0.09342783505154639,0.5306056701030928,True,,closed,2025-01-17,2025-01-17T15:00:00+08:00,19.701991199119902,closed,2025-01-14,2025-01-17,True
2025-01-14,603667,10.7143,10.010611944870762,11.349803078453657,3.6693391415789964,-7.128068621808337,0.23224043699867603,2.6666667050276867,1.9108280421455737,0.8214285715562147,13.620224414104666,-5.3561735399413335,0.09342783505154639,0.5306056701030928,True,,closed,2025-01-17,2025-01-17T15:00:00+08:00,31.071249999999992,closed,2025-01-14,2025-01-17,True
2025-01-15,002725,46.6598,10.038986355302782,-0.5286343845431918,2.353806292048817,-2.044153710222918,0.6153846175728088,1.6106194701560332,-1.836393999207786,0.22233712512016973,5.395232111760628,-2.3339899719876267,0.22172091524331292,0.9916210119239446,True,,closed,2025-01-20,2025-01-20T15:00:00+08:00,-0.635170068027203,closed,2025-01-15,2025-01-20,True
2025-01-16,000158,86.5728,10.005497525632535,-5.255681823052527,3.6282816408691203,-4.3809523843595155,0.14728682207147478,1.0429447856836593,1.7928286801224491,0.1255060729065427,0.442260440175013,-3.21279805651814,0.23711340206185566,0.3434278350515464,True,,closed,2025-01-21,2025-01-21T15:00:00+08:00,-6.210000000000005,closed,2025-01-16,2025-01-21,True
2025-01-16,002209,34.6734,10.033821822806367,2.7368420470379684,2.3499646069287143,-0.1019368045651392,0.14285713242003314,1.0500000027968206,0.5102041085907505,0.422110552650819,6.463467381769483,-3.21279805651814,0.23711340206185566,0.3434278350515464,True,,closed,2025-01-21,2025-01-21T15:00:00+08:00,6.287461928934012,closed,2025-01-16,2025-01-21,True
2025-01-16,002346,44.441,10.025488558231,27.838104660856477,3.8369257839502295,-3.1890660386275527,0.019607842426120178,0.8484848478969079,-1.960784307817609,0.6924428825330159,1.050929677842083,-3.21279805651814,0.23711340206185566,0.3434278350515464,True,,closed,2025-01-21,2025-01-21T15:00:00+08:00,-6.210000000000005,closed,2025-01-16,2025-01-21,True
2025-01-16,002441,33.843,9.9740932859836,7.061790681044844,4.70756173364254,-8.458244107828783,0.04819277103030475,1.07142857127031,-4.678362587229479,0.4803493448149095,2.800201809660896,-3.21279805651814,0.23711340206185566,0.3434278350515464,True,,closed,2025-01-21,2025-01-21T15:00:00+08:00,1.9985889570552242,closed,2025-01-16,2025-01-21,True
2025-01-16,002605,52.2521,9.98376628160893,-1.847156778630188,2.4424433013688,-2.3095484705393132,0.187845298562813,1.8551723992299456,-2.117148871880181,0.27854545504115874,2.3276402869140345,-3.21279805651814,0.23711340206185566,0.3434278350515464,True,,closed,2025-01-21,2025-01-21T15:00:00+08:00,-0.8949315068493067,closed,2025-01-16,2025-01-21,True
2025-01-16,003003,75.8908,10.043196535970589,9.687836377430003,2.0727464706112393,-4.971319271211305,0.15053764200631164,0.7252747288923092,-1.0060362423422453,0.28947368430421766,0.5055611758263412,-3.21279805651814,0.23711340206185566,0.3434278350515464,True,,closed,2025-01-21,2025-01-21T15:00:00+08:00,1.4160162601626105,closed,2025-01-16,2025-01-21,True
2025-01-16,603106,45.0394,9.975369480086439,7.720144779568772,2.1297458617161524,-4.081632658873868,0.011111110063537372,1.0,-2.5755878956934763,0.24934383243200692,5.65946079534172,-3.21279805651814,0.23711340206185566,0.3434278350515464,True,,closed,2025-01-21,2025-01-21T15:00:00+08:00,0.9394252873563538,closed,2025-01-16,2025-01-21,True
2025-01-16,603219,10.6701,9.970015002223143,-1.1455525730669214,2.0375776162350445,-0.5980066509113757,0.3448275901925944,1.223076925377684,1.1363636485852258,0.8221649497583804,5.634294512643034,-3.21279805651814,0.23711340206185566,0.3434278350515464,True,,closed,2025-01-21,2025-01-21T15:00:00+08:00,2.565941837409124,closed,2025-01-16,2025-01-21,True
2025-01-16,603677,32.2105,10.033167483277804,-3.7010159567311685,2.4190029092832583,-2.608695656720561,0.17777777857950366,1.140495867596104,0.744047618887822,0.4631578949267244,3.699165192482212,-3.21279805651814,0.23711340206185566,0.3434278350515464,True,,closed,2025-01-21,2025-01-21T15:00:00+08:00,7.249379615952733,closed,2025-01-16,2025-01-21,True
2025-01-16,603989,10.1484,10.034602065953212,1.4030612115063734,2.8454520063308815,-1.999999994799373,0.05434782421138142,1.201492538030271,1.855287581535614,0.8308605346384212,6.464124125220416,-3.21279805651814,0.23711340206185566,0.3434278350515464,True,,closed,2025-01-21,2025-01-21T15:00:00+08:00,-0.14928354584091788,closed,2025-01-16,2025-01-21,True
2025-01-16,605018,33.6156,9.952038365593507,1.2141280422767853,7.022309771405012,-3.946002036964402,0.16071428553663802,1.1126760559512288,0.0,0.439739413370456,3.775172493228962,-3.21279805651814,0.23711340206185566,0.3434278350515464,True,,closed,2025-01-21,2025-01-21T15:00:00+08:00,16.65486486486487,closed,2025-01-16,2025-01-21,True
2025-01-17,002967,8.1588,9.981515717219125,10.50670376930496,2.073142079881291,-0.32485110880571266,0.5340909124821384,9.000000426325926,-0.5431830832599127,0.8640202244764356,9.53577408802586,-3.5898008315807917,0.30389945214308733,0.6641959394134709,True,,closed,2025-01-22,2025-01-22T15:00:00+08:00,3.176127799016947,closed,2025-01-17,2025-01-22,True
2025-01-17,603600,23.4987,9.991809987117172,12.952060537049736,2.3377201790649416,-7.891156451316306,0.08888889038453443,1.093220341245208,-1.994091582038593,0.6083550917389399,5.5184478439866735,-3.5898008315807917,0.30389945214308733,0.6641959394134709,True,,closed,2025-01-22,2025-01-22T15:00:00+08:00,-6.210000000000005,closed,2025-01-17,2025-01-22,True
2025-01-20,001338,26.1592,10.030706214913621,-1.5567765576041226,2.744015125062808,-2.8828829096342212,0.41071428225280543,1.120000003157875,0.09276441083301279,0.5640138418938379,3.4615015989734044,-3.3740264769872463,0.3489046391752577,0.5083762886597938,True,,closed,2025-01-23,2025-01-23T15:00:00+08:00,-2.619638554216875,closed,2025-01-20,2025-01-23,True
2025-01-20,002677,32.2826,10.056657239527379,6.292749653986784,2.7458555993290945,-2.49999999742071,0.058823533338723435,1.0461538462026854,-1.2820512939218154,0.4619565212515507,4.662226443633655,-3.3740264769872463,0.3489046391752577,0.5083762886597938,True,,closed,2025-01-23,2025-01-23T15:00:00+08:00,-5.274935064935083,closed,2025-01-20,2025-01-23,True
2025-01-20,603200,27.8689,10.000000008678377,5.295315687052193,3.641769043727827,-1.0281797537739945,0.4843749992531422,3.7999997389540674,-1.5005771324294148,0.535519125760198,5.297795335199873,-3.3740264769872463,0.3489046391752577,0.5083762886597938,True,,closed,2025-01-23,2025-01-23T15:00:00+08:00,-2.4365624999999955,closed,2025-01-20,2025-01-23,True
2025-01-20,603518,30.6607,9.989142241600613,0.997008917190878,3.7486771348677137,-10.636363630855161,0.02499999972503019,0.0,0.0,0.6740947078383581,2.1670217864343755,-3.3740264769872463,0.3489046391752577,0.5083762886597938,True,,closed,2025-01-22,2025-01-22T15:00:00+08:00,-6.210000000000005,closed,2025-01-20,2025-01-22,True
2025-01-20,603758,30.1899,9.952038327863178,12.515337397417102,4.355824475725366,-1.630434762657762,0.08333332378833652,0.8571428558071147,-0.5524862099015149,0.4968354421649048,5.213934958619459,-3.3740264769872463,0.3489046391752577,0.5083762886597938,True,,closed,2025-01-23,2025-01-23T15:00:00+08:00,2.9049301826042697,closed,2025-01-20,2025-01-23,True
2025-01-21,002119,19.6436,10.005652908269402,25.710594322524138,2.1818458696190586,-9.425837316557095,0.05045871553553032,0.7675438599169356,0.0,0.7240000001330906,2.768729645354151,-2.496802235583584,0.49226804123711343,0.6688144329896907,True,,closed,2025-01-22,2025-01-22T15:00:00+08:00,-6.210000000000005,closed,2025-01-21,2025-01-22,True
2025-01-22,000020,37.3653,9.991742378289414,14.629948377691004,4.550430228208006,-7.791279471397261,0.10655737749589153,-0.31249999431861664,0.6976744007000102,0.3772455091310382,3.8701423243368893,-2.566547656938789,0.46215780998389694,0.32334943639291464,True,,closed,2025-01-27,2025-01-27T15:00:00+08:00,-2.211539645881445,closed,2025-01-22,2025-01-27,True
2025-01-22,002923,54.4059,9.980039901618355,11.313131291858557,4.195111658167751,-10.267111857053802,0.15950920219374687,0.27027027027026984,-5.488372083519155,0.42690058490900473,1.4985015065008156,-2.566547656938789,0.46215780998389694,0.32334943639291464,True,,closed,2025-01-27,2025-01-27T15:00:00+08:00,-0.6037007874015963,closed,2025-01-22,2025-01-27,True
2025-01-22,600592,41.8434,10.000000016832322,21.035598702704483,4.6122227055241405,-5.09181969270035,0.1339285704476692,1.1630434769761713,-3.9787798377780126,0.5596324248997498,1.843402356634627,-2.566547656938789,0.46215780998389694,0.32334943639291464,True,,closed,2025-01-27,2025-01-27T15:00:00+08:00,-4.445727440147318,closed,2025-01-22,2025-01-27,True
2025-01-22,600784,35.122,9.946714054099859,7.279029478538912,2.4080010542875736,-5.337519622436115,0.1282051280277657,0.20000000134883802,0.0,0.41463414618098243,3.7151702805770626,-2.566547656938789,0.46215780998389694,0.32334943639291464,True,,closed,2025-01-27,2025-01-27T15:00:00+08:00,-3.029237147595366,closed,2025-01-22,2025-01-27,True
2025-01-23,002196,19.6923,10.052910062583397,20.231213928966785,2.065227106883779,-3.9682540123844423,0.062499996741931005,0.6415094293811162,1.4876033419189971,0.671794872123892,4.993160063248592,-4.685884035095123,0.377133655394525,0.19130434782608696,True,,closed,2025-01-27,2025-01-27T15:00:00+08:00,-6.210000000000016,closed,2025-01-23,2025-01-27,True
2025-01-24,001208,60.2783,10.043196534368558,15.927189981242185,2.699700184097484,-8.856088539870733,0.056737586927381164,0.6930693060661537,-3.7449392534466663,0.4687500005550256,0.8697496897054346,-4.563520588594672,0.39317889317889315,0.4276061776061776,True,,closed,2025-02-06,2025-02-06T15:00:00+08:00,0.841524710830698,closed,2025-01-24,2025-02-06,True
2025-01-24,002148,39.3301,9.969325148914066,16.396103900131088,2.189743486089565,-9.138381200111944,0.04109589057026935,0.5800000003018552,-0.28735632296850167,0.34449760746762464,3.6130188117495576,-4.563520588594672,0.39317889317889315,0.4276061776061776,True,,closed,2025-02-06,2025-02-06T15:00:00+08:00,5.409596541786764,closed,2025-01-24,2025-02-06,True
2025-01-24,002852,77.6269,9.96216896835962,12.22651221546609,3.2581188493565483,-2.761795148735968,0.2894736844294064,-0.0799999914031672,-1.7751479216904453,0.25445292667113106,0.5329457449660513,-4.563520588594672,0.39317889317889315,0.4276061776061776,True,,closed,2025-02-06,2025-02-06T15:00:00+08:00,-0.9328915662650714,closed,2025-01-24,2025-02-06,True
2025-01-24,603045,18.5915,10.000000009755027,18.964204118584547,2.6837533643259115,-2.8930817747044646,0.06818182032832876,0.9010989015170913,-0.7772020997325657,0.6901408442460535,4.175166570510269,-4.563520588594672,0.39317889317889315,0.4276061776061776,True,,closed,2025-02-06,2025-02-06T15:00:00+08:00,0.5080156657963455,closed,2025-01-24,2025-02-06,True
2025-01-27,600851,38.6982,9.983079531210715,15.248226956609013,2.93834009398792,-2.439024353258923,0.16666667357464182,0.7959183766688208,0.0,0.355029586739197,3.5263669262232122,-3.8775366898392005,0.5106177606177607,0.694980694980695,True,,closed,2025-02-07,2025-02-07T15:00:00+08:00,2.6024999999999956,closed,2025-01-27,2025-02-07,True
2025-01-27,603089,15.3659,10.041407858593153,5.876494029868562,3.1416296582351806,-0.7441860572340753,0.1075268809775667,1.0449438207461652,-0.0937207028850584,0.7439024396386641,4.305283775265489,-3.8775366898392005,0.5106177606177607,0.694980694980695,True,,closed,2025-02-05,2025-02-05T15:00:00+08:00,-6.401369606003749,closed,2025-01-27,2025-02-05,True
2025-01-27,603687,78.5851,9.957325744662327,12.682215752583792,7.447370253054405,-7.176470580059869,0.2077922081880676,1.2461538463390185,-10.012674276821908,0.27272727264645175,0.37884102891491134,-3.8775366898392005,0.5106177606177607,0.694980694980695,True,,closed,2025-02-05,2025-02-05T15:00:00+08:00,-6.209999999999995,closed,2025-01-27,2025-02-05,True
2025-02-05,002757,23.6863,9.99351070469725,19.9575371789378,3.641359338595035,-6.219839151789275,0.4528301875133584,11.799999490559006,-0.3430531669966652,0.6052287581058903,12.205484740040617,-4.118305032038183,0.5318327974276528,0.4347266881028939,True,,closed,2025-02-10,2025-02-10T15:00:00+08:00,4.322415375788856,closed,2025-02-05,2025-02-10,True
2025-02-06,001380,19.6825,10.007974486034499,27.55432269458813,2.6058156541431425,-6.22254758177837,0.2202797202881758,-1.6266666571999824,-0.9758001517556458,0.6719576721173919,3.012830926306287,-5.100454982489611,0.5795053003533569,0.5570189527786701,True,,closed,2025-02-11,2025-02-11T15:00:00+08:00,1.8002483247930625,closed,2025-02-06,2025-02-11,True
2025-02-06,002549,47.0185,10.085470083452286,11.999999998343513,2.925337753537946,-3.957382026223899,0.11764706170732313,0.7758620696025771,0.31695719950335377,0.21635883894320784,4.558969272009006,-5.100454982489611,0.5795053003533569,0.5570189527786701,True,,closed,2025-02-11,2025-02-11T15:00:00+08:00,2.159668246445489,closed,2025-02-06,2025-02-11,True
2025-02-06,600191,21.9321,9.946949640840774,12.789115642929305,2.4822379672611774,-1.7052375321049529,0.3617021319074451,0.7066666655545422,-1.1152416573005475,0.8464566928406629,2.0460357819193087,-5.100454982489611,0.5795053003533569,0.5570189527786701,True,,closed,2025-02-11,2025-02-11T15:00:00+08:00,4.3012781954887105,closed,2025-02-06,2025-02-11,True
2025-02-07,603895,7.781,10.004547513634954,7.082779997862243,2.1718413045404863,-0.44897958569083407,0.4312500009957325,1.0966183593056618,0.04100039624426177,0.870317002540771,5.27224091506473,-2.340078339764229,0.7301638291037584,0.8583360102794731,True,,closed,2025-02-12,2025-02-12T15:00:00+08:00,-1.6034426229508356,closed,2025-02-07,2025-02-12,True
2025-02-10,002284,9.9595,10.049019619928634,17.38562093368323,2.2799647491664903,-2.337938365189529,0.32692307775592255,1.2837837834547816,-0.6528835666258948,0.8340080972816519,7.715903732762808,1.892683871693901,0.8224719101123595,0.7884430176565008,True,,closed,2025-02-13,2025-02-13T15:00:00+08:00,-1.0862322015334112,closed,2025-02-10,2025-02-13,True
2025-02-10,002576,28.224,9.999999979929285,12.579957320600021,3.026475535727346,-3.0339806105651568,0.24761904408004634,1.102189779520523,-0.4380475310692855,0.5296000005512159,5.996002682836643,1.892683871693901,0.8224719101123595,0.7884430176565008,True,,closed,2025-02-13,2025-02-13T15:00:00+08:00,-1.7813387806411183,closed,2025-02-10,2025-02-13,True
2025-02-10,002664,2.7966,10.000000002042974,15.316541864485478,2.3100910035849895,-1.6345592547135523,0.49999999836136955,0.9467455621081456,1.5430267040928092,0.9533898302260332,9.050350536685393,1.892683871693901,0.8224719101123595,0.7884430176565008,True,,closed,2025-02-13,2025-02-13T15:00:00+08:00,2.8291583869082473,closed,2025-02-10,2025-02-13,True
2025-02-10,002815,7.5768,9.981167605642828,9.774436102565321,2.200708953667793,-0.25773195829136286,0.34042553596382075,0.939655175009253,-0.5167959013697931,0.8737201361566082,4.657484569829573,1.892683871693901,0.8224719101123595,0.7884430176565008,True,,closed,2025-02-13,2025-02-13T15:00:00+08:00,-0.03683982683984158,closed,2025-02-10,2025-02-13,True
2025-02-10,002905,62.3363,10.069930048657017,8.551724121902238,2.974333958724203,-1.2706480265396447,0.41025641279992714,0.8701298706373715,0.6435006138102883,0.37771739112024777,1.125048466046219,1.892683871693901,0.8224719101123595,0.7884430176565008,True,,closed,2025-02-13,2025-02-13T15:00:00+08:00,11.938337595907921,closed,2025-02-10,2025-02-13,True
2025-02-10,603578,32.0792,10.016977886022826,9.830508472966027,2.9264052540081127,-1.538461513736722,0.2277227752744173,0.8571428610426444,-0.07812500270586442,0.465346535365298,5.129048177791873,1.892683871693901,0.8224719101123595,0.7884430176565008,True,,closed,2025-02-13,2025-02-13T15:00:00+08:00,1.9792103205629399,closed,2025-02-10,2025-02-13,True
2025-02-10,603728,5.1298,10.007293941088747,22.379097691230342,3.5668032056990207,-0.7701048295161272,0.7457627110510162,1.516181229832773,-2.03562341553557,0.9145038165475061,9.474522281199004,1.892683871693901,0.8224719101123595,0.7884430176565008,True,,closed,2025-02-12,2025-02-12T15:00:00+08:00,-6.210000000000016,closed,2025-02-10,2025-02-12,True
2025-02-11,000779,27.2727,10.024154600099866,17.548387079986227,2.2262711911619695,-3.5087719267819173,0.04347826311203766,0.6309523824094363,1.136363601641599,0.5454545445530401,5.325443765384286,3.3348741048404573,0.8667308927424534,0.7228644829800899,True,,closed,2025-02-14,2025-02-14T15:00:00+08:00,-0.6594382022471987,closed,2025-02-11,2025-02-14,True
2025-02-11,603193,16.3068,9.999999981143915,14.748201425405384,2.592254793402879,-1.5729585071848629,0.3176100610729217,1.2573529401387529,-2.3801428022072413,0.7282196968690737,6.3175825760310556,3.3348741048404573,0.8667308927424534,0.7228644829800899,True,,closed,2025-02-14,2025-02-14T15:00:00+08:00,-2.857161267850928,closed,2025-02-11,2025-02-14,True
2025-02-11,603618,16.4651,10.051993030392904,20.952380932917936,5.9767895530529085,-7.4391988701260185,0.10344827567982018,1.2068965524531334,-1.0819165064518965,0.725581395693677,6.524633845825556,3.3348741048404573,0.8667308927424534,0.7228644829800899,True,,closed,2025-02-14,2025-02-14T15:00:00+08:00,-4.5849999999999955,closed,2025-02-11,2025-02-14,True
2025-02-11,605255,22.1974,10.007468240295857,15.258215953174048,2.113705155559966,-2.48275863694023,0.15094338456725556,0.5390624978930129,-0.5657708179098608,0.7559681711313894,2.4333382275523396,3.3348741048404573,0.8667308927424534,0.7228644829800899,True,,closed,2025-02-14,2025-02-14T15:00:00+08:00,-3.126073968705557,closed,2025-02-11,2025-02-14,True
2025-02-12,002173,33.0454,9.999999967508444,16.530849805209492,2.3796514550743235,-3.31384016281131,0.14285714434705568,0.8915662673492868,-0.6048387285063295,0.4492440601502667,5.862142999516751,3.0290769096066095,0.8468699839486357,0.3467094703049759,True,,closed,2025-02-17,2025-02-17T15:00:00+08:00,4.9624137931034475,closed,2025-02-12,2025-02-17,True
2025-02-12,002229,40.1867,10.032894730324093,11.686143574931119,2.460146180967032,-1.8382353054772205,0.18918918820357192,0.9705882345159688,-0.9737827591841719,0.33022170378366456,6.6129032308611,3.0290769096066095,0.8468699839486357,0.3467094703049759,True,,closed,2025-02-17,2025-02-17T15:00:00+08:00,4.177291981845687,closed,2025-02-12,2025-02-17,True
2025-02-12,603985,29.2193,10.044444463706714,13.891444347192738,3.906133225929158,-0.7097791811391363,0.16393442504092892,1.2164948431366833,-0.15885623540666804,0.513011152241941,9.076709470063872,3.0290769096066095,0.8468699839486357,0.3467094703049759,True,,closed,2025-02-17,2025-02-17T15:00:00+08:00,2.7335163086714234,closed,2025-02-12,2025-02-17,True
2025-02-13,002441,12.5455,10.058479515742324,15.460122699274436,3.014853493024857,-2.1255060602525355,0.11688311795040146,1.3209876562499407,-0.1034126257933643,0.7909090909808711,8.563722181784627,3.260077563692887,0.8581514762516046,0.62002567394095,True,,closed,2025-02-14,2025-02-14T15:00:00+08:00,-6.210000000000016,closed,2025-02-13,2025-02-14,True
2025-02-13,002995,19.4515,9.99061914971977,20.010235415196732,3.1879725266082946,-1.3781223055269853,0.5744680860202295,0.6874999999999997,5.327510919557632,0.6758080315861631,9.656301152236546,3.260077563692887,0.8581514762516046,0.62002567394095,True,,closed,2025-02-14,2025-02-14T15:00:00+08:00,-7.175174129353235,closed,2025-02-13,2025-02-14,True
2025-02-13,603610,18.3007,10.034602084752443,16.697247683738148,2.0801694615021256,-1.649646498072832,0.20512820441754692,0.7979797987517975,0.47923321676928143,0.6949891061535375,6.303870200322459,3.260077563692887,0.8581514762516046,0.62002567394095,True,,closed,2025-02-18,2025-02-18T15:00:00+08:00,-6.210000000000016,closed,2025-02-13,2025-02-18,True
2025-02-13,603660,33.8491,10.038610008275217,24.99999994557951,2.330516243042152,-4.0935672097077935,0.07894737220184096,0.5882352978958219,-0.8536585517169071,0.43584905663381035,3.4614405706661744,3.260077563692887,0.8581514762516046,0.62002567394095,True,,closed,2025-02-18,2025-02-18T15:00:00+08:00,-6.210000000000005,closed,2025-02-13,2025-02-18,True
2025-02-14,000880,19.2393,10.010111221884488,-3.368239602425105,2.17982570239334,-4.820372891380531,0.03289473653545341,0.5257142858818096,-0.047778312886348484,0.7706230110950543,2.589250681401878,3.059340786943987,0.824510747513635,0.2502406159769009,True,,closed,2025-02-19,2025-02-19T15:00:00+08:00,8.346405353728501,closed,2025-02-14,2025-02-19,True
2025-02-14,002272,34.1343,10.000000006359656,17.99761621534337,5.027956707425664,-6.353591150393578,0.2659574490756929,1.4426229535115302,-2.753195684091758,0.431095406313971,4.346908630818591,3.059340786943987,0.824510747513635,0.2502406159769009,True,,closed,2025-02-19,2025-02-19T15:00:00+08:00,0.5988978766430888,closed,2025-02-14,2025-02-19,True
2025-02-14,003016,59.3183,9.972677595132051,7.620320850339879,2.2663681731262533,-6.714628305774628,0.2142857141398012,0.619718309382597,-1.0282776316162034,0.23652694587936296,1.9867549677603957,3.059340786943987,0.824510747513635,0.2502406159769009,True,,closed,2025-02-19,2025-02-19T15:00:00+08:00,-3.067142857142847,closed,2025-02-14,2025-02-19,True
2025-02-14,603117,43.4286,9.964412809850899,9.769094135161382,3.9823310938229146,-2.9366305993674957,0.0,1.185185185786352,1.273885351617765,0.27619047614919673,7.178968657171825,3.059340786943987,0.824510747513635,0.2502406159769009,True,,closed,2025-02-19,2025-02-19T15:00:00+08:00,0.10446540880504249,closed,2025-02-14,2025-02-19,True
2025-02-14,603219,14.6991,9.974424530723546,10.610932460912824,3.3481332256547245,-1.8161180670206778,0.03571428614183403,1.062893082556538,-0.5202312195175085,0.7550143267053566,5.311467376539847,3.059340786943987,0.824510747513635,0.2502406159769009,True,,closed,2025-02-17,2025-02-17T15:00:00+08:00,-6.210000000000005,closed,2025-02-14,2025-02-17,True
2025-02-14,603657,38.297,10.02087680171262,9.944367162585799,2.11630988364871,-3.103229889189252,0.2272727329391429,0.6458333347983682,-0.26143791244402914,0.4670050765933188,2.5262026380316716,3.059340786943987,0.824510747513635,0.2502406159769009,True,,closed,2025-02-19,2025-02-19T15:00:00+08:00,-0.47212319790301915,closed,2025-02-14,2025-02-19,True
2025-02-18,000695,46.4368,10.020242906694099,17.76814734237464,2.2948794623924837,-3.1818181839744053,0.1612903227745679,0.7777777781960922,1.8779342736149118,0.22605363994522878,6.039874903577513,5.758019933658076,0.7872954764196343,0.6525505293551492,True,,closed,2025-02-21,2025-02-21T15:00:00+08:00,7.531935483870965,closed,2025-02-18,2025-02-21,True
2025-02-18,002326,31.2676,9.988518951815873,15.700483096338825,2.307455753465675,-3.7487335398010857,0.0666666676502359,0.8518518516241748,-1.052631589981845,0.4788732393872316,4.235972491355322,5.758019933658076,0.7872954764196343,0.6525505293551492,True,,closed,2025-02-21,2025-02-21T15:00:00+08:00,2.662340425531905,closed,2025-02-18,2025-02-21,True
2025-02-18,603085,20.9639,9.972040986237051,13.026819919190302,4.498953454906989,-9.013867504358197,0.024999999129662262,1.0249999992879042,-2.37087212651379,0.6506024095723996,3.2969002010539317,5.758019933658076,0.7872954764196343,0.6525505293551492,True,,closed,2025-02-21,2025-02-21T15:00:00+08:00,2.738829141370335,closed,2025-02-18,2025-02-21,True
2025-02-18,603258,0.0,9.986859414097204,18.667296806658417,2.808488908860656,-1.290322602064975,0.11538461258344568,1.3947368379235103,7.266436015431288,1.0,16.434354409204865,5.758019933658076,0.7872954764196343,0.6525505293551492,True,,closed,2025-02-19,2025-02-19T15:00:00+08:00,-11.966272401433688,closed,2025-02-18,2025-02-19,True
2025-02-19,001324,76.5235,9.99428900752861,9.060022643798904,2.1148160200832153,-11.09013689410656,0.059999998265217847,0.7627118607257322,-4.458598689458726,0.37400530500164497,0.0777173138942322,5.111332049075457,0.531390134529148,0.1444586803331198,True,,closed,2025-02-24,2025-02-24T15:00:00+08:00,7.34555555555556,closed,2025-02-19,2025-02-24,True
2025-02-19,002786,47.244,9.979209970207826,16.519823809878442,2.4684384647923783,-2.8440366855053467,0.011904763122939685,1.0333333366392805,-2.7384324829148987,0.4437086096823312,1.9600079236361312,5.111332049075457,0.531390134529148,0.1444586803331198,True,,closed,2025-02-24,2025-02-24T15:00:00+08:00,1.634660194174752,closed,2025-02-19,2025-02-24,True
2025-02-19,600590,9.5094,10.035842299404308,28.451882820150452,2.5218668751790556,-6.268656702469844,0.11320754749053326,2.000000016087589,4.777070042107301,0.8415094335132548,13.409169250670727,5.111332049075457,0.531390134529148,0.1444586803331198,True,,closed,2025-02-24,2025-02-24T15:00:00+08:00,39.60762917933131,closed,2025-02-19,2025-02-24,True
2025-02-19,603070,25.6005,9.9927589042752,8.577555451786711,3.0412684894104682,-4.93589742923739,0.10679611880568549,0.7647058804760078,-0.0674308969295212,0.6741344190780837,2.546360351379051,5.111332049075457,0.531390134529148,0.1444586803331198,True,,closed,2025-02-24,2025-02-24T15:00:00+08:00,2.8264372469635637,closed,2025-02-19,2025-02-24,True
2025-02-19,603109,22.3359,10.027700797374028,11.510387414701428,3.021561532435558,-0.3458498192573378,0.3386454169542155,1.1741573045582399,-3.0242935037780083,0.6898907098786852,2.7203024836712997,5.111332049075457,0.531390134529148,0.1444586803331198,True,,closed,2025-02-24,2025-02-24T15:00:00+08:00,4.084478527607359,closed,2025-02-19,2025-02-24,True
2025-02-19,603269,36.7013,10.000000011098242,1.7184942737573428,2.856675239653963,-2.7999999918399743,0.12631579146542535,0.7522123918031577,-0.08230454812889754,0.5111441305455207,2.4472573780182305,5.111332049075457,0.531390134529148,0.1444586803331198,True,,closed,2025-02-24,2025-02-24T15:00:00+08:00,3.9086161449752845,closed,2025-02-19,2025-02-24,True
2025-02-19,603717,54.8541,9.987029796072356,8.163265263803709,2.190811646516201,-3.837209312742673,0.129629629144833,0.7162162173779223,-0.48367597215742686,0.3734567897383127,1.705387990579177,5.111332049075457,0.531390134529148,0.1444586803331198,True,,closed,2025-02-24,2025-02-24T15:00:00+08:00,-3.1261603888213982,closed,2025-02-19,2025-02-24,True
2025-02-19,603813,54.8923,10.030395164413065,0.09216592557221848,2.681390296886314,-11.966527214727297,0.09493670737842701,0.5853658448530763,0.09505706205690245,0.22464898572324962,2.372156321278718,5.111332049075457,0.531390134529148,0.1444586803331198,True,,closed,2025-02-24,2025-02-24T15:00:00+08:00,21.252488129154788,closed,2025-02-19,2025-02-24,True
2025-02-21,002276,8.8288,9.966777428629792,12.076749460354929,2.8317022433060806,-4.595588244037751,0.1803278688524584,1.5113636334232348,0.09633911387227911,0.8528528526241734,10.250424446515826,3.5002394609520593,0.6834186939820742,0.572663252240717,True,,closed,2025-02-26,2025-02-26T15:00:00+08:00,14.130712223291606,closed,2025-02-21,2025-02-26,True
2025-02-21,002790,40.613,9.986320095212564,10.288065854079488,2.895237079437314,-6.524317915724154,0.09677419122172862,-0.4545454651046933,-1.1421319516088935,0.5178370355166075,2.12375460282912,3.5002394609520593,0.6834186939820742,0.572663252240717,True,,closed,2025-02-26,2025-02-26T15:00:00+08:00,-0.46673940949936243,closed,2025-02-21,2025-02-26,True
2025-02-21,002908,37.3327,9.979209990218685,19.41309256128847,5.255888398643606,-2.0560747694157944,0.48148148029462545,0.8550724604969686,-2.19465648766336,0.7233502533013053,1.4449722711679769,3.5002394609520593,0.6834186939820742,0.572663252240717,True,,closed,2025-02-26,2025-02-26T15:00:00+08:00,2.8143902439024417,closed,2025-02-21,2025-02-26,True
2025-02-21,603011,25.414,10.0689655198696,13.352272736115367,7.564902298054113,-3.1175060220507422,0.08163265187080762,1.1428571418849685,-0.9900990005613952,0.5764331210819179,5.374077975759839,3.5002394609520593,0.6834186939820742,0.572663252240717,True,,closed,2025-02-26,2025-02-26T15:00:00+08:00,0.9149999999999983,closed,2025-02-21,2025-02-26,True
2025-02-21,603015,19.0795,10.024650804378377,14.151747677520387,2.3675068962811388,-2.1536252533712053,0.21666666380135463,1.1935483854633784,0.07336756549813916,0.6820083681851337,6.94684019800571,3.5002394609520593,0.6834186939820742,0.572663252240717,True,,closed,2025-02-26,2025-02-26T15:00:00+08:00,2.649237536656889,closed,2025-02-21,2025-02-26,True
2025-02-21,603066,22.95,9.999999982864761,16.18217052010049,4.023941631351304,-6.095679011437538,0.058823526826653885,1.1636363635849105,1.3147083196094034,0.6175000002723793,6.697819326977639,3.5002394609520593,0.6834186939820742,0.572663252240717,True,,closed,2025-02-26,2025-02-26T15:00:00+08:00,-1.5076480129764822,closed,2025-02-21,2025-02-26,True
2025-02-21,603528,29.475,10.011376587432919,15.669856457966102,2.455131110128166,-2.4742267950723984,0.02857142766349848,0.7499999981084792,-0.3171247429377022,0.6692708331156731,2.277657256478993,3.5002394609520593,0.6834186939820742,0.572663252240717,True,,closed,2025-02-26,2025-02-26T15:00:00+08:00,3.289469777306463,closed,2025-02-21,2025-02-26,True
2025-02-24,000590,51.9271,10.000000013277832,15.20803444477783,2.87486117321256,-2.836004915117074,0.2745098051886049,0.7972972974743038,-2.2842639580796575,0.4016620500757,1.7979904871088914,4.685316010171592,0.6571702944942381,0.4212548015364917,True,,closed,2025-02-27,2025-02-27T15:00:00+08:00,4.595194805194812,closed,2025-02-24,2025-02-27,True
2025-02-24,002577,10.0204,9.987720015429492,26.44705882939813,3.1870166205144965,-3.285714294249198,0.10469313961513743,1.1257485024125504,0.07385524940195509,0.8329938899460209,7.097692063434691,4.685316010171592,0.6571702944942381,0.4212548015364917,True,,closed,2025-02-27,2025-02-27T15:00:00+08:00,2.52062730627307,closed,2025-02-24,2025-02-27,True
2025-02-24,603215,39.0502,10.016420368640834,20.72072073083604,3.750224345605986,-6.34146339884214,0.20731707532545207,-1.9999999688422911,-1.0416666489173054,0.5208333339418827,2.2274830588218553,4.685316010171592,0.6571702944942381,0.4212548015364917,True,,closed,2025-02-27,2025-02-27T15:00:00+08:00,-6.210000000000005,closed,2025-02-24,2025-02-27,True
2025-02-24,603579,19.0365,10.025542784496743,21.852899584413453,2.941919805589307,-8.65435355858255,0.04651162850201681,1.0496894416244074,-1.5597920389026632,0.6827242522661687,4.694028012330631,4.685316010171592,0.6571702944942381,0.4212548015364917,True,,closed,2025-02-27,2025-02-27T15:00:00+08:00,-6.210000000000005,closed,2025-02-24,2025-02-27,True
2025-02-24,605366,34.8148,9.999999972246032,12.820512757255887,2.563666139840236,-1.2861736414750746,0.13333333448461038,0.9642857185809729,-1.9543974065047598,0.419753086825095,3.5075653327741874,4.685316010171592,0.6571702944942381,0.4212548015364917,True,,closed,2025-02-27,2025-02-27T15:00:00+08:00,1.9494684385382257,closed,2025-02-24,2025-02-27,True
2025-02-25,002347,48.584,10.023041462268978,25.492772665830408,2.2268612938733856,-5.400000021459828,0.1052631580708192,0.8941176455807535,-3.171247346724626,0.5082938387733233,1.5688802934237245,4.128012615863796,0.7022094140249759,0.5552353506243997,True,,closed,2025-02-28,2025-02-28T15:00:00+08:00,-6.210000000000016,closed,2025-02-25,2025-02-28,True
2025-02-25,002842,56.3276,10.05509638398201,18.19526624570271,3.386126971564249,-9.136420496966169,0.06410256609787368,-0.10606060278197439,0.13774102142933842,0.6172839503814682,0.49764997343137996,4.128012615863796,0.7022094140249759,0.5552353506243997,True,,closed,2025-02-28,2025-02-28T15:00:00+08:00,2.403480055020645,closed,2025-02-25,2025-02-28,True
2025-02-25,002975,11.4617,9.994155455647903,11.492890984684223,2.1601883716717984,-1.5944724956702516,0.017341038912073618,0.8211143690688245,-2.079395079555768,0.8089713843549217,3.6000000019983602,4.128012615863796,0.7022094140249759,0.5552353506243997,True,,closed,2025-03-03,2025-03-03T15:00:00+08:00,-0.7615719801433838,closed,2025-02-25,2025-03-03,True
2025-02-25,600192,19.1623,10.088495600070036,7.426597649331046,4.5040154192097654,-5.2941175974195565,0.20000000250034813,1.4074074027771313,-1.086956547376472,0.6806282724517836,7.456140326319249,4.128012615863796,0.7022094140249759,0.5552353506243997,True,,closed,2025-02-28,2025-02-28T15:00:00+08:00,3.7146467817896314,closed,2025-02-25,2025-02-28,True
2025-02-25,600198,39.3103,10.03271538894328,11.986681474544469,2.016332073415344,-2.3414634103846255,0.2978723411740941,0.9130434785213577,-1.8981019014574496,0.34482758580795675,3.5428089346831504,4.128012615863796,0.7022094140249759,0.5552353506243997,True,,closed,2025-02-28,2025-02-28T15:00:00+08:00,-6.210000000000016,closed,2025-02-25,2025-02-28,True
2025-02-25,603618,54.385,9.95184594133718,7.874015781481503,2.983507591014005,-4.264705867967189,0.34090909170078115,0.4137931027192788,-1.6897081256250557,0.725581395693677,0.15600622749195603,4.128012615863796,0.7022094140249759,0.5552353506243997,True,,closed,2025-02-28,2025-02-28T15:00:00+08:00,-2.710000000000002,closed,2025-02-25,2025-02-28,True
2025-02-25,605060,15.3684,10.004610406826252,25.249343848156492,2.2210467198931423,-3.8791343643151954,0.11525423595941321,0.8279569866803849,-1.316907373594356,0.7438596490231549,3.742408004699427,4.128012615863796,0.7022094140249759,0.5552353506243997,True,,closed,2025-02-27,2025-02-27T15:00:00+08:00,-6.210000000000005,closed,2025-02-25,2025-02-27,True
2025-02-26,000065,20.4637,10.044444479459402,26.326530629098155,2.7649669294942174,-10.000000020671607,0.028776975412977256,0.6617647009335065,0.0,0.7090517236609295,2.774488233426542,2.506086676784136,0.5954516335682255,0.2344650864830237,True,,closed,2025-02-27,2025-02-27T15:00:00+08:00,-6.209999999999995,closed,2025-02-26,2025-02-27,True
2025-02-26,600100,12.7317,9.976798114204065,22.322580625573995,2.7280403274661396,-1.8887723014640367,0.13861386193750805,0.5517241474055503,0.0,0.7878048780236862,8.14249364598776,2.506086676784136,0.5954516335682255,0.2344650864830237,True,,closed,2025-02-27,2025-02-27T15:00:00+08:00,-6.210000000000016,closed,2025-02-26,2025-02-27,True
2025-02-26,603115,17.494,10.00000001742485,12.343864809997495,2.8481309657121527,-4.627249388004784,0.14393939287367596,0.6762589911343073,-0.5390835193849419,0.708433734841316,3.782871623973705,2.506086676784136,0.5954516335682255,0.2344650864830237,True,,closed,2025-03-03,2025-03-03T15:00:00+08:00,-1.023008130081283,closed,2025-02-26,2025-03-03,True
2025-02-27,000529,24.1667,10.086956549244519,8.762886629659782,2.1666546640466664,-0.806451642020245,0.46428571285808995,0.6086956500581131,0.4878048958042225,0.5972222228969294,4.674796766462719,3.322170371926214,0.7108549471661864,0.8152417547230227,True,,closed,2025-03-04,2025-03-04T15:00:00+08:00,-2.9608090614886793,closed,2025-02-27,2025-03-04,True
2025-02-27,002097,16.0465,10.062111793089956,20.544217698352597,2.103705660339021,-0.8810572779534342,0.12790697677155302,1.1521739125173664,-1.888888897609975,0.732558139055954,7.420924556019837,3.322170371926214,0.7108549471661864,0.8152417547230227,True,,closed,2025-02-28,2025-02-28T15:00:00+08:00,-6.210000000000005,closed,2025-02-27,2025-02-28,True
2025-02-27,002298,16.1131,10.085470095780291,19.925512102409115,3.4742031193853125,-0.1540831843277135,0.4358974384053244,1.0597014940951768,0.3086419339754398,0.7314487632032551,7.9017264053032665,3.322170371926214,0.7108549471661864,0.8152417547230227,True,,closed,2025-03-04,2025-03-04T15:00:00+08:00,-0.21,closed,2025-02-27,2025-03-04,True
2025-02-27,603421,30.9719,10.01317522883709,16.620111676132776,4.376824411202057,-9.709821414754948,0.03333333628532105,0.6904761925471002,0.0,0.4838012960813018,4.603051475383202,3.322170371926214,0.7108549471661864,0.8152417547230227,True,,closed,2025-03-03,2025-03-03T15:00:00+08:00,-5.401594561186652,closed,2025-02-27,2025-03-03,True
2025-02-27,605208,4.2956,10.043196545250254,28.015075446465975,3.35844414686556,-5.798394285983299,0.19753086241579085,2.6818181588154397,3.219696963606844,0.9284064664859807,16.15515770762366,3.322170371926214,0.7108549471661864,0.8152417547230227,True,,closed,2025-03-04,2025-03-04T15:00:00+08:00,14.652385321100912,closed,2025-02-27,2025-03-04,True
2025-02-28,000815,48.8108,10.000000008433684,26.88638335886251,5.898231988959613,-8.417508411277485,0.126262625897831,-101.99998653982983,-2.9411764657366835,0.6728110599971607,0.8115419268352908,4.506142585087192,0.71296,0.41216,True,,closed,2025-03-03,2025-03-03T15:00:00+08:00,-8.543333333333326,closed,2025-02-28,2025-03-03,True
2025-02-28,001282,5.2448,9.99614048474038,10.25145068890847,2.546785117175324,-2.3192360188213135,0.38787878983881324,1.0598290598803526,0.03491619069988516,0.9125874122698088,6.040417490505345,4.506142585087192,0.71296,0.41216,True,,closed,2025-03-03,2025-03-03T15:00:00+08:00,-10.890628272251304,closed,2025-02-28,2025-03-03,True
2025-02-28,002209,63.4989,10.036496293953,12.395153776351965,6.4149712205732214,-14.848484857437027,0.019999997890398167,-0.6400000153425575,-0.622775776777762,0.5964214712361292,0.05368645096661684,4.506142585087192,0.71296,0.41216,True,,closed,2025-03-03,2025-03-03T15:00:00+08:00,-6.210000000000005,closed,2025-02-28,2025-03-03,True
2025-02-28,002434,7.0455,10.056657207935382,16.31736527121488,2.8497634793250337,-3.950617275499957,0.24193548452659153,1.0158730177445212,2.0565552568182044,0.8825757572769611,8.85659445569107,4.506142585087192,0.71296,0.41216,True,,closed,2025-03-03,2025-03-03T15:00:00+08:00,-6.885062972292189,closed,2025-02-28,2025-03-03,True
2025-02-28,002921,34.4935,9.969088116859414,15.597075546096395,3.837022824768766,-9.27284856509436,0.1472392633868328,0.4793388392402102,-0.8823529381825068,0.6992031874377784,1.7665710235234666,4.506142585087192,0.71296,0.41216,True,,closed,2025-03-05,2025-03-05T15:00:00+08:00,0.7543916913946616,closed,2025-02-28,2025-03-05,True
2025-02-28,603320,7.9713,9.976387268127752,12.364294347049798,2.2278618799008245,-2.1578947696155315,0.41964285368166004,0.9771428548508981,-0.48413123334449804,0.867145422297226,4.15493752242333,4.506142585087192,0.71296,0.41216,True,,closed,2025-03-03,2025-03-03T15:00:00+08:00,-6.210000000000005,closed,2025-02-28,2025-03-03,True
2025-02-28,603626,14.5223,10.041841006682573,23.329425520375512,4.31666132849134,-6.386861303017377,0.1324503325445738,0.40909091400535424,1.6569200603932854,0.7579617832786595,8.940881560177738,4.506142585087192,0.71296,0.41216,True,,closed,2025-03-03,2025-03-03T15:00:00+08:00,-6.210000000000005,closed,2025-02-28,2025-03-03,True
2025-03-03,000058,53.9007,10.049627787043125,6.996381187224987,4.72849554928752,-5.518018006792413,0.1351351370780292,0.3684210532210127,0.35756851404833423,0.30490956046919815,2.085354015897267,2.268948698966078,0.40416,0.11744,True,,closed,2025-03-06,2025-03-06T15:00:00+08:00,11.904014251781469,closed,2025-03-03,2025-03-06,True
2025-03-03,002406,48.4335,10.055096421695753,14.469914053725397,3.4507878684731303,-9.785202859582498,0.0,0.37681159506079565,-0.39682539430313524,0.632867133345917,1.0195868054857726,2.268948698966078,0.40416,0.11744,True,,closed,2025-03-04,2025-03-04T15:00:00+08:00,-8.84213811420982,closed,2025-03-03,2025-03-04,True
2025-03-03,002741,33.3333,10.005621132716836,11.319681442719066,2.7172391227601884,-4.38382855774525,0.038043477374273466,1.0422535211267614,2.4961793250594777,0.4444444444745041,9.813339161396527,2.268948698966078,0.40416,0.11744,True,,closed,2025-03-04,2025-03-04T15:00:00+08:00,-6.209999999999995,closed,2025-03-03,2025-03-04,True
2025-03-03,600729,77.3021,10.01313199051972,16.96335081538658,2.2226698666247,-13.290610198055253,0.11829944715818841,-3.6862744418888904,-3.920308487640045,0.36344314516267917,0.06684490101488416,2.268948698966078,0.40416,0.11744,True,,closed,2025-03-04,2025-03-04T15:00:00+08:00,-7.233411371237442,closed,2025-03-03,2025-03-04,True
2025-03-05,000555,11.7339,9.991809983713583,6.756756765873573,2.00085136392212,-2.2627737112226654,0.1538461557061195,0.962962964148724,0.5974607718945535,0.8044354838198601,3.15515391856811,1.7851603843775932,0.518554062699936,0.7076135636596289,True,,closed,2025-03-10,2025-03-10T15:00:00+08:00,-3.031083890126208,closed,2025-03-05,2025-03-10,True
2025-03-05,000619,51.6576,10.033444832335036,3.1347962372453297,2.440545614734325,-2.1308980159532087,0.3030303045045226,0.7619047617429661,-0.15552100444647943,0.25227963506653234,2.490421451618041,1.7851603843775932,0.518554062699936,0.7076135636596289,True,,closed,2025-03-10,2025-03-10T15:00:00+08:00,0.25728971962617386,closed,2025-03-05,2025-03-10,True
2025-03-05,000973,12.4638,10.061919523343189,11.968503937317031,2.044548271001624,-1.9690576809926252,0.11904761763428261,0.774193547089945,0.5738880862796503,0.7922705309936783,3.392330365008167,1.7851603843775932,0.518554062699936,0.7076135636596289,True,,closed,2025-03-10,2025-03-10T15:00:00+08:00,0.9312268188302433,closed,2025-03-05,2025-03-10,True
2025-03-05,002037,29.7539,9.960681530881033,8.53816299696739,2.1335488433175067,-0.7220216682406466,0.6296296247045848,0.5483870915437049,-0.6060605979721245,0.5352112675700225,2.86001003515306,1.7851603843775932,0.518554062699936,0.7076135636596289,True,,closed,2025-03-10,2025-03-10T15:00:00+08:00,-1.6734146341463316,closed,2025-03-05,2025-03-10,True
2025-03-05,002917,51.4377,9.986130358321098,2.3225806416649286,3.0933878374882857,-2.447980407074468,0.16216216404344375,1.0800000020603788,-1.0037641165868694,0.46907574708195926,1.5313344558969044,1.7851603843775932,0.518554062699936,0.7076135636596289,True,,closed,2025-03-10,2025-03-10T15:00:00+08:00,-4.202395437262364,closed,2025-03-05,2025-03-10,True
2025-03-05,600192,34.5391,9.969788461870488,26.16984400339244,3.1017740271600345,-1.2482663037361452,0.24637681383931803,0.7500000043951439,-0.4213483696500764,0.7859922169448628,1.372605044303632,1.7851603843775932,0.518554062699936,0.7076135636596289,True,,closed,2025-03-10,2025-03-10T15:00:00+08:00,-4.159224259520457,closed,2025-03-05,2025-03-10,True
2025-03-05,601789,11.6388,9.951060379249155,17.832167869919324,3.695662999455842,-7.216494835681553,0.2682926838749353,-43.00000079688248,0.3174603118385688,0.806020067559042,3.504749443806854,1.7851603843775932,0.518554062699936,0.7076135636596289,True,,closed,2025-03-10,2025-03-10T15:00:00+08:00,5.011518987341778,closed,2025-03-05,2025-03-10,True
2025-03-05,603978,51.5221,9.984399341216378,3.7527593506448076,2.033290208997426,-2.5000000258276867,0.44615384063741953,0.9531250000000002,-0.28490028399464906,0.18208955169972135,2.816435929648775,1.7851603843775932,0.518554062699936,0.7076135636596289,True,,closed,2025-03-10,2025-03-10T15:00:00+08:00,5.14714285714286,closed,2025-03-05,2025-03-10,True
2025-03-05,603985,20.7435,10.000000000000009,3.709428136632975,2.6268013803999835,-3.537214449811632,0.21052631638709635,0.7105263152416529,1.8334606603140458,0.6542750930456261,3.413498839130069,1.7851603843775932,0.518554062699936,0.7076135636596289,True,,closed,2025-03-10,2025-03-10T15:00:00+08:00,5.116331582895727,closed,2025-03-05,2025-03-10,True
2025-03-06,002164,16.4168,9.93690852413176,16.36060104769481,4.01806123221314,-2.1186440863872447,0.48275861428248595,0.9444444417541433,-0.4329004093382771,0.8384879729540159,2.4955436769660055,2.8322422290936844,0.4686500319897633,0.39955214331413946,True,,closed,2025-03-11,2025-03-11T15:00:00+08:00,1.3842028985507007,closed,2025-03-06,2025-03-11,True
2025-03-06,002279,18.2456,9.97229916832274,9.517241390650844,2.0115340233552153,-1.9230769235700884,0.5,0.6777777774814393,1.307189547183385,0.6959064328562788,3.2920165331450812,2.8322422290936844,0.4686500319897633,0.39955214331413946,True,,closed,2025-03-11,2025-03-11T15:00:00+08:00,-3.1777419354838807,closed,2025-03-06,2025-03-11,True
2025-03-06,002313,61.7521,10.028653305617286,-3.7593985039533817,4.772217695484813,-3.3388981639171256,0.4395604392908451,1.0714285711121723,-3.022452496576211,0.5291607395952028,0.4873726177079152,2.8322422290936844,0.4686500319897633,0.39955214331413946,True,,closed,2025-03-11,2025-03-11T15:00:00+08:00,2.639510240427433,closed,2025-03-06,2025-03-11,True
2025-03-06,002590,21.0577,10.03921568542523,8.759689913214231,2.1757208205508913,-1.55477032921284,0.2391304338792059,0.9230769230769229,0.0,0.649038461405908,3.6766894886950396,2.8322422290936844,0.4686500319897633,0.39955214331413946,True,,closed,2025-03-11,2025-03-11T15:00:00+08:00,-0.21,closed,2025-03-06,2025-03-11,True
2025-03-06,002679,37.5749,9.952038364846327,8.264462863407429,2.237698956614171,-2.527472519381402,0.48148148489963627,0.6341463431104719,-0.5636979103824769,0.4984126973858569,2.4390243472635076,2.8322422290936844,0.4686500319897633,0.39955214331413946,True,,closed,2025-03-11,2025-03-11T15:00:00+08:00,1.4906802721088566,closed,2025-03-06,2025-03-11,True
2025-03-06,002786,35.3914,9.990009988987204,3.966005665987682,2.6903465744437733,-1.0999083627190043,0.10588235198027886,0.7777777755515524,0.0,0.5518763795556241,2.3622047125558376,2.8322422290936844,0.4686500319897633,0.39955214331413946,True,,closed,2025-03-11,2025-03-11T15:00:00+08:00,2.0142817423540285,closed,2025-03-06,2025-03-11,True
2025-03-06,002933,20.5987,9.991158273150557,11.0053539316175,3.4560749753125526,-0.3466666662484519,0.15172413462939074,1.0189393941883937,-0.18731601081225513,0.6566890657340426,3.980820714553368,2.8322422290936844,0.4686500319897633,0.39955214331413946,True,,closed,2025-03-11,2025-03-11T15:00:00+08:00,3.8650670241286758,closed,2025-03-06,2025-03-11,True
2025-03-06,600847,17.449,10.021321963941698,16.742081446038082,2.5805391649654634,-0.6958250450284642,0.12977099211586832,0.6796116536770059,0.0,0.7091836735043635,4.040824852970215,2.8322422290936844,0.4686500319897633,0.39955214331413946,True,,closed,2025-03-11,2025-03-11T15:00:00+08:00,-4.514304304304307,closed,2025-03-06,2025-03-11,True
2025-03-06,603123,42.1579,10.038119441603621,2.364066192828229,2.4023887318428234,-4.347826103085051,0.026666663329708358,1.1686746983740919,-1.7045454369173596,0.297368421201528,4.3048354162047,2.8322422290936844,0.4686500319897633,0.39955214331413946,True,,closed,2025-03-11,2025-03-11T15:00:00+08:00,0.36803468208093015,closed,2025-03-06,2025-03-11,True
2025-03-06,603320,4.1479,9.977194972382431,17.264437688846492,2.6505738380571935,-1.0188486915033268,0.5445544571480156,1.077348067954934,0.1544004177338687,0.9308681675972232,5.16645051331921,2.8322422290936844,0.4686500319897633,0.39955214331413946,True,,closed,2025-03-11,2025-03-11T15:00:00+08:00,-3.293247687564239,closed,2025-03-06,2025-03-11,True
2025-03-07,000829,19.5294,9.991386768905341,15.25270760472286,4.68780735338976,-1.7543859385451888,0.6422764253622768,7.700000012094104,-2.8273809878665013,0.6745098032101499,8.00529272905588,2.9511055781531903,0.5876519513755598,0.7856685860524633,True,,closed,2025-03-10,2025-03-10T15:00:00+08:00,-6.210000000000005,closed,2025-03-07,2025-03-10,True
2025-03-07,000837,7.0737,9.98217469080316,9.397163141100041,3.084423849208253,-1.5397082786940852,0.08064515904198316,0.8362068953956064,0.08230452423987344,0.8821052630736234,4.359766557787248,2.9511055781531903,0.5876519513755598,0.7856685860524633,True,,closed,2025-03-12,2025-03-12T15:00:00+08:00,6.368947368421062,closed,2025-03-07,2025-03-12,True
2025-03-07,002196,3.2143,9.939759025118367,16.242038167435414,2.3800400640046906,-2.150537643707684,0.22222221516134943,0.9710144925283825,2.7472527593931595,0.946428570585083,8.578893892250395,2.9511055781531903,0.5876519513755598,0.7856685860524633,True,,closed,2025-03-12,2025-03-12T15:00:00+08:00,32.67770053475933,closed,2025-03-07,2025-03-12,True
2025-03-07,603985,8.8104,10.007639421066127,15.755627022360486,2.2081569063260513,-3.933333326304933,0.2236842111612899,1.009345794411368,-0.06939625272703864,0.8531598514077025,6.635071089138789,2.9511055781531903,0.5876519513755598,0.7856685860524633,True,,closed,2025-03-12,2025-03-12T15:00:00+08:00,0.1372222222222099,closed,2025-03-07,2025-03-12,True
2025-03-10,002115,33.9474,9.962640100024034,13.350449280525734,3.520753319679072,-3.6571428608056067,0.02380952231063185,-1.500000010015317,1.4234875483398968,0.43421052618054096,7.358111505214193,1.318132927171689,0.5143953934740882,0.33205374280230326,True,,closed,2025-03-13,2025-03-13T15:00:00+08:00,6.339707602339172,closed,2025-03-10,2025-03-13,True
2025-03-10,002195,8.7719,9.94764397334662,26.760563362569112,2.871683122969196,-9.379509375057026,0.029850746268655613,0.9285714285714278,2.388535030595973,0.8538011697312677,11.826086949755975,1.318132927171689,0.5143953934740882,0.33205374280230326,True,,closed,2025-03-13,2025-03-13T15:00:00+08:00,-2.0762519440124425,closed,2025-03-10,2025-03-13,True
2025-03-10,002358,28.2002,10.05110732813006,25.193798471379083,2.272397180433526,-4.923076936019766,0.1489361684143363,0.4909090893640324,-0.3236245940007598,0.8299595139880954,1.6501650049455696,1.318132927171689,0.5143953934740882,0.33205374280230326,True,,closed,2025-03-11,2025-03-11T15:00:00+08:00,-6.210000000000005,closed,2025-03-10,2025-03-11,True
2025-03-10,002609,13.0909,10.035419108993949,4.954954943843903,3.123737571235655,-2.019128587387997,0.191176469709597,0.8765432098496191,-0.2169197357481778,0.7818181818882554,5.287251087829969,1.318132927171689,0.5143953934740882,0.33205374280230326,True,,closed,2025-03-13,2025-03-13T15:00:00+08:00,0.22478260869567188,closed,2025-03-10,2025-03-13,True
2025-03-10,002657,52.1079,9.999999992919918,1.7159199127276148,2.098659594828369,-2.8493894169582035,0.1212121219688897,1.112903227271462,-1.7225325966231275,0.4881291548064749,1.3953264935505638,1.318132927171689,0.5143953934740882,0.33205374280230326,True,,closed,2025-03-13,2025-03-13T15:00:00+08:00,-2.294320227380376,closed,2025-03-10,2025-03-13,True
2025-03-10,603219,30.2007,10.02166847260877,24.448529385335792,2.180334816698453,-3.800592275420378,0.0562500007070572,0.5393258450240938,-0.4617752742928305,0.7977243998082497,1.6451849630944704,1.318132927171689,0.5143953934740882,0.33205374280230326,True,,closed,2025-03-13,2025-03-13T15:00:00+08:00,-6.210000000000005,closed,2025-03-10,2025-03-13,True
2025-03-10,603577,12.7629,9.99999998909098,6.783625717679187,2.544570747217806,-3.0501089466443587,0.06976744406410086,0.701298702520424,-0.44943821893645985,0.787439612184741,2.9993024729259243,1.318132927171689,0.5143953934740882,0.33205374280230326,True,,closed,2025-03-13,2025-03-13T15:00:00+08:00,3.4017381489841894,closed,2025-03-10,2025-03-13,True
2025-03-10,603583,6.2609,10.010928938799445,17.8688524283233,2.6101279922658205,-1.4285714172881825,0.30201342067710546,0.7173913040342826,0.0,0.8956521739998704,10.321549116974161,1.318132927171689,0.5143953934740882,0.33205374280230326,True,,closed,2025-03-14,2025-03-14T15:00:00+08:00,-5.020789049919483,closed,2025-03-10,2025-03-14,True
2025-03-11,001268,21.542,10.019841309383759,14.743921406449513,2.3126536474877772,-8.69198312129036,0.04827586273906902,0.7187499998418541,-1.663585944305257,0.6409666286352167,3.0408677264943673,0.7110884164363451,0.57856,0.61024,True,,closed,2025-03-14,2025-03-14T15:00:00+08:00,0.8708270676691656,closed,2025-03-11,2025-03-14,True
2025-03-11,600367,17.7816,10.021629412185051,16.755929599806763,2.2871139797638596,-8.239700363924385,0.03550295904851515,0.4166666684389952,-0.5442176989379321,0.7036395147572623,3.923798685918478,0.7110884164363451,0.57856,0.61024,True,,closed,2025-03-14,2025-03-14T15:00:00+08:00,5.467154582763322,closed,2025-03-11,2025-03-14,True
2025-03-11,603158,13.7705,10.042283295868803,15.410199554203864,3.3987377263681045,-5.373406194482433,0.13235294248035992,0.9789473695259101,-2.4061597647554334,0.7704918033098485,3.6809816048963606,0.7110884164363451,0.57856,0.61024,True,,closed,2025-03-14,2025-03-14T15:00:00+08:00,0.28309664694279224,closed,2025-03-11,2025-03-14,True
2025-03-12,605018,8.4483,10.01517450447671,15.814696481713518,2.200980490647164,-5.122950851383368,0.2653061201286843,0.49586776542413447,0.7199424271306043,0.8591954026496161,4.1232509512352244,1.500874937389507,0.62528,0.6016,True,,closed,2025-03-13,2025-03-13T15:00:00+08:00,-6.210000000000005,closed,2025-03-12,2025-03-13,True
2025-03-13,003025,15.8594,10.023584897562255,16.261682242024467,3.543834144002722,-9.790550406275866,0.05633802833781139,0.9270833341989201,-0.10799136668239173,0.735677083366875,6.444188720599264,0.18801682304121492,0.66368,0.50752,True,,closed,2025-03-14,2025-03-14T15:00:00+08:00,-6.210000000000005,closed,2025-03-13,2025-03-14,True
2025-03-13,600560,19.9353,9.999999997727604,22.43816254611355,4.897870142821526,-3.5113035068618625,0.14184397210106378,-7.111111203900692,-3.2901296084662524,0.6677454158972355,3.0270844453017753,0.18801682304121492,0.66368,0.50752,True,,closed,2025-03-14,2025-03-14T15:00:00+08:00,-9.591443298969084,closed,2025-03-13,2025-03-14,True
2025-03-14,000925,15.1829,10.057803480456506,11.868390141362518,2.308733898727337,-8.664627931958634,0.10185185324704527,0.11111111111111147,1.5624999995021316,0.7469512196050764,3.0811055750372685,0.16488525379372287,0.57504,0.32096,True,,closed,2025-03-19,2025-03-19T15:00:00+08:00,-3.506703296703274,closed,2025-03-14,2025-03-19,True
2025-03-14,002238,13.2542,10.049751246899397,19.05274488394557,3.4210595813337403,-9.454545458179753,0.009523809550761533,-0.8965517287308933,2.5100401688793905,0.7790973870996344,3.6127460986916216,0.16488525379372287,0.57504,0.32096,True,,closed,2025-03-19,2025-03-19T15:00:00+08:00,-6.209999999999995,closed,2025-03-14,2025-03-19,True
2025-03-14,002406,30.9484,10.056657192801444,7.024793377352889,2.116813115702464,-3.108808270804986,0.2448979616853566,0.567164180656624,0.0,0.6153846159662061,2.409638558576388,0.16488525379372287,0.57504,0.32096,True,,closed,2025-03-19,2025-03-19T15:00:00+08:00,19.977165775401048,closed,2025-03-14,2025-03-19,True
2025-03-14,002434,46.2413,9.949622171990736,12.355212363714973,2.14595119310215,-6.820809241197923,0.18181818209223738,-0.06349206255631112,-0.12406949354792918,0.7697160879347233,0.5681818262806004,0.16488525379372287,0.57504,0.32096,True,,closed,2025-03-19,2025-03-19T15:00:00+08:00,9.852111801242213,closed,2025-03-14,2025-03-19,True
2025-03-14,600449,0.1571,10.013812148379863,11.398601386935248,2.4308873720136517,-1.385390423067867,0.4000000005039302,0.7985074633685407,3.3844189033987337,0.9973821989637583,7.58904838331298,0.16488525379372287,0.57504,0.32096,True,,closed,2025-03-19,2025-03-19T15:00:00+08:00,-1.6923965410747375,closed,2025-03-14,2025-03-19,True
2025-03-14,603950,49.1953,10.000000022925292,7.550018889074583,2.8804029225756147,-8.739908744354786,0.12631579074077467,-0.25125628179020826,-1.846153851462995,0.7220567118973672,0.5610972559363159,0.16488525379372287,0.57504,0.32096,True,,closed,2025-03-19,2025-03-19T15:00:00+08:00,6.059592476489039,closed,2025-03-14,2025-03-19,True
2025-03-14,603988,39.7155,10.025316454746026,7.841191068320019,2.110021786492375,-0.3211009134274523,0.2758620684797124,1.0,0.5522319381800811,0.33807439832595665,6.533398341772556,0.16488525379372287,0.57504,0.32096,True,,closed,2025-03-19,2025-03-19T15:00:00+08:00,5.465057208237977,closed,2025-03-14,2025-03-19,True
2025-03-18,002923,15.7895,10.048780495499798,18.11518327149988,2.0522574057749505,-0.8718395798998801,0.4957264968726908,1.0833333331281356,-1.3192612112517987,0.736842105672417,5.3916964220845465,1.2512039576449974,0.803073967339097,0.5808517451168748,True,,closed,2025-03-21,2025-03-21T15:00:00+08:00,11.643832442067746,closed,2025-03-18,2025-03-21,True
2025-03-18,002946,12.996,9.992810921700679,1.190476247005745,5.344087189022653,-2.079619723738224,0.5783132519003682,2.063063052185603,-2.912621341740418,0.7833993218063848,9.021531758085732,1.2512039576449974,0.803073967339097,0.5808517451168748,True,,closed,2025-03-19,2025-03-19T15:00:00+08:00,-6.210000000000005,closed,2025-03-18,2025-03-19,True
2025-03-19,601798,35.2351,9.94152046910961,17.133956390629002,5.712453682530497,-9.878048780875426,0.07954545489403848,0.7499999999999988,-2.435723948592483,0.5944055944624945,2.182539685104823,2.426405962201339,0.8117195004803074,0.515529939161063,True,,closed,2025-03-24,2025-03-24T15:00:00+08:00,18.23660194174754,closed,2025-03-19,2025-03-24,True
2025-03-20,603090,6.9197,10.019455235205555,15.88114752709533,2.8506487975240637,-3.8292253857938663,0.107692306804004,0.6262135914149298,1.6933638811051477,0.8846715334146075,5.36798182045084,1.7767806383497176,0.7631410256410256,0.31346153846153846,True,,closed,2025-03-25,2025-03-25T15:00:00+08:00,5.640585058505864,closed,2025-03-20,2025-03-25,True
2025-03-20,603390,17.3719,9.972299186869794,11.830985937081806,3.087759520062628,-2.7118643830526423,0.15789473818793717,0.5612244949558772,0.1742159998571413,0.7104677068086418,3.398669327098003,1.7767806383497176,0.7631410256410256,0.31346153846153846,True,,closed,2025-03-24,2025-03-24T15:00:00+08:00,-6.209999999999995,closed,2025-03-20,2025-03-24,True
2025-03-20,605058,10.2543,9.99578235313956,17.68953067725425,4.6089476124246636,-5.602968427923527,0.037383178814666976,0.37254902709489035,1.4937106854536975,0.8290946084833746,5.456624737905313,1.7767806383497176,0.7631410256410256,0.31346153846153846,True,,closed,2025-03-24,2025-03-24T15:00:00+08:00,-6.210000000000005,closed,2025-03-20,2025-03-24,True
2025-03-21,002838,20.6876,10.03322258061825,19.999999988567808,2.6667193808716623,-6.166666664712883,0.2929936300932153,1.2156862750152644,-4.144464182691099,0.7531554970140256,2.559229693202103,1.1732557950121292,0.7326288824847903,0.409542106948447,True,,closed,2025-03-24,2025-03-24T15:00:00+08:00,-6.210000000000005,closed,2025-03-21,2025-03-24,True
2025-03-24,000595,29.8039,9.940652840770504,23.089701013058118,2.243796143333229,-2.2641509418308114,0.525000000484993,1.7999999982755797,-7.078507088757558,0.5032679736075906,5.217137853768716,-1.6023349832245959,0.5813581037796285,0.21012171684817424,True,,closed,2025-03-25,2025-03-25T15:00:00+08:00,-13.090886426592798,closed,2025-03-24,2025-03-25,True
2025-03-24,002442,7.4595,9.96732031134544,8.199356931009438,2.715080317577548,-0.9077155643372969,0.2903225857432474,0.7000000012562201,-0.15267175265070154,0.8756756761711901,3.284902102282894,-1.6023349832245959,0.5813581037796285,0.21012171684817424,True,,closed,2025-03-27,2025-03-27T15:00:00+08:00,1.4719571865443584,closed,2025-03-24,2025-03-27,True
2025-03-24,603355,14.1853,10.000000015986753,17.982456152571793,2.7058124671027897,-4.0000000035836925,0.03508771888461366,0.512345678848481,-0.06944444357600554,0.76357827487561,4.139528158507799,-1.6023349832245959,0.5813581037796285,0.21012171684817424,True,,closed,2025-03-27,2025-03-27T15:00:00+08:00,-2.8159763724808893,closed,2025-03-24,2025-03-27,True
2025-03-25,002115,8.3099,9.964830030883798,11.269276413268914,2.0205102326885336,-0.5235602094240899,0.22093023160481523,1.1379310329584278,0.8421052766522275,0.8615023476226988,5.716177456176075,-0.8783497664946904,0.43493589743589745,0.2814102564102564,True,,closed,2025-03-26,2025-03-26T15:00:00+08:00,-8.665114822546984,closed,2025-03-25,2025-03-26,True
2025-03-25,601798,45.5377,9.9601593683613,29.577464783397932,2.219420709364419,-4.04494381590016,0.3372093026024668,1.4642857142263503,-9.953161593526893,0.6055555555900313,1.3596716278749477,-0.8783497664946904,0.43493589743589745,0.2814102564102564,True,,closed,2025-03-26,2025-03-26T15:00:00+08:00,-6.841989596879073,closed,2025-03-25,2025-03-26,True
2025-03-26,003039,15.6923,10.015408343561404,12.175962319096566,2.8215347781060873,-2.413793064859926,0.1485148572001221,0.8645833379722433,0.07067138085796731,0.7384615402553366,4.609929101432431,0.16924581426112084,0.4414876563000962,0.4918243026611093,True,,closed,2025-03-31,2025-03-31T15:00:00+08:00,-3.1054802259887113,closed,2025-03-26,2025-03-31,True
2025-03-26,603280,61.1011,10.000000003467523,26.07449859398192,3.0300867787920254,-7.600000016440633,0.0,-152.99999854364967,-6.024531002381139,0.5213414636357371,0.5713844664906764,0.16924581426112084,0.4414876563000962,0.4918243026611093,True,,closed,2025-03-28,2025-03-28T15:00:00+08:00,-6.210000000000005,closed,2025-03-26,2025-03-28,True
2025-03-27,002255,10.774,10.055865924039242,22.360248452771202,3.4994903701699895,-3.373493966897767,0.17241379539091553,1.2089552253269513,-1.246882813131267,0.8204334360807437,5.403247262244526,-1.0248637542832006,0.5168323180506572,0.6530939403655017,True,,closed,2025-03-28,2025-03-28T15:00:00+08:00,-6.210000000000005,closed,2025-03-27,2025-03-28,True
2025-03-27,600105,10.3247,9.999999998709264,22.42833052913693,2.5945322101075208,-5.818673888134606,0.19672131076569188,0.545454544985184,-0.5747126336190123,0.8279220779948168,5.13521726688424,-1.0248637542832006,0.5168323180506572,0.6530939403655017,True,,closed,2025-03-28,2025-03-28T15:00:00+08:00,-11.481676300578037,closed,2025-03-27,2025-03-28,True
2025-03-27,603066,50.389,9.966777408122486,8.881578958062963,3.135656243022048,-2.719033227798262,0.4375000015199733,0.35714285753991243,-1.9409937946743616,0.7847025496849888,0.18966335049752647,-1.0248637542832006,0.5168323180506572,0.6530939403655017,True,,closed,2025-04-01,2025-04-01T15:00:00+08:00,-9.869540775930332,closed,2025-03-27,2025-04-01,True
2025-03-27,603585,12.0755,10.038022803315894,5.007256884232869,2.0656838890039344,-1.513157902113893,0.06930693207390559,1.467289718928988,-0.1336005418819175,0.7987421379995215,7.693415925259273,-1.0248637542832006,0.5168323180506572,0.6530939403655017,True,,closed,2025-04-01,2025-04-01T15:00:00+08:00,-1.1464548494983249,closed,2025-03-27,2025-04-01,True
2025-03-28,002248,56.1229,10.046189384593895,4.725274747180719,3.951053309132925,-10.400763358913267,0.03539823190292152,0.8541666668806193,-1.8104366390785387,0.6368876080323189,0.4247903222367677,-0.899772083275796,0.47835844822058354,0.3254248156460404,True,,closed,2025-03-31,2025-03-31T15:00:00+08:00,-6.210000000000005,closed,2025-03-28,2025-03-31,True
2025-03-28,002363,52.0375,9.948320412859646,8.269720082755661,2.9707287354093683,-4.81786133248786,0.06818182264595164,0.43835616483766393,-0.6172839361273885,0.7910958911448228,0.037253174372087194,-0.899772083275796,0.47835844822058354,0.3254248156460404,True,,closed,2025-03-31,2025-03-31T15:00:00+08:00,-6.210000000000005,closed,2025-03-28,2025-03-31,True
2025-03-28,002708,57.5626,9.983361065906271,11.749788654766014,2.361750749464668,-4.360902252757137,0.025000002389641122,0.6183206120052406,0.5503144568229423,0.6602787458496133,0.21154900592168513,-0.899772083275796,0.47835844822058354,0.3254248156460404,True,,closed,2025-04-02,2025-04-02T15:00:00+08:00,0.7282329945269774,closed,2025-03-28,2025-04-02,True
2025-03-28,002801,10.7515,9.989112651177546,12.87709494333027,2.323298051479432,-2.747650050040973,0.06301369938424979,0.9840000008768002,-0.8921933161654017,0.8236117592554302,2.9873808839157245,-0.899772083275796,0.47835844822058354,0.3254248156460404,True,,closed,2025-03-31,2025-03-31T15:00:00+08:00,-6.209999999999995,closed,2025-03-28,2025-03-31,True
2025-03-28,603006,46.3619,10.01773048509138,1.5548281576500678,2.2643208475217556,-1.4622258228646823,0.44186046785981764,0.7586206914144682,-0.49464141648464244,0.8293413165467529,0.2908184284564186,-0.899772083275796,0.47835844822058354,0.3254248156460404,True,,closed,2025-04-02,2025-04-02T15:00:00+08:00,2.3583512841756518,closed,2025-03-28,2025-04-02,True
2025-03-28,603045,57.8422,10.030581009053119,13.860759475637119,2.052604503889239,-13.259109320822926,0.04029304040455771,0.6586345378509961,-0.2333722369091462,0.6818181815169172,0.09365486883230467,-0.899772083275796,0.47835844822058354,0.3254248156460404,True,,closed,2025-03-31,2025-03-31T15:00:00+08:00,-6.210000000000005,closed,2025-03-28,2025-03-31,True
2025-03-28,603285,39.3716,9.996227848314398,25.20395017677215,2.9388176308318066,-3.028240875107868,0.2494758908429258,-1.6399999801787966,-9.929824572513823,0.4715581201172753,2.4251178390675365,-0.899772083275796,0.47835844822058354,0.3254248156460404,True,,closed,2025-04-01,2025-04-01T15:00:00+08:00,-8.62449162446436,closed,2025-03-28,2025-04-01,True
2025-03-28,603353,65.9583,10.027472506686452,6.092715233424806,2.6806094553518514,-10.329171381300196,0.052083333255460454,0.8625000026912758,-2.911392404890789,0.3567793144353983,0.9476178044621753,-0.899772083275796,0.47835844822058354,0.3254248156460404,True,,closed,2025-04-08,2025-04-08T15:00:00+08:00,-9.79279009126467,closed,2025-03-28,2025-04-08,True
2025-03-28,603527,13.1689,10.010010009873671,7.4291299963402,2.4824977925421887,-3.397612483473289,0.0999999990928987,0.5052631578444811,0.5703421974546208,0.7919999993904276,2.948331219775069,-0.899772083275796,0.47835844822058354,0.3254248156460404,True,,closed,2025-03-31,2025-03-31T15:00:00+08:00,-6.210000000000005,closed,2025-03-28,2025-03-31,True
2025-03-28,603657,58.7452,10.01283696051496,3.5649546700477375,3.777655122840346,-5.519480517034259,0.32450331395074156,1.2051282084570432,-3.0355097368936046,0.6836419758015089,0.017723180335749156,-0.899772083275796,0.47835844822058354,0.3254248156460404,True,,closed,2025-04-02,2025-04-02T15:00:00+08:00,6.346408741878328,closed,2025-03-28,2025-04-02,True
2025-03-31,002054,48.3379,10.0151744723048,16.185897433262085,2.010194809664762,-3.9436619924129723,0.3333333333333333,0.3064516111235923,-2.346041026670742,0.7020202031835033,0.7155634845969927,0.6456731007758565,0.34124438742783836,0.1802437459910199,True,,closed,2025-04-02,2025-04-02T15:00:00+08:00,-6.210000000000005,closed,2025-03-31,2025-04-02,True
2025-03-31,600746,27.6506,10.05089058298758,16.73414305504879,5.379173049795993,-3.8888888900745933,0.14705882401405598,1.0,-4.393063583622503,0.5928338762253196,2.7584493074334304,0.6456731007758565,0.34124438742783836,0.1802437459910199,True,,closed,2025-04-03,2025-04-03T15:00:00+08:00,2.450217654171726,closed,2025-03-31,2025-04-03,True
2025-03-31,603078,10.3605,9.982688942977425,7.562076710782861,2.4219011298612663,-1.7019082004004815,0.1666666637913508,1.0,-0.05246582608183781,0.8273244789599336,6.267258014085075,0.6456731007758565,0.34124438742783836,0.1802437459910199,True,,closed,2025-04-03,2025-04-03T15:00:00+08:00,0.9973490813648391,closed,2025-03-31,2025-04-03,True
2025-04-01,001269,33.6207,10.008340266807036,6.97485807224778,2.7814240254574383,-1.2251148560428526,0.1020408185125352,0.7593361003512159,0.0,0.4396551727190544,3.1669865670054254,-0.03003749028539504,0.21808851828094933,0.20750481077613855,True,,closed,2025-04-09,2025-04-09T15:00:00+08:00,-24.70612403100775,closed,2025-04-01,2025-04-09,True
2025-04-03,001258,23.0769,10.05509641508211,22.358346085921333,3.190164560157111,-9.60187353277301,0.12765957442364317,-0.4210526291314287,-1.6839378267168637,0.6153846153234674,4.603087098481029,-0.46597486631249074,0.31514762516046213,0.47913992297817715,True,,closed,2025-04-09,2025-04-09T15:00:00+08:00,-3.108550724637672,closed,2025-04-03,2025-04-09,True
2025-04-03,600851,8.125,9.951845929071457,6.037151693370824,2.588874450063409,-1.7191976993652158,0.2777777800804354,1.0161290354928083,0.0,0.8645833344666728,4.445797829365894,-0.46597486631249074,0.31514762516046213,0.47913992297817715,True,,closed,2025-04-08,2025-04-08T15:00:00+08:00,-11.142944606413998,closed,2025-04-03,2025-04-08,True
2025-04-03,603192,30.0443,9.975961555291434,4.571428597800575,2.6017645552529274,-5.846153821906663,0.30487804973714294,1.0361445787801244,-2.8867102617660456,0.718381112960433,2.013960395712955,-0.46597486631249074,0.31514762516046213,0.47913992297817715,True,,closed,2025-04-08,2025-04-08T15:00:00+08:00,-8.959298934380246,closed,2025-04-03,2025-04-08,True
2025-04-07,603985,36.9946,10.006455782111278,15.135135149239499,2.3053665401371695,-2.5821596289900883,0.44785276059815643,0.5769230769230779,-10.000000005198595,0.6671001299463469,1.7234574457796081,-2.39454815270167,0.31119666345845365,0.4536413217837664,True,,closed,2025-04-08,2025-04-08T15:00:00+08:00,-10.183226238286482,closed,2025-04-07,2025-04-08,True
2025-04-08,603313,38.8948,9.983896922338031,6.386292822236395,2.0709864622636838,-2.861230322411834,0.23404255281867828,0.9245283003231709,-2.6509572757233646,0.3750000009531718,2.8953922828387046,-8.990155714457416,0.06187880731003527,0.01923693491503687,True,,closed,2025-04-11,2025-04-11T15:00:00+08:00,15.221164901664139,closed,2025-04-08,2025-04-11,True
2025-04-10,601038,69.5941,9.9838969268077,-3.1892274777327034,2.8925623016973168,-2.4238227403799883,0.13432836268277037,3.529411789975411,-3.3356990469660674,0.33246073463580694,0.7843717907979109,-6.46016558516026,0.1326923076923077,0.7868589743589743,True,,closed,2025-04-15,2025-04-15T15:00:00+08:00,-1.3847430249632762,closed,2025-04-10,2025-04-15,True
2025-04-10,603029,67.4758,10.006455775910306,1.1876484331649007,2.8598191596241356,-4.685777278852898,0.16666666547211328,1.2659574496215762,-4.279930615039474,0.25054466213933746,1.3118664379716205,-6.46016558516026,0.1326923076923077,0.7868589743589743,True,,closed,2025-04-15,2025-04-15T15:00:00+08:00,6.919909365558906,closed,2025-04-10,2025-04-15,True
2025-04-11,000582,0.0,9.952606654894524,8.538011701636371,2.7351630744055657,-4.509018042150892,0.16049382607321402,1.2717391282737018,7.869884579739028,1.0,15.505617975126507,-4.891918786565197,0.1766025641025641,0.905448717948718,True,,closed,2025-04-16,2025-04-16T15:00:00+08:00,-9.062140077821015,closed,2025-04-11,2025-04-16,True
2025-04-11,000697,71.9154,10.014306173184417,-6.787878782323209,4.722658073119235,-6.501182036126451,0.0,1.6111111131514206,-2.0227560078884266,0.40517241405839227,0.2830674155552271,-4.891918786565197,0.1766025641025641,0.905448717948718,True,,closed,2025-04-16,2025-04-16T15:00:00+08:00,1.9835483870967776,closed,2025-04-11,2025-04-16,True
2025-04-11,000920,14.2336,9.95475113737061,4.854368919457563,2.5186661053759534,-6.84802999894737,0.07317073308158228,1.2079207928340825,1.1077542688703312,0.7627737228574911,8.811097864147488,-4.891918786565197,0.1766025641025641,0.905448717948718,True,,closed,2025-04-16,2025-04-16T15:00:00+08:00,-2.3016334661354563,closed,2025-04-11,2025-04-16,True
2025-04-11,600685,40.6306,9.999999986314045,-3.341584175135204,2.060941013209668,-6.031128407758746,0.018987340293033075,6.538461641956583,-0.8281573516458751,0.6575342462367066,1.493802303915004,-4.891918786565197,0.1766025641025641,0.905448717948718,True,,closed,2025-04-16,2025-04-16T15:00:00+08:00,-0.08473903966594956,closed,2025-04-11,2025-04-16,True
2025-04-14,001206,41.6258,9.979906220614776,-16.649746193258164,2.1309479655285264,-1.0928961779455681,0.44230769328927916,0.8395061763455419,1.4732964960697759,0.30623608043709777,3.3641820957261537,-4.117569912303964,0.1737179487179487,0.548397435897436,True,,closed,2025-04-17,2025-04-17T15:00:00+08:00,0.5159528130671323,closed,2025-04-14,2025-04-17,True
2025-04-14,001223,34.137,9.99317096739951,-8.398104266974793,3.3927775300936247,-1.5107615958978915,0.1206225668015601,0.8137755097445537,0.2941794470781911,0.43105065675772175,3.275921756071898,-4.117569912303964,0.1737179487179487,0.548397435897436,True,,closed,2025-04-17,2025-04-17T15:00:00+08:00,-2.4936790278650487,closed,2025-04-14,2025-04-17,True
2025-04-14,001317,19.534,10.011441641969675,17.256097561506834,3.057271615562299,-3.0547841537270304,0.20040899886160568,0.9828571442407134,-3.6458333361400252,0.6744328631792359,4.899070088025215,-4.117569912303964,0.1737179487179487,0.548397435897436,True,,closed,2025-04-17,2025-04-17T15:00:00+08:00,1.1683783783783754,closed,2025-04-14,2025-04-17,True
2025-04-14,600278,18.913,10.048622379805616,0.0,4.70611313992479,-2.945113834983515,0.26666665801823003,4.538461510315729,-4.965517192018432,0.6847826087722862,4.157218473670898,-4.117569912303964,0.1737179487179487,0.548397435897436,True,,closed,2025-04-17,2025-04-17T15:00:00+08:00,-5.289825834542806,closed,2025-04-14,2025-04-17,True
2025-04-14,600859,19.9628,9.979633395762445,14.97515968349532,2.526770663073163,-5.7894736847802,0.07058823607688766,0.7000000020565499,-1.3035381798247703,0.66728624547679,9.128345911160896,-4.117569912303964,0.1737179487179487,0.548397435897436,True,,closed,2025-04-16,2025-04-16T15:00:00+08:00,-6.209999999999995,closed,2025-04-14,2025-04-16,True
2025-04-14,603600,47.2811,10.01112348026616,-17.514595502082596,2.1284224770424394,-3.033367029887213,0.3275862070766157,-29.00000090859947,0.5213764166606127,0.21198156679669314,3.0134644073943617,-4.117569912303964,0.1737179487179487,0.548397435897436,True,,closed,2025-04-17,2025-04-17T15:00:00+08:00,0.3086721991701227,closed,2025-04-14,2025-04-17,True
2025-04-14,605016,37.1108,10.018552875828313,-15.687203793623429,2.3805382114145504,-1.558152466270435,0.3295454530532989,0.7727272707377305,0.33917467739468243,0.3814866759948582,4.068949345460715,-4.117569912303964,0.1737179487179487,0.548397435897436,True,,closed,2025-04-17,2025-04-17T15:00:00+08:00,-2.0691549295774556,closed,2025-04-14,2025-04-17,True
2025-04-15,000710,41.1691,10.008271294231097,-4.454022981628459,3.548784958412422,-2.481751810434807,0.1304347844106033,1.0857142854808473,2.544910164516634,0.5120934111190898,2.1078956881894872,-6.1752522178019635,0.23902595322012177,0.8542133931432233,True,,closed,2025-04-16,2025-04-16T15:00:00+08:00,-6.210000000000005,closed,2025-04-15,2025-04-16,True
2025-04-15,000948,49.8288,10.011848328337859,4.443194609566681,2.341221168881939,-4.210526317512631,0.10377358410981445,0.8384279475760118,-0.49450550112537517,0.48721227621101915,1.5703869790432146,-6.1752522178019635,0.23902595322012177,0.8542133931432233,True,,closed,2025-04-16,2025-04-16T15:00:00+08:00,-6.210000000000016,closed,2025-04-15,2025-04-16,True
2025-04-15,001269,47.3521,9.986000959805708,-1.7097581355742575,2.0160890144285823,-5.760000007492261,0.2500000000000006,0.9912280668040653,0.0,0.6092206367677697,1.2070965177080062,-6.1752522178019635,0.23902595322012177,0.8542133931432233,True,,closed,2025-04-17,2025-04-17T15:00:00+08:00,-6.210000000000005,closed,2025-04-15,2025-04-17,True
2025-04-15,001296,37.772,9.999999989982511,-4.585635362700524,4.902755780804561,-4.486486490239338,0.023529407773885617,1.254777069659593,-0.056593071027444264,0.7296786396064482,1.3835467169504678,-6.1752522178019635,0.23902595322012177,0.8542133931432233,True,,closed,2025-04-18,2025-04-18T15:00:00+08:00,-5.2496375990940045,closed,2025-04-15,2025-04-18,True
2025-04-15,002077,24.9773,9.984756071592615,0.6978367081986958,2.5440568641752836,-2.509907536490119,0.34328358208955,1.2357142868598106,-1.0840108431064865,0.6845794382495157,2.5460930493397482,-6.1752522178019635,0.23902595322012177,0.8542133931432233,True,,closed,2025-04-18,2025-04-18T15:00:00+08:00,-3.360684931506831,closed,2025-04-15,2025-04-18,True
2025-04-15,002730,45.2065,10.007147974401365,-7.34497290501388,2.7319524688784322,-1.7208413059151773,0.2253521111785786,1.0275229340855085,0.5188067412071007,0.24655819768707596,4.3068640569492445,-6.1752522178019635,0.23902595322012177,0.8542133931432233,True,,closed,2025-04-16,2025-04-16T15:00:00+08:00,-6.210000000000005,closed,2025-04-15,2025-04-16,True
2025-04-15,002802,9.5765,9.992652475940877,3.886190149049318,6.097035824695399,-5.950212519427877,0.32413792954327336,1.3909774428570778,0.0,0.8403908792016124,9.138307611026786,-6.1752522178019635,0.23902595322012177,0.8542133931432233,True,,closed,2025-04-18,2025-04-18T15:00:00+08:00,-4.664486765655252,closed,2025-04-15,2025-04-18,True
2025-04-15,600192,67.9086,9.931506862841143,-0.31055898857701436,2.695163999646362,-1.2269938814407189,0.19230770146207163,1.032258062467195,-0.6211180645109393,0.5175097266299009,0.07806404847418014,-6.1752522178019635,0.23902595322012177,0.8542133931432233,True,,closed,2025-04-18,2025-04-18T15:00:00+08:00,-0.5224999999999933,closed,2025-04-15,2025-04-18,True
2025-04-15,603101,37.1429,10.014104375194211,11.428571416922395,2.1230043778450547,-2.538071032896838,0.04761904977627762,0.666666675475352,0.0,0.38095238143775756,6.785317060402862,-6.1752522178019635,0.23902595322012177,0.8542133931432233,True,,closed,2025-04-18,2025-04-18T15:00:00+08:00,-1.381875000000011,closed,2025-04-15,2025-04-18,True
2025-04-15,603226,15.5921,9.999999975996921,-5.848787452757309,3.2974223007806747,-0.14749263330562368,0.1249999983926522,1.2833333331999843,0.1477104954049624,0.7401315784175222,3.772862928639742,-6.1752522178019635,0.23902595322012177,0.8542133931432233,True,,closed,2025-04-16,2025-04-16T15:00:00+08:00,-6.210000000000005,closed,2025-04-15,2025-04-16,True
2025-04-15,603375,34.1176,10.012515646181996,-6.039551034681745,3.078457962030221,-6.5149948334931596,0.05970148939847359,1.3460207583333264,-1.5763274200466415,0.4313725492154466,3.184124263602106,-6.1752522178019635,0.23902595322012177,0.8542133931432233,True,,closed,2025-04-18,2025-04-18T15:00:00+08:00,-6.210000000000005,closed,2025-04-15,2025-04-18,True
2025-04-15,603688,10.6077,9.989621159252238,24.092505867452928,2.208742685909368,-2.7855153765449114,0.15999999644190616,-0.21428574628714672,1.862464235520922,0.8232044195467969,12.44069585626455,-6.1752522178019635,0.23902595322012177,0.8542133931432233,True,,closed,2025-04-16,2025-04-16T15:00:00+08:00,-6.210000000000005,closed,2025-04-15,2025-04-16,True
2025-04-15,603933,53.529,9.992706037026577,-6.683168329561129,2.1838551033141265,-2.770618563145444,0.15053763462949352,1.006666666242116,-0.5301524164082805,0.47441860444795675,1.350438892916661,-6.1752522178019635,0.23902595322012177,0.8542133931432233,True,,closed,2025-04-18,2025-04-18T15:00:00+08:00,2.721379080612917,closed,2025-04-15,2025-04-18,True
2025-04-16,001300,45.0445,9.963099597793423,0.3367003045429806,2.5970523842580233,-3.814262070708452,0.35211267408195324,0.6097560990411759,-0.5172413300489676,0.48908297025411246,1.9207886863748747,-5.893557526693938,0.25608974358974357,0.45032051282051283,True,,closed,2025-04-21,2025-04-21T15:00:00+08:00,7.328994800693266,closed,2025-04-16,2025-04-21,True
2025-04-16,002058,68.0287,9.989484754514422,7.3921971020958654,2.3176579068695253,-6.066176458048567,0.06818182175552749,0.6923076956158988,0.4892367559609312,0.3717472114236373,0.7249879345545218,-5.893557526693938,0.25608974358974357,0.45032051282051283,True,,closed,2025-04-18,2025-04-18T15:00:00+08:00,-6.210000000000005,closed,2025-04-16,2025-04-18,True
2025-04-16,002095,48.5041,10.012437810234399,0.7403189025641854,3.4134495903624607,-2.7133973966524283,0.3217391311127464,0.6417910450757203,2.208018597836703,0.44388270943755437,1.8647208773310497,-5.893557526693938,0.25608974358974357,0.45032051282051283,True,,closed,2025-04-17,2025-04-17T15:00:00+08:00,-6.6909550881182565,closed,2025-04-16,2025-04-17,True
2025-04-16,002103,58.6613,9.963985595755886,-3.6803365233640695,4.9553375824458294,-0.7368421036756945,0.04411764532737713,1.397058826536661,-3.287380679991825,0.4253308133317754,1.1864131158079494,-5.893557526693938,0.25608974358974357,0.45032051282051283,True,,closed,2025-04-21,2025-04-21T15:00:00+08:00,-2.1836842105263163,closed,2025-04-16,2025-04-21,True
2025-04-16,002137,54.3534,10.01451378146523,-4.534005062086132,5.173963224300291,-4.336399481329711,0.11111111410166125,-1.3076923345674252,0.13736261616648093,0.3319919515116756,1.9295301874016735,-5.893557526693938,0.25608974358974357,0.45032051282051283,True,,closed,2025-04-21,2025-04-21T15:00:00+08:00,-0.21,closed,2025-04-16,2025-04-21,True
2025-04-16,002861,67.4187,9.991742379319923,-12.88423806209119,2.697738047503361,-3.1842304501393803,0.4473684242954649,-0.44736841057579046,-0.939702451420199,0.32124352325804123,0.9980039829922571,-5.893557526693938,0.25608974358974357,0.45032051282051283,True,,closed,2025-04-21,2025-04-21T15:00:00+08:00,0.5805138339920681,closed,2025-04-16,2025-04-21,True
2025-04-16,002987,49.3389,9.988317747563968,0.8029978603875554,3.535514800456921,-2.4141630951864723,0.22857142763586355,0.5223880588221057,-0.5497526078380832,0.4533443434831947,1.7595307954392347,-5.893557526693938,0.25608974358974357,0.45032051282051283,True,,closed,2025-04-21,2025-04-21T15:00:00+08:00,8.966340519624104,closed,2025-04-16,2025-04-21,True
2025-04-16,603011,38.8199,10.029791433474667,-17.127898307871845,4.31410910922369,-4.7069271935025085,0.2771084342189791,0.3636363620616012,0.46598324235389565,0.5347137637854887,2.1822966177703185,-5.893557526693938,0.25608974358974357,0.45032051282051283,True,,closed,2025-04-17,2025-04-17T15:00:00+08:00,-9.764730983302417,closed,2025-04-16,2025-04-17,True
2025-04-16,603215,77.567,9.97171145073561,-11.446469239621882,2.388425673394114,-1.818181787281603,0.5882352997777863,0.4941176499050664,-0.19841272588865255,0.3474065138299712,0.11914218048292291,-5.893557526693938,0.25608974358974357,0.45032051282051283,True,,closed,2025-04-21,2025-04-21T15:00:00+08:00,-1.6679191517561263,closed,2025-04-16,2025-04-21,True
2025-04-16,603617,57.4863,10.078740190131331,-8.627450957089822,2.242221756205437,-2.861230358537048,0.1999999999999981,0.629629626396391,0.0,0.4703947364231014,1.0717475341307292,-5.893557526693938,0.25608974358974357,0.45032051282051283,True,,closed,2025-04-21,2025-04-21T15:00:00+08:00,0.6736524300441573,closed,2025-04-16,2025-04-21,True
2025-04-16,603798,58.8377,10.02444990511291,0.7838746063505653,3.6193952860884058,-3.579175704074422,0.1698113203772329,0.8571428558313507,0.0,0.6274509804465132,0.2636450334048468,-5.893557526693938,0.25608974358974357,0.45032051282051283,True,,closed,2025-04-21,2025-04-21T15:00:00+08:00,-1.4473453318335392,closed,2025-04-16,2025-04-21,True
2025-04-16,603917,64.427,9.982486887740837,-1.4901960558165728,4.198597793090156,-5.633802829372536,0.2549019577227415,1.1976744146568128,-0.9426551283320372,0.500866550871386,0.4140786718028533,-5.893557526693938,0.25608974358974357,0.45032051282051283,True,,closed,2025-04-21,2025-04-21T15:00:00+08:00,-2.5890642347343293,closed,2025-04-16,2025-04-21,True
2025-04-16,605299,71.8141,10.062111806956707,3.023255820515147,2.857225120840386,-2.2573363462984886,0.129032257970299,0.444444443326654,-1.039260969385325,0.4451038572207669,0.11097482629054412,-5.893557526693938,0.25608974358974357,0.45032051282051283,True,,closed,2025-04-21,2025-04-21T15:00:00+08:00,-2.076977829638272,closed,2025-04-16,2025-04-21,True
2025-04-17,000600,11.8943,10.067114093805518,14.685314701553786,2.350018667791292,-3.338171265007228,0.153846153846154,1.3030303024015748,-0.1501501600911559,0.8017621146543741,8.553705507096199,-5.861258375391709,0.24430907342096825,0.221224751522924,True,,closed,2025-04-18,2025-04-18T15:00:00+08:00,-6.210000000000005,closed,2025-04-17,2025-04-18,True
2025-04-17,002279,34.6341,10.04942339243675,1.9847328178068668,3.432072445963199,-3.537414967856245,0.25714285624477395,1.6721311479441607,-5.923836388186388,0.42276422764007293,3.483050188066583,-5.861258375391709,0.24430907342096825,0.221224751522924,True,,closed,2025-04-18,2025-04-18T15:00:00+08:00,-6.210000000000005,closed,2025-04-17,2025-04-18,True
2025-04-17,600128,41.9384,10.021551736281896,-7.266121698077077,2.0841526886805646,-3.7857802290560683,0.012195123031978053,1.22580645117453,-2.1113243831254125,0.34621099543910494,2.7966742158348934,-5.861258375391709,0.24430907342096825,0.221224751522924,True,,closed,2025-04-22,2025-04-22T15:00:00+08:00,1.2605882352941125,closed,2025-04-17,2025-04-22,True
2025-04-17,601083,58.8308,10.028653312509794,21.39093782095982,2.3812253225236923,-4.0000000000000036,0.30337078639536863,-0.5000000000000027,-0.7246376849491032,0.673981189821156,0.054774492106224315,-5.861258375391709,0.24430907342096825,0.221224751522924,True,,closed,2025-04-22,2025-04-22T15:00:00+08:00,-1.1224087591240948,closed,2025-04-17,2025-04-22,True
2025-04-17,603687,56.5016,10.030864202095602,2.737752171900998,2.967383119994524,-4.634831459535993,0.13157894642028348,-0.30769230769230715,-0.5891016207506428,0.3636363637333494,1.6260162592049543,-5.861258375391709,0.24430907342096825,0.221224751522924,True,,closed,2025-04-22,2025-04-22T15:00:00+08:00,4.38259259259257,closed,2025-04-17,2025-04-22,True
2025-04-17,603955,16.5707,10.027700838366282,3.653444675154671,2.126050537875392,-1.8749999754481772,0.27272727461615864,1.3055555578481612,-0.538951513302588,0.7238219896395107,6.338397066720591,-5.861258375391709,0.24430907342096825,0.221224751522924,True,,closed,2025-04-22,2025-04-22T15:00:00+08:00,10.08556650246306,closed,2025-04-17,2025-04-22,True
2025-04-18,600629,22.6974,10.066225172070853,5.456852786704003,2.1353572213380567,-2.38379022385643,0.05714285534028454,0.8399999995289281,-0.9768009703157166,0.6217105265188848,4.936274831372756,-5.933566873008811,0.28191148171905067,0.5856318152661962,True,,closed,2025-04-23,2025-04-23T15:00:00+08:00,3.1192231812577234,closed,2025-04-18,2025-04-23,True
2025-04-21,001300,65.4908,9.982332122001104,4.0100250966245365,2.4198085745178077,-2.936507932307608,0.35365854472646874,0.7943925248423341,-2.6982829376912876,0.567685589379205,0.03360216405110528,-5.093569999637737,0.27471116816431324,0.4441591784338896,True,,closed,2025-04-24,2025-04-24T15:00:00+08:00,3.4034453781512477,closed,2025-04-21,2025-04-24,True
2025-04-21,001368,17.5839,9.985243507357232,-0.6222222179795067,2.9353162621073685,-1.1274934590515096,0.10000000000000066,1.2095238108254016,-0.5263157973811161,0.7069351233228304,3.4105416897020735,-5.093569999637737,0.27471116816431324,0.4441591784338896,True,,closed,2025-04-22,2025-04-22T15:00:00+08:00,-6.210000000000005,closed,2025-04-21,2025-04-22,True
2025-04-21,002584,16.0669,9.97566910436063,8.263473041250746,3.1150496414962383,-2.8938906830265676,0.03030303013299585,1.0222222221307813,0.0,0.7322175727095744,3.8276415368443617,-5.093569999637737,0.27471116816431324,0.4441591784338896,True,,closed,2025-04-24,2025-04-24T15:00:00+08:00,18.774547461368638,closed,2025-04-21,2025-04-24,True
2025-04-21,600250,52.2046,10.055248631519408,8.971553613062099,2.7873873414278063,-4.41035475110877,0.07476635565524753,1.0105263158711495,-4.814443337516794,0.6171874995725951,0.8073082560862588,-5.093569999637737,0.27471116816431324,0.4441591784338896,True,,closed,2025-04-24,2025-04-24T15:00:00+08:00,-6.210000000000005,closed,2025-04-21,2025-04-24,True
2025-04-21,600857,38.8496,9.999999994500985,13.163716819103065,2.0507537081423366,-3.2258064494627425,0.1249999996670516,0.6413043482288978,-1.212121208155581,0.7384615386632779,1.263201495692412,-5.093569999637737,0.27471116816431324,0.4441591784338896,True,,closed,2025-04-24,2025-04-24T15:00:00+08:00,0.30124744376278567,closed,2025-04-21,2025-04-24,True
2025-04-21,603536,46.7279,9.999999974044682,16.24026693821399,2.283586679345795,-6.67284521643019,0.08035714541253271,0.5957446839765119,-1.688182754120271,0.5552407931219814,1.4968217993573063,-5.093569999637737,0.27471116816431324,0.4441591784338896,True,,closed,2025-04-24,2025-04-24T15:00:00+08:00,-6.210000000000005,closed,2025-04-21,2025-04-24,True
2025-04-21,603928,82.3387,9.978768581600384,-8.722466963887577,3.9730773986152323,-0.8587786153511301,0.016949154785112327,1.0303030277142466,0.0,0.2900763359789572,0.019252977360717516,-5.093569999637737,0.27471116816431324,0.4441591784338896,True,,closed,2025-04-24,2025-04-24T15:00:00+08:00,-0.21,closed,2025-04-21,2025-04-24,True
2025-04-22,002446,24.2487,10.088495578998602,-0.3205128341388419,2.741811493385526,-2.8963414642085517,0.14705882370326237,1.2542372883087947,-0.313971755915865,0.5958549216863042,4.86334736358256,-3.3160940210938517,0.3720706260032103,0.7756019261637239,True,,closed,2025-04-25,2025-04-25T15:00:00+08:00,2.939606299212593,closed,2025-04-22,2025-04-25,True
2025-04-23,000862,12.2727,10.071942446507132,21.91235055207812,2.816387389359514,-2.073365258896054,0.14634146000175155,1.0357142827414823,-0.16286640680642783,0.7954545462416862,4.786324805016617,-3.8348866754480238,0.43969121904149244,0.5226761016403988,True,,closed,2025-04-28,2025-04-28T15:00:00+08:00,0.2793964110930016,closed,2025-04-23,2025-04-28,True
2025-04-23,002279,70.2401,10.016155099737656,17.413793109602516,2.642489156076402,-2.4425287428996856,0.11764705865049378,0.96666666588878,-1.0309278373293096,0.4363143630562226,0.26857654021363864,-3.8348866754480238,0.43969121904149244,0.5226761016403988,True,,closed,2025-04-28,2025-04-28T15:00:00+08:00,-5.12071428571429,closed,2025-04-23,2025-04-28,True
2025-04-23,002651,24.8713,9.983896970921657,14.023372292624092,2.2306072097082104,-1.1713030839143324,0.06451612969213007,0.8644067789323364,-0.5925925973246926,0.6605504586622224,2.6621787046040346,-3.8348866754480238,0.43969121904149244,0.5226761016403988,True,,closed,2025-04-28,2025-04-28T15:00:00+08:00,-4.8299701937406745,closed,2025-04-23,2025-04-28,True
2025-04-23,603256,23.1161,10.000000000000009,13.110539842262092,2.957871071795122,-4.2222222197758725,0.17857142900085676,0.7721518983950916,2.088167056212331,0.6147308776975514,6.744298884659639,-3.8348866754480238,0.43969121904149244,0.5226761016403988,True,,closed,2025-04-28,2025-04-28T15:00:00+08:00,4.335454545454519,closed,2025-04-23,2025-04-28,True
2025-04-24,600571,14.9593,10.031152681541823,23.410202661637534,2.3068718695728343,-3.7837837842845667,0.11413043285887145,1.777777740748026,-1.1797752618033175,0.7506775067498924,8.607063479166266,-3.697916865341999,0.49131274131274133,0.5215572715572716,True,,closed,2025-04-25,2025-04-25T15:00:00+08:00,-8.964974417282548,closed,2025-04-24,2025-04-25,True
2025-04-24,603676,7.9042,10.030395126548619,23.690204996366205,2.2295318881558277,-0.0904159098246482,0.753246750218349,1.1743119290991004,-2.2624434356053547,0.868263472670821,6.824925827881323,-3.697916865341999,0.49131274131274133,0.5215572715572716,True,,closed,2025-04-29,2025-04-29T15:00:00+08:00,-4.006296296296309,closed,2025-04-24,2025-04-29,True
2025-04-25,000678,31.5246,10.037174707222253,3.2258064440330303,4.682743511634817,-2.8974158117407667,0.1267605644941392,1.6292134845638049,-1.7741935520680818,0.47458952308521446,5.582524269718148,-3.4444425450399163,0.47795300933376245,0.3331187640811072,True,,closed,2025-04-28,2025-04-28T15:00:00+08:00,-6.210000000000005,closed,2025-04-25,2025-04-28,True
2025-04-25,002164,45.9758,10.02785518111724,17.73472429935248,3.283126271897992,-8.373205715231657,0.07894736853080565,0.6521739138423857,0.0,0.3076923079447843,2.66720280507724,-3.4444425450399163,0.47795300933376245,0.3331187640811072,True,,closed,2025-04-30,2025-04-30T15:00:00+08:00,17.152924281984337,closed,2025-04-25,2025-04-30,True
2025-04-25,002369,69.9754,10.012360947682764,11.809045243691152,2.132666388583073,-5.2808988965052155,0.04081632517332842,0.33802816776732625,1.3048635976748324,0.253086419837348,1.1129528786679055,-3.4444425450399163,0.47795300933376245,0.3331187640811072,True,,closed,2025-04-30,2025-04-30T15:00:00+08:00,4.005456674473095,closed,2025-04-25,2025-04-30,True
2025-04-25,002553,32.4147,9.983982964316906,24.021673751042204,2.132975007569566,-1.803512139879626,0.23529411704043476,1.0514285639151042,0.33832774590154546,0.45975443439543917,4.763827242504215,-3.4444425450399163,0.47795300933376245,0.3331187640811072,True,,closed,2025-04-28,2025-04-28T15:00:00+08:00,-6.210000000000005,closed,2025-04-25,2025-04-28,True
2025-04-25,002981,54.2533,10.023310013087317,29.527991212018236,2.2550877667975273,-5.008488968313262,0.3099415204201776,-0.6266666680293198,0.0,0.6787234039556485,0.37674919374002247,-3.4444425450399163,0.47795300933376245,0.3331187640811072,True,,closed,2025-04-30,2025-04-30T15:00:00+08:00,1.756041108132255,closed,2025-04-25,2025-04-30,True
2025-04-25,003018,27.605,9.99999999108152,25.714285675262815,3.16910675789671,-8.354218861891137,0.17647058859189635,0.5052631581002821,-0.5469462359156685,0.6597938142678712,2.4605559715783265,-3.4444425450399163,0.47795300933376245,0.3331187640811072,True,,closed,2025-04-30,2025-04-30T15:00:00+08:00,2.448111824014653,closed,2025-04-25,2025-04-30,True
2025-04-25,601177,24.3564,9.993979533253118,18.482490294027485,2.152742990491822,-1.0672358656773184,0.17948717612515144,1.1730769210675864,0.0,0.5940594058090057,6.392746448606523,-3.4444425450399163,0.47795300933376245,0.3331187640811072,True,,closed,2025-04-30,2025-04-30T15:00:00+08:00,8.150302049622436,closed,2025-04-25,2025-04-30,True
2025-04-25,603178,28.0,9.977703482642264,22.091584171704916,2.698697202038528,-11.981566819674061,0.057971013698292155,0.4568965503889308,0.05235600780066907,0.5333333335625714,7.130844256707314,-3.4444425450399163,0.47795300933376245,0.3331187640811072,True,,closed,2025-04-28,2025-04-28T15:00:00+08:00,-6.210000000000005,closed,2025-04-25,2025-04-28,True
2025-04-25,603890,54.4005,9.980620154340203,19.473684198723042,2.5110273138080474,-3.3480176226679204,0.24000000135269245,-0.5200000075750734,-0.09115770611375362,0.4119658117009849,1.566119903734231,-3.4444425450399163,0.47795300933376245,0.3331187640811072,True,,closed,2025-04-30,2025-04-30T15:00:00+08:00,3.2571532846715314,closed,2025-04-25,2025-04-30,True
2025-04-25,605018,35.9276,10.000000018386235,17.81548250557472,2.8728107867832273,-6.244725714724863,0.1395348842230971,1.0,-0.990099023967872,0.4012066363148712,4.513064110678977,-3.4444425450399163,0.47795300933376245,0.3331187640811072,True,,closed,2025-04-28,2025-04-28T15:00:00+08:00,-6.210000000000005,closed,2025-04-25,2025-04-28,True
2025-04-25,605080,44.0568,10.022471893249163,15.580736535752804,2.762909336239556,-4.003267982628788,0.17518248115428448,0.2949640266002201,2.2127659618892404,0.2657200809801669,4.194681813323942,-3.4444425450399163,0.47795300933376245,0.3331187640811072,True,,closed,2025-04-30,2025-04-30T15:00:00+08:00,7.616810990840949,closed,2025-04-25,2025-04-30,True
2025-04-28,000881,0.0,10.07518796483784,12.442396313502545,2.51141501340897,-1.7333333462005385,0.09259259346468149,1.0819672140084589,9.497964716011055,1.0,16.88876012873246,-3.6979339906398345,0.5531914893617021,0.564474532559639,True,,closed,2025-04-29,2025-04-29T15:00:00+08:00,-10.247174721189591,closed,2025-04-28,2025-04-29,True
2025-04-28,000953,18.75,10.017574642211358,26.209677364474814,3.288588713085688,-1.42405062935832,0.22033898338140892,0.9454545476100985,-0.9630818800429153,0.687499999906357,5.110732516557026,-3.6979339906398345,0.5531914893617021,0.564474532559639,True,,closed,2025-04-30,2025-04-30T15:00:00+08:00,-6.210000000000005,closed,2025-04-28,2025-04-30,True
2025-04-28,002365,17.482,10.044444459739466,18.582375479033875,2.000049778089278,-12.867647062437882,0.0,0.20895522329785815,1.2658228034389873,0.7086330936586916,7.855473678343516,-3.6979339906398345,0.5531914893617021,0.564474532559639,True,,closed,2025-05-07,2025-05-07T15:00:00+08:00,0.2066666666666874,closed,2025-04-28,2025-05-07,True
2025-04-29,002095,62.9545,10.027700829442532,23.507462681261714,2.037793851717902,-0.04980079396641468,0.24827586178111288,1.1186440686337196,-10.014947680020658,0.4914054596527516,0.5670869284840285,-3.411017566049568,0.4298642533936652,0.22268907563025211,True,,closed,2025-05-07,2025-05-07T15:00:00+08:00,7.7080509413067535,closed,2025-04-29,2025-05-07,True
2025-04-29,601566,16.641,10.035842327978184,15.558343837050813,2.2210446454625035,-4.086021507931703,0.23999999690582396,0.34090908691351296,-0.7847533246185256,0.7963800918892182,2.668213471651204,-3.411017566049568,0.4298642533936652,0.22268907563025211,True,,closed,2025-05-07,2025-05-07T15:00:00+08:00,-0.21,closed,2025-04-29,2025-05-07,True
2025-04-29,603280,77.7624,9.999999978519835,12.948659685686192,2.289191412738082,-6.435100547122152,0.45679012293885635,1.330316743512724,-10.003907770826325,0.31768158481532466,0.23824993791804472,-3.411017566049568,0.4298642533936652,0.22268907563025211,True,,closed,2025-05-07,2025-05-07T15:00:00+08:00,10.124346504559266,closed,2025-04-29,2025-05-07,True
2025-04-30,002769,40.2063,10.05917159814478,10.549777130161075,2.400399183429337,-8.95522388602249,0.08860759390647358,0.2941176450362667,-1.7759562664807826,0.5230769233628414,2.130681827011438,-2.8870636888374546,0.5322265625,0.6194661458333334,True,,closed,2025-05-08,2025-05-08T15:00:00+08:00,5.909610570236422,closed,2025-04-30,2025-05-08,True
2025-04-30,603985,5.2645,10.02604167092791,2.610807533628212,2.325887366490452,-1.9943019979793863,0.3983050836456715,1.2290076323180519,0.1744186049793317,0.9122580643695771,4.570006669887117,-2.8870636888374546,0.5322265625,0.6194661458333334,True,,closed,2025-05-08,2025-05-08T15:00:00+08:00,4.37502611723739,closed,2025-04-30,2025-05-08,True
2025-05-06,002633,34.9474,10.04484306570468,10.540540542619503,2.799672718427279,-1.5573770792754682,0.16949152089539052,0.037037026225551266,0.3330557991387373,0.4175438594577505,3.861403201025171,-3.012410473690774,0.5975130890052356,0.550392670157068,True,,closed,2025-05-09,2025-05-09T15:00:00+08:00,6.84394190871369,closed,2025-05-06,2025-05-09,True
2025-05-07,002006,13.8122,9.974424519697166,4.750304491850854,3.182607538634074,-2.8541226578756684,0.05263157894736709,1.756410260574886,0.10881392960784275,0.7697974208417051,11.137956019872997,-1.95253509821115,0.7723550605961349,0.9099246642646577,True,,closed,2025-05-12,2025-05-12T15:00:00+08:00,2.616086956521756,closed,2025-05-07,2025-05-12,True
2025-05-08,002272,20.5854,10.030706239225529,14.605543690537882,2.050880800612449,-7.264957264434613,0.15000000128782393,1.1538461552008679,-0.0921658942660164,0.6569105694091071,10.006088908077547,-0.7736883798873162,0.8322961021945627,0.6564035375040943,True,,closed,2025-05-13,2025-05-13T15:00:00+08:00,-1.5937638376383854,closed,2025-05-08,2025-05-13,True
2025-05-08,002355,17.9605,10.063897811275346,21.73144878414186,3.113426251043052,-4.010695145300247,0.40298507792809585,29.99999569764753,-4.456824508454749,0.7006578956213723,8.509965225883565,-0.7736883798873162,0.8322961021945627,0.6564035375040943,True,,closed,2025-05-13,2025-05-13T15:00:00+08:00,-0.501545189504383,closed,2025-05-08,2025-05-13,True
2025-05-08,002639,23.301,9.999999999999986,6.496815275640788,2.3356788665217874,-0.11904759013332544,0.1891891953395494,1.0461538500629233,0.0,0.6116504855386432,6.095093593804579,-0.7736883798873162,0.8322961021945627,0.6564035375040943,True,,closed,2025-05-13,2025-05-13T15:00:00+08:00,2.6505482717520836,closed,2025-05-08,2025-05-13,True
2025-05-08,002664,24.1121,9.982588509634294,26.502002670086778,3.0301360956232073,-0.5102040833524946,0.32163742710501403,1.578947369641172,-2.5641025566560116,0.5981308412918703,9.763142697650483,-0.7736883798873162,0.8322961021945627,0.6564035375040943,True,,closed,2025-05-13,2025-05-13T15:00:00+08:00,0.8952631578947425,closed,2025-05-08,2025-05-13,True
2025-05-08,002790,33.9013,9.99999995709322,4.243281456562231,3.0629510120269874,-1.3568520842439646,0.5,0.80769230958235,-0.6877579214842777,0.43497757817987137,3.1870801731672227,-0.7736883798873162,0.8322961021945627,0.6564035375040943,True,,closed,2025-05-13,2025-05-13T15:00:00+08:00,0.6210249307479145,closed,2025-05-08,2025-05-13,True
2025-05-08,600203,34.5763,9.965635745604384,16.082224948608072,2.1377551158418653,-1.6376662863276104,0.30555556654261684,1.0140845098669358,0.4162330495433908,0.42372881351283836,8.014327272194087,-0.7736883798873162,0.8322961021945627,0.6564035375040943,True,,closed,2025-05-13,2025-05-13T15:00:00+08:00,0.20450777202070022,closed,2025-05-08,2025-05-13,True
2025-05-08,600775,27.0866,9.989023067593973,13.348416324105216,2.309065934065934,-1.8719212039494004,0.08571428710420416,0.9240506314927446,0.0,0.5485564303148249,5.9799957514863555,-0.7736883798873162,0.8322961021945627,0.6564035375040943,True,,closed,2025-05-13,2025-05-13T15:00:00+08:00,2.199638554216853,closed,2025-05-08,2025-05-13,True
2025-05-08,603011,27.5676,10.000000000000009,5.2734374950027085,7.28408075670412,-3.0172413713449586,0.32222222145768636,3.349999955936225,-0.44444441903831455,0.5405405404709472,9.954839992773978,-0.7736883798873162,0.8322961021945627,0.6564035375040943,True,,closed,2025-05-13,2025-05-13T15:00:00+08:00,6.040000000000022,closed,2025-05-08,2025-05-13,True
2025-05-08,603169,34.7495,9.954751164748043,-17.159090912341924,2.5772903764079196,-1.0666666677583092,0.29166666346850406,1.224137926471112,0.13477089997175895,0.4208416836416972,3.6985345475937237,-0.7736883798873162,0.8322961021945627,0.6564035375040943,True,,closed,2025-05-13,2025-05-13T15:00:00+08:00,-0.47917900403767844,closed,2025-05-08,2025-05-13,True
2025-05-09,002290,14.6903,10.007047219574083,28.003280047264624,7.003420354600028,-12.634730538584748,0.023148148281260807,-0.6721311459225152,0.2398903359614124,0.7551622418905257,4.778621582626852,7.339722257588299,0.8317512274959084,0.6690671031096563,True,,closed,2025-05-14,2025-05-14T15:00:00+08:00,11.106239316239328,closed,2025-05-09,2025-05-14,True
2025-05-09,002826,7.663,10.018552834324069,15.933528786513662,2.0489445235494976,-3.4745762349384646,0.3593750067807088,0.5392156882076181,0.0,0.8722826097437206,3.1702898646903677,7.339722257588299,0.8317512274959084,0.6690671031096563,True,,closed,2025-05-14,2025-05-14T15:00:00+08:00,1.633722563652328,closed,2025-05-09,2025-05-14,True
2025-05-09,002975,37.7295,9.989943006379765,16.26506024033827,2.6221439126975103,-0.12383901837023092,0.5178571420005298,0.7868217048320038,-0.43397396314862613,0.3711747284898537,5.5745464057006755,7.339722257588299,0.8317512274959084,0.6690671031096563,True,,closed,2025-05-14,2025-05-14T15:00:00+08:00,-0.5835990037359804,closed,2025-05-09,2025-05-14,True
2025-05-12,002158,36.0805,9.999999998658948,9.179575441145783,2.7118486295744226,-1.2244897937442656,0.12799999994060846,1.2275862068413812,-2.3760330595720136,0.3986577180455654,5.8112193477002805,5.352256886855589,0.775343361674297,0.2563767168083715,True,,closed,2025-05-15,2025-05-15T15:00:00+08:00,-2.4322222222222143,closed,2025-05-12,2025-05-15,True
2025-05-12,002560,18.6275,9.985096878140354,20.195439735589993,3.0141829152507578,-4.627249356635065,0.01408450621205087,1.0588235294117643,-3.3692722288352295,0.6895424835881222,4.732690631726433,5.352256886855589,0.775343361674297,0.2563767168083715,True,,closed,2025-05-15,2025-05-15T15:00:00+08:00,14.992231520223152,closed,2025-05-12,2025-05-15,True
2025-05-12,002583,23.4168,10.00855431220462,-0.6182380245798202,2.156492641845505,-3.030303031116488,0.29365079432037067,0.9504132240117645,1.0937499947662133,0.6097201767692985,7.5465425514242845,5.352256886855589,0.775343361674297,0.2563767168083715,True,,closed,2025-05-15,2025-05-15T15:00:00+08:00,-5.77414219474497,closed,2025-05-12,2025-05-15,True
2025-05-12,002599,40.9339,9.977064226430077,12.426729171467276,2.5851087510139403,-3.578947381342068,0.18867924244793277,0.5168539319738489,1.9650655259795258,0.31776913093506703,3.800844649466173,5.352256886855589,0.775343361674297,0.2563767168083715,True,,closed,2025-05-15,2025-05-15T15:00:00+08:00,0.004132762312635457,closed,2025-05-12,2025-05-15,True
2025-05-12,603579,19.5739,9.99572833124538,10.08978196935788,2.989169891339507,-5.999235766254585,0.24561403489421332,0.39153439142879054,1.6260162557991897,0.6737683088740624,4.244850300772307,5.352256886855589,0.775343361674297,0.2563767168083715,True,,closed,2025-05-15,2025-05-15T15:00:00+08:00,3.7900000000000036,closed,2025-05-12,2025-05-15,True
2025-05-12,605060,32.2034,10.028169019751187,11.028993710091338,5.926766857678308,-5.446927374963306,0.15217391508361633,1.440677967784744,-3.988183179034799,0.46327683595572006,5.200690541865494,5.352256886855589,0.775343361674297,0.2563767168083715,True,,closed,2025-05-15,2025-05-15T15:00:00+08:00,-3.8510256410256525,closed,2025-05-12,2025-05-15,True
2025-05-13,000953,14.5313,10.016977886679278,15.714285662426652,2.530408476412796,-3.0769230760152366,0.024999995684933274,0.6949152537965393,0.7936507781885149,0.757812499777598,4.1325024238036745,5.52827198915915,0.7972531066056245,0.7030739045127534,True,,closed,2025-05-16,2025-05-16T15:00:00+08:00,1.8372440944881987,closed,2025-05-13,2025-05-16,True
2025-05-13,002144,18.2449,9.991158289228718,19.961427159501977,3.394871008803791,-7.748538009150763,0.05357142341827261,1.1592920338662023,-3.4072900165421194,0.6959183673575661,3.8153636439394845,5.52827198915915,0.7972531066056245,0.7030739045127534,True,,closed,2025-05-16,2025-05-16T15:00:00+08:00,-2.753068088597189,closed,2025-05-13,2025-05-16,True
2025-05-13,600156,19.076,9.965635772111558,20.75471706551908,4.302069112421452,-9.090909043293694,0.28888889083986063,1.0,-2.34374999292678,0.7348993299949886,2.762249286940688,5.52827198915915,0.7972531066056245,0.7030739045127534,True,,closed,2025-05-14,2025-05-14T15:00:00+08:00,-7.0899999999999865,closed,2025-05-13,2025-05-14,True
2025-05-14,001356,53.9697,9.97248968363138,5.6142668428005305,2.929436088971888,-7.151162790697663,0.07913669064748285,0.9787234042553196,-0.8766437069505306,0.35684062059238353,1.8464903815222256,4.314271448134788,0.8001308472358521,0.4095518482172064,True,,closed,2025-05-19,2025-05-19T15:00:00+08:00,-2.1683070120025247,closed,2025-05-14,2025-05-19,True
2025-05-14,002735,13.8462,9.989909209442338,20.176405731740154,2.1143745541858805,-2.5830258493221403,0.3636363600392215,0.6222222199295261,0.47348485501612636,0.7692307692861554,3.109815358029233,4.314271448134788,0.8001308472358521,0.4095518482172064,True,,closed,2025-05-19,2025-05-19T15:00:00+08:00,30.515730442978327,closed,2025-05-14,2025-05-19,True
2025-05-14,002892,21.2833,9.975520141796345,14.458598647125864,4.406299194143773,-5.8702368853517655,0.13872832658544554,1.3924050778118513,-4.157549272103667,0.6452784495241116,3.3018867686659403,4.314271448134788,0.8001308472358521,0.4095518482172064,True,,closed,2025-05-19,2025-05-19T15:00:00+08:00,0.30369863013697174,closed,2025-05-14,2025-05-19,True
2025-05-14,600523,7.6263,9.970887894447555,25.811823481084375,3.7517876265155965,-1.9814241556674994,0.19387755121607292,1.637168146228662,-0.25268477666087197,0.8728943342172882,10.050181208797415,4.314271448134788,0.8001308472358521,0.4095518482172064,True,,closed,2025-05-16,2025-05-16T15:00:00+08:00,-6.210000000000005,closed,2025-05-14,2025-05-16,True
2025-05-14,603600,23.2215,9.9901088064839,11.0889110896365,6.067159718365601,-7.686017984948446,0.14545454615539805,1.22972973039343,-2.5686448148354635,0.6129753914746288,4.324734448135525,4.314271448134788,0.8001308472358521,0.4095518482172064,True,,closed,2025-05-19,2025-05-19T15:00:00+08:00,-3.4827272727272605,closed,2025-05-14,2025-05-19,True
2025-05-14,603712,18.3333,10.005002473425728,13.996889545548408,2.3938348974949326,-6.085814380562238,0.06349206316267855,0.7286432165260703,-0.46620047866704484,0.6944444442664314,3.3397870178053957,4.314271448134788,0.8001308472358521,0.4095518482172064,True,,closed,2025-05-19,2025-05-19T15:00:00+08:00,-4.050749414519918,closed,2025-05-14,2025-05-19,True
2025-05-15,001238,13.4658,9.990917366524354,23.613473986667778,2.501902346227013,-5.953635421675941,0.19596541662337646,0.7773851576109206,-0.7282913023758275,0.7755702724137092,4.265960581811035,5.137798335536137,0.8102715080143932,0.4736669937847563,True,,closed,2025-05-20,2025-05-20T15:00:00+08:00,2.0755530474040764,closed,2025-05-15,2025-05-20,True
2025-05-16,002404,20.4532,9.951060362446151,15.702256164526517,2.4835695534343314,-0.5988023764319506,0.16279070115344466,0.8437500009664545,-1.8072289331707792,0.7953504924209279,2.386934660350959,3.938584921772059,0.7319385420071919,0.2615233736515201,True,,closed,2025-05-21,2025-05-21T15:00:00+08:00,-2.9707361963190024,closed,2025-05-16,2025-05-21,True
2025-05-16,603803,50.2633,10.010537462190472,17.832957143588878,3.8795228418357923,-5.727699544472397,0.03157894290576441,0.6296296267387694,-0.5976095678856264,0.38840579663676955,1.9824238624246426,3.938584921772059,0.7319385420071919,0.2615233736515201,True,,closed,2025-05-21,2025-05-21T15:00:00+08:00,-1.6128056112224463,closed,2025-05-16,2025-05-21,True
2025-05-19,002626,9.749,9.994051199433173,19.059884114584502,2.505665900774402,-1.9928462082780318,0.26241134928916576,1.4131736497771328,-0.9906152464747797,0.8375165123800011,7.701905597516956,3.3991494814868073,0.7280444009141365,0.5324844923277832,True,,closed,2025-05-22,2025-05-22T15:00:00+08:00,-4.159447077409163,closed,2025-05-19,2025-05-22,True
2025-05-19,600223,36.4795,10.040705563564757,12.482662970856673,3.78221181811733,-5.605381193064973,0.01960783998879528,1.424657528868085,-6.175771964277155,0.5405405398551218,2.331606205250103,3.3991494814868073,0.7280444009141365,0.5324844923277832,True,,closed,2025-05-22,2025-05-22T15:00:00+08:00,1.9418987341772267,closed,2025-05-19,2025-05-22,True
2025-05-20,002284,3.3616,10.017421607082188,15.871559641304422,2.458128912481066,-4.463642906333954,0.10144927539385254,1.7272727268074362,2.1853805588765374,0.9439728353889595,11.641692744163091,2.7651730005672004,0.7792674950948332,0.684434270765206,True,,closed,2025-05-21,2025-05-21T15:00:00+08:00,-7.9533628318584135,closed,2025-05-20,2025-05-21,True
2025-05-21,002389,33.2796,9.989858046299682,20.366259713749013,2.722601675744425,-4.198645600510975,0.042424240072020745,0.6824324244655298,-0.32987745804594626,0.6672413796767999,2.001446814975938,3.3388543940414905,0.822875816993464,0.6709150326797385,True,,closed,2025-05-26,2025-05-26T15:00:00+08:00,0.02640661938535424,closed,2025-05-21,2025-05-26,True
2025-05-21,002990,34.4943,10.007727963855896,1.9660809081575303,3.055109947779664,-0.375298541383573,0.2584745764171237,1.285156249890565,-2.945205468685519,0.4946676489579755,2.686926120979427,3.3388543940414905,0.822875816993464,0.6709150326797385,True,,closed,2025-05-26,2025-05-26T15:00:00+08:00,2.89515172900494,closed,2025-05-21,2025-05-26,True
2025-05-22,002103,15.7047,10.032017087916433,4.883011198737552,3.0841188852032664,-2.3148147823009557,0.0,1.2474226830546706,-3.6018957547002683,0.7382550333482646,4.371921178990679,3.813310084524324,0.7876510944135904,0.33812479581836,True,,closed,2025-05-27,2025-05-27T15:00:00+08:00,12.966007866273353,closed,2025-05-22,2025-05-27,True
2025-05-22,002277,12.5106,10.052910047807417,11.428571423788792,3.8792025573805575,-7.396449699492392,0.03846153973266356,1.2000000093739693,0.15974440184920446,0.7914893616823245,7.399794442563068,3.813310084524324,0.7876510944135904,0.33812479581836,True,,closed,2025-05-23,2025-05-23T15:00:00+08:00,-6.210000000000005,closed,2025-05-22,2025-05-23,True
2025-05-22,002297,39.8302,10.012674302311297,25.433526031521293,2.2804472511567657,-10.999999981561714,0.0,-0.06349206098345253,-1.872659210170624,0.61394101878584,1.7500000183576003,3.813310084524324,0.7876510944135904,0.33812479581836,True,,closed,2025-05-23,2025-05-23T15:00:00+08:00,-6.210000000000005,closed,2025-05-22,2025-05-23,True
2025-05-22,600198,20.0,10.011918966714628,11.743341407832197,2.086317962417656,-4.3568464500156505,0.031746038134253855,0.9880952422354314,-1.0845987408867663,0.6666666661646701,5.800464022613294,3.813310084524324,0.7876510944135904,0.33812479581836,True,,closed,2025-05-23,2025-05-23T15:00:00+08:00,-6.210000000000005,closed,2025-05-22,2025-05-23,True
2025-05-22,600550,20.9845,10.058479531536735,19.720101787487266,2.1720136510822923,-6.189555135083225,0.2261904752810601,1.6041666655298978,-7.216494835896469,0.6502590674225535,4.578201260674342,3.813310084524324,0.7876510944135904,0.33812479581836,True,,closed,2025-05-27,2025-05-27T15:00:00+08:00,8.012222222222219,closed,2025-05-22,2025-05-27,True
2025-05-22,603725,11.1972,10.013908206307498,11.09550565504913,2.8044921262312568,-2.8985507060818705,0.4155844160720633,1.180555554904873,-0.995024909018527,0.8133802807640963,6.81696185999181,3.813310084524324,0.7876510944135904,0.33812479581836,True,,closed,2025-05-27,2025-05-27T15:00:00+08:00,4.689497487437188,closed,2025-05-22,2025-05-27,True
2025-05-23,000953,28.4131,9.984871421180696,23.011844302979668,2.58914710518468,-2.4523160701716007,0.0666666678031451,0.847222222444192,-2.7932960881883906,0.7103064066108344,2.172636530857086,3.4078746465212584,0.6210388761842535,0.1666122182293368,True,,closed,2025-05-28,2025-05-28T15:00:00+08:00,11.85896551724137,closed,2025-05-23,2025-05-28,True
2025-05-23,002580,33.7629,10.016155091886114,9.485530554869271,2.125362689746051,-2.7817403688233044,0.0322580629530427,1.0075757571946178,-0.22010270372282426,0.43728423498500524,5.557280356428085,3.4078746465212584,0.6210388761842535,0.1666122182293368,True,,closed,2025-05-28,2025-05-28T15:00:00+08:00,3.907647058823537,closed,2025-05-23,2025-05-28,True
2025-05-23,002882,14.11,9.989484760275769,24.597974947020052,2.835521027633021,-7.779226438612541,0.10499999868194299,1.1595744683834437,-1.837888756397088,0.7648327943158766,8.670701189129538,3.4078746465212584,0.6210388761842535,0.1666122182293368,True,,closed,2025-05-28,2025-05-28T15:00:00+08:00,22.11357177148345,closed,2025-05-23,2025-05-28,True
2025-05-23,603321,44.3874,9.987029836793893,12.765957445513298,3.55730624650084,-3.0474040639052014,0.05128205221506334,1.1466666664713498,-5.820721773246607,0.6149068323440542,1.4038606145037047,3.4078746465212584,0.6210388761842535,0.1666122182293368,True,,closed,2025-05-28,2025-05-28T15:00:00+08:00,-1.0752657601977753,closed,2025-05-23,2025-05-28,True
2025-05-23,603970,57.6704,10.000000009404042,16.30677588514875,2.1951525426661016,-7.379612252803813,0.040650409004928334,-0.7608695683728038,-1.8230925305130263,0.6081081071814435,0.43823611534341556,3.4078746465212584,0.6210388761842535,0.1666122182293368,True,,closed,2025-05-28,2025-05-28T15:00:00+08:00,-0.4163273727647807,closed,2025-05-23,2025-05-28,True
2025-05-26,002364,63.0055,9.993634546055663,9.575142660378777,2.205355673496256,-5.847953228659398,0.07407408023370302,-1.622222261397471,-0.5590062161461296,0.5157096426148022,0.45389539891175223,2.5983944828052774,0.46916802610114194,0.18760195758564438,True,,closed,2025-05-29,2025-05-29T15:00:00+08:00,1.9136727045596649,closed,2025-05-26,2025-05-29,True
2025-05-26,002952,47.2034,9.98980632016595,11.987545390614107,2.1084172003659654,-4.541241890674364,0.2814371254427058,0.30000000029007895,-1.6019417343088205,0.6942242357923731,0.8357377508186437,2.5983944828052774,0.46916802610114194,0.18760195758564438,True,,closed,2025-05-29,2025-05-29T15:00:00+08:00,-0.4073359644795058,closed,2025-05-26,2025-05-29,True
2025-05-26,603839,24.7124,10.014513777446687,26.12312815042481,3.4404263131631723,-4.313725491276166,0.30864197611148037,0.6176470613296573,-4.234972663439674,0.7528409094743688,2.25878413346704,2.5983944828052774,0.46916802610114194,0.18760195758564438,True,,closed,2025-05-29,2025-05-29T15:00:00+08:00,25.8955634807418,closed,2025-05-26,2025-05-29,True
2025-05-28,002835,18.9231,10.011709594946971,4.215196900441831,3.919182560727559,-3.4465534459380387,0.02189780771702936,1.3121387271667493,-1.396792534177882,0.6846153849521902,5.6892536444283826,1.4544082389690072,0.5441511893124796,0.5363310524600847,True,,closed,2025-05-30,2025-05-30T15:00:00+08:00,-6.210000000000016,closed,2025-05-28,2025-05-30,True
2025-05-28,603076,7.3718,9.98342998968722,12.262156450315654,3.022574170309879,-0.7922218188562979,0.6078431400164205,1.471698114692276,-1.9963702402847505,0.877136752305748,6.719367592082048,1.4544082389690072,0.5441511893124796,0.5363310524600847,True,,closed,2025-06-03,2025-06-03T15:00:00+08:00,23.64675545154273,closed,2025-05-28,2025-06-03,True
2025-05-29,002258,15.2782,9.98098859901846,13.585464988417684,2.3194238060080434,-5.02749410989275,0.14666666721439373,1.4952380941202883,-4.549214232969446,0.7453627483209211,4.9663452709933775,1.3003189336977972,0.4938151041666667,0.3515625,True,,closed,2025-06-04,2025-06-04T15:00:00+08:00,-2.029757365684571,closed,2025-05-29,2025-06-04,True
2025-05-29,002549,13.4928,10.038986352231039,15.204081633917532,2.0188677497161294,-3.1250000006643908,0.11494252883001105,0.16981132045802164,-0.2764977024971471,0.7751196174129508,5.6228035881534355,1.3003189336977972,0.4938151041666667,0.3515625,True,,closed,2025-05-30,2025-05-30T15:00:00+08:00,-6.209999999999995,closed,2025-05-29,2025-05-30,True
2025-05-29,002846,15.7426,10.034305310817793,22.306959036577645,3.211639058413252,-9.589041090663441,0.14193548387096794,0.7410714285714299,-2.073365230009905,0.7376237625399094,4.742408737916715,1.3003189336977972,0.4938151041666667,0.3515625,True,,closed,2025-06-03,2025-06-03T15:00:00+08:00,-11.28491856677525,closed,2025-05-29,2025-06-03,True
2025-05-29,600189,15.1965,9.986320138811644,17.20116619205607,2.007060370784832,-0.49504947862248905,0.4032258089147513,1.0,-2.6119403061128366,0.7467248907046973,4.01168969806327,1.3003189336977972,0.4938151041666667,0.3515625,True,,closed,2025-06-04,2025-06-04T15:00:00+08:00,4.5154150702426445,closed,2025-05-29,2025-06-04,True
2025-05-29,600616,26.0267,10.047846897086977,20.41884817560764,2.211815041161286,-5.915492960528579,0.11111110990873234,0.5111111127784115,-2.245508966495846,0.6961538468799693,2.4153074202903912,1.3003189336977972,0.4938151041666667,0.3515625,True,,closed,2025-05-30,2025-05-30T15:00:00+08:00,-6.210000000000016,closed,2025-05-29,2025-05-30,True
2025-05-29,603599,76.5053,10.018552881445753,9.713228491011726,2.653414846328936,-8.25396824647373,0.10344827637467016,0.7247706423288309,-3.0276816668676987,0.3120000000068974,0.35810205428414843,1.3003189336977972,0.4938151041666667,0.3515625,True,,closed,2025-06-04,2025-06-04T15:00:00+08:00,-1.012854594112401,closed,2025-05-29,2025-06-04,True
2025-05-30,002277,12.8724,10.016694490077803,23.177570086744105,4.0794702735713555,-8.74471086776374,0.06060606024739951,-11.000000468698483,0.6960556962202658,0.7854607474751487,6.663962077940311,2.0383068733259346,0.6219987021414666,0.7920181700194678,True,,closed,2025-06-05,2025-06-05T15:00:00+08:00,-6.210000000000005,closed,2025-05-30,2025-06-05,True
2025-05-30,002829,16.5169,10.010214504212867,12.952281076888351,4.1286091588701375,-4.019651643321653,0.19424460277286662,0.9468085083725869,-2.9781293650244067,0.7247191009275903,3.5973367692045732,2.0383068733259346,0.6219987021414666,0.7920181700194678,True,,closed,2025-06-05,2025-06-05T15:00:00+08:00,3.003429256594713,closed,2025-05-30,2025-06-05,True
2025-05-30,600192,15.7826,10.012361001321102,29.36046517689355,2.1550940154624416,-4.835164869268727,0.05405405104048584,0.7333333312497098,-1.847575018278913,0.7369565220544508,7.106854876191027,2.0383068733259346,0.6219987021414666,0.7920181700194678,True,,closed,2025-06-04,2025-06-04T15:00:00+08:00,-6.209999999999995,closed,2025-05-30,2025-06-04,True
2025-05-30,603680,10.0196,10.020242882051544,13.229166634451595,2.1570198261749796,-4.521739133387658,0.17204301098423788,1.1134020632923747,-0.7285974504072645,0.8330058939502086,6.362217017420813,2.0383068733259346,0.6219987021414666,0.7920181700194678,True,,closed,2025-06-05,2025-06-05T15:00:00+08:00,-6.210000000000005,closed,2025-05-30,2025-06-05,True
2025-06-03,000037,44.0387,10.000000007915277,13.157894731485209,3.121392306420762,-5.2040816239882215,0.16363636377700666,0.7875000003722646,-2.7987082857216516,0.6435045318571895,1.3013237682626855,1.7259250606014076,0.47312520115867396,0.2243321532024461,True,,closed,2025-06-06,2025-06-06T15:00:00+08:00,-0.874451827242507,closed,2025-06-03,2025-06-06,True
2025-06-03,002015,11.63,9.972677603276491,11.650485454859627,2.003941113085923,-7.710280375652689,0.01388888896242447,0.7945205468721757,3.4177215154751472,0.8061674005814383,8.21192052360189,1.7259250606014076,0.47312520115867396,0.2243321532024461,True,,closed,2025-06-06,2025-06-06T15:00:00+08:00,4.073965728274186,closed,2025-06-03,2025-06-06,True
2025-06-03,002355,10.6319,9.971098227062946,13.58208949878017,2.158403888341708,-3.4793814670351697,0.16666666168708955,0.8153846162897789,-1.4686247962140797,0.8386075952143712,2.9288703145903483,1.7259250606014076,0.47312520115867396,0.2243321532024461,True,,closed,2025-06-06,2025-06-06T15:00:00+08:00,4.397046070460696,closed,2025-06-03,2025-06-06,True
2025-06-03,002609,10.8417,10.020242911034805,10.24340769987977,2.2789673765468015,-4.601769915985388,0.04878048801369704,0.979875055352867,0.0,0.8193055834685551,5.0705345085039655,1.7259250606014076,0.47312520115867396,0.2243321532024461,True,,closed,2025-06-06,2025-06-06T15:00:00+08:00,-0.3955287569573205,closed,2025-06-03,2025-06-06,True
2025-06-03,002968,16.8852,9.999999994082053,10.90534979245852,2.5674484357998906,-1.552511425876102,0.26724137999994946,1.0,-1.6697588001891805,0.7185792352627518,4.53648915982694,1.7259250606014076,0.47312520115867396,0.2243321532024461,True,,closed,2025-06-06,2025-06-06T15:00:00+08:00,0.9327353108845129,closed,2025-06-03,2025-06-06,True
2025-06-05,000566,6.4286,9.967320268524515,18.694885370742774,4.410022503918403,-3.7837837754431947,0.6585365859021073,1.7959183668046297,-1.5449438297479023,0.8928571428374882,13.83566092076427,1.5806836316889727,0.6073147256977863,0.7561758100737889,True,,closed,2025-06-06,2025-06-06T15:00:00+08:00,-7.62797432239657,closed,2025-06-05,2025-06-06,True
2025-06-05,002644,16.6864,9.976247036637997,16.62468512674846,3.050037628296479,-2.596054002250714,0.3076923083376043,1.1333333339795857,-2.3454157859859714,0.7218934909745818,4.446978331082119,1.5806836316889727,0.6073147256977863,0.7561758100737889,True,,closed,2025-06-10,2025-06-10T15:00:00+08:00,-3.3759388646288255,closed,2025-06-05,2025-06-10,True
2025-06-05,002829,51.0622,10.019940190934706,14.589823472061948,2.191727227194118,-2.16411182322358,0.020270269486858422,0.6574074052356639,-1.3824884839479745,0.7865168537056311,0.13101253103433574,1.5806836316889727,0.6073147256977863,0.7561758100737889,True,,closed,2025-06-10,2025-06-10T15:00:00+08:00,-4.415607476635498,closed,2025-06-05,2025-06-10,True
2025-06-05,002940,13.628,10.026560412109209,20.8606856283019,2.518040903640959,-6.4444444533910294,0.10769230598743867,1.2045454549964343,-1.9596199373002388,0.772865853742735,5.8740541356314235,1.5806836316889727,0.6073147256977863,0.7561758100737889,True,,closed,2025-06-10,2025-06-10T15:00:00+08:00,43.58164142943668,closed,2025-06-05,2025-06-10,True
2025-06-05,002968,29.3257,10.018552881834264,19.195979895836214,2.3053924501752334,-7.704918038787511,0.13475177242245934,0.5238095224944274,-1.1545293030512438,0.7006651883688454,2.147577089814523,1.5806836316889727,0.6073147256977863,0.7561758100737889,True,,closed,2025-06-10,2025-06-10T15:00:00+08:00,-4.888889555206867,closed,2025-06-05,2025-06-10,True
2025-06-05,600561,32.7193,9.954058201344807,15.248796201866298,2.0850106415323806,-3.304597680693966,0.3225806464641346,-0.8749999795054028,0.0,0.8269230770289124,1.324902147348772,1.5806836316889727,0.6073147256977863,0.7561758100737889,True,,closed,2025-06-10,2025-06-10T15:00:00+08:00,2.613179791976216,closed,2025-06-05,2025-06-10,True
2025-06-05,603506,8.91,9.976247047231324,20.88772847306657,3.1159572627965457,-1.8584703609460074,0.14965986308945578,0.8241758207801063,2.2578295701270124,0.8515007894600306,7.635694563188156,1.5806836316889727,0.6073147256977863,0.7561758100737889,True,,closed,2025-06-10,2025-06-10T15:00:00+08:00,-6.210000000000005,closed,2025-06-05,2025-06-10,True
2025-06-06,001338,18.7113,10.008410431863645,12.467755824530036,2.006645610713403,-3.90455531840318,0.10569106128085247,1.1680000030947186,-0.8276899837036278,0.6881443305983065,7.363962245288458,1.1986813956577747,0.6077046548956662,0.42407704654895667,True,,closed,2025-06-11,2025-06-11T15:00:00+08:00,-4.307116843702575,closed,2025-06-06,2025-06-11,True
2025-06-06,603221,60.7423,10.008857465359021,12.296564227682683,2.1346866760501952,-3.137902583717489,0.325301203977772,0.3999999932787019,-1.108269351388247,0.4454545460534214,0.9397842163437531,1.1986813956577747,0.6077046548956662,0.42407704654895667,True,,closed,2025-06-11,2025-06-11T15:00:00+08:00,-2.7962068965517126,closed,2025-06-06,2025-06-11,True
2025-06-06,603238,10.8314,10.031152628357631,4.897305660380247,2.066519091479653,-1.8181818248380055,0.26712328749605374,1.4430379765283654,-1.1437908549350229,0.8194767952871395,7.005849931370656,1.1986813956577747,0.6077046548956662,0.42407704654895667,True,,closed,2025-06-09,2025-06-09T15:00:00+08:00,-6.380798898071606,closed,2025-06-06,2025-06-09,True
2025-06-06,603711,20.9827,10.036630056636486,10.685335315504485,2.195233921489741,-6.1392404777889436,0.07377049180327812,0.8633093534208715,-0.5394470640847526,0.650289019197016,4.225551177486575,1.1986813956577747,0.6077046548956662,0.42407704654895667,True,,closed,2025-06-11,2025-06-11T15:00:00+08:00,-3.4642372881355863,closed,2025-06-06,2025-06-11,True
2025-06-06,603863,17.338,9.999999947006488,1.8374557832345317,2.8713613695044744,-2.0547945200826923,0.19540230265032688,0.9140625047213965,0.06993004679651804,0.7110332747889208,4.589972219965066,1.1986813956577747,0.6077046548956662,0.42407704654895667,True,,closed,2025-06-11,2025-06-11T15:00:00+08:00,1.8864360587002018,closed,2025-06-06,2025-06-11,True
2025-06-06,605006,16.0645,9.985096866159783,16.403785482970925,2.052797802042475,-9.652509656548213,0.06796116510747302,-0.0909090902632447,1.8518518596855493,0.7322580645169422,6.939874367476095,1.1986813956577747,0.6077046548956662,0.42407704654895667,True,,closed,2025-06-11,2025-06-11T15:00:00+08:00,-5.105104895104907,closed,2025-06-06,2025-06-11,True
2025-06-09,001258,36.9783,10.029069765807442,6.733876747766754,3.9489229929583733,-6.025641031982964,0.02083333316331609,0.4893617011523525,0.0,0.38369511638227627,3.268526341044864,0.5473285549363327,0.6287732819524727,0.5118818240205524,True,,closed,2025-06-12,2025-06-12T15:00:00+08:00,-1.8471077762619368,closed,2025-06-09,2025-06-12,True
2025-06-09,002090,34.982,9.989594168639693,13.778256183605485,6.562475347002568,-10.407239814328417,0.00862069011115756,-0.8108108058309074,0.9090909054912277,0.7173333334290815,1.6483516488280836,0.5473285549363327,0.6287732819524727,0.5118818240205524,True,,closed,2025-06-12,2025-06-12T15:00:00+08:00,-4.013803803803818,closed,2025-06-09,2025-06-12,True
2025-06-09,002184,24.9845,10.033726805813359,7.230895632951584,2.3699083644197336,-6.361686926406662,0.021978020737453793,1.0458715598619124,0.22900764371172055,0.5835913314496346,6.695920693332602,0.5473285549363327,0.6287732819524727,0.5118818240205524,True,,closed,2025-06-12,2025-06-12T15:00:00+08:00,1.770198019801982,closed,2025-06-09,2025-06-12,True
2025-06-09,002339,14.629,9.943181812483992,8.100558663243284,2.8680072204514406,-2.4173027998905194,0.08108107942822082,0.8571428555595808,-0.1303780977721658,0.756183745162632,5.219780211500802,0.5473285549363327,0.6287732819524727,0.5118818240205524,True,,closed,2025-06-12,2025-06-12T15:00:00+08:00,5.413309416258304,closed,2025-06-09,2025-06-12,True
2025-06-09,601007,24.2633,9.960681583128416,14.617486387369883,2.0188794622898927,-3.61010832357217,0.279661015482223,0.48648648143292567,0.12484399241077249,0.5956112851764571,3.5105833970334066,0.5473285549363327,0.6287732819524727,0.5118818240205524,True,,closed,2025-06-12,2025-06-12T15:00:00+08:00,7.770049875311734,closed,2025-06-09,2025-06-12,True
2025-06-10,603045,20.2183,10.029673593602517,15.586034896512245,2.3572924950191965,-5.869910104349707,0.09090908968251354,0.5621301786545486,-0.5617977724828638,0.7208672083643425,2.7397260108757093,1.0163131666232061,0.7076774815290716,0.7298425955669772,True,,closed,2025-06-13,2025-06-13T15:00:00+08:00,-4.692997577539427,closed,2025-06-10,2025-06-13,True
2025-06-10,603937,62.9698,10.021097096935483,9.67402734849605,5.203801615362159,-9.764603292725848,0.01754386174955245,0.9130434778308579,-5.1207729437171,0.6171693741695139,1.8531687295819665e-08,1.0163131666232061,0.7076774815290716,0.7298425955669772,True,,closed,2025-06-13,2025-06-13T15:00:00+08:00,-4.181486761710808,closed,2025-06-10,2025-06-13,True
2025-06-10,605122,44.8244,9.974204662664278,13.587921892328447,2.1003568643915314,-3.0708661338812893,0.40000000430526866,0.5862068965517238,-1.5434605897800657,0.8312342571444564,0.3976143264432075,1.0163131666232061,0.7076774815290716,0.7298425955669772,True,,closed,2025-06-13,2025-06-13T15:00:00+08:00,-5.325511551155095,closed,2025-06-10,2025-06-13,True
2025-06-11,002017,13.3636,9.990834120269977,22.95081969791117,4.0189323726721655,-6.4800000362694625,0.08737864050961086,-0.23999999697754387,-0.3421727929514895,0.7772727272641897,3.962163126300222,-0.6462996805128185,0.5981999357119897,0.23657987785278045,True,,closed,2025-06-16,2025-06-16T15:00:00+08:00,15.280554371266962,closed,2025-06-11,2025-06-16,True
2025-06-11,002105,34.912,9.98824915245291,13.730255131008251,2.0025942886342643,-3.5416666896812887,0.0270270276619955,0.8947368395367731,0.6479481795560016,0.4181326112797408,3.7630817309177056,-0.6462996805128185,0.5981999357119897,0.23657987785278045,True,,closed,2025-06-13,2025-06-13T15:00:00+08:00,-6.210000000000005,closed,2025-06-11,2025-06-13,True
2025-06-11,600927,11.7992,10.029717659376015,21.493027047649548,3.891682084342635,-4.358502168699241,0.3106796086548568,1.641666662988355,-1.4762515621297045,0.8033472810091208,8.618737641272144,-0.6462996805128185,0.5981999357119897,0.23657987785278045,True,,closed,2025-06-13,2025-06-13T15:00:00+08:00,-6.210000000000005,closed,2025-06-11,2025-06-13,True
2025-06-11,601956,8.128,9.985096866345167,4.3015258701299075,3.0952547204653524,-1.0582010534931685,0.3787878786000642,1.1666666676766986,0.0,0.8645331161221135,5.065702814162787,-0.6462996805128185,0.5981999357119897,0.23657987785278045,True,,closed,2025-06-13,2025-06-13T15:00:00+08:00,-6.210000000000005,closed,2025-06-11,2025-06-13,True
2025-06-11,603538,7.9261,9.973753266779873,14.559125063468748,3.8031099611572716,-0.39682538130547673,0.07446808848979795,1.5547945223280504,-0.3414911974572554,0.8678977274432487,8.947237417028585,-0.6462996805128185,0.5981999357119897,0.23657987785278045,True,,closed,2025-06-16,2025-06-16T15:00:00+08:00,9.213186750428324,closed,2025-06-11,2025-06-16,True
2025-06-12,002300,29.7686,10.00000001440986,8.426073145343004,3.3063300395805544,-1.8413597602351395,0.1400000019910327,1.1864406782960861,-1.0101010268438015,0.5038560409134978,6.389578152450448,-0.04191200890700797,0.6766313082610094,0.6473802635808422,True,,closed,2025-06-17,2025-06-17T15:00:00+08:00,-1.2304081632653072,closed,2025-06-12,2025-06-17,True
2025-06-12,003027,15.4887,10.029154523134709,14.15607987476253,5.337239216947381,-4.0888440319515995,0.0416666648215847,1.0773809504605603,-3.578947365665519,0.7418546367757262,3.0255314317302995,-0.04191200890700797,0.6766313082610094,0.6473802635808422,True,,closed,2025-06-17,2025-06-17T15:00:00+08:00,-2.199281827278444,closed,2025-06-12,2025-06-17,True
2025-06-12,603716,29.7425,9.967320269123835,16.134598795883726,3.0190538949584727,-9.797297305713649,0.08176100617712216,-0.8333333806029621,-2.9962546779082166,0.7228017883623306,2.0167008072641712,-0.04191200890700797,0.6766313082610094,0.6473802635808422,True,,closed,2025-06-16,2025-06-16T15:00:00+08:00,-6.210000000000005,closed,2025-06-12,2025-06-16,True
2025-06-12,603823,13.9565,10.042918434796277,23.910075007743515,3.063526007925027,-2.450229728482489,0.08724832232290948,0.9379844964162999,0.0,0.7673910828173539,4.489863718621545,-0.04191200890700797,0.6766313082610094,0.6473802635808422,True,,closed,2025-06-13,2025-06-13T15:00:00+08:00,-6.209999999999995,closed,2025-06-12,2025-06-13,True
2025-06-13,002842,36.6203,10.011918936169328,20.182291670298703,2.3021111028371437,-4.53108534539134,0.29870130032723136,0.7462686600569826,-1.5452538934088933,0.8247422680886708,1.042138643849988,-1.2936665068138509,0.6323576712769379,0.38468961080733355,True,,closed,2025-06-18,2025-06-18T15:00:00+08:00,-6.210000000000005,closed,2025-06-13,2025-06-18,True
2025-06-13,002996,17.9912,10.014104349322794,15.891664781015447,4.062727985256424,-7.533414334391764,0.05479452082648967,0.7205882401414266,-0.2628120892279484,0.7715750979712297,2.678571456092782,-1.2936665068138509,0.6323576712769379,0.38468961080733355,True,,closed,2025-06-18,2025-06-18T15:00:00+08:00,-4.689578392621852,closed,2025-06-13,2025-06-18,True
2025-06-13,603586,9.5364,10.028818444525944,9.298334035904986,4.9983943168548075,-2.4269440362597816,0.4672131149433593,1.36309523877963,-1.5228426366905023,0.8410595445914171,5.941459165736429,-1.2936665068138509,0.6323576712769379,0.38468961080733355,True,,closed,2025-06-16,2025-06-16T15:00:00+08:00,-6.210000000000016,closed,2025-06-13,2025-06-16,True
2025-06-13,603917,9.1451,9.999999989983376,7.010823369647579,3.4838782854373536,-5.270180093188303,0.24761904970186946,0.5116279119444261,-0.21126760508065612,0.8475823618745502,3.885630504599158,-1.2936665068138509,0.6323576712769379,0.38468961080733355,True,,closed,2025-06-16,2025-06-16T15:00:00+08:00,-6.914304869442468,closed,2025-06-13,2025-06-16,True
2025-06-16,002237,13.5549,10.053749230443687,15.27051765469043,2.9498790841265756,-4.811250908364306,0.16981132388180942,1.3775510202618237,-1.2441679272654826,0.7740855131987363,7.032347169727315,-1.10096772649666,0.43160605085291276,0.15770840038622466,True,,closed,2025-06-18,2025-06-18T15:00:00+08:00,-6.210000000000005,closed,2025-06-16,2025-06-18,True
2025-06-16,002727,15.1193,9.975216855644709,4.870555149913747,2.958591218057189,-0.8498583680259575,0.25663716803889053,0.8387096768735042,0.0,0.7691545272828799,2.9048571037899373,-1.10096772649666,0.43160605085291276,0.15770840038622466,True,,closed,2025-06-19,2025-06-19T15:00:00+08:00,-6.210000000000005,closed,2025-06-16,2025-06-19,True
2025-06-16,002755,18.4001,10.000000012901623,20.443037997415516,2.5589566958548757,-6.156156147350145,0.07731958626486535,0.8381502880292109,0.32206118750508494,0.6933309346954406,5.747619030904971,-1.10096772649666,0.43160605085291276,0.15770840038622466,True,,closed,2025-06-17,2025-06-17T15:00:00+08:00,-6.210000000000005,closed,2025-06-16,2025-06-17,True
2025-06-16,603096,33.2129,10.000000003693078,16.47254433664549,3.714706431341643,-4.142857138056133,0.4235807871156529,1.0597826088346234,-4.619970198517798,0.6282268961094044,2.182011706527942,-1.10096772649666,0.43160605085291276,0.15770840038622466,True,,closed,2025-06-19,2025-06-19T15:00:00+08:00,-0.9391666666666585,closed,2025-06-16,2025-06-19,True
2025-06-16,603232,51.7734,9.999999984340601,10.229645089154559,3.928778613685588,-10.310486242918081,0.005649717775039561,0.5092592584134583,-1.8288700144121095,0.6639209224399638,0.6293519011100868,-1.10096772649666,0.43160605085291276,0.15770840038622466,True,,closed,2025-06-19,2025-06-19T15:00:00+08:00,-1.3410711909514381,closed,2025-06-16,2025-06-19,True
2025-06-16,603239,13.5428,10.000000005403752,16.666666669850706,2.811319537064923,-7.262905161635535,0.08860759544582837,0.5102040820737767,0.8414239507159138,0.7742871722136143,3.4803400681959973,-1.10096772649666,0.43160605085291276,0.15770840038622466,True,,closed,2025-06-19,2025-06-19T15:00:00+08:00,-5.280603337612334,closed,2025-06-16,2025-06-19,True
2025-06-16,605033,11.9158,10.01480016873253,-4.408282569950872,2.8046799691536535,-2.7923211016360305,0.032085561112605625,0.9900497529325302,-0.5834829525139362,0.8014029507053686,3.0748503111110326,-1.10096772649666,0.43160605085291276,0.15770840038622466,True,,closed,2025-06-19,2025-06-19T15:00:00+08:00,-6.210000000000005,closed,2025-06-16,2025-06-19,True
2025-06-16,605151,58.8876,9.989648028841724,12.732095447154745,2.725145724074104,-16.30434780487149,0.005305039511427375,-4.714285702833694,-3.8441558311832047,0.532291667371959,0.6881170829454053,-1.10096772649666,0.43160605085291276,0.15770840038622466,True,,closed,2025-06-18,2025-06-18T15:00:00+08:00,-6.210000000000005,closed,2025-06-16,2025-06-18,True
2025-06-17,002246,14.5787,10.007698217958483,20.387531568621277,2.0802928362281277,-5.717998722000084,0.09701492574529577,1.2894736854726523,-3.5837353426067198,0.7570224716992,4.045812891456579,-0.3931516024977544,0.4702476680604696,0.6079125120617562,True,,closed,2025-06-19,2025-06-19T15:00:00+08:00,-6.210000000000005,closed,2025-06-17,2025-06-19,True
2025-06-17,603880,16.1089,9.947643959003027,13.309352539831409,3.366567747852193,-3.610675010120745,0.1538461561771821,0.728813560777073,-0.4885993707469449,0.7315175093237505,3.07017542660466,-0.3931516024977544,0.4702476680604696,0.6079125120617562,True,,closed,2025-06-18,2025-06-18T15:00:00+08:00,-6.209999999999995,closed,2025-06-17,2025-06-18,True
2025-06-18,000788,46.1773,10.033444802423631,10.774410749901907,2.788945715056109,-7.350901502676566,0.05357143131638406,1.217659035708036,-5.089820383366172,0.6253852749210848,1.2224670629502166,-0.17450985196582058,0.46756583172768146,0.4409120102761721,True,,closed,2025-06-20,2025-06-20T15:00:00+08:00,-6.210000000000005,closed,2025-06-18,2025-06-20,True
2025-06-18,001236,9.2308,10.000000009972009,18.406889100826106,3.148178307122278,-3.0594406081296377,0.11392405239051537,1.090909092740497,0.18034267455049324,0.8461538464315216,4.026217249061981,-0.17450985196582058,0.46756583172768146,0.4409120102761721,True,,closed,2025-06-19,2025-06-19T15:00:00+08:00,-6.210000000000005,closed,2025-06-18,2025-06-19,True
2025-06-18,002887,10.9383,10.012210002278742,18.07182805356149,3.617998823040709,-4.867724865029821,0.14285714365449742,0.979797981003856,-0.77864294861415,0.8176941749261034,3.6968146850569594,-0.17450985196582058,0.46756583172768146,0.4409120102761721,True,,closed,2025-06-19,2025-06-19T15:00:00+08:00,-6.210000000000005,closed,2025-06-18,2025-06-19,True
2025-06-18,003017,12.4012,9.996324873549778,25.292316799614124,2.201140482380401,-6.225806457981575,0.3080684597627922,-1.606060621605603,-0.9975920180311015,0.7933133993898198,6.199261994960437,-0.17450985196582058,0.46756583172768146,0.4409120102761721,True,,closed,2025-06-19,2025-06-19T15:00:00+08:00,-6.210000000000005,closed,2025-06-18,2025-06-19,True
2025-06-18,003036,59.064,10.04016063472668,4.820198992460556,2.0134910059960025,-0.29069768568041887,0.09302325935451107,1.015151512145781,-0.5102040503327632,0.5471406493465232,0.6080707869695168,-0.17450985196582058,0.46756583172768146,0.4409120102761721,True,,closed,2025-06-23,2025-06-23T15:00:00+08:00,4.405384615384621,closed,2025-06-18,2025-06-23,True
2025-06-18,603086,6.2422,10.043668124140947,13.769751684702047,2.4555938400956334,-0.09523810742912975,0.25925925886930407,1.6119402990394114,-0.6673021805050583,0.8959627330903407,7.71139136560659,-0.17450985196582058,0.46756583172768146,0.4409120102761721,True,,closed,2025-06-19,2025-06-19T15:00:00+08:00,-6.210000000000005,closed,2025-06-18,2025-06-19,True
2025-06-18,603587,32.8836,9.977151565025654,16.26409020235995,2.133366790038266,-5.79710142755604,0.04697986747064802,0.8679245294740675,-0.4895105075444883,0.6952965233446339,1.9048983031670463,-0.17450985196582058,0.46756583172768146,0.4409120102761721,True,,closed,2025-06-20,2025-06-20T15:00:00+08:00,-6.210000000000016,closed,2025-06-18,2025-06-20,True
2025-06-19,002780,50.1276,9.968602856136188,7.85219400783117,2.1152956498734916,-4.39238654299916,0.4,0.22764227601733017,-1.378254227335407,0.7855787469452703,0.205322911936745,-0.5951509053861326,0.38664097623635196,0.27199743095696854,True,,closed,2025-06-20,2025-06-20T15:00:00+08:00,-6.210000000000005,closed,2025-06-19,2025-06-20,True
2025-06-19,600775,18.5484,10.020661183190782,5.970149293177918,4.1289536060838,-6.38864240780328,0.08771929583496685,-9.000001362121104,-1.042653993374143,0.6908602151915662,4.254044352229958,-0.5951509053861326,0.38664097623635196,0.27199743095696854,True,,closed,2025-06-23,2025-06-23T15:00:00+08:00,-7.2981226053639885,closed,2025-06-19,2025-06-23,True
2025-06-19,603222,30.925,10.080000029855851,9.904153355701828,4.202717376172843,-5.014326667416813,0.055555551603989436,0.5689655134008718,-0.4524886565645758,0.7187499999431678,1.94624654100517,-0.5951509053861326,0.38664097623635196,0.27199743095696854,True,,closed,2025-06-24,2025-06-24T15:00:00+08:00,7.517272727272738,closed,2025-06-19,2025-06-24,True
2025-06-20,601089,50.4817,10.029325503846964,14.914753811247984,2.007489932137731,-1.9088016827212173,0.4013605452799951,0.8522727264427257,-3.8918918628094046,0.7232879087777818,0.4590751106701818,-1.8713705331529273,0.2514450867052023,0.12202954399486192,True,,closed,2025-06-25,2025-06-25T15:00:00+08:00,-6.210000000000016,closed,2025-06-20,2025-06-25,True
2025-06-23,603685,67.2465,9.968847351238818,8.365310802988656,2.9086575523496374,-8.242112040359729,0.3402061857391893,1.104000000311046,-8.070175433543747,0.5269082804825944,0.08542549376919784,-1.7175094184393225,0.22093770070648683,0.306679511881824,True,,closed,2025-06-26,2025-06-26T15:00:00+08:00,6.507557251908413,closed,2025-06-23,2025-06-26,True
2025-06-23,605298,17.2648,10.031104200433138,2.3878436794412483,2.6217040964126506,-5.651894670031366,0.333333331941659,1.4251968507012174,-4.492852271754389,0.7122535496977748,3.1769377866791793,-1.7175094184393225,0.22093770070648683,0.306679511881824,True,,closed,2025-06-26,2025-06-26T15:00:00+08:00,2.569757662152549,closed,2025-06-23,2025-06-26,True
2025-06-23,605580,10.2675,10.026857696693202,10.224215272244885,2.766890801128627,-4.920634947111557,0.3260869549055049,0.7327586168079675,-0.41736223514046156,0.8288743027963048,3.0402487692408497,-1.7175094184393225,0.22093770070648683,0.306679511881824,True,,closed,2025-06-26,2025-06-26T15:00:00+08:00,12.195699916177702,closed,2025-06-23,2025-06-26,True
2025-06-24,002930,37.4409,9.972299159651786,15.072463747285902,2.4638036486343986,-3.200000012925186,0.09999999901484856,1.1637931031920303,-6.638655446209263,0.5741806723248656,2.108122266872181,-0.6277764011504594,0.2944765574823378,0.7896596017983302,True,,closed,2025-06-27,2025-06-27T15:00:00+08:00,-2.0101800180017846,closed,2025-06-24,2025-06-27,True
2025-06-24,603212,18.1308,10.041407859855479,10.384215987933597,4.157879432119986,-6.861063460371508,0.14893616999112438,2.6428571378611565,-1.5653774961946865,0.6978193158353427,6.177989693979735,-0.6277764011504594,0.2944765574823378,0.7896596017983302,True,,closed,2025-06-27,2025-06-27T15:00:00+08:00,5.963994387277815,closed,2025-06-24,2025-06-27,True
2025-06-25,002753,5.4499,9.937888191500544,4.593684903791795,2.5281292090883962,-1.2711864610207568,0.24137930818516046,0.8656716394790075,0.8583691249991032,0.9091683626912047,5.1610978635173055,1.1379736364820925,0.5101188564086091,0.8788949566334725,True,,closed,2025-06-30,2025-06-30T15:00:00+08:00,1.3502836879432758,closed,2025-06-25,2025-06-30,True
2025-06-25,600610,4.7862,10.019023462270148,13.176777560339215,2.3763444629860753,-4.055555555555557,0.13775510204081573,0.8545454545454509,4.169079328315006,0.9202302631578947,11.393188854489189,1.1379736364820925,0.5101188564086091,0.8788949566334725,True,,closed,2025-06-26,2025-06-26T15:00:00+08:00,-10.382317954419108,closed,2025-06-25,2025-06-26,True
2025-06-25,600698,25.2062,10.061919511972238,3.493449785967484,2.1110574117576646,-1.2345679054338365,0.09999999958672998,1.155172414333648,0.0,0.5798969072000238,4.287369645088401,1.1379736364820925,0.5101188564086091,0.8788949566334725,True,,closed,2025-06-30,2025-06-30T15:00:00+08:00,26.178888888888885,closed,2025-06-25,2025-06-30,True
2025-06-25,600955,23.6458,9.984276695679096,5.904617740124474,2.1683068017366134,-2.9960052896969014,0.3499999993903657,1.5858585888442465,-0.41180509606807414,0.6059041297876278,8.31591517802055,1.1379736364820925,0.5101188564086091,0.8788949566334725,True,,closed,2025-06-30,2025-06-30T15:00:00+08:00,-1.4505237767057153,closed,2025-06-25,2025-06-30,True
2025-06-25,603578,18.043,9.969088089970946,2.227011498486897,2.1542441499101277,-1.5089163065677202,0.540540538493317,1.1039999993151344,1.6016712939205702,0.6992840090356927,7.129745193075898,1.1379736364820925,0.5101188564086091,0.8788949566334725,True,,closed,2025-06-30,2025-06-30T15:00:00+08:00,-1.5122618231665506,closed,2025-06-25,2025-06-30,True
