signal_date,code,native_strength,baseline,low80,context70,trend80,context80,position120,repair,uptrend,comfort,context_valid
2026-01-05,000929,2.6106696935300544,71.4689,64.2272,74.1323,77.1751,75.7012,0.6473988439306361,1.0,1.0,0.7052023121387279,1.0
2026-01-05,300787,1.4468085106382977,25.1412,36.9115,17.5989,20.113,20.113,0.16007532956685516,0.0,0.0,0.8003766478342758,1.0
2026-01-05,301098,1.2820512820512775,18.3616,30.4682,12.8531,14.6893,14.6893,0.2110552763819095,0.0,0.0,1.0,1.0
2026-01-05,603065,1.3237063778579916,21.1864,33.1714,14.8305,16.9492,16.9492,0.18888888888888952,0.0,0.0,0.9444444444444475,1.0
2026-01-05,603291,1.7634854771784392,40.9605,51.3927,28.6723,32.7684,32.7684,0.06878306878306883,0.0,0.0,0.3439153439153442,1.0
2026-01-06,300243,1.2476007677543421,15.625,27.5554,10.9375,12.5,12.5,0.24723247232472312,0.0,0.0,1.0,1.0
2026-01-06,601083,2.327663384064449,62.2159,68.1209,56.8105,64.7727,61.8376,0.0825934419160304,1.0,0.0,0.41296720958015193,1.0
2026-01-06,603291,4.485219164118237,95.7386,94.3158,67.017,76.5909,76.5909,0.11375661375661406,0.0,0.0,0.5687830687830703,1.0
2026-01-08,002809,1.9886363636363535,48.895,56.677,34.2265,39.116,39.116,0.12195121951219541,0.0,0.0,0.609756097560977,1.0
2026-01-08,300243,1.6252390057361232,31.2155,39.7325,21.8508,24.9724,24.9724,0.2619926199261996,0.0,0.0,1.0,1.0
2026-01-08,300313,1.6766467065868262,33.4254,41.39,23.3978,26.7403,26.7403,0.26751592356687887,0.0,0.0,1.0,1.0
2026-01-08,300517,4.1889483065953526,93.0939,89.9175,65.1657,74.4751,74.4751,0.22788203753351255,0.0,0.0,1.0,1.0
2026-01-08,300845,2.785265049415986,72.0994,72.3014,50.4696,57.6796,57.6796,0.2689075630252103,0.0,0.0,1.0,1.0
2026-01-08,300929,2.8142589118199,74.3094,72.959,52.0166,59.4475,59.4475,0.3244274809160305,0.0,0.0,1.0,1.0
2026-01-08,300931,1.5510948905109512,29.0055,28.4157,20.3039,23.2044,23.2044,0.73943661971831,0.0,0.0,0.52112676056338,1.0
2026-01-08,301098,2.579132473622514,68.232,70.867,47.7624,54.5856,54.5856,0.18592964824120561,0.0,0.0,0.9296482412060281,1.0
2026-01-08,600847,4.363001745200701,94.7514,88.2149,66.326,75.8011,75.8011,0.3793103448275864,0.0,0.0,1.0,1.0
2026-01-08,603291,1.3346043851287126,19.6133,29.8176,13.7293,15.6906,15.6906,0.2936507936507935,0.0,0.0,1.0,1.0
2026-01-09,000668,4.25909494232477,94.3243,80.4802,66.027,75.4595,75.4595,0.7489626556016596,0.0,0.0,0.5020746887966807,1.0
2026-01-09,002910,1.6784452296819685,34.8649,41.178,24.4054,27.8919,27.8919,0.33569405099150146,0.0,0.0,1.0,1.0
2026-01-09,300599,2.4489795918367196,64.0541,52.5057,57.3628,71.2432,66.8745,0.9368770764119606,1.0,1.0,0.12624584717607878,1.0
2026-01-09,300845,2.2727272727272707,58.1081,59.3716,40.6757,46.4865,46.4865,0.3557422969187673,0.0,0.0,1.0,1.0
2026-01-09,300929,1.0036496350364965,0.2703,11.4376,0.1892,0.2162,0.2162,0.43893129770992395,0.0,0.0,1.0,1.0
2026-01-09,300931,1.0781671159029615,5.6757,8.9537,3.973,4.5405,4.5405,0.779342723004695,0.0,0.0,0.44131455399061004,1.0
2026-01-09,603291,1.0348071495766664,2.4324,15.3322,1.7027,1.9459,1.9459,0.33068783068783086,0.0,0.0,1.0,1.0
2026-01-12,002848,4.9659201557935795,98.1081,79.3306,80.364,98.4865,93.9086,0.9577922077922075,1.0,1.0,0.08441558441558494,1.0
2026-01-12,300599,2.589641434262968,68.9189,57.6494,63.2718,75.1351,71.3923,0.8742857142857141,1.0,1.0,0.2514285714285718,1.0
2026-01-12,300929,1.5356820234869062,30.0,34.3817,21.0,24.0,24.0,0.4809160305343512,0.0,0.0,1.0,1.0
2026-01-12,603291,1.1173184357541777,8.9189,19.9394,6.2432,7.1351,7.1351,0.3597883597883599,0.0,0.0,1.0,1.0
2026-01-14,300599,1.9000000000000128,45.4802,39.127,47.3219,56.3842,52.7556,0.8628571428571425,1.0,1.0,0.2742857142857149,1.0
2026-01-14,603291,3.9777983348751045,90.113,84.5243,88.0791,87.0904,87.0904,0.37830687830687854,1.0,0.0,1.0,1.0
2026-01-15,300243,1.8674136321195078,43.7143,47.8866,55.6,49.9714,49.9714,0.3542435424354247,1.0,0.0,1.0,1.0
2026-01-15,601083,1.1294526498696777,10.0,22.3364,32.0,23.0,23.0,0.2831775151406747,1.0,0.0,1.0,1.0
2026-01-16,300243,1.0082493125572745,0.8475,12.1171,25.5932,15.678,15.678,0.42804428044280446,1.0,0.0,1.0,1.0
2026-01-16,300313,2.69396551724137,72.0339,70.6504,75.4237,72.6271,72.6271,0.3488372093023254,1.0,0.0,1.0,1.0
2026-01-16,300599,1.7612524461839474,39.2655,33.9461,42.5533,51.4124,47.6793,0.8733153638814017,1.0,1.0,0.2533692722371965,1.0
2026-01-16,603291,3.6379769299023756,86.1582,78.9266,85.3107,83.9266,83.9266,0.5,1.0,0.0,1.0,1.0
2026-01-19,000929,3.529411764705892,85.5191,68.4153,69.8634,88.4153,83.4153,1.0,1.0,1.0,0.0,1.0
2026-01-19,002809,2.8037383177570208,73.4973,75.7311,71.7814,73.7978,72.6311,0.15333333333333315,1.0,0.0,0.7666666666666657,1.0
2026-01-19,002887,2.125398512221044,55.4645,54.0762,63.2344,59.3716,59.2239,0.5147679324894517,1.0,0.0,0.9704641350210965,1.0
2026-01-19,300243,1.4519056261343088,23.224,29.2065,41.2568,33.5792,33.5792,0.4686346863468629,1.0,0.0,1.0,1.0
2026-01-19,300929,2.8368794326241176,75.6831,69.3251,75.5354,75.5464,74.9358,0.5610687022900761,1.0,0.0,0.8778625954198478,1.0
2026-01-19,301098,3.047404063205428,80.6011,77.4457,81.4208,79.4809,79.4809,0.3517587939698488,1.0,0.0,1.0,1.0
2026-01-19,601083,1.4579759862778818,23.7705,31.583,41.6393,34.0164,34.0164,0.3716704886221357,1.0,0.0,1.0,1.0
2026-01-20,300243,1.4311270125223485,22.7273,27.6283,39.8021,33.1818,32.9051,0.5276752767527675,1.0,0.0,0.944649446494465,1.0
2026-01-20,301098,1.2048192771084265,13.6364,21.1603,34.5455,25.9091,25.9091,0.4874371859296485,1.0,0.0,1.0,1.0
2026-01-20,601083,1.014370245139462,1.3369,11.6303,25.9358,16.0695,16.0695,0.4719625252344578,1.0,0.0,1.0,1.0
2026-01-20,603291,2.2452504317789224,56.9519,52.8814,59.5061,60.5615,59.2214,0.6340057636887609,1.0,0.0,0.7319884726224781,1.0
2026-01-21,000929,3.4146341463414664,85.1955,71.1465,75.6169,88.1564,84.6514,0.850498338870432,1.0,1.0,0.29900332225913595,1.0
2026-01-21,300929,1.982758620689662,51.676,47.6767,53.8449,56.3408,54.5087,0.6832061068702289,1.0,0.0,0.6335877862595423,1.0
2026-01-21,300931,2.2492970946579316,58.9385,54.1334,41.257,47.1508,47.1508,0.6508728179551121,0.0,0.0,0.6982543640897758,1.0
2026-01-21,301098,1.1904761904761862,13.6872,20.0954,32.8725,25.9497,25.5226,0.542713567839196,1.0,0.0,0.914572864321608,1.0
2026-01-21,603065,1.3793103448276112,23.1844,28.4766,41.0873,33.5475,33.512,0.5035449694968218,1.0,0.0,0.9929100610063564,1.0
2026-01-22,002848,1.7964071856287456,44.152,38.1844,46.6319,55.3216,51.753,0.8568627450980392,1.0,1.0,0.28627450980392166,1.0
2026-01-22,300599,2.230483271375472,57.6023,50.0649,58.2877,66.0819,63.0734,0.8008474576271187,1.0,1.0,0.39830508474576254,1.0
2026-01-22,301098,1.497326203208571,30.7018,32.6016,42.5716,39.5614,38.5815,0.5979899497487434,1.0,0.0,0.8040201005025132,1.0
2026-01-23,000929,2.7179006560450025,73.6994,59.2244,62.1194,78.9595,74.092,0.9867549668874169,1.0,1.0,0.026490066225166142,1.0
2026-01-23,300243,1.8567639257294433,47.1098,46.1749,54.951,52.6879,51.9314,0.5756457564575646,1.0,0.0,0.8487084870848709,1.0
2026-01-23,300931,3.024747937671868,82.948,72.3532,80.0532,86.3584,84.3558,0.7002583979328165,1.0,1.0,0.599483204134367,1.0
2026-01-23,301098,1.1591148577449806,11.8497,16.1129,26.5611,24.4798,22.7964,0.6683417085427136,1.0,0.0,0.6633165829145728,1.0
2026-01-23,603291,2.3519163763066064,64.4509,59.4569,70.9081,71.5607,70.5088,0.6051873198847263,1.0,1.0,0.7896253602305474,1.0
2026-01-30,000929,1.0101010101010166,1.5528,8.6691,25.9408,21.2422,19.9557,0.628654970760234,1.0,1.0,0.742690058479532,1.0
2026-01-30,002887,1.2552301255229992,19.5652,24.5807,41.5528,35.6522,35.1165,0.5535714285714286,1.0,1.0,0.8928571428571428,1.0
2026-01-30,300243,1.9855595667870096,52.4845,52.1721,66.7391,61.9876,61.9876,0.4907749077490773,1.0,1.0,1.0,1.0
2026-01-30,300313,1.980198019801982,51.2422,59.4553,35.8696,40.9938,40.9938,0.07692307692307702,0.0,0.0,0.3846153846153851,1.0
2026-01-30,300517,1.1016949152542255,6.5217,17.5498,4.5652,5.2174,5.2174,0.38337801608579125,0.0,0.0,1.0,1.0
2026-01-30,300845,1.6211604095563104,36.3354,40.3848,55.4348,49.0683,49.0683,0.43417366946778735,1.0,1.0,1.0,1.0
2026-01-30,300929,3.019844693701468,83.5404,73.2445,81.3027,86.8323,85.0384,0.6793893129770991,1.0,1.0,0.6412213740458017,1.0
2026-01-30,300931,1.582867783985109,35.7143,36.3492,25.0,28.5714,28.5714,0.611111111111111,0.0,0.0,0.7777777777777779,1.0
2026-01-30,301098,1.1802575107296098,12.7329,18.528,35.5965,30.1863,29.3572,0.5829145728643216,1.0,1.0,0.8341708542713568,1.0
2026-01-30,603065,1.2485811577752415,18.9441,23.5953,40.1409,35.1553,34.3753,0.5779995455323998,1.0,1.0,0.8440009089352003,1.0
2026-01-30,603291,1.9793459552495785,50.6211,47.5862,59.6135,60.4969,59.0416,0.6455331412103745,1.0,1.0,0.7089337175792509,1.0
2026-02-03,000929,3.384615384615386,85.5828,76.7704,86.5162,88.4663,87.6183,0.5847953216374269,1.0,1.0,0.8304093567251463,1.0
2026-02-03,002887,2.579979360165141,72.0859,65.4366,75.9958,77.6687,76.5526,0.6116071428571422,1.0,1.0,0.7767857142857155,1.0
2026-02-03,300243,1.090909090909098,6.4417,15.9283,34.5092,25.1534,25.1534,0.461254612546125,1.0,1.0,1.0,1.0
2026-02-03,300313,1.585365853658538,37.1166,47.5593,25.9816,29.6933,29.6933,0.10669975186104208,0.0,0.0,0.5334987593052104,1.0
2026-02-03,300599,3.5004730368968673,88.0368,75.2176,81.202,90.4294,87.8235,0.7605932203389835,1.0,1.0,0.47881355932203307,1.0
2026-02-03,300929,1.7857142857143016,44.4785,40.6973,51.364,55.5828,53.1401,0.7442748091603053,1.0,1.0,0.5114503816793894,1.0
2026-02-03,300931,1.611459265890769,37.7301,35.4472,26.411,30.184,30.184,0.7368421052631577,0.0,0.0,0.5263157894736845,1.0
2026-02-03,301098,1.2752391073326264,21.7791,24.8605,40.1198,37.4233,36.1419,0.6281407035175879,1.0,1.0,0.7437185929648242,1.0
2026-02-03,603065,1.5046296296296058,32.8221,36.999,52.9755,46.2577,46.2577,0.4629333825683269,1.0,1.0,1.0,1.0
2026-02-04,300243,2.0683453237410054,55.6604,54.4176,63.7409,59.5283,59.473,0.5055350553505531,1.0,0.0,0.9889298892988938,1.0
2026-02-04,300599,1.8281535648994707,46.2264,40.2015,48.7992,56.9811,53.5913,0.8389830508474575,1.0,1.0,0.322033898305085,1.0
2026-02-04,601083,1.8884120171673624,50.0,52.6846,60.0,55.0,55.0,0.3657709570567051,1.0,0.0,1.0,1.0
2026-02-04,603065,1.2542759407069726,18.5535,23.8243,40.9504,34.8428,34.3335,0.5509251542467345,1.0,1.0,0.898149691506531,1.0
2026-02-06,002887,2.6496565260059057,72.9814,61.6887,67.6941,78.3851,75.0369,0.8348214285714283,1.0,1.0,0.33035714285714346,1.0
2026-02-06,300243,1.8650088809946785,46.8944,46.3716,55.5383,52.5155,51.9436,0.5571955719557191,1.0,0.0,0.8856088560885618,1.0
2026-02-06,603065,1.4891179839633395,30.1242,33.6224,50.1329,44.0994,43.8609,0.5238507629610717,1.0,1.0,0.9522984740778566,1.0
2026-02-09,002848,3.5454545454545405,88.9222,78.9925,62.2455,71.1377,71.1377,0.6072607260726072,0.0,0.0,0.7854785478547857,1.0
2026-02-09,002887,1.6252390057361454,38.6228,32.7626,40.7647,50.8982,46.8304,0.9067796610169498,1.0,1.0,0.1864406779661003,1.0
2026-02-09,300243,1.0462074978204061,3.8922,10.42,22.3371,18.1138,16.7669,0.6346863468634684,1.0,0.0,0.7306273062730633,1.0
2026-02-09,300931,1.754385964912264,41.6168,37.3174,42.1798,48.2934,45.3054,0.7987987987987988,1.0,0.0,0.40240240240240244,1.0
2026-02-09,301098,2.0942408376963373,55.988,50.3863,60.3833,64.7904,62.5883,0.7202072538860108,1.0,1.0,0.5595854922279784,1.0
2026-02-09,603065,1.2415349887133331,16.4671,20.9368,37.0532,33.1737,32.0552,0.6118425346394794,1.0,1.0,0.7763149307210413,1.0
2026-02-24,300243,2.859618717504331,79.1391,70.1009,73.9767,78.3113,76.7061,0.660516605166051,1.0,0.0,0.6789667896678979,1.0
2026-02-24,601083,4.006968641114983,91.7219,88.0679,89.2053,88.3775,88.3775,0.2654789204443829,1.0,0.0,1.0,1.0
2026-02-24,603065,2.020202020202011,55.9603,51.8545,63.3448,64.7682,63.3114,0.6456855237465601,1.0,1.0,0.7086289525068799,1.0
2026-02-25,002887,3.260869565217406,84.375,69.8377,73.7378,87.5,83.6688,0.8831168831168826,1.0,1.0,0.23376623376623473,1.0
2026-02-25,300313,2.57452574525745,69.4444,73.2869,48.6111,55.5556,55.5556,0.1134328358208955,0.0,0.0,0.5671641791044775,1.0
2026-02-25,300599,1.4084507042253502,27.4306,29.4021,19.2014,21.9444,21.9444,0.6271186440677967,0.0,0.0,0.7457627118644066,1.0
2026-02-26,002887,2.9824561403508865,82.2464,66.9014,69.7811,85.7971,81.3492,0.9447852760736197,1.0,1.0,0.11042944785276054,1.0
2026-02-27,002887,1.5332197614991383,33.6957,27.0728,33.8195,46.9565,42.0147,0.9941860465116283,1.0,1.0,0.011627906976743319,1.0
2026-02-27,300599,2.605210420841675,73.5507,66.1287,51.4855,58.8406,58.8406,0.6355932203389832,0.0,0.0,0.7288135593220335,1.0
2026-03-05,002848,1.4542343883661157,29.0441,28.8129,41.486,43.2353,41.0241,0.7211221122112209,1.0,1.0,0.5577557755775582,1.0
2026-03-05,002910,1.0489510489510634,5.5147,17.3579,3.8603,4.4118,4.4118,0.3526912181303115,0.0,0.0,1.0,1.0
2026-03-05,300243,1.8197573656845822,46.3235,46.4671,61.243,57.0588,56.763,0.5295857988165679,1.0,1.0,0.9408284023668643,1.0
2026-03-05,300500,1.6253207869974418,40.0735,51.3477,28.0515,32.0588,32.0588,0.03555555555555559,0.0,0.0,0.17777777777777795,1.0
2026-03-05,300517,1.3524936601859716,23.8971,30.2692,16.7279,19.1176,19.1176,0.4424242424242423,0.0,0.0,1.0,1.0
2026-03-05,300599,1.4127144298688332,26.1029,28.4671,18.2721,20.8824,20.8824,0.6207627118644071,0.0,0.0,0.7584745762711858,1.0
2026-03-05,300929,1.9607843137254832,53.3088,49.8042,37.3162,42.6471,42.6471,0.6421404682274247,0.0,0.0,0.7157190635451507,1.0
2026-03-05,301098,1.9187358916478603,51.8382,53.6928,36.2868,41.4706,41.4706,0.38888888888888834,0.0,0.0,1.0,1.0
2026-03-05,603065,4.680365296803646,98.8971,91.2511,99.2279,99.1176,99.1176,0.39332940586070114,1.0,1.0,1.0,1.0
2026-03-06,300599,1.1940298507462588,14.1304,18.2959,9.8913,11.3043,11.3043,0.6504237288135598,0.0,0.0,0.6991525423728804,1.0
2026-03-06,301098,4.318936877076429,96.0145,87.1449,67.2101,76.8116,76.8116,0.4833333333333327,0.0,0.0,1.0,1.0
2026-03-06,603065,1.4176663031624903,27.1739,29.8607,45.2649,41.7391,40.7999,0.5939221023099853,1.0,1.0,0.8121557953800294,1.0
2026-03-10,002887,1.8041237113401998,43.6567,36.9007,44.5103,54.9254,50.913,0.9012345679012344,1.0,1.0,0.1975308641975313,1.0
2026-03-10,300599,1.9980019980020192,56.3433,52.2356,39.4403,45.0746,45.0746,0.6419491525423728,0.0,0.0,0.7161016949152543,1.0
2026-03-10,301098,3.010752688172036,82.4627,73.3035,57.7239,65.9701,65.9701,0.6333333333333334,0.0,0.0,0.7333333333333332,1.0
2026-03-10,603291,1.9147084421236027,49.6269,47.9466,34.7388,39.7015,39.7015,0.587743732590529,0.0,0.0,0.8245125348189419,1.0
2026-03-16,300599,4.501915708812265,96.0526,82.1811,67.2368,76.8421,76.8421,0.7330508474576274,0.0,0.0,0.5338983050847452,1.0
2026-03-18,002910,1.2152777777777901,14.8649,24.6114,10.4054,11.8919,11.8919,0.36402266288951834,0.0,0.0,1.0,1.0
2026-03-18,300599,1.3930348258706315,24.7748,26.8113,17.3423,19.8198,19.8198,0.6504237288135598,0.0,0.0,0.6991525423728804,1.0
2026-03-18,301098,1.8722466960352513,50.0,49.7778,35.0,40.0,40.0,0.5111111111111108,0.0,0.0,0.9777777777777783,1.0
2026-03-24,002200,3.7499999999999867,88.0952,77.8754,86.4652,90.4762,89.1758,0.6300373114753087,1.0,1.0,0.7399253770493825,1.0
2026-03-24,002809,4.299065420560755,94.7619,93.5057,66.3333,75.8095,75.8095,0.11519198664440723,0.0,0.0,0.5759599332220361,1.0
2026-03-24,300610,3.7735849056603765,89.0476,91.1127,62.3333,71.2381,71.2381,0.006269592476489074,0.0,0.0,0.03134796238244537,1.0
2026-03-24,300625,3.3363390441839558,82.381,84.3597,57.6667,65.9048,65.9048,0.07725321888412019,0.0,0.0,0.38626609442060095,1.0
2026-03-24,300787,3.080985915492973,80.4762,82.0694,56.3333,64.381,64.381,0.11557788944723599,0.0,0.0,0.5778894472361799,1.0
2026-03-24,300795,4.177545691906004,93.8095,94.6724,65.6667,75.0476,75.0476,0.018762458927566186,0.0,0.0,0.09381229463783093,1.0
2026-03-24,300978,3.518518518518521,86.1905,86.9006,60.3333,68.9524,68.9524,0.10259103193002549,0.0,0.0,0.5129551596501274,1.0
2026-03-24,301355,4.0000000000000036,91.9048,93.1819,64.3333,73.5238,73.5238,0.017094017094017033,0.0,0.0,0.08547008547008517,1.0
2026-03-24,601083,3.9473684210526327,90.9524,90.1,63.6667,72.7619,72.7619,0.13309352517985643,0.0,0.0,0.6654676258992821,1.0
2026-03-25,002809,1.5232974910394104,31.6514,41.4814,22.156,25.3211,25.3211,0.1919866444073457,0.0,0.0,0.9599332220367285,1.0
2026-03-25,002910,2.4702653247941297,65.5963,66.868,45.9174,52.4771,52.4771,0.2804532577903682,0.0,0.0,1.0,1.0
2026-03-25,300500,1.3146362839614456,18.8073,32.7052,13.1651,15.0459,15.0459,0.11703511053316,0.0,0.0,0.5851755526658,1.0
2026-03-25,300517,1.3489208633093552,20.6422,31.9683,14.4495,16.5138,16.5138,0.22727272727272693,0.0,0.0,1.0,1.0
2026-03-25,300787,1.1101622544833267,5.9633,20.638,4.1743,4.7706,4.7706,0.20663265306122494,0.0,0.0,1.0,1.0
2026-03-25,300845,1.6157989228007041,36.2385,42.7927,25.367,28.9908,28.9908,0.3099041533546329,0.0,0.0,1.0,1.0
2026-03-25,301009,4.581497797356837,96.789,94.2826,67.7523,77.4312,77.4312,0.15742793791574233,0.0,0.0,0.7871396895787116,1.0
2026-03-25,301098,2.6252983293555854,70.1835,70.0064,49.1284,56.1468,56.1468,0.3070175438596494,0.0,0.0,1.0,1.0
2026-03-27,002809,2.714932126696823,70.1835,72.6743,49.1284,56.1468,56.1468,0.17362270450751283,0.0,0.0,0.8681135225375641,1.0
2026-03-27,002900,4.103479036574487,92.2018,91.3263,64.5413,73.7615,73.7615,0.12175648702594835,0.0,0.0,0.6087824351297417,1.0
2026-03-27,002910,1.6274864376130127,38.0734,44.4814,26.6514,30.4587,30.4587,0.2988668555240794,0.0,0.0,1.0,1.0
2026-03-27,300599,1.0752688172043001,4.1284,13.4722,2.8899,3.3028,3.3028,0.49152542372881386,0.0,0.0,1.0,1.0
2026-03-27,300610,2.898550724637694,74.7706,76.4629,52.3394,59.8165,59.8165,0.16768292682926794,0.0,0.0,0.8384146341463397,1.0
2026-03-27,301009,2.1758050478677182,59.1743,63.57,41.422,47.3394,47.3394,0.18847006651884662,0.0,0.0,0.9423503325942331,1.0
2026-03-27,301098,1.9230769230769162,49.0826,53.652,34.3578,39.2661,39.2661,0.280701754385965,0.0,0.0,1.0,1.0
2026-03-27,301126,3.1818181818181746,80.2752,81.1618,56.1927,64.2202,64.2202,0.15291729665913326,0.0,0.0,0.7645864832956663,1.0
2026-03-30,002887,1.7513134851138368,40.8257,38.1833,49.6236,52.6606,50.4219,0.7238605898123323,1.0,1.0,0.5522788203753355,1.0
2026-03-30,002900,1.7137960582690681,39.9083,47.6551,27.9358,31.9266,31.9266,0.21357285429141723,0.0,0.0,1.0,1.0
2026-03-30,300500,2.481617647058809,64.6789,70.7808,45.2752,51.7431,51.7431,0.04811443433029922,0.0,0.0,0.2405721716514961,1.0
2026-03-30,300599,1.0638297872340274,4.1284,13.0485,2.8899,3.3028,3.3028,0.51271186440678,0.0,0.0,0.9745762711864401,1.0
2026-03-30,301098,1.297169811320753,18.8073,28.0283,13.1651,15.0459,15.0459,0.3508771929824563,0.0,0.0,1.0,1.0
2026-04-01,002809,1.0781671159029615,5.6522,20.7822,3.9565,4.5217,4.5217,0.18697829716193679,0.0,0.0,0.9348914858096838,1.0
2026-04-01,300500,2.5998142989786643,68.2609,73.9325,47.7826,54.6087,54.6087,0.03381014304291285,0.0,0.0,0.16905071521456422,1.0
2026-04-01,300517,2.9090909090909056,77.8261,78.4427,54.4783,62.2609,62.2609,0.19090909090909108,0.0,0.0,0.9545454545454554,1.0
2026-04-01,300787,2.615518744550993,70.0,73.0918,49.0,56.0,56.0,0.1454081632653065,0.0,0.0,0.7270408163265325,1.0
2026-04-01,300795,1.4554794520547976,28.2609,41.4371,19.7826,22.6087,22.6087,0.058577405857740635,0.0,0.0,0.29288702928870314,1.0
2026-04-01,301009,1.7331022530329365,40.4348,48.3567,28.3043,32.3478,32.3478,0.19955654101995543,0.0,0.0,0.9977827050997771,1.0
2026-04-01,301098,2.491103202846978,64.7826,65.2471,45.3478,51.8261,51.8261,0.3289473684210525,0.0,0.0,1.0,1.0
2026-04-01,301126,2.2202486678507993,60.4348,64.1371,42.3043,48.3478,48.3478,0.21053830699445883,0.0,0.0,1.0,1.0
2026-04-07,002910,3.627450980392166,85.3982,86.3062,59.7788,68.3186,68.3186,0.10061919504643939,0.0,0.0,0.503095975232197,1.0
2026-04-07,300417,3.0981067125645634,76.5487,79.8714,53.5841,61.2389,61.2389,0.06837606837606801,0.0,0.0,0.34188034188034,1.0
2026-04-07,300500,3.4895314057826754,81.8584,85.2449,57.3009,65.4867,65.4867,0.012091898428053163,0.0,0.0,0.06045949214026581,1.0
2026-04-07,300616,2.5416301489921134,59.7345,67.7003,41.8142,47.7876,47.7876,0.004366812227074135,0.0,0.0,0.021834061135370675,1.0
2026-04-07,300845,4.644808743169393,98.2301,93.5037,68.7611,78.5841,78.5841,0.2540192926045018,0.0,0.0,1.0,1.0
2026-04-07,301098,3.4825870646766344,80.9735,81.6209,56.6814,64.7788,64.7788,0.15789473684210492,0.0,0.0,0.7894736842105246,1.0
2026-04-07,301126,2.0554066130473725,50.0,56.0995,35.0,40.0,40.0,0.19502495805802494,0.0,0.0,0.9751247902901247,1.0
2026-04-07,600697,2.9694323144104695,73.0088,77.2433,51.1062,58.4071,58.4071,0.05818965517241359,0.0,0.0,0.29094827586206795,1.0
2026-04-08,000929,3.798882681564253,86.25,83.1401,60.375,69.0,69.0,0.29299363057324834,0.0,0.0,1.0,1.0
2026-04-08,002809,1.3404825737265424,16.25,29.0601,11.375,13.0,13.0,0.1969949916527546,0.0,0.0,0.984974958263773,1.0
2026-04-08,002910,2.9328287606433356,70.4167,73.6032,49.2917,56.3333,56.3333,0.1365079365079364,0.0,0.0,0.682539682539682,1.0
2026-04-08,300500,4.1425818882466325,91.25,91.9117,63.875,73.0,73.0,0.05441354292623955,0.0,0.0,0.2720677146311977,1.0
2026-04-08,300610,1.2291483757682187,10.4167,22.8455,7.2917,8.3333,8.3333,0.27439024390243894,0.0,0.0,1.0,1.0
2026-04-08,300787,4.820333041191938,99.5833,97.0646,69.7083,79.6667,79.6667,0.13010204081632676,0.0,0.0,0.6505102040816337,1.0
2026-04-08,301098,4.807692307692313,98.75,93.386,69.125,79.0,79.0,0.280701754385965,0.0,0.0,1.0,1.0
2026-04-08,301126,2.0140105078809034,47.9167,53.4134,33.5417,38.3333,38.3333,0.24599739027773615,0.0,0.0,1.0,1.0
2026-04-10,000929,4.878048780487809,99.5614,93.3434,69.693,79.6491,79.6491,0.31528662420382164,0.0,0.0,1.0,1.0
2026-04-10,300500,1.2369172216936342,12.7193,28.7728,8.9035,10.1754,10.1754,0.0701330108827086,0.0,0.0,0.35066505441354295,1.0
2026-04-10,300610,3.4843205574912828,77.6316,76.0687,54.3421,62.1053,62.1053,0.30182926829268303,0.0,0.0,1.0,1.0
2026-04-10,300978,2.0484171322160405,47.807,56.1067,33.4649,38.2456,38.2456,0.10694814111850355,0.0,0.0,0.5347407055925177,1.0
2026-04-10,301098,1.0778443113772518,5.7018,18.6842,3.9912,4.5614,4.5614,0.2938596491228068,0.0,0.0,1.0,1.0
2026-04-10,301126,1.0666666666666602,3.9474,18.9915,2.7632,3.1579,3.1579,0.20832211428925404,0.0,0.0,1.0,1.0
2026-04-13,000929,4.96828752642704,99.5652,90.5439,69.6957,79.6522,79.6522,0.4554140127388539,0.0,0.0,1.0,1.0
2026-04-13,300313,2.966625463535233,68.2609,67.6723,72.7826,69.6087,69.6087,0.34682080924855496,1.0,0.0,1.0,1.0
2026-04-16,002809,1.1406844106463865,8.1897,24.8489,5.7328,6.5517,6.5517,0.08514190317195319,0.0,0.0,0.42570951585976596,1.0
2026-04-16,002910,2.3764258555132978,51.2931,59.1533,35.9052,41.0345,41.0345,0.09405940594059407,0.0,0.0,0.4702970297029703,1.0
2026-04-16,300500,3.182256509161041,72.8448,77.2118,50.9914,58.2759,58.2759,0.05320435308343404,0.0,0.0,0.2660217654171702,1.0
2026-04-16,300517,3.9096437880104418,84.0517,79.2022,58.8362,67.2414,67.2414,0.4019607843137254,0.0,0.0,1.0,1.0
2026-04-16,300610,1.4418999151823764,25.431,32.418,17.8017,20.3448,20.3448,0.3963414634146339,0.0,0.0,1.0,1.0
2026-04-16,300795,2.1440823327615766,47.8448,56.2124,33.4914,38.2759,38.2759,0.10317460317460313,0.0,0.0,0.5158730158730156,1.0
2026-04-16,301098,3.9473684210526327,85.3448,82.3109,59.7414,68.2759,68.2759,0.2982456140350874,0.0,0.0,1.0,1.0
2026-04-16,600697,1.106382978723408,6.4655,22.7155,4.5259,5.1724,5.1724,0.12284482758620673,0.0,0.0,0.6142241379310336,1.0
2026-04-20,000929,3.7291462217860616,80.0885,70.476,56.0619,64.0708,64.0708,0.6797385620915032,0.0,0.0,0.6405228758169936,1.0
2026-04-22,301098,1.5098722415795685,27.2321,33.6278,19.0625,21.7857,21.7857,0.4078947368421049,0.0,0.0,1.0,1.0
2026-04-27,002900,2.059925093632975,50.0,59.2578,35.0,40.0,40.0,0.03710937499999991,0.0,0.0,0.18554687499999953,1.0
2026-04-27,002910,1.3084112149532867,15.2174,29.6987,10.6522,12.1739,12.1739,0.12376237623762372,0.0,0.0,0.6188118811881186,1.0
2026-04-27,300314,1.4693171996542853,27.3913,39.9853,19.1739,21.913,21.913,0.09638554216867458,0.0,0.0,0.4819277108433729,1.0
2026-04-27,300787,2.390057361376674,56.087,63.9924,39.2609,44.8696,44.8696,0.043859649122807265,0.0,0.0,0.21929824561403632,1.0
2026-04-27,301098,2.0224719101123556,47.3913,47.2113,56.7704,52.913,52.5622,0.5350877192982456,1.0,0.0,0.9298245614035088,1.0
2026-04-27,301126,1.426024955436711,23.913,35.097,16.7391,19.1304,19.1304,0.2016735361736397,0.0,0.0,1.0,1.0
2026-04-29,002809,1.048617731172552,2.0325,19.9317,1.4228,1.626,1.626,0.08471760797342189,0.0,0.0,0.4235880398671094,1.0
2026-04-29,002910,3.0726256983240274,71.9512,74.9537,50.3659,57.561,57.561,0.13036303630363047,0.0,0.0,0.6518151815181523,1.0
2026-04-29,300500,4.545454545454541,93.0894,91.8839,65.1626,74.4715,74.4715,0.12938331318016932,0.0,0.0,0.6469165659008466,1.0
2026-04-29,300787,1.615969581749055,32.1138,43.8842,22.4797,25.6911,25.6911,0.09034267912772535,0.0,0.0,0.4517133956386267,1.0
2026-04-29,300795,2.5949953660797,58.9431,66.4045,41.2602,47.1545,47.1545,0.037499999999999874,0.0,0.0,0.18749999999999936,1.0
2026-04-29,301009,2.547770700636942,58.1301,64.952,40.6911,46.5041,46.5041,0.07760532150776034,0.0,0.0,0.3880266075388017,1.0
2026-04-29,301098,2.732240437158473,65.4472,59.463,65.0235,67.3577,65.9104,0.6447368421052632,1.0,0.0,0.7105263157894737,1.0
2026-04-30,002910,2.168021680216814,52.4,58.2236,36.68,41.92,41.92,0.18481848184818492,0.0,0.0,0.9240924092409245,1.0
2026-04-30,300500,1.8260869565217552,39.6,47.8831,27.72,31.68,31.68,0.18984280532043535,0.0,0.0,0.9492140266021767,1.0
2026-04-30,300787,2.0579981290926197,49.2,56.494,34.44,39.36,39.36,0.14330218068535805,0.0,0.0,0.7165109034267902,1.0
2026-04-30,301126,1.27768313458263,14.0,24.8617,34.8,26.2,26.2,0.31691555684429085,1.0,0.0,1.0,1.0
2026-05-06,300313,2.350176263219761,52.521,52.6526,61.7647,57.0168,57.0168,0.4682080924855492,1.0,0.0,1.0,1.0
2026-05-06,300500,1.451750640478222,23.9496,34.8549,41.7647,34.1597,34.1597,0.2152357920193472,1.0,0.0,1.0,1.0
2026-05-06,301098,2.0105820105820182,42.437,38.4233,43.6533,48.9496,46.1864,0.7763157894736836,1.0,0.0,0.44736842105263275,1.0
2026-05-07,300313,2.411021814006875,54.661,53.2086,62.2222,58.7288,58.4687,0.526011560693642,1.0,0.0,0.9479768786127161,1.0
2026-05-07,300787,2.2977941176470784,51.2712,56.9671,35.8898,41.0169,41.0169,0.20249221183800617,0.0,0.0,1.0,1.0
2026-05-08,000929,4.221388367729828,91.4634,76.6284,80.9396,93.1707,89.8995,0.8271186440677967,1.0,1.0,0.34576271186440666,1.0
2026-05-08,002200,3.815789473684217,84.9593,72.3937,78.324,87.9675,85.1806,0.7786885245901635,1.0,1.0,0.44262295081967307,1.0
2026-05-08,002809,1.312089971883812,15.0407,29.7402,10.5285,12.0325,12.0325,0.11461794019933545,0.0,0.0,0.5730897009966772,1.0
2026-05-08,002900,1.6666666666666607,31.3008,41.4539,21.9106,25.0407,25.0407,0.17933723196881093,0.0,0.0,0.8966861598440546,1.0
2026-05-08,300314,1.379310344827589,19.1057,33.2123,13.374,15.2846,15.2846,0.10361445783132534,0.0,0.0,0.5180722891566266,1.0
2026-05-11,000929,1.1701170117011772,9.2742,7.8261,17.3055,27.4194,22.6227,0.9796610169491524,1.0,1.0,0.04067796610169516,1.0
2026-05-11,002900,1.4667817083692913,26.2097,36.6403,18.3468,20.9677,20.9677,0.21637426900584789,0.0,0.0,1.0,1.0
2026-05-11,300313,1.6685205784204626,34.2742,35.2806,49.7145,47.4194,46.35,0.6069364161849713,1.0,1.0,0.7861271676300574,1.0
2026-05-11,300314,1.1054421768707412,6.0484,21.9953,4.2339,4.8387,4.8387,0.14216867469879524,0.0,0.0,0.7108433734939762,1.0
2026-05-11,301098,3.604531410916567,79.4355,65.7414,64.9908,78.5484,74.6449,0.8903508771929826,1.0,0.0,0.21929824561403488,1.0
2026-05-13,300313,3.6707452725250223,80.5556,72.3057,82.1114,84.4444,83.3751,0.6069364161849713,1.0,1.0,0.7861271676300574,1.0
2026-05-13,301098,2.135922330097073,47.2222,38.7232,44.9465,57.7778,53.2505,0.9527272727272731,1.0,1.0,0.09454545454545382,1.0
2026-05-18,002910,1.5496809480401108,30.315,40.8856,43.0522,39.252,38.4599,0.16831683168316847,1.0,0.0,0.8415841584158423,1.0
2026-05-18,300314,1.0830324909747224,6.6929,25.0215,4.685,5.3543,5.3543,0.01663924446674594,0.0,0.0,0.0831962223337297,1.0
2026-05-18,300795,1.1527377521613813,10.6299,28.1456,7.4409,8.5039,8.5039,0.017917610004554694,0.0,0.0,0.08958805002277347,1.0
2026-05-18,301098,1.0486177311725298,1.1811,4.8877,18.7125,20.9449,17.9163,0.802857142857143,1.0,1.0,0.3942857142857139,1.0
2026-05-19,300314,1.2499999999999956,14.8,30.9367,10.36,11.84,11.84,0.04516366355259583,0.0,0.0,0.22581831776297914,1.0
2026-05-22,002900,1.4897579143389184,26.3359,39.9899,18.4351,21.0687,21.0687,0.0539419087136929,0.0,0.0,0.2697095435684645,1.0
2026-05-22,002910,2.512077294685988,58.3969,65.3974,40.8779,46.7176,46.7176,0.06600660066006604,0.0,0.0,0.3300330033003302,1.0
2026-05-22,300500,2.7562446167097354,66.7939,69.3722,71.7557,68.4351,68.4351,0.2031438935912938,1.0,0.0,1.0,1.0
2026-05-22,300787,3.3333333333333437,75.1908,78.4704,52.6336,60.1527,60.1527,0.08411214953270992,0.0,0.0,0.42056074766354956,1.0
2026-05-22,301098,3.627450980392166,81.6794,70.9435,78.3756,85.3435,83.1435,0.7199999999999999,1.0,1.0,0.5600000000000003,1.0
2026-05-22,301126,1.7905102954342,37.0229,45.8065,25.916,29.6183,29.6183,0.19059257264761537,0.0,0.0,0.9529628632380768,1.0
2026-05-28,300500,1.4362657091562037,24.7748,36.8936,17.3423,19.8198,19.8198,0.14631197097944387,0.0,0.0,0.7315598548972193,1.0
2026-05-28,300605,1.7009847806624734,38.2883,50.0405,26.8018,30.6306,30.6306,0.029504741833508895,0.0,0.0,0.14752370916754445,1.0
2026-05-28,300659,1.3309671694764935,20.2703,36.1918,14.1892,16.2162,16.2162,0.001219512195121925,0.0,0.0,0.0060975609756096245,1.0
2026-05-28,300884,1.2065251115425335,12.1622,29.4969,8.5135,9.7297,9.7297,0.01164294954721862,0.0,0.0,0.0582147477360931,1.0
2026-06-01,002809,3.724604966139955,83.9844,87.0761,58.7891,67.1875,67.1875,0.005571030640668236,0.0,0.0,0.027855153203341178,1.0
2026-06-01,002900,3.121951219512198,69.9219,74.9941,48.9453,55.9375,55.9375,0.04716981132075471,0.0,0.0,0.23584905660377356,1.0
2026-06-01,002910,3.7260825780463414,84.7656,86.9621,59.3359,67.8125,67.8125,0.04251968503937,0.0,0.0,0.21259842519685,1.0
2026-06-01,300306,3.1894934333958735,73.0469,78.1027,51.1328,58.4375,58.4375,0.01674081745055482,0.0,0.0,0.0837040872527741,1.0
2026-06-01,300371,3.1718061674008924,70.7031,76.264,49.4922,56.5625,56.5625,0.0149253731343276,0.0,0.0,0.074626865671638,1.0
2026-06-01,300500,3.5230352303523116,78.5156,80.0555,54.9609,62.8125,62.8125,0.1378476420798066,0.0,0.0,0.689238210399033,1.0
2026-06-01,300514,3.9341262580055103,91.7969,93.0027,64.2578,73.4375,73.4375,0.02173913043478242,0.0,0.0,0.1086956521739121,1.0
2026-06-01,300610,4.279069767441879,94.9219,94.3521,66.4453,75.9375,75.9375,0.07926829268292634,0.0,0.0,0.3963414634146317,1.0
2026-06-01,300615,1.8213356461405095,36.3281,48.893,25.4297,29.0625,29.0625,0.008474477552827049,0.0,0.0,0.042372387764135246,1.0
2026-06-01,300659,3.9019963702359384,90.2344,92.1402,63.1641,72.1875,72.1875,0.002364066193853377,0.0,0.0,0.011820330969266884,1.0
2026-06-01,300795,1.1363636363636243,7.4219,23.9143,5.1953,5.9375,5.9375,0.10116164769920469,0.0,0.0,0.5058082384960234,1.0
2026-06-01,300884,2.6149684400360806,59.7656,67.588,41.8359,47.8125,47.8125,0.011226093358099359,0.0,0.0,0.05613046679049679,1.0
2026-06-01,301009,2.187500000000009,48.8281,58.7486,34.1797,39.0625,39.0625,0.015695067264574026,0.0,0.0,0.07847533632287013,1.0
2026-06-01,301032,3.832116788316231,88.6719,90.5017,62.0703,70.9375,70.9375,0.021791767554479074,0.0,0.0,0.10895883777239536,1.0
2026-06-01,301126,3.8197845249755114,87.8906,89.7642,61.5234,70.3125,70.3125,0.027413188285836974,0.0,0.0,0.13706594142918485,1.0
2026-06-01,301355,2.82074613284804,64.4531,71.203,45.1172,51.5625,51.5625,0.017973856209150235,0.0,0.0,0.08986928104575118,1.0
2026-06-01,600689,3.1869078380706295,72.2656,77.7081,50.5859,57.8125,57.8125,0.005221932114882296,0.0,0.0,0.026109660574411477,1.0
2026-06-01,600697,3.298611111111116,73.8281,77.2828,51.6797,59.0625,59.0625,0.0889830508474578,0.0,0.0,0.444915254237289,1.0
2026-06-01,601083,1.843722563652328,37.8906,48.0414,26.5234,30.3125,30.3125,0.11355311355311373,0.0,0.0,0.5677655677655686,1.0
2026-06-01,603506,3.8360941586747854,89.4531,90.7137,62.6172,71.5625,71.5625,0.042440318302387474,0.0,0.0,0.21220159151193735,1.0
2026-06-01,603700,3.451327433628304,75.3906,79.8892,52.7734,60.3125,60.3125,0.021164021164021385,0.0,0.0,0.10582010582010692,1.0
2026-06-05,002809,2.436194895591659,61.5672,69.0658,43.097,49.2537,49.2537,0.009395973154362053,0.0,0.0,0.046979865771810264,1.0
2026-06-05,002910,2.032085561497321,45.1493,55.7076,31.6045,36.1194,36.1194,0.020588235294117466,0.0,0.0,0.10294117647058733,1.0
2026-06-05,003003,1.4744145706851564,24.2537,38.753,16.9776,19.403,19.403,0.03249999999999993,0.0,0.0,0.16249999999999964,1.0
2026-06-05,300306,1.9830028328611915,42.1642,53.3609,29.5149,33.7313,33.7313,0.018523324045451747,0.0,0.0,0.09261662022725874,1.0
2026-06-05,300371,2.158273381294973,51.1194,60.0283,35.7836,40.8955,40.8955,0.04336043360433577,0.0,0.0,0.21680216802167884,1.0
2026-06-05,300500,1.5223596574690745,27.9851,38.5832,19.5896,22.3881,22.3881,0.19024390243902448,0.0,0.0,0.9512195121951224,1.0
2026-06-05,300514,2.943969610636299,70.5224,73.8556,49.3657,56.4179,56.4179,0.12811387900355845,0.0,0.0,0.6405693950177922,1.0
2026-06-05,300605,2.2727272727272707,55.597,64.168,38.9179,44.4776,44.4776,0.015479876160990747,0.0,0.0,0.07739938080495373,1.0
2026-06-05,300610,1.9811320754717032,41.4179,52.4636,28.9925,33.1343,33.1343,0.03353658536585337,0.0,0.0,0.16768292682926683,1.0
2026-06-05,300614,4.099821746880572,92.9104,92.1646,65.0373,74.3284,74.3284,0.10818713450292401,0.0,0.0,0.54093567251462,1.0
2026-06-05,300615,1.1383537653240072,7.0896,25.3741,4.9627,5.6716,5.6716,0.014875864066751211,0.0,0.0,0.07437932033375605,1.0
2026-06-05,300625,4.5631067961164895,96.6418,96.5291,67.6493,77.3134,77.3134,0.039215686274510025,0.0,0.0,0.19607843137255013,1.0
2026-06-05,300659,1.9498607242339983,40.6716,52.3549,28.4701,32.5373,32.5373,0.009122006841505138,0.0,0.0,0.04561003420752569,1.0
2026-06-05,300771,1.6267123287671215,30.9701,44.1882,21.6791,24.7761,24.7761,0.029395044223923073,0.0,0.0,0.14697522111961536,1.0
2026-06-05,300795,1.157894736842091,9.3284,27.1758,6.5299,7.4627,7.4627,0.014342969814594164,0.0,0.0,0.07171484907297081,1.0
2026-06-05,300929,2.5839793281653867,63.806,64.8614,44.6642,51.0448,51.0448,0.30916844349680156,0.0,0.0,1.0,1.0
2026-06-05,300961,2.074330164217808,48.1343,58.1399,33.694,38.5075,38.5075,0.018376722817764316,0.0,0.0,0.09188361408882158,1.0
2026-06-05,301009,2.422907488986792,60.8209,68.3361,42.5746,48.6567,48.6567,0.016032064128256498,0.0,0.0,0.08016032064128248,1.0
2026-06-05,301032,2.2018348623853212,54.1045,62.7551,37.8731,43.2836,43.2836,0.026425524817113976,0.0,0.0,0.13212762408556988,1.0
2026-06-05,301126,2.2357723577235866,54.8507,63.5645,38.3955,43.8806,43.8806,0.01580327142487836,0.0,0.0,0.07901635712439178,1.0
2026-06-05,301355,2.180094786729847,52.6119,61.6647,36.8284,42.0896,42.0896,0.02124430955993939,0.0,0.0,0.10622154779969695,1.0
2026-06-05,600697,3.4766697163769456,78.7313,82.7028,55.1119,62.9851,62.9851,0.0141129032258066,0.0,0.0,0.070564516129033,1.0
2026-06-09,002900,1.1178861788617933,6.1151,24.1513,4.2806,4.8921,4.8921,0.037037037037036875,0.0,0.0,0.18518518518518437,1.0
2026-06-09,002910,4.461371055495111,96.7626,96.868,67.7338,77.4101,77.4101,0.027104136947218183,0.0,0.0,0.1355206847360909,1.0
2026-06-09,003003,1.5929203539822856,29.8561,42.8225,20.8993,23.8849,23.8849,0.053117782909930814,0.0,0.0,0.26558891454965405,1.0
2026-06-09,300517,2.4007386888273308,62.9496,66.403,44.0647,50.3597,50.3597,0.1978348369454822,0.0,0.0,0.989174184727411,1.0
2026-06-09,300562,1.3663535439794927,16.9065,33.0356,11.8345,13.5252,13.5252,0.024476885344141282,0.0,0.0,0.1223844267207064,1.0
2026-06-09,300605,1.9029495718363654,43.5252,54.3831,30.4676,34.8201,34.8201,0.021852237252861506,0.0,0.0,0.10926118626430753,1.0
2026-06-09,300610,1.837524177949712,39.9281,51.2121,27.9496,31.9424,31.9424,0.03651685393258404,0.0,0.0,0.18258426966292018,1.0
2026-06-09,300615,2.1719457013574583,55.036,63.3276,38.5252,44.0288,44.0288,0.035060608282957734,0.0,0.0,0.17530304141478867,1.0
2026-06-09,300771,1.668129938542573,32.7338,45.789,22.9137,26.1871,26.1871,0.019903700284162728,0.0,0.0,0.09951850142081363,1.0
2026-06-09,300787,1.8805309734513553,42.8058,53.458,29.964,34.2446,34.2446,0.03933129338010252,0.0,0.0,0.1966564669005126,1.0
2026-06-09,300795,1.1530398322851187,9.7122,26.5617,6.7986,7.7698,7.7698,0.06040369382382766,0.0,0.0,0.30201846911913827,1.0
2026-06-09,300884,1.6901408450704203,34.1727,46.6014,23.9209,27.3381,27.3381,0.036836497771172455,0.0,0.0,0.18418248885586228,1.0
2026-06-09,301032,2.4321796071094415,65.1079,71.4065,45.5755,52.0863,52.0863,0.033993240178022306,0.0,0.0,0.16996620089011152,1.0
2026-06-09,301355,1.5429122468659573,28.4173,42.2338,19.8921,22.7338,22.7338,0.024999999999999988,0.0,0.0,0.12499999999999993,1.0
2026-06-12,000995,1.8501387604070274,41.5033,52.8993,29.0523,33.2026,33.2026,0.0151658767772512,0.0,0.0,0.07582938388625599,1.0
2026-06-12,002209,2.044444444444471,48.6928,58.0452,34.085,38.9542,38.9542,0.04545454545454547,0.0,0.0,0.22727272727272735,1.0
2026-06-12,002910,3.6923076923076836,87.2549,87.6641,61.0784,69.8039,69.8039,0.1069900142653352,0.0,0.0,0.534950071326676,1.0
2026-06-12,300371,2.854424357754537,74.183,78.5783,51.9281,59.3464,59.3464,0.038403749179238125,0.0,0.0,0.1920187458961906,1.0
2026-06-12,300514,1.8830525272546916,43.4641,53.7748,30.4248,34.7712,34.7712,0.04982206405693961,0.0,0.0,0.24911032028469804,1.0
2026-06-12,300562,1.5665796344647598,27.7778,41.6527,19.4444,22.2222,22.2222,0.02847722887144769,0.0,0.0,0.14238614435723843,1.0
2026-06-12,300605,2.7531956735496577,72.2222,77.4944,50.5556,57.7778,57.7778,0.014170040485830015,0.0,0.0,0.07085020242915008,1.0
2026-06-12,300659,1.554907677356665,27.1242,41.3564,18.9869,21.6993,21.6993,0.017148981779206686,0.0,0.0,0.08574490889603342,1.0
2026-06-12,300771,1.5482695810564717,25.817,40.2249,18.0719,20.6536,20.6536,0.021436606401622975,0.0,0.0,0.10718303200811487,1.0
2026-06-12,300795,2.5081788440567188,66.3399,72.68,46.4379,53.0719,53.0719,0.01959651820535645,0.0,0.0,0.09798259102678225,1.0
2026-06-12,300961,2.357207615593837,60.4575,67.9711,42.3203,48.366,48.366,0.019746121297602087,0.0,0.0,0.09873060648801044,1.0
2026-06-12,301009,4.090909090909078,95.098,95.8499,66.5686,76.0784,76.0784,0.011428571428571505,0.0,0.0,0.05714285714285752,1.0
2026-06-12,301126,1.7801047120418856,34.9673,47.1195,24.4771,27.9739,27.9739,0.04271844660194187,0.0,0.0,0.21359223300970934,1.0
2026-06-12,600697,1.6651248843663202,31.0458,44.143,21.732,24.8366,24.8366,0.03468208092485538,0.0,0.0,0.17341040462427687,1.0
2026-06-12,601083,3.2710280373831946,80.0654,83.5507,56.0458,64.0523,64.0523,0.025078369905956126,0.0,0.0,0.1253918495297806,1.0
2026-06-15,002809,2.270011947431305,56.9182,65.149,39.8428,45.5346,45.5346,0.019280205655526808,0.0,0.0,0.09640102827763404,1.0
2026-06-15,002900,1.1099899091826293,4.717,22.4921,3.3019,3.7736,3.7736,0.06407322654462229,0.0,0.0,0.32036613272311143,1.0
2026-06-15,300771,2.780269058295959,72.6415,77.2289,50.8491,58.1132,58.1132,0.044213000703347355,0.0,0.0,0.22106500351673677,1.0
2026-06-15,300787,3.854625550660784,91.5094,91.8477,64.0566,73.2075,73.2075,0.0679923965492025,0.0,0.0,0.33996198274601247,1.0
2026-06-15,300884,1.740812379110257,34.2767,46.8395,23.9937,27.4214,27.4214,0.02909241788700516,0.0,0.0,0.14546208943502578,1.0
2026-06-15,301032,2.7566539923954414,72.0126,76.3028,50.4088,57.6101,57.6101,0.06536441053389086,0.0,0.0,0.3268220526694543,1.0
2026-06-15,601083,4.615384615384621,99.6855,97.0525,69.7799,79.7484,79.7484,0.13479623824451453,0.0,0.0,0.6739811912225726,1.0
2026-06-15,603700,1.6822429906542258,32.3899,45.0231,22.673,25.9119,25.9119,0.04444444444444409,0.0,0.0,0.22222222222222046,1.0
2026-06-16,002200,3.3973412112260126,81.2883,78.4297,56.9018,65.0307,65.0307,0.3300492610837436,0.0,0.0,1.0,1.0
2026-06-16,002900,2.4950099800399306,64.7239,69.9942,45.3067,51.7791,51.7791,0.08924485125858098,0.0,0.0,0.44622425629290485,1.0
2026-06-16,300268,2.393617021276606,60.4294,67.4802,42.3006,48.3436,48.3436,0.04316546762589921,0.0,0.0,0.21582733812949606,1.0
2026-06-16,300314,1.962809917355357,43.2515,53.6713,30.2761,34.6012,34.6012,0.04649623502591681,0.0,0.0,0.23248117512958402,1.0
2026-06-16,300417,2.408563782337203,61.6564,68.5951,43.1595,49.3252,49.3252,0.036504599805610785,0.0,0.0,0.1825229990280539,1.0
2026-06-16,300610,2.077431539187913,49.3865,57.3744,34.5706,39.5092,39.5092,0.10674157303370767,0.0,0.0,0.5337078651685383,1.0
2026-06-16,300615,1.91256830601092,42.0245,52.7527,29.4172,33.6196,33.6196,0.04334783569018081,0.0,0.0,0.21673917845090404,1.0
2026-06-16,300659,1.0516252390057268,2.7607,21.5012,1.9325,2.2086,2.2086,0.035369774919614155,0.0,0.0,0.17684887459807078,1.0
2026-06-16,300771,4.10122164048865,94.7853,94.1133,66.3497,75.8282,75.8282,0.0857464256064919,0.0,0.0,0.42873212803245947,1.0
2026-06-16,300787,4.135737009544016,95.3988,93.3727,66.7791,76.319,76.319,0.14731685918993848,0.0,0.0,0.7365842959496923,1.0
2026-06-16,300961,1.240035429583708,10.7362,27.4606,7.5153,8.589,8.589,0.056417489421720535,0.0,0.0,0.2820874471086027,1.0
2026-06-16,301098,3.1941031941031817,78.8344,80.4613,55.184,63.0675,63.0675,0.13031161473087838,0.0,0.0,0.6515580736543919,1.0
2026-06-22,000929,3.073770491803285,77.1053,74.0339,53.9737,61.6842,61.6842,0.3825136612021859,0.0,0.0,1.0,1.0
2026-06-22,000995,2.3738872403560762,59.7368,67.4352,41.8158,47.7895,47.7895,0.017714791851195687,0.0,0.0,0.08857395925597843,1.0
2026-06-22,002144,1.225259189443939,10.7895,28.2442,7.5526,8.6316,8.6316,0.0193711962319159,0.0,0.0,0.0968559811595795,1.0
2026-06-22,002802,1.8803418803418959,39.7368,50.5462,27.8158,31.7895,31.7895,0.06216509101999015,0.0,0.0,0.31082545509995074,1.0
2026-06-22,002809,2.722772277227725,70.7895,76.2113,49.5526,56.6316,56.6316,0.021013597033374562,0.0,0.0,0.10506798516687281,1.0
2026-06-22,003003,2.3255813953488413,58.1579,65.9824,40.7105,46.5263,46.5263,0.027196652719665586,0.0,0.0,0.1359832635983279,1.0
2026-06-22,300220,2.083333333333348,49.2105,58.3928,34.4474,39.3684,39.3684,0.04878048780487793,0.0,0.0,0.24390243902438966,1.0
2026-06-22,300306,1.4851485148514865,19.7368,35.4163,13.8158,15.7895,15.7895,0.01866110607860949,0.0,0.0,0.09330553039304745,1.0
2026-06-22,300371,2.1093000958772867,49.7368,58.7237,34.8158,39.7895,39.7895,0.053286874661668406,0.0,0.0,0.266434373308342,1.0
2026-06-22,300514,1.5259409969481164,22.3684,37.3055,15.6579,17.8947,17.8947,0.029462738301559994,0.0,0.0,0.14731369150779997,1.0
2026-06-22,300517,3.490759753593431,83.4211,85.1257,58.3947,66.7368,66.7368,0.08055622187697398,0.0,0.0,0.4027811093848699,1.0
2026-06-22,300605,2.383316782522349,60.7895,68.0726,42.5526,48.6316,48.6316,0.027946537059538326,0.0,0.0,0.13973268529769162,1.0
2026-06-22,300610,2.2030651340996243,55.0,62.7079,38.5,44.0,44.0,0.06460674157303319,0.0,0.0,0.3230337078651659,1.0
2026-06-22,300615,4.995374653098983,99.7368,98.972,69.8158,79.7895,79.7895,0.04087550229009212,0.0,0.0,0.20437751145046057,1.0
2026-06-22,300787,1.6701461377870652,30.2632,40.5843,21.1842,24.2105,24.2105,0.1813130574645397,0.0,0.0,0.9065652873226985,1.0
2026-06-22,300795,1.439645625692143,16.5789,32.6783,11.6053,13.2632,13.2632,0.029243578466797614,0.0,0.0,0.14621789233398805,1.0
2026-06-22,300961,2.5854108956602007,68.6842,74.3504,48.0789,54.9474,54.9474,0.0298507462686568,0.0,0.0,0.14925373134328399,1.0
2026-06-22,301126,1.0799136069114423,3.4211,22.142,2.3947,2.7368,2.7368,0.029739776951672885,0.0,0.0,0.14869888475836443,1.0
2026-06-22,301355,1.7821782178217838,33.4211,46.0106,23.3947,26.7368,26.7368,0.03631284916201114,0.0,0.0,0.1815642458100557,1.0
2026-06-22,301519,2.044293015332199,46.0526,55.3204,32.2368,36.8421,36.8421,0.0760871264327741,0.0,0.0,0.3804356321638705,1.0
2026-06-22,600697,1.0731707317072958,2.8947,21.8596,2.0263,2.3158,2.3158,0.022807017543859845,0.0,0.0,0.11403508771929922,1.0
2026-06-22,603700,4.193849021435225,95.0,94.9778,66.5,76.0,76.0,0.051111111111111135,0.0,0.0,0.25555555555555565,1.0
2026-06-23,000995,2.512077294685988,66.9811,72.7376,46.8868,53.5849,53.5849,0.0423654015887026,0.0,0.0,0.21182700794351297,1.0
2026-06-23,002144,1.9553072625698276,42.217,52.4076,29.5519,33.7736,33.7736,0.06829846130825401,0.0,0.0,0.34149230654127005,1.0
2026-06-23,002205,2.06648697214733,48.1132,56.0814,33.6792,38.4906,38.4906,0.12045889101338446,0.0,0.0,0.6022944550669223,1.0
2026-06-23,002809,2.048192771084323,46.4623,55.9962,32.5236,37.1698,37.1698,0.05867970660146704,0.0,0.0,0.2933985330073352,1.0
2026-06-23,002900,3.9593908629441676,91.2736,91.2606,63.8915,73.0189,73.0189,0.08791208791208797,0.0,0.0,0.43956043956043983,1.0
2026-06-23,300220,3.371783496007108,80.8962,82.1503,56.6274,64.717,64.717,0.12833333333333327,0.0,0.0,0.6416666666666663,1.0
2026-06-23,300314,1.6649323621227952,26.6509,39.9579,18.6557,21.3208,21.3208,0.06814115502675204,0.0,0.0,0.34070577513376016,1.0
2026-06-23,300417,2.06648697214733,48.1132,55.6694,33.6792,38.4906,38.4906,0.14105838332244547,0.0,0.0,0.7052919166122273,1.0
2026-06-23,300500,2.4767801857585203,65.3302,69.4611,45.7311,52.2642,52.2642,0.14015151515151517,0.0,0.0,0.7007575757575758,1.0
2026-06-23,300605,1.5518913676042745,23.3491,37.1995,16.3443,18.6792,18.6792,0.0739856801909309,0.0,0.0,0.36992840095465446,1.0
2026-06-23,300615,1.3215859030837107,12.5,27.058,8.75,10.0,10.0,0.1470989943569289,0.0,0.0,0.7354949717846445,1.0
2026-06-23,300787,2.8747433264886935,74.7642,75.4598,52.3349,59.8113,59.8113,0.21757566895744768,0.0,0.0,1.0,1.0
2026-06-23,300884,1.5340364333652934,20.9906,35.9449,14.6934,16.7925,16.7925,0.04237743436989192,0.0,0.0,0.2118871718494596,1.0
2026-06-23,300929,4.340124003542956,95.9906,92.3044,67.1934,76.7925,76.7925,0.22440087145969487,0.0,0.0,1.0,1.0
2026-06-23,300958,1.4886164623467701,18.6321,31.7057,13.0425,14.9057,14.9057,0.15999999999999992,0.0,0.0,0.7999999999999996,1.0
2026-06-23,300994,1.9332161687170446,41.2736,51.2791,28.8915,33.0189,33.0189,0.08698902351796277,0.0,0.0,0.4349451175898138,1.0
2026-06-23,301009,1.8994413407821265,39.8585,50.0817,27.9009,31.8868,31.8868,0.09025270758122757,0.0,0.0,0.4512635379061378,1.0
2026-06-23,301126,1.8162393162393098,33.2547,44.5059,23.2783,26.6038,26.6038,0.10489510489510483,0.0,0.0,0.5244755244755241,1.0
2026-06-23,301395,4.888888888888898,99.2925,96.6836,69.5047,79.434,79.434,0.1375186846038864,0.0,0.0,0.6875934230194319,1.0
2026-06-23,600272,4.045155221072427,92.217,92.3566,64.5519,73.7736,73.7736,0.07085020242915017,0.0,0.0,0.35425101214575083,1.0
2026-06-23,600689,2.157598499061919,51.6509,59.5933,36.1557,41.3208,41.3208,0.08637236084452969,0.0,0.0,0.4318618042226484,1.0
2026-06-23,600697,1.7374517374517229,30.8962,42.8849,21.6274,24.717,24.717,0.09160305343511413,0.0,0.0,0.4580152671755706,1.0
2026-06-23,603700,4.025044722719162,91.7453,90.374,64.2217,73.3962,73.3962,0.15111111111111106,0.0,0.0,0.7555555555555552,1.0
2026-06-29,002900,3.571428571428581,82.8638,86.2492,58.0047,66.2911,66.2911,0.002096436058700165,0.0,0.0,0.010482180293500825,1.0
2026-06-29,002982,1.4897579143389184,19.7183,35.6604,13.8028,15.7746,15.7746,0.005712113133467144,0.0,0.0,0.028560565667335717,1.0
2026-06-29,300452,4.649122807017547,98.8263,98.9489,69.1784,79.061,79.061,0.005606663827488587,0.0,0.0,0.028033319137442933,1.0
2026-06-29,300583,3.2579185520362097,78.169,82.1287,54.7183,62.5352,62.5352,0.02032520325203273,0.0,0.0,0.10162601626016365,1.0
2026-06-29,300612,1.4018691588784993,15.2582,32.0576,10.6808,12.2066,12.2066,0.007447528774542954,0.0,0.0,0.03723764387271477,1.0
2026-06-29,300929,1.132075471698113,5.8685,22.9744,4.108,4.6948,4.6948,0.08602150537634416,0.0,0.0,0.43010752688172077,1.0
2026-06-29,301126,2.2067363530778206,54.6948,63.5535,38.2864,43.7559,43.7559,0.010118043844856445,0.0,0.0,0.050590219224282224,1.0
2026-06-29,600272,2.268244575936862,55.6338,64.1209,38.9437,44.507,44.507,0.019305019305019603,0.0,0.0,0.09652509652509801,1.0
2026-06-29,600697,1.538461538461533,21.831,36.9092,15.2817,17.4648,17.4648,0.027777777777778064,0.0,0.0,0.1388888888888903,1.0
2026-06-29,601083,2.409638554216853,62.6761,70.1408,43.8732,50.1408,50.1408,0.0,0.0,0.0,0.0,1.0
2026-06-29,603079,1.0452961672473782,0.7042,20.3937,0.493,0.5634,0.5634,0.00848256361922717,0.0,0.0,0.04241281809613585,1.0
2026-06-30,000020,1.3011152416356975,13.0137,29.9776,9.1096,10.411,10.411,0.02166776099803021,0.0,0.0,0.10833880499015104,1.0
2026-06-30,002200,3.626943005181338,83.79,85.1715,58.653,67.032,67.032,0.09302325581395354,0.0,0.0,0.4651162790697677,1.0
2026-06-30,002858,1.1121408711770142,4.7945,23.241,3.3562,3.8356,3.8356,0.029729729729729582,0.0,0.0,0.1486486486486479,1.0
2026-06-30,003038,1.9837691614066788,45.4338,55.6966,31.8037,36.347,36.347,0.03252032520325195,0.0,0.0,0.16260162601625974,1.0
2026-06-30,300306,1.464435146443499,18.4932,33.9431,12.9452,14.7945,14.7945,0.04257183535938261,0.0,0.0,0.21285917679691305,1.0
2026-06-30,300417,1.3833992094861802,16.21,31.6296,11.347,12.968,12.968,0.06692379493140323,0.0,0.0,0.3346189746570161,1.0
2026-06-30,300514,1.5200868621063846,22.1461,36.6227,15.5023,17.7169,17.7169,0.05471124620060807,0.0,0.0,0.27355623100304033,1.0
2026-06-30,300517,2.502720348204579,66.895,72.2666,46.8265,53.516,53.516,0.062466801471052165,0.0,0.0,0.3123340073552608,1.0
2026-06-30,300605,1.3157894736842257,13.9269,30.5138,9.7489,11.1416,11.1416,0.031385281385281294,0.0,0.0,0.15692640692640647,1.0
2026-06-30,300884,4.311251314405884,95.6621,95.8587,66.9635,76.5297,76.5297,0.033546688640473804,0.0,0.0,0.16773344320236902,1.0
2026-06-30,301098,1.1097410604192337,3.8813,20.6688,2.7169,3.105,3.105,0.12181303116147296,0.0,0.0,0.6090651558073648,1.0
2026-06-30,301355,3.821656050955413,87.8995,89.3196,61.5297,70.3196,70.3196,0.049999999999999906,0.0,0.0,0.24999999999999953,1.0
2026-06-30,603700,2.834366696191326,72.8311,73.442,50.9817,58.2648,58.2648,0.24114179863478102,0.0,0.0,1.0,1.0
2026-07-01,000020,2.477064220183478,59.0385,66.6136,41.3269,47.2308,47.2308,0.030860144451740026,0.0,0.0,0.15430072225870012,1.0
2026-07-01,000929,1.4857142857142902,17.5,33.5224,12.25,14.0,14.0,0.023880597014925398,0.0,0.0,0.11940298507462699,1.0
2026-07-01,000995,4.842105263157914,99.0385,98.9943,69.3269,79.2308,79.2308,0.011824324324324372,0.0,0.0,0.05912162162162186,1.0
2026-07-01,002144,2.9441624365482255,70.1923,75.5364,49.1346,56.1538,56.1538,0.030874773757473873,0.0,0.0,0.15437386878736936,1.0
2026-07-01,002209,1.8304431599229343,32.8846,45.311,23.0192,26.3077,26.3077,0.04983392834057898,0.0,0.0,0.2491696417028949,1.0
2026-07-01,002802,2.6615969581749166,64.0385,70.801,44.8269,51.2308,51.2308,0.02149037129081243,0.0,0.0,0.10745185645406215,1.0
2026-07-01,002809,3.360215053763449,75.5769,80.1552,52.9038,60.4615,60.4615,0.015318092597278935,0.0,0.0,0.07659046298639467,1.0
2026-07-01,002835,3.9232781168264896,87.8846,88.9665,61.5192,70.3077,70.3077,0.06706126525665822,0.0,0.0,0.33530632628329105,1.0
2026-07-01,002858,2.29147571035746,51.7308,60.4657,36.2115,41.3846,41.3846,0.045945945945945935,0.0,0.0,0.22972972972972966,1.0
2026-07-01,002910,2.5270758122743597,61.3462,59.6438,67.9423,64.0769,64.0769,0.47165532879818595,1.0,0.0,1.0,1.0
2026-07-01,002949,3.033367037411505,71.3462,76.0591,49.9423,57.0769,57.0769,0.05089198998108516,0.0,0.0,0.2544599499054258,1.0
2026-07-01,003003,3.41708542713568,76.7308,79.6699,53.7115,61.3846,61.3846,0.08573415190702968,0.0,0.0,0.4286707595351484,1.0
2026-07-01,300220,2.5986525505293567,62.8846,69.4613,44.0192,50.3077,50.3077,0.04231974921630115,0.0,0.0,0.21159874608150572,1.0
2026-07-01,300314,3.759398496240607,83.6538,85.5954,58.5577,66.9231,66.9231,0.066382992299316,0.0,0.0,0.33191496149658,1.0
2026-07-01,300417,2.4366471734892814,58.2692,64.8084,40.7885,46.6154,46.6154,0.09034712315739454,0.0,0.0,0.4517356157869727,1.0
2026-07-01,300437,3.6412078152753047,81.7308,84.9187,57.2115,65.3846,65.3846,0.023294509151414258,0.0,0.0,0.11647254575707128,1.0
2026-07-01,300500,3.5107587768969495,78.2692,81.7969,54.7885,62.6154,62.6154,0.04092526690391466,0.0,0.0,0.2046263345195733,1.0
2026-07-01,300514,1.4973262032085488,19.0385,33.711,13.3269,15.2308,15.2308,0.07598784194528868,0.0,0.0,0.3799392097264434,1.0
2026-07-01,300583,4.363312555654519,95.5769,94.1715,66.9038,76.4615,76.4615,0.11450381679389302,0.0,0.0,0.572519083969465,1.0
2026-07-01,300605,4.43722943722944,96.7308,96.4972,67.7115,77.3846,77.3846,0.04437229437229439,0.0,0.0,0.22186147186147193,1.0
2026-07-01,300610,1.846153846153853,34.4231,46.5906,24.0962,27.5385,27.5385,0.047393364928909464,0.0,0.0,0.2369668246445473,1.0
2026-07-01,300612,4.117108874656927,92.1154,93.2055,64.4808,73.6923,73.6923,0.024340770791075012,0.0,0.0,0.12170385395537506,1.0
2026-07-01,300614,2.789256198347112,67.5,72.9343,47.25,54.0,54.0,0.053283767038413844,0.0,0.0,0.2664188351920692,1.0
2026-07-01,300615,2.6919242273180544,64.4231,70.704,45.0962,51.5385,51.5385,0.04172061702785416,0.0,0.0,0.20860308513927078,1.0
2026-07-01,300659,2.6315789473684292,63.6538,70.2858,44.5577,50.9231,50.9231,0.03186274509803919,0.0,0.0,0.15931372549019596,1.0
2026-07-01,300707,2.7728085867620766,66.3462,72.5849,46.4423,53.0769,53.0769,0.02460082474478927,0.0,0.0,0.12300412372394634,1.0
2026-07-01,300719,1.707941929974366,29.0385,42.4761,20.3269,23.2308,23.2308,0.0377358490566039,0.0,0.0,0.18867924528301946,1.0
2026-07-01,300771,3.9728682170542706,89.4231,90.3897,62.5962,71.5385,71.5385,0.05743627160772188,0.0,0.0,0.2871813580386094,1.0
2026-07-01,300774,1.3023255813953583,10.9615,28.4535,7.6731,8.7692,8.7692,0.015787273401059038,0.0,0.0,0.07893636700529519,1.0
2026-07-01,300787,1.6447368421052655,25.1923,38.6127,17.6346,20.1538,20.1538,0.07705804942242928,0.0,0.0,0.3852902471121464,1.0
2026-07-01,300795,1.7523364485981352,30.1923,42.9544,21.1346,24.1538,24.1538,0.05997008831512492,0.0,0.0,0.29985044157562457,1.0
2026-07-01,300958,3.8533834586466087,86.7308,87.7779,60.7115,69.3846,69.3846,0.08033826638477817,0.0,0.0,0.40169133192389084,1.0
2026-07-01,300994,2.2492970946579316,49.4231,58.0761,34.5962,39.5385,39.5385,0.07311929826249022,0.0,0.0,0.3655964913124511,1.0
2026-07-01,301032,3.010752688172036,70.9615,75.9873,49.6731,56.7692,56.7692,0.03909807858855884,0.0,0.0,0.1954903929427942,1.0
2026-07-01,301098,4.146341463414638,92.8846,91.3615,65.0192,74.3077,74.3077,0.1473087818696882,0.0,0.0,0.736543909348441,1.0
2026-07-01,301156,4.047838086476552,90.5769,91.2392,63.4038,72.4615,72.4615,0.06111699580654668,0.0,0.0,0.30558497903273335,1.0
2026-07-01,301298,2.9386343993085484,69.4231,74.2791,48.5962,55.5385,55.5385,0.06297010400594114,0.0,0.0,0.31485052002970565,1.0
2026-07-01,301519,2.580645161290329,61.7308,67.7388,43.2115,49.3846,49.3846,0.08228855141059074,0.0,0.0,0.4114427570529537,1.0
2026-07-01,600272,3.9447731755424043,88.6538,89.6339,62.0577,70.9231,70.9231,0.06445672191528579,0.0,0.0,0.32228360957642893,1.0
2026-07-01,600689,2.268041237113416,49.8077,59.4085,34.8654,39.8462,39.8462,0.021883283169468873,0.0,0.0,0.10941641584734436,1.0
2026-07-01,600697,2.777777777777768,66.7308,72.4931,46.7115,53.3846,53.3846,0.04457364341085293,0.0,0.0,0.22286821705426466,1.0
2026-07-01,603079,4.7237076648831255,98.6538,98.2534,69.0577,78.9231,78.9231,0.03348416289592772,0.0,0.0,0.16742081447963858,1.0
2026-07-01,603151,3.821656050955413,85.0,87.3621,59.5,68.0,68.0,0.031893004115226435,0.0,0.0,0.15946502057613215,1.0
2026-07-01,603208,4.299065420560755,94.4231,94.0882,66.0962,75.5385,75.5385,0.07251264755480602,0.0,0.0,0.3625632377740301,1.0
2026-07-01,603238,3.6363636363636376,80.9615,84.3519,56.6731,64.7692,64.7692,0.020868491998148435,0.0,0.0,0.10434245999074217,1.0
2026-07-02,002982,3.100775193798455,71.673,73.1869,50.1711,57.3384,57.3384,0.20757477431540752,0.0,0.0,1.0,1.0
2026-07-02,300313,3.841387856257761,86.5019,81.6374,60.5513,69.2015,69.2015,0.37820512820512836,0.0,0.0,1.0,1.0
2026-07-02,300583,1.3651877133105783,13.1179,26.334,9.1825,10.4943,10.4943,0.20801526717557275,0.0,0.0,1.0,1.0
2026-07-02,300610,1.309164149043296,11.2167,27.1724,7.8517,8.9734,8.9734,0.09004739336492874,0.0,0.0,0.4502369668246437,1.0
2026-07-02,601083,1.8000000000000016,31.749,43.5098,22.2243,25.3992,25.3992,0.09447001739146932,0.0,0.0,0.4723500869573466,1.0
2026-07-02,603506,1.9367991845055998,38.9734,48.8329,27.2814,31.1787,31.1787,0.1172890151399772,0.0,0.0,0.586445075699886,1.0
2026-07-03,000929,1.9144144144144226,37.7517,48.8918,26.4262,30.2013,30.2013,0.06547619047619067,0.0,0.0,0.3273809523809533,1.0
2026-07-03,000995,1.0111223458038276,0.1678,19.239,0.1174,0.1342,0.1342,0.04476351351351361,0.0,0.0,0.22381756756756804,1.0
2026-07-03,002144,2.0689655172413612,43.7919,53.6751,30.6544,35.0336,35.0336,0.06792450226644262,0.0,0.0,0.33962251133221305,1.0
2026-07-03,002200,3.785488958990535,84.396,81.3927,59.0772,67.5168,67.5168,0.3062015503875968,0.0,0.0,1.0,1.0
2026-07-03,002205,3.34645669291338,75.3356,78.8351,52.7349,60.2685,60.2685,0.07166666666666661,0.0,0.0,0.35833333333333306,1.0
2026-07-03,002209,3.893637226970559,88.0872,89.0797,61.6611,70.4698,70.4698,0.06950521584343888,0.0,0.0,0.3475260792171944,1.0
2026-07-03,002802,2.5304592314901564,60.906,67.8345,42.6342,48.7248,48.7248,0.04451576910239743,0.0,0.0,0.22257884551198712,1.0
2026-07-03,002809,1.4304291287386084,14.9329,31.0508,10.453,11.9463,11.9463,0.044775962976661324,0.0,0.0,0.2238798148833066,1.0
2026-07-03,002858,1.7399267399267337,29.3624,42.544,20.5537,23.4899,23.4899,0.04729729729729726,0.0,0.0,0.2364864864864863,1.0
2026-07-03,002900,2.471678681771361,57.5503,62.9633,40.2852,46.0403,46.0403,0.15384615384615405,0.0,0.0,0.7692307692307702,1.0
2026-07-03,003003,2.1297192642788065,45.4698,53.3012,31.8289,36.3758,36.3758,0.1537320391155395,0.0,0.0,0.7686601955776975,1.0
2026-07-03,003038,2.0627802690583064,42.7852,53.4384,29.9497,34.2282,34.2282,0.03948896631823459,0.0,0.0,0.19744483159117296,1.0
2026-07-03,300220,1.9961977186311763,40.7718,51.3635,28.5403,32.6174,32.6174,0.06269592476489033,0.0,0.0,0.31347962382445166,1.0
2026-07-03,300268,1.2227074235807933,8.8926,21.8631,6.2248,7.1141,7.1141,0.26254826254826247,0.0,0.0,1.0,1.0
2026-07-03,300306,2.699896157840076,63.9262,70.0511,44.7483,51.1409,51.1409,0.05449194926000978,0.0,0.0,0.2724597463000489,1.0
2026-07-03,300314,2.1671826625387025,46.8121,54.9208,32.7685,37.4497,37.4497,0.12644379485583987,0.0,0.0,0.6322189742791993,1.0
2026-07-03,300371,4.439959636730562,96.8121,95.456,67.7685,77.4497,77.4497,0.09968219178200212,0.0,0.0,0.4984109589100106,1.0
2026-07-03,300417,3.2038834951456208,73.6577,76.9854,51.5604,58.9262,58.9262,0.09703950265053504,0.0,0.0,0.4851975132526752,1.0
2026-07-03,300500,1.7679558011049812,30.3691,42.6678,21.2584,24.2953,24.2953,0.08137432188065118,0.0,0.0,0.40687160940325584,1.0
2026-07-03,300514,2.3454157782515805,52.8523,60.6709,36.9966,42.2819,42.2819,0.08054711246200615,0.0,0.0,0.4027355623100307,1.0
2026-07-03,300517,2.714440825190012,64.2617,70.0708,44.9832,51.4094,51.4094,0.06692871586184192,0.0,0.0,0.33464357930920957,1.0
2026-07-03,300605,1.3800424628450214,13.9262,29.8639,9.7483,11.1409,11.1409,0.06385281385281384,0.0,0.0,0.3192640692640692,1.0
2026-07-03,300614,3.750000000000009,83.7248,86.1125,58.6074,66.9799,66.9799,0.04337050805452288,0.0,0.0,0.21685254027261439,1.0
2026-07-03,300615,2.219979818365303,49.4966,59.0758,34.6477,39.5973,39.5973,0.026075385642408876,0.0,0.0,0.13037692821204436,1.0
2026-07-03,300616,1.5482695810564717,22.1477,36.2083,15.5034,17.7181,17.7181,0.07549071652031504,0.0,0.0,0.3774535826015752,1.0
2026-07-03,300635,1.299826689774708,10.2349,27.317,7.1644,8.1879,8.1879,0.04354587869362353,0.0,0.0,0.21772939346811765,1.0
2026-07-03,300659,3.691983122362874,82.3826,85.3178,57.6678,65.906,65.906,0.029411764705882384,0.0,0.0,0.1470588235294119,1.0
2026-07-03,300707,3.5870516185476875,79.3624,82.6135,55.5537,63.4899,63.4899,0.04382021907665587,0.0,0.0,0.21910109538327935,1.0
2026-07-03,300771,2.4953789279112737,58.8926,64.5295,41.2248,47.1141,47.1141,0.12923161111737416,0.0,0.0,0.6461580555868708,1.0
2026-07-03,300787,3.4178610804851184,77.0134,80.2962,53.9094,61.6107,61.6107,0.0657259833308958,0.0,0.0,0.328629916654479,1.0
2026-07-03,300958,1.5454545454545388,21.6443,34.1865,15.151,17.3154,17.3154,0.1564482029598309,0.0,0.0,0.7822410147991544,1.0
2026-07-03,301126,2.7839643652561197,66.9463,71.299,46.8624,53.557,53.557,0.11290322580645176,0.0,0.0,0.5645161290322588,1.0
2026-07-03,301156,1.5915119363395291,23.9933,36.4783,16.7953,19.1946,19.1946,0.13581554623677072,0.0,0.0,0.6790777311838536,1.0
2026-07-03,301519,2.8854824165915227,68.9597,72.6443,48.2718,55.1678,55.1678,0.1261757788295726,0.0,0.0,0.6308788941478629,1.0
2026-07-03,600272,4.60959548447788,97.8188,95.1611,68.4732,78.255,78.255,0.1546961325966855,0.0,0.0,0.7734806629834274,1.0
2026-07-03,600697,2.0020020020020013,41.1074,50.8283,28.7752,32.8859,32.8859,0.10288065843621406,0.0,0.0,0.5144032921810703,1.0
2026-07-03,603506,1.200000000000001,7.5503,23.0192,5.2852,6.0403,6.0403,0.15105403464997055,0.0,0.0,0.7552701732498527,1.0
2026-07-09,300517,2.2371364653243964,49.661,59.595,34.7627,39.7288,39.7288,0.006692871586184033,0.0,0.0,0.03346435793092016,1.0
2026-07-09,300612,1.2206572769952961,8.3051,26.2967,5.8136,6.6441,6.6441,0.017368069472277876,0.0,0.0,0.08684034736138938,1.0
2026-07-09,300884,2.094240837696315,44.5763,50.6189,31.2034,35.661,35.661,0.25210547577536074,0.0,0.0,1.0,1.0
2026-07-09,300958,1.4018691588784993,13.8983,29.2582,9.7288,11.1186,11.1186,0.09302325581395338,0.0,0.0,0.4651162790697669,1.0
2026-07-09,301180,1.730103806228378,27.6271,41.9182,19.339,22.1017,22.1017,0.009174311926605604,0.0,0.0,0.04587155963302802,1.0
2026-07-10,001366,3.806870937790152,85.479,87.7174,59.8353,68.3832,68.3832,0.03329223181257702,0.0,0.0,0.16646115906288508,1.0
2026-07-10,002205,3.2032032032031976,74.4012,78.6543,52.0808,59.521,59.521,0.0433333333333333,0.0,0.0,0.21666666666666648,1.0
2026-07-10,002209,1.8018018018018056,31.2874,44.4946,21.9012,25.0299,25.0299,0.02676752665879076,0.0,0.0,0.1338376332939538,1.0
2026-07-10,002802,2.9154518950437414,68.7126,74.1011,48.0988,54.9701,54.9701,0.043449638098030686,0.0,0.0,0.21724819049015343,1.0
2026-07-10,002809,3.82513661202184,86.6766,88.8803,60.6737,69.3413,69.3413,0.023050247782842235,0.0,0.0,0.11525123891421117,1.0
2026-07-10,002858,2.190476190476187,47.1557,57.2285,33.009,37.7246,37.7246,0.024804177545691846,0.0,0.0,0.12402088772845922,1.0
2026-07-10,002900,3.0494216614090464,71.1078,74.5983,49.7754,56.8862,56.8862,0.11439842209072978,0.0,0.0,0.5719921104536488,1.0
2026-07-10,003003,1.3958125623130702,13.024,28.4182,9.1168,10.4192,10.4192,0.10004949658250542,0.0,0.0,0.5002474829125271,1.0
2026-07-10,003038,1.6744186046511622,25.8982,40.1145,18.1287,20.7186,20.7186,0.030201342281879144,0.0,0.0,0.1510067114093957,1.0
2026-07-10,300220,1.9153225806451513,37.2754,48.8928,26.0928,29.8204,29.8204,0.04637681159420294,0.0,0.0,0.2318840579710147,1.0
2026-07-10,300268,2.6365348399246757,62.4251,67.8938,43.6976,49.9401,49.9401,0.1023166023166022,0.0,0.0,0.5115830115830109,1.0
2026-07-10,300314,2.056277056277045,41.7665,52.3068,29.2365,33.4132,33.4132,0.055319160249429955,0.0,0.0,0.2765958012471498,1.0
2026-07-10,300417,1.579466929911133,22.3054,36.4724,15.6138,17.8443,17.8443,0.06859688980468857,0.0,0.0,0.34298444902344283,1.0
2026-07-10,300437,1.2487992315081575,9.1317,26.6746,6.3922,7.3054,7.3054,0.03153846153846155,0.0,0.0,0.15769230769230774,1.0
2026-07-10,300500,3.6994219653179172,83.3832,85.8733,58.3683,66.7066,66.7066,0.04166666666666688,0.0,0.0,0.2083333333333344,1.0
2026-07-10,300514,2.3307436182020025,51.9461,60.8942,36.3623,41.5569,41.5569,0.033132530120482034,0.0,0.0,0.16566265060241017,1.0
2026-07-10,300583,2.5151777970511713,59.4311,64.1098,41.6018,47.5449,47.5449,0.17175572519083954,0.0,0.0,0.8587786259541976,1.0
2026-07-10,300605,3.3370411568409253,76.497,80.4757,53.5479,61.1976,61.1976,0.03609341825902334,0.0,0.0,0.18046709129511668,1.0
2026-07-10,300612,4.359925788497221,95.3593,95.7664,66.7515,76.2874,76.2874,0.026052104208416756,0.0,0.0,0.13026052104208377,1.0
2026-07-10,300614,2.628811777076767,61.8263,68.8167,43.2784,49.4611,49.4611,0.03221809169764557,0.0,0.0,0.16109045848822784,1.0
2026-07-10,300615,2.436440677966112,55.8383,63.8032,39.0868,44.6707,44.6707,0.0433731348227152,0.0,0.0,0.216865674113576,1.0
2026-07-10,300616,1.6848364717542141,26.497,40.6555,18.5479,21.1976,21.1976,0.02710674468521959,0.0,0.0,0.13553372342609796,1.0
2026-07-10,300635,1.7224880382775254,27.6946,41.411,19.3862,22.1557,22.1557,0.0372340425531914,0.0,0.0,0.18617021276595697,1.0
2026-07-10,300645,1.6170212765957315,23.503,38.0819,16.4521,18.8024,18.8024,0.0360247560508168,0.0,0.0,0.180123780254084,1.0
2026-07-10,300659,1.793248945147674,30.6886,43.5894,21.482,24.5509,24.5509,0.04807692307692313,0.0,0.0,0.24038461538461564,1.0
2026-07-10,300707,2.4793388429751984,57.3353,65.4311,40.1347,45.8683,45.8683,0.02185760391972702,0.0,0.0,0.1092880195986351,1.0
2026-07-10,300719,3.063063063063054,71.4072,76.4927,49.985,57.1257,57.1257,0.03165182987141447,0.0,0.0,0.15825914935707233,1.0
2026-07-10,300771,1.6425120772946888,24.1018,38.0466,16.8713,19.2814,19.2814,0.061743991978300924,0.0,0.0,0.3087199598915046,1.0
2026-07-10,300774,3.4068136272545013,77.994,82.0102,54.5958,62.3952,62.3952,0.01925155526543618,0.0,0.0,0.0962577763271809,1.0
2026-07-10,300795,1.0804321728691502,2.5449,21.395,1.7814,2.0359,2.0359,0.03204520730911807,0.0,0.0,0.16022603654559034,1.0
2026-07-10,300958,1.5668202764977046,22.006,35.1101,15.4042,17.6048,17.6048,0.12473572938689213,0.0,0.0,0.6236786469344606,1.0
2026-07-10,301032,3.1152647975077663,72.6048,76.1799,50.8234,58.0838,58.0838,0.09519532178083882,0.0,0.0,0.4759766089041941,1.0
2026-07-10,301037,2.298850574712641,51.3473,60.2173,35.9431,41.0778,41.0778,0.04302670623145413,0.0,0.0,0.21513353115727066,1.0
2026-07-10,301098,4.227053140096637,93.8623,91.6904,65.7036,75.0898,75.0898,0.16997167138810182,0.0,0.0,0.849858356940509,1.0
2026-07-10,301126,3.214695752009167,75.0,78.6129,52.5,60.0,60.0,0.06935483870967765,0.0,0.0,0.34677419354838823,1.0
2026-07-10,301156,1.019462465245602,0.4491,19.4086,0.3144,0.3593,0.3593,0.047535441182869606,0.0,0.0,0.23767720591434802,1.0
2026-07-10,600689,2.8955532574974185,68.4132,74.0551,47.8892,54.7305,54.7305,0.033771778129939735,0.0,0.0,0.16885889064969867,1.0
2026-07-10,600697,2.8183716075156573,66.6168,72.5162,46.6317,53.2934,53.2934,0.03886107182745922,0.0,0.0,0.1943053591372961,1.0
2026-07-10,603079,3.4734917733089565,79.1916,82.8159,55.4341,63.3533,63.3533,0.02686810891552785,0.0,0.0,0.13434054457763925,1.0
2026-07-10,603506,1.464435146443499,14.9701,30.5188,10.479,11.976,11.976,0.07286135788998585,0.0,0.0,0.3643067894499292,1.0
2026-07-14,000020,2.970297029702973,68.9702,75.1249,48.2791,55.1762,55.1762,0.0025641025641025095,0.0,0.0,0.012820512820512546,1.0
2026-07-14,000586,2.8871391076115582,66.8022,73.4126,46.7615,53.4417,53.4417,0.001458789204959852,0.0,0.0,0.00729394602479926,1.0
2026-07-14,001366,4.570895522388052,97.6965,97.6146,68.3875,78.1572,78.1572,0.02712700369913695,0.0,0.0,0.13563501849568474,1.0
2026-07-14,001387,2.1853146853146876,44.0379,54.8397,30.8266,35.2304,35.2304,0.01953253831866584,0.0,0.0,0.09766269159332919,1.0
2026-07-14,002144,2.9204431017120003,67.6152,73.2298,47.3306,54.0921,54.0921,0.043118182131013094,0.0,0.0,0.21559091065506547,1.0
2026-07-14,002205,1.535312180143289,17.4797,33.8504,12.2358,13.9837,13.9837,0.006666666666666525,0.0,0.0,0.033333333333332625,1.0
2026-07-14,002209,1.603206412825653,22.0867,37.1595,15.4607,17.6694,17.6694,0.02549288253218171,0.0,0.0,0.12746441266090855,1.0
2026-07-14,002809,2.7397260273972712,62.4661,69.558,43.7263,49.9729,49.9729,0.02074522300455796,0.0,0.0,0.10372611502278979,1.0
2026-07-14,002858,2.6522593320235766,60.0271,67.945,42.019,48.0217,48.0217,0.003836317135549791,0.0,0.0,0.019181585677748955,1.0
2026-07-14,002900,4.522096608427528,96.6125,94.1342,67.6287,77.29,77.29,0.1577909270216964,0.0,0.0,0.788954635108482,1.0
2026-07-14,002949,1.322482197355046,10.1626,27.273,7.1138,8.1301,8.1301,0.04285641261565061,0.0,0.0,0.21428206307825304,1.0
2026-07-14,003003,2.713567839195985,61.3821,67.391,42.9675,49.1057,49.1057,0.08573415190702968,0.0,0.0,0.4286707595351484,1.0
2026-07-14,300220,3.451882845188292,78.7263,82.8949,55.1084,62.981,62.981,0.004304160688665873,0.0,0.0,0.021520803443329364,1.0
2026-07-14,300314,4.162219850586979,92.5474,92.5206,64.7832,74.0379,74.0379,0.0758662769135038,0.0,0.0,0.37933138456751897,1.0
2026-07-14,300417,3.8105046343975157,85.2304,88.1843,59.6612,68.1843,68.1843,0.0,0.0,0.0,0.0,1.0
2026-07-14,300437,2.0979020979021046,41.8699,53.4192,29.3089,33.4959,33.4959,0.0038343558282207773,0.0,0.0,0.019171779141103885,1.0
2026-07-14,300500,2.2067363530778206,45.7995,55.9729,32.0596,36.6396,36.6396,0.03333333333333336,0.0,0.0,0.1666666666666668,1.0
2026-07-14,300605,2.9680365296803624,68.6992,72.4593,48.0894,54.9593,54.9593,0.125,0.0,0.0,0.625,1.0
2026-07-14,300610,3.0601092896174853,70.5962,76.2975,49.4173,56.477,56.477,0.008975648579039696,0.0,0.0,0.04487824289519848,1.0
2026-07-14,300614,2.0585048754062862,39.4309,51.4219,27.6016,31.5447,31.5447,0.00614250614250623,0.0,0.0,0.030712530712531147,1.0
2026-07-14,300615,3.19383259911894,73.8482,78.9113,51.6938,59.0786,59.0786,0.00836313323945174,0.0,0.0,0.0418156661972587,1.0
2026-07-14,300616,1.546391752577314,18.8347,34.6495,13.1843,15.0678,15.0678,0.020914383391046926,0.0,0.0,0.10457191695523463,1.0
2026-07-14,300635,2.8028028028028062,64.9051,71.8723,45.4336,51.9241,51.9241,0.0025906735751294783,0.0,0.0,0.01295336787564739,1.0
2026-07-14,300645,1.7406440382941701,27.2358,41.5744,19.065,21.7886,21.7886,0.010710062609702259,0.0,0.0,0.05355031304851129,1.0
2026-07-14,300650,1.2227074235807933,7.0461,25.3839,4.9322,5.6369,5.6369,0.012647428340110095,0.0,0.0,0.06323714170055048,1.0
2026-07-14,300707,2.7281279397930236,62.1951,69.6659,43.5366,49.7561,49.7561,0.004512060518047133,0.0,0.0,0.022560302590235663,1.0
2026-07-14,300845,4.166666666666674,92.8184,91.5658,64.9729,74.2547,74.2547,0.13444500401118487,0.0,0.0,0.6722250200559243,1.0
2026-07-14,300884,1.559633027522933,20.1897,32.3481,38.1513,31.1518,30.9064,0.1901848326024651,1.0,0.0,0.9509241630123255,1.0
2026-07-14,300958,1.46520146520146,13.9566,28.3746,9.7696,11.1653,11.1653,0.13953488372093026,0.0,0.0,0.6976744186046513,1.0
2026-07-14,301032,2.676659528907921,60.5691,67.5373,42.3984,48.4553,48.4553,0.04589774443004718,0.0,0.0,0.2294887221502359,1.0
2026-07-14,301156,3.08988764044944,71.4092,76.5502,49.9864,57.1274,57.1274,0.028860803575313742,0.0,0.0,0.1443040178765687,1.0
2026-07-14,301180,3.4608378870673917,78.9973,83.1498,55.2981,63.1978,63.1978,0.0024019215372298743,0.0,0.0,0.01200960768614937,1.0
2026-07-14,301198,1.0600706713780772,1.4905,20.9015,1.0434,1.1924,1.1924,0.014545454545454667,0.0,0.0,0.07272727272727333,1.0
2026-07-14,301355,2.580645161290307,57.5881,65.0501,40.3117,46.0705,46.0705,0.05102040816326532,0.0,0.0,0.2551020408163266,1.0
2026-07-14,600272,4.532839962997226,96.8835,93.6955,67.8184,77.5068,77.5068,0.19056620395416565,0.0,0.0,0.9528310197708282,1.0
2026-07-14,600697,2.4896265560165887,54.878,62.8758,38.4146,43.9024,43.9024,0.05133415722796121,0.0,0.0,0.25667078613980604,1.0
2026-07-14,601083,2.3483365949119372,50.0,56.8116,35.0,40.0,40.0,0.1594181543481046,0.0,0.0,0.797090771740523,1.0
2026-07-14,603238,4.549590536851689,97.1545,97.3282,68.0081,77.7236,77.7236,0.019770150314035378,0.0,0.0,0.09885075157017688,1.0
2026-07-14,603700,3.10008857395927,71.6802,72.5213,75.1762,72.3442,72.3442,0.24114179863478102,1.0,0.0,1.0,1.0
2026-07-15,000929,2.028639618138417,39.7208,50.4433,27.8046,31.7766,31.7766,0.06666666666666707,0.0,0.0,0.3333333333333353,1.0
2026-07-15,000995,4.033092037228547,90.736,91.6782,63.5152,72.5888,72.5888,0.04552980132450337,0.0,0.0,0.22764900662251683,1.0
2026-07-15,001366,1.7841213202497652,29.0609,41.4305,20.3426,23.2487,23.2487,0.09090909090909095,0.0,0.0,0.45454545454545475,1.0
2026-07-15,001387,1.7964071856287456,29.9492,41.8246,20.9645,23.9594,23.9594,0.10673925350200385,0.0,0.0,0.5336962675100192,1.0
2026-07-15,002144,1.4677103718199414,14.5939,30.0982,10.2157,11.6751,11.6751,0.0788446758967098,0.0,0.0,0.394223379483549,1.0
2026-07-15,002200,2.147239263803691,44.797,48.3182,31.3579,35.8376,35.8376,0.3759689922480618,0.0,0.0,1.0,1.0
2026-07-15,002858,2.392344497607657,53.1726,61.504,37.2208,42.5381,42.5381,0.05170239596469107,0.0,0.0,0.2585119798234553,1.0
2026-07-15,002910,1.1001100110010986,2.665,20.6728,1.8655,2.132,2.132,0.0729613733905579,0.0,0.0,0.36480686695278947,1.0
2026-07-15,003003,2.054794520547931,41.2437,50.314,28.8706,32.9949,32.9949,0.1340484401867605,0.0,0.0,0.6702422009338024,1.0
2026-07-15,300313,1.8796992481203034,34.1371,40.3225,23.8959,27.3096,27.3096,0.34935897435897456,0.0,0.0,1.0,1.0
2026-07-15,300314,2.0491803278688714,40.9898,50.0417,28.6929,32.7919,32.7919,0.1375076269057259,0.0,0.0,0.6875381345286294,1.0
2026-07-15,300437,1.2720156555772855,8.5025,26.151,5.9518,6.802,6.802,0.032551097653293073,0.0,0.0,0.16275548826646535,1.0
2026-07-15,300517,1.5367727771679496,18.1472,32.5778,12.703,14.5178,14.5178,0.09699769088152789,0.0,0.0,0.48498845440763944,1.0
2026-07-15,300605,1.7738359201773912,28.2995,39.6509,19.8096,22.6396,22.6396,0.1494360902255639,0.0,0.0,0.7471804511278194,1.0
2026-07-15,300612,2.8116213683224034,66.3706,72.644,46.4594,53.0964,53.0964,0.0226214238190286,0.0,0.0,0.113107119095143,1.0
2026-07-15,300616,1.116751269035543,3.6802,22.2122,2.5761,2.9442,2.9442,0.03660017093433221,0.0,0.0,0.18300085467166105,1.0
2026-07-15,300645,1.7964071856287456,29.9492,43.0217,20.9645,23.9594,23.9594,0.046886744404450155,0.0,0.0,0.23443372202225077,1.0
2026-07-15,300659,1.9480519480519431,37.4365,49.2172,26.2056,29.9492,29.9492,0.03659976387249121,0.0,0.0,0.18299881936245604,1.0
2026-07-15,300771,1.9361084220716362,36.9289,48.3284,25.8503,29.5431,29.5431,0.06073663868725961,0.0,0.0,0.30368319343629807,1.0
2026-07-15,300845,3.4782608695652195,80.3299,80.1566,56.231,64.264,64.264,0.20536905066487277,0.0,0.0,1.0,1.0
2026-07-15,300958,1.3537906137184086,10.7868,25.1622,7.5508,8.6294,8.6294,0.17336152219873155,0.0,0.0,0.8668076109936577,1.0
2026-07-15,301098,1.432291666666674,13.0711,28.5131,9.1497,10.4569,10.4569,0.09718670076726338,0.0,0.0,0.4859335038363169,1.0
2026-07-15,301156,1.0899182561308063,2.4112,19.986,1.6878,1.9289,1.9289,0.09714686556052936,0.0,0.0,0.48573432780264675,1.0
2026-07-15,600697,1.9230769230769162,36.4213,47.1125,25.4949,29.1371,29.1371,0.10122649882996879,0.0,0.0,0.5061324941498438,1.0
2026-07-15,601083,1.8164435946462776,31.0914,40.2677,21.764,24.8731,24.8731,0.2302706673917066,0.0,0.0,1.0,1.0
2026-07-15,603151,3.7168141592920367,83.8832,85.5181,58.7183,67.1066,67.1066,0.07942571370579919,0.0,0.0,0.3971285685289959,1.0
2026-07-16,002209,4.76653696498055,98.8998,97.7975,69.2298,79.1198,79.1198,0.06611295360765448,0.0,0.0,0.3305647680382724,1.0
2026-07-16,002835,2.1987686895338587,47.066,56.3309,32.9462,37.6528,37.6528,0.0660976581724093,0.0,0.0,0.33048829086204645,1.0
2026-07-16,002858,3.084112149532703,72.0049,75.8579,50.4034,57.6039,57.6039,0.0873015873015873,0.0,0.0,0.43650793650793646,1.0
2026-07-16,300306,1.628664495113985,23.3496,37.4538,16.3447,18.6797,18.6797,0.061297362371687265,0.0,0.0,0.3064868118584363,1.0
2026-07-16,300313,2.337023370233693,51.467,53.2249,36.0269,41.1736,41.1736,0.3974358974358978,0.0,0.0,1.0,1.0
2026-07-16,300314,3.1124497991967814,72.9829,75.0039,51.088,58.3863,58.3863,0.16911857561968607,0.0,0.0,0.8455928780984303,1.0
2026-07-16,300605,1.089324618736387,2.8117,18.9599,1.9682,2.2494,2.2494,0.1644736842105263,0.0,0.0,0.8223684210526314,1.0
2026-07-16,300612,3.008204193254338,70.0489,75.1055,49.0342,56.0391,56.0391,0.04668125455871631,0.0,0.0,0.23340627279358153,1.0
2026-07-16,300771,4.17853751187085,93.2763,92.6068,65.2934,74.621,74.621,0.10071232627634742,0.0,0.0,0.503561631381737,1.0
2026-07-16,300795,4.052443384982118,91.0758,91.4963,63.7531,72.8606,72.8606,0.06821644494923487,0.0,0.0,0.34108222474617433,1.0
2026-07-16,301009,3.157894736842093,73.9609,76.845,51.7726,59.1687,59.1687,0.11618717622588916,0.0,0.0,0.5809358811294457,1.0
2026-07-16,301098,1.0269576379974277,0.6112,17.9826,0.4279,0.489,0.489,0.12531969309462918,0.0,0.0,0.6265984654731458,1.0
2026-07-16,301126,1.0460251046024993,1.3447,16.9468,0.9413,1.0758,1.0758,0.20645161290322595,0.0,0.0,1.0,1.0
2026-07-16,600272,1.5775635407537125,21.3936,31.0795,14.9756,17.1149,17.1149,0.30177020904597474,0.0,0.0,1.0,1.0
2026-07-16,600697,1.688182720953324,25.7946,37.8212,18.0562,20.6357,20.6357,0.14072460259822467,0.0,0.0,0.7036230129911233,1.0
2026-07-21,002835,3.2918149466192093,76.747,80.4492,53.7229,61.3976,61.3976,0.04741788521064155,0.0,0.0,0.23708942605320776,1.0
2026-07-21,300484,3.0068728522336663,70.0,75.4394,49.0,56.0,56.0,0.02803042699447399,0.0,0.0,0.14015213497236995,1.0
2026-07-21,300585,1.2722646310432628,9.5181,27.2535,6.6627,7.6145,7.6145,0.018047579983593014,0.0,0.0,0.09023789991796506,1.0
2026-07-21,300650,4.329896907216502,94.5783,95.3614,66.2048,75.6627,75.6627,0.015060114386106941,0.0,0.0,0.0753005719305347,1.0
2026-07-21,300771,1.3565891472868241,12.1687,28.331,8.5181,9.7349,9.7349,0.07019659554436833,0.0,0.0,0.3509829777218416,1.0
2026-07-21,300884,2.7860696517412853,65.1807,69.7476,45.6265,52.1446,52.1446,0.11984911459882246,0.0,0.0,0.5992455729941123,1.0
2026-07-21,300931,1.7657992565055736,29.0361,42.53,20.3253,23.2289,23.2289,0.03494623655913975,0.0,0.0,0.17473118279569871,1.0
2026-07-21,301198,1.6443987667009274,24.2169,37.7652,16.9518,19.3735,19.3735,0.08041627246925258,0.0,0.0,0.40208136234626285,1.0
2026-07-21,600847,1.1461318051575908,5.6627,23.9012,3.9639,4.5301,4.5301,0.03144654088050314,0.0,0.0,0.1572327044025157,1.0
2026-07-21,603700,1.9108280254777066,36.2651,45.5574,25.3855,29.012,29.012,0.17273236200143896,0.0,0.0,0.8636618100071948,1.0
2026-07-23,000586,4.236453201970436,92.4468,92.8829,64.7128,73.9574,73.9574,0.053729456384323616,0.0,0.0,0.2686472819216181,1.0
2026-07-23,000929,2.933333333333321,64.5745,70.3373,45.2021,51.6596,51.6596,0.0661157024793389,0.0,0.0,0.3305785123966945,1.0
2026-07-23,000995,2.347918890074707,48.617,57.9897,34.0319,38.8936,38.8936,0.04519774011299425,0.0,0.0,0.22598870056497125,1.0
2026-07-23,001239,3.3065236818588195,74.5745,78.9131,52.2021,59.6596,59.6596,0.03732503888024887,0.0,0.0,0.18662519440124434,1.0
2026-07-23,001366,3.0753968253968367,68.617,74.0837,48.0319,54.8936,54.8936,0.04049493813273335,0.0,0.0,0.20247469066366675,1.0
2026-07-23,001387,1.8234165067178454,30.1064,43.5694,21.0745,24.0851,24.0851,0.025785581328512303,0.0,0.0,0.1289279066425615,1.0
2026-07-23,002144,3.1385281385281294,70.7447,76.0662,49.5213,56.5957,56.5957,0.026475657229088664,0.0,0.0,0.1323782861454433,1.0
2026-07-23,002209,1.9916142557652172,37.3404,49.5319,26.1383,29.8723,29.8723,0.01702059988107546,0.0,0.0,0.0851029994053773,1.0
2026-07-23,002771,2.3746701846965923,49.4681,57.6707,34.6277,39.5745,39.5745,0.0951893551688843,0.0,0.0,0.47594677584442147,1.0
2026-07-23,002800,4.09617097061441,89.8936,90.772,62.9255,71.9149,71.9149,0.05714285714285719,0.0,0.0,0.2857142857142859,1.0
2026-07-23,002830,3.7399821905609976,82.234,84.5313,57.5638,65.7872,65.7872,0.06279698906743586,0.0,0.0,0.3139849453371793,1.0
2026-07-23,002858,4.789833822091882,98.4043,97.4523,68.883,78.7234,78.7234,0.06355382619974063,0.0,0.0,0.31776913099870313,1.0
2026-07-23,002910,3.1605562579013924,71.1702,75.5802,49.8191,56.9362,56.9362,0.06779661016949158,0.0,0.0,0.3389830508474579,1.0
2026-07-23,002982,2.480070859167416,53.0851,59.4819,37.1596,42.4681,42.4681,0.14930817099880178,0.0,0.0,0.7465408549940089,1.0
2026-07-23,003003,3.376906318082784,75.8511,80.2482,53.0957,60.6809,60.6809,0.021633166163640017,0.0,0.0,0.10816583081820008,1.0
2026-07-23,003038,2.626050420168058,56.4894,64.9915,39.5426,45.1915,45.1915,0.009999999999999962,0.0,0.0,0.04999999999999981,1.0
2026-07-23,003042,3.693931398416894,81.1702,84.5459,56.8191,64.9362,64.9362,0.01951507983441751,0.0,0.0,0.09757539917208753,1.0
2026-07-23,300220,4.910714285714279,99.2553,98.4929,69.4787,79.4043,79.4043,0.04556962025316471,0.0,0.0,0.22784810126582353,1.0
2026-07-23,300306,1.9274376417233618,35.0,46.6242,24.5,28.0,28.0,0.06878961056935588,0.0,0.0,0.3439480528467794,1.0
2026-07-23,300313,3.7837837837837673,83.5106,83.5393,58.4574,66.8085,66.8085,0.16346153846153869,0.0,0.0,0.8173076923076934,1.0
2026-07-23,300417,4.778156996587057,98.1915,97.381,68.734,78.5532,78.5532,0.05860748052395252,0.0,0.0,0.2930374026197626,1.0
2026-07-23,300514,4.33734939759034,93.7234,94.4204,65.6064,74.9787,74.9787,0.027914260780163746,0.0,0.0,0.13957130390081873,1.0
2026-07-23,300517,3.075030750307506,68.4043,73.5432,47.883,54.7234,54.7234,0.05900885576657275,0.0,0.0,0.2950442788328637,1.0
2026-07-23,300583,2.8181818181818308,62.234,68.357,43.5638,49.7872,49.7872,0.07150971770434487,0.0,0.0,0.35754858852172433,1.0
2026-07-23,300605,3.5545023696682554,79.0426,81.1707,55.3298,63.234,63.234,0.10316649642492338,0.0,0.0,0.5158324821246169,1.0
2026-07-23,300610,4.2704626334519435,92.6596,93.7833,64.8617,74.1277,74.1277,0.017219928745121783,0.0,0.0,0.08609964372560891,1.0
2026-07-23,300612,2.6897214217098897,58.1915,65.7557,40.734,46.5532,46.5532,0.03987240829346093,0.0,0.0,0.19936204146730463,1.0
2026-07-23,300615,3.809523809523818,84.1489,86.1452,58.9043,67.3191,67.3191,0.05869978675580695,0.0,0.0,0.29349893377903474,1.0
2026-07-23,300616,3.31125827814569,74.7872,78.9688,52.3511,59.8298,59.8298,0.04305067874733468,0.0,0.0,0.2152533937366734,1.0
2026-07-23,300635,4.113924050632889,90.5319,90.9609,63.3723,72.4255,72.4255,0.07322929171668682,0.0,0.0,0.3661464585834341,1.0
2026-07-23,300642,2.6362038664323295,57.1277,65.4097,39.9894,45.7021,45.7021,0.014623151970877215,0.0,0.0,0.07311575985438606,1.0
2026-07-23,300645,2.970297029702973,65.7447,72.2752,46.0213,52.5957,52.5957,0.016029353751313948,0.0,0.0,0.08014676875656973,1.0
2026-07-23,300650,3.9473684210526327,87.766,88.5682,61.4362,70.2128,70.2128,0.08222790726040909,0.0,0.0,0.4111395363020454,1.0
2026-07-23,300707,4.854368932038833,98.8298,98.6312,69.1809,79.0638,79.0638,0.02163301269672034,0.0,0.0,0.1081650634836017,1.0
2026-07-23,300713,4.478976234003662,95.6383,95.257,66.9468,76.5106,76.5106,0.06268364348677755,0.0,0.0,0.3134182174338877,1.0
2026-07-23,300719,3.7754114230396985,83.0851,86.188,58.1596,66.4681,66.4681,0.01400560224089639,0.0,0.0,0.07002801120448195,1.0
2026-07-23,300838,3.9891205802357277,88.4043,89.4352,61.883,70.7234,70.7234,0.06440957886044586,0.0,0.0,0.3220478943022293,1.0
2026-07-23,300845,1.8867924528301883,33.2979,43.8423,23.3085,26.6383,26.6383,0.13979935252444084,0.0,0.0,0.6989967626222041,1.0
2026-07-23,300884,1.691542288557213,24.5745,37.1093,17.2021,19.6596,19.6596,0.12751239831938227,0.0,0.0,0.6375619915969113,1.0
2026-07-23,300958,1.804368471035156,29.2553,41.3159,20.4787,23.4043,23.4043,0.10441767068273083,0.0,0.0,0.5220883534136541,1.0
2026-07-23,301032,3.7569060773480656,82.6596,84.1713,57.8617,66.1277,66.1277,0.09781981011026,0.0,0.0,0.4890990505513,1.0
2026-07-23,301098,3.692307692307706,80.9574,82.4395,56.6702,64.766,64.766,0.11632270168855535,0.0,0.0,0.5816135084427767,1.0
2026-07-23,301126,3.20591861898889,72.8723,76.9509,51.0106,58.2979,58.2979,0.0673499267935577,0.0,0.0,0.33674963396778845,1.0
2026-07-23,301156,1.6999999999999904,24.7872,39.1944,17.3511,19.8298,19.8298,0.031768402270463236,0.0,0.0,0.15884201135231618,1.0
2026-07-23,301180,2.7586206896551557,60.3191,67.4467,42.2234,48.2553,48.2553,0.040433212996389925,0.0,0.0,0.2021660649819496,1.0
2026-07-23,301229,1.0128913443830712,0.3191,19.6866,0.2234,0.2553,0.2553,0.028436018957345925,0.0,0.0,0.1421800947867296,1.0
2026-07-23,301519,4.994903160040787,99.6809,99.293,69.7766,79.7447,79.7447,0.02258588563408893,0.0,0.0,0.11292942817044464,1.0
2026-07-23,600689,3.2258064516129004,73.2979,77.7146,51.3085,58.6383,58.6383,0.04618521641842936,0.0,0.0,0.2309260820921468,1.0
2026-07-23,600697,3.11158798283262,69.6809,75.5822,48.7766,55.7447,55.7447,0.008124430760804397,0.0,0.0,0.04062215380402198,1.0
2026-07-23,603079,3.0602171767028397,67.766,73.9591,47.4362,54.2128,54.2128,0.012684288215713388,0.0,0.0,0.06342144107856694,1.0
2026-07-23,603151,1.0657193605683846,2.0213,20.1119,1.4149,1.617,1.617,0.07525512557905727,0.0,0.0,0.3762756278952863,1.0
2026-07-23,603709,4.70733718054801,97.5532,96.8855,68.2872,78.0426,78.0426,0.05785123966942149,0.0,0.0,0.2892561983471074,1.0
2026-07-27,000586,4.500978473581196,95.5709,95.2936,66.8996,76.4567,76.4567,0.058154235145385584,0.0,0.0,0.2907711757269279,1.0
2026-07-27,000995,3.253796095444672,71.3583,76.4248,49.9508,57.0866,57.0866,0.03309120258272802,0.0,0.0,0.1654560129136401,1.0
2026-07-27,001366,1.953125,33.9567,45.9955,23.7697,27.1654,27.1654,0.05849268841394822,0.0,0.0,0.29246344206974106,1.0
2026-07-27,002144,2.2580645161290214,43.7992,54.3717,30.6594,35.0394,35.0394,0.03338235041928575,0.0,0.0,0.16691175209642875,1.0
2026-07-27,002209,4.747162022703821,97.9331,97.6413,68.5531,78.3465,78.3465,0.035256956896513654,0.0,0.0,0.17628478448256826,1.0
2026-07-27,002771,3.371783496007108,73.622,77.1986,51.5354,58.8976,58.8976,0.0849539406345957,0.0,0.0,0.42476970317297846,1.0
2026-07-27,002800,4.465849387040288,95.1772,94.7521,66.624,76.1417,76.1417,0.0694805194805195,0.0,0.0,0.3474025974025975,1.0
2026-07-27,002809,3.9886039886039892,87.1063,88.6685,60.9744,69.685,69.685,0.0508289646358823,0.0,0.0,0.2541448231794115,1.0
2026-07-27,002858,1.5810276679841806,18.7992,34.0536,13.1594,15.0394,15.0394,0.049286640726329316,0.0,0.0,0.24643320363164656,1.0
2026-07-27,002910,1.7610062893081757,24.9016,38.4297,17.4311,19.9213,19.9213,0.07457627118644074,0.0,0.0,0.3728813559322037,1.0
2026-07-27,003003,2.813852813852802,59.5472,67.0054,41.6831,47.6378,47.6378,0.031617704393012494,0.0,0.0,0.15808852196506246,1.0
2026-07-27,003005,2.809482001755925,59.1535,67.1286,41.4075,47.3228,47.3228,0.00971325571222525,0.0,0.0,0.04856627856112625,1.0
2026-07-27,003042,3.403141361256523,74.5079,79.1096,52.1555,59.6063,59.6063,0.024837374334713287,0.0,0.0,0.12418687167356643,1.0
2026-07-27,300314,4.057017543859653,88.878,90.2955,62.2146,71.1024,71.1024,0.04034266258327449,0.0,0.0,0.20171331291637246,1.0
2026-07-27,300417,3.88457269700333,85.3346,86.4959,59.7343,68.2677,68.2677,0.08859270311760274,0.0,0.0,0.44296351558801367,1.0
2026-07-27,300437,3.06435137895813,65.8465,71.3882,46.0925,52.6772,52.6772,0.06444759206798856,0.0,0.0,0.3222379603399428,1.0
2026-07-27,300517,1.416765053128688,11.9094,27.1314,8.3366,9.5276,9.5276,0.11980585867758689,0.0,0.0,0.5990292933879344,1.0
2026-07-27,300564,1.7335766423357546,23.7205,37.7806,16.6043,18.9764,18.9764,0.05979107725306554,0.0,0.0,0.2989553862653277,1.0
2026-07-27,300605,4.513064133016642,95.7677,94.5917,67.0374,76.6142,76.6142,0.101123595505618,0.0,0.0,0.50561797752809,1.0
2026-07-27,300610,2.073732718894017,38.2874,49.3289,26.8012,30.6299,30.6299,0.06505306414823792,0.0,0.0,0.3252653207411896,1.0
2026-07-27,300616,3.880266075388028,85.1378,87.3258,59.5965,68.1102,68.1102,0.03922395174757152,0.0,0.0,0.19611975873785759,1.0
2026-07-27,300645,2.972972972972965,63.6811,70.6443,44.5768,50.9449,50.9449,0.015027519141856849,0.0,0.0,0.07513759570928424,1.0
2026-07-27,300650,2.266009852216744,43.9961,53.0992,30.7972,35.1969,35.1969,0.10488253477092997,0.0,0.0,0.5244126738546498,1.0
2026-07-27,300659,3.6995515695067205,80.2165,83.8305,56.1516,64.1732,64.1732,0.017135862913096767,0.0,0.0,0.08567931456548383,1.0
2026-07-27,300707,3.5714285714285587,77.8543,81.3605,54.498,62.2835,62.2835,0.046150427086336654,0.0,0.0,0.23075213543168327,1.0
2026-07-27,300719,3.3898305084745894,74.1142,78.4697,51.8799,59.2913,59.2913,0.04108309990662927,0.0,0.0,0.20541549953314633,1.0
2026-07-27,300838,3.4240561896400346,75.2953,78.3535,52.7067,60.2362,60.2362,0.09413707679603639,0.0,0.0,0.47068538398018195,1.0
2026-07-27,300845,2.116935483870974,39.6654,49.3283,27.7657,31.7323,31.7323,0.12020131245092106,0.0,0.0,0.6010065622546052,1.0
2026-07-27,300961,2.893890675241151,61.3189,67.4008,42.9232,49.0551,49.0551,0.0827147401908801,0.0,0.0,0.4135737009544005,1.0
2026-07-27,300989,1.9447287615148579,33.3661,46.4623,23.3563,26.6929,26.6929,0.011529406423763001,0.0,0.0,0.057647032118815,1.0
2026-07-27,301098,4.041916167664672,88.0906,87.4706,61.6634,70.4724,70.4724,0.15009380863039393,0.0,0.0,0.7504690431519696,1.0
2026-07-27,301167,3.0329289428076445,64.6654,70.8878,45.2657,51.7323,51.7323,0.0422244574177971,0.0,0.0,0.2111222870889855,1.0
2026-07-27,301180,4.236453201970436,91.7323,92.5772,64.2126,73.3858,73.3858,0.040433212996389925,0.0,0.0,0.2021660649819496,1.0
2026-07-27,301198,2.7992277992278103,58.7598,63.9352,41.1319,47.0079,47.0079,0.153631284916201,0.0,0.0,0.768156424581005,1.0
2026-07-27,301229,2.7230046948356623,56.3976,64.8811,39.4783,45.1181,45.1181,0.011848341232227517,0.0,0.0,0.05924170616113758,1.0
2026-07-27,301507,3.318777292576436,72.7362,78.1479,50.9154,58.189,58.189,0.002053147711445152,0.0,0.0,0.010265738557225759,1.0
2026-07-27,600697,1.8240343347639465,28.4449,42.2762,19.9114,22.7559,22.7559,0.023983586309675373,0.0,0.0,0.11991793154837686,1.0
2026-07-27,603079,4.382470119521931,93.9961,95.0283,65.7972,75.1969,75.1969,0.008427685691993226,0.0,0.0,0.042138428459966126,1.0
2026-07-27,603151,3.432700993676585,75.4921,79.2848,52.8445,60.3937,60.3937,0.05544483197703367,0.0,0.0,0.27722415988516835,1.0
2026-07-27,603506,4.009163802978222,87.5,89.6108,61.25,70.0,70.0,0.019458011892448297,0.0,0.0,0.09729005946224148,1.0
2026-07-27,603709,4.2976939203354325,92.4213,92.1335,64.6949,73.937,73.937,0.09017637537466171,0.0,0.0,0.4508818768733085,1.0
2026-07-28,001387,2.2325581395348904,45.3373,54.3359,31.7361,36.2698,36.2698,0.09669592998192161,0.0,0.0,0.48347964990960807,1.0
2026-07-28,002144,2.103049421661418,41.1706,51.7854,28.8194,32.9365,32.9365,0.057555776584975245,0.0,0.0,0.2877788829248762,1.0
2026-07-28,002200,1.2718600953895098,8.631,21.1683,31.0417,21.9048,21.9048,0.28682170542635654,1.0,0.0,1.0,1.0
2026-07-28,002209,2.7586206896551557,59.9206,66.0562,41.9444,47.9365,47.9365,0.09401768304782934,0.0,0.0,0.4700884152391467,1.0
2026-07-28,002858,2.9182879377432025,64.3849,70.1072,45.0694,51.5079,51.5079,0.07003891050583648,0.0,0.0,0.35019455252918236,1.0
2026-07-28,003003,1.6842105263157992,23.5119,37.3118,16.4583,18.8095,18.8095,0.07488403672029283,0.0,0.0,0.3744201836014641,1.0
2026-07-28,300268,2.7327935222672073,59.0278,64.4152,41.3194,47.2222,47.2222,0.1403508771929826,0.0,0.0,0.7017543859649129,1.0
2026-07-28,300313,2.2251308900523625,45.1389,51.3034,31.5972,36.1111,36.1111,0.24038461538461536,0.0,0.0,1.0,1.0
2026-07-28,300514,1.279069767441876,9.2262,25.9852,6.4583,7.381,7.381,0.06978565195040877,0.0,0.0,0.34892825975204383,1.0
2026-07-28,300612,1.26811594202898,8.4325,24.9438,5.9028,6.746,6.746,0.09011164274322161,0.0,0.0,0.45055821371610805,1.0
2026-07-28,300616,1.1739594450373758,6.25,23.5458,4.375,5.0,5.0,0.07270781299549837,0.0,0.0,0.36353906497749183,1.0
2026-07-28,300645,1.7497812773403343,26.2897,40.07,18.4028,21.0317,21.0317,0.04808806125394185,0.0,0.0,0.24044030626970922,1.0
2026-07-28,300659,1.6216216216216273,21.131,35.7542,14.7917,16.9048,16.9048,0.05752753977968184,0.0,0.0,0.2876376988984092,1.0
2026-07-28,300675,2.1220159151193574,41.7659,51.4316,29.2361,33.4127,33.4127,0.09905660377358504,0.0,0.0,0.49528301886792514,1.0
2026-07-28,300958,1.1039558417663464,3.6706,19.4827,2.5694,2.9365,2.9365,0.1726907630522087,0.0,0.0,0.8634538152610435,1.0
2026-07-28,600697,2.002107481559534,37.2024,48.6027,26.0417,29.7619,29.7619,0.057960333581715186,0.0,0.0,0.2898016679085759,1.0
2026-07-28,601083,1.404494382022481,12.7976,24.3337,33.9583,25.2381,25.2381,0.29521880434834136,1.0,0.0,1.0,1.0
2026-07-29,001387,4.458598726114649,94.7222,92.8124,66.3056,75.7778,75.7778,0.1482670926389466,0.0,0.0,0.741335463194733,1.0
2026-07-29,002144,1.6477857878475666,21.3889,35.4995,14.9722,17.1111,17.1111,0.08057808721896546,0.0,0.0,0.4028904360948273,1.0
2026-07-29,002209,2.205177372962619,43.7963,52.4547,30.6574,35.037,35.037,0.12911761805235222,0.0,0.0,0.6455880902617611,1.0
2026-07-29,002809,2.4456521739130377,51.2037,59.211,35.8426,40.963,40.963,0.08759885394694619,0.0,0.0,0.43799426973473093,1.0
2026-07-29,002858,2.835538752362954,62.6852,67.9692,43.8796,50.1481,50.1481,0.10894941634241245,0.0,0.0,0.5447470817120622,1.0
2026-07-29,002910,4.539877300613493,96.2037,94.7935,67.3426,76.963,76.963,0.10847457627118653,0.0,0.0,0.5423728813559326,1.0
2026-07-29,002982,1.0572687224669641,1.5741,18.0546,1.1019,1.2593,1.2593,0.16023315912066544,0.0,0.0,0.8011657956033271,1.0
2026-07-29,003003,2.1739130434782483,42.3148,51.8217,29.6204,33.8519,33.8519,0.10150947199861923,0.0,0.0,0.5075473599930961,1.0
2026-07-29,003038,2.7439024390243816,58.7963,66.197,41.1574,47.037,47.037,0.04199999999999999,0.0,0.0,0.20999999999999994,1.0
2026-07-29,300220,3.936170212765955,86.0185,86.7895,60.213,68.8148,68.8148,0.10126582278481021,0.0,0.0,0.506329113924051,1.0
2026-07-29,300437,2.1696252465483123,41.9444,51.7709,29.3611,33.5556,33.5556,0.08923512747875353,0.0,0.0,0.44617563739376764,1.0
2026-07-29,300500,3.0266343825665842,67.3148,71.2386,47.1204,53.8519,53.8519,0.13066202090592335,0.0,0.0,0.6533101045296167,1.0
2026-07-29,300517,2.923976608187129,64.7222,69.0956,45.3056,51.7778,51.7778,0.13411103583311965,0.0,0.0,0.6705551791655981,1.0
2026-07-29,300564,3.2110091743119185,72.6852,77.1083,50.8796,58.1481,58.1481,0.05199224108962216,0.0,0.0,0.2599612054481108,1.0
2026-07-29,300605,1.9187358916478603,32.6852,43.1313,22.8796,26.1481,26.1481,0.15084388185654005,0.0,0.0,0.7542194092827001,1.0
2026-07-29,300610,2.699662542182235,57.1296,63.599,39.9907,45.7037,45.7037,0.10523289788685564,0.0,0.0,0.5261644894342782,1.0
2026-07-29,300616,3.270042194092815,73.7963,77.3724,51.6574,59.037,59.037,0.08323131224484695,0.0,0.0,0.4161565612242347,1.0
2026-07-29,300635,3.0126336248785357,67.1296,69.9767,46.9907,53.7037,53.7037,0.18635170603674542,0.0,0.0,0.931758530183727,1.0
2026-07-29,300645,2.1496130696474713,41.2037,51.5612,28.8426,32.963,32.963,0.07008816673447903,0.0,0.0,0.3504408336723951,1.0
2026-07-29,300650,1.6569200779727122,21.5741,34.977,15.1019,17.2593,17.2593,0.11411219783077164,0.0,0.0,0.5705609891538582,1.0
2026-07-29,300659,2.127659574468077,40.6481,51.0008,28.4537,32.5185,32.5185,0.07588739290085691,0.0,0.0,0.37943696450428455,1.0
2026-07-29,300707,1.5412511332728807,16.5741,31.7544,11.6019,13.2593,13.2593,0.07524544087414764,0.0,0.0,0.3762272043707382,1.0
2026-07-29,300787,3.9743589743589602,86.9444,87.735,60.8611,69.5556,69.5556,0.09102773246329451,0.0,0.0,0.45513866231647254,1.0
2026-07-29,300961,2.8183716075156573,62.2222,67.5933,43.5556,49.7778,49.7778,0.10922587486744426,0.0,0.0,0.5461293743372212,1.0
2026-07-29,301009,3.762135922330101,82.5,84.7203,57.75,66.0,66.0,0.06398714053019977,0.0,0.0,0.31993570265099885,1.0
2026-07-29,301098,1.726618705035965,24.3519,35.4665,17.0463,19.4815,19.4815,0.200750469043152,0.0,0.0,1.0,1.0
2026-07-29,301156,1.949317738791434,34.1667,45.7996,23.9167,27.3333,27.3333,0.07668778675988287,0.0,0.0,0.38343893379941435,1.0
2026-07-29,301180,2.4482109227872195,51.3889,59.6237,35.9722,41.1111,41.1111,0.07436823104693135,0.0,0.0,0.3718411552346568,1.0
2026-07-29,301198,2.7450980392156987,58.9815,64.4105,41.287,47.1852,47.1852,0.1387337057728118,0.0,0.0,0.6936685288640589,1.0
2026-07-29,301229,2.389705882352944,49.1667,58.6667,34.4167,39.3333,39.3333,0.03333333333333341,0.0,0.0,0.16666666666666705,1.0
2026-07-29,301355,2.8888888888888964,63.6111,69.318,44.5278,50.8889,50.8889,0.07854406130268202,0.0,0.0,0.39272030651341006,1.0
2026-07-29,600697,2.5826446280991844,54.537,61.7109,38.1759,43.6296,43.6296,0.09593434523870077,0.0,0.0,0.47967172619350384,1.0
2026-07-29,600847,4.875804967801289,98.9815,96.3415,69.287,79.1852,79.1852,0.14218566392479423,0.0,0.0,0.7109283196239711,1.0
2026-07-29,601083,4.432132963988922,94.1667,88.5433,90.9167,90.3333,90.3333,0.33950162500059267,1.0,0.0,1.0,1.0
2026-07-29,603700,1.364877161055511,10.8333,24.379,7.5833,8.6667,8.6667,0.2143847245804095,0.0,0.0,1.0,1.0
2026-07-29,603709,4.020100502512558,87.6852,87.0778,61.3796,70.1481,70.1481,0.15351938026754533,0.0,0.0,0.7675969013377266,1.0
2026-07-31,000020,1.2536162005786,7.976,24.9029,5.5832,6.3808,6.3808,0.07389460932768013,0.0,0.0,0.36947304663840064,1.0
2026-07-31,000586,3.498542274052485,77.9588,81.1155,54.5712,62.3671,62.3671,0.06257901390644743,0.0,0.0,0.31289506953223717,1.0
2026-07-31,000995,1.0526315789473717,1.6295,18.6563,1.1407,1.3036,1.3036,0.13236481033091194,0.0,0.0,0.6618240516545596,1.0
2026-07-31,001239,2.2999080036798514,46.5695,56.8125,32.5986,37.2556,37.2556,0.022151898734177024,0.0,0.0,0.11075949367088511,1.0
2026-07-31,002144,2.2244691607684386,43.9966,53.1713,30.7976,35.1973,35.1973,0.10129816678955653,0.0,0.0,0.5064908339477826,1.0
2026-07-31,002771,4.294478527607359,91.9383,91.5649,64.3568,73.5506,73.5506,0.09928352098259985,0.0,0.0,0.49641760491299924,1.0
2026-07-31,002809,2.0161290322580516,35.7633,46.6856,25.0343,28.6106,28.6106,0.09625059260837297,0.0,0.0,0.4812529630418648,1.0
2026-07-31,002835,3.0567685589519833,67.4957,72.2586,47.247,53.9966,53.9966,0.08689917543915904,0.0,0.0,0.4344958771957952,1.0
2026-07-31,002858,4.044117647058809,88.0789,87.5059,61.6552,70.4631,70.4631,0.1478599221789884,0.0,0.0,0.739299610894942,1.0
2026-07-31,002910,4.294478527607359,91.9383,91.3811,64.3568,73.5506,73.5506,0.10847457627118653,0.0,0.0,0.5423728813559326,1.0
2026-07-31,002982,1.3998250218722585,11.9211,26.0409,8.3448,9.5369,9.5369,0.17479980994981686,0.0,0.0,0.8739990497490843,1.0
2026-07-31,003003,1.8292682926829285,29.2453,40.767,20.4717,23.3962,23.3962,0.13146308668673637,0.0,0.0,0.6573154334336818,1.0
2026-07-31,003038,2.3692003948667217,47.9417,56.9333,33.5592,38.3533,38.3533,0.07100000000000008,0.0,0.0,0.35500000000000037,1.0
2026-07-31,300220,3.3057851239669533,73.4991,76.0651,51.4494,58.7993,58.7993,0.13670886075949368,0.0,0.0,0.6835443037974683,1.0
2026-07-31,300313,3.562005277044844,78.4734,78.3557,54.9314,62.7787,62.7787,0.22115384615384628,0.0,0.0,1.0,1.0
2026-07-31,300417,2.815432742440027,60.6346,65.1548,42.4443,48.5077,48.5077,0.16764465359177133,0.0,0.0,0.8382232679588566,1.0
2026-07-31,300437,1.6425120772946888,20.5832,34.3844,14.4082,16.4666,16.4666,0.10410764872521239,0.0,0.0,0.5205382436260619,1.0
2026-07-31,300517,1.8018018018017834,27.8731,38.4361,19.5111,22.2985,22.2985,0.19311989159969226,0.0,0.0,0.9655994579984613,1.0
2026-07-31,300564,4.054054054054057,88.765,89.4522,62.1355,71.012,71.012,0.07798836163443312,0.0,0.0,0.3899418081721656,1.0
2026-07-31,300610,1.7353579175704903,24.7856,36.461,17.3499,19.8285,19.8285,0.16837263661896895,0.0,0.0,0.8418631830948448,1.0
2026-07-31,300616,3.03664921465967,66.9811,71.7863,46.8868,53.5849,53.5849,0.08992808449443235,0.0,0.0,0.44964042247216174,1.0
2026-07-31,300650,4.4378698224851965,94.4254,93.4594,66.0978,75.5403,75.5403,0.1040434744927625,0.0,0.0,0.5202173724638124,1.0
2026-07-31,300659,3.6082474226804218,79.331,81.2127,55.5317,63.4648,63.4648,0.11260709914320685,0.0,0.0,0.5630354957160342,1.0
2026-07-31,300707,2.049910873440264,36.964,47.1471,25.8748,29.5712,29.5712,0.1212050853488901,0.0,0.0,0.6060254267444505,1.0
2026-07-31,300771,1.659388646288229,21.6981,31.8337,40.1887,32.3585,32.3585,0.2762399357568115,1.0,0.0,1.0,1.0
2026-07-31,300787,3.033980582524265,66.8096,70.1437,46.7667,53.4477,53.4477,0.16519847743338642,0.0,0.0,0.825992387166932,1.0
2026-07-31,300845,4.5064377682403345,95.6261,95.6647,66.9383,76.5009,76.5009,0.041809152156842146,0.0,0.0,0.20904576078421072,1.0
2026-07-31,300884,3.3396946564885566,74.3568,75.5956,52.0497,59.4854,59.4854,0.1944927010138258,0.0,0.0,0.9724635050691289,1.0
2026-07-31,300931,3.8190954773869468,83.6192,84.7701,58.5334,66.8954,66.8954,0.10626398210290819,0.0,0.0,0.5313199105145409,1.0
2026-07-31,300958,2.090909090909099,39.0223,47.2419,27.3156,31.2178,31.2178,0.1987951807228916,0.0,0.0,0.993975903614458,1.0
2026-07-31,300961,3.0114226375908437,65.7804,70.3338,46.0463,52.6244,52.6244,0.11452810180275717,0.0,0.0,0.5726405090137858,1.0
2026-07-31,300989,4.7448522829006246,97.8559,93.8395,68.4991,78.2847,78.2847,0.22226088914037212,0.0,0.0,1.0,1.0
2026-07-31,301009,3.135888501742179,70.2401,73.6663,49.1681,56.1921,56.1921,0.12629040894118365,0.0,0.0,0.6314520447059182,1.0
2026-07-31,301032,1.3918629550321304,11.578,26.4195,8.1046,9.2624,9.2624,0.1421444115664714,0.0,0.0,0.710722057832357,1.0
2026-07-31,301126,3.567318757192184,78.6449,79.0994,55.0515,62.916,62.916,0.19082568807339437,0.0,0.0,0.9541284403669718,1.0
2026-07-31,301156,1.645692158760892,21.1835,35.2026,14.8285,16.9468,16.9468,0.08721356141320018,0.0,0.0,0.43606780706600085,1.0
2026-07-31,301180,3.053435114503822,67.3242,72.5741,47.1269,53.8593,53.8593,0.06425992779783397,0.0,0.0,0.32129963898916986,1.0
2026-07-31,301198,3.8310412573673958,84.3053,84.7068,59.0137,67.4443,67.4443,0.13687150837988818,0.0,0.0,0.6843575418994409,1.0
2026-07-31,301229,1.6201620162016095,19.8113,34.7067,13.8679,15.8491,15.8491,0.0571161048689138,0.0,0.0,0.285580524344569,1.0
2026-07-31,600697,2.0979020979021046,39.4511,48.3231,27.6158,31.5609,31.5609,0.1618892075903075,0.0,0.0,0.8094460379515375,1.0
2026-07-31,603709,3.652517275419531,80.1887,80.5244,56.1321,64.1509,64.1509,0.18132850436686032,0.0,0.0,0.9066425218343016,1.0
2026-08-03,000020,3.0476190476190546,64.5242,69.984,45.1669,51.6194,51.6194,0.08176862507571168,0.0,0.0,0.4088431253785584,1.0
2026-08-03,000586,3.9436619718309807,85.0584,86.34,59.5409,68.0467,68.0467,0.08533501896333752,0.0,0.0,0.4266750948166876,1.0
2026-08-03,000929,2.355712603062421,45.4925,50.9808,31.8447,36.394,36.394,0.2706611570247935,0.0,0.0,1.0,1.0
2026-08-03,001239,3.7769784172661858,80.8848,83.4737,56.6194,64.7078,64.7078,0.06170886075949348,0.0,0.0,0.3085443037974674,1.0
2026-08-03,001387,2.626970227670755,52.1703,56.9229,36.5192,41.7362,41.7362,0.24066542573278288,0.0,0.0,1.0,1.0
2026-08-03,002144,3.165182987141457,68.3639,72.1587,47.8548,54.6912,54.6912,0.1266227084869455,0.0,0.0,0.6331135424347275,1.0
2026-08-03,002802,3.842549203373946,83.7229,84.2818,58.606,66.9783,66.9783,0.13482436242142476,0.0,0.0,0.6741218121071237,1.0
2026-08-03,002809,4.216073781291185,90.5676,90.2046,63.3973,72.4541,72.4541,0.11247260259854813,0.0,0.0,0.5623630129927406,1.0
2026-08-03,002858,2.1201413427561766,38.4808,46.6861,26.9366,30.7846,30.7846,0.20492866407263297,0.0,0.0,1.0,1.0
2026-08-03,002910,2.5882352941176467,51.6694,57.9796,36.1686,41.3356,41.3356,0.16779661016949154,0.0,0.0,0.8389830508474577,1.0
2026-08-03,002949,3.50701402805611,75.5426,78.0432,52.8798,60.4341,60.4341,0.11954506594430156,0.0,0.0,0.5977253297215077,1.0
2026-08-03,002982,1.8981880931837836,29.9666,39.8946,45.9766,38.9733,38.9733,0.20393311160811975,1.0,0.0,1.0,1.0
2026-08-03,003003,4.191616766467066,90.2337,88.9586,63.1636,72.187,72.187,0.16141670137485348,0.0,0.0,0.8070835068742673,1.0
2026-08-03,003038,4.24300867888141,91.2354,91.0883,63.8648,72.9883,72.9883,0.09499999999999992,0.0,0.0,0.4749999999999996,1.0
2026-08-03,300220,3.8000000000000034,81.8865,81.9649,57.3205,65.5092,65.5092,0.17721518987341775,0.0,0.0,0.8860759493670887,1.0
2026-08-03,300313,1.9108280254777066,30.5509,38.2869,21.3856,24.4407,24.4407,0.30769230769230765,0.0,0.0,1.0,1.0
2026-08-03,300437,2.946768060836513,61.5192,66.8924,43.0634,49.2154,49.2154,0.11614730878186962,0.0,0.0,0.580736543909348,1.0
2026-08-03,300500,3.7800687285223455,81.0518,80.5905,56.7362,64.8414,64.8414,0.21254355400696875,0.0,0.0,1.0,1.0
2026-08-03,300514,3.736263736263723,79.5492,80.848,55.6845,63.6394,63.6394,0.13957130390081782,0.0,0.0,0.697856519504089,1.0
2026-08-03,300517,3.7610619469026663,80.384,79.8726,56.2688,64.3072,64.3072,0.22173024591075743,0.0,0.0,1.0,1.0
2026-08-03,300564,2.2510822510822592,42.8214,51.5275,29.975,34.2571,34.2571,0.13647963286025813,0.0,0.0,0.6823981643012906,1.0
2026-08-03,300610,3.304904051172697,71.0351,72.8483,49.7245,56.828,56.828,0.1989858432769633,0.0,0.0,0.9949292163848165,1.0
2026-08-03,300616,4.471544715447151,94.9082,93.5731,66.4357,75.9265,75.9265,0.11767185524271455,0.0,0.0,0.5883592762135728,1.0
2026-08-03,300650,3.682719546742219,78.0467,79.4696,54.6327,62.4374,62.4374,0.14839002237106735,0.0,0.0,0.7419501118553368,1.0
2026-08-03,300845,4.004106776180705,86.394,87.1815,60.4758,69.1152,69.1152,0.0966836643626974,0.0,0.0,0.483418321813487,1.0
2026-08-03,300884,3.6011080332410073,76.8781,76.5654,78.8147,76.5025,76.5025,0.24685612051754804,1.0,0.0,1.0,1.0
2026-08-03,300958,2.048085485307216,34.808,42.9468,24.3656,27.8464,27.8464,0.24497991967871496,0.0,0.0,1.0,1.0
2026-08-03,300961,4.73790322580645,97.4124,95.0243,68.1886,77.9299,77.9299,0.1452810180275715,0.0,0.0,0.7264050901378575,1.0
2026-08-03,301009,1.2387387387387427,6.9282,22.1075,4.8497,5.5426,5.5426,0.17175495616001005,0.0,0.0,0.8587747808000502,1.0
2026-08-03,301032,4.118268215417098,89.2321,88.1454,62.4624,71.3856,71.3856,0.16201406049511805,0.0,0.0,0.8100703024755902,1.0
2026-08-03,301098,3.7815126050420256,81.2187,80.247,56.8531,64.975,64.975,0.23639774859287047,0.0,0.0,1.0,1.0
2026-08-03,301126,2.111111111111108,38.1469,45.5634,26.7028,30.5175,30.5175,0.24770642201834858,0.0,0.0,1.0,1.0
2026-08-03,301156,4.761904761904767,97.9132,96.075,68.5392,78.3306,78.3306,0.1127761569998278,0.0,0.0,0.563880784999139,1.0
2026-08-03,301180,3.703703703703698,79.2154,81.625,55.4508,63.3723,63.3723,0.0873646209386282,0.0,0.0,0.436823104693141,1.0
2026-08-03,301198,4.824976348155152,98.581,95.4011,69.0067,78.8648,78.8648,0.17318435754189943,0.0,0.0,0.8659217877094971,1.0
2026-08-03,301355,1.2779552715654896,8.4307,23.6378,5.9015,6.7446,6.7446,0.15533980582524284,0.0,0.0,0.7766990291262141,1.0
2026-08-03,600697,2.250489236790587,42.6544,50.0463,29.8581,34.1235,34.1235,0.20386048363223924,0.0,0.0,1.0,1.0
2026-08-03,603709,2.4761904761904763,48.6644,54.1617,34.0651,38.9316,38.9316,0.23849170390434052,0.0,0.0,1.0,1.0
2026-08-04,000586,2.5293586269195867,51.2215,58.7395,35.855,40.9772,40.9772,0.1118836915297092,0.0,0.0,0.5594184576485459,1.0
2026-08-04,002200,2.2026431718061623,41.4495,43.3922,54.0147,48.1596,48.1596,0.48837209302325557,1.0,0.0,1.0,1.0
2026-08-04,002910,2.064220183486243,36.5635,45.1491,25.5945,29.2508,29.2508,0.205084745762712,0.0,0.0,1.0,1.0
2026-08-04,300313,1.6250000000000098,19.2997,28.3244,13.5098,15.4397,15.4397,0.35576923076923084,0.0,0.0,1.0,1.0
2026-08-04,300417,1.9943019943019946,33.7948,41.1206,23.6564,27.0358,27.0358,0.2957633319464582,0.0,0.0,1.0,1.0
2026-08-04,300605,4.570895522388052,96.2541,90.055,92.3779,92.0033,92.0033,0.34741288278775095,1.0,0.0,1.0,1.0
2026-08-04,300614,3.50701402805611,75.57,76.2921,52.899,60.456,60.456,0.2081984897518878,0.0,0.0,1.0,1.0
2026-08-04,300635,1.730103806228378,23.6156,31.8321,16.5309,18.8925,18.8925,0.3530183727034123,0.0,0.0,1.0,1.0
2026-08-04,300650,2.0036429872495543,34.4463,43.7578,24.1124,27.557,27.557,0.1899616381689781,0.0,0.0,0.9498081908448904,1.0
2026-08-04,300659,1.1822660098522064,5.6189,21.1414,3.9332,4.4951,4.4951,0.16768665850673206,0.0,0.0,0.8384332925336603,1.0
2026-08-04,300845,3.75123395853898,80.0489,81.0863,56.0342,64.0391,64.0391,0.1476385685538488,0.0,0.0,0.7381928427692439,1.0
2026-08-04,300884,1.6934046345810971,22.7199,32.0718,40.9039,33.1759,33.1759,0.30520393082169583,1.0,0.0,1.0,1.0
2026-08-04,301180,1.4285714285714235,12.2964,27.5122,8.6075,9.8371,9.8371,0.11624548736462088,0.0,0.0,0.5812274368231044,1.0
2026-08-04,301198,4.873646209386284,98.9414,94.7397,69.259,79.1531,79.1531,0.22067039106145248,0.0,0.0,1.0,1.0
2026-08-04,301355,1.4721345951629994,13.5993,27.3067,9.5195,10.8795,10.8795,0.1786407766990291,0.0,0.0,0.8932038834951456,1.0
2026-08-05,000586,2.7312775330396555,55.3659,61.701,38.7561,44.2927,44.2927,0.12958280657395696,0.0,0.0,0.6479140328697848,1.0
2026-08-05,000995,2.6365348399246757,53.1707,59.6149,56.8281,57.5366,56.1887,0.1460855528652138,1.0,0.0,0.7304277643260689,1.0
2026-08-05,001239,1.1245674740484324,4.7967,21.2108,3.3577,3.8374,3.8374,0.13132911392405064,0.0,0.0,0.6566455696202531,1.0
2026-08-05,002910,1.1235955056179803,4.6341,18.9955,3.2439,3.7073,3.7073,0.23559322033898314,0.0,0.0,1.0,1.0
2026-08-05,002982,1.191489361702125,5.935,20.0866,29.1545,19.748,19.748,0.2330664132664226,1.0,0.0,1.0,1.0
2026-08-05,300313,1.7220172201721784,23.0081,30.4578,16.1057,18.4065,18.4065,0.3974358974358978,0.0,0.0,1.0,1.0
2026-08-05,300437,2.1198156682027625,38.9431,48.3641,27.2602,31.1545,31.1545,0.13951841359773365,0.0,0.0,0.6975920679886682,1.0
2026-08-05,300616,1.8518518518518379,29.187,40.1925,20.4309,23.3496,23.3496,0.1578524887402268,0.0,0.0,0.789262443701134,1.0
2026-08-05,300650,1.0714285714285676,2.1951,17.555,1.5366,1.7561,1.7561,0.21005373451377385,0.0,0.0,1.0,1.0
2026-08-05,300787,1.744186046511631,24.7967,35.3197,17.3577,19.8374,19.8374,0.22588363240891599,0.0,0.0,1.0,1.0
2026-08-05,300884,1.4899211218229569,14.7154,25.0998,35.3008,26.7724,26.7724,0.33362978712371644,1.0,0.0,1.0,1.0
2026-08-05,300961,1.4312977099236734,12.7642,26.1181,8.935,10.2114,10.2114,0.20466595970307527,0.0,0.0,1.0,1.0
2026-08-05,301198,1.8932874354561147,30.1626,38.7111,21.1138,24.1301,24.1301,0.27094972067039097,0.0,0.0,1.0,1.0
2026-08-05,603578,2.155172413793105,40.0813,47.2978,28.0569,32.065,32.065,0.23836389280677003,0.0,0.0,1.0,1.0
2026-08-05,603700,3.7735849056603765,80.8943,79.8214,56.626,64.7154,64.7154,0.24470175633925542,0.0,0.0,1.0,1.0
2026-08-06,000586,2.2298456260720467,43.28,51.6404,30.296,34.624,34.624,0.1491782553729456,0.0,0.0,0.745891276864728,1.0
2026-08-06,002144,1.9267822736030782,32.24,42.6379,22.568,25.792,25.792,0.1577028278428323,0.0,0.0,0.7885141392141615,1.0
2026-08-06,002809,1.7587939698492372,25.68,37.4943,38.2247,35.544,34.3562,0.152486893907647,1.0,0.0,0.7624344695382349,1.0
2026-08-06,002910,1.5555555555555545,17.52,28.9652,12.264,14.016,14.016,0.25254237288135595,0.0,0.0,1.0,1.0
2026-08-06,002949,1.5594541910331383,17.68,31.0484,12.376,14.144,14.144,0.1547794011699903,0.0,0.0,0.7738970058499515,1.0
2026-08-06,003003,1.5296367112810572,15.6,27.7873,10.92,12.48,12.48,0.23463664839025125,0.0,0.0,1.0,1.0
2026-08-06,300517,1.9916142557652172,34.24,41.1692,23.968,27.392,27.392,0.3111376031328371,0.0,0.0,1.0,1.0
2026-08-06,300659,3.206997084548102,70.16,72.4315,72.5943,71.128,70.7486,0.1848225214198286,1.0,0.0,0.924112607099143,1.0
2026-08-06,300845,2.9245283018867863,61.84,65.2911,43.288,49.472,49.472,0.2090457607842105,0.0,0.0,1.0,1.0
2026-08-06,300931,1.39616055846421,11.76,23.9046,8.232,9.408,9.408,0.2751677852348994,0.0,0.0,1.0,1.0
2026-08-06,301032,1.0183299389002087,0.4,16.0098,0.28,0.32,0.32,0.21550926914916638,0.0,0.0,1.0,1.0
2026-08-06,301098,1.31421744324971,9.68,18.4007,6.776,7.744,7.744,0.4671669793621011,0.0,0.0,1.0,1.0
2026-08-06,301156,2.4702653247941297,49.2,55.8113,34.44,39.36,39.36,0.17743448701306236,0.0,0.0,0.8871724350653117,1.0
2026-08-06,301355,1.2396694214876103,7.28,21.591,5.096,5.824,5.824,0.21165048543689316,0.0,0.0,1.0,1.0
2026-08-07,002209,1.6666666666666607,21.7357,33.8785,37.7649,32.3885,31.776,0.17549967502261482,1.0,0.0,0.877498375113074,1.0
2026-08-07,300314,1.4985014985015033,15.0478,28.1092,35.1786,27.0382,26.9495,0.1964512264924681,1.0,0.0,0.9822561324623404,1.0
2026-08-07,300931,2.839931153184172,60.1115,62.2279,42.078,48.0892,48.0892,0.2930648769574943,0.0,0.0,1.0,1.0
2026-08-07,300961,3.4995625546806686,76.1943,74.8472,53.336,60.9554,60.9554,0.305408271474019,0.0,0.0,1.0,1.0
2026-08-07,301126,2.6795284030010746,54.379,57.338,63.0653,58.5032,58.5032,0.3082568807339449,1.0,0.0,1.0,1.0
2026-08-07,301519,2.867072111207647,60.4299,62.4071,67.301,63.3439,63.3439,0.29684306833373897,1.0,0.0,1.0,1.0
2026-08-10,000995,2.7077497665732864,53.7926,59.4458,60.5963,58.0341,57.5194,0.1794145420207744,1.0,0.0,0.8970727101038719,1.0
2026-08-10,002209,3.2786885245901676,70.356,72.3236,74.0556,71.2848,71.2364,0.19806391895409384,1.0,0.0,0.9903195947704692,1.0
2026-08-10,002802,4.634581105169344,96.517,92.9882,92.5619,92.2136,92.2136,0.21127116585625327,1.0,0.0,1.0,1.0
2026-08-10,002809,3.875000000000006,84.4427,84.2596,80.5827,82.5542,81.6724,0.1647275351858585,1.0,0.0,0.8236376759292925,1.0
2026-08-10,002858,3.385416666666674,72.5232,73.4012,75.7663,73.0186,73.0186,0.23086900129701682,1.0,0.0,1.0,1.0
2026-08-10,002910,2.931596091205213,60.6037,62.7203,42.4226,48.483,48.483,0.28813559322033916,0.0,0.0,1.0,1.0
2026-08-10,003003,3.1924882629107865,68.0341,69.1022,72.6238,69.4272,69.4272,0.26625435278326376,1.0,0.0,1.0,1.0
2026-08-10,003038,3.6279069767441996,77.322,79.1405,54.1254,61.8576,61.8576,0.13585291113381,0.0,0.0,0.67926455566905,1.0
2026-08-10,300306,2.7055150884495394,53.6378,58.717,37.5464,42.9102,42.9102,0.2096632280956698,0.0,0.0,1.0,1.0
2026-08-10,300313,3.6809815950920033,77.9412,74.276,54.5588,62.3529,62.3529,0.403846153846154,0.0,0.0,1.0,1.0
2026-08-10,300314,3.740157480314954,79.9536,79.5076,80.9675,78.9628,78.9628,0.22276165861199518,1.0,0.0,1.0,1.0
2026-08-10,300417,3.207547169811309,69.1176,69.188,48.3824,55.2941,55.2941,0.3053040845898924,0.0,0.0,1.0,1.0
2026-08-10,300437,2.6268115942029047,51.3158,57.9931,35.9211,41.0526,41.0526,0.15297450424929168,0.0,0.0,0.7648725212464583,1.0
2026-08-10,300500,3.5203520352035333,75.774,75.114,53.0418,60.6192,60.6192,0.27526132404181186,0.0,0.0,1.0,1.0
2026-08-10,300517,4.559585492227969,95.5882,89.8544,91.9118,91.4706,91.4706,0.33080722172169486,1.0,0.0,1.0,1.0
2026-08-10,300605,4.871060171919761,98.839,92.6509,94.1873,94.0712,94.0712,0.3210137275607182,1.0,0.0,1.0,1.0
2026-08-10,300610,3.0706243602866,65.2477,66.726,45.6734,52.1981,52.1981,0.27360553450582425,0.0,0.0,1.0,1.0
2026-08-10,300616,1.547388781431347,16.3313,29.7549,11.4319,13.065,13.065,0.16550594273975297,0.0,0.0,0.8275297136987648,1.0
2026-08-10,300635,2.4117140396210157,46.6718,50.1459,57.6703,52.3375,52.3375,0.3595800524934384,1.0,0.0,1.0,1.0
2026-08-10,300659,1.744186046511631,24.4582,35.7967,40.9702,34.5666,34.2789,0.18849449204406377,1.0,0.0,0.9424724602203188,1.0
2026-08-10,300845,1.6559337626494974,20.2012,31.2745,14.1409,16.161,16.161,0.24432223291654598,0.0,0.0,1.0,1.0
2026-08-10,300884,1.7436791630339954,24.226,32.5287,16.9582,19.3808,19.3808,0.3426063733243546,0.0,0.0,1.0,1.0
2026-08-10,300958,4.71111111111111,96.9814,92.5032,92.887,92.5851,92.5851,0.2540983606557377,1.0,0.0,1.0,1.0
2026-08-10,300994,4.367606915377631,92.8019,90.2952,89.6926,89.2415,89.1743,0.19731271526981028,1.0,0.0,0.9865635763490513,1.0
2026-08-10,301009,3.6954087346024567,78.87,79.4925,78.2264,78.096,77.6003,0.18017431675608878,1.0,0.0,0.9008715837804439,1.0
2026-08-10,301032,2.5201612903225756,49.4582,54.9507,34.6207,39.5666,39.5666,0.23079361447889443,0.0,0.0,1.0,1.0
2026-08-10,301098,2.127659574468077,38.5449,41.1549,26.9814,30.8359,30.8359,0.48405253283302074,0.0,0.0,1.0,1.0
2026-08-10,301126,3.0271398747390377,63.2353,63.5057,69.2647,65.5882,65.5882,0.3541284403669725,1.0,0.0,1.0,1.0
2026-08-10,301156,3.395889186773915,72.8328,73.9356,50.983,58.2663,58.2663,0.2165302214396693,0.0,0.0,1.0,1.0
2026-08-10,301180,2.0797227036395194,36.4551,46.3482,25.5186,29.1641,29.1641,0.14079422382671475,0.0,0.0,0.7039711191335737,1.0
2026-08-10,301355,3.68474923234392,78.2508,78.0181,54.7755,62.6006,62.6006,0.22912621359223295,0.0,0.0,1.0,1.0
2026-08-10,601083,2.6126126126126303,51.0062,52.4207,60.7043,55.805,55.805,0.4192107021746447,1.0,0.0,1.0,1.0
2026-08-10,603700,4.614019520851809,96.2074,91.4656,67.3452,76.9659,76.9659,0.27501878809810093,0.0,0.0,1.0,1.0
2026-08-12,000995,2.838827838827851,58.3594,62.2917,65.8516,61.6875,61.6875,0.2197916666666666,1.0,0.0,1.0,1.0
2026-08-12,002200,2.121640735502117,38.3594,38.9046,48.2857,45.6875,44.796,0.5891472868217054,1.0,0.0,0.8217054263565893,1.0
2026-08-12,002809,1.575757575757586,17.8906,30.4499,36.8363,29.3125,29.1407,0.19312883435583408,1.0,0.0,0.9656441717791704,1.0
2026-08-12,002910,2.212855637513167,41.4844,46.4756,29.0391,33.1875,33.1875,0.3355932203389831,0.0,0.0,1.0,1.0
2026-08-12,300314,4.864359214218905,98.6719,92.623,94.0703,93.9375,93.9375,0.31572518543432376,1.0,0.0,1.0,1.0
2026-08-12,300437,1.5205724508050134,15.0781,28.8047,31.8436,27.0625,26.1347,0.16288951841359767,1.0,0.0,0.8144475920679883,1.0
2026-08-12,300845,1.7210144927536364,22.8906,32.9818,16.0234,18.3125,18.3125,0.26653334499986836,0.0,0.0,1.0,1.0
2026-08-12,300884,1.3651877133105783,10.1562,20.5248,32.1094,23.125,23.125,0.3800088158270134,1.0,0.0,1.0,1.0
2026-08-12,301098,3.135888501742179,67.1875,63.5061,47.0312,53.75,53.75,0.5121951219512193,0.0,0.0,0.9756097560975614,1.0
2026-08-12,603700,1.379310344827589,10.3906,21.3829,32.2734,23.3125,23.3125,0.3464803629582374,1.0,0.0,1.0,1.0
2026-08-14,002209,2.2202486678507993,42.093,49.0111,54.4651,48.6744,48.6744,0.23316385395861672,1.0,0.0,1.0,1.0
2026-08-14,300313,1.8223234624145768,28.1395,30.3962,40.4669,37.5116,36.4539,0.6057692307692306,1.0,0.0,0.7884615384615388,1.0
2026-08-14,300650,1.8502202643171817,29.2248,38.9048,20.4574,23.3798,23.3798,0.22375289111249824,0.0,0.0,1.0,1.0
2026-08-14,300787,2.1653543307086576,39.9225,41.9964,52.9457,46.938,46.938,0.4970774091627131,1.0,0.0,1.0,1.0
2026-08-14,300845,2.466960352422909,47.5194,51.8748,33.2636,38.0155,38.0155,0.3070359611518092,0.0,0.0,1.0,1.0
2026-08-14,300961,1.5293118096856295,15.4264,25.5118,10.7984,12.3411,12.3411,0.34146341463414626,0.0,0.0,1.0,1.0
2026-08-14,301056,2.9962546816479474,62.2481,64.4413,68.5736,64.7984,64.7984,0.2678553764729065,1.0,0.0,1.0,1.0
2026-08-14,301126,1.5904572564612307,18.6822,26.1017,38.0775,29.9457,29.9457,0.4422018348623854,1.0,0.0,1.0,1.0
2026-08-14,603506,1.4299332697807365,12.3256,22.976,33.6279,24.8605,24.8605,0.3442223378478554,1.0,0.0,1.0,1.0
2026-08-17,002200,3.8690476190476275,84.8031,78.7728,84.3622,82.8425,82.8425,0.45348837209302306,1.0,0.0,1.0,1.0
2026-08-17,002809,3.260869565217406,70.0,72.0693,73.6537,71.0,70.9134,0.1965369902562311,1.0,0.0,0.9826849512811554,1.0
2026-08-17,002910,3.397027600849256,73.1496,72.0451,51.2047,58.5197,58.5197,0.32372881355932204,0.0,0.0,1.0,1.0
2026-08-17,002949,2.0932445290199775,36.4567,45.4406,49.1435,44.1654,43.8213,0.18623862905006963,1.0,0.0,0.9311931452503481,1.0
2026-08-17,003003,2.10237659963437,37.0866,42.4887,50.9606,44.6693,44.6693,0.35903094210802955,1.0,0.0,1.0,1.0
2026-08-17,003038,1.7608897126969447,25.4331,37.4743,37.1637,35.3465,33.9366,0.14360587002096425,1.0,0.0,0.7180293501048213,1.0
2026-08-17,300306,2.618328298086614,50.4724,55.1197,60.3307,55.378,55.378,0.2629110320564749,1.0,0.0,1.0,1.0
2026-08-17,300417,2.3809523809523725,45.2756,49.2421,56.6929,51.2205,51.2205,0.34891895381701993,1.0,0.0,1.0,1.0
2026-08-17,300437,2.6079136690647653,50.1575,56.9532,55.9743,55.126,54.092,0.15864022662889507,1.0,0.0,0.7932011331444753,1.0
2026-08-17,300517,1.2961116650049842,7.7953,18.2611,30.4567,21.2362,21.2362,0.39875681321047524,1.0,0.0,1.0,1.0
2026-08-17,301126,1.5655577299412915,17.2441,24.3641,37.0709,28.7953,28.7953,0.4715596330275231,1.0,0.0,1.0,1.0
2026-08-17,301156,3.160667251975413,67.4803,68.9602,72.2362,68.9843,68.9843,0.25120115205863874,1.0,0.0,1.0,1.0
2026-08-20,002144,2.1555763823805085,39.1066,47.4636,51.4831,46.2853,46.0624,0.19108517826211785,1.0,0.0,0.9554258913105892,1.0
2026-08-20,002209,1.098901098901095,3.3699,16.6036,27.3589,17.6959,17.6959,0.30461729307496704,1.0,0.0,1.0,1.0
2026-08-20,002809,1.6786570743405393,22.3354,33.8013,40.6348,32.8683,32.8683,0.2033533020570253,1.0,0.0,1.0,1.0
2026-08-20,002910,1.7094017094017033,23.5893,32.6003,41.5125,33.8715,33.8715,0.31355932203389825,1.0,0.0,1.0,1.0
2026-08-20,003038,2.8708133971292016,58.3856,64.5491,56.6666,61.7085,59.4076,0.10796645702306072,1.0,0.0,0.5398322851153036,1.0
2026-08-20,300268,2.224123182207016,41.6144,44.711,54.1301,48.2915,48.2915,0.4290271132376395,1.0,0.0,1.0,1.0
2026-08-20,300610,1.0679611650485477,1.9592,13.5374,26.3715,16.5674,16.5674,0.40150154392619947,1.0,0.0,1.0,1.0
2026-08-20,300612,1.5490533562822817,17.163,29.4501,12.0141,13.7304,13.7304,0.2140175219023779,0.0,0.0,1.0,1.0
2026-08-20,300616,1.6299137104506256,20.2978,32.7559,36.6201,31.2382,30.5911,0.17411607848921987,1.0,0.0,0.8705803924460993,1.0
2026-08-20,300659,3.0181086519114775,62.7743,67.05,64.789,65.2194,64.1812,0.15846994535519124,1.0,0.0,0.7923497267759562,1.0
2026-08-20,300707,2.2184300341296925,41.1442,49.1639,52.5582,47.9154,47.6047,0.18757226329635468,1.0,0.0,0.9378613164817734,1.0
2026-08-20,300787,1.0967098703888567,3.2132,13.0746,27.2492,17.5705,17.5705,0.47479462875197065,1.0,0.0,1.0,1.0
2026-08-20,301009,3.506787330316752,75.4702,76.8472,75.474,75.3762,74.7874,0.1764485694794039,1.0,0.0,0.8822428473970195,1.0
2026-08-20,301098,3.730445246690728,80.3292,75.1451,81.2304,79.2633,79.2633,0.4559099437148218,1.0,0.0,1.0,1.0
2026-08-20,301126,4.6605876393110535,96.7868,89.1767,92.7508,92.4295,92.4295,0.41263940520446085,1.0,0.0,1.0,1.0
2026-08-20,301180,3.839285714285734,84.8746,85.5748,76.0368,82.8997,80.8058,0.11624548736462088,1.0,0.0,0.5812274368231044,1.0
2026-08-20,601083,1.21951219512193,5.8777,14.0743,32.8587,24.7022,24.3883,0.5313938478270146,1.0,1.0,0.9372123043459708,1.0
2026-08-20,603700,1.3077593722754965,9.1693,20.5232,31.4185,22.3354,22.3354,0.3406117860148308,1.0,0.0,1.0,1.0
2026-08-20,603709,2.992957746478875,61.6771,61.9145,68.174,64.3417,64.3417,0.3713575190455109,1.0,0.0,1.0,1.0
2026-08-21,300605,1.0880316518298905,2.8816,16.4918,2.0171,2.3053,2.3053,0.29067245119305857,0.0,0.0,1.0,1.0
2026-08-21,300650,1.3781223083548788,10.9813,23.4924,32.6869,23.785,23.785,0.2646312352675346,1.0,0.0,1.0,1.0
2026-08-21,301098,3.0162412993039567,62.8505,59.9989,68.4325,65.2804,65.1397,0.5140712945590992,1.0,0.0,0.9718574108818017,1.0
2026-08-21,601083,2.581755593803803,49.4548,48.1094,61.7094,59.5639,58.8366,0.5727244804357821,1.0,1.0,0.8545510391284359,1.0
2026-08-21,603709,1.3675213675213627,10.8255,20.1827,32.5779,23.6604,23.6604,0.42388586456643873,1.0,0.0,1.0,1.0
2026-08-25,000995,1.6513761467889854,20.264,31.2231,39.1848,31.2112,31.2112,0.24940334128878278,1.0,0.0,1.0,1.0
2026-08-25,002200,4.434250764525993,93.0901,86.7976,90.163,89.472,89.472,0.3837209302325581,1.0,0.0,1.0,1.0
2026-08-25,002809,1.8979833926453082,29.2702,39.1446,45.4891,38.4161,38.4161,0.2135777697582165,1.0,0.0,1.0,1.0
2026-08-25,002858,3.6713286713286664,77.5621,77.6398,79.2935,77.0497,77.0497,0.22049286640726323,1.0,0.0,1.0,1.0
2026-08-25,002910,3.919491525423746,85.3261,81.7185,84.7283,83.2609,83.2609,0.32711864406779656,1.0,0.0,1.0,1.0
2026-08-25,003003,2.0871143375680523,35.1708,40.5817,49.6196,43.1366,43.1366,0.3777456712219827,1.0,0.0,1.0,1.0
2026-08-25,300306,4.174950298210733,89.8292,85.3558,87.8804,86.8634,86.8634,0.3253787606161023,1.0,0.0,1.0,1.0
2026-08-25,300437,3.0219780219780334,62.0342,66.7378,62.8715,64.6273,63.2392,0.14447592067988663,1.0,0.0,0.7223796033994331,1.0
2026-08-25,300500,1.1652542372881491,4.8913,16.7116,28.4239,18.913,18.913,0.36007462686567165,1.0,0.0,1.0,1.0
2026-08-25,300514,2.8282828282828243,56.4441,60.1307,64.5109,60.1553,60.1553,0.251228347021472,1.0,0.0,1.0,1.0
2026-08-25,300605,4.091816367265477,88.4317,84.7151,61.9022,70.7453,70.7453,0.30151338766006985,0.0,0.0,1.0,1.0
2026-08-25,300612,3.0276816608996615,62.6553,65.376,43.8587,50.1242,50.1242,0.23741007194244612,0.0,0.0,1.0,1.0
2026-08-25,300616,4.134615384615392,89.2081,87.9415,84.5703,86.3665,85.6476,0.17124603323939763,1.0,0.0,0.8562301661969881,1.0
2026-08-25,300659,1.984126984126977,31.7547,41.8518,44.9878,40.4037,39.8436,0.1775956284153006,1.0,0.0,0.8879781420765029,1.0
2026-08-25,300719,4.279475982532754,91.2267,90.4363,81.5841,87.9814,86.1627,0.12725450901803603,1.0,0.0,0.6362725450901802,1.0
2026-08-25,300771,2.3193577163246992,43.0901,49.3572,30.163,34.472,34.472,0.25574489176786774,0.0,0.0,1.0,1.0
2026-08-25,301032,3.8306451612903247,83.618,82.2785,83.5326,81.8944,81.8944,0.23079361447889443,1.0,0.0,1.0,1.0
2026-08-25,301098,1.0033444816053505,0.0776,8.4674,21.8649,15.0621,14.2647,0.5797373358348968,1.0,0.0,0.8405253283302063,1.0
2026-08-25,301126,3.400000000000003,72.5932,68.7306,75.8152,73.0745,73.0745,0.46719681908548705,1.0,0.0,1.0,1.0
2026-08-25,600697,2.3191094619666064,42.9348,46.5325,55.0543,49.3478,49.3478,0.39076702320621853,1.0,0.0,1.0,1.0
2026-08-25,603506,4.820415879017004,98.3696,90.5623,93.8587,93.6957,93.6957,0.4066685773698115,1.0,0.0,1.0,1.0
2026-08-25,603700,4.497354497354489,94.3323,89.256,96.0326,95.4658,95.4658,0.31048965527882516,1.0,1.0,1.0,1.0
2026-08-26,002809,2.3282887077997527,44.3615,50.8541,56.0531,50.4892,50.4892,0.2317546012270009,1.0,0.0,1.0,1.0
2026-08-26,300437,2.400000000000002,46.5174,53.857,54.3469,52.2139,51.4101,0.16784702549575067,1.0,0.0,0.8392351274787533,1.0
2026-08-26,300771,2.528334786399289,49.005,53.0892,59.3035,54.204,54.204,0.3057401337676013,1.0,0.0,1.0,1.0
2026-08-26,301098,3.31125827814569,71.6418,65.381,71.2843,72.3134,71.3472,0.5966228893058162,1.0,0.0,0.8067542213883676,1.0
2026-08-27,300517,1.9704433497536922,32.2554,37.4,47.5788,40.8043,40.8043,0.4202145789437745,1.0,0.0,1.0,1.0
2026-08-27,300650,1.8502202643171817,28.8557,37.6777,45.199,38.0846,38.0846,0.2703456834942426,1.0,0.0,1.0,1.0
2026-08-27,300771,1.4455782312925214,13.6816,23.7152,34.5771,25.9453,25.9453,0.3615040575365347,1.0,0.0,1.0,1.0
2026-08-27,301056,4.079861111111116,88.6401,83.5899,87.0481,85.9121,85.9121,0.36610800365074125,1.0,0.0,1.0,1.0
2026-08-27,301395,2.478632478632492,48.01,50.0746,33.607,38.408,38.408,0.4166666666666666,0.0,0.0,1.0,1.0
2026-08-27,603506,1.9855595667870096,32.5871,35.872,47.4156,41.0697,40.9708,0.5098839523367688,1.0,0.0,0.9802320953264625,1.0
2026-08-28,000995,1.7241379310344973,23.913,33.856,41.7391,34.1304,34.1304,0.2637231503579951,1.0,0.0,1.0,1.0
2026-08-28,002200,2.5862068965517127,49.4783,48.6524,57.7743,54.5826,54.1175,0.5465116279069766,1.0,0.0,0.9069767441860468,1.0
2026-08-28,002809,4.367816091954024,92.6087,89.2019,89.8261,89.087,89.087,0.2442511728617901,1.0,0.0,1.0,1.0
2026-08-28,002910,1.116751269035543,4.5217,15.6852,28.1652,18.6174,18.6174,0.3966101694915254,1.0,0.0,1.0,1.0
2026-08-28,300616,1.6252390057361454,19.3913,31.9733,36.2725,30.513,29.9377,0.1769861237390423,1.0,0.0,0.8849306186952114,1.0
2026-08-28,300659,2.6188166828321924,50.3478,56.0979,60.2435,55.2783,55.2783,0.20901639344262304,1.0,0.0,1.0,1.0
2026-08-28,301032,1.2682926829268304,7.913,20.7058,30.5391,21.3304,21.3304,0.28123195406699725,1.0,0.0,1.0,1.0
2026-08-28,600697,2.389705882352944,45.7391,48.2813,57.0174,51.5913,51.5913,0.4154991132825618,1.0,0.0,1.0,1.0
2026-08-28,603506,2.920353982300883,59.0435,56.1288,64.1185,62.2348,61.6818,0.55529871732223,1.0,0.0,0.88940256535554,1.0
2026-08-31,002144,1.513802315227064,15.2062,26.6496,35.6443,27.1649,27.1649,0.27576938023943676,1.0,0.0,1.0,1.0
2026-08-31,002910,2.409638554216853,46.4777,48.877,57.5344,52.1821,52.1821,0.41525423728813576,1.0,0.0,1.0,1.0
2026-08-31,300371,2.8708133971292016,58.0756,60.1662,65.6529,61.4605,61.4605,0.31471475880751326,1.0,0.0,1.0,1.0
2026-08-31,300417,3.1523642732048884,67.6117,65.748,72.3282,69.0893,69.0893,0.41706718698440665,1.0,0.0,1.0,1.0
2026-08-31,300500,4.3203371970495175,92.0103,86.2202,89.4072,88.6082,88.6082,0.369402985074627,1.0,0.0,1.0,1.0
2026-08-31,300605,3.6310107948969605,78.2646,76.1856,79.7852,77.6117,77.6117,0.32130384167636783,1.0,0.0,1.0,1.0
2026-08-31,300610,1.3270142180094702,10.0515,18.987,32.0361,23.0412,23.0412,0.4527134755494392,1.0,0.0,1.0,1.0
2026-08-31,300616,1.0348071495766664,1.1168,17.0285,25.1068,15.8935,15.7247,0.19324971348803535,1.0,0.0,0.9662485674401767,1.0
2026-08-31,300787,2.2267206477732726,42.0103,44.0986,59.4072,53.6082,53.6082,0.47548318572228665,1.0,1.0,1.0,1.0
2026-08-31,301355,1.1627906976744207,5.5842,17.244,28.9089,19.4674,19.4674,0.36116910229645094,1.0,0.0,1.0,1.0
2026-08-31,603700,3.298611111111116,71.2199,69.932,79.854,76.9759,76.9759,0.35219722091329414,1.0,1.0,1.0,1.0
2026-09-01,000995,4.1516245487364545,89.4604,86.1506,87.6223,86.5683,86.5683,0.27088305489260134,1.0,0.0,1.0,1.0
2026-09-01,002200,1.2676056338028374,8.1788,14.5275,26.6941,21.543,20.5352,0.6007751937984493,1.0,0.0,0.7984496124031013,1.0
2026-09-01,002809,1.1235955056179803,4.8904,18.5729,28.4233,18.9123,18.9123,0.2669722121977707,1.0,0.0,1.0,1.0
2026-09-01,002910,3.9215686274509887,85.7504,79.4817,85.0253,83.6003,83.6003,0.45593220338983037,1.0,0.0,1.0,1.0
2026-09-01,300437,1.6379310344827536,20.489,32.5385,38.6058,31.3912,31.2071,0.1926345609065155,1.0,0.0,0.9631728045325775,1.0
2026-09-01,300514,1.1505273250239867,5.6492,18.0154,28.9545,19.5194,19.5194,0.32520113808890533,1.0,0.0,1.0,1.0
2026-09-01,300605,2.367424242424243,45.6155,49.2049,56.9309,51.4924,51.4924,0.36437718277066367,1.0,0.0,1.0,1.0
2026-09-01,300787,2.079207920792081,36.0034,38.4945,54.586,48.8027,48.6486,0.5154092547524021,1.0,1.0,0.9691814904951959,1.0
2026-09-01,301126,1.82166826462129,28.5835,31.8131,47.9011,42.8668,42.3399,0.5526838966202783,1.0,1.0,0.8946322067594434,1.0
2026-09-01,600689,2.626970227670755,51.602,51.4152,61.1214,56.2816,56.2816,0.49332010237347074,1.0,0.0,1.0,1.0
2026-09-01,600697,2.3297491039426577,44.4351,45.8531,56.1046,50.5481,50.5481,0.4847489654963219,1.0,0.0,1.0,1.0
2026-09-04,000995,2.872531418312385,58.213,61.0095,65.7491,61.5704,61.5704,0.27804295942720764,1.0,0.0,1.0,1.0
2026-09-04,002205,2.123730378578026,38.3574,43.3582,51.8502,45.6859,45.6859,0.3663865546218487,1.0,0.0,1.0,1.0
2026-09-04,300616,1.1310084825636224,5.5054,20.5776,27.9874,19.4043,19.1877,0.1913363499881537,1.0,0.0,0.9566817499407684,1.0
2026-09-04,301098,4.190260475651186,89.8014,80.7717,90.7222,91.8412,91.3064,0.5534709193245778,1.0,1.0,0.8930581613508444,1.0
2026-09-04,600697,1.0810810810810922,3.1588,12.4638,27.0845,17.5271,17.4954,0.5031662604583843,1.0,0.0,0.9936674790832314,1.0
2026-09-04,603506,1.6843971631205878,22.8339,27.2437,43.937,38.2671,37.7554,0.5511701023235515,1.0,1.0,0.8976597953528971,1.0
2026-09-07,000929,3.1088082901554293,66.1634,62.7241,70.9012,67.9307,67.8274,0.5103305785123968,1.0,0.0,0.9793388429752063,1.0
2026-09-07,002910,3.2480314960629864,69.5382,66.6475,73.6767,70.6306,70.6306,0.4491525423728814,1.0,0.0,1.0,1.0
2026-09-07,300616,1.2115563839701693,7.016,21.5565,29.9112,20.6128,20.6128,0.202816530987443,1.0,0.0,1.0,1.0
2026-09-07,300787,1.2871287128712883,9.8579,16.9962,35.1202,27.8863,27.4412,0.5445083538756456,1.0,1.0,0.9109832922487089,1.0
2026-09-07,301098,4.021739130434798,86.7673,76.9561,85.8216,89.4139,88.185,0.6228893058161349,1.0,1.0,0.7542213883677302,1.0
2026-09-07,301126,2.613746369796699,50.1776,48.9754,62.791,60.1421,59.5588,0.5583333333333333,1.0,1.0,0.8833333333333333,1.0
2026-09-07,301355,2.0447906523856085,34.3694,40.2853,49.0586,42.4956,42.4956,0.36051502145922737,1.0,0.0,1.0,1.0
2026-09-07,600697,3.0303030303030276,63.3215,59.8735,72.7576,70.6572,70.2653,0.5391851068238436,1.0,1.0,0.9216297863523129,1.0
2026-09-07,603506,1.3077593722754965,10.4796,16.5758,33.72,28.3837,27.4797,0.5903919448109954,1.0,1.0,0.8192161103780091,1.0
2026-09-08,000929,3.115577889447252,66.3858,61.6623,68.5775,68.1086,67.3855,0.5723140495867768,1.0,0.0,0.8553719008264464,1.0
2026-09-08,000995,1.5570934256055269,17.6966,27.5941,37.3876,29.1573,29.1573,0.32816229116945106,1.0,0.0,1.0,1.0
2026-09-08,002809,1.832760595647187,29.6816,38.1309,50.7772,43.7453,43.7453,0.28071960927082795,1.0,1.0,1.0,1.0
2026-09-08,002910,2.9551954242135414,60.3933,58.2129,67.0719,63.3146,63.2638,0.5050847457627119,1.0,0.0,0.9898305084745762,1.0
2026-09-08,003038,1.814882032667886,28.3708,38.615,44.8596,37.6966,37.6966,0.20408163265306115,1.0,0.0,1.0,1.0
2026-09-08,300314,1.7316017316017174,25.1873,33.5081,17.6311,20.1498,20.1498,0.3320848938826468,0.0,0.0,1.0,1.0
2026-09-08,300437,4.537521815008727,95.2247,91.6693,91.6573,91.1798,91.1798,0.22552447552447555,1.0,0.0,1.0,1.0
2026-09-08,300605,1.614434947768273,19.382,27.7264,13.5674,15.5056,15.5056,0.3889585947302383,0.0,0.0,1.0,1.0
2026-09-08,301126,1.8867924528301883,30.7116,32.2776,46.9148,44.5693,43.4235,0.6145833333333334,1.0,1.0,0.7708333333333333,1.0
2026-09-08,603506,2.151462994836484,40.5431,40.0073,53.5259,52.4345,51.2209,0.6213565573010823,1.0,1.0,0.7572868853978354,1.0
2026-09-14,002900,1.2027491408934665,6.8182,18.8928,4.7727,5.4545,5.4545,0.32808716707021796,0.0,0.0,1.0,1.0
2026-09-14,003003,1.5799256505576231,17.8854,27.2886,12.5198,14.3083,14.3083,0.35098513591151836,0.0,0.0,1.0,1.0
2026-09-14,300371,2.320887991927356,43.7747,50.261,30.6423,35.0198,35.0198,0.23793995216416455,0.0,0.0,1.0,1.0
2026-09-14,300417,1.0628875110717528,1.6798,13.3569,1.1759,1.3439,1.3439,0.39934864636088596,0.0,0.0,1.0,1.0
2026-09-14,300605,1.0967098703888567,3.5573,15.9493,2.4901,2.8458,2.8458,0.34482758620689646,0.0,0.0,1.0,1.0
2026-09-14,300614,1.8572825024437911,29.1502,36.3442,20.4051,23.3202,23.3202,0.34879999999999994,0.0,0.0,1.0,1.0
2026-09-14,300625,2.6680896478121774,52.2727,56.2481,36.5909,41.8182,41.8182,0.2785030399454409,0.0,0.0,1.0,1.0
2026-09-14,300787,2.4973985431841816,48.3202,49.2741,33.8241,38.6561,38.6561,0.46910071015932153,0.0,0.0,1.0,1.0
2026-09-14,300884,2.3156089193824947,43.1818,44.037,30.2273,34.5455,34.5455,0.5254237288135594,0.0,0.0,0.9491525423728813,1.0
2026-09-14,301126,2.286282306163012,42.7866,44.1876,29.9506,34.2292,34.2292,0.5020833333333334,0.0,0.0,0.9958333333333331,1.0
2026-09-14,301229,1.6579406631762605,21.4427,34.8409,15.0099,17.1542,17.1542,0.11566265060240973,0.0,0.0,0.5783132530120486,1.0
2026-09-14,301355,4.92700729927007,99.7036,89.5912,99.4491,99.7628,99.677,0.5085836909871246,1.0,1.0,0.9828326180257507,1.0
2026-09-14,301519,2.2648083623693305,42.3913,48.073,29.6739,33.913,33.913,0.2920032356978629,0.0,0.0,1.0,1.0
2026-09-16,002144,1.7664376840039298,26.9608,37.9475,18.8725,21.5686,21.5686,0.18105450836181333,0.0,0.0,0.9052725418090666,1.0
2026-09-16,002200,1.7187499999999911,23.6275,32.3128,16.5392,18.902,18.902,0.32945736434108536,0.0,0.0,1.0,1.0
2026-09-16,002809,1.3647642679900596,11.0784,23.1513,7.7549,8.8627,8.8627,0.28557113265312156,0.0,0.0,1.0,1.0
2026-09-16,002858,1.531531531531538,16.1765,29.4133,11.3235,12.9412,12.9412,0.1763942931258106,0.0,0.0,0.8819714656290529,1.0
2026-09-16,003003,1.7341040462427681,25.1961,34.6971,17.6373,20.1569,20.1569,0.27298843904229225,0.0,0.0,1.0,1.0
2026-09-16,300314,3.488372093023262,74.2157,73.6547,51.951,59.3725,59.3725,0.2858926342072409,0.0,0.0,1.0,1.0
2026-09-16,300417,2.106227106227121,37.1569,42.7471,26.0098,29.7255,29.7255,0.34891895381701993,0.0,0.0,1.0,1.0
2026-09-16,300437,2.323420074349447,44.8039,51.3776,31.3627,35.8431,35.8431,0.22327790973871722,0.0,0.0,1.0,1.0
2026-09-16,300605,2.0682523267838704,35.1961,42.2152,24.6373,28.1569,28.1569,0.29708222811671087,0.0,0.0,1.0,1.0
2026-09-16,300610,2.012072434607659,34.0196,40.0058,23.8137,27.2157,27.2157,0.36049634842059397,0.0,0.0,1.0,1.0
2026-09-16,300616,1.1201629327902252,4.2157,21.0574,2.951,3.3725,3.3725,0.11575849174283306,0.0,0.0,0.5787924587141653,1.0
2026-09-16,300635,1.8469656992084582,28.9216,36.5756,20.2451,23.1373,23.1373,0.32808398950131235,0.0,0.0,1.0,1.0
2026-09-16,300787,3.19258496395467,68.1373,64.7286,47.6961,54.5098,54.5098,0.489062442506527,0.0,0.0,1.0,1.0
2026-09-16,300958,1.382886776145198,12.2549,23.2355,8.5784,9.8039,9.8039,0.32842105263157906,0.0,0.0,1.0,1.0
2026-09-16,301098,1.425178147268391,13.6275,21.371,9.5392,10.902,10.902,0.47654784240150083,0.0,0.0,1.0,1.0
2026-09-16,301229,1.2544802867383575,8.1373,24.9194,5.6961,6.5098,6.5098,0.07951807228915664,0.0,0.0,0.3975903614457832,1.0
2026-09-16,301355,1.2455516014235002,7.7451,14.8227,32.6748,26.1961,25.5094,0.5686695278969958,1.0,1.0,0.8626609442060085,1.0
2026-09-17,002144,1.1571841851494735,6.0127,20.6367,4.2089,4.8101,4.8101,0.2086729926881916,0.0,0.0,1.0,1.0
2026-09-17,002858,1.4196983141082642,14.6624,27.7611,10.2637,11.73,11.73,0.1984435797665369,0.0,0.0,0.9922178988326844,1.0
2026-09-17,002900,2.4263431542461023,51.5823,54.9462,36.1076,41.2658,41.2658,0.31598062953995143,0.0,0.0,1.0,1.0
2026-09-17,002910,1.0330578512396604,0.7384,13.2348,0.5169,0.5907,0.5907,0.3677966101694915,0.0,0.0,1.0,1.0
2026-09-17,300268,1.903114186851207,33.4388,38.5852,23.4072,26.7511,26.7511,0.40829346092504,0.0,0.0,1.0,1.0
2026-09-17,300564,2.3136246786632286,47.7848,55.1863,33.4494,38.2278,38.2278,0.15207730518714466,0.0,0.0,0.7603865259357232,1.0
2026-09-17,300612,1.5734265734265618,19.5148,30.7158,13.6603,15.6118,15.6118,0.2447999999999999,0.0,0.0,1.0,1.0
2026-09-17,300994,2.4390243902439046,51.7932,58.2609,36.2553,41.4346,41.4346,0.15868642756111837,0.0,0.0,0.7934321378055917,1.0
2026-09-17,301032,2.254098360655754,46.519,51.9716,32.5633,37.2152,37.2152,0.26217815470985756,0.0,0.0,1.0,1.0
2026-09-17,301156,1.85185185185186,32.173,40.8675,22.5211,25.7384,25.7384,0.24354258034953383,0.0,0.0,1.0,1.0
2026-09-17,301229,1.6814159292035447,25.0,38.0723,17.5,20.0,20.0,0.09638554216867477,0.0,0.0,0.4819277108433738,1.0
2026-09-17,301395,1.0480349344978324,1.3713,12.6647,0.9599,1.097,1.097,0.4216152019002374,0.0,0.0,1.0,1.0
2026-09-17,301507,1.6309012875536544,22.2574,36.3642,15.5802,17.8059,17.8059,0.07208337680678154,0.0,0.0,0.36041688403390765,1.0
2026-09-17,600697,2.7322404371584508,58.7553,58.4875,71.1287,67.0042,67.0042,0.4258373205741628,1.0,1.0,1.0,1.0
2026-09-17,603506,4.666056724611156,97.1519,88.1431,98.0063,97.7215,97.7215,0.47891933984668145,1.0,1.0,1.0,1.0
2026-09-17,603700,2.0871143375680523,38.8186,45.2378,27.173,31.0549,31.0549,0.29085446764866985,0.0,0.0,1.0,1.0
2026-09-18,300417,1.3380909901873128,11.6109,21.5198,8.1276,9.2887,9.2887,0.3884449290541043,0.0,0.0,1.0,1.0
2026-09-18,300612,3.184165232358005,70.8159,71.1807,49.5711,56.6527,56.6527,0.27359999999999984,0.0,0.0,1.0,1.0
2026-09-18,300659,1.9685039370078705,34.8326,42.335,24.3828,27.8661,27.8661,0.276553106212425,0.0,0.0,1.0,1.0
2026-09-18,300771,2.073940486925152,38.3891,45.2627,26.8724,30.7113,30.7113,0.2724279170894027,0.0,0.0,1.0,1.0
2026-09-18,301355,1.9197207678882888,33.7866,34.7117,49.0154,47.0293,45.8705,0.6158798283261805,1.0,1.0,0.768240343347639,1.0
2026-09-18,301395,3.197925669835766,71.4435,68.4271,50.0105,57.1548,57.1548,0.43638525564803815,0.0,0.0,1.0,1.0
2026-09-21,002144,3.3460803059273347,76.5934,76.8251,53.6154,61.2747,61.2747,0.222482234851381,0.0,0.0,1.0,1.0
2026-09-21,002809,3.3007334963325086,75.2747,74.0545,52.6923,60.2198,60.2198,0.3082655273010516,0.0,0.0,1.0,1.0
2026-09-21,002858,2.383053839364524,51.5385,57.1063,36.0769,41.2308,41.2308,0.20622568093385216,0.0,0.0,1.0,1.0
2026-09-21,002910,4.605936540429889,95.9341,89.0862,92.1538,91.7473,91.7473,0.3830508474576271,1.0,0.0,1.0,1.0
2026-09-21,003003,3.2319391634980876,73.7363,72.9545,51.6154,58.989,58.989,0.30172406420463854,0.0,0.0,1.0,1.0
2026-09-21,300371,1.5243902439024515,17.9121,29.8485,12.5385,14.3297,14.3297,0.22406012162125488,0.0,0.0,1.0,1.0
2026-09-21,300417,2.464788732394374,54.3956,55.3387,68.0769,63.5165,63.5165,0.40888939900432014,1.0,1.0,1.0,1.0
2026-09-21,300605,2.4144869215291687,52.8571,55.6279,37.0,42.2857,42.2857,0.33289124668435005,0.0,0.0,1.0,1.0
2026-09-21,300635,1.9624573378839383,35.4945,40.9153,24.8462,28.3956,28.3956,0.3740157480314963,0.0,0.0,1.0,1.0
2026-09-21,301009,4.9142857142857155,99.6703,95.237,69.7692,79.7363,79.7363,0.224964538708028,0.0,0.0,1.0,1.0
2026-09-21,301032,1.8090452261306789,30.6593,38.5459,21.4615,24.5275,24.5275,0.2990773024097633,0.0,0.0,1.0,1.0
2026-09-21,301098,2.78099652375432,62.0879,59.3514,43.4615,49.6703,49.6703,0.5159474671669795,0.0,0.0,0.968105065666041,1.0
2026-09-21,301126,2.5390625,56.3736,54.3072,67.8782,65.0989,64.7031,0.5395833333333334,1.0,1.0,0.9208333333333332,1.0
2026-09-21,301156,3.242769500438203,73.956,74.0795,51.7692,59.1648,59.1648,0.25426458074228064,0.0,0.0,1.0,1.0
2026-09-21,301229,2.4518388791593626,53.956,60.948,37.7692,43.1648,43.1648,0.11084337349397588,0.0,0.0,0.5542168674698794,1.0
2026-09-21,600697,3.511852502194901,79.2308,72.9061,84.5046,83.3846,83.1454,0.5239234449760767,1.0,1.0,0.9521531100478466,1.0
2026-09-21,603506,3.829416884247161,86.2637,77.1206,86.6038,89.011,88.0658,0.5945205598096737,1.0,1.0,0.8109588803806527,1.0
2026-09-21,603700,4.825737265415553,98.5714,92.0705,69.0,78.8571,78.8571,0.3393302122567815,0.0,0.0,1.0,1.0
2026-09-22,000929,1.089324618736387,3.683,14.682,2.5781,2.9464,2.9464,0.4132231404958678,0.0,0.0,1.0,1.0
2026-09-22,001387,1.7887563884156688,30.0223,37.3497,21.0156,24.0179,24.0179,0.3334065498802768,0.0,0.0,1.0,1.0
2026-09-22,002205,1.7790262172284521,29.7991,37.0158,45.8594,38.8393,38.8393,0.34117647058823525,1.0,0.0,1.0,1.0
2026-09-22,300417,2.319587628865971,48.5491,49.8982,63.9844,58.8393,58.8393,0.44705240957805686,1.0,1.0,1.0,1.0
2026-09-22,300500,1.0649627263045858,2.3438,14.488,1.6406,1.875,1.875,0.36935166994106106,0.0,0.0,1.0,1.0
2026-09-22,300605,1.5717092337917515,19.7545,28.5091,13.8281,15.8036,15.8036,0.3647214854111405,0.0,0.0,1.0,1.0
2026-09-22,300616,4.319248826291067,92.5223,90.1146,64.7656,74.0179,74.0179,0.19516307698791685,0.0,0.0,0.9758153849395842,1.0
2026-09-22,300787,2.4978466838932123,55.2455,46.8297,53.9385,64.1964,60.5131,0.868335357103425,1.0,1.0,0.26332928579314996,1.0
2026-09-22,301180,2.491408934707895,54.7991,60.3529,38.3594,43.8393,43.8393,0.1743197278911565,0.0,0.0,0.8715986394557824,1.0
2026-09-22,301229,1.6239316239316404,21.7634,34.5191,15.2344,17.4107,17.4107,0.14457831325301196,0.0,0.0,0.7228915662650598,1.0
