signal_date,code,native_strength,baseline,low80,context70,trend80,context80,position120,repair,uptrend,comfort,context_valid
2024-01-02,000880,2.4459078080903085,71.6393,66.8403,50.1475,57.3115,57.3115,0.523560209424084,0.0,0.0,0.952879581151832,1.0
2024-01-02,000929,2.244897959183656,65.4098,61.6868,45.7869,52.3279,52.3279,0.5320512820512825,0.0,0.0,0.935897435897435,1.0
2024-01-02,002144,2.495697074010339,72.9508,64.4213,51.0656,58.3607,58.3607,0.6969696969696962,0.0,0.0,0.6060606060606075,1.0
2024-01-02,002809,2.5735294117646967,74.5902,64.0286,52.2131,59.6721,59.6721,0.7821782178217823,0.0,0.0,0.43564356435643536,1.0
2024-01-02,002828,1.7257909875359356,42.1311,47.3322,29.4918,33.7049,33.7049,0.3186344238975819,0.0,0.0,1.0,1.0
2024-01-02,002887,2.3041474654378113,68.0328,70.3317,47.623,54.4262,54.4262,0.20472440944881848,0.0,0.0,1.0,1.0
2024-01-02,002910,2.468007312614273,72.623,70.9097,50.8361,58.0984,58.0984,0.35943060498220625,0.0,0.0,1.0,1.0
2024-01-02,003003,2.088772845953013,56.5574,53.7415,39.5902,45.2459,45.2459,0.5752212389380534,0.0,0.0,0.8495575221238931,1.0
2024-01-02,003018,2.7230046948356845,79.1803,64.3634,55.4262,63.3443,63.3443,0.949044585987261,0.0,0.0,0.1019108280254779,1.0
2024-01-02,300243,2.3541453428863823,70.0,61.933,49.0,56.0,56.0,0.7033492822966503,0.0,0.0,0.5933014354066994,1.0
2024-01-02,300313,1.1178861788617933,7.0492,16.4887,4.9344,5.6393,5.6393,0.4575342465753425,0.0,0.0,1.0,1.0
2024-01-02,300515,1.559792027729645,32.2951,43.5572,22.6066,25.8361,25.8361,0.11394101876675594,0.0,0.0,0.5697050938337797,1.0
2024-01-02,300562,1.1393514460999121,8.3607,15.4731,5.8525,6.6885,6.6885,0.5607734806629832,0.0,0.0,0.8784530386740337,1.0
2024-01-02,300610,1.419698314108242,25.4098,31.315,17.7869,20.3279,20.3279,0.45064377682403395,0.0,0.0,1.0,1.0
2024-01-02,300611,1.4795474325500546,28.6885,30.498,20.082,22.9508,22.9508,0.6226415094339622,0.0,0.0,0.7547169811320755,1.0
2024-01-02,300626,2.1198156682027625,58.1967,50.9935,59.6099,66.5574,63.7754,0.7781954887218046,1.0,1.0,0.4436090225563909,1.0
2024-01-02,300665,1.6203703703703498,35.9016,43.9161,25.1311,28.7213,28.7213,0.24025974025974012,0.0,0.0,1.0,1.0
2024-01-02,300703,1.245551601423478,14.5902,16.8754,10.2131,11.6721,11.6721,0.739837398373984,0.0,0.0,0.520325203252032,1.0
2024-01-02,300749,1.9417475728155331,50.3279,55.5857,35.2295,40.2623,40.2623,0.23383084577114438,0.0,0.0,1.0,1.0
2024-01-02,300931,2.251184834123232,66.0656,60.2682,46.2459,52.8525,52.8525,0.6292134831460677,0.0,0.0,0.7415730337078645,1.0
2024-01-02,300961,1.4247551202137165,26.0656,29.5937,45.7284,40.8525,40.2231,0.5629370629370631,1.0,1.0,0.8741258741258737,1.0
2024-01-02,301032,1.382033563672258,23.4426,29.7255,46.4098,38.7541,38.7541,0.45142857142857146,1.0,1.0,1.0,1.0
2024-01-02,301098,1.100762066045724,5.082,19.3144,3.5574,4.0656,4.0656,0.23755656108597298,0.0,0.0,1.0,1.0
2024-01-02,600272,2.998236331569659,82.7869,80.9597,57.9508,66.2295,66.2295,0.2634920634920635,0.0,0.0,1.0,1.0
2024-01-02,601065,1.660839160839167,37.8689,47.9523,26.5082,30.2951,30.2951,0.11713933415536366,0.0,0.0,0.5856966707768183,1.0
2024-01-02,603122,1.1180124223602705,7.377,22.8729,5.1639,5.9016,5.9016,0.15143603133159275,0.0,0.0,0.7571801566579637,1.0
2024-01-02,603213,2.6876737720111343,77.8689,77.0284,54.5082,62.2951,62.2951,0.26333333333333275,0.0,0.0,1.0,1.0
2024-01-02,605055,3.4965034965035002,90.9836,79.9984,63.6885,72.7869,72.7869,0.639423076923077,0.0,0.0,0.721153846153846,1.0
2024-01-02,605069,3.054989816700604,83.4426,83.6993,58.4098,66.7541,66.7541,0.15273775216138336,0.0,0.0,0.7636887608069167,1.0
2024-01-02,605162,1.9586507072905324,51.6393,55.0109,36.1475,41.3115,41.3115,0.3150289017341039,0.0,0.0,1.0,1.0
2024-01-02,605169,2.206531332744932,62.1311,55.6346,43.4918,49.7049,49.7049,0.7035175879396988,0.0,0.0,0.5929648241206025,1.0
2024-01-02,605208,3.4736842105263177,90.0,83.6176,63.0,72.0,72.0,0.4191176470588241,0.0,0.0,1.0,1.0
2024-01-02,605268,3.7987679671457775,94.5902,90.7149,66.2131,75.6721,75.6721,0.247863247863248,0.0,0.0,1.0,1.0
2024-01-09,000880,1.0648596321394033,3.0249,15.0901,2.1174,2.4199,2.4199,0.36649214659685847,0.0,0.0,1.0,1.0
2024-01-09,000929,2.3834196891191706,69.573,66.9404,48.7011,55.6584,55.6584,0.43589743589743607,0.0,0.0,1.0,1.0
2024-01-09,002205,2.7462121212121104,79.5374,79.7138,85.2566,83.6299,83.525,0.19580419580419603,1.0,1.0,0.9790209790209801,1.0
2024-01-09,002209,3.302752293577993,89.1459,76.456,82.6808,91.3167,88.8864,0.7430340557275539,1.0,1.0,0.5139318885448922,1.0
2024-01-09,002633,3.0713640469738124,83.8078,75.2863,85.1455,87.0463,86.1663,0.5880000000000003,1.0,1.0,0.8239999999999994,1.0
2024-01-09,002848,1.7889087656529634,45.3737,49.5469,31.7616,36.2989,36.2989,0.3375999999999999,0.0,0.0,1.0,1.0
2024-01-09,300515,2.3679417122040025,68.5053,74.0268,47.9537,54.8043,54.8043,0.03887399463806987,0.0,0.0,0.19436997319034935,1.0
2024-01-09,300611,1.6393442622950616,36.8327,40.2209,25.7829,29.4662,29.4662,0.46226415094339646,0.0,0.0,1.0,1.0
2024-01-09,300961,1.4209591474245054,24.3772,28.0332,44.127,39.5018,38.7675,0.5734265734265734,1.0,1.0,0.8531468531468531,1.0
2024-01-09,301032,2.263374485596681,64.9466,65.2716,45.4626,51.9573,51.9573,0.3342857142857145,0.0,0.0,1.0,1.0
2024-01-09,600689,2.6785714285714413,77.0463,73.8275,53.9324,61.637,61.637,0.39047619047619025,0.0,0.0,1.0,1.0
2024-01-09,600768,1.4655172413793105,27.2242,27.9512,41.4007,41.7794,39.8653,0.6914062500000002,1.0,1.0,0.6171874999999996,1.0
2024-01-09,605208,2.6030368763557465,74.1993,73.0359,51.9395,59.3594,59.3594,0.31617647058823584,0.0,0.0,1.0,1.0
2024-01-11,001322,2.3136246786632286,66.4931,72.1572,46.5451,53.1944,53.1944,0.05186020293122887,0.0,0.0,0.25930101465614436,1.0
2024-01-11,002205,4.007455731593668,96.0069,91.7007,97.2049,96.8056,96.8056,0.25524475524475543,1.0,1.0,1.0,1.0
2024-01-11,002828,1.1707317073170742,10.5903,22.6116,7.4132,8.4722,8.4722,0.2930298719772405,0.0,0.0,1.0,1.0
2024-01-11,002848,1.883408071748871,46.3542,50.4273,32.4479,37.0833,37.0833,0.3328,0.0,0.0,1.0,1.0
2024-01-11,002887,1.4270032930845167,24.1319,32.9538,46.8924,39.3056,39.3056,0.3175853018372701,1.0,1.0,1.0,1.0
2024-01-11,300313,1.7716535433070835,43.5764,45.1542,30.5035,34.8611,34.8611,0.4853479853479854,0.0,0.0,1.0,1.0
2024-01-11,300340,4.042179261862899,96.3542,92.5289,67.4479,77.0833,77.0833,0.22772277227722776,0.0,0.0,1.0,1.0
2024-01-11,300562,2.376599634369292,69.2708,66.7979,48.4896,55.4167,55.4167,0.4309392265193367,0.0,0.0,1.0,1.0
2024-01-11,301025,3.886255924170623,95.3125,93.631,66.7188,76.25,76.25,0.13095238095238115,0.0,0.0,0.6547619047619058,1.0
2024-01-11,301028,1.0309278350515427,1.5625,6.9037,22.4012,21.25,19.0769,0.7173144876325094,1.0,1.0,0.5653710247349812,1.0
2024-01-11,301032,1.736465781409624,40.1042,44.9976,28.0729,32.0833,32.0833,0.3542857142857138,0.0,0.0,1.0,1.0
2024-01-11,600689,1.7652250661959412,42.0139,45.3063,29.4097,33.6111,33.6111,0.4152380952380952,0.0,0.0,1.0,1.0
2024-01-11,601022,3.118712273641844,85.2431,83.3269,59.6701,68.1944,68.1944,0.24337748344370852,0.0,0.0,1.0,1.0
2024-01-11,601065,1.361161524500898,19.2708,34.1096,13.4896,15.4167,15.4167,0.06535141800246616,0.0,0.0,0.3267570900123308,1.0
2024-01-11,601083,1.799485861182526,45.3125,45.3125,45.3125,45.3125,45.3125,,0.0,0.0,,0.0
2024-01-11,601279,1.0752688172043001,4.1667,20.2503,2.9167,3.3333,3.3333,0.1541501976284584,0.0,0.0,0.770750988142292,1.0
2024-01-11,603122,1.8939393939394034,47.0486,55.289,32.934,37.6389,37.6389,0.11749347258485643,0.0,0.0,0.5874673629242821,1.0
2024-01-11,605228,2.6532479414455468,76.5625,76.4595,53.5938,61.25,61.25,0.23952745930560812,0.0,0.0,1.0,1.0
2024-01-23,001322,2.259887005649719,63.5185,70.7726,44.463,50.8148,50.8148,0.0021097046413503036,0.0,0.0,0.010548523206751518,1.0
2024-01-23,002887,1.3513513513513375,18.7037,34.7791,13.0926,14.963,14.963,0.009195402298850679,0.0,0.0,0.04597701149425339,1.0
2024-01-23,300561,1.317122593718345,16.1111,32.5911,11.2778,12.8889,12.8889,0.014891179839633246,0.0,0.0,0.07445589919816623,1.0
2024-01-23,300884,1.9281332164767795,47.2222,53.9752,33.0556,37.7778,37.7778,0.19012797074954305,0.0,0.0,0.9506398537477152,1.0
2024-01-23,301048,2.6225769669327104,74.6296,79.3672,52.2407,59.7037,59.7037,0.016826923076923243,0.0,0.0,0.08413461538461621,1.0
2024-01-23,601022,3.5605289928789308,92.037,89.1263,64.4259,73.6296,73.6296,0.22516556291390719,0.0,0.0,1.0,1.0
2024-01-23,601065,1.538461538461533,28.5185,42.7248,19.963,22.8148,22.8148,0.004499437570303689,0.0,0.0,0.022497187851518444,1.0
2024-01-23,601083,3.2448377581120846,87.5926,87.5926,87.5926,87.5926,87.5926,,0.0,0.0,,0.0
2024-01-24,000586,1.870078740157477,42.0489,53.2187,29.4343,33.6391,33.6391,0.021021021021021106,0.0,0.0,0.10510510510510553,1.0
2024-01-24,000880,2.8004667444574194,76.2997,79.8969,53.4098,61.0398,61.0398,0.05714285714285703,0.0,0.0,0.28571428571428514,1.0
2024-01-24,000929,2.4852071005917242,66.208,70.5191,46.3456,52.9664,52.9664,0.12236286919831192,0.0,0.0,0.6118143459915596,1.0
2024-01-24,001322,3.7753222836095723,92.8135,92.9526,64.9694,74.2508,74.2508,0.06490872210953336,0.0,0.0,0.3245436105476668,1.0
2024-01-24,002058,2.522522522522541,67.1254,70.2381,46.9878,53.7003,53.7003,0.1731092436974789,0.0,0.0,0.8655462184873944,1.0
2024-01-24,002144,3.350253807106607,86.6972,87.5468,60.6881,69.3578,69.3578,0.09055118110236268,0.0,0.0,0.4527559055118134,1.0
2024-01-24,002205,4.3968432919955,96.789,95.6921,67.7523,77.4312,77.4312,0.08695652173913022,0.0,0.0,0.4347826086956511,1.0
2024-01-24,002209,3.716216216216206,92.5076,91.6532,64.7554,74.0061,74.0061,0.1176470588235299,0.0,0.0,0.5882352941176494,1.0
2024-01-24,002633,4.560622914349288,97.4006,97.2373,68.1804,77.9205,77.9205,0.03416149068322965,0.0,0.0,0.17080745341614822,1.0
2024-01-24,002806,1.5238095238095273,25.841,40.2223,18.0887,20.6728,20.6728,0.022522522522522445,0.0,0.0,0.11261261261261223,1.0
2024-01-24,002809,1.3001083423618498,15.1376,28.9566,10.5963,12.1101,12.1101,0.15767634854771864,0.0,0.0,0.7883817427385932,1.0
2024-01-24,002826,1.7051153460381219,35.3211,47.3898,24.7248,28.2569,28.2569,0.043352601156069155,0.0,0.0,0.21676300578034577,1.0
2024-01-24,002828,2.64900662251657,71.4067,74.6503,49.9847,57.1254,57.1254,0.1237553342816501,0.0,0.0,0.6187766714082504,1.0
2024-01-24,002848,1.3415892672858698,17.2783,31.8386,12.0948,13.8226,13.8226,0.09919999999999987,0.0,0.0,0.49599999999999933,1.0
2024-01-24,002853,2.5431425976385036,68.0428,74.0334,47.63,54.4343,54.4343,0.020042194092826843,0.0,0.0,0.10021097046413421,1.0
2024-01-24,002861,3.5040431266846195,89.7554,88.5092,62.8287,71.8043,71.8043,0.1647564469914043,0.0,0.0,0.8237822349570214,1.0
2024-01-24,002910,4.83516483516484,99.5413,98.9303,69.6789,79.633,79.633,0.03513513513513487,0.0,0.0,0.17567567567567435,1.0
2024-01-24,002931,1.376936316695354,19.419,33.1992,13.5933,15.5352,15.5352,0.11679999999999992,0.0,0.0,0.5839999999999995,1.0
2024-01-24,003003,2.708333333333335,74.159,78.4547,51.9113,59.3272,59.3272,0.043624161073824705,0.0,0.0,0.2181208053691235,1.0
2024-01-24,300243,2.0000000000000018,47.2477,57.2291,33.0734,37.7982,37.7982,0.028455284552845767,0.0,0.0,0.14227642276422883,1.0
2024-01-24,300306,1.0330578512396604,2.2936,20.8733,1.6055,1.8349,1.8349,0.04807692307692326,0.0,0.0,0.24038461538461628,1.0
2024-01-24,300437,2.2408963585434094,58.5627,66.5579,40.9939,46.8502,46.8502,0.014610389610389872,0.0,0.0,0.07305194805194935,1.0
2024-01-24,300478,1.17647058823529,11.1621,25.1772,7.8135,8.9297,8.9297,0.18762088974854946,0.0,0.0,0.9381044487427472,1.0
2024-01-24,300484,1.7068273092369468,35.9327,48.2449,25.1529,28.7462,28.7462,0.02506265664160422,0.0,0.0,0.1253132832080211,1.0
2024-01-24,300515,2.105263157894721,52.1407,60.9733,36.4985,41.7125,41.7125,0.036960985626283305,0.0,0.0,0.18480492813141652,1.0
2024-01-24,300561,4.499999999999993,97.0948,96.9917,67.9664,77.6758,77.6758,0.03420752565564424,0.0,0.0,0.1710376282782212,1.0
2024-01-24,300562,1.4344262295081789,23.3945,36.6161,16.3761,18.7156,18.7156,0.10497237569060758,0.0,0.0,0.5248618784530379,1.0
2024-01-24,300564,2.9622980251346354,78.4404,81.6739,54.9083,62.7523,62.7523,0.05392156862745122,0.0,0.0,0.26960784313725605,1.0
2024-01-24,300588,2.8000000000000025,75.9939,80.5405,53.1957,60.7951,60.7951,0.01272984441301271,0.0,0.0,0.06364922206506354,1.0
2024-01-24,300626,3.3860045146726803,87.3089,89.2456,61.1162,69.8471,69.8471,0.03007518796992492,0.0,0.0,0.1503759398496246,1.0
2024-01-24,300635,3.1339031339031376,81.9572,84.7559,57.37,65.5657,65.5657,0.040492957746478556,0.0,0.0,0.20246478873239276,1.0
2024-01-24,300665,2.8037383177570208,76.6055,79.3309,53.6239,61.2844,61.2844,0.09767441860465127,0.0,0.0,0.48837209302325635,1.0
2024-01-24,300703,1.6494845360824684,32.5688,43.6357,22.7982,26.055,26.055,0.12096774193548351,0.0,0.0,0.6048387096774175,1.0
2024-01-24,300730,1.392757660167132,20.6422,35.9404,14.4495,16.5138,16.5138,0.02866779089376052,0.0,0.0,0.1433389544688026,1.0
2024-01-24,300743,2.780269058295981,75.6881,80.1149,52.9817,60.5505,60.5505,0.021778584392014726,0.0,0.0,0.10889292196007362,1.0
2024-01-24,300749,2.7027027027027195,73.8532,78.6971,51.6972,59.0826,59.0826,0.01927194860813701,0.0,0.0,0.09635974304068505,1.0
2024-01-24,300771,1.0180995475113086,1.0703,20.6255,0.7492,0.8563,0.8563,0.011538461538461657,0.0,0.0,0.057692307692308285,1.0
2024-01-24,300884,2.321582115219245,62.2324,65.179,43.5627,49.7859,49.7859,0.2303473491773312,0.0,0.0,1.0,1.0
2024-01-24,300929,1.7274472168905985,37.156,48.4791,26.0092,29.7248,29.7248,0.06228373702422183,0.0,0.0,0.31141868512110915,1.0
2024-01-24,300961,3.0237580993520474,79.3578,82.4175,55.5505,63.4862,63.4862,0.053435114503816564,0.0,0.0,0.2671755725190828,1.0
2024-01-24,300968,3.663003663003672,91.896,84.4259,64.3272,73.5168,73.5168,0.45454545454545453,0.0,0.0,1.0,1.0
2024-01-24,300978,1.1484098939929188,9.633,27.3437,6.7431,7.7064,7.7064,0.018137847642079888,0.0,0.0,0.09068923821039944,1.0
2024-01-24,300986,2.301054650047929,60.7034,68.2898,42.4924,48.5627,48.5627,0.013645224171540063,0.0,0.0,0.06822612085770031,1.0
2024-01-24,301009,4.924623115577886,99.8471,97.6615,69.893,79.8777,79.8777,0.11081081081081111,0.0,0.0,0.5540540540540555,1.0
2024-01-24,301025,1.9251336898395754,43.578,54.1002,30.5046,34.8624,34.8624,0.038109756097560975,0.0,0.0,0.19054878048780485,1.0
2024-01-24,301027,4.261363636363624,96.1774,95.2336,67.3242,76.9419,76.9419,0.08541666666666661,0.0,0.0,0.42708333333333304,1.0
2024-01-24,301028,2.657807308970095,72.0183,77.3257,50.4128,57.6147,57.6147,0.0144508670520228,0.0,0.0,0.072254335260114,1.0
2024-01-24,301048,4.666666666666663,98.6239,97.0638,69.0367,78.8991,78.8991,0.09176470588235294,0.0,0.0,0.4588235294117647,1.0
2024-01-24,301056,2.028639618138417,48.4709,57.7815,33.9297,38.7768,38.7768,0.04976303317535558,0.0,0.0,0.2488151658767779,1.0
2024-01-24,301066,2.365787079162862,63.1498,69.8919,44.2049,50.5199,50.5199,0.031400966183574915,0.0,0.0,0.15700483091787457,1.0
2024-01-24,301098,3.25123152709359,85.7798,87.7234,60.0459,68.6239,68.6239,0.045023696682464295,0.0,0.0,0.22511848341232146,1.0
2024-01-24,301116,2.038924930491204,48.7768,58.2103,34.1437,39.0214,39.0214,0.040557667934093614,0.0,0.0,0.20278833967046805,1.0
2024-01-24,301120,1.0787486515641875,4.7401,23.2836,3.318,3.792,3.792,0.025423728813559268,0.0,0.0,0.12711864406779633,1.0
2024-01-24,301149,1.1257035647279423,7.4924,23.2447,5.2446,5.9939,5.9939,0.1374570446735395,0.0,0.0,0.6872852233676975,1.0
2024-01-24,301198,1.868239921337267,41.7431,52.449,29.2202,33.3945,33.3945,0.04727272727272739,0.0,0.0,0.23636363636363694,1.0
2024-01-24,301332,2.6871401151631336,72.9358,77.1679,51.055,58.3486,58.3486,0.05903398926654729,0.0,0.0,0.29516994633273647,1.0
2024-01-24,600768,3.3742331288343586,87.0031,87.6647,60.9021,69.6024,69.6024,0.09688581314878854,0.0,0.0,0.4844290657439427,1.0
2024-01-24,601065,2.1212121212121016,53.0581,61.7798,37.1407,42.4465,42.4465,0.03333333333333347,0.0,0.0,0.16666666666666735,1.0
2024-01-24,601133,1.1443661971830998,9.0214,25.8335,6.315,7.2171,7.2171,0.06918238993710725,0.0,0.0,0.34591194968553624,1.0
2024-01-24,601279,2.004008016032044,47.5535,57.2682,33.2875,38.0428,38.0428,0.03873239436619747,0.0,0.0,0.19366197183098735,1.0
2024-01-24,603006,1.0101010101009944,0.1529,17.8472,0.107,0.1223,0.1223,0.1137566137566139,0.0,0.0,0.5687830687830695,1.0
2024-01-24,603269,1.5490533562822817,27.6758,41.0139,19.3731,22.1407,22.1407,0.05633802816901371,0.0,0.0,0.28169014084506855,1.0
2024-01-24,605069,3.0266343825665842,79.6636,83.4395,55.7645,63.7309,63.7309,0.014569536423840986,0.0,0.0,0.07284768211920492,1.0
2024-01-24,605208,1.4012738853503182,20.948,35.8708,14.6636,16.7584,16.7584,0.04437869822485177,0.0,0.0,0.22189349112425885,1.0
2024-01-24,605303,3.213242453748788,83.6391,84.6514,58.5474,66.9113,66.9113,0.11299435028248579,0.0,0.0,0.564971751412429,1.0
2024-01-24,605500,1.6925246826516194,34.4037,46.4647,24.0826,27.5229,27.5229,0.05291005291005241,0.0,0.0,0.26455026455026204,1.0
2024-01-24,605567,1.8199233716475138,40.8257,52.0813,28.578,32.6606,32.6606,0.028960817717206086,0.0,0.0,0.14480408858603042,1.0
2024-01-25,000668,4.166666666666674,92.0485,92.71,64.434,73.6388,73.6388,0.04643962848297224,0.0,0.0,0.2321981424148612,1.0
2024-01-25,000880,4.767309875141867,97.9784,95.7161,68.5849,78.3827,78.3827,0.13333333333333325,0.0,0.0,0.6666666666666662,1.0
2024-01-25,002144,3.6345776031434074,85.5795,84.0542,59.9057,68.4636,68.4636,0.2204724409448823,0.0,0.0,1.0,1.0
2024-01-25,002209,2.6058631921823894,62.938,65.9541,44.0566,50.3504,50.3504,0.21981424148606837,0.0,0.0,1.0,1.0
2024-01-25,002633,3.7234042553191404,87.1968,86.5276,61.0377,69.7574,69.7574,0.16149068322981358,0.0,0.0,0.8074534161490678,1.0
2024-01-25,002735,2.1371326803205637,48.3827,56.5272,33.8679,38.7062,38.7062,0.10894941634241266,0.0,0.0,0.5447470817120633,1.0
2024-01-25,002806,3.470919324577859,82.2102,83.7467,57.5472,65.7682,65.7682,0.10107526881720443,0.0,0.0,0.5053763440860221,1.0
2024-01-25,002809,4.705882352941182,97.7089,94.0177,68.3962,78.1671,78.1671,0.2074688796680502,0.0,0.0,1.0,1.0
2024-01-25,002823,3.264925373134342,79.1105,77.1723,55.3774,63.2884,63.2884,0.30580357142857156,0.0,0.0,1.0,1.0
2024-01-25,002828,4.8387096774193505,98.7871,95.8718,69.1509,79.0296,79.0296,0.15789473684210545,0.0,0.0,0.7894736842105272,1.0
2024-01-25,002887,4.641909814323597,96.9003,96.0535,67.8302,77.5202,77.5202,0.07333333333333342,0.0,0.0,0.3666666666666671,1.0
2024-01-25,002910,2.6205450733752578,63.4771,67.7006,44.434,50.7817,50.7817,0.15405405405405367,0.0,0.0,0.7702702702702683,1.0
2024-01-25,003003,4.868154158215021,99.0566,94.5707,69.3396,79.2453,79.2453,0.23372781065088763,0.0,0.0,1.0,1.0
2024-01-25,300243,4.411764705882337,94.2049,92.5067,65.9434,75.3639,75.3639,0.14285714285714285,0.0,0.0,0.7142857142857142,1.0
2024-01-25,300340,3.293413173652704,79.6496,81.8207,55.7547,63.7197,63.7197,0.09494949494949473,0.0,0.0,0.47474747474747364,1.0
2024-01-25,300437,4.566210045662111,95.8221,95.525,67.0755,76.6577,76.6577,0.05663430420711967,0.0,0.0,0.28317152103559834,1.0
2024-01-25,300517,1.122544434050532,6.6038,22.7567,4.6226,5.283,5.283,0.12631578947368402,0.0,0.0,0.63157894736842,1.0
2024-01-25,300588,3.404669260700399,81.2668,83.8073,56.8868,65.0135,65.0135,0.06030855539971945,0.0,0.0,0.3015427769985972,1.0
2024-01-25,300611,4.099244875943908,91.2399,91.0394,63.8679,72.9919,72.9919,0.09762532981530343,0.0,0.0,0.48812664907651715,1.0
2024-01-25,300650,2.9712163416898862,71.8329,76.4926,50.283,57.4663,57.4663,0.04868421052631572,0.0,0.0,0.2434210526315786,1.0
2024-01-25,300703,3.549695740365122,84.5013,83.8914,59.1509,67.6011,67.6011,0.18548387096774138,0.0,0.0,0.9274193548387069,1.0
2024-01-25,300730,4.578754578754585,96.3612,95.6959,67.4528,77.0889,77.0889,0.06965174129353231,0.0,0.0,0.34825870646766155,1.0
2024-01-25,300743,4.275741710296677,93.1267,92.5796,65.1887,74.5013,74.5013,0.09608540925266928,0.0,0.0,0.4804270462633464,1.0
2024-01-25,300749,4.887218045112762,99.3261,98.1361,69.5283,79.4609,79.4609,0.06623931623931639,0.0,0.0,0.33119658119658196,1.0
2024-01-25,300774,4.43181818181817,94.4744,94.3493,66.1321,75.5795,75.5795,0.061511423550087985,0.0,0.0,0.3075571177504399,1.0
2024-01-25,300945,3.062117235345574,73.9892,77.8258,51.7925,59.1914,59.1914,0.0682788051209105,0.0,0.0,0.3413940256045525,1.0
2024-01-25,300978,2.9694323144104695,71.5633,76.1619,50.0943,57.2507,57.2507,0.05443786982248505,0.0,0.0,0.27218934911242526,1.0
2024-01-25,300993,3.956478733926816,89.6226,88.9182,62.7358,71.6981,71.6981,0.13899613899613866,0.0,0.0,0.6949806949806933,1.0
2024-01-25,301009,1.8199233716475138,36.1186,44.03,25.283,28.8949,28.8949,0.24324324324324317,0.0,0.0,1.0,1.0
2024-01-25,301028,4.31499460625675,93.6658,92.9953,65.566,74.9326,74.9326,0.09686609686609678,0.0,0.0,0.48433048433048387,1.0
2024-01-25,301066,4.444444444444451,94.7439,94.5391,66.3208,75.7951,75.7951,0.06280193236714961,0.0,0.0,0.314009661835748,1.0
2024-01-25,301116,3.542234332425087,84.2318,86.0166,58.9623,67.3854,67.3854,0.06844106463878306,0.0,0.0,0.3422053231939153,1.0
2024-01-25,301120,3.3084311632870955,80.1887,82.746,56.1321,64.1509,64.1509,0.07024793388429725,0.0,0.0,0.3512396694214862,1.0
2024-01-25,301149,3.803339517625237,88.0054,86.8304,61.6038,70.4043,70.4043,0.17869415807560085,0.0,0.0,0.8934707903780043,1.0
2024-01-25,600615,2.215799614643532,51.3477,53.492,35.9434,41.0782,41.0782,0.37931034482758635,0.0,0.0,1.0,1.0
2024-01-25,600768,4.154302670623156,91.779,89.2017,64.2453,73.4232,73.4232,0.2110726643598616,0.0,0.0,1.0,1.0
2024-01-25,601022,2.268244575936862,54.0431,57.7047,37.8302,43.2345,43.2345,0.2764900662251657,0.0,0.0,1.0,1.0
2024-01-25,601065,2.3738872403560984,57.8167,65.12,40.4717,46.2534,46.2534,0.05666666666666663,0.0,0.0,0.2833333333333331,1.0
2024-01-25,601083,3.8188277087033873,88.5445,88.5445,88.5445,88.5445,88.5445,,0.0,0.0,,0.0
2024-01-25,601133,3.046127067014792,73.4501,76.7184,51.4151,58.7601,58.7601,0.10208333333333318,0.0,0.0,0.5104166666666659,1.0
2024-01-25,601279,4.911591355599221,99.5957,98.1977,69.717,79.6765,79.6765,0.07394366197183098,0.0,0.0,0.3697183098591549,1.0
2024-01-25,603213,4.139228598306666,91.5094,89.0502,64.0566,73.2075,73.2075,0.20786516853932607,0.0,0.0,1.0,1.0
2024-01-25,603759,4.0760869565217295,90.7008,89.7928,63.4906,72.5606,72.5606,0.1383928571428575,0.0,0.0,0.6919642857142875,1.0
2024-01-25,605303,3.9622641509434064,89.8922,88.4109,62.9245,71.9137,71.9137,0.17514124293785305,0.0,0.0,0.8757062146892652,1.0
2024-01-25,605567,2.6340545625587852,64.5553,70.1341,45.1887,51.6442,51.6442,0.07550335570469789,0.0,0.0,0.3775167785234894,1.0
2024-01-26,000668,2.5116279069767433,61.125,65.3087,42.7875,48.9,48.9,0.17956656346749225,0.0,0.0,0.8978328173374612,1.0
2024-01-26,000929,2.409638554216853,59.375,59.3143,41.5625,47.5,47.5,0.4092827004219413,0.0,0.0,1.0,1.0
2024-01-26,002205,2.320887991927356,56.125,58.4011,39.2875,44.9,44.9,0.3249427917620138,0.0,0.0,1.0,1.0
2024-01-26,002633,3.4871794871794926,83.625,81.4963,58.5375,66.9,66.9,0.27018633540372655,0.0,0.0,1.0,1.0
2024-01-26,002809,1.838610827374887,37.625,42.2992,26.3375,30.1,30.1,0.39004149377593383,0.0,0.0,1.0,1.0
2024-01-26,002823,1.3550135501354976,15.875,25.0214,11.1125,12.7,12.7,0.3839285714285716,0.0,0.0,1.0,1.0
2024-01-26,002826,1.4231499051233332,19.625,30.7137,13.7375,15.7,15.7,0.24931506849315063,0.0,0.0,1.0,1.0
2024-01-26,002828,2.051282051282044,44.625,51.2619,31.2375,35.7,35.7,0.22190611664295878,0.0,0.0,1.0,1.0
2024-01-26,002887,2.408111533586821,59.125,64.2778,41.3875,47.3,47.3,0.1511111111111109,0.0,0.0,0.7555555555555544,1.0
2024-01-26,002910,1.3278855975485282,14.0,26.7676,9.8,11.2,11.2,0.22162162162162127,0.0,0.0,1.0,1.0
2024-01-26,003018,1.5560165975103457,25.875,33.4935,18.1125,20.7,20.7,0.3603238866396765,0.0,0.0,1.0,1.0
2024-01-26,300437,2.7947598253275086,70.125,73.3492,49.0875,56.1,56.1,0.13754045307443358,0.0,0.0,0.6877022653721678,1.0
2024-01-26,300478,1.526717557251911,23.375,32.0849,16.3625,18.7,18.7,0.3307543520309476,0.0,0.0,1.0,1.0
2024-01-26,300611,1.2435233160621673,11.125,24.9422,7.7875,8.9,8.9,0.1978891820580478,0.0,0.0,0.989445910290239,1.0
2024-01-26,300635,2.658662092624353,66.625,68.3991,46.6375,53.3,53.3,0.24504504504504515,0.0,0.0,1.0,1.0
2024-01-26,300749,1.6726403823178249,30.125,41.1085,21.0875,24.1,24.1,0.14957264957264924,0.0,0.0,0.7478632478632461,1.0
2024-01-26,300929,2.8444444444444272,71.125,69.6458,49.7875,56.9,56.9,0.3627118644067799,0.0,0.0,1.0,1.0
2024-01-26,300961,1.1617515638963516,8.875,16.2094,6.2125,7.1,7.1,0.5445292620865138,0.0,0.0,0.9109414758269725,1.0
2024-01-26,300986,1.5057573073516517,22.875,35.9923,16.0125,18.3,18.3,0.11538461538461524,0.0,0.0,0.5769230769230762,1.0
2024-01-26,301027,1.5437392795883298,24.875,33.6083,17.4125,19.9,19.9,0.31458333333333316,0.0,0.0,1.0,1.0
2024-01-26,301032,1.7321016166281789,33.875,43.6366,23.7125,27.1,27.1,0.17317073170731692,0.0,0.0,0.8658536585365846,1.0
2024-01-26,301056,1.5317286652078543,23.875,32.7601,16.7125,19.1,19.1,0.31699346405228757,0.0,0.0,1.0,1.0
2024-01-26,301098,1.4184397163120588,18.625,27.2919,13.0375,14.9,14.9,0.38040345821325605,0.0,0.0,1.0,1.0
2024-01-26,301198,3.888888888888875,89.875,88.2747,62.9125,71.9,71.9,0.18126272912423647,0.0,0.0,0.9063136456211823,1.0
2024-01-26,600768,2.754036087369416,69.625,68.572,48.7375,55.7,55.7,0.35640138408304506,0.0,0.0,1.0,1.0
2024-01-26,603506,2.11335254562921,47.125,53.6574,32.9875,37.7,37.7,0.20212765957446777,0.0,0.0,1.0,1.0
2024-01-26,603759,1.4360313315926687,20.875,31.2536,14.6125,16.7,16.7,0.27232142857142877,0.0,0.0,1.0,1.0
2024-01-26,605069,3.7694013303769314,87.875,87.9954,61.5125,70.3,70.3,0.11523178807947011,0.0,0.0,0.5761589403973505,1.0
2024-01-26,605162,2.6035502958579926,63.625,66.6865,44.5375,50.9,50.9,0.21067415730337055,0.0,0.0,1.0,1.0
2024-01-26,605500,2.506596306068598,60.875,62.0333,42.6125,48.7,48.7,0.3333333333333333,0.0,0.0,1.0,1.0
2024-02-06,000880,1.6224188790560312,26.0192,40.8153,18.2134,20.8153,20.8153,0.0,0.0,0.0,0.0,1.0
2024-02-06,001216,2.003642987249532,39.4484,51.3073,27.6139,31.5588,31.5588,0.012573344509639692,0.0,0.0,0.06286672254819846,1.0
2024-02-06,001322,2.3952095808383422,53.1175,62.494,37.1823,42.494,42.494,0.0,0.0,0.0,0.0,1.0
2024-02-06,002576,4.42561205273071,93.1655,94.5324,65.2158,74.5324,74.5324,0.0,0.0,0.0,0.0,1.0
2024-02-06,003002,3.542510121457476,80.9353,84.7482,56.6547,64.7482,64.7482,0.0,0.0,0.0,0.0,1.0
2024-02-06,300306,1.098901098901095,3.8369,22.4209,2.6859,3.0695,3.0695,0.03243243243243253,0.0,0.0,0.16216216216216264,1.0
2024-02-06,300314,4.264870931537601,91.0072,92.0789,63.705,72.8058,72.8058,0.036342321219226245,0.0,0.0,0.1817116060961312,1.0
2024-02-06,300437,2.7667984189723382,64.8681,71.4894,45.4077,51.8945,51.8945,0.020255863539445574,0.0,0.0,0.10127931769722787,1.0
2024-02-06,300446,4.995004995004981,99.8801,99.5454,69.9161,79.9041,79.9041,0.017933390264731053,0.0,0.0,0.08966695132365526,1.0
2024-02-06,300467,1.2745098039215863,9.2326,26.8881,6.4628,7.3861,7.3861,0.024900398406374504,0.0,0.0,0.12450199203187251,1.0
2024-02-06,300514,4.791029561671745,97.482,96.7694,68.2374,77.9856,77.9856,0.06081081081081093,0.0,0.0,0.30405405405405467,1.0
2024-02-06,300519,1.6252390057361232,26.4988,40.6217,18.5492,21.199,21.199,0.02886597938144345,0.0,0.0,0.14432989690721723,1.0
2024-02-06,300537,3.7985865724381673,84.2926,87.2266,59.0048,67.4341,67.4341,0.010372178157413052,0.0,0.0,0.05186089078706526,1.0
2024-02-06,300538,1.5209125475285301,20.2638,36.009,14.1847,16.211,16.211,0.010101010101010117,0.0,0.0,0.05050505050505059,1.0
2024-02-06,300561,1.5235457063711877,20.5036,36.1918,14.3525,16.4029,16.4029,0.010554089709762534,0.0,0.0,0.052770448548812667,1.0
2024-02-06,300577,4.902962206332995,99.1607,98.5041,69.4125,79.3285,79.3285,0.04122340425531882,0.0,0.0,0.2061170212765941,1.0
2024-02-06,300610,1.0086455331411948,0.3597,19.7749,0.2518,0.2878,0.2878,0.025641025641025758,0.0,0.0,0.12820512820512878,1.0
2024-02-06,300625,3.141361256544495,72.3022,77.3515,50.6115,57.8417,57.8417,0.024509803921568735,0.0,0.0,0.12254901960784367,1.0
2024-02-06,300642,3.055555555555567,70.3837,75.5299,49.2686,56.307,56.307,0.038854805725971414,0.0,0.0,0.19427402862985707,1.0
2024-02-06,300667,3.9039039039038936,86.4508,88.8839,60.5156,69.1607,69.1607,0.01384083044982713,0.0,0.0,0.06920415224913565,1.0
2024-02-06,300673,4.883227176220806,98.6811,98.3595,69.0767,78.9448,78.9448,0.029268292682926755,0.0,0.0,0.14634146341463378,1.0
2024-02-06,300681,2.005730659025784,39.9281,51.6449,27.9496,31.9424,31.9424,0.014876033057851302,0.0,0.0,0.0743801652892565,1.0
2024-02-06,300690,4.174397031539878,90.2878,91.8966,63.2014,72.2302,72.2302,0.016683022571148173,0.0,0.0,0.08341511285574085,1.0
2024-02-06,300696,4.685942173479574,96.283,96.4663,67.3981,77.0264,77.0264,0.028002947678702948,0.0,0.0,0.14001473839351472,1.0
2024-02-06,300700,4.366812227074246,92.2062,93.3345,64.5444,73.765,73.765,0.021523178807947015,0.0,0.0,0.10761589403973507,1.0
2024-02-06,300707,3.018500486854925,68.705,74.5579,48.0935,54.964,54.964,0.020307692307692356,0.0,0.0,0.10153846153846177,1.0
2024-02-06,300736,4.331797235023038,91.9664,92.6451,64.3765,73.5731,73.5731,0.04640371229698359,0.0,0.0,0.23201856148491795,1.0
2024-02-06,300774,2.4096385542168752,54.0767,62.6663,37.8537,43.2614,43.2614,0.02975420439844756,0.0,0.0,0.1487710219922378,1.0
2024-02-06,300787,3.295571575695133,76.1391,80.4327,53.2974,60.9113,60.9113,0.023928215353938243,0.0,0.0,0.11964107676969121,1.0
2024-02-06,300838,1.5182186234817818,20.024,35.3271,14.0168,16.0192,16.0192,0.03460207612456748,0.0,0.0,0.17301038062283738,1.0
2024-02-06,300849,2.684563758389258,62.2302,67.8852,43.5612,49.7842,49.7842,0.09494949494949473,0.0,0.0,0.47474747474747364,1.0
2024-02-06,300867,2.724520686175591,63.9089,71.1271,44.7362,51.1271,51.1271,0.0,0.0,0.0,0.0,1.0
2024-02-06,300877,2.6440037771482627,60.3118,67.4151,42.2182,48.2494,48.2494,0.041714947856315125,0.0,0.0,0.2085747392815756,1.0
2024-02-06,300884,4.015544041450769,88.1295,90.1171,61.6906,70.5036,70.5036,0.0193236714975846,0.0,0.0,0.096618357487923,1.0
2024-02-06,300958,1.6799292661361598,28.4173,42.2831,19.8921,22.7338,22.7338,0.022535211267605642,0.0,0.0,0.1126760563380282,1.0
2024-02-06,300962,2.2361359570661987,47.6019,57.777,33.3213,38.0815,38.0815,0.01522842639593901,0.0,0.0,0.07614213197969505,1.0
2024-02-06,300963,1.9710906701708275,38.729,49.9419,27.1103,30.9832,30.9832,0.05206738131699853,0.0,0.0,0.26033690658499264,1.0
2024-02-06,300968,4.3740573152337925,92.446,93.8114,64.7122,73.9568,73.9568,0.007272727272727147,0.0,0.0,0.03636363636363573,1.0
2024-02-06,300978,2.650602409638547,61.0312,68.6647,42.7218,48.8249,48.8249,0.008014247551202057,0.0,0.0,0.04007123775601028,1.0
2024-02-06,300981,1.419213973799116,15.9472,32.1565,11.1631,12.7578,12.7578,0.030066815144766047,0.0,0.0,0.15033407572383023,1.0
2024-02-06,300993,1.1918951132300126,7.554,24.5833,5.2878,6.0432,6.0432,0.0729927007299273,0.0,0.0,0.36496350364963653,1.0
2024-02-06,300997,4.678899082568799,96.0432,96.2643,67.2302,76.8345,76.8345,0.028513238289205926,0.0,0.0,0.1425661914460296,1.0
2024-02-06,301013,1.4084507042253502,15.2278,31.8602,10.6595,12.1823,12.1823,0.016104294478527664,0.0,0.0,0.08052147239263831,1.0
2024-02-06,301028,3.2983508245876925,76.6187,80.8212,53.6331,61.295,61.295,0.023688663282571843,0.0,0.0,0.11844331641285921,1.0
2024-02-06,301048,3.906250000000022,86.6906,88.4669,60.6835,69.3525,69.3525,0.04428044280442788,0.0,0.0,0.2214022140221394,1.0
2024-02-06,301083,2.4000000000000243,53.3573,62.4757,37.3501,42.6859,42.6859,0.010507880910682861,0.0,0.0,0.052539404553414305,1.0
2024-02-06,301120,1.4619883040935644,18.8249,34.5707,13.1775,15.06,15.06,0.024460431654676297,0.0,0.0,0.12230215827338148,1.0
2024-02-06,301149,3.296703296703285,76.3789,79.9668,53.4652,61.1031,61.1031,0.056818181818181976,0.0,0.0,0.28409090909090984,1.0
2024-02-06,301158,2.104208416833653,42.5659,53.5934,29.7962,34.0528,34.0528,0.022969647251845905,0.0,0.0,0.11484823625922952,1.0
2024-02-06,301260,2.4975024975024906,55.5156,64.3337,38.8609,44.4125,44.4125,0.003940110323088963,0.0,0.0,0.019700551615444813,1.0
2024-02-06,301292,1.098901098901095,3.8369,22.8046,2.6859,3.0695,3.0695,0.01324503311258282,0.0,0.0,0.06622516556291409,1.0
2024-02-06,301332,1.5795868772782384,25.06,39.2943,17.542,20.048,20.048,0.03768506056527588,0.0,0.0,0.1884253028263794,1.0
2024-02-06,600615,1.0037641154328814,0.1199,20.0959,0.0839,0.0959,0.0959,0.0,0.0,0.0,0.0,1.0
2024-02-06,600980,2.5800711743772187,57.9137,66.3309,40.5396,46.3309,46.3309,0.0,0.0,0.0,0.0,1.0
2024-02-06,601022,3.9692701664532537,87.6499,89.5684,61.3549,70.1199,70.1199,0.02757619738751816,0.0,0.0,0.1378809869375908,1.0
2024-02-06,601083,4.808743169398877,97.7218,97.7218,97.7218,97.7218,97.7218,,0.0,0.0,,0.0
2024-02-06,601133,1.7064846416382506,30.3357,44.2401,21.235,24.2686,24.2686,0.0014245014245013207,0.0,0.0,0.007122507122506603,1.0
2024-02-06,603132,2.0449897750511425,40.6475,50.9655,28.4532,32.518,32.518,0.0776255707762558,0.0,0.0,0.38812785388127896,1.0
2024-02-06,603161,1.5329125338142457,21.7026,37.3621,15.1918,17.3621,17.3621,0.0,0.0,0.0,0.0,1.0
2024-02-06,603291,3.9423076923077005,86.9305,89.5119,60.8513,69.5444,69.5444,0.0016233766233764873,0.0,0.0,0.008116883116882436,1.0
2024-02-06,603955,3.560528992878953,81.8945,85.5156,57.3261,65.5156,65.5156,0.0,0.0,0.0,0.0,1.0
2024-02-06,605056,3.1073446327683607,71.5827,76.9943,50.1079,57.2662,57.2662,0.013595166163142056,0.0,0.0,0.06797583081571028,1.0
2024-02-06,605300,4.035087719298258,88.3693,90.5073,61.8585,70.6954,70.6954,0.009407337723424138,0.0,0.0,0.04703668861712069,1.0
2024-02-06,605337,1.3238289205702358,11.1511,28.5855,7.8058,8.9209,8.9209,0.0167664670658685,0.0,0.0,0.08383233532934249,1.0
2024-02-07,001322,4.444444444444451,93.2854,93.0198,65.2998,74.6283,74.6283,0.08042635658914733,0.0,0.0,0.40213178294573665,1.0
2024-02-07,002058,4.823989569752274,97.7218,98.1535,68.4053,78.1775,78.1775,0.0011961722488038023,0.0,0.0,0.005980861244019011,1.0
2024-02-07,002866,1.991341991341966,38.729,49.7485,27.1103,30.9832,30.9832,0.06173677069199467,0.0,0.0,0.30868385345997335,1.0
2024-02-07,002879,2.400000000000002,53.1175,61.5243,37.1823,42.494,42.494,0.04848484848484852,0.0,0.0,0.2424242424242426,1.0
2024-02-07,300452,3.974121996303137,87.1703,86.5728,61.0192,69.7362,69.7362,0.1581722319859404,0.0,0.0,0.790861159929702,1.0
2024-02-07,300696,1.904761904761898,35.8513,47.0228,25.0959,28.6811,28.6811,0.08291276135544354,0.0,0.0,0.41456380677721766,1.0
2024-02-07,300877,1.1959521619135272,7.7938,23.3442,5.4556,6.235,6.235,0.14453961456102776,0.0,0.0,0.7226980728051388,1.0
2024-02-07,300981,1.7222820236813874,30.5755,42.4102,21.4029,24.4604,24.4604,0.10251046025104585,0.0,0.0,0.5125523012552292,1.0
2024-02-07,600980,2.341717259323506,50.4796,57.3722,35.3357,40.3837,40.3837,0.15057471264367805,0.0,0.0,0.7528735632183903,1.0
2024-02-08,000668,1.7985611510791477,32.2917,45.8333,22.6042,25.8333,25.8333,0.0,0.0,0.0,0.0,1.0
2024-02-08,001300,1.5105740181268867,18.6343,34.9074,13.044,14.9074,14.9074,0.0,0.0,0.0,0.0,1.0
2024-02-08,001322,4.143337066069441,89.0046,88.8587,62.3032,71.2037,71.2037,0.11724806201550393,0.0,0.0,0.5862403100775196,1.0
2024-02-08,002778,2.2004889975550057,44.7917,55.8333,31.3542,35.8333,35.8333,0.0,0.0,0.0,0.0,1.0
2024-02-08,002806,3.5947712418300526,80.6713,84.537,56.4699,64.537,64.537,0.0,0.0,0.0,0.0,1.0
2024-02-08,002830,3.366583541147139,76.5046,81.2037,53.5532,61.2037,61.2037,0.0,0.0,0.0,0.0,1.0
2024-02-08,002861,2.5373134328358304,55.4398,64.3519,38.8079,44.3519,44.3519,0.0,0.0,0.0,0.0,1.0
2024-02-08,002888,4.102096627164986,88.5417,90.8333,61.9792,70.8333,70.8333,0.0,0.0,0.0,0.0,1.0
2024-02-08,300313,4.740740740740734,96.412,94.2157,67.4884,77.1296,77.1296,0.1456953642384106,0.0,0.0,0.7284768211920529,1.0
2024-02-08,600847,3.208556149732611,72.338,77.8704,50.6366,57.8704,57.8704,0.0,0.0,0.0,0.0,1.0
2024-02-08,601022,3.3169533169533194,76.0417,78.5032,53.2292,60.8333,60.8333,0.11650485436893211,0.0,0.0,0.5825242718446605,1.0
2024-02-08,601083,2.8361344537815247,64.6991,64.6991,64.6991,64.6991,64.6991,,0.0,0.0,,0.0
2024-02-08,601279,2.9748283752860205,67.0139,69.7947,46.9097,53.6111,53.6111,0.19082125603864747,0.0,0.0,0.9541062801932373,1.0
2024-02-08,603042,4.993429697766105,99.6528,99.7222,69.7569,79.7222,79.7222,0.0,0.0,0.0,0.0,1.0
2024-02-08,603132,1.404494382022481,13.7731,24.4949,9.6412,11.0185,11.0185,0.32618025751072943,0.0,0.0,1.0,1.0
2024-02-08,603230,3.011514614703281,67.4769,72.9971,47.2338,53.9815,53.9815,0.049220672682526674,0.0,0.0,0.24610336341263336,1.0
2024-02-08,605056,3.9024390243902474,85.0694,86.7294,59.5486,68.0556,68.0556,0.06630581867388374,0.0,0.0,0.3315290933694187,1.0
2024-02-08,605069,2.1653543307086576,44.0972,55.2778,30.8681,35.2778,35.2778,0.0,0.0,0.0,0.0,1.0
2024-02-08,605303,2.1909233176838905,44.5602,55.6481,31.1921,35.6481,35.6481,0.0,0.0,0.0,0.0,1.0
2024-02-19,000880,4.323570432357049,88.1274,86.6274,61.6892,70.5019,70.5019,0.19372693726937265,0.0,0.0,0.9686346863468632,1.0
2024-02-19,000929,3.951890034364247,81.1776,81.4395,56.8243,64.9421,64.9421,0.17513134851138357,0.0,0.0,0.8756567425569178,1.0
2024-02-19,001216,4.128440366972463,84.2664,85.7723,58.9865,67.4131,67.4131,0.08204334365325086,0.0,0.0,0.4102167182662543,1.0
2024-02-19,001217,3.674832962138086,75.5792,78.8812,52.9054,60.4633,60.4633,0.07910576096302664,0.0,0.0,0.3955288048151332,1.0
2024-02-19,001222,4.054054054054035,83.1081,83.0808,58.1757,66.4865,66.4865,0.17028571428571435,0.0,0.0,0.8514285714285716,1.0
2024-02-19,001299,4.620123203285398,93.1467,92.5893,65.2027,74.5174,74.5174,0.09640190088255263,0.0,0.0,0.48200950441276313,1.0
2024-02-19,001318,1.3648771610554888,9.9421,24.4098,6.9595,7.9537,7.9537,0.17719298245614046,0.0,0.0,0.8859649122807023,1.0
2024-02-19,001322,2.3655913978494425,43.3398,51.6098,30.3378,34.6718,34.6718,0.15310077519379856,0.0,0.0,0.7655038759689927,1.0
2024-02-19,001331,2.692307692307705,53.9575,60.6585,37.7703,43.166,43.166,0.12537764350453173,0.0,0.0,0.6268882175226587,1.0
2024-02-19,001360,4.71530249110319,94.8842,93.9766,66.4189,75.9073,75.9073,0.09653647752394987,0.0,0.0,0.4826823876197493,1.0
2024-02-19,001366,4.279749478079342,87.3552,87.8617,61.1486,69.8842,69.8842,0.10112359550561788,0.0,0.0,0.5056179775280893,1.0
2024-02-19,002144,3.6708860759493422,75.3861,76.6935,52.7703,60.3089,60.3089,0.18076923076923088,0.0,0.0,0.9038461538461543,1.0
2024-02-19,002209,4.120443740095103,84.0734,84.091,58.8514,67.2587,67.2587,0.15838509316770166,0.0,0.0,0.7919254658385083,1.0
2024-02-19,002722,4.646660212971931,93.5328,91.3433,65.473,74.8263,74.8263,0.17414965986394534,0.0,0.0,0.8707482993197266,1.0
2024-02-19,002780,3.4378159757330717,70.3668,73.5033,49.2568,56.2934,56.2934,0.13950456323337687,0.0,0.0,0.6975228161668843,1.0
2024-02-19,002805,1.4807502467916844,15.5405,29.3601,10.8784,12.4324,12.4324,0.15361445783132543,0.0,0.0,0.7680722891566272,1.0
2024-02-19,002809,2.449567723342927,46.4286,54.084,32.5,37.1429,37.1429,0.1529411764705883,0.0,0.0,0.7647058823529415,1.0
2024-02-19,002890,3.897435897435897,79.6332,80.5843,55.7432,63.7066,63.7066,0.15611353711790388,0.0,0.0,0.7805676855895194,1.0
2024-02-19,002989,4.289799809342232,87.5483,87.1784,61.2838,70.0386,70.0386,0.1430084745762712,0.0,0.0,0.715042372881356,1.0
2024-02-19,003001,4.961832061068683,99.3243,96.9362,69.527,79.4595,79.4595,0.12616339193381607,0.0,0.0,0.6308169596690802,1.0
2024-02-19,003041,4.131455399061035,84.4595,84.9844,59.1216,67.5676,67.5676,0.12915601023017892,0.0,0.0,0.6457800511508945,1.0
2024-02-19,300243,3.9473684210526327,80.9846,80.9629,56.6892,64.7876,64.7876,0.1912350597609561,0.0,0.0,0.9561752988047804,1.0
2024-02-19,300306,3.7174721189590976,76.5444,76.2766,53.5811,61.2355,61.2355,0.24794745484400665,0.0,0.0,1.0,1.0
2024-02-19,300314,3.700189753320693,75.9653,75.5812,53.1757,60.7722,60.7722,0.25955056179775265,0.0,0.0,1.0,1.0
2024-02-19,300340,4.5255474452554845,91.6023,90.8681,64.1216,73.2819,73.2819,0.12068965517241378,0.0,0.0,0.6034482758620688,1.0
2024-02-19,300437,1.379310344827589,10.9073,24.9508,7.6351,8.7259,8.7259,0.18875502008032116,0.0,0.0,0.9437751004016057,1.0
2024-02-19,300446,2.7409372236958385,55.1158,61.0081,38.5811,44.0927,44.0927,0.15422885572139305,0.0,0.0,0.7711442786069652,1.0
2024-02-19,300501,4.203323558162264,85.8108,84.5848,60.0676,68.6486,68.6486,0.20319303338171274,0.0,0.0,1.0,1.0
2024-02-19,300519,4.797742238946379,96.0425,93.0195,67.2297,76.834,76.834,0.19072615923009636,0.0,0.0,0.9536307961504817,1.0
2024-02-19,300535,4.994903160040787,99.7104,96.5054,69.7973,79.7683,79.7683,0.16314779270633395,0.0,0.0,0.8157389635316697,1.0
2024-02-19,300549,4.812834224598905,96.4286,95.1301,67.5,77.1429,77.1429,0.10063620589936388,0.0,0.0,0.5031810294968194,1.0
2024-02-19,300572,3.652517275419531,74.6139,76.4078,52.2297,59.6911,59.6911,0.1641666666666668,0.0,0.0,0.820833333333334,1.0
2024-02-19,300585,3.9572192513369187,81.5637,82.7321,57.0946,65.251,65.251,0.12594458438287148,0.0,0.0,0.6297229219143574,1.0
2024-02-19,300611,3.8461538461538547,78.668,79.3216,55.0676,62.9344,62.9344,0.180635838150289,0.0,0.0,0.9031791907514449,1.0
2024-02-19,300625,3.3050047214353118,68.0502,69.2896,47.6351,54.4402,54.4402,0.2575301204819278,0.0,0.0,1.0,1.0
2024-02-19,300673,1.5887850467289688,20.1737,30.416,14.1216,16.139,16.139,0.2861491628614915,0.0,0.0,1.0,1.0
2024-02-19,300700,3.320683111954459,68.6293,71.5145,48.0405,54.9035,54.9035,0.16945107398568013,0.0,0.0,0.8472553699284006,1.0
2024-02-19,300703,3.82978723404257,78.4749,79.7273,54.9324,62.7799,62.7799,0.1526315789473684,0.0,0.0,0.7631578947368419,1.0
2024-02-19,300717,3.600000000000003,74.0347,75.3274,51.8243,59.2278,59.2278,0.1950207468879668,0.0,0.0,0.975103734439834,1.0
2024-02-19,300719,2.840909090909105,57.0463,62.1106,39.9324,45.6371,45.6371,0.1763255240443897,0.0,0.0,0.8816276202219484,1.0
2024-02-19,300736,1.7021276595744705,23.6486,32.5495,16.5541,18.9189,18.9189,0.31847133757961776,0.0,0.0,1.0,1.0
2024-02-19,300800,3.244495944380077,65.7336,68.4972,46.0135,52.5869,52.5869,0.20448179271708689,0.0,0.0,1.0,1.0
2024-02-19,300817,3.0518819938962327,61.1004,64.8436,42.7703,48.8803,48.8803,0.20183486238532117,0.0,0.0,1.0,1.0
2024-02-19,300838,2.667893284268641,52.9923,58.096,37.0946,42.3938,42.3938,0.21489361702127638,0.0,0.0,1.0,1.0
2024-02-19,300871,3.0973451327433565,62.2587,66.6502,43.5811,49.8069,49.8069,0.15783664459161142,0.0,0.0,0.7891832229580571,1.0
2024-02-19,300885,3.253424657534243,66.5058,69.5472,46.5541,53.2046,53.2046,0.1828703703703704,0.0,0.0,0.914351851851852,1.0
2024-02-19,300942,4.510108864696738,91.2162,90.9437,63.8514,72.973,72.973,0.1014617368873603,0.0,0.0,0.5073086844368014,1.0
2024-02-19,300967,2.5477707006369643,48.9382,56.8895,34.2568,39.1506,39.1506,0.11305147058823524,0.0,0.0,0.5652573529411762,1.0
2024-02-19,300970,3.0219780219780334,59.749,65.3957,41.8243,47.7992,47.7992,0.12017479970866714,0.0,0.0,0.6008739985433357,1.0
2024-02-19,300978,2.265372168284796,41.0232,49.9686,28.7162,32.8185,32.8185,0.14249578414839795,0.0,0.0,0.7124789207419897,1.0
2024-02-19,300994,3.47222222222221,70.9459,73.2355,49.6622,56.7568,56.7568,0.1760644418872268,0.0,0.0,0.880322209436134,1.0
2024-02-19,301006,3.897254207263079,79.4402,80.3127,55.6081,63.5521,63.5521,0.16197183098591544,0.0,0.0,0.8098591549295772,1.0
2024-02-19,301007,3.5573122529644285,73.0695,76.087,51.1486,58.4556,58.4556,0.11842938568714373,0.0,0.0,0.5921469284357186,1.0
2024-02-19,301009,3.0423280423280463,60.5212,66.0567,42.3649,48.417,48.417,0.11801242236024838,0.0,0.0,0.5900621118012419,1.0
2024-02-19,301010,4.757281553398052,95.2703,93.7542,66.6892,76.2162,76.2162,0.12310151878497215,0.0,0.0,0.6155075939248608,1.0
2024-02-19,301028,4.249291784702569,86.583,86.2113,60.6081,69.2664,69.2664,0.1527559055118109,0.0,0.0,0.7637795275590544,1.0
2024-02-19,301040,4.468718967229379,90.444,89.6692,63.3108,72.3552,72.3552,0.13430282292557744,0.0,0.0,0.6715141146278871,1.0
2024-02-19,301048,2.1556886227544814,37.3552,45.2504,26.1486,29.8842,29.8842,0.23168654173764885,0.0,0.0,1.0,1.0
2024-02-19,301055,3.2584269662921272,66.6988,70.3998,46.6892,53.3591,53.3591,0.1479654747225647,0.0,0.0,0.7398273736128234,1.0
2024-02-19,301057,3.567787971457692,73.6486,75.6355,51.5541,58.9189,58.9189,0.16417325406674943,0.0,0.0,0.8208662703337472,1.0
2024-02-19,301082,4.518072289156616,91.4093,90.3321,63.9865,73.1274,73.1274,0.13976705490848595,0.0,0.0,0.6988352745424298,1.0
2024-02-19,301098,4.190751445086716,85.6178,85.5693,59.9324,68.4942,68.4942,0.1462450592885375,0.0,0.0,0.7312252964426875,1.0
2024-02-19,301120,4.477611940298498,90.6371,89.4304,63.4459,72.5097,72.5097,0.15396113602391642,0.0,0.0,0.7698056801195821,1.0
2024-02-19,301136,4.816223067173642,96.6216,95.9235,67.6351,77.2973,77.2973,0.06869220607661825,0.0,0.0,0.3434610303830912,1.0
2024-02-19,301158,3.937728937728946,80.4054,81.5592,56.2838,64.3243,64.3243,0.13825608798114686,0.0,0.0,0.6912804399057343,1.0
2024-02-19,301256,3.1932773109243806,64.3822,68.5744,45.0676,51.5058,51.5058,0.14656771799628934,0.0,0.0,0.7328385899814467,1.0
2024-02-19,301389,4.895738893925672,98.166,95.5441,68.7162,78.5328,78.5328,0.14943396226415082,0.0,0.0,0.747169811320754,1.0
2024-02-19,301408,2.515723270440251,47.973,56.9541,33.5811,38.3784,38.3784,0.07121484141232796,0.0,0.0,0.3560742070616398,1.0
2024-02-19,600148,3.3333333333333215,68.8224,72.6879,48.1757,55.0579,55.0579,0.11850152905198773,0.0,0.0,0.5925076452599386,1.0
2024-02-19,600697,4.483837330552665,90.8301,90.7942,63.5811,72.6641,72.6641,0.09349593495934949,0.0,0.0,0.46747967479674746,1.0
2024-02-19,601022,2.1403091557669285,36.9691,46.4962,25.8784,29.5753,29.5753,0.15395284327323172,0.0,0.0,0.7697642163661585,1.0
2024-02-19,601083,2.0429009193054126,33.1081,33.1081,33.1081,33.1081,33.1081,,0.0,0.0,,0.0
2024-02-19,601133,2.3579849946409492,43.1467,51.5213,30.2027,34.5174,34.5174,0.14980289093298285,0.0,0.0,0.7490144546649142,1.0
2024-02-19,603065,3.514376996805102,71.9112,75.231,50.3378,57.529,57.529,0.11489776046738079,0.0,0.0,0.5744888023369039,1.0
2024-02-19,603070,3.7940379403794022,77.3166,78.3761,54.1216,61.8533,61.8533,0.1738578680203046,0.0,0.0,0.8692893401015229,1.0
2024-02-19,603122,3.380782918149472,69.5946,74.2071,48.7162,55.6757,55.6757,0.07342657342657338,0.0,0.0,0.3671328671328669,1.0
2024-02-19,603132,4.24746075715603,86.39,81.9446,60.473,69.112,69.112,0.3583690987124465,0.0,0.0,1.0,1.0
2024-02-19,603139,4.427333974975922,89.6718,89.2668,62.7703,71.7375,71.7375,0.1235340109460516,0.0,0.0,0.6176700547302579,1.0
2024-02-19,603159,3.388189738625358,69.9807,72.4466,48.9865,55.9846,55.9846,0.17689530685920588,0.0,0.0,0.8844765342960293,1.0
2024-02-19,603172,1.3733905579399242,10.1351,24.6133,7.0946,8.1081,8.1081,0.1747388414055081,0.0,0.0,0.8736942070275405,1.0
2024-02-19,603213,3.6601307189542354,74.8069,76.8295,52.3649,59.8456,59.8456,0.15080527086383608,0.0,0.0,0.7540263543191803,1.0
2024-02-19,603214,3.1746031746031855,64.1892,68.3281,44.9324,51.3514,51.3514,0.15116279069767452,0.0,0.0,0.7558139534883725,1.0
2024-02-19,603238,4.936974789915971,98.9382,95.5069,69.2568,79.1506,79.1506,0.18218623481781368,0.0,0.0,0.9109311740890683,1.0
2024-02-19,603656,4.944500504540872,99.1313,96.8445,69.3919,79.305,79.305,0.12302839116719243,0.0,0.0,0.6151419558359621,1.0
2024-02-19,603657,4.840484048404825,97.3938,95.0339,68.1757,77.9151,77.9151,0.14405888538380648,0.0,0.0,0.7202944269190323,1.0
2024-02-19,603677,3.7077426390403456,76.1583,77.8241,53.3108,60.9266,60.9266,0.15512820512820505,0.0,0.0,0.7756410256410252,1.0
2024-02-19,603681,4.378909740840031,88.8996,85.3277,62.2297,71.1197,71.1197,0.28959999999999986,0.0,0.0,1.0,1.0
2024-02-19,603810,4.5810055865921795,92.7606,92.6077,64.9324,74.2085,74.2085,0.08003952569169948,0.0,0.0,0.4001976284584974,1.0
2024-02-19,603836,3.675777568331773,75.7722,78.0956,53.0405,60.6178,60.6178,0.12610837438423633,0.0,0.0,0.6305418719211816,1.0
2024-02-19,603955,3.2480314960629864,66.1197,70.8537,46.2838,52.8958,52.8958,0.10210444271239284,0.0,0.0,0.5105222135619641,1.0
2024-02-19,603978,4.6485260770975145,93.7259,92.9256,65.6081,74.9807,74.9807,0.10275229357798164,0.0,0.0,0.5137614678899082,1.0
2024-02-19,605069,4.2389210019267765,86.0039,87.689,60.2027,68.8031,68.8031,0.05570530098831987,0.0,0.0,0.2785265049415993,1.0
2024-02-19,605100,4.6617915904936025,93.9189,91.7046,65.7432,75.1351,75.1351,0.1715246636771301,0.0,0.0,0.8576233183856504,1.0
2024-02-19,605169,2.3192360163710735,42.1815,49.993,29.527,33.7452,33.7452,0.18761061946902666,0.0,0.0,0.9380530973451332,1.0
2024-02-19,605268,3.9436619718309807,80.7915,82.004,56.5541,64.6332,64.6332,0.1314623338257016,0.0,0.0,0.657311669128508,1.0
2024-02-20,000586,3.2258064516129004,66.1765,69.2853,46.3235,52.9412,52.9412,0.1827956989247312,0.0,0.0,0.9139784946236559,1.0
2024-02-20,000880,4.411764705882337,89.7833,86.8082,62.8483,71.8266,71.8266,0.25092250922509235,0.0,0.0,1.0,1.0
2024-02-20,001202,1.5720524017467374,19.8916,31.1312,13.9241,15.9133,15.9133,0.23910733262486722,0.0,0.0,1.0,1.0
2024-02-20,001206,3.822222222222238,79.3344,78.9366,55.5341,63.4675,63.4675,0.22654298909361933,0.0,0.0,1.0,1.0
2024-02-20,001216,1.2334801762114544,7.1981,23.4211,5.0387,5.7585,5.7585,0.11687306501547988,0.0,0.0,0.5843653250773994,1.0
2024-02-20,001217,1.1815252416756072,5.9598,22.6182,4.1718,4.7678,4.7678,0.10748065348237316,0.0,0.0,0.5374032674118658,1.0
2024-02-20,001299,1.3738959764475034,11.2229,26.4393,7.856,8.9783,8.9783,0.12695179904955864,0.0,0.0,0.6347589952477931,1.0
2024-02-20,001331,3.4644194756554336,70.9752,73.8497,49.6827,56.7802,56.7802,0.14652567975830819,0.0,0.0,0.7326283987915408,1.0
2024-02-20,002205,2.448979591836742,46.0526,53.5391,32.2368,36.8421,36.8421,0.16515151515151513,0.0,0.0,0.8257575757575756,1.0
2024-02-20,002209,3.5007610350076046,72.2136,73.7957,50.5495,57.7709,57.7709,0.1987577639751553,0.0,0.0,0.9937888198757764,1.0
2024-02-20,002633,3.5175879396984966,72.678,75.0528,50.8746,58.1424,58.1424,0.15448275862068966,0.0,0.0,0.7724137931034483,1.0
2024-02-20,002722,4.347826086956497,88.9319,86.3564,62.2523,71.1455,71.1455,0.23945578231292516,0.0,0.0,1.0,1.0
2024-02-20,002778,3.4949267192784683,71.904,74.3807,50.3328,57.5232,57.5232,0.15712799167533809,0.0,0.0,0.7856399583766904,1.0
2024-02-20,002805,1.1673151750972943,5.4954,21.0228,3.8467,4.3963,4.3963,0.1686746987951807,0.0,0.0,0.8433734939759036,1.0
2024-02-20,002806,2.9325513196480912,58.9009,64.3126,41.2307,47.1207,47.1207,0.1404072883172562,0.0,0.0,0.702036441586281,1.0
2024-02-20,002823,1.5815085158150666,20.2012,32.0985,14.1409,16.161,16.161,0.20312500000000008,0.0,0.0,1.0,1.0
2024-02-20,002826,2.9329608938547524,59.0557,63.1201,41.339,47.2446,47.2446,0.20622568093385213,0.0,0.0,1.0,1.0
2024-02-20,002848,4.4117647058823595,90.0155,88.8837,63.0108,72.0124,72.0124,0.1564356435643564,0.0,0.0,0.782178217821782,1.0
2024-02-20,002853,2.781289506953244,56.1146,62.7605,39.2802,44.8916,44.8916,0.10655737704918034,0.0,0.0,0.5327868852459017,1.0
2024-02-20,002857,3.7151702786377916,77.1672,78.052,54.017,61.7337,61.7337,0.18408736349453977,0.0,0.0,0.9204368174726988,1.0
2024-02-20,002858,4.0758293838862425,83.9783,84.268,58.7848,67.1827,67.1827,0.14573213046495498,0.0,0.0,0.7286606523247748,1.0
2024-02-20,002861,3.9671682626539084,82.4303,83.6021,57.7012,65.9443,65.9443,0.11710887465690753,0.0,0.0,0.5855443732845376,1.0
2024-02-20,002862,1.9308943089430874,30.5728,42.3331,21.4009,24.4582,24.4582,0.10625620655412112,0.0,0.0,0.5312810327706056,1.0
2024-02-20,002875,4.442036836403029,90.6347,87.6565,63.4443,72.5077,72.5077,0.24256292906178495,0.0,0.0,1.0,1.0
2024-02-20,002899,4.646840148698894,94.3498,91.2307,66.0449,75.4799,75.4799,0.2124582869855396,0.0,0.0,1.0,1.0
2024-02-20,002900,1.7584994138335253,26.0836,36.7754,18.2585,20.8669,20.8669,0.20457142857142857,0.0,0.0,1.0,1.0
2024-02-20,002910,3.698224852071008,76.7028,77.6345,53.692,61.3622,61.3622,0.186385737439222,0.0,0.0,0.9319286871961099,1.0
2024-02-20,002972,1.6460905349794386,22.2136,34.0771,15.5495,17.7709,17.7709,0.18469015795868776,0.0,0.0,0.9234507897934388,1.0
2024-02-20,002989,4.844606946983565,97.7554,94.3908,68.4288,78.2043,78.2043,0.19067796610169485,0.0,0.0,0.9533898305084743,1.0
2024-02-20,003003,1.4945652173913082,15.8669,28.5997,11.1068,12.6935,12.6935,0.20468750000000005,0.0,0.0,1.0,1.0
2024-02-20,003025,4.051383399209474,83.6687,84.3609,58.5681,66.935,66.935,0.12870514820592818,0.0,0.0,0.6435257410296409,1.0
2024-02-20,003037,3.6809815950920033,76.548,77.1649,53.5836,61.2384,61.2384,0.20367534456355296,0.0,0.0,1.0,1.0
2024-02-20,300243,1.2658227848101333,7.8173,21.473,5.4721,6.2539,6.2539,0.23904382470119512,0.0,0.0,1.0,1.0
2024-02-20,300306,2.2700119474313274,41.4087,47.1828,28.9861,33.1269,33.1269,0.2972085385878489,0.0,0.0,1.0,1.0
2024-02-20,300340,3.0726256983240274,62.7709,67.0903,43.9396,50.2167,50.2167,0.15632183908045982,0.0,0.0,0.7816091954022991,1.0
2024-02-20,300399,2.4193548387096975,45.5882,53.2526,31.9118,36.4706,36.4706,0.16089965397923867,0.0,0.0,0.8044982698961933,1.0
2024-02-20,300417,2.6604068857589924,53.0186,58.6451,37.113,42.4149,42.4149,0.18848758465011292,0.0,0.0,0.9424379232505645,1.0
2024-02-20,300437,2.26757369614512,41.0991,48.8632,28.7693,32.8793,32.8793,0.2008032128514056,0.0,0.0,1.0,1.0
2024-02-20,300446,1.5490533562822817,18.7307,31.3858,13.1115,14.9845,14.9845,0.17993366500829186,0.0,0.0,0.8996683250414592,1.0
2024-02-20,300467,3.1034482758620863,63.3901,66.1066,44.3731,50.7121,50.7121,0.23027522935779818,0.0,0.0,1.0,1.0
2024-02-20,300478,1.1111111111111072,3.7926,17.3689,2.6548,3.0341,3.0341,0.28325688073394495,0.0,0.0,1.0,1.0
2024-02-20,300484,2.645502645502651,51.935,57.9924,36.3545,41.548,41.548,0.17777777777777765,0.0,0.0,0.8888888888888882,1.0
2024-02-20,300500,3.6674816625916984,75.9288,77.9221,53.1502,60.743,60.743,0.14104729729729723,0.0,0.0,0.7052364864864861,1.0
2024-02-20,300518,3.3826638477801207,70.2012,72.6694,49.1409,56.161,56.161,0.17457998539079622,0.0,0.0,0.8728999269539811,1.0
2024-02-20,300519,2.60323159784559,50.387,55.6027,35.2709,40.3096,40.3096,0.23534558180227494,0.0,0.0,1.0,1.0
2024-02-20,300535,2.4271844660194164,45.743,52.391,32.0201,36.5944,36.5944,0.21017274472168915,0.0,0.0,1.0,1.0
2024-02-20,300546,1.9587628865979534,31.5015,42.0153,22.0511,25.2012,25.2012,0.15929824561403505,0.0,0.0,0.7964912280701753,1.0
2024-02-20,300561,3.0487804878048808,61.6873,66.5381,43.1811,49.3498,49.3498,0.14058577405857736,0.0,0.0,0.7029288702928868,1.0
2024-02-20,300563,2.1126760563380476,35.8359,44.577,25.0851,28.6687,28.6687,0.20458891013384314,0.0,0.0,1.0,1.0
2024-02-20,300564,3.7174721189590976,77.5542,77.7042,54.2879,62.0433,62.0433,0.21695760598503744,0.0,0.0,1.0,1.0
2024-02-20,300572,4.190476190476189,85.9907,84.8926,60.1935,68.7926,68.7926,0.19500000000000006,0.0,0.0,0.9750000000000003,1.0
2024-02-20,300585,2.263374485596703,40.7895,49.4914,28.5526,32.6316,32.6316,0.15701091519731328,0.0,0.0,0.7850545759865664,1.0
2024-02-20,300588,2.846054333764547,57.6625,62.9177,40.3638,46.13,46.13,0.16061705989110714,0.0,0.0,0.8030852994555356,1.0
2024-02-20,300611,2.0576131687242816,34.5975,43.285,24.2183,27.678,27.678,0.2196531791907515,0.0,0.0,1.0,1.0
2024-02-20,300615,1.83930300096804,28.5604,38.4996,19.9923,22.8483,22.8483,0.2174329501915709,0.0,0.0,1.0,1.0
2024-02-20,300621,1.736613603473236,25.6192,36.0066,17.9334,20.4954,20.4954,0.22443559096945548,0.0,0.0,1.0,1.0
2024-02-20,300626,3.1634446397188043,64.9381,68.2625,45.4567,51.9505,51.9505,0.18439716312056745,0.0,0.0,0.9219858156028372,1.0
2024-02-20,300635,4.615384615384621,93.5759,91.7193,65.5031,74.8607,74.8607,0.15706806282722513,0.0,0.0,0.7853403141361256,1.0
2024-02-20,300649,3.3066132264528925,68.808,72.7638,48.1656,55.0464,55.0464,0.11413307430791646,0.0,0.0,0.5706653715395823,1.0
2024-02-20,300650,1.542111506524324,18.1889,31.1513,12.7322,14.5511,14.5511,0.16999132697311356,0.0,0.0,0.8499566348655677,1.0
2024-02-20,300665,1.2820512820512775,8.1269,22.1623,5.6889,6.5015,6.5015,0.21696252465483223,0.0,0.0,1.0,1.0
2024-02-20,300667,3.484320557491305,71.5944,73.5749,50.1161,57.2755,57.2755,0.18503289473684206,0.0,0.0,0.9251644736842103,1.0
2024-02-20,300675,1.0891089108911123,2.709,17.3595,1.8963,2.1672,2.1672,0.24038461538461528,0.0,0.0,1.0,1.0
2024-02-20,300703,1.7759562841529908,26.8576,37.4861,18.8003,21.4861,21.4861,0.20000000000000012,0.0,0.0,1.0,1.0
2024-02-20,300719,1.1049723756905827,3.6378,18.7672,2.5464,2.9102,2.9102,0.20715166461159085,0.0,0.0,1.0,1.0
2024-02-20,300720,3.745644599303133,77.9412,72.2734,54.5588,62.3529,62.3529,0.503974562798092,0.0,0.0,0.9920508744038159,1.0
2024-02-20,300749,3.7664783427495463,78.096,79.8167,54.6672,62.4768,62.4768,0.13300492610837422,0.0,0.0,0.6650246305418711,1.0
2024-02-20,300752,1.4532243415077195,14.4737,26.1337,10.1316,11.5789,11.5789,0.2722627737226277,0.0,0.0,1.0,1.0
2024-02-20,300753,2.490039840637448,46.8266,53.8088,32.7786,37.4613,37.4613,0.18262411347517715,0.0,0.0,0.9131205673758858,1.0
2024-02-20,300756,1.1959521619135494,6.5789,20.8999,4.6053,5.2632,5.2632,0.21816479400749056,0.0,0.0,1.0,1.0
2024-02-20,300771,2.961918194640334,59.2105,63.7204,41.4474,47.3684,47.3684,0.1823999999999999,0.0,0.0,0.9119999999999995,1.0
2024-02-20,300786,2.581926514399213,49.9226,56.8054,34.9458,39.9381,39.9381,0.15663390663390667,0.0,0.0,0.7831695331695333,1.0
2024-02-20,300817,1.7769002961500524,27.0124,36.9616,18.9087,21.6099,21.6099,0.2324159021406729,0.0,0.0,1.0,1.0
2024-02-20,300828,3.6559139784946293,75.3096,76.7359,52.7167,60.2477,60.2477,0.1755870489357313,0.0,0.0,0.8779352446786565,1.0
2024-02-20,300845,1.4883720930232602,15.7121,28.5303,10.9985,12.5697,12.5697,0.2019667170953101,0.0,0.0,1.0,1.0
2024-02-20,300854,1.5090543259557387,16.1765,29.9528,11.3235,12.9412,12.9412,0.14941785252263903,0.0,0.0,0.7470892626131951,1.0
2024-02-20,300879,3.2502708559046356,67.1053,70.3365,46.9737,53.6842,53.6842,0.16738567730802423,0.0,0.0,0.8369283865401211,1.0
2024-02-20,300885,4.477611940298498,91.3313,88.9678,63.9319,73.065,73.065,0.20486111111111116,0.0,0.0,1.0,1.0
2024-02-20,300889,1.9251336898395754,30.031,40.1705,21.0217,24.0248,24.0248,0.19271332694151488,0.0,0.0,0.9635666347075744,1.0
2024-02-20,300905,2.2184300341296925,39.3963,48.6334,27.5774,31.517,31.517,0.1441798941798943,0.0,0.0,0.7208994708994715,1.0
2024-02-20,300912,2.725563909774431,54.8762,60.6165,38.4133,43.9009,43.9009,0.16422082459818316,0.0,0.0,0.8211041229909157,1.0
2024-02-20,300922,2.670623145400608,53.3282,59.0657,37.3297,42.6625,42.6625,0.17984189723320154,0.0,0.0,0.8992094861660077,1.0
2024-02-20,300948,2.497162315550483,47.1362,55.508,32.9954,37.709,37.709,0.11005089058524176,0.0,0.0,0.5502544529262088,1.0
2024-02-20,300963,1.0701545778834642,2.0898,17.0718,1.4628,1.6718,1.6718,0.2300000000000001,0.0,0.0,1.0,1.0
2024-02-20,300967,3.602484472049672,74.5356,76.9998,52.1749,59.6285,59.6285,0.13143382352941183,0.0,0.0,0.6571691176470591,1.0
2024-02-20,300968,1.2903225806451646,8.5913,23.0516,6.0139,6.8731,6.8731,0.19107551487414182,0.0,0.0,0.955377574370709,1.0
2024-02-20,300970,1.0666666666666602,1.935,18.6638,1.3545,1.548,1.548,0.1442097596504006,0.0,0.0,0.7210487982520029,1.0
2024-02-20,300978,1.2658227848101111,7.6625,22.926,5.3638,6.13,6.13,0.1602023608768972,0.0,0.0,0.801011804384486,1.0
2024-02-20,300991,3.988326848249013,82.8947,81.8591,58.0263,66.3158,66.3158,0.22283356258596967,0.0,0.0,1.0,1.0
2024-02-20,301007,2.8625954198473247,57.9721,63.5531,40.5805,46.3777,46.3777,0.14122862571247627,0.0,0.0,0.7061431285623813,1.0
2024-02-20,301028,2.309782608695654,41.8731,49.4985,29.3111,33.4985,33.4985,0.20000000000000012,0.0,0.0,1.0,1.0
2024-02-20,301032,2.838063439065097,57.1981,62.5452,40.0387,45.7585,45.7585,0.16066481994459825,0.0,0.0,0.8033240997229912,1.0
2024-02-20,301037,4.930232558139513,98.9938,95.5685,69.2957,79.195,79.195,0.18132716049382713,0.0,0.0,0.9066358024691357,1.0
2024-02-20,301056,1.6541353383458635,22.5232,33.5968,15.7663,18.0186,18.0186,0.22108843537414963,0.0,0.0,1.0,1.0
2024-02-20,301060,1.4830508474576343,15.5573,28.1425,10.8901,12.4458,12.4458,0.21516393442622936,0.0,0.0,1.0,1.0
2024-02-20,301066,1.039260969976885,1.3158,17.9782,0.9211,1.0526,1.0526,0.15372035977105483,0.0,0.0,0.7686017988552741,1.0
2024-02-20,301082,4.226705091258398,86.4551,85.62,60.5186,69.1641,69.1641,0.17720465890183032,0.0,0.0,0.8860232945091515,1.0
2024-02-20,301116,1.5837104072398356,20.356,32.8321,14.2492,16.2848,16.2848,0.17263843648208463,0.0,0.0,0.8631921824104231,1.0
2024-02-20,301125,1.9980970504281714,32.7399,42.5492,22.918,26.192,26.192,0.18213783403656814,0.0,0.0,0.9106891701828407,1.0
2024-02-20,301126,4.2767295597484045,87.8483,87.4397,61.4938,70.2786,70.2786,0.14194915254237284,0.0,0.0,0.7097457627118642,1.0
2024-02-20,301136,2.781136638452253,55.9598,62.892,39.1718,44.7678,44.7678,0.09379128137384414,0.0,0.0,0.4689564068692207,1.0
2024-02-20,301167,1.2160898035547207,7.0433,21.5901,4.9303,5.6347,5.6347,0.2022263450834879,0.0,0.0,1.0,1.0
2024-02-20,301198,1.6238159675236785,21.4396,33.7104,15.0077,17.1517,17.1517,0.17206703910614524,0.0,0.0,0.8603351955307261,1.0
2024-02-20,301248,2.5257249766136747,48.3746,55.371,33.8622,38.6997,38.6997,0.16643356643356638,0.0,0.0,0.8321678321678319,1.0
2024-02-20,301389,1.2100259291270676,6.7337,21.5832,4.7136,5.387,5.387,0.19018867924528296,0.0,0.0,0.9509433962264148,1.0
2024-02-20,301408,4.5574057843996485,92.3375,92.0596,64.6362,73.87,73.87,0.09051724137931041,0.0,0.0,0.45258620689655205,1.0
2024-02-20,301558,2.0795660036166286,35.2167,35.2167,35.2167,35.2167,35.2167,,0.0,0.0,,0.0
2024-02-20,600148,1.6129032258064502,20.9752,33.8597,14.6827,16.7802,16.7802,0.14602446483180423,0.0,0.0,0.7301223241590211,1.0
2024-02-20,600272,3.6322360953461974,74.8452,77.6311,52.3916,59.8762,59.8762,0.11225444340505145,0.0,0.0,0.5612722170252572,1.0
2024-02-20,600444,2.890173410404606,58.4365,63.3779,40.9056,46.7492,46.7492,0.1685667752442998,0.0,0.0,0.842833876221499,1.0
2024-02-20,600506,3.171007927519809,65.0929,69.102,45.565,52.0743,52.0743,0.1486166007905138,0.0,0.0,0.743083003952569,1.0
2024-02-20,600689,1.990049751243772,32.4303,42.9043,22.7012,25.9443,25.9443,0.15199999999999983,0.0,0.0,0.7599999999999991,1.0
2024-02-20,600768,1.9283746556473913,30.418,39.4448,21.2926,24.3344,24.3344,0.2444771723122239,0.0,0.0,1.0,1.0
2024-02-20,600847,1.9512195121951015,31.192,42.2104,21.8344,24.9536,24.9536,0.13715710723192026,0.0,0.0,0.6857855361596013,1.0
2024-02-20,603006,2.608695652173898,50.8514,58.0424,35.596,40.6811,40.6811,0.1319381255686989,0.0,0.0,0.6596906278434945,1.0
2024-02-20,603041,2.5504782146652527,49.1486,53.3608,34.404,39.3189,39.3189,0.2979066022544285,0.0,0.0,1.0,1.0
2024-02-20,603042,2.0477815699658786,34.1331,44.7301,23.8932,27.3065,27.3065,0.1288180610889774,0.0,0.0,0.6440903054448869,1.0
2024-02-20,603045,1.7364657814096018,25.3096,36.6073,17.7167,20.2477,20.2477,0.182017543859649,0.0,0.0,0.910087719298245,1.0
2024-02-20,603219,2.5025025025025016,47.6006,54.0529,33.3204,38.0805,38.0805,0.2013820335636723,0.0,0.0,1.0,1.0
2024-02-20,603291,1.7921146953405076,27.322,38.7413,19.1254,21.8576,21.8576,0.15581565471836142,0.0,0.0,0.779078273591807,1.0
2024-02-20,603320,3.0612244897958885,62.3065,65.5189,43.6146,49.8452,49.8452,0.21631530705774532,0.0,0.0,1.0,1.0
2024-02-20,603506,4.6272493573264795,93.8854,91.5572,65.7198,75.1084,75.1084,0.17755681818181815,0.0,0.0,0.8877840909090907,1.0
2024-02-20,603607,1.9590382902938686,31.6563,42.6337,22.1594,25.3251,25.3251,0.13456889605157127,0.0,0.0,0.6728444802578563,1.0
2024-02-20,603656,2.499999999999991,47.4458,54.4656,33.2121,37.9567,37.9567,0.17455310199789706,0.0,0.0,0.8727655099894852,1.0
2024-02-20,603679,1.8952062430323213,29.4892,39.9662,20.6424,23.5913,23.5913,0.18125552608311235,0.0,0.0,0.9062776304155618,1.0
2024-02-20,603726,2.792140641158225,56.2693,62.1414,39.3885,45.0155,45.0155,0.14370245139475912,0.0,0.0,0.7185122569737956,1.0
2024-02-20,605069,3.1423290203327126,64.3189,69.9457,45.0232,51.4551,51.4551,0.07547169811320754,0.0,0.0,0.3773584905660377,1.0
2024-02-20,605162,1.0204081632653184,0.8514,16.2324,0.596,0.6811,0.6811,0.2224371373307542,0.0,0.0,1.0,1.0
2024-02-20,605180,3.0193236714975757,60.4489,65.5132,42.3142,48.3591,48.3591,0.14229636898920509,0.0,0.0,0.7114818449460254,1.0
2024-02-20,605208,1.8707482993197244,29.0248,39.8067,20.3173,23.2198,23.2198,0.17065390749601292,0.0,0.0,0.8532695374800645,1.0
2024-02-20,605303,4.651162790697683,94.6594,93.2981,66.2616,75.7276,75.7276,0.12147505422993493,0.0,0.0,0.6073752711496746,1.0
2024-02-20,605488,4.238143289606455,86.6099,86.4976,60.6269,69.2879,69.2879,0.13951612903225813,0.0,0.0,0.6975806451612906,1.0
2024-02-21,000586,4.6875,95.4489,92.234,66.8142,76.3591,76.3591,0.20625610948191586,0.0,0.0,1.0,1.0
2024-02-21,001202,1.9776440240756532,29.6135,38.5261,20.7294,23.6908,23.6908,0.2582359192348568,0.0,0.0,1.0,1.0
2024-02-21,001216,1.4795474325500324,13.5287,28.2688,9.4701,10.8229,10.8229,0.12770897832817338,0.0,0.0,0.6385448916408668,1.0
2024-02-21,001217,2.7600849256900206,54.0524,60.9031,37.8367,43.2419,43.2419,0.1169389509888219,0.0,0.0,0.5846947549441095,1.0
2024-02-21,001299,3.8722168441432725,78.8653,80.3631,55.2057,63.0923,63.0923,0.1364562118126273,0.0,0.0,0.6822810590631364,1.0
2024-02-21,001318,2.0462633451957535,31.4838,40.766,22.0387,25.187,25.187,0.22105263157894728,0.0,0.0,1.0,1.0
2024-02-21,001322,4.192872117400426,85.9726,85.2509,60.1808,68.7781,68.7781,0.17635658914728672,0.0,0.0,0.8817829457364336,1.0
2024-02-21,001331,1.900452488687776,26.8703,38.0068,18.8092,21.4963,21.4963,0.17447129909365566,0.0,0.0,0.8723564954682783,1.0
2024-02-21,001366,2.1400778210116655,34.7257,44.6345,24.308,27.7805,27.7805,0.15730337078651677,0.0,0.0,0.7865168539325837,1.0
2024-02-21,002205,2.39043824701195,42.9551,50.5156,30.0686,34.3641,34.3641,0.1924242424242425,0.0,0.0,0.9621212121212125,1.0
2024-02-21,002209,2.6470588235294246,50.8105,55.9589,35.5673,40.6484,40.6484,0.23447204968944088,0.0,0.0,1.0,1.0
2024-02-21,002715,4.004449388209119,82.4813,81.7543,57.7369,65.985,65.985,0.21153846153846145,0.0,0.0,1.0,1.0
2024-02-21,002778,4.575163398692816,93.4539,90.9754,65.4177,74.7631,74.7631,0.18938605619146717,0.0,0.0,0.9469302809573358,1.0
2024-02-21,002805,2.019230769230762,30.8603,41.0738,21.6022,24.6883,24.6883,0.18072289156626514,0.0,0.0,0.9036144578313257,1.0
2024-02-21,002806,4.700854700854706,95.5736,93.222,66.9015,76.4589,76.4589,0.16184351554126472,0.0,0.0,0.8092175777063235,1.0
2024-02-21,002809,2.335164835164827,41.2095,48.5754,28.8466,32.9676,32.9676,0.21960784313725495,0.0,0.0,1.0,1.0
2024-02-21,002823,2.874251497005975,56.7955,61.0046,39.7569,45.4364,45.4364,0.221590909090909,0.0,0.0,1.0,1.0
2024-02-21,002826,2.170963364993206,35.7232,43.9093,25.0062,28.5786,28.5786,0.2334630350194553,0.0,0.0,1.0,1.0
2024-02-21,002828,2.2849462365591267,39.7132,48.983,27.7993,31.7706,31.7706,0.13938053097345143,0.0,0.0,0.6969026548672571,1.0
2024-02-21,002830,3.3259423503326113,67.6434,69.9863,47.3504,54.1147,54.1147,0.20642201834862373,0.0,0.0,1.0,1.0
2024-02-21,002848,2.5352112676056526,47.3192,54.1326,33.1234,37.8554,37.8554,0.1861386138613861,0.0,0.0,0.9306930693069305,1.0
2024-02-21,002857,2.487562189054726,45.8229,52.415,32.0761,36.6584,36.6584,0.21216848673946972,0.0,0.0,1.0,1.0
2024-02-21,002858,1.2750455373406133,7.1696,22.2242,5.0187,5.7357,5.7357,0.17557251908396954,0.0,0.0,0.8778625954198477,1.0
2024-02-21,002861,2.763157894736845,54.1771,60.4688,37.9239,43.3416,43.3416,0.1436413540713632,0.0,0.0,0.7182067703568159,1.0
2024-02-21,002875,4.253112033195028,87.5935,84.2853,61.3155,70.0748,70.0748,0.2894736842105264,0.0,0.0,1.0,1.0
2024-02-21,002890,4.707012487992324,95.8229,92.095,67.0761,76.6584,76.6584,0.22816593886462877,0.0,0.0,1.0,1.0
2024-02-21,002899,3.5523978685612745,72.1322,72.3442,50.4925,57.7057,57.7057,0.26807563959955516,0.0,0.0,1.0,1.0
2024-02-21,002900,1.9585253456221086,28.616,38.4585,20.0312,22.8928,22.8928,0.22171428571428578,0.0,0.0,1.0,1.0
2024-02-21,002910,2.4251069900142586,44.202,50.8235,30.9414,35.3616,35.3616,0.22690437601296592,0.0,0.0,1.0,1.0
2024-02-21,002921,3.092783505154628,61.6584,64.0838,43.1608,49.3267,49.3267,0.2621448212648947,0.0,0.0,1.0,1.0
2024-02-21,002949,3.4736842105263177,70.0748,72.0288,49.0524,56.0599,56.0599,0.20155038759689922,0.0,0.0,1.0,1.0
2024-02-21,002972,3.643724696356254,73.8778,75.1168,51.7145,59.1022,59.1022,0.19927095990279475,0.0,0.0,0.9963547995139738,1.0
2024-02-21,002989,2.2667829119441985,38.8404,46.1359,27.1883,31.0723,31.0723,0.24682203389830515,0.0,0.0,1.0,1.0
2024-02-21,003001,4.3516873889875685,89.3392,87.3348,62.5374,71.4713,71.4713,0.2068252326783867,0.0,0.0,1.0,1.0
2024-02-21,003003,3.07898259705488,61.409,64.6897,42.9863,49.1272,49.1272,0.221875,0.0,0.0,1.0,1.0
2024-02-21,300243,3.906249999999978,80.1122,78.9902,56.0786,64.0898,64.0898,0.25498007968127495,0.0,0.0,1.0,1.0
2024-02-21,300306,1.1682242990654013,4.8005,17.2723,3.3603,3.8404,3.8404,0.32840722495894936,0.0,0.0,1.0,1.0
2024-02-21,300314,2.5594149908592323,48.0673,52.2667,33.6471,38.4539,38.4539,0.3093607305936073,0.0,0.0,1.0,1.0
2024-02-21,300340,4.20054200542006,86.0973,85.2456,60.2681,68.8778,68.8778,0.18160919540229886,0.0,0.0,0.9080459770114943,1.0
2024-02-21,300399,3.5995500562429505,73.005,74.8227,51.1035,58.404,58.404,0.17906574394463676,0.0,0.0,0.8953287197231837,1.0
2024-02-21,300437,1.8847006651884657,26.3716,36.6796,18.4601,21.0973,21.0973,0.2208835341365461,0.0,0.0,1.0,1.0
2024-02-21,300478,3.4065934065934167,69.1397,69.4172,48.3978,55.3117,55.3117,0.2947247706422018,0.0,0.0,1.0,1.0
2024-02-21,300484,3.0927835051546504,61.783,65.348,43.2481,49.4264,49.4264,0.20392156862745098,0.0,0.0,1.0,1.0
2024-02-21,300500,3.891509433962259,79.3641,80.1636,55.5549,63.4913,63.4913,0.16638513513513511,0.0,0.0,0.8319256756756755,1.0
2024-02-21,300517,3.8107752956636043,77.8678,78.1555,54.5075,62.2943,62.2943,0.20693641618497113,0.0,0.0,1.0,1.0
2024-02-21,300518,4.805725971370145,96.9451,93.597,67.8616,77.5561,77.5561,0.1979547114682249,0.0,0.0,0.9897735573411245,1.0
2024-02-21,300519,1.5748031496062964,17.7681,29.0001,12.4377,14.2145,14.2145,0.2607174103237096,0.0,0.0,1.0,1.0
2024-02-21,300535,3.886255924170623,79.0524,78.5586,55.3367,63.2419,63.2419,0.2341650671785029,0.0,0.0,1.0,1.0
2024-02-21,300539,3.0065359477124076,58.6658,63.3327,41.0661,46.9327,46.9327,0.17999999999999997,0.0,0.0,0.8999999999999998,1.0
2024-02-21,300546,2.325581395348819,41.0848,49.4152,28.7594,32.8678,32.8678,0.17263157894736847,0.0,0.0,0.8631578947368423,1.0
2024-02-21,300561,2.9585798816567976,57.6683,62.9045,40.3678,46.1347,46.1347,0.16150627615062757,0.0,0.0,0.8075313807531378,1.0
2024-02-21,300562,3.518267929634633,71.384,72.9996,49.9688,57.1072,57.1072,0.2053824362606232,0.0,0.0,1.0,1.0
2024-02-21,300563,1.2807881773398755,7.2943,21.3421,5.106,5.8354,5.8354,0.22466539196940735,0.0,0.0,1.0,1.0
2024-02-21,300564,3.823178016726403,78.2419,77.5062,54.7693,62.5935,62.5935,0.25436408977556096,0.0,0.0,1.0,1.0
2024-02-21,300572,3.199268738574035,64.2768,66.7881,44.9938,51.4214,51.4214,0.2316666666666667,0.0,0.0,1.0,1.0
2024-02-21,300585,4.225352112676051,86.7207,85.8669,60.7045,69.3766,69.3766,0.1754827875734677,0.0,0.0,0.8774139378673385,1.0
2024-02-21,300588,2.3899371069182385,42.8304,50.6527,29.9813,34.2643,34.2643,0.18058076225045375,0.0,0.0,0.9029038112522687,1.0
2024-02-21,300605,3.6504424778761146,74.0025,74.7991,51.8017,59.202,59.202,0.2201453790238835,0.0,0.0,1.0,1.0
2024-02-21,300611,3.7634408602150504,76.8703,76.6697,53.8092,61.4963,61.4963,0.24132947976878621,0.0,0.0,1.0,1.0
2024-02-21,300615,2.566539923954392,48.192,53.841,33.7344,38.5536,38.5536,0.23563218390804583,0.0,0.0,1.0,1.0
2024-02-21,300625,2.463503649635035,45.1995,49.8945,31.6397,36.1596,36.1596,0.31325301204819284,0.0,0.0,1.0,1.0
2024-02-21,300626,3.747870528109032,76.7456,77.1979,53.7219,61.3965,61.3965,0.20992907801418445,0.0,0.0,1.0,1.0
2024-02-21,300650,2.219626168224287,37.2195,46.1502,26.0536,29.7756,29.7756,0.18126626192541204,0.0,0.0,0.9063313096270601,1.0
2024-02-21,300665,2.8933092224231682,57.0449,61.0205,39.9314,45.6359,45.6359,0.23076923076923073,0.0,0.0,1.0,1.0
2024-02-21,300675,1.273261508325163,6.9202,20.5169,4.8441,5.5362,5.5362,0.2509615384615385,0.0,0.0,1.0,1.0
2024-02-21,300686,3.1746031746031633,63.7781,66.9538,44.6446,51.0224,51.0224,0.20343461030383092,0.0,0.0,1.0,1.0
2024-02-21,300700,2.19780219780219,35.9726,44.7844,25.1808,28.7781,28.7781,0.19968178202068415,0.0,0.0,0.9984089101034207,1.0
2024-02-21,300717,3.9923954372623527,82.2319,80.8063,57.5623,65.7855,65.7855,0.24896265560165975,0.0,0.0,1.0,1.0
2024-02-21,300719,2.4043715846994607,43.5786,50.4732,30.505,34.8628,34.8628,0.21948212083847105,0.0,0.0,1.0,1.0
2024-02-21,300721,3.981797497155881,81.9825,82.3457,57.3878,65.586,65.586,0.162015503875969,0.0,0.0,0.810077519379845,1.0
2024-02-21,300743,2.2776572668112394,39.4638,47.0468,27.6247,31.5711,31.5711,0.2262156448202961,0.0,0.0,1.0,1.0
2024-02-21,300749,3.4482758620689724,69.5137,72.4583,48.6596,55.611,55.611,0.15763546798029549,0.0,0.0,0.7881773399014774,1.0
2024-02-21,300756,2.2727272727272707,39.3392,46.8646,27.5374,31.4713,31.4713,0.23033707865168548,0.0,0.0,1.0,1.0
2024-02-21,300771,2.0547945205479534,31.9825,41.266,22.3878,25.586,25.586,0.21599999999999994,0.0,0.0,1.0,1.0
2024-02-21,300774,1.8842530282638048,26.2469,37.6476,18.3728,20.9975,20.9975,0.1674937965260545,0.0,0.0,0.8374689826302725,1.0
2024-02-21,300786,4.7434656340755055,96.197,93.5055,67.3379,76.9576,76.9576,0.17260442260442263,0.0,0.0,0.8630221130221131,1.0
2024-02-21,300817,4.55868089233753,92.7057,89.1493,64.894,74.1646,74.1646,0.2507645259938838,0.0,0.0,1.0,1.0
2024-02-21,300819,2.48565965583174,45.6983,51.7326,31.9888,36.5586,36.5586,0.24129930394431554,0.0,0.0,1.0,1.0
2024-02-21,300828,1.8672199170124415,25.6234,36.4291,17.9364,20.4988,20.4988,0.20348405671056716,0.0,0.0,1.0,1.0
2024-02-21,300845,4.491292392300639,91.7082,89.0852,64.1958,73.3666,73.3666,0.2140695915279879,0.0,0.0,1.0,1.0
2024-02-21,300879,4.931794333683115,99.1895,95.4862,69.4327,79.3516,79.3516,0.19327006039689382,0.0,0.0,0.966350301984469,1.0
2024-02-21,300884,2.3182297154899834,40.586,46.9006,28.4102,32.4688,32.4688,0.278409090909091,0.0,0.0,1.0,1.0
2024-02-21,300885,1.5873015873015817,18.2668,29.8912,12.7868,14.6135,14.6135,0.23611111111111113,0.0,0.0,1.0,1.0
2024-02-21,300889,3.3578174186778664,68.0175,70.2145,47.6122,54.414,54.414,0.20997123681687438,0.0,0.0,1.0,1.0
2024-02-21,300912,3.4766697163769456,70.2618,72.5197,49.1833,56.2095,56.2095,0.18448637316561847,0.0,0.0,0.9224318658280923,1.0
2024-02-21,300922,2.215799614643532,36.783,45.296,25.7481,29.4264,29.4264,0.20652173913043492,0.0,0.0,1.0,1.0
2024-02-21,300929,4.93150684931507,99.0648,95.2026,69.3454,79.2519,79.2519,0.20246238030095748,0.0,0.0,1.0,1.0
2024-02-21,300932,2.162718846549949,35.3491,43.8374,24.7444,28.2793,28.2793,0.2220956719817769,0.0,0.0,1.0,1.0
2024-02-21,300943,4.081632653061229,83.9776,81.9816,58.7843,67.182,67.182,0.2600229095074457,0.0,0.0,1.0,1.0
2024-02-21,300947,4.044489383215355,83.1047,81.834,58.1733,66.4838,66.4838,0.23248730964467015,0.0,0.0,1.0,1.0
2024-02-21,300950,3.379721669980107,68.3915,71.2736,47.8741,54.7132,54.7132,0.17197986577181218,0.0,0.0,0.8598993288590608,1.0
2024-02-21,300961,2.256699576868826,38.217,46.6445,26.7519,30.5736,30.5736,0.1964529331514324,0.0,0.0,0.9822646657571619,1.0
2024-02-21,300963,3.529411764705892,71.5087,72.3498,50.0561,57.207,57.207,0.24285714285714277,0.0,0.0,1.0,1.0
2024-02-21,300967,1.918465227817756,27.1197,38.534,18.9838,21.6958,21.6958,0.15808823529411759,0.0,0.0,0.7904411764705879,1.0
2024-02-21,300968,1.146496815286624,4.0524,19.1916,2.8367,3.2419,3.2419,0.20251716247139584,0.0,0.0,1.0,1.0
2024-02-21,300970,4.045734388742295,83.2294,83.5245,58.2606,66.5835,66.5835,0.15294974508375822,0.0,0.0,0.764748725418791,1.0
2024-02-21,300978,1.7708333333333215,23.6284,35.4963,16.5399,18.9027,18.9027,0.1703204047217538,0.0,0.0,0.851602023608769,1.0
2024-02-21,300986,4.516129032258065,92.0823,90.3481,64.4576,73.6658,73.6658,0.16588785046728974,0.0,0.0,0.8294392523364487,1.0
2024-02-21,300991,2.4321796071094415,44.4514,50.5405,31.116,35.5611,35.5611,0.25103163686382385,0.0,0.0,1.0,1.0
2024-02-21,300994,2.6696329254727535,51.808,57.1196,36.2656,41.4464,41.4464,0.21634062140391258,0.0,0.0,1.0,1.0
2024-02-21,301010,4.174228675136127,85.4738,84.7659,59.8317,68.3791,68.3791,0.18065547561950432,0.0,0.0,0.9032773780975215,1.0
2024-02-21,301013,3.44827586206895,69.389,71.9869,48.5723,55.5112,55.5112,0.17621464829586658,0.0,0.0,0.8810732414793329,1.0
2024-02-21,301028,1.3280212483399723,8.5411,22.2975,5.9788,6.8329,6.8329,0.22677165354330717,0.0,0.0,1.0,1.0
2024-02-21,301032,2.4350649350649345,44.5761,51.9766,31.2032,35.6608,35.6608,0.18421052631578938,0.0,0.0,0.9210526315789469,1.0
2024-02-21,301037,4.343971631205679,88.9651,86.7276,62.2756,71.1721,71.1721,0.2222222222222221,0.0,0.0,1.0,1.0
2024-02-21,301040,4.553903345724919,92.4564,90.0985,64.7195,73.9651,73.9651,0.19332763045337892,0.0,0.0,0.9666381522668945,1.0
2024-02-21,301048,3.6599763872490865,74.3766,74.4587,52.0636,59.5012,59.5012,0.25212947189097124,0.0,0.0,1.0,1.0
2024-02-21,301056,2.2189349112426093,37.0948,44.8799,25.9663,29.6758,29.6758,0.23979591836734684,0.0,0.0,1.0,1.0
2024-02-21,301066,1.7142857142857348,21.7581,34.1849,15.2307,17.4065,17.4065,0.16107931316434987,0.0,0.0,0.8053965658217493,1.0
2024-02-21,301079,4.212637913741224,86.596,85.8259,60.6172,69.2768,69.2768,0.17254313578394606,0.0,0.0,0.8627156789197302,1.0
2024-02-21,301081,3.101920236336797,62.1571,66.0437,43.51,49.7257,49.7257,0.18410041841004182,0.0,0.0,0.920502092050209,1.0
2024-02-21,301082,1.9354838709677358,27.9925,38.1178,19.5948,22.394,22.394,0.21381031613976706,0.0,0.0,1.0,1.0
2024-02-21,301083,1.4718614718614687,13.404,25.9576,9.3828,10.7232,10.7232,0.2382812500000001,0.0,0.0,1.0,1.0
2024-02-21,301116,1.8930957683741756,26.4963,37.4402,18.5474,21.197,21.197,0.18783930510314878,0.0,0.0,0.9391965255157438,1.0
2024-02-21,301120,1.4157014157014203,11.1596,24.6526,7.8117,8.9277,8.9277,0.21375186846038868,0.0,0.0,1.0,1.0
2024-02-21,301126,2.291917973462021,39.8379,47.894,27.8865,31.8703,31.8703,0.19881656804733716,0.0,0.0,0.9940828402366858,1.0
2024-02-21,301136,2.0000000000000018,30.2993,42.0597,21.2095,24.2394,24.2394,0.1089828269484809,0.0,0.0,0.5449141347424045,1.0
2024-02-21,301158,2.2827041264266823,39.5885,48.1673,27.712,31.6708,31.6708,0.17517674783974868,0.0,0.0,0.8758837391987434,1.0
2024-02-21,301176,4.100946372239744,84.3516,83.563,59.0461,67.4813,67.4813,0.19591457753017633,0.0,0.0,0.9795728876508816,1.0
2024-02-21,301197,3.69718309859155,75.4988,76.399,52.8491,60.399,60.399,0.20000000000000007,0.0,0.0,1.0,1.0
2024-02-21,301198,3.9946737683089095,82.3566,82.1758,57.6496,65.8853,65.8853,0.18547486033519553,0.0,0.0,0.9273743016759776,1.0
2024-02-21,301228,4.564755838641177,93.0798,92.3416,65.1559,74.4638,74.4638,0.1061120543293718,0.0,0.0,0.530560271646859,1.0
2024-02-21,301248,2.372262773722622,42.207,50.0593,29.5449,33.7656,33.7656,0.18531468531468542,0.0,0.0,0.9265734265734271,1.0
2024-02-21,301332,3.965702036441554,81.3591,80.8425,56.9514,65.0873,65.0873,0.21223958333333345,0.0,0.0,1.0,1.0
2024-02-21,301355,1.8298261665141702,24.8753,36.6325,17.4127,19.9002,19.9002,0.16338691666449562,0.0,0.0,0.816934583322478,1.0
2024-02-21,301389,1.451750640478222,12.6559,26.1096,8.8591,10.1247,10.1247,0.20075471698113212,0.0,0.0,1.0,1.0
2024-02-21,301439,1.5720524017467374,17.581,30.2852,12.3067,14.0648,14.0648,0.18898385565052217,0.0,0.0,0.9449192782526108,1.0
2024-02-21,600506,3.073545554335899,61.1596,65.5127,42.8117,48.9277,48.9277,0.1707509881422924,0.0,0.0,0.853754940711462,1.0
2024-02-21,600615,4.2035398230088505,86.3466,83.4363,60.4426,69.0773,69.0773,0.282051282051282,0.0,0.0,1.0,1.0
2024-02-21,600689,2.8048780487804903,55.4239,60.8725,38.7968,44.3392,44.3392,0.1733333333333332,0.0,0.0,0.8666666666666659,1.0
2024-02-21,600697,2.9791459781529195,58.4165,63.5624,40.8915,46.7332,46.7332,0.15853658536585363,0.0,0.0,0.7926829268292681,1.0
2024-02-21,600793,3.0444964871194635,59.9127,63.7048,41.9389,47.9302,47.9302,0.21126760563380267,0.0,0.0,1.0,1.0
2024-02-21,601022,2.0809248554913395,32.8554,42.5395,22.9988,26.2843,26.2843,0.1872399445214979,0.0,0.0,0.9361997226074894,1.0
2024-02-21,601133,1.970954356846466,29.3641,39.6805,20.5549,23.4913,23.4913,0.19053876478318013,0.0,0.0,0.9526938239159006,1.0
2024-02-21,601279,4.090909090909078,84.1022,83.3204,58.8716,67.2818,67.2818,0.19806763285024176,0.0,0.0,0.9903381642512088,1.0
2024-02-21,603006,3.631961259079919,73.5037,75.7821,51.4526,58.803,58.803,0.15104640582347584,0.0,0.0,0.7552320291173792,1.0
2024-02-21,603041,1.1398963730570033,3.803,16.3113,2.6621,3.0424,3.0424,0.3365539452495975,0.0,0.0,1.0,1.0
2024-02-21,603042,4.347826086956519,89.2145,88.5562,62.4501,71.3716,71.3716,0.14077025232403725,0.0,0.0,0.7038512616201862,1.0
2024-02-21,603045,2.6104417670682833,49.6883,55.7375,34.7818,39.7506,39.7506,0.2006578947368421,0.0,0.0,1.0,1.0
2024-02-21,603213,1.8518518518518379,25.4988,36.0652,17.8491,20.399,20.399,0.21669106881405567,0.0,0.0,1.0,1.0
2024-02-21,603214,2.695417789757415,52.6808,58.1446,36.8766,42.1446,42.1446,0.20000000000000004,0.0,0.0,1.0,1.0
2024-02-21,603219,2.246093750000022,37.9676,45.8528,26.5773,30.3741,30.3741,0.22606120434353405,0.0,0.0,1.0,1.0
2024-02-21,603291,2.1126760563380254,33.3541,43.2744,23.3479,26.6833,26.6833,0.17044623262618877,0.0,0.0,0.8522311631309438,1.0
2024-02-21,603320,2.4752475247524774,45.4489,51.4828,31.8142,36.3591,36.3591,0.24381301558203478,0.0,0.0,1.0,1.0
2024-02-21,603607,1.4847161572052459,14.0274,28.176,9.8192,11.2219,11.2219,0.15229653505237709,0.0,0.0,0.7614826752618854,1.0
2024-02-21,603656,3.1894934333958735,64.0274,67.1841,44.8192,51.2219,51.2219,0.2018927444794953,0.0,0.0,1.0,1.0
2024-02-21,603679,2.0787746170678245,32.606,42.1591,22.8242,26.0848,26.0848,0.19628647214854117,0.0,0.0,0.9814323607427058,1.0
2024-02-21,603726,2.716297786720334,53.0549,59.1134,37.1384,42.4439,42.4439,0.16652578191039727,0.0,0.0,0.8326289095519863,1.0
2024-02-21,603955,3.073967339097017,61.2843,66.5956,42.899,49.0274,49.0274,0.12159002338269687,0.0,0.0,0.6079501169134843,1.0
2024-02-21,605162,4.208754208754217,86.4713,84.4962,60.5299,69.1771,69.1771,0.23404255319148937,0.0,0.0,1.0,1.0
2024-02-21,605180,3.282532239155933,66.2718,69.6809,46.3903,53.0175,53.0175,0.16683022571148168,0.0,0.0,0.8341511285574084,1.0
2024-02-21,605208,3.8397328881469184,78.616,79.1288,55.0312,62.8928,62.8928,0.18819776714513567,0.0,0.0,0.9409888357256783,1.0
2024-02-21,605255,1.705029838022143,21.1347,34.076,14.7943,16.9077,16.9077,0.14158730158730162,0.0,0.0,0.7079365079365081,1.0
2024-02-21,605268,3.972602739726039,81.7332,82.1664,57.2132,65.3865,65.3865,0.16100443131462336,0.0,0.0,0.8050221565731167,1.0
2024-02-21,605303,4.444444444444429,90.8354,89.5447,63.5848,72.6683,72.6683,0.15618221258134493,0.0,0.0,0.7809110629067246,1.0
2024-02-21,605488,2.8073572120038692,55.5486,60.9712,38.884,44.4389,44.4389,0.17338709677419356,0.0,0.0,0.8669354838709677,1.0
2024-02-21,605567,1.2345679012345734,6.2968,22.2312,4.4077,5.0374,5.0374,0.14030915576694394,0.0,0.0,0.7015457788347197,1.0
2024-02-22,000668,4.111405835543769,83.4989,80.7515,58.4492,66.7991,66.7991,0.30238095238095236,0.0,0.0,1.0,1.0
2024-02-22,000880,1.9035532994923665,25.4415,33.8587,17.8091,20.3532,20.3532,0.32472324723247237,0.0,0.0,1.0,1.0
2024-02-22,001217,2.4793388429751984,43.3223,51.8719,30.3256,34.6578,34.6578,0.13929492691315556,0.0,0.0,0.6964746345657777,1.0
2024-02-22,001299,2.795899347623476,53.2561,59.3326,37.2792,42.6049,42.6049,0.16361167684996608,0.0,0.0,0.8180583842498304,1.0
2024-02-22,001318,1.2205754141237923,5.6843,19.3194,3.979,4.5475,4.5475,0.26140350877192997,0.0,0.0,1.0,1.0
2024-02-22,001331,4.618117229129659,93.4327,90.9395,65.4029,74.7461,74.7461,0.19033232628398794,0.0,0.0,0.9516616314199396,1.0
2024-02-22,001366,3.9047619047618998,78.7528,79.503,55.1269,63.0022,63.0022,0.174959871589085,0.0,0.0,0.874799357945425,1.0
2024-02-22,002058,1.1122345803842304,2.8146,16.4087,1.9702,2.2517,2.2517,0.292147806004619,0.0,0.0,1.0,1.0
2024-02-22,002144,2.511961722488043,44.8675,50.5094,31.4073,35.894,35.894,0.26923076923076916,0.0,0.0,1.0,1.0
2024-02-22,002205,2.075226977950706,31.4018,40.7275,21.9812,25.1214,25.1214,0.21969696969696972,0.0,0.0,1.0,1.0
2024-02-22,002633,1.6176470588235237,17.6049,28.7046,12.3234,14.0839,14.0839,0.26896551724137935,0.0,0.0,1.0,1.0
2024-02-22,002722,3.482142857142878,68.5982,69.0282,48.0188,54.8786,54.8786,0.2925170068027208,0.0,0.0,1.0,1.0
2024-02-22,002735,3.1602708803611934,61.5342,64.4686,43.074,49.2274,49.2274,0.23793859649122795,0.0,0.0,1.0,1.0
2024-02-22,002767,4.119193689745826,83.6093,82.192,58.5265,66.8874,66.8874,0.2347684809098295,0.0,0.0,1.0,1.0
2024-02-22,002780,2.034883720930214,30.0773,40.1505,21.0541,24.0618,24.0618,0.19556714471968714,0.0,0.0,0.9778357235984356,1.0
2024-02-22,002805,1.7907634307257503,22.9029,34.2862,16.032,18.3223,18.3223,0.20180722891566263,0.0,0.0,1.0,1.0
2024-02-22,002823,4.307334109429606,87.4724,84.8643,61.2307,69.9779,69.9779,0.25568181818181807,0.0,0.0,1.0,1.0
2024-02-22,002826,4.7808764940239,96.0817,91.781,67.2572,76.8653,76.8653,0.2542153047989624,0.0,0.0,1.0,1.0
2024-02-22,002848,4.258241758241743,86.6998,85.2806,60.6898,69.3598,69.3598,0.20396039603960398,0.0,0.0,1.0,1.0
2024-02-22,002853,1.6778523489932917,19.3709,31.8305,13.5596,15.4967,15.4967,0.18330849478390454,0.0,0.0,0.9165424739195227,1.0
2024-02-22,002862,4.170444242973703,84.4923,84.287,59.1446,67.5938,67.5938,0.16534260178748753,0.0,0.0,0.8267130089374376,1.0
2024-02-22,002871,2.5798525798525596,46.7439,50.032,32.7208,37.3951,37.3951,0.3681592039800996,0.0,0.0,1.0,1.0
2024-02-22,002875,4.577114427860685,92.7704,87.4886,64.9393,74.2163,74.2163,0.3363844393592678,0.0,0.0,1.0,1.0
2024-02-22,002899,1.7152658662092701,20.6954,30.3049,14.4868,16.5563,16.5563,0.3125695216907676,0.0,0.0,1.0,1.0
2024-02-22,002900,3.3898305084745672,66.8322,68.6429,46.7826,53.4658,53.4658,0.2411428571428572,0.0,0.0,1.0,1.0
2024-02-22,002921,2.0000000000000018,28.9735,37.331,20.2815,23.1788,23.1788,0.29239230064161326,0.0,0.0,1.0,1.0
2024-02-22,003002,2.579535683576961,46.6336,50.9536,32.6435,37.3068,37.3068,0.31766200762388813,0.0,0.0,1.0,1.0
2024-02-22,003003,3.6363636363636376,72.2406,72.6362,50.5684,57.7925,57.7925,0.25781250000000006,0.0,0.0,1.0,1.0
2024-02-22,300243,1.6541353383458635,18.8742,29.0037,13.2119,15.0993,15.0993,0.3047808764940238,0.0,0.0,1.0,1.0
2024-02-22,300306,4.965357967667439,99.2826,92.5295,69.4978,79.426,79.426,0.3448275862068967,0.0,0.0,1.0,1.0
2024-02-22,300314,1.6934046345811193,19.8124,28.7813,13.8687,15.8499,15.8499,0.35342789598108737,0.0,0.0,1.0,1.0
2024-02-22,300340,2.7308192457737412,51.4901,56.8472,36.043,41.1921,41.1921,0.2172413793103449,0.0,0.0,1.0,1.0
2024-02-22,300371,2.8014616321558883,53.5872,59.2827,37.511,42.8698,42.8698,0.17935349322210645,0.0,0.0,0.8967674661105322,1.0
2024-02-22,300437,1.305767138193703,7.4503,21.2012,5.2152,5.9603,5.9603,0.23795180722891557,0.0,0.0,1.0,1.0
2024-02-22,300484,3.875000000000006,77.649,77.4133,54.3543,62.1192,62.1192,0.23529411764705882,0.0,0.0,1.0,1.0
2024-02-22,300500,4.313280363223604,87.6932,86.2694,61.3852,70.1545,70.1545,0.19425675675675674,0.0,0.0,0.9712837837837837,1.0
2024-02-22,300515,3.9408866995073843,79.1943,78.4596,55.436,63.3554,63.3554,0.24479166666666655,0.0,0.0,1.0,1.0
2024-02-22,300518,4.0000000000000036,81.3466,80.4315,56.9426,65.0773,65.0773,0.23228634039444845,0.0,0.0,1.0,1.0
2024-02-22,300519,3.1869078380706295,62.0861,64.1396,43.4603,49.6689,49.6689,0.2764654418197725,0.0,0.0,1.0,1.0
2024-02-22,300535,3.467153284671509,67.936,68.8785,47.5552,54.3488,54.3488,0.27351247600767764,0.0,0.0,1.0,1.0
2024-02-22,300539,3.8071065989847774,76.3245,77.0414,53.4272,61.0596,61.0596,0.20090909090909084,0.0,0.0,1.0,1.0
2024-02-22,300561,3.1034482758620863,60.3753,64.6517,42.2627,48.3002,48.3002,0.18242677824267778,0.0,0.0,0.9121338912133888,1.0
2024-02-22,300564,4.602991944764123,93.2119,88.6842,65.2483,74.5695,74.5695,0.2942643391521196,0.0,0.0,1.0,1.0
2024-02-22,300565,4.093567251461994,83.0574,81.4654,58.1402,66.4459,66.4459,0.24902343750000003,0.0,0.0,1.0,1.0
2024-02-22,300572,2.480070859167416,43.4327,49.5295,30.4029,34.7461,34.7461,0.26083333333333325,0.0,0.0,1.0,1.0
2024-02-22,300585,2.4131274131274028,41.777,49.2067,29.2439,33.4216,33.4216,0.2107472712006716,0.0,0.0,1.0,1.0
2024-02-22,300611,2.072538860103612,31.181,39.309,21.8267,24.9448,24.9448,0.28179190751445093,0.0,0.0,1.0,1.0
2024-02-22,300615,4.911955514365163,98.3996,93.4898,68.8797,78.7196,78.7196,0.26149425287356315,0.0,0.0,1.0,1.0
2024-02-22,300621,1.984126984126977,28.2009,36.3456,19.7406,22.5607,22.5607,0.31075697211155373,0.0,0.0,1.0,1.0
2024-02-22,300635,3.767491926803035,75.5519,74.1797,52.8863,60.4415,60.4415,0.31308900523560196,0.0,0.0,1.0,1.0
2024-02-22,300649,3.2258064516129004,63.0795,67.3358,44.1556,50.4636,50.4636,0.15638659543467695,0.0,0.0,0.7819329771733847,1.0
2024-02-22,300650,3.5428571428571587,70.3642,72.3365,49.255,56.2914,56.2914,0.1977450130095403,0.0,0.0,0.9887250650477015,1.0
2024-02-22,300675,4.642166344294019,93.9845,89.9184,65.7892,75.1876,75.1876,0.26346153846153847,0.0,0.0,1.0,1.0
2024-02-22,300700,2.6881720430107725,50.4967,56.0219,35.3477,40.3974,40.3974,0.21877486077963398,0.0,0.0,1.0,1.0
2024-02-22,300703,3.9540816326530726,79.7461,77.9723,55.8223,63.7969,63.7969,0.29122807017543856,0.0,0.0,1.0,1.0
2024-02-22,300713,2.751504729148735,52.0419,57.3166,36.4294,41.6336,41.6336,0.21584529008109798,0.0,0.0,1.0,1.0
2024-02-22,300719,3.5218783351120386,69.8124,70.9177,48.8687,55.8499,55.8499,0.2466091245376079,0.0,0.0,1.0,1.0
2024-02-22,300721,3.8293216630196802,77.0971,77.8948,53.968,61.6777,61.6777,0.1891472868217055,0.0,0.0,0.9457364341085275,1.0
2024-02-22,300752,4.452359750667845,90.2318,86.419,63.1623,72.1854,72.1854,0.2883211678832117,0.0,0.0,1.0,1.0
2024-02-22,300753,2.6556776556776684,49.1722,54.125,34.4205,39.3377,39.3377,0.2606382978723404,0.0,0.0,1.0,1.0
2024-02-22,300786,4.251386321626605,86.479,85.1292,60.5353,69.1832,69.1832,0.20270270270270274,0.0,0.0,1.0,1.0
2024-02-22,300817,3.98886827458258,80.9603,78.7947,56.6722,64.7682,64.7682,0.2986748216106013,0.0,0.0,1.0,1.0
2024-02-22,300854,4.995287464656006,99.9448,96.1007,69.9614,79.9558,79.9558,0.19275549805950834,0.0,0.0,0.9637774902975417,1.0
2024-02-22,300867,4.6369203849518925,93.7638,89.7156,65.6347,75.011,75.011,0.2647727272727273,0.0,0.0,1.0,1.0
2024-02-22,300932,3.2258064516129004,63.0795,65.5433,44.1556,50.4636,50.4636,0.2460136674259682,0.0,0.0,1.0,1.0
2024-02-22,300948,2.494802494802517,43.9845,51.9561,30.7892,35.1876,35.1876,0.16157760814249356,0.0,0.0,0.8078880407124678,1.0
2024-02-22,300956,4.887585532746819,97.9581,93.9952,68.5706,78.3664,78.3664,0.21856086079354403,0.0,0.0,1.0,1.0
2024-02-22,300961,4.965517241379325,99.3929,95.1487,69.5751,79.5143,79.5143,0.21828103683492492,0.0,0.0,1.0,1.0
2024-02-22,300963,3.6363636363636154,72.1302,71.9899,50.4912,57.7042,57.7042,0.2857142857142858,0.0,0.0,1.0,1.0
2024-02-22,300967,4.0000000000000036,81.3466,81.6214,56.9426,65.0773,65.0773,0.1727941176470588,0.0,0.0,0.8639705882352939,1.0
2024-02-22,300968,3.4005037783375602,66.9426,69.2978,46.8598,53.5541,53.5541,0.21281464530892447,0.0,0.0,1.0,1.0
2024-02-22,300978,2.865916069600827,55.0221,60.3246,38.5155,44.0177,44.0177,0.18465430016863404,0.0,0.0,0.9232715008431702,1.0
2024-02-22,300981,1.5539305301645268,15.6181,26.9924,10.9327,12.4945,12.4945,0.27510460251046004,0.0,0.0,1.0,1.0
2024-02-22,300986,3.45679012345681,67.7152,70.2512,47.4007,54.1722,54.1722,0.19604743083003953,0.0,0.0,0.9802371541501976,1.0
2024-02-22,301007,3.237095363079634,63.3002,66.6123,44.3102,50.6402,50.6402,0.20139328689043692,0.0,0.0,1.0,1.0
2024-02-22,301013,4.4791666666666785,90.6733,88.5502,63.4713,72.5386,72.5386,0.19941986947063087,0.0,0.0,0.9970993473531543,1.0
2024-02-22,301027,2.682926829268295,50.0552,54.75,35.0386,40.0442,40.0442,0.2647058823529412,0.0,0.0,1.0,1.0
2024-02-22,301028,3.407601572739183,67.2737,68.9686,47.0916,53.819,53.819,0.2425196850393701,0.0,0.0,1.0,1.0
2024-02-22,301048,1.1389521640091216,3.3664,16.5943,2.3565,2.6932,2.6932,0.30494037478705266,0.0,0.0,1.0,1.0
2024-02-22,301056,3.76266280752533,75.2208,74.8705,52.6545,60.1766,60.1766,0.26530612244897966,0.0,0.0,1.0,1.0
2024-02-22,301060,1.9668737060041241,27.5386,37.2768,19.277,22.0309,22.0309,0.2377049180327869,0.0,0.0,1.0,1.0
2024-02-22,301082,4.88245931283906,97.6269,93.4759,68.3389,78.1015,78.1015,0.23128119800332783,0.0,0.0,1.0,1.0
2024-02-22,301116,1.967213114754096,27.649,37.9933,19.3543,22.1192,22.1192,0.2062975027144409,0.0,0.0,1.0,1.0
2024-02-22,301120,2.030456852791862,29.8565,39.2813,20.8996,23.8852,23.8852,0.23019431988041864,0.0,0.0,1.0,1.0
2024-02-22,301126,3.6556603773584717,72.6821,73.4531,50.8775,58.1457,58.1457,0.2346298619824342,0.0,0.0,1.0,1.0
2024-02-22,301167,3.484320557491305,68.7638,69.5008,48.1347,55.011,55.011,0.27551020408163257,0.0,0.0,1.0,1.0
2024-02-22,301198,4.9935979513444195,99.6137,95.3111,69.7296,79.6909,79.6909,0.21899441340782122,0.0,0.0,1.0,1.0
2024-02-22,301558,2.8318584070796238,54.0287,54.0287,54.0287,54.0287,54.0287,,0.0,0.0,,0.0
2024-02-22,600689,2.9655990510083052,56.457,61.0856,39.5199,45.1656,45.1656,0.2039999999999999,0.0,0.0,1.0,1.0
2024-02-22,600697,1.639344262295106,18.4879,30.8065,12.9415,14.7903,14.7903,0.19918699186991842,0.0,0.0,0.9959349593495921,1.0
2024-02-22,600847,2.0289855072463725,29.7461,39.1719,20.8223,23.7969,23.7969,0.23125000000000007,0.0,0.0,1.0,1.0
2024-02-22,601022,1.5855039637599155,16.9426,29.31,11.8598,13.5541,13.5541,0.21220527045769771,0.0,0.0,1.0,1.0
2024-02-22,601065,1.0362694300518172,0.9382,17.7982,0.6567,0.7506,0.7506,0.14761904761904768,0.0,0.0,0.7380952380952384,1.0
2024-02-22,601133,2.0345879959308144,29.9669,39.6634,20.9768,23.9735,23.9735,0.2155059132720105,0.0,0.0,1.0,1.0
2024-02-22,601279,1.5283842794759694,14.2936,26.604,10.0055,11.4349,11.4349,0.2415458937198069,0.0,0.0,1.0,1.0
2024-02-22,603006,4.556074766355134,91.777,89.8548,64.2439,73.4216,73.4216,0.17834394904458595,0.0,0.0,0.8917197452229297,1.0
2024-02-22,603045,2.739726027397249,51.7108,56.7853,36.1976,41.3687,41.3687,0.22916666666666677,0.0,0.0,1.0,1.0
2024-02-22,603122,2.8526148969889142,54.6909,59.0193,38.2837,43.7528,43.7528,0.23667377398720665,0.0,0.0,1.0,1.0
2024-02-22,603213,2.7878787878787836,52.9249,57.5669,37.0475,42.34,42.34,0.23865300146412882,0.0,0.0,1.0,1.0
2024-02-22,603214,2.6246719160105014,48.1788,53.8454,33.7252,38.543,38.543,0.23488372093023255,0.0,0.0,1.0,1.0
2024-02-22,603219,3.8204393505252954,76.6556,76.3492,53.6589,61.3245,61.3245,0.24876604146100706,0.0,0.0,1.0,1.0
2024-02-22,603506,2.450980392156854,42.7704,49.5857,29.9393,34.2163,34.2163,0.23153409090909097,0.0,0.0,1.0,1.0
2024-02-22,603810,2.5227043390514625,45.1987,52.6609,31.6391,36.1589,36.1589,0.17490118577075092,0.0,0.0,0.8745059288537546,1.0
2024-02-22,603955,3.075489282385835,59.5475,64.7073,41.6832,47.638,47.638,0.14653156664068598,0.0,0.0,0.7326578332034298,1.0
2024-02-22,603978,1.4312977099236734,11.3135,23.9499,7.9194,9.0508,9.0508,0.255045871559633,0.0,0.0,1.0,1.0
2024-02-22,605069,3.7459283387622166,75.0,77.1788,52.5,60.0,60.0,0.1410601976639712,0.0,0.0,0.705300988319856,1.0
2024-02-22,605162,2.2617124394184174,36.6998,43.6567,25.6898,29.3598,29.3598,0.2851562500000001,0.0,0.0,1.0,1.0
2024-02-22,605180,4.76730987514189,95.9713,92.8909,67.1799,76.777,76.777,0.19430814524043175,0.0,0.0,0.9715407262021587,1.0
2024-02-22,605208,2.0900321543408262,32.1744,41.2419,22.5221,25.7395,25.7395,0.22488038277511974,0.0,0.0,1.0,1.0
2024-02-22,605488,4.519774011299438,91.4459,89.2212,64.0121,73.1567,73.1567,0.19677419354838707,0.0,0.0,0.9838709677419353,1.0
2024-02-22,605567,1.9955654101995401,28.6424,39.8461,20.0497,22.9139,22.9139,0.15338882282996416,0.0,0.0,0.7669441141498208,1.0
2024-02-22,605580,4.320987654320985,87.9139,84.5258,61.5397,70.3311,70.3311,0.29026845637583887,0.0,0.0,1.0,1.0
2024-02-23,000586,4.751131221719462,95.7243,90.1865,67.007,76.5795,76.5795,0.31964809384164217,0.0,0.0,1.0,1.0
2024-02-23,000668,1.0191082802547768,0.6539,13.7374,0.4577,0.5231,0.5231,0.33928571428571425,0.0,0.0,1.0,1.0
2024-02-23,000880,2.241594022415949,34.5573,40.5979,24.1901,27.6459,27.6459,0.3523985239852398,0.0,0.0,1.0,1.0
2024-02-23,001299,3.89845874886674,76.4085,77.4472,53.4859,61.1268,61.1268,0.18397827562797006,0.0,0.0,0.9198913781398502,1.0
2024-02-23,001318,1.033591731266159,1.0563,15.1258,0.7394,0.8451,0.8451,0.28596491228070153,0.0,0.0,1.0,1.0
2024-02-23,001366,3.3913840513290605,64.1348,67.1505,44.8944,51.3078,51.3078,0.20786516853932577,0.0,0.0,1.0,1.0
2024-02-23,002058,1.8000000000000016,22.0825,31.569,15.4577,17.666,17.666,0.30484988452655887,0.0,0.0,1.0,1.0
2024-02-23,002144,3.617269544924162,69.3662,69.3007,48.5563,55.493,55.493,0.3096153846153846,0.0,0.0,1.0,1.0
2024-02-23,002205,4.193138500635318,83.7525,82.1232,58.6268,67.002,67.002,0.243939393939394,0.0,0.0,1.0,1.0
2024-02-23,002209,4.986522911051217,99.4467,92.9424,69.6127,79.5573,79.5573,0.33074534161490665,0.0,0.0,1.0,1.0
2024-02-23,002722,2.6747195858498607,47.4346,51.0361,33.2042,37.9477,37.9477,0.34557823129251697,0.0,0.0,1.0,1.0
2024-02-23,002735,4.048140043763659,80.4326,78.9733,56.3028,64.3461,64.3461,0.268640350877193,0.0,0.0,1.0,1.0
2024-02-23,002778,1.1869436201780603,5.0805,18.3412,3.5563,4.0644,4.0644,0.28616024973985427,0.0,0.0,1.0,1.0
2024-02-23,002780,3.228869895536568,60.4125,63.871,42.2887,48.33,48.33,0.22294654498044322,0.0,0.0,1.0,1.0
2024-02-23,002806,3.5175879396984966,67.2032,68.5107,47.0423,53.7626,53.7626,0.26259378349410506,0.0,0.0,1.0,1.0
2024-02-23,002823,4.352678571428559,87.8773,84.137,61.5141,70.3018,70.3018,0.3082386363636365,0.0,0.0,1.0,1.0
2024-02-23,002826,3.2953105196451338,61.8209,63.4386,43.2746,49.4567,49.4567,0.3009079118028535,0.0,0.0,1.0,1.0
2024-02-23,002830,4.308617234468937,86.67,83.0057,60.669,69.336,69.336,0.31651376146789006,0.0,0.0,1.0,1.0
2024-02-23,002853,1.5401540154015514,14.3863,27.6193,10.0704,11.5091,11.5091,0.19448584202682562,0.0,0.0,0.9724292101341281,1.0
2024-02-23,002861,4.307334109429584,86.3682,84.4102,60.4577,69.0946,69.0946,0.23421774931381523,0.0,0.0,1.0,1.0
2024-02-23,002862,3.3942558746736573,64.2354,67.6247,44.9648,51.3883,51.3883,0.18818272095332667,0.0,0.0,0.9409136047666333,1.0
2024-02-23,002871,1.6766467065868484,18.4608,26.7089,12.9225,14.7686,14.7686,0.40298507462686556,0.0,0.0,1.0,1.0
2024-02-23,002875,3.520456707897246,67.4547,66.1835,47.2183,53.9638,53.9638,0.3890160183066362,0.0,0.0,1.0,1.0
2024-02-23,002900,3.49726775956285,66.7505,67.8918,46.7254,53.4004,53.4004,0.27542857142857136,0.0,0.0,1.0,1.0
2024-02-23,002921,3.0303030303030276,55.3823,58.0547,38.7676,44.3058,44.3058,0.3125572868927591,0.0,0.0,1.0,1.0
2024-02-23,002949,1.3461538461538414,8.2998,20.6155,5.8099,6.6398,6.6398,0.30121816168327786,0.0,0.0,1.0,1.0
2024-02-23,002972,4.708798017348204,95.1207,90.5073,66.5845,76.0966,76.0966,0.27946537059538273,0.0,0.0,1.0,1.0
2024-02-23,003025,4.448398576512469,89.4869,87.2682,62.6408,71.5895,71.5895,0.21606864274570972,0.0,0.0,1.0,1.0
2024-02-23,300243,3.698224852071008,71.6298,70.77,50.1408,57.3038,57.3038,0.32669322709163334,0.0,0.0,1.0,1.0
2024-02-23,300314,2.015775635407535,28.1187,34.8415,19.6831,22.495,22.495,0.3826714801444044,0.0,0.0,1.0,1.0
2024-02-23,300340,4.303797468354431,86.2676,84.1865,60.3873,69.0141,69.0141,0.24137931034482768,0.0,0.0,1.0,1.0
2024-02-23,300371,4.502369668246464,90.6942,88.4886,63.4859,72.5553,72.5553,0.2033368091762252,0.0,0.0,1.0,1.0
2024-02-23,300399,4.089979550102241,81.2374,79.8688,56.8662,64.9899,64.9899,0.25605536332179923,0.0,0.0,1.0,1.0
2024-02-23,300437,1.933404940923733,25.0,35.0,17.5,20.0,20.0,0.25,0.0,0.0,1.0,1.0
2024-02-23,300484,4.091456077015643,81.4386,79.6346,57.007,65.1509,65.1509,0.2758169934640524,0.0,0.0,1.0,1.0
2024-02-23,300515,3.4360189573459765,64.839,66.1421,45.3873,51.8712,51.8712,0.28645833333333315,0.0,0.0,1.0,1.0
2024-02-23,300561,4.570791527313256,92.2032,89.6622,64.5423,73.7626,73.7626,0.20502092050209217,0.0,0.0,1.0,1.0
2024-02-23,300562,3.358208955223896,63.2294,64.6345,44.2606,50.5835,50.5835,0.29745042492917834,0.0,0.0,1.0,1.0
2024-02-23,300588,4.816513761467878,96.831,92.4557,67.7817,77.4648,77.4648,0.25045372050816705,0.0,0.0,1.0,1.0
2024-02-23,300611,4.187817258883264,83.2495,80.5013,58.2746,66.5996,66.5996,0.30491329479768786,0.0,0.0,1.0,1.0
2024-02-23,300649,4.19642857142859,83.8531,83.6148,58.6972,67.0825,67.0825,0.17338513841670705,0.0,0.0,0.8669256920835352,1.0
2024-02-23,300665,4.6822742474916135,94.4165,89.1427,66.0915,75.5332,75.5332,0.31952662721893504,0.0,0.0,1.0,1.0
2024-02-23,300675,3.41959334565618,64.7384,65.5984,45.3169,51.7907,51.7907,0.3096153846153847,0.0,0.0,1.0,1.0
2024-02-23,300700,4.450261780104703,89.5875,86.8172,62.7113,71.67,71.67,0.24264120922832144,0.0,0.0,1.0,1.0
2024-02-23,300719,2.886597938144342,52.8672,56.5478,37.007,42.2938,42.2938,0.28729963008631304,0.0,0.0,1.0,1.0
2024-02-23,300774,3.8659793814433074,75.4024,76.1532,52.7817,60.3219,60.3219,0.2084367245657568,0.0,0.0,1.0,1.0
2024-02-23,300817,4.192685102586968,83.5513,79.9909,58.4859,66.841,66.841,0.34250764525993893,0.0,0.0,1.0,1.0
2024-02-23,300849,2.768166089965396,50.0503,46.3884,35.0352,40.0402,40.0402,0.6825938566552903,0.0,0.0,0.6348122866894195,1.0
2024-02-23,300871,4.334677419354849,87.3742,84.8001,61.162,69.8994,69.8994,0.2549668874172184,0.0,0.0,1.0,1.0
2024-02-23,300884,4.207436399217235,84.2555,80.1772,58.9789,67.4044,67.4044,0.36136363636363644,0.0,0.0,1.0,1.0
2024-02-23,300922,4.0000000000000036,79.326,77.5936,55.5282,63.4608,63.4608,0.2933597621407334,0.0,0.0,1.0,1.0
2024-02-23,300929,4.039167686658529,80.0302,77.5946,56.0211,64.0241,64.0241,0.32147742818057434,0.0,0.0,1.0,1.0
2024-02-23,300932,4.980468749999978,99.3461,93.8277,69.5423,79.4769,79.4769,0.28246013667425984,0.0,0.0,1.0,1.0
2024-02-23,300943,2.5536261491317713,43.7123,47.5471,30.5986,34.9698,34.9698,0.3711340206185566,0.0,0.0,1.0,1.0
2024-02-23,300948,4.462474645030423,89.7887,88.2941,62.8521,71.831,71.831,0.17684478371501272,0.0,0.0,0.8842239185750635,1.0
2024-02-23,300950,3.260869565217406,61.4185,64.0509,42.993,49.1348,49.1348,0.25419463087248323,0.0,0.0,1.0,1.0
2024-02-23,300967,4.75113122171944,95.6237,92.4181,66.9366,76.499,76.499,0.2040441176470589,0.0,0.0,1.0,1.0
2024-02-23,300978,4.278606965174125,85.9658,84.6074,60.1761,68.7726,68.7726,0.2082630691399663,0.0,0.0,1.0,1.0
2024-02-23,300981,3.7803780378037777,73.6922,73.096,51.5845,58.9537,58.9537,0.29288702928870275,0.0,0.0,1.0,1.0
2024-02-23,301013,4.685942173479574,94.5674,91.0419,66.1972,75.6539,75.6539,0.23060188542422044,0.0,0.0,1.0,1.0
2024-02-23,301028,4.1825095057034245,83.1489,80.8498,58.2042,66.5191,66.5191,0.2834645669291338,0.0,0.0,1.0,1.0
2024-02-23,301048,1.0135135135135087,0.4527,13.6481,0.3169,0.3622,0.3622,0.33570159857904097,0.0,0.0,1.0,1.0
2024-02-23,301056,4.881450488145034,97.5352,91.8377,68.2746,78.0282,78.0282,0.30952380952380953,0.0,0.0,1.0,1.0
2024-02-23,301060,2.131979695431485,31.7404,40.2489,22.2183,25.3924,25.3924,0.25717213114754084,0.0,0.0,1.0,1.0
2024-02-23,301116,3.7513397642015,72.9879,73.8735,51.0915,58.3903,58.3903,0.22584147665580892,0.0,0.0,1.0,1.0
2024-02-23,301120,4.353233830845782,87.9779,85.3001,61.5845,70.3823,70.3823,0.2541106128550074,0.0,0.0,1.0,1.0
2024-02-23,301136,3.93873085339167,77.2133,78.7455,54.0493,61.7706,61.7706,0.1512549537648613,0.0,0.0,0.7562747688243066,1.0
2024-02-23,301149,4.526748971193406,91.2978,85.2506,63.9085,73.0382,73.0382,0.3893805309734514,0.0,0.0,1.0,1.0
2024-02-23,301228,3.923444976076551,77.0121,78.6131,53.9085,61.6097,61.6097,0.14983022071307298,0.0,0.0,0.7491511035653649,1.0
2024-02-23,301332,3.7181996086105507,72.4849,71.4254,50.7394,57.9879,57.9879,0.32812500000000017,0.0,0.0,1.0,1.0
2024-02-23,600272,1.9507186858316317,25.503,35.567,17.8521,20.4024,20.4024,0.24177071509648113,0.0,0.0,1.0,1.0
2024-02-23,600506,1.078431372549038,2.0624,16.5116,1.4437,1.6499,1.6499,0.25691699604743073,0.0,0.0,1.0,1.0
2024-02-23,600615,1.0593220338983134,1.3581,14.2389,0.9507,1.0865,1.0865,0.34238310708898934,0.0,0.0,1.0,1.0
2024-02-23,600689,3.456221198156695,65.2414,67.4465,45.669,52.1932,52.1932,0.23733333333333326,0.0,0.0,1.0,1.0
2024-02-23,600697,2.941176470588225,53.5714,58.4127,37.5,42.8571,42.8571,0.22222222222222213,0.0,0.0,1.0,1.0
2024-02-23,601022,1.4492753623188248,11.4185,24.5024,7.993,9.1348,9.1348,0.2316227461858532,0.0,0.0,1.0,1.0
2024-02-23,601065,1.1282051282051064,3.5714,19.7143,2.5,2.8571,2.8571,0.15714285714285725,0.0,0.0,0.7857142857142863,1.0
2024-02-23,601133,2.5922233300099684,44.7183,50.9389,31.3028,35.7746,35.7746,0.24178712220762155,0.0,0.0,1.0,1.0
2024-02-23,601279,3.2258064516129004,60.161,62.9597,42.1127,48.1288,48.1288,0.25845410628019333,0.0,0.0,1.0,1.0
2024-02-23,603042,4.089581304771173,81.1368,80.3676,56.7958,64.9095,64.9095,0.22709163346613545,0.0,0.0,1.0,1.0
2024-02-23,603045,4.476190476190478,89.9899,86.7946,62.993,71.992,71.992,0.25986842105263164,0.0,0.0,1.0,1.0
2024-02-23,603213,2.240566037735836,34.3561,42.0384,24.0493,27.4849,27.4849,0.27232796486090777,0.0,0.0,1.0,1.0
2024-02-23,603219,2.2079116835326484,33.3501,40.915,23.3451,26.6801,26.6801,0.2882527147087858,0.0,0.0,1.0,1.0
2024-02-23,603269,1.9512195121951237,25.7042,34.3827,17.993,20.5634,20.5634,0.30903490759753577,0.0,0.0,1.0,1.0
2024-02-23,603679,3.7074148296593057,71.8813,72.0939,50.3169,57.505,57.505,0.2705570291777189,0.0,0.0,1.0,1.0
2024-02-23,603726,3.669724770642202,70.9759,71.8272,49.6831,56.7807,56.7807,0.24767540152155537,0.0,0.0,1.0,1.0
2024-02-23,603810,3.8385826771653697,75.1006,76.0884,52.5704,60.0805,60.0805,0.19960474308300388,0.0,0.0,0.9980237154150193,1.0
2024-02-23,603829,4.328621908127217,87.173,84.133,61.0211,69.7384,69.7384,0.2802690582959641,0.0,0.0,1.0,1.0
2024-02-23,603978,2.7281279397930236,48.9437,53.7788,34.2606,39.1549,39.1549,0.26880733944954127,0.0,0.0,1.0,1.0
2024-02-23,605069,2.8257456828885363,51.4588,57.9325,36.0211,41.167,41.167,0.16172506738544473,0.0,0.0,0.8086253369272236,1.0
2024-02-23,605180,4.008667388949072,79.7284,79.0722,55.8099,63.7827,63.7827,0.23552502453385674,0.0,0.0,1.0,1.0
2024-02-23,605208,4.7244094488189115,95.3219,91.3453,66.7254,76.2575,76.2575,0.2456140350877193,0.0,0.0,1.0,1.0
2024-02-23,605268,2.0942408376963373,30.6338,40.2825,21.4437,24.507,24.507,0.21122599704579023,0.0,0.0,1.0,1.0
2024-02-23,605567,1.0869565217391575,2.2636,18.315,1.5845,1.8109,1.8109,0.17479191438763353,0.0,0.0,0.8739595719381676,1.0
2024-02-26,000668,1.134930643127352,3.4341,15.7711,2.4038,2.7473,2.7473,0.34880952380952374,0.0,0.0,1.0,1.0
2024-02-26,000880,3.897685749086466,76.3278,73.3501,53.4295,61.0623,61.0623,0.3856088560885611,0.0,0.0,1.0,1.0
2024-02-26,001366,1.6843971631205656,18.1777,29.7909,12.7244,14.5421,14.5421,0.23756019261637237,0.0,0.0,1.0,1.0
2024-02-26,002058,1.3752455795677854,8.837,20.5569,6.1859,7.0696,7.0696,0.3256351039260969,0.0,0.0,1.0,1.0
2024-02-26,002144,1.8018018018017834,21.5659,29.8681,15.0962,17.2527,17.2527,0.3692307692307694,0.0,0.0,1.0,1.0
2024-02-26,002209,3.59435173299103,68.7271,67.2177,48.109,54.9817,54.9817,0.38819875776397506,0.0,0.0,1.0,1.0
2024-02-26,002633,4.483695652173925,90.3388,85.3469,63.2372,72.2711,72.2711,0.3462068965517242,0.0,0.0,1.0,1.0
2024-02-26,002735,4.837013669821233,97.1154,91.5081,67.9808,77.6923,77.6923,0.3092105263157894,0.0,0.0,1.0,1.0
2024-02-26,002778,4.3010752688172005,86.4011,83.1479,60.4808,69.1209,69.1209,0.2986472424557753,0.0,0.0,1.0,1.0
2024-02-26,002806,4.247572815533984,85.119,82.2431,59.5833,68.0952,68.0952,0.29260450160771706,0.0,0.0,1.0,1.0
2024-02-26,002809,1.6169154228855787,15.8883,25.3381,11.1218,12.7106,12.7106,0.36862745098039207,0.0,0.0,1.0,1.0
2024-02-26,002823,3.743315508021383,72.6648,70.8591,50.8654,58.1319,58.1319,0.3636363636363636,0.0,0.0,1.0,1.0
2024-02-26,002826,1.9631901840490684,25.5952,33.7836,17.9167,20.4762,20.4762,0.3346303501945527,0.0,0.0,1.0,1.0
2024-02-26,002830,4.130643611911622,82.0971,78.3611,57.4679,65.6777,65.6777,0.36582568807339455,0.0,0.0,1.0,1.0
2024-02-26,002857,3.062117235345574,55.6777,58.1459,38.9744,44.5421,44.5421,0.31981279251170047,0.0,0.0,1.0,1.0
2024-02-26,002861,4.575892857142838,92.4451,88.5947,64.7115,73.956,73.956,0.26806953339432765,0.0,0.0,1.0,1.0
2024-02-26,002890,3.1551270815074695,57.9212,59.5903,40.5449,46.337,46.337,0.3373362445414846,0.0,0.0,1.0,1.0
2024-02-26,002900,3.9070749736008326,77.0604,75.4084,53.9423,61.6484,61.6484,0.312,0.0,0.0,1.0,1.0
2024-02-26,002910,2.207792207792214,32.6465,39.3425,22.8526,26.1172,26.1172,0.3387358184764992,0.0,0.0,1.0,1.0
2024-02-26,002949,3.4155597722960174,64.4231,65.204,45.0962,51.5385,51.5385,0.31672203765227,0.0,0.0,1.0,1.0
2024-02-26,002963,3.0219780219780334,54.1209,56.5946,37.8846,43.2967,43.2967,0.3351063829787233,0.0,0.0,1.0,1.0
2024-02-26,002972,3.905325443786989,76.7857,74.9158,53.75,61.4286,61.4286,0.32563791008505466,0.0,0.0,1.0,1.0
2024-02-26,003003,3.199052132701441,58.837,59.6008,41.1859,47.0696,47.0696,0.3734375000000001,0.0,0.0,1.0,1.0
2024-02-26,003018,3.3376123234916566,62.4084,62.4222,43.6859,49.9267,49.9267,0.37522768670309636,0.0,0.0,1.0,1.0
2024-02-26,300069,3.510436432637576,66.8956,65.1709,46.8269,53.5165,53.5165,0.41727941176470584,0.0,0.0,1.0,1.0
2024-02-26,300243,4.279600570613407,86.1264,81.3712,60.2885,68.9011,68.9011,0.37649402390438236,0.0,0.0,1.0,1.0
2024-02-26,300314,2.6632302405498187,45.8333,48.4597,32.0833,36.6667,36.6667,0.41034897713598073,0.0,0.0,1.0,1.0
2024-02-26,300340,3.033980582524265,54.6245,58.0904,38.2372,43.6996,43.6996,0.2804597701149426,0.0,0.0,1.0,1.0
2024-02-26,300371,4.648526077097492,93.8187,90.1957,65.6731,75.0549,75.0549,0.24296141814390002,0.0,0.0,1.0,1.0
2024-02-26,300399,1.6699410609037235,17.4451,28.1429,12.2115,13.956,13.956,0.2906574394463667,0.0,0.0,1.0,1.0
2024-02-26,300417,3.827160493827164,74.8626,72.2603,52.4038,59.8901,59.8901,0.38148984198645597,0.0,0.0,1.0,1.0
2024-02-26,300437,2.3182297154900056,36.3095,43.6862,25.4167,29.0476,29.0476,0.26807228915662645,0.0,0.0,1.0,1.0
2024-02-26,300484,4.739884393063565,95.2839,89.8219,66.6987,76.2271,76.2271,0.32026143790849687,0.0,0.0,1.0,1.0
2024-02-26,300500,1.3292433537832382,7.6465,20.5936,5.3526,6.1172,6.1172,0.27618243243243235,0.0,0.0,1.0,1.0
2024-02-26,300501,1.5410958904109373,13.6905,22.6795,9.5833,10.9524,10.9524,0.4136429608127722,0.0,0.0,1.0,1.0
2024-02-26,300515,4.3528064146620915,87.9579,83.8819,61.5705,70.3663,70.3663,0.32421875,0.0,0.0,1.0,1.0
2024-02-26,300517,2.833530106257376,50.4121,54.2025,35.2885,40.3297,40.3297,0.3063583815028902,0.0,0.0,1.0,1.0
2024-02-26,300539,4.362801377726733,88.141,84.9855,61.6987,70.5128,70.5128,0.27636363636363637,0.0,0.0,1.0,1.0
2024-02-26,300562,4.211793020457266,84.3864,80.7953,59.0705,67.5092,67.5092,0.3356940509915015,0.0,0.0,1.0,1.0
2024-02-26,300563,2.253032928942811,34.2033,40.2116,23.9423,27.3626,27.3626,0.3575525812619502,0.0,0.0,1.0,1.0
2024-02-26,300605,1.0091743119265972,0.2289,11.9173,0.1603,0.1832,0.1832,0.41329179646936653,0.0,0.0,1.0,1.0
2024-02-26,300610,3.473053892215572,65.7051,64.8852,45.9936,52.5641,52.5641,0.38394415357766115,0.0,0.0,1.0,1.0
2024-02-26,300611,2.5578562728379994,42.8114,47.1971,29.9679,34.2491,34.2491,0.35260115606936426,0.0,0.0,1.0,1.0
2024-02-26,300626,2.1337126600284417,31.0897,37.3824,21.7628,24.8718,24.8718,0.374468085106383,0.0,0.0,1.0,1.0
2024-02-26,300650,3.645833333333326,70.0092,70.578,49.0064,56.0073,56.0073,0.2714657415437988,0.0,0.0,1.0,1.0
2024-02-26,300665,2.396166134185318,38.3242,43.1643,26.8269,30.6593,30.6593,0.37475345167652846,0.0,0.0,1.0,1.0
2024-02-26,300675,1.251117068811447,5.9982,17.8947,4.1987,4.7985,4.7985,0.3451923076923077,0.0,0.0,1.0,1.0
2024-02-26,300719,3.8076152304609145,74.2216,72.9408,51.9551,59.3773,59.3773,0.32182490752157833,0.0,0.0,1.0,1.0
2024-02-26,300721,1.86092066601371,22.4817,32.5435,15.7372,17.9853,17.9853,0.27209302325581397,0.0,0.0,1.0,1.0
2024-02-26,300743,1.2357414448669335,5.7234,17.306,4.0064,4.5788,4.5788,0.36363636363636354,0.0,0.0,1.0,1.0
2024-02-26,300749,3.5937499999999956,68.6355,69.5636,48.0449,54.9084,54.9084,0.26724137931034486,0.0,0.0,1.0,1.0
2024-02-26,300771,2.634730538922181,44.7344,47.9827,31.3141,35.7875,35.7875,0.3902439024390241,0.0,0.0,1.0,1.0
2024-02-26,300774,3.722084367245637,72.3901,72.9989,50.6731,57.9121,57.9121,0.2456575682382134,0.0,0.0,1.0,1.0
2024-02-26,300819,3.3129904097646046,61.9505,62.3911,43.3654,49.5604,49.5604,0.35846867749419953,0.0,0.0,1.0,1.0
2024-02-26,300828,4.1516245487364545,82.4634,79.538,57.7244,65.9707,65.9707,0.3216360896392834,0.0,0.0,1.0,1.0
2024-02-26,300871,2.801932367149762,49.8626,53.8415,34.9038,39.8901,39.8901,0.30242825607064017,0.0,0.0,1.0,1.0
2024-02-26,300929,3.0588235294117583,55.4487,57.0266,38.8141,44.359,44.359,0.36662106703146374,0.0,0.0,1.0,1.0
2024-02-26,300932,3.4418604651162754,64.7894,65.0206,45.3526,51.8315,51.8315,0.34054669703872437,0.0,0.0,1.0,1.0
2024-02-26,300948,2.5242718446601975,41.8956,49.4198,29.3269,33.5165,33.5165,0.2048346055979644,0.0,0.0,1.0,1.0
2024-02-26,300956,2.7753686036426695,48.8553,52.9645,34.1987,39.0842,39.0842,0.3059852051109616,0.0,0.0,1.0,1.0
2024-02-26,300961,2.850061957868655,50.9615,54.1662,35.6731,40.7692,40.7692,0.330150068212824,0.0,0.0,1.0,1.0
2024-02-26,300963,2.087682672233826,29.6245,35.7568,20.7372,23.6996,23.6996,0.397142857142857,0.0,0.0,1.0,1.0
2024-02-26,300967,3.455723542116651,65.0641,67.1983,45.5449,52.0513,52.0513,0.24264705882352935,0.0,0.0,1.0,1.0
2024-02-26,300968,3.0127462340671984,53.8004,57.2051,37.6603,43.0403,43.0403,0.2917620137299773,0.0,0.0,1.0,1.0
2024-02-26,300978,1.9083969465648831,23.7637,34.1206,16.6346,19.011,19.011,0.24451939291736927,0.0,0.0,1.0,1.0
2024-02-26,300981,1.8213356461405095,21.8407,30.7361,15.2885,17.4725,17.4725,0.33682008368200816,0.0,0.0,1.0,1.0
2024-02-26,300994,3.4034034034033933,63.9652,64.5439,44.7756,51.1722,51.1722,0.3314154200230151,0.0,0.0,1.0,1.0
2024-02-26,301009,2.130177514792919,30.815,39.4958,21.5705,24.652,24.652,0.2578124999999998,0.0,0.0,1.0,1.0
2024-02-26,301013,4.095238095238085,81.3645,79.7979,56.9551,65.0916,65.0916,0.2646845540246556,0.0,0.0,1.0,1.0
2024-02-26,301027,4.842342342342332,97.3901,91.1365,68.1731,77.9121,77.9121,0.33877995642701547,0.0,0.0,1.0,1.0
2024-02-26,301028,4.5012165450121655,90.7051,85.8554,63.4936,72.5641,72.5641,0.3354330708661418,0.0,0.0,1.0,1.0
2024-02-26,301032,4.964539007092217,99.13,93.1544,69.391,79.304,79.304,0.30747922437673114,0.0,0.0,1.0,1.0
2024-02-26,301048,1.3377926421404451,7.7381,19.1567,5.4167,6.1905,6.1905,0.3516873889875667,0.0,0.0,1.0,1.0
2024-02-26,301056,3.7234042553191626,72.5733,70.6777,50.8013,58.0586,58.0586,0.36904761904761885,0.0,0.0,1.0,1.0
2024-02-26,301060,1.6898608349900535,18.2692,29.0416,12.7885,14.6154,14.6154,0.278688524590164,0.0,0.0,1.0,1.0
2024-02-26,301066,1.6815034619188873,17.9945,28.95,12.5962,14.3956,14.3956,0.27228127555192133,0.0,0.0,1.0,1.0
2024-02-26,301098,2.0142180094786744,27.3352,34.938,19.1346,21.8681,21.8681,0.34650856389986806,0.0,0.0,1.0,1.0
2024-02-26,301116,1.7561983471074516,20.1923,30.877,14.1346,16.1538,16.1538,0.263843648208469,0.0,0.0,1.0,1.0
2024-02-26,301120,4.171632896305133,82.9212,80.2084,58.0449,66.337,66.337,0.30642750373692085,0.0,0.0,1.0,1.0
2024-02-26,301126,1.7316017316017396,19.6429,29.1145,13.75,15.7143,15.7143,0.32998745294855714,0.0,0.0,1.0,1.0
2024-02-26,301136,2.210526315789485,32.9212,42.8363,23.0449,26.337,26.337,0.17503302509907528,0.0,0.0,0.8751651254953764,1.0
2024-02-26,301176,2.935943060498225,52.5183,54.8837,36.7628,42.0147,42.0147,0.35654596100278546,0.0,0.0,1.0,1.0
2024-02-26,301198,2.7554535017221493,48.3974,52.3269,33.8782,38.7179,38.7179,0.3195530726256983,0.0,0.0,1.0,1.0
2024-02-26,301228,3.406998158379393,64.2399,68.0473,44.9679,51.3919,51.3919,0.16723259762308995,0.0,0.0,0.8361629881154498,1.0
2024-02-26,301256,1.5082956259426794,12.2253,24.3257,8.5577,9.7802,9.7802,0.2727272727272726,0.0,0.0,1.0,1.0
2024-02-26,600506,3.3947623666343407,63.7821,65.7134,44.6474,51.0256,51.0256,0.26561264822134384,0.0,0.0,1.0,1.0
2024-02-26,600615,2.2012578616352307,32.2802,38.6749,22.5962,25.8242,25.8242,0.3574660633484162,0.0,0.0,1.0,1.0
2024-02-26,600768,1.057579318448898,1.3278,12.4908,0.9295,1.0623,1.0623,0.42857142857142855,0.0,0.0,1.0,1.0
2024-02-26,600793,2.3026315789473673,35.7601,42.7489,25.0321,28.6081,28.6081,0.2929577464788731,0.0,0.0,1.0,1.0
2024-02-26,600847,2.9569892473118253,52.7015,56.1862,36.891,42.1612,42.1612,0.29875000000000007,0.0,0.0,1.0,1.0
2024-02-26,601133,1.6520894071914816,17.0788,28.1439,11.9551,13.663,13.663,0.2759526938239158,0.0,0.0,1.0,1.0
2024-02-26,601279,2.083333333333326,29.533,37.7327,20.6731,23.6264,23.6264,0.29468599033816434,0.0,0.0,1.0,1.0
2024-02-26,603006,1.693121693121702,18.4524,29.5754,12.9167,14.7619,14.7619,0.25932666060054577,0.0,0.0,1.0,1.0
2024-02-26,603042,2.8999064546304965,52.0604,56.5488,36.4423,41.6484,41.6484,0.2549800796812749,0.0,0.0,1.0,1.0
2024-02-26,603045,3.281677301731989,60.9432,62.5265,42.6603,48.7546,48.7546,0.31140350877192996,0.0,0.0,1.0,1.0
2024-02-26,603065,1.5137180700094621,12.5,25.4041,8.75,10.0,10.0,0.2297955209347614,0.0,0.0,1.0,1.0
2024-02-26,603079,4.162330905306977,82.6465,80.4834,57.8526,66.1172,66.1172,0.28169014084507044,0.0,0.0,1.0,1.0
2024-02-26,603122,1.2232415902140747,5.4487,17.7742,3.8141,4.359,4.359,0.3292383292383293,0.0,0.0,1.0,1.0
2024-02-26,603213,1.6147635524798254,15.7967,26.6344,11.0577,12.6374,12.6374,0.3001464128843338,0.0,0.0,1.0,1.0
2024-02-26,603219,4.770477047704791,96.1081,90.6476,67.2756,76.8864,76.8864,0.31194471865745305,0.0,0.0,1.0,1.0
2024-02-26,603320,3.1468531468531458,57.6465,58.7845,40.3526,46.1172,46.1172,0.3666361136571952,0.0,0.0,1.0,1.0
2024-02-26,603506,2.459016393442637,39.881,46.1945,27.9167,31.9048,31.9048,0.2855113636363634,0.0,0.0,1.0,1.0
2024-02-26,603657,2.6851851851851682,46.5659,50.7754,32.5962,37.2527,37.2527,0.32386961093585703,0.0,0.0,1.0,1.0
2024-02-26,603726,3.2743362831858303,60.8516,63.0516,42.5962,48.6813,48.6813,0.2814877430262046,0.0,0.0,1.0,1.0
2024-02-26,603759,1.4970059880239583,12.0421,23.2629,8.4295,9.6337,9.6337,0.31853785900783305,0.0,0.0,1.0,1.0
2024-02-26,603810,1.0426540284360186,1.2363,16.2262,0.8654,0.989,0.989,0.23814229249011856,0.0,0.0,1.0,1.0
2024-02-26,603955,1.6183986371379966,16.0714,28.3521,11.25,12.8571,12.8571,0.22525331254871395,0.0,0.0,1.0,1.0
2024-02-26,603978,4.761904761904767,95.8333,90.7584,67.0833,76.6667,76.6667,0.29541284403669715,0.0,0.0,1.0,1.0
2024-02-26,605069,4.274809160305337,85.7601,85.0501,60.0321,68.6081,68.6081,0.17789757412398918,0.0,0.0,0.8894878706199458,1.0
2024-02-26,605162,3.1531531531531654,57.8297,58.7247,40.4808,46.2637,46.2637,0.37695312500000006,0.0,0.0,1.0,1.0
2024-02-26,605169,2.6221692491060766,44.3681,47.9901,31.0577,35.4945,35.4945,0.37522123893805315,0.0,0.0,1.0,1.0
2024-02-26,605180,2.9166666666666785,52.152,56.2849,36.5064,41.7216,41.7216,0.2718351324828263,0.0,0.0,1.0,1.0
2024-02-26,605208,3.609022556390973,69.185,69.4788,48.4295,55.348,55.348,0.29346092503987264,0.0,0.0,1.0,1.0
2024-02-26,605303,2.539298669891177,42.2619,48.3648,29.5833,33.8095,33.8095,0.27223427331887196,0.0,0.0,1.0,1.0
2024-02-26,605567,1.2903225806451646,6.8681,21.7609,4.8077,5.4945,5.4945,0.18668252080856126,0.0,0.0,0.9334126040428062,1.0
2024-02-26,605580,3.3410138248848087,62.5,62.2483,43.75,50.0,50.0,0.38758389261744963,0.0,0.0,1.0,1.0
2024-02-27,000880,1.7584994138335475,20.0919,27.1805,14.0643,16.0735,16.0735,0.44464944649446486,0.0,0.0,1.0,1.0
2024-02-27,000929,4.360056258790435,88.5129,82.7893,61.9591,70.8104,70.8104,0.40105078809106837,0.0,0.0,1.0,1.0
2024-02-27,001217,2.6717557251908497,45.5723,52.2962,31.9006,36.4578,36.4578,0.20808254514187435,0.0,0.0,1.0,1.0
2024-02-27,001299,3.902862098872517,76.9006,76.9511,53.8304,61.5205,61.5205,0.22846975088967952,0.0,0.0,1.0,1.0
2024-02-27,001318,1.610169491525415,15.0794,25.6775,10.5556,12.0635,12.0635,0.31929824561403514,0.0,0.0,1.0,1.0
2024-02-27,001322,1.6831683168316847,17.8363,29.4019,12.4854,14.269,14.269,0.24335378323108378,0.0,0.0,1.0,1.0
2024-02-27,001366,3.3129904097646046,61.9883,64.5345,43.3918,49.5906,49.5906,0.2528089887640449,0.0,0.0,1.0,1.0
2024-02-27,002058,2.6162790697674465,43.5673,48.0178,30.4971,34.8538,34.8538,0.3418013856812933,0.0,0.0,1.0,1.0
2024-02-27,002144,2.3230088495575174,35.9649,40.7719,25.1754,28.7719,28.7719,0.39999999999999974,0.0,0.0,1.0,1.0
2024-02-27,002205,2.539298669891177,41.5205,47.1255,29.0643,33.2164,33.2164,0.3045454545454545,0.0,0.0,1.0,1.0
2024-02-27,002209,4.708798017348181,95.1128,87.4567,66.5789,76.0902,76.0902,0.43167701863354035,0.0,0.0,1.0,1.0
2024-02-27,002778,1.5932521087160145,14.8287,24.9743,10.3801,11.863,11.863,0.34443288241415193,0.0,0.0,1.0,1.0
2024-02-27,002805,2.7192982456140324,46.9925,51.9715,32.8947,37.594,37.594,0.281124497991968,0.0,0.0,1.0,1.0
2024-02-27,002823,2.886597938144342,51.6291,53.0362,36.1404,41.3033,41.3033,0.4133522727272725,0.0,0.0,1.0,1.0
2024-02-27,002826,2.166064981949445,31.203,37.8548,21.8421,24.9624,24.9624,0.3553826199740598,0.0,0.0,1.0,1.0
2024-02-27,002828,3.667481662591676,71.4703,72.7515,50.0292,57.1763,57.1763,0.2212389380530974,0.0,0.0,1.0,1.0
2024-02-27,002830,3.597785977859802,69.4653,67.2695,48.6257,55.5723,55.5723,0.415137614678899,0.0,0.0,1.0,1.0
2024-02-27,002853,2.7085590465872222,46.7419,53.2951,32.7193,37.3935,37.3935,0.20491803278688525,0.0,0.0,1.0,1.0
2024-02-27,002861,3.415154749199578,64.6199,65.5843,45.2339,51.6959,51.6959,0.3055809698078682,0.0,0.0,1.0,1.0
2024-02-27,002871,2.820211515863713,50.0,51.4096,35.0,40.0,40.0,0.429519071310116,0.0,0.0,1.0,1.0
2024-02-27,002900,2.5406504065040636,41.7293,46.2977,29.2105,33.3835,33.3835,0.35428571428571426,0.0,0.0,1.0,1.0
2024-02-27,002949,2.6605504587155826,45.1546,48.9919,31.6082,36.1236,36.1236,0.3565891472868216,0.0,0.0,1.0,1.0
2024-02-27,002972,4.10022779043282,81.9967,78.2826,57.3977,65.5973,65.5973,0.36573511543134873,0.0,0.0,1.0,1.0
2024-02-27,003003,1.9517795637198798,24.6032,31.37,17.2222,19.6825,19.6825,0.4156250000000002,0.0,0.0,1.0,1.0
2024-02-27,300243,2.051983584131345,28.0284,33.6976,19.6199,22.4227,22.4227,0.43625498007968105,0.0,0.0,1.0,1.0
2024-02-27,300306,3.954214360041619,78.3208,72.6402,54.8246,62.6566,62.6566,0.5008210180623974,0.0,0.0,0.9983579638752051,1.0
2024-02-27,300340,3.415783274440498,64.787,65.6457,45.3509,51.8296,51.8296,0.3091954022988506,0.0,0.0,1.0,1.0
2024-02-27,300371,2.8169014084507005,49.9165,54.2189,34.9415,39.9332,39.9332,0.2857142857142858,0.0,0.0,1.0,1.0
2024-02-27,300399,3.3816425120773097,63.2832,64.5193,44.2982,50.6266,50.6266,0.30536332179930786,0.0,0.0,1.0,1.0
2024-02-27,300417,3.567181926278251,68.9641,66.8417,48.2749,55.1713,55.1713,0.4164785553047404,0.0,0.0,1.0,1.0
2024-02-27,300437,2.883625128733258,51.5038,55.3998,36.0526,41.203,41.203,0.2901606425702812,0.0,0.0,1.0,1.0
2024-02-27,300478,1.5000000000000124,11.4035,21.1641,7.9825,9.1228,9.1228,0.3979357798165138,0.0,0.0,1.0,1.0
2024-02-27,300484,3.2008830022075108,58.939,59.6741,41.2573,47.1512,47.1512,0.3738562091503268,0.0,0.0,1.0,1.0
2024-02-27,300500,3.4308779011099855,65.0376,66.2868,45.5263,52.0301,52.0301,0.2871621621621621,0.0,0.0,1.0,1.0
2024-02-27,300515,1.7563117453347932,19.8413,28.3991,13.8889,15.873,15.873,0.3736979166666667,0.0,0.0,1.0,1.0
2024-02-27,300521,2.0812685827552135,28.9474,34.6121,20.2632,23.1579,23.1579,0.4272908366533865,0.0,0.0,1.0,1.0
2024-02-27,300539,4.400440044004417,89.0142,84.9932,62.3099,71.2114,71.2114,0.3109090909090908,0.0,0.0,1.0,1.0
2024-02-27,300561,4.872881355932224,97.7861,93.3419,68.4503,78.2289,78.2289,0.2443514644351464,0.0,0.0,1.0,1.0
2024-02-27,300562,3.23325635103926,59.858,60.181,41.9006,47.8864,47.8864,0.38526912181303113,0.0,0.0,1.0,1.0
2024-02-27,300564,1.6145307769929174,15.2464,23.2695,10.6725,12.1972,12.1972,0.4463840399002495,0.0,0.0,1.0,1.0
2024-02-27,300565,4.217926186291732,84.9206,80.7685,59.4444,67.9365,67.9365,0.3583984375000001,0.0,0.0,1.0,1.0
2024-02-27,300605,2.7247956403269713,47.2431,49.3002,33.0702,37.7945,37.7945,0.42471443406022835,0.0,0.0,1.0,1.0
2024-02-27,300621,2.7283511269276417,47.4937,49.4691,33.2456,37.995,37.995,0.42629482071713143,0.0,0.0,1.0,1.0
2024-02-27,300626,4.596100278551529,93.1078,86.5713,65.1754,74.4862,74.4862,0.3957446808510638,0.0,0.0,1.0,1.0
2024-02-27,300635,2.5052192066805867,40.4762,45.5118,28.3333,32.381,32.381,0.343455497382199,0.0,0.0,1.0,1.0
2024-02-27,300650,2.713567839195985,46.8254,51.4239,32.7778,37.4603,37.4603,0.30182133564614044,0.0,0.0,1.0,1.0
2024-02-27,300665,2.9641185647425683,52.924,54.2524,37.0468,42.3392,42.3392,0.4043392504930967,0.0,0.0,1.0,1.0
2024-02-27,300675,4.060017652250658,80.9942,77.6222,56.6959,64.7953,64.7953,0.35865384615384616,0.0,0.0,1.0,1.0
2024-02-27,300686,2.3743016759776525,37.051,41.6355,25.9357,29.6408,29.6408,0.40026420079260244,0.0,0.0,1.0,1.0
2024-02-27,300703,1.6222479721900163,15.8312,24.0685,11.0819,12.665,12.665,0.4298245614035091,0.0,0.0,1.0,1.0
2024-02-27,300719,4.536679536679555,91.6876,85.9764,64.1813,73.35,73.35,0.3686806411837238,0.0,0.0,1.0,1.0
2024-02-27,300730,2.7054108216432837,46.5748,49.9536,32.6023,37.2598,37.2598,0.3653100775193799,0.0,0.0,1.0,1.0
2024-02-27,300743,3.6619718309859106,71.3033,69.495,49.9123,57.0426,57.0426,0.3773784355179704,0.0,0.0,1.0,1.0
2024-02-27,300749,2.564102564102555,42.3141,47.94,29.6199,33.8513,33.8513,0.2955665024630541,0.0,0.0,1.0,1.0
2024-02-27,300774,2.9904306220095656,53.4252,57.0826,37.3977,42.7402,42.7402,0.28287841191066987,0.0,0.0,1.0,1.0
2024-02-27,300800,1.6361886429258732,16.249,23.9796,11.3743,12.9992,12.9992,0.45098039215686286,0.0,0.0,1.0,1.0
2024-02-27,300828,3.466204506065873,65.873,65.5108,46.1111,52.6984,52.6984,0.35937910015817887,0.0,0.0,1.0,1.0
2024-02-27,300871,4.041353383458635,80.4094,77.6387,56.2865,64.3275,64.3275,0.3344370860927153,0.0,0.0,1.0,1.0
2024-02-27,300884,4.784240150093821,96.4495,88.9323,67.5146,77.1596,77.1596,0.41136363636363626,0.0,0.0,1.0,1.0
2024-02-27,300885,3.5110533159947943,67.3768,65.9616,47.1637,53.9014,53.9014,0.39699074074074076,0.0,0.0,1.0,1.0
2024-02-27,300929,2.8538812785388057,50.919,52.6914,35.6433,40.7352,40.7352,0.4021887824897399,0.0,0.0,1.0,1.0
2024-02-27,300947,2.0583190394511064,28.279,34.3796,19.7953,22.6232,22.6232,0.41218274111675135,0.0,0.0,1.0,1.0
2024-02-27,300948,3.3143939393939448,62.1136,65.2634,43.4795,49.6909,49.6909,0.22137404580152675,0.0,0.0,1.0,1.0
2024-02-27,300961,1.5662650602409567,13.9098,23.8973,9.7368,11.1278,11.1278,0.36152796725784453,0.0,0.0,1.0,1.0
2024-02-27,300963,3.5787321063394772,69.1312,66.7906,48.3918,55.3049,55.3049,0.4257142857142856,0.0,0.0,1.0,1.0
2024-02-27,300981,2.044293015332199,27.5272,34.846,19.269,22.0217,22.0217,0.3587866108786609,0.0,0.0,1.0,1.0
2024-02-27,300993,1.522842639593902,12.0718,20.6132,8.4503,9.6575,9.6575,0.45221445221445206,0.0,0.0,1.0,1.0
2024-02-27,300994,3.388189738625358,63.5756,63.4497,44.5029,50.8605,50.8605,0.37054085155350985,0.0,0.0,1.0,1.0
2024-02-27,301009,3.1286210892236266,57.1846,60.029,40.0292,45.7477,45.7477,0.2859375000000001,0.0,0.0,1.0,1.0
2024-02-27,301028,3.026775320139685,54.4277,55.6682,38.0994,43.5422,43.5422,0.3937007874015749,0.0,0.0,1.0,1.0
2024-02-27,301032,1.621621621621605,15.7477,25.479,11.0234,12.5982,12.5982,0.35595567867036015,0.0,0.0,1.0,1.0
2024-02-27,301048,1.650165016501659,16.7502,25.9401,11.7251,13.4002,13.4002,0.37300177619893415,0.0,0.0,1.0,1.0
2024-02-27,301055,4.73684210526315,95.447,87.233,66.8129,76.3576,76.3576,0.4562268803945746,0.0,0.0,1.0,1.0
2024-02-27,301056,3.205128205128216,59.0226,58.8847,41.3158,47.218,47.218,0.41666666666666663,0.0,0.0,1.0,1.0
2024-02-27,301060,3.5190615835777095,67.7945,68.3135,47.4561,54.2356,54.2356,0.29610655737704916,0.0,0.0,1.0,1.0
2024-02-27,301066,1.361867704280173,7.8947,20.5922,5.5263,6.3158,6.3158,0.2861815208503678,0.0,0.0,1.0,1.0
2024-02-27,301081,1.593137254901933,14.7452,24.2369,10.3216,11.7962,11.7962,0.37796373779637393,0.0,0.0,1.0,1.0
2024-02-27,301116,3.9593908629441676,78.5714,77.2111,55.0,62.8571,62.8571,0.28230184581976114,0.0,0.0,1.0,1.0
2024-02-27,301120,2.517162471395884,40.8939,45.5402,28.6257,32.7151,32.7151,0.3587443946188341,0.0,0.0,1.0,1.0
2024-02-27,301126,4.148936170212747,82.9156,79.3312,58.0409,66.3325,66.3325,0.35006273525721465,0.0,0.0,1.0,1.0
2024-02-27,301136,3.3985581874356185,64.0351,67.45,44.8246,51.2281,51.2281,0.18890356671070022,0.0,0.0,0.944517833553501,1.0
2024-02-27,301149,2.634146341463417,44.0685,45.5911,30.848,35.2548,35.2548,0.48318584070796466,0.0,0.0,1.0,1.0
2024-02-27,301198,3.240223463687175,60.1086,61.1595,42.076,48.0869,48.0869,0.34636871508379874,0.0,0.0,1.0,1.0
2024-02-27,301256,3.4175334323922835,64.8705,66.0708,45.4094,51.8964,51.8964,0.2912801484230055,0.0,0.0,1.0,1.0
2024-02-27,600615,3.076923076923088,56.2657,57.2297,39.386,45.0125,45.0125,0.3891402714932127,0.0,0.0,1.0,1.0
2024-02-27,600689,2.214839424141757,32.3726,40.2181,22.6608,25.8981,25.8981,0.28399999999999986,0.0,0.0,1.0,1.0
2024-02-27,600697,2.2058823529411686,31.8713,40.1312,22.3099,25.4971,25.4971,0.2682926829268293,0.0,0.0,1.0,1.0
2024-02-27,600847,4.308093994778073,87.0927,83.1492,60.9649,69.6742,69.6742,0.32625000000000004,0.0,0.0,1.0,1.0
2024-02-27,601022,3.0701754385964897,55.6809,59.4962,38.9766,44.5447,44.5447,0.25242718446601936,0.0,0.0,1.0,1.0
2024-02-27,601065,1.4098690835851135,9.0643,23.7657,6.345,7.2515,7.2515,0.1742857142857142,0.0,0.0,0.871428571428571,1.0
2024-02-27,601083,2.0153550863723835,26.6917,26.6917,26.6917,26.6917,26.6917,,0.0,0.0,,0.0
2024-02-27,601133,3.919694072657731,77.4854,76.0225,54.2398,61.9883,61.9883,0.29829172141918553,0.0,0.0,1.0,1.0
2024-02-27,603006,4.266389177939667,86.0902,83.3945,60.2632,68.8722,68.8722,0.27388535031847117,0.0,0.0,1.0,1.0
2024-02-27,603045,3.971756398940851,78.9891,76.1738,55.2924,63.1913,63.1913,0.3508771929824561,0.0,0.0,1.0,1.0
2024-02-27,603122,1.3595166163141936,7.7277,18.5885,5.4094,6.1821,6.1821,0.3796791443850268,0.0,0.0,1.0,1.0
2024-02-27,603213,3.6322360953462196,70.2172,69.7609,49.152,56.1738,56.1738,0.3206442166910688,0.0,0.0,1.0,1.0
2024-02-27,603679,2.4725274725274637,39.3066,44.3719,27.5146,31.4453,31.4453,0.3536693191865605,0.0,0.0,1.0,1.0
2024-02-27,603810,2.8142589118199,49.8329,54.8861,34.883,39.8663,39.8663,0.2490118577075098,0.0,0.0,1.0,1.0
2024-02-27,603978,2.2727272727272707,34.5865,40.8068,24.2105,27.6692,27.6692,0.3431192660550457,0.0,0.0,1.0,1.0
2024-02-27,605069,3.0746705710102518,56.0986,60.8178,39.269,44.8789,44.8789,0.20305480682839172,0.0,0.0,1.0,1.0
2024-02-27,605162,1.1644832605531175,3.8847,14.3909,2.7193,3.1078,3.1078,0.4358452138492872,0.0,0.0,1.0,1.0
2024-02-27,605180,3.7449392712550322,73.3083,72.6604,51.3158,58.6466,58.6466,0.2993130520117764,0.0,0.0,1.0,1.0
2024-02-27,605208,4.354136429608135,88.4294,84.1088,61.9006,70.7435,70.7435,0.331738437001595,0.0,0.0,1.0,1.0
2024-02-27,605303,1.8867924528301883,22.6817,32.2451,15.8772,18.1454,18.1454,0.29501084598698485,0.0,0.0,1.0,1.0
2024-02-27,605567,2.2292993630573354,32.9574,42.3469,23.0702,26.3659,26.3659,0.20095124851367416,0.0,0.0,1.0,1.0
2024-02-29,000880,4.430379746835422,88.6999,84.3917,62.0899,70.9599,70.9599,0.32841328413284154,0.0,0.0,1.0,1.0
2024-02-29,000929,2.844311377245523,48.1104,51.9734,33.6772,38.4883,38.4883,0.32574430823117334,0.0,0.0,1.0,1.0
2024-02-29,001217,3.752535496957421,72.5246,74.9242,50.7672,58.0197,58.0197,0.15477214101461717,0.0,0.0,0.7738607050730858,1.0
2024-02-29,001318,2.782764811490135,46.5231,53.1483,32.5661,37.2184,37.2184,0.20350877192982456,0.0,0.0,1.0,1.0
2024-02-29,001322,1.9250253292806718,21.6553,32.9275,15.1587,17.3243,17.3243,0.21983640081799585,0.0,0.0,1.0,1.0
2024-02-29,001366,3.5315985130111693,67.0068,69.6889,46.9048,53.6054,53.6054,0.19582664526484742,0.0,0.0,0.979133226324237,1.0
2024-02-29,002144,3.4198113207547065,63.681,65.0987,44.5767,50.9448,50.9448,0.2923076923076925,0.0,0.0,1.0,1.0
2024-02-29,002205,2.5974025974025983,40.7029,48.1987,28.4921,32.5624,32.5624,0.21818181818181825,0.0,0.0,1.0,1.0
2024-02-29,002633,1.392757660167132,7.8609,19.8612,5.5026,6.2887,6.2887,0.3213793103448276,0.0,0.0,1.0,1.0
2024-02-29,002718,3.315881326352521,60.6576,61.8522,42.4603,48.5261,48.5261,0.33369214208826714,0.0,0.0,1.0,1.0
2024-02-29,002735,3.9955604883462836,78.3447,77.588,54.8413,62.6757,62.6757,0.2543859649122805,0.0,0.0,1.0,1.0
2024-02-29,002778,2.6639344262294973,43.0461,49.4421,30.1323,34.4369,34.4369,0.24973985431841828,0.0,0.0,1.0,1.0
2024-02-29,002780,1.7674418604651132,18.5563,29.8125,12.9894,14.845,14.845,0.25162972620599744,0.0,0.0,1.0,1.0
2024-02-29,002809,3.394255874673635,62.4717,64.095,43.7302,49.9773,49.9773,0.2941176470588236,0.0,0.0,1.0,1.0
2024-02-29,002823,3.2293986636970917,57.7098,59.9462,40.3968,46.1678,46.1678,0.31107954545454564,0.0,0.0,1.0,1.0
2024-02-29,002826,4.967320261437891,99.3575,94.0904,69.5503,79.486,79.486,0.2697795071335928,0.0,0.0,1.0,1.0
2024-02-29,002830,2.2749752720079064,32.4641,39.3428,22.7249,25.9713,25.9713,0.3314220183486237,0.0,0.0,1.0,1.0
2024-02-29,002861,2.178899082568808,29.1383,38.3884,20.3968,23.3107,23.3107,0.24611161939615742,0.0,0.0,1.0,1.0
2024-02-29,002871,3.2994923857867953,60.0529,61.5415,42.037,48.0423,48.0423,0.32504145936981765,0.0,0.0,1.0,1.0
2024-02-29,002900,3.1693989071038153,56.0469,59.3289,39.2328,44.8375,44.8375,0.27542857142857136,0.0,0.0,1.0,1.0
2024-02-29,002910,3.0831099195710587,54.006,57.2081,37.8042,43.2048,43.2048,0.29983792544570503,0.0,0.0,1.0,1.0
2024-02-29,002921,2.5460930640913038,39.5692,45.0925,27.6984,31.6553,31.6553,0.32813932172318977,0.0,0.0,1.0,1.0
2024-02-29,002949,2.1547502448579836,28.5336,37.2234,19.9735,22.8269,22.8269,0.28017718715393136,0.0,0.0,1.0,1.0
2024-02-29,002963,2.6188166828321924,41.3832,47.7023,28.9683,33.1066,33.1066,0.27021276595744687,0.0,0.0,1.0,1.0
2024-02-29,002972,2.1871202916160293,29.2895,37.4535,20.5026,23.4316,23.4316,0.2989064398541921,0.0,0.0,1.0,1.0
2024-02-29,003003,3.5043804755944707,66.1754,66.8778,46.3228,52.9403,52.9403,0.30312500000000014,0.0,0.0,1.0,1.0
2024-02-29,003018,3.471295060080104,64.966,65.5611,45.4762,51.9728,51.9728,0.320582877959927,0.0,0.0,1.0,1.0
2024-02-29,300069,4.887983706720989,98.1481,91.4965,68.7037,78.5185,78.5185,0.3511029411764707,0.0,0.0,1.0,1.0
2024-02-29,300243,3.432835820895508,63.9078,64.8314,44.7354,51.1262,51.1262,0.31474103585657365,0.0,0.0,1.0,1.0
2024-02-29,300306,4.048140043763659,79.6674,75.261,55.7672,63.7339,63.7339,0.4236453201970446,0.0,0.0,1.0,1.0
2024-02-29,300313,4.190919674039573,82.8798,80.1976,58.0159,66.3039,66.3039,0.30531400966183575,0.0,0.0,1.0,1.0
2024-02-29,300314,4.796380090497743,96.3341,90.2803,67.4339,77.0673,77.0673,0.3393501805054151,0.0,0.0,1.0,1.0
2024-02-29,300371,4.260355029585816,84.7695,83.728,59.3386,67.8156,67.8156,0.2043795620437956,0.0,0.0,1.0,1.0
2024-02-29,300437,4.276315789473695,85.223,83.3158,59.6561,68.1784,68.1784,0.24312896405919648,0.0,0.0,1.0,1.0
2024-02-29,300478,3.610503282275701,68.7453,69.01,48.1217,54.9962,54.9962,0.29931192660550465,0.0,0.0,1.0,1.0
2024-02-29,300500,4.687499999999978,94.2177,91.2356,65.9524,75.3741,75.3741,0.20692567567567577,0.0,0.0,1.0,1.0
2024-02-29,300501,3.2258064516129004,57.4074,59.1625,40.1852,45.9259,45.9259,0.3381712626995646,0.0,0.0,1.0,1.0
2024-02-29,300515,4.014598540145964,78.8738,77.9428,55.2116,63.099,63.099,0.25781250000000017,0.0,0.0,1.0,1.0
2024-02-29,300517,3.9042821158690177,75.7748,75.7181,53.0423,60.6198,60.6198,0.24508670520231218,0.0,0.0,1.0,1.0
2024-02-29,300535,4.97335701598578,99.4331,93.5004,69.6032,79.5465,79.5465,0.30230326295585414,0.0,0.0,1.0,1.0
2024-02-29,300539,4.33734939759034,86.8103,84.6664,60.7672,69.4482,69.4482,0.2390909090909091,0.0,0.0,1.0,1.0
2024-02-29,300562,4.292929292929304,85.6765,82.9321,59.9735,68.5412,68.5412,0.2804532577903682,0.0,0.0,1.0,1.0
2024-02-29,300572,2.249134948096887,31.3303,39.3976,21.9312,25.0642,25.0642,0.28333333333333344,0.0,0.0,1.0,1.0
2024-02-29,300605,4.870775347912537,97.619,91.3353,68.3333,78.0952,78.0952,0.33799784714747033,0.0,0.0,1.0,1.0
2024-02-29,300610,3.409090909090895,63.2275,64.404,44.2593,50.582,50.582,0.30890052356020936,0.0,0.0,1.0,1.0
2024-02-29,300611,4.1825095057034245,82.5397,79.9046,57.7778,66.0317,66.0317,0.30635838150289024,0.0,0.0,1.0,1.0
2024-02-29,300621,4.118404118404118,81.2169,78.2006,56.8519,64.9735,64.9735,0.33864541832669315,0.0,0.0,1.0,1.0
2024-02-29,300625,3.380782918149472,61.8292,62.3549,43.2804,49.4633,49.4633,0.3554216867469881,0.0,0.0,1.0,1.0
2024-02-29,300635,4.035874439461873,79.1005,77.7935,55.3704,63.2804,63.2804,0.27434554973821995,0.0,0.0,1.0,1.0
2024-02-29,300650,4.788418708240516,96.1829,92.5925,67.328,76.9463,76.9463,0.21769297484822211,0.0,0.0,1.0,1.0
2024-02-29,300675,3.3488372093023244,61.2623,62.9521,42.8836,49.0098,49.0098,0.30288461538461536,0.0,0.0,1.0,1.0
2024-02-29,300703,3.1565656565656575,55.8201,58.5508,39.0741,44.6561,44.6561,0.30526315789473696,0.0,0.0,1.0,1.0
2024-02-29,300719,4.21377183967111,83.7868,81.2095,58.6508,67.0295,67.0295,0.2909987669543774,0.0,0.0,1.0,1.0
2024-02-29,300730,4.505494505494512,90.6652,86.9313,63.4656,72.5321,72.5321,0.2800387596899224,0.0,0.0,1.0,1.0
2024-02-29,300743,4.387755102040813,87.8685,84.5443,61.5079,70.2948,70.2948,0.28752642706131076,0.0,0.0,1.0,1.0
2024-02-29,300749,4.492512479201349,90.3628,87.906,63.254,72.2902,72.2902,0.2192118226600984,0.0,0.0,1.0,1.0
2024-02-29,300753,4.4504995458674035,89.3046,86.0713,62.5132,71.4437,71.4437,0.2686170212765956,0.0,0.0,1.0,1.0
2024-02-29,300771,3.7084398976982014,71.3908,70.5512,49.9735,57.1126,57.1126,0.32807017543859646,0.0,0.0,1.0,1.0
2024-02-29,300774,4.755784061696677,95.5026,92.1838,66.8519,76.4021,76.4021,0.2109181141439206,0.0,0.0,1.0,1.0
2024-02-29,300800,3.0851063829787195,54.0816,57.0188,37.8571,43.2653,43.2653,0.3123249299719887,0.0,0.0,1.0,1.0
2024-02-29,300819,4.39252336448599,87.9441,84.9724,61.5608,70.3553,70.3553,0.26914153132250573,0.0,0.0,1.0,1.0
2024-02-29,300884,4.757085020242902,95.5782,90.008,66.9048,76.4626,76.4626,0.3227272727272729,0.0,0.0,1.0,1.0
2024-02-29,300885,3.9829302987197446,77.9667,75.9614,54.5767,62.3734,62.3734,0.3206018518518519,0.0,0.0,1.0,1.0
2024-02-29,300932,4.466019417475708,89.607,85.8997,62.7249,71.6856,71.6856,0.28929384965831456,0.0,0.0,1.0,1.0
2024-02-29,300947,3.431839847473772,63.8322,65.1977,44.6825,51.0658,51.0658,0.2934010152284265,0.0,0.0,1.0,1.0
2024-02-29,300956,4.670329670329654,93.8398,89.7725,65.6878,75.0718,75.0718,0.26496301277740414,0.0,0.0,1.0,1.0
2024-02-29,300963,4.697986577181212,94.3689,89.3808,66.0582,75.4951,75.4951,0.3057142857142857,0.0,0.0,1.0,1.0
2024-02-29,300967,2.617230098146117,41.3076,48.1328,28.9153,33.0461,33.0461,0.24566473988439305,0.0,0.0,1.0,1.0
2024-02-29,300981,2.1818181818181737,29.2139,37.7435,20.4497,23.3711,23.3711,0.2813807531380753,0.0,0.0,1.0,1.0
2024-02-29,300986,3.2412965186074505,58.1633,62.246,40.7143,46.5306,46.5306,0.21422924901185772,0.0,0.0,1.0,1.0
2024-02-29,300993,3.198294243070343,56.576,58.4076,39.6032,45.2608,45.2608,0.34265734265734304,0.0,0.0,1.0,1.0
2024-02-29,300994,4.555084745762716,91.421,87.7743,63.9947,73.1368,73.1368,0.26812428078250866,0.0,0.0,1.0,1.0
2024-02-29,301009,3.45679012345681,64.5503,67.5777,45.1852,51.6402,51.6402,0.20312500000000003,0.0,0.0,1.0,1.0
2024-02-29,301025,2.952029520295185,50.0756,54.4307,35.0529,40.0605,40.0605,0.2814885496183207,0.0,0.0,1.0,1.0
2024-02-29,301027,2.6442307692307487,42.0635,48.003,29.4444,33.6508,33.6508,0.28239202657807305,0.0,0.0,1.0,1.0
2024-02-29,301028,4.9056603773584895,98.3749,92.8417,68.8624,78.6999,78.6999,0.2929133858267717,0.0,0.0,1.0,1.0
2024-02-29,301032,3.2835820895522394,59.5994,62.4995,41.7196,47.6795,47.6795,0.25900277008310246,0.0,0.0,1.0,1.0
2024-02-29,301057,3.8147138964577776,73.7339,73.3584,51.6138,58.9872,58.9872,0.28143986411442756,0.0,0.0,1.0,1.0
2024-02-29,301060,3.2619775739042067,59.0703,62.1948,41.3492,47.2562,47.2562,0.25307377049180324,0.0,0.0,1.0,1.0
2024-02-29,301081,4.801097393689968,96.4853,92.0557,67.5397,77.1882,77.1882,0.2566248256624827,0.0,0.0,1.0,1.0
2024-02-29,301098,4.7375160051216225,95.0491,90.7692,66.5344,76.0393,76.0393,0.26350461133069825,0.0,0.0,1.0,1.0
2024-02-29,301116,2.0105820105820404,24.6032,34.7991,17.2222,19.6825,19.6825,0.24417314095449486,0.0,0.0,1.0,1.0
2024-02-29,301120,4.490291262135915,90.2116,86.4892,63.1481,72.1693,72.1693,0.28400597907324376,0.0,0.0,1.0,1.0
2024-02-29,301126,4.39814814814814,88.0952,85.3821,61.6667,70.4762,70.4762,0.2547051442910917,0.0,0.0,1.0,1.0
2024-02-29,301136,4.815229563269874,96.7876,94.6824,67.7513,77.4301,77.4301,0.1373844121532365,0.0,0.0,0.6869220607661825,1.0
2024-02-29,301149,3.645833333333326,69.6145,68.3288,48.7302,55.6916,55.6916,0.368141592920354,0.0,0.0,1.0,1.0
2024-02-29,301167,4.038630377524144,79.1761,77.9977,55.4233,63.3409,63.3409,0.26716141001855287,0.0,0.0,1.0,1.0
2024-02-29,301228,4.050144648023135,79.7808,80.8721,55.8466,63.8246,63.8246,0.14762516046213092,0.0,0.0,0.7381258023106546,1.0
2024-02-29,301256,3.767660910518056,72.9025,73.2698,51.0317,58.322,58.322,0.25260960334029225,0.0,0.0,1.0,1.0
2024-02-29,301265,4.304635761589393,85.9033,81.4245,60.1323,68.7226,68.7226,0.3649068322981367,0.0,0.0,1.0,1.0
2024-02-29,301332,1.6635859519408491,15.6841,24.4222,10.9788,12.5472,12.5472,0.40624999999999994,0.0,0.0,1.0,1.0
2024-02-29,301558,3.621908127208484,68.8964,68.8964,68.8964,68.8964,68.8964,,0.0,0.0,,0.0
2024-02-29,600272,2.5396825396825307,39.2668,47.2364,27.4868,31.4135,31.4135,0.20885357548240624,0.0,0.0,1.0,1.0
2024-02-29,600506,3.264094955489605,59.1459,62.3207,41.4021,47.3167,47.3167,0.24980237154150187,0.0,0.0,1.0,1.0
2024-02-29,600689,3.9473684210526327,76.7952,77.5428,53.7566,61.4361,61.4361,0.19466666666666654,0.0,0.0,0.9733333333333327,1.0
2024-02-29,600697,3.131115459882561,54.9887,60.4137,38.4921,43.9909,43.9909,0.17886178861788626,0.0,0.0,0.8943089430894313,1.0
2024-02-29,600768,2.3661270236612797,34.3537,40.3254,24.0476,27.483,27.483,0.3578792341678939,0.0,0.0,1.0,1.0
2024-02-29,600847,1.947148817802491,22.5624,32.6999,15.7937,18.0499,18.0499,0.26750000000000007,0.0,0.0,1.0,1.0
2024-02-29,601022,3.054298642533926,52.7211,57.905,36.9048,42.1769,42.1769,0.21359223300970884,0.0,0.0,1.0,1.0
2024-02-29,601065,2.3983315954118956,35.4875,45.0379,24.8413,28.39,28.39,0.1676040494938133,0.0,0.0,0.8380202474690664,1.0
2024-02-29,601083,3.093812375249505,54.384,54.384,54.384,54.384,54.384,,0.0,0.0,,0.0
2024-02-29,603006,2.32815964523283,33.8246,42.6557,23.6772,27.0597,27.0597,0.22020018198362132,0.0,0.0,1.0,1.0
2024-02-29,603042,2.7077497665732864,44.3311,50.3387,31.0317,35.4649,35.4649,0.2563081009296149,0.0,0.0,1.0,1.0
2024-02-29,603045,3.490566037735854,65.7218,67.1608,46.0053,52.5775,52.5775,0.2708333333333333,0.0,0.0,1.0,1.0
2024-02-29,603065,4.522613065326642,91.0431,89.446,63.7302,72.8345,72.8345,0.16942551119766297,0.0,0.0,0.8471275559883148,1.0
2024-02-29,603122,3.0400000000000205,52.192,56.1386,36.5344,41.7536,41.7536,0.2807486631016042,0.0,0.0,1.0,1.0
2024-02-29,603151,2.98076923076922,50.9826,55.8276,35.6878,40.7861,40.7861,0.2479240806642943,0.0,0.0,1.0,1.0
2024-02-29,603238,1.9230769230769162,21.5042,31.1844,15.0529,17.2033,17.2033,0.300944669365722,0.0,0.0,1.0,1.0
2024-02-29,603269,4.637681159420293,93.0839,88.0811,65.1587,74.4671,74.4671,0.3193018480492812,0.0,0.0,1.0,1.0
2024-02-29,603291,3.327495621716303,60.9599,64.9592,42.672,48.768,48.768,0.19043824701195228,0.0,0.0,0.9521912350597613,1.0
2024-02-29,603320,1.5468607825295688,12.0559,23.137,8.4392,9.6447,9.6447,0.3253895508707608,0.0,0.0,1.0,1.0
2024-02-29,603506,2.9556650246305383,50.1512,55.6039,35.1058,40.1209,40.1209,0.2258522727272726,0.0,0.0,1.0,1.0
2024-02-29,603580,2.7600849256900206,45.8806,50.7769,32.1164,36.7045,36.7045,0.29637760702524707,0.0,0.0,1.0,1.0
2024-02-29,603657,2.115384615384608,27.6266,36.4651,19.3386,22.1013,22.1013,0.2818086225026288,0.0,0.0,1.0,1.0
2024-02-29,603679,2.8798411122144874,48.9418,53.5831,34.2593,39.1534,39.1534,0.27851458885941655,0.0,0.0,1.0,1.0
2024-02-29,603726,4.4036697247706424,88.2464,85.6436,61.7725,70.5971,70.5971,0.24767540152155537,0.0,0.0,1.0,1.0
2024-02-29,603759,3.076923076923066,53.7793,57.5926,37.6455,43.0234,43.0234,0.2715404699738905,0.0,0.0,1.0,1.0
2024-02-29,603810,2.941176470588247,50.0,56.6008,35.0,40.0,40.0,0.16996047430830027,0.0,0.0,0.8498023715415013,1.0
2024-02-29,603813,1.650738488271064,15.3061,25.0066,10.7143,12.2449,12.2449,0.36191335740072206,0.0,0.0,1.0,1.0
2024-02-29,603829,2.441150828247607,36.4701,43.2344,25.5291,29.1761,29.1761,0.29708520179372205,0.0,0.0,1.0,1.0
2024-02-29,603836,3.2570422535211474,58.768,63.0144,41.1376,47.0144,47.0144,0.1999999999999999,0.0,0.0,0.9999999999999994,1.0
2024-02-29,603955,3.2374100719424703,57.9743,62.8409,40.582,46.3794,46.3794,0.17692907248636006,0.0,0.0,0.8846453624318003,1.0
2024-02-29,605069,3.2761310452418035,59.3726,63.8938,41.5608,47.4981,47.4981,0.1802154750244858,0.0,0.0,0.9010773751224289,1.0
2024-02-29,605162,3.639240506329111,69.4255,69.0639,48.5979,55.5404,55.5404,0.3238289205702648,0.0,0.0,1.0,1.0
2024-02-29,605169,3.2581453634085156,58.8435,61.0217,41.1905,47.0748,47.0748,0.3026548672566373,0.0,0.0,1.0,1.0
2024-02-29,605180,2.383531960996743,35.034,43.3167,24.5238,28.0272,28.0272,0.23552502453385674,0.0,0.0,1.0,1.0
2024-02-29,605208,3.245749613601223,58.39,61.417,40.873,46.712,46.712,0.26475279106858063,0.0,0.0,1.0,1.0
2024-02-29,605298,1.2499999999999956,4.9509,17.4515,3.4656,3.9607,3.9607,0.3254620123203286,0.0,0.0,1.0,1.0
2024-02-29,605303,1.9280205655527016,21.8821,33.1239,15.3175,17.5057,17.5057,0.2190889370932755,0.0,0.0,1.0,1.0
2024-02-29,605488,4.452359750667867,89.4558,86.6453,62.619,71.5646,71.5646,0.24596774193548396,0.0,0.0,1.0,1.0
2024-02-29,605567,2.4498886414253684,36.7725,46.4453,25.7407,29.418,29.418,0.14863258026159334,0.0,0.0,0.7431629013079667,1.0
2024-03-01,000880,1.21212121212122,4.6048,15.8241,3.2234,3.6838,3.6838,0.39298892988929884,0.0,0.0,1.0,1.0
2024-03-01,001217,2.346041055718495,35.2792,44.4916,24.6954,28.2234,28.2234,0.18658641444539972,0.0,0.0,0.9329320722269986,1.0
2024-03-01,001299,2.103418054338313,28.1726,38.1395,19.7208,22.5381,22.5381,0.21992882562277574,0.0,0.0,1.0,1.0
2024-03-01,002205,1.6455696202531511,15.6998,27.5901,10.9898,12.5598,12.5598,0.24848484848484859,0.0,0.0,1.0,1.0
2024-03-01,002722,1.3559322033898313,7.5054,18.5214,5.2538,6.0044,6.0044,0.37414965986394566,0.0,0.0,1.0,1.0
2024-03-01,002806,3.83233532934133,74.8006,73.7526,52.3604,59.8405,59.8405,0.30439442658092175,0.0,0.0,1.0,1.0
2024-03-01,002823,2.5889967637540368,41.7331,46.3411,29.2132,33.3865,33.3865,0.35227272727272724,0.0,0.0,1.0,1.0
2024-03-01,002857,1.7288444040036266,18.2379,28.8805,12.7665,14.5903,14.5903,0.2854914196567863,0.0,0.0,1.0,1.0
2024-03-01,002921,2.0547945205479534,26.9761,34.4864,18.8832,21.5809,21.5809,0.3547204399633364,0.0,0.0,1.0,1.0
2024-03-01,002963,1.7958412098298737,19.9057,29.9459,13.934,15.9246,15.9246,0.2989361702127658,0.0,0.0,1.0,1.0
2024-03-01,300069,3.592233009708723,68.4917,66.8889,47.9442,54.7933,54.7933,0.3952205882352942,0.0,0.0,1.0,1.0
2024-03-01,300306,4.521556256572046,91.2618,83.3214,63.8832,73.0094,73.0094,0.48440065681444977,0.0,0.0,1.0,1.0
2024-03-01,300371,3.291713961407483,60.2973,63.3995,42.2081,48.2379,48.2379,0.24191866527632963,0.0,0.0,1.0,1.0
2024-03-01,300417,4.893350062735258,98.2234,91.2423,68.7563,78.5787,78.5787,0.36681715575620766,0.0,0.0,1.0,1.0
2024-03-01,300437,1.3669821240799296,7.868,20.2698,5.5076,6.2944,6.2944,0.3012318029115341,0.0,0.0,1.0,1.0
2024-03-01,300478,1.4783526927138135,10.3336,21.5237,7.2335,8.2669,8.2669,0.3371559633027524,0.0,0.0,1.0,1.0
2024-03-01,300484,3.9035591274397152,76.2509,74.4386,53.3756,61.0007,61.0007,0.3281045751633988,0.0,0.0,1.0,1.0
2024-03-01,300515,3.8596491228070295,75.1632,74.1149,52.6142,60.1305,60.1305,0.30078125000000006,0.0,0.0,1.0,1.0
2024-03-01,300535,1.0152284263959421,0.3988,13.1982,0.2792,0.3191,0.3191,0.35604606525911703,0.0,0.0,1.0,1.0
2024-03-01,300539,1.7321016166281789,18.4191,29.299,12.8934,14.7353,14.7353,0.2718181818181817,0.0,0.0,1.0,1.0
2024-03-01,300546,1.2886597938144284,6.2001,18.4682,4.3401,4.9601,4.9601,0.32459521973785666,0.0,0.0,1.0,1.0
2024-03-01,300561,2.054794520547931,26.8673,34.5455,18.8071,21.4938,21.4938,0.347417840375587,0.0,0.0,1.0,1.0
2024-03-01,300562,2.6634382566586012,44.2712,48.8447,30.9898,35.417,35.417,0.32861189801699714,0.0,0.0,1.0,1.0
2024-03-01,300564,1.2834224598930577,6.0551,17.3129,4.2386,4.8441,4.8441,0.3765586034912717,0.0,0.0,1.0,1.0
2024-03-01,300565,4.3516873889875685,87.3822,82.9721,61.1675,69.9057,69.9057,0.34667968750000006,0.0,0.0,1.0,1.0
2024-03-01,300585,1.9861830742659903,24.4743,33.3158,17.132,19.5794,19.5794,0.31318219983207385,0.0,0.0,1.0,1.0
2024-03-01,300626,3.96475770925111,77.9913,75.5278,54.5939,62.393,62.393,0.34326241134751767,0.0,0.0,1.0,1.0
2024-03-01,300635,1.0775862068965525,1.6316,14.7269,1.1421,1.3053,1.3053,0.3289183222958057,0.0,0.0,1.0,1.0
2024-03-01,300649,2.2222222222222365,31.8347,41.5144,22.2843,25.4677,25.4677,0.19766877124817867,0.0,0.0,0.9883438562408933,1.0
2024-03-01,300650,3.2943676939426236,60.4423,63.2541,42.3096,48.3539,48.3539,0.25498699045967044,0.0,0.0,1.0,1.0
2024-03-01,300703,1.1015911872704898,2.2843,14.845,1.599,1.8274,1.8274,0.34912280701754395,0.0,0.0,1.0,1.0
2024-03-01,300719,4.7337278106508895,95.0326,89.195,66.5228,76.0261,76.0261,0.34155363748458695,0.0,0.0,1.0,1.0
2024-03-01,300721,1.1940298507462588,4.2422,18.2,2.9695,3.3938,3.3938,0.25968992248062023,0.0,0.0,1.0,1.0
2024-03-01,300743,2.052785923753664,26.7948,34.7762,18.7563,21.4358,21.4358,0.33298097251585623,0.0,0.0,1.0,1.0
2024-03-01,300753,2.60869565217392,42.3858,47.6675,29.6701,33.9086,33.9086,0.31205673758865243,0.0,0.0,1.0,1.0
2024-03-01,300817,1.7196904557179593,17.9478,26.6518,12.5635,14.3582,14.3582,0.38532110091743127,0.0,0.0,1.0,1.0
2024-03-01,300828,3.8461538461538547,75.0544,73.4467,52.5381,60.0435,60.0435,0.32984109192599986,0.0,0.0,1.0,1.0
2024-03-01,300884,2.2222222222222143,31.7259,37.858,22.2081,25.3807,25.3807,0.37613636363636366,0.0,0.0,1.0,1.0
2024-03-01,300889,2.5974025974025983,41.9144,46.9352,29.3401,33.5315,33.5315,0.32981783317353786,0.0,0.0,1.0,1.0
2024-03-01,300932,3.810408921933095,74.0029,72.3686,51.802,59.2023,59.2023,0.3416856492027335,0.0,0.0,1.0,1.0
2024-03-01,300978,1.3084112149532645,6.5627,19.9888,4.5939,5.2502,5.2502,0.2630691399662731,0.0,0.0,1.0,1.0
2024-03-01,300981,2.1352313167259718,29.2603,37.2786,20.4822,23.4083,23.4083,0.3064853556485356,0.0,0.0,1.0,1.0
2024-03-01,300994,1.823708206686936,20.4859,30.0366,14.3401,16.3887,16.3887,0.3176064441887227,0.0,0.0,1.0,1.0
2024-03-01,301025,2.2700119474313274,33.43,40.6562,23.401,26.744,26.744,0.3043893129770992,0.0,0.0,1.0,1.0
2024-03-01,301027,1.5222482435597318,11.5664,23.118,8.0964,9.2531,9.2531,0.3067552602436322,0.0,0.0,1.0,1.0
2024-03-01,301028,1.4388489208633226,9.6809,20.6581,6.7766,7.7447,7.7447,0.3543307086614174,0.0,0.0,1.0,1.0
2024-03-01,301032,2.023121387283222,25.707,34.7762,17.9949,20.5656,20.5656,0.28947368421052627,0.0,0.0,1.0,1.0
2024-03-01,301056,1.0554089709762682,1.124,13.3142,0.7868,0.8992,0.8992,0.37925170068027203,0.0,0.0,1.0,1.0
2024-03-01,301060,1.1846001974333387,4.0247,17.5025,2.8173,3.2197,3.2197,0.2858606557377051,0.0,0.0,1.0,1.0
2024-03-01,301120,4.413472706155641,88.7962,84.2507,62.1574,71.037,71.037,0.3393124065769805,0.0,0.0,1.0,1.0
2024-03-01,301136,1.6025641025640969,14.1769,28.0258,9.9239,11.3416,11.3416,0.1657859973579921,0.0,0.0,0.8289299867899604,1.0
2024-03-01,301198,3.6257309941520433,69.4344,69.514,48.6041,55.5475,55.5475,0.3016759776536313,0.0,0.0,1.0,1.0
2024-03-01,301228,2.4096385542168752,37.2009,45.9979,26.0406,29.7607,29.7607,0.1881380651434127,0.0,0.0,0.9406903257170635,1.0
2024-03-01,301265,2.2222222222222365,31.8347,36.9584,22.2843,25.4677,25.4677,0.42546583850931663,0.0,0.0,1.0,1.0
2024-03-01,301558,1.278772378516635,5.765,5.765,5.765,5.765,5.765,,0.0,0.0,,0.0
2024-03-01,600506,3.831417624521083,74.7281,74.2647,52.3096,59.7825,59.7825,0.275889328063241,0.0,0.0,1.0,1.0
2024-03-01,600615,2.1450459652706977,29.5504,35.7368,20.6853,23.6403,23.6403,0.3951734539969831,0.0,0.0,1.0,1.0
2024-03-01,600697,1.4231499051233332,9.2096,22.9232,6.4467,7.3677,7.3677,0.22222222222222213,0.0,0.0,1.0,1.0
2024-03-01,603042,2.2727272727272707,33.6113,41.3778,23.5279,26.8891,26.8891,0.2755644090305445,0.0,0.0,1.0,1.0
2024-03-01,603679,1.9305019305019488,22.8064,32.162,15.9645,18.2451,18.2451,0.30415561450044204,0.0,0.0,1.0,1.0
2024-03-01,603810,1.2807881773398977,5.9101,20.7557,4.1371,4.7281,4.7281,0.1986166007905138,0.0,0.0,0.993083003952569,1.0
2024-03-01,603829,1.6170212765957315,14.7571,25.2361,10.3299,11.8057,11.8057,0.32847533632287,0.0,0.0,1.0,1.0
2024-03-01,603955,2.3519163763066064,35.3517,44.1816,24.7462,28.2814,28.2814,0.20498830865159792,0.0,0.0,1.0,1.0
2024-03-01,605069,2.5679758308157163,41.298,49.0149,28.9086,33.0384,33.0384,0.20117762512266926,0.0,0.0,1.0,1.0
2024-03-01,605208,1.646706586826352,15.8448,26.7109,11.0914,12.6759,12.6759,0.2982456140350877,0.0,0.0,1.0,1.0
2024-03-04,000668,3.7082818294190467,71.7829,70.0692,50.248,57.4263,57.4263,0.3678571428571428,0.0,0.0,1.0,1.0
2024-03-04,001217,2.5787965616045794,41.8045,49.2991,29.2631,33.4436,33.4436,0.20722269991401546,0.0,0.0,1.0,1.0
2024-03-04,001318,1.3100436681222627,6.9375,20.3921,4.8562,5.55,5.55,0.25789473684210523,0.0,0.0,1.0,1.0
2024-03-04,002823,2.628811777076767,43.4579,47.0391,30.4206,34.7664,34.7664,0.3863636363636363,0.0,0.0,1.0,1.0
2024-03-04,002826,1.6290726817042467,15.7081,26.3149,10.9957,12.5665,12.5665,0.3125810635538263,0.0,0.0,1.0,1.0
2024-03-04,002828,1.3333333333333197,7.3688,21.3154,5.1582,5.895,5.895,0.2289823008849558,0.0,0.0,1.0,1.0
2024-03-04,002861,2.985074626865658,52.3005,55.7105,36.6104,41.8404,41.8404,0.30649588289112545,0.0,0.0,1.0,1.0
2024-03-04,002900,2.85110876451955,49.8562,53.645,34.8994,39.885,39.885,0.312,0.0,0.0,1.0,1.0
2024-03-04,002949,2.5072324011572,39.8634,45.9328,27.9044,31.8907,31.8907,0.2978959025470651,0.0,0.0,1.0,1.0
2024-03-04,002972,1.1723329425556983,4.0618,16.5423,2.8433,3.2495,3.2495,0.3353584447144593,0.0,0.0,1.0,1.0
2024-03-04,300313,1.1273957158963066,2.9835,15.7394,2.0884,2.3868,2.3868,0.33236714975845405,0.0,0.0,1.0,1.0
2024-03-04,300565,1.4468085106382977,10.1006,20.1899,7.0705,8.0805,8.0805,0.39453125000000006,0.0,0.0,1.0,1.0
2024-03-04,300650,1.7489711934156382,19.1589,29.6896,13.4112,15.3271,15.3271,0.2818733738074589,0.0,0.0,1.0,1.0
2024-03-04,300675,1.6964285714285765,17.7211,27.173,12.4047,14.1769,14.1769,0.3501945525291828,0.0,0.0,1.0,1.0
2024-03-04,300753,1.016949152542379,0.4673,13.6008,0.3271,0.3738,0.3738,0.3386524822695035,0.0,0.0,1.0,1.0
2024-03-04,300884,2.362948960302469,35.8375,40.6246,25.0863,28.67,28.67,0.4022727272727272,0.0,0.0,1.0,1.0
2024-03-04,300961,3.007518796992481,52.5881,55.713,36.8116,42.0705,42.0705,0.3178717598908595,0.0,0.0,1.0,1.0
2024-03-04,300967,1.0764262648008671,1.6894,15.6281,1.1826,1.3515,1.3515,0.2861736334405144,0.0,0.0,1.0,1.0
2024-03-04,300968,4.214963119072701,84.2919,79.6303,59.0043,67.4335,67.4335,0.39016018306636163,0.0,0.0,1.0,1.0
2024-03-04,301009,3.7780401416765086,73.5802,73.6454,51.5061,58.8641,58.8641,0.26093750000000004,0.0,0.0,1.0,1.0
2024-03-04,301013,3.7620297462817254,73.005,71.7615,51.1035,58.404,58.404,0.3321247280638144,0.0,0.0,1.0,1.0
2024-03-04,301032,4.39093484419264,88.2459,84.4194,61.7721,70.5967,70.5967,0.3088642659279778,0.0,0.0,1.0,1.0
2024-03-04,301056,1.8276762402088753,20.9561,28.4256,14.6693,16.7649,16.7649,0.41696750902527085,0.0,0.0,1.0,1.0
2024-03-04,301060,1.9512195121951237,24.1553,33.3611,16.9087,19.3242,19.3242,0.298155737704918,0.0,0.0,1.0,1.0
2024-03-04,301120,2.3359288097886566,35.4062,40.4027,24.7843,28.3249,28.3249,0.3961136023916294,0.0,0.0,1.0,1.0
2024-03-04,301265,2.3809523809523947,36.4845,39.8077,25.5392,29.1876,29.1876,0.4689984101748808,0.0,0.0,1.0,1.0
2024-03-04,301332,1.1904761904762085,4.4213,15.1516,3.0949,3.537,3.537,0.41927083333333337,0.0,0.0,1.0,1.0
2024-03-04,600272,1.85185185185186,21.4594,32.3775,15.0216,17.1675,17.1675,0.23950056753688995,0.0,0.0,1.0,1.0
2024-03-04,603042,1.5111111111111075,11.6822,23.5025,8.1776,9.3458,9.3458,0.2921646746347942,0.0,0.0,1.0,1.0
2024-03-04,603079,1.1615628299894487,3.6305,17.5739,2.5413,2.9044,2.9044,0.2665222101841821,0.0,0.0,1.0,1.0
2024-03-04,603122,1.8604651162790864,21.5313,30.5405,15.0719,17.225,17.225,0.33422459893048134,0.0,0.0,1.0,1.0
2024-03-04,603269,4.8192771084337505,97.0165,90.3237,67.9116,77.6132,77.6132,0.36447638603696075,0.0,0.0,1.0,1.0
2024-03-04,603677,3.3697632058287796,62.509,62.2636,43.7563,50.0072,50.0072,0.38717948717948736,0.0,0.0,1.0,1.0
2024-03-06,000880,3.0450669914738215,53.4212,55.0248,37.3949,42.737,42.737,0.3856088560885611,0.0,0.0,1.0,1.0
2024-03-06,000929,2.8831562974203306,50.0,53.8004,35.0,40.0,40.0,0.30998248686514884,0.0,0.0,1.0,1.0
2024-03-06,002205,1.708278580814726,18.1397,30.4209,12.6978,14.5118,14.5118,0.20454545454545464,0.0,0.0,1.0,1.0
2024-03-06,002778,2.5104602510460206,38.9522,46.3999,27.2666,31.1618,31.1618,0.23809523809523805,0.0,0.0,1.0,1.0
2024-03-06,002805,3.642987249544638,69.5296,70.8445,48.6707,55.6237,55.6237,0.2389558232931728,0.0,0.0,1.0,1.0
2024-03-06,002806,2.0782396088019572,28.047,36.7142,19.6329,22.4376,22.4376,0.28617363344051444,0.0,0.0,1.0,1.0
2024-03-06,002823,2.9787234042553123,51.7819,54.0107,36.2473,41.4255,41.4255,0.3707386363636364,0.0,0.0,1.0,1.0
2024-03-06,002828,1.728395061728416,18.5674,30.6061,12.9971,14.8539,14.8539,0.21238938053097342,0.0,0.0,1.0,1.0
2024-03-06,002857,4.076086956521752,80.5773,78.294,56.4041,64.4619,64.4619,0.30839567747298413,0.0,0.0,1.0,1.0
2024-03-06,002899,2.04255319148936,26.8354,35.0167,18.7847,21.4683,21.4683,0.3225806451612904,0.0,0.0,1.0,1.0
2024-03-06,300243,3.1722054380664666,56.8425,59.4979,39.7897,45.474,45.474,0.298804780876494,0.0,0.0,1.0,1.0
2024-03-06,300340,1.3349514563106624,7.5909,20.4635,5.3136,6.0727,6.0727,0.2804597701149426,0.0,0.0,1.0,1.0
2024-03-06,300399,1.4939309056956063,11.2972,18.8678,7.9081,9.0378,9.0378,0.5084967320261436,0.0,0.0,0.9830065359477127,1.0
2024-03-06,300478,2.8508771929824706,49.3585,53.5464,34.551,39.4868,39.4868,0.2970183486238531,0.0,0.0,1.0,1.0
2024-03-06,300484,3.8596491228070295,75.0535,73.899,52.5374,60.0428,60.0428,0.30718954248366015,0.0,0.0,1.0,1.0
2024-03-06,300515,4.678362573099415,93.9772,89.1028,65.784,75.1818,75.1818,0.30394736842105263,0.0,0.0,1.0,1.0
2024-03-06,300535,2.7312775330396555,46.0086,50.588,32.206,36.8068,36.8068,0.3109404990403071,0.0,0.0,1.0,1.0
2024-03-06,300539,3.694874851013097,71.0264,71.8756,49.7185,56.8211,56.8211,0.24727272727272726,0.0,0.0,1.0,1.0
2024-03-06,300562,1.7010935601458055,17.712,27.6824,12.3984,14.1696,14.1696,0.3243626062322947,0.0,0.0,1.0,1.0
2024-03-06,300563,1.0265183917878673,0.7484,13.1609,0.5239,0.5987,0.5987,0.3718929254302102,0.0,0.0,1.0,1.0
2024-03-06,300565,1.9197207678882888,22.9865,31.0649,16.0905,18.3892,18.3892,0.36621093750000017,0.0,0.0,1.0,1.0
2024-03-06,300585,2.6132404181184565,42.0171,47.518,29.412,33.6137,33.6137,0.30478589420654917,0.0,0.0,1.0,1.0
2024-03-06,300611,2.411167512690371,36.7427,43.2959,25.7199,29.3942,29.3942,0.30491329479768786,0.0,0.0,1.0,1.0
2024-03-06,300635,1.6853932584269815,17.2131,27.246,12.0492,13.7705,13.7705,0.3262233375156837,0.0,0.0,1.0,1.0
2024-03-06,300649,1.8404907975460016,21.4897,33.52,15.0428,17.1917,17.1917,0.1835842642059252,0.0,0.0,0.9179213210296259,1.0
2024-03-06,300665,3.4364261168384758,64.469,65.8158,45.1283,51.5752,51.5752,0.28796844181459563,0.0,0.0,1.0,1.0
2024-03-06,300703,3.164556962025311,56.6287,59.2678,39.6401,45.3029,45.3029,0.3017543859649124,0.0,0.0,1.0,1.0
2024-03-06,300721,1.2295081967213184,5.31,19.5039,3.717,4.248,4.248,0.23720930232558146,0.0,0.0,1.0,1.0
2024-03-06,300730,2.02578268876612,26.3364,32.0575,18.4355,21.0691,21.0691,0.4505813953488371,0.0,0.0,1.0,1.0
2024-03-06,300743,1.0912698412698374,2.2452,15.4537,1.5716,1.7962,1.7962,0.3171247357293868,0.0,0.0,1.0,1.0
2024-03-06,300753,2.733686067019403,46.0798,50.9064,32.2559,36.8639,36.8639,0.2978723404255319,0.0,0.0,1.0,1.0
2024-03-06,300771,3.689567430025442,70.9551,70.0623,49.6686,56.7641,56.7641,0.3350877192982457,0.0,0.0,1.0,1.0
2024-03-06,300817,4.48154657293498,90.2708,85.0199,63.1896,72.2167,72.2167,0.3598369011213048,0.0,0.0,1.0,1.0
2024-03-06,300828,3.040834057341435,53.2074,55.4276,37.2452,42.5659,42.5659,0.35691759947216406,0.0,0.0,1.0,1.0
2024-03-06,300885,4.591104734576756,92.623,86.266,64.8361,74.0984,74.0984,0.3916184971098266,0.0,0.0,1.0,1.0
2024-03-06,300889,2.6266416510319024,42.5873,47.7036,29.8111,34.0699,34.0699,0.31831255992329816,0.0,0.0,1.0,1.0
2024-03-06,300943,1.3120899718837897,7.0919,16.1805,4.9644,5.6736,5.6736,0.47465437788018433,0.0,0.0,1.0,1.0
2024-03-06,300948,1.8054162487462388,20.6344,31.4901,14.444,16.5075,16.5075,0.2508680555555556,0.0,0.0,1.0,1.0
2024-03-06,300978,1.036757775683328,1.1048,15.7742,0.7733,0.8838,0.8838,0.25548060708263065,0.0,0.0,1.0,1.0
2024-03-06,300993,4.4025157232704615,88.4177,83.1351,61.8924,70.7341,70.7341,0.37995337995337986,0.0,0.0,1.0,1.0
2024-03-06,301013,4.067197170645431,80.3635,77.8224,56.2545,64.2908,64.2908,0.32342277012327786,0.0,0.0,1.0,1.0
2024-03-06,301027,1.0975609756097349,2.3165,16.4711,1.6215,1.8532,1.8532,0.2691029900332225,0.0,0.0,1.0,1.0
2024-03-06,301028,2.5798525798525818,41.0192,46.3587,28.7135,32.8154,32.8154,0.32283464566929143,0.0,0.0,1.0,1.0
2024-03-06,301032,1.1494252873563093,3.6351,17.0078,2.5445,2.9081,2.9081,0.2950138504155124,0.0,0.0,1.0,1.0
2024-03-06,301066,1.4659685863874339,10.727,24.0518,7.5089,8.5816,8.5816,0.22649223221586262,0.0,0.0,1.0,1.0
2024-03-06,301079,4.083484573502738,80.7912,79.6067,56.5538,64.6329,64.6329,0.2513128282070517,0.0,0.0,1.0,1.0
2024-03-06,301149,3.656126482213451,70.0998,66.8763,49.0699,56.0798,56.0798,0.4601769911504422,0.0,0.0,1.0,1.0
2024-03-06,301198,3.1325301204819356,55.8446,59.2008,39.0912,44.6757,44.6757,0.27374301675977647,0.0,0.0,1.0,1.0
2024-03-06,301228,2.7410207939508435,46.2937,53.3895,32.4056,37.0349,37.0349,0.1822709163346614,0.0,0.0,0.9113545816733069,1.0
2024-03-06,301332,1.6949152542373058,17.5695,26.4514,37.2986,29.0556,29.0556,0.38020833333333326,1.0,0.0,1.0,1.0
2024-03-06,600689,1.558752997601931,13.578,27.0224,9.5046,10.8624,10.8624,0.19199999999999992,0.0,0.0,0.9599999999999995,1.0
2024-03-06,601065,1.1494252873563093,3.6351,17.6203,2.5445,2.9081,2.9081,0.26438848920863334,0.0,0.0,1.0,1.0
2024-03-06,601083,1.098901098901095,2.459,2.459,2.459,2.459,2.459,,0.0,0.0,,0.0
2024-03-06,603045,2.7462121212121104,46.4006,51.7915,32.4804,37.1205,37.1205,0.26644736842105277,0.0,0.0,1.0,1.0
2024-03-06,603679,2.895752895752901,50.4277,54.259,35.2994,40.3421,40.3421,0.30415561450044204,0.0,0.0,1.0,1.0
2024-03-06,603810,2.780638516992795,47.2202,54.6734,33.0542,37.7762,37.7762,0.15513833992094864,0.0,0.0,0.7756916996047432,1.0
2024-03-06,603955,2.8444444444444494,49.1447,55.5745,34.4013,39.3158,39.3158,0.18706157443491814,0.0,0.0,0.9353078721745907,1.0
2024-03-06,605208,2.488335925349938,38.2395,45.4241,26.7676,30.5916,30.5916,0.25837320574162687,0.0,0.0,1.0,1.0
2024-03-06,605298,1.3725490196078383,8.5175,20.7154,5.9622,6.814,6.814,0.3049281314168377,0.0,0.0,1.0,1.0
2024-03-08,002058,1.1331444759207,3.2736,15.1593,2.2915,2.6189,2.6189,0.3729792147806004,0.0,0.0,1.0,1.0
2024-03-08,002735,4.444444444444451,89.2833,83.4003,62.4983,71.4266,71.4266,0.401315789473684,0.0,0.0,1.0,1.0
2024-03-08,002848,1.6826923076923128,17.6775,28.0034,12.3742,14.142,14.142,0.3069306930693069,0.0,0.0,1.0,1.0
2024-03-08,002861,1.5267175572519331,12.7843,24.4818,8.949,10.2274,10.2274,0.2872827081427264,0.0,0.0,1.0,1.0
2024-03-08,002972,4.157782515991459,82.4604,77.1955,57.7223,65.9683,65.9683,0.43863912515188347,0.0,0.0,1.0,1.0
2024-03-08,300313,3.3333333333333437,61.8539,61.4251,43.2977,49.4831,49.4831,0.4028985507246377,0.0,0.0,1.0,1.0
2024-03-08,300340,1.1918951132300348,4.7898,17.8778,3.3529,3.8318,3.8318,0.29770114942528747,0.0,0.0,1.0,1.0
2024-03-08,300399,1.2428298279158811,5.8236,15.1425,4.0765,4.6589,4.6589,0.4758169934640522,0.0,0.0,1.0,1.0
2024-03-08,300500,2.74122807017545,46.8298,52.7227,32.7808,37.4638,37.4638,0.23705722070844684,0.0,0.0,1.0,1.0
2024-03-08,300521,2.8806584362139898,50.3446,52.0662,35.2412,40.2757,40.2757,0.4104712041884817,0.0,0.0,1.0,1.0
2024-03-08,300546,1.3111888111888126,7.3398,18.9341,5.1378,5.8718,5.8718,0.3468858131487889,0.0,0.0,1.0,1.0
2024-03-08,300561,1.585623678646919,14.5762,24.0738,10.2033,11.6609,11.6609,0.37935483870967757,0.0,0.0,1.0,1.0
2024-03-08,300565,2.3851590106007015,36.4921,42.1429,25.5445,29.1937,29.1937,0.3525390625000001,0.0,0.0,1.0,1.0
2024-03-08,300588,4.429678848283514,88.8697,85.5241,62.2088,71.0958,71.0958,0.278584392014519,0.0,0.0,1.0,1.0
2024-03-08,300605,1.6267942583731987,16.0924,25.2743,11.2646,12.8739,12.8739,0.37997847147470387,0.0,0.0,1.0,1.0
2024-03-08,300650,1.5873015873016039,14.714,26.6021,10.2998,11.7712,11.7712,0.2584562012142238,0.0,0.0,1.0,1.0
2024-03-08,300665,3.104575163398682,55.858,57.7436,39.1006,44.6864,44.6864,0.3471400394477318,0.0,0.0,1.0,1.0
2024-03-08,300719,3.1761308950914113,57.4431,58.5069,40.2102,45.9545,45.9545,0.3723797780517881,0.0,0.0,1.0,1.0
2024-03-08,300730,1.8129770992366456,21.399,28.844,14.9793,17.1192,17.1192,0.41375968992248063,0.0,0.0,1.0,1.0
2024-03-08,300749,2.110389610389607,29.6003,38.9265,20.7202,23.6802,23.6802,0.2376847290640393,0.0,0.0,1.0,1.0
2024-03-08,300771,2.2471910112359605,32.9083,39.0986,23.0358,26.3267,26.3267,0.36140350877192967,0.0,0.0,1.0,1.0
2024-03-08,300819,4.674610449129246,93.8318,89.1954,65.6823,75.0655,75.0655,0.29350348027842216,0.0,0.0,1.0,1.0
2024-03-08,300968,3.005181347150243,52.481,53.8155,36.7367,41.9848,41.9848,0.4084668192219679,0.0,0.0,1.0,1.0
2024-03-08,301013,1.4795474325500324,11.2336,22.2574,7.8635,8.9869,8.9869,0.33647570703408275,0.0,0.0,1.0,1.0
2024-03-08,301048,3.6247334754797356,69.0903,66.782,48.3632,55.2722,55.2722,0.4245115452930731,0.0,0.0,1.0,1.0
2024-03-08,301120,1.6981132075471583,18.3666,21.9579,32.3858,29.6933,28.3256,0.6367713004484304,1.0,0.0,0.7264573991031391,1.0
2024-03-08,600272,4.037267080745366,79.4969,78.5483,55.6478,63.5975,63.5975,0.252463054187192,0.0,0.0,1.0,1.0
2024-03-08,600689,1.9953051643192499,26.0855,36.5484,18.2598,20.8684,20.8684,0.2159999999999999,0.0,0.0,1.0,1.0
2024-03-08,601133,3.125,56.0648,57.7822,39.2453,44.8518,44.8518,0.3534822601839685,0.0,0.0,1.0,1.0
2024-03-08,603679,3.653846153846141,70.1241,69.9454,49.0868,56.0992,56.0992,0.30769230769230776,0.0,0.0,1.0,1.0
2024-03-08,605155,1.3559322033898091,8.3735,21.3628,5.8615,6.6988,6.6988,0.26680244399185354,0.0,0.0,1.0,1.0
2024-03-11,000929,2.7900146842878115,48.0438,51.3279,33.6306,38.435,38.435,0.35535714285714276,0.0,0.0,1.0,1.0
2024-03-11,001322,1.5957446808510634,15.2851,28.7925,10.6996,12.2281,12.2281,0.17177914110429449,0.0,0.0,0.8588957055214724,1.0
2024-03-11,001366,3.9111111111111097,77.0889,76.968,53.9622,61.6711,61.6711,0.23515248796147667,0.0,0.0,1.0,1.0
2024-03-11,002780,1.6098484848484862,15.5504,27.9032,10.8853,12.4403,12.4403,0.2268578878748371,0.0,0.0,1.0,1.0
2024-03-11,002806,3.975903614457832,78.6804,76.9636,55.0763,62.9443,62.9443,0.29903536977491973,0.0,0.0,1.0,1.0
2024-03-11,002826,1.1378002528444897,3.4151,16.6621,2.3906,2.7321,2.7321,0.3035019455252919,0.0,0.0,1.0,1.0
2024-03-11,002853,1.912260967379087,24.0385,35.5001,16.8269,19.2308,19.2308,0.1865325077399381,0.0,0.0,0.9326625386996904,1.0
2024-03-11,002861,3.329752953813081,62.1684,63.7329,43.5179,49.7347,49.7347,0.3000914913083258,0.0,0.0,1.0,1.0
2024-03-11,002871,3.1746031746031633,57.6923,58.1326,40.3846,46.1538,46.1538,0.40106007067137805,0.0,0.0,1.0,1.0
2024-03-11,002949,3.7974683544304,73.9721,72.8989,51.7805,59.1777,59.1777,0.3139393939393938,0.0,0.0,1.0,1.0
2024-03-11,300306,1.6145307769929396,15.8156,21.6509,34.0677,27.6525,27.1517,0.5500821018062396,1.0,0.0,0.8998357963875208,1.0
2024-03-11,300314,2.8846153846153744,50.63,52.617,35.441,40.504,40.504,0.39434889434889436,0.0,0.0,1.0,1.0
2024-03-11,300399,3.2105760151085905,58.5212,56.9608,40.9649,46.817,46.817,0.4928104575163398,0.0,0.0,1.0,1.0
2024-03-11,300417,1.5018773466833446,12.1021,22.3002,8.4715,9.6817,9.6817,0.36907449209932286,0.0,0.0,1.0,1.0
2024-03-11,300437,4.422869471413171,89.0252,84.8149,62.3176,71.2202,71.2202,0.32026143790849665,0.0,0.0,1.0,1.0
2024-03-11,300484,3.2438478747203847,59.5159,60.4493,41.6611,47.6127,47.6127,0.3581699346405227,0.0,0.0,1.0,1.0
2024-03-11,300500,2.0277481323372593,27.4204,36.5604,19.1943,21.9363,21.9363,0.268796992481203,0.0,0.0,1.0,1.0
2024-03-11,300546,2.5021570319240904,39.5557,44.3782,27.689,31.6446,31.6446,0.36331877729257644,0.0,0.0,1.0,1.0
2024-03-11,300561,2.0811654526535106,29.3435,34.8435,45.5405,38.4748,38.4748,0.4315642458100558,1.0,0.0,1.0,1.0
2024-03-11,300562,4.066985645933019,80.7361,77.7333,56.5153,64.5889,64.5889,0.34277620396600544,0.0,0.0,1.0,1.0
2024-03-11,300588,1.378579003181346,9.2507,21.1029,6.4755,7.4005,7.4005,0.31488203266787657,0.0,0.0,1.0,1.0
2024-03-11,300605,1.883239171374762,23.1764,30.5756,16.2235,18.5411,18.5411,0.3982777179763185,0.0,0.0,1.0,1.0
2024-03-11,300611,3.6674816625916984,71.0212,69.8517,49.7149,56.817,56.817,0.3482658959537573,0.0,0.0,1.0,1.0
2024-03-11,300649,2.931034482758621,51.1605,57.0721,35.8123,40.9284,40.9284,0.19281204468188437,0.0,0.0,0.9640602234094218,1.0
2024-03-11,300650,3.0208333333333393,53.2825,57.1967,37.2977,42.626,42.626,0.2714657415437988,0.0,0.0,1.0,1.0
2024-03-11,300665,1.267828843106189,6.3329,17.374,4.433,5.0663,5.0663,0.3846153846153845,0.0,0.0,1.0,1.0
2024-03-11,300719,3.8246268656716653,74.7679,71.5529,52.3375,59.8143,59.8143,0.41307028360049325,0.0,0.0,1.0,1.0
2024-03-11,300743,2.316602316602312,34.8475,40.9435,24.3932,27.878,27.878,0.3467230443974629,0.0,0.0,1.0,1.0
2024-03-11,300749,1.1128775834658322,2.8846,17.0052,2.0192,2.3077,2.3077,0.26512226512226506,0.0,0.0,1.0,1.0
2024-03-11,300854,2.534965034965042,40.4841,45.4788,28.3389,32.3873,32.3873,0.3454215775158659,0.0,0.0,1.0,1.0
2024-03-11,300884,1.1594202898550732,3.9456,15.6338,2.7619,3.1565,3.1565,0.37613636363636366,0.0,0.0,1.0,1.0
2024-03-11,300885,1.2178619756427755,5.4045,15.2774,3.7832,4.3236,4.3236,0.4523121387283237,0.0,0.0,1.0,1.0
2024-03-11,300947,3.066914498141271,54.8077,57.0063,38.3654,43.8462,43.8462,0.341991341991342,0.0,0.0,1.0,1.0
2024-03-11,300961,3.4168564920273425,64.622,63.1574,45.2354,51.6976,51.6976,0.42701227830832184,0.0,0.0,1.0,1.0
2024-03-11,300978,3.0131826741996326,53.0172,57.2873,37.1121,42.4138,42.4138,0.2563237774030354,0.0,0.0,1.0,1.0
2024-03-11,300981,3.6936936936937004,71.5849,71.4311,50.1094,57.2679,57.2679,0.2918410041841002,0.0,0.0,1.0,1.0
2024-03-11,300986,2.421307506053272,37.6989,45.9852,26.3893,30.1592,30.1592,0.20869565217391306,0.0,0.0,1.0,1.0
2024-03-11,300994,3.0181086519114775,53.0836,55.9536,37.1585,42.4668,42.4668,0.32566168009205976,0.0,0.0,1.0,1.0
2024-03-11,301025,3.076923076923088,55.4377,58.1097,38.8064,44.3501,44.3501,0.3120229007633587,0.0,0.0,1.0,1.0
2024-03-11,301028,1.5330188679245182,13.3621,23.1621,9.3534,10.6897,10.6897,0.3763779527559057,0.0,0.0,1.0,1.0
2024-03-11,301032,1.5089163237311576,12.3011,23.0264,8.6107,9.8408,9.8408,0.3407202216066481,0.0,0.0,1.0,1.0
2024-03-11,301060,3.8735983690111997,75.7626,75.5486,53.0338,60.6101,60.6101,0.25307377049180324,0.0,0.0,1.0,1.0
2024-03-11,301079,2.074330164217808,28.9456,37.305,20.2619,23.1565,23.1565,0.29257314328582146,0.0,0.0,1.0,1.0
2024-03-11,301120,4.359925788497221,87.7653,76.8387,79.6887,85.2122,83.5255,0.6686746987951805,1.0,0.0,0.662650602409639,1.0
2024-03-11,301149,2.8000000000000025,48.3422,49.895,33.8395,38.6737,38.6737,0.4389380530973451,0.0,0.0,1.0,1.0
2024-03-11,301256,3.5661218424962726,68.3355,67.1744,47.8349,54.6684,54.6684,0.37470167064439136,0.0,0.0,1.0,1.0
2024-03-11,600689,1.4959723820483495,11.9032,24.7492,8.3322,9.5225,9.5225,0.23866666666666655,0.0,0.0,1.0,1.0
2024-03-11,601022,1.4672686230248422,11.1737,24.6117,7.8216,8.939,8.939,0.2163661581137309,0.0,0.0,1.0,1.0
2024-03-11,601065,1.8633540372670732,22.8448,32.1099,15.9914,18.2759,18.2759,0.30830039525691705,0.0,0.0,1.0,1.0
2024-03-11,601083,1.098901098901095,2.4536,2.4536,2.4536,2.4536,2.4536,,0.0,0.0,,0.0
2024-03-11,603045,3.0881017257039067,55.7361,58.006,39.0153,44.5889,44.5889,0.3291428571428571,0.0,0.0,1.0,1.0
2024-03-11,603065,4.394531249999978,88.3621,86.7364,61.8534,70.6897,70.6897,0.19766309639727367,0.0,0.0,0.9883154819863683,1.0
2024-03-11,603122,1.4173228346456845,9.9138,21.7813,6.9397,7.931,7.931,0.3074866310160426,0.0,0.0,1.0,1.0
2024-03-11,603320,2.867072111207647,50.2321,52.7246,35.1625,40.1857,40.1857,0.37305224564619605,0.0,0.0,1.0,1.0
2024-03-11,603679,4.2671614100185495,85.5106,81.5827,59.8574,68.4085,68.4085,0.3412908930150309,0.0,0.0,1.0,1.0
2024-03-11,605162,2.5993883792049033,42.3408,46.5,29.6386,33.8727,33.8727,0.3686354378818736,0.0,0.0,1.0,1.0
2024-03-11,605567,4.504504504504503,91.1472,90.1829,63.8031,72.9178,72.9178,0.13674197384066583,0.0,0.0,0.6837098692033291,1.0
2024-03-12,000668,1.85185185185186,23.0915,31.0922,16.164,18.4732,18.4732,0.369047619047619,0.0,0.0,1.0,1.0
2024-03-12,000880,1.0526315789473717,1.2934,12.0679,0.9054,1.0347,1.0347,0.448339483394834,0.0,0.0,1.0,1.0
2024-03-12,000929,4.571428571428582,92.7129,86.3003,64.8991,74.1703,74.1703,0.3935018050541516,0.0,0.0,1.0,1.0
2024-03-12,001318,3.1358885017421567,57.8233,60.9955,40.4763,46.2587,46.2587,0.2631578947368422,0.0,0.0,1.0,1.0
2024-03-12,001322,3.874345549738223,76.5615,77.5069,53.5931,61.2492,61.2492,0.18711656441717794,0.0,0.0,0.9355828220858897,1.0
2024-03-12,002058,1.3232514177693888,7.7918,18.7969,5.4543,6.2334,6.2334,0.371824480369515,0.0,0.0,1.0,1.0
2024-03-12,002144,1.8120045300113352,21.9243,30.3471,15.347,17.5394,17.5394,0.3596153846153846,0.0,0.0,1.0,1.0
2024-03-12,002205,2.8025477707006363,49.1167,54.4752,34.3817,39.2934,39.2934,0.2409090909090909,0.0,0.0,1.0,1.0
2024-03-12,002778,4.174950298210733,83.7539,81.159,58.6278,67.0032,67.0032,0.29220779220779214,0.0,0.0,1.0,1.0
2024-03-12,002780,3.1686859273066137,58.6435,61.9344,41.0505,46.9148,46.9148,0.24902216427640164,0.0,0.0,1.0,1.0
2024-03-12,002806,3.0127462340671984,53.9432,56.4665,37.7603,43.1546,43.1546,0.33440514469453386,0.0,0.0,1.0,1.0
2024-03-12,002823,1.0245901639344357,0.7256,12.1429,0.5079,0.5804,0.5804,0.421875,0.0,0.0,1.0,1.0
2024-03-12,002826,3.3749999999999947,64.0694,64.952,44.8486,51.2555,51.2555,0.31517509727626464,0.0,0.0,1.0,1.0
2024-03-12,002828,2.0457280385078214,28.612,38.1772,20.0284,22.8896,22.8896,0.23561946902654882,0.0,0.0,1.0,1.0
2024-03-12,002848,3.0660377358490587,55.8044,58.1881,39.0631,44.6435,44.6435,0.3227722772277228,0.0,0.0,1.0,1.0
2024-03-12,002853,3.090507726269287,56.8139,61.4573,39.7697,45.4511,45.4511,0.19969040247678027,0.0,0.0,0.9984520123839014,1.0
2024-03-12,002861,2.598752598752596,42.8707,47.7275,30.0095,34.2965,34.2965,0.3284537968892954,0.0,0.0,1.0,1.0
2024-03-12,002890,2.936096718480119,52.2713,54.6991,36.5899,41.817,41.817,0.35589519650655027,0.0,0.0,1.0,1.0
2024-03-12,002900,4.210526315789487,84.7634,81.5022,59.3344,67.8107,67.8107,0.31542857142857145,0.0,0.0,1.0,1.0
2024-03-12,002949,1.5009380863039379,12.1451,22.3032,8.5016,9.7161,9.7161,0.3706467661691544,0.0,0.0,1.0,1.0
2024-03-12,003003,1.5348288075560657,13.47,23.2135,9.429,10.776,10.776,0.37812500000000027,0.0,0.0,1.0,1.0
2024-03-12,300306,1.7874875868917561,21.2303,25.4571,36.807,31.9842,31.2207,0.5763546798029557,1.0,0.0,0.8472906403940885,1.0
2024-03-12,300313,1.2072434607645954,5.2681,15.4995,28.6877,19.2145,19.2145,0.43574879227053137,1.0,0.0,1.0,1.0
2024-03-12,300399,1.921317474839901,24.7634,29.0656,40.8442,34.8107,34.4382,0.5372549019607843,1.0,0.0,0.9254901960784314,1.0
2024-03-12,300417,2.5893958076448786,42.6183,46.4423,29.8328,34.0946,34.0946,0.38261851015801357,0.0,0.0,1.0,1.0
2024-03-12,300500,2.5104602510460206,40.4416,46.6202,28.3091,32.3533,32.3533,0.28665413533834594,0.0,0.0,1.0,1.0
2024-03-12,300539,2.9115341545352447,51.8297,55.5364,36.2808,41.4637,41.4637,0.29636363636363633,0.0,0.0,1.0,1.0
2024-03-12,300561,1.9367991845055776,25.5205,31.2136,42.8644,35.4164,35.4164,0.4601398601398603,1.0,0.0,1.0,1.0
2024-03-12,300562,2.9885057471264576,53.47,54.9573,37.429,42.776,42.776,0.3909348441926344,0.0,0.0,1.0,1.0
2024-03-12,300588,3.03347280334727,54.795,57.3024,38.3565,43.836,43.836,0.3266787658802178,0.0,0.0,1.0,1.0
2024-03-12,300605,2.865064695009245,50.8202,52.26,35.5741,40.6562,40.6562,0.4198062432723358,0.0,0.0,1.0,1.0
2024-03-12,300611,1.6509433962264008,17.4448,26.1235,12.2114,13.9558,13.9558,0.3916184971098267,0.0,0.0,1.0,1.0
2024-03-12,300635,2.813852813852802,49.3691,51.738,34.5584,39.4953,39.4953,0.38786279683377317,0.0,0.0,1.0,1.0
2024-03-12,300650,1.8200202224468942,22.3028,31.9099,15.612,17.8423,17.8423,0.2966175195143106,0.0,0.0,1.0,1.0
2024-03-12,300675,2.888086642599297,51.5142,53.4866,36.0599,41.2114,41.2114,0.38623751387347394,0.0,0.0,1.0,1.0
2024-03-12,300743,1.6037735849056656,15.489,24.9493,10.8423,12.3912,12.3912,0.3720930232558139,0.0,0.0,1.0,1.0
2024-03-12,300749,3.1446540880502916,58.0126,60.9275,40.6088,46.4101,46.4101,0.27413127413127414,0.0,0.0,1.0,1.0
2024-03-12,300819,2.8243601059134926,49.6845,52.9031,34.7792,39.7476,39.7476,0.3422273781902553,0.0,0.0,1.0,1.0
2024-03-12,300884,1.623686723973261,16.4984,25.4033,36.5489,28.1987,28.1987,0.38977272727272727,1.0,0.0,1.0,1.0
2024-03-12,300885,2.4064171122994527,37.8233,40.9523,26.4763,30.2587,30.2587,0.4653179190751447,0.0,0.0,1.0,1.0
2024-03-12,300889,2.7703306523682025,48.0442,51.0528,33.6309,38.4353,38.4353,0.36912751677852346,0.0,0.0,1.0,1.0
2024-03-12,300929,4.307334109429584,86.877,81.6988,60.8139,69.5016,69.5016,0.3901408450704225,0.0,0.0,1.0,1.0
2024-03-12,300947,3.5166816952209246,68.1073,66.9317,47.6751,54.4858,54.4858,0.3777056277056277,0.0,0.0,1.0,1.0
2024-03-12,300948,2.401536983669561,37.6972,43.4643,26.388,30.1577,30.1577,0.33467336683417076,0.0,0.0,1.0,1.0
2024-03-12,300967,3.154574132492116,58.2019,60.3664,40.7413,46.5615,46.5615,0.3097534833869238,0.0,0.0,1.0,1.0
2024-03-12,300978,2.376599634369292,36.9085,43.8607,50.836,44.5268,44.5268,0.28330522765598654,1.0,0.0,1.0,1.0
2024-03-12,300981,1.5638575152041811,14.2902,24.7376,10.0032,11.4322,11.4322,0.33472803347280317,0.0,0.0,1.0,1.0
2024-03-12,300994,1.85546875,23.1861,31.3452,16.2303,18.5489,18.5489,0.36018411967779057,0.0,0.0,1.0,1.0
2024-03-12,301025,1.2629161882893092,6.2776,18.2854,4.3943,5.0221,5.0221,0.3368320610687024,0.0,0.0,1.0,1.0
2024-03-12,301027,3.760282021151573,74.0379,72.4565,51.8265,59.2303,59.2303,0.33868974042027206,0.0,0.0,1.0,1.0
2024-03-12,301028,1.7421602787456525,20.4101,28.3911,14.2871,16.3281,16.3281,0.3968503937007874,0.0,0.0,1.0,1.0
2024-03-12,301032,1.75675675675675,20.6625,29.4109,14.4637,16.53,16.53,0.35595567867036015,0.0,0.0,1.0,1.0
2024-03-12,301060,2.3552502453385804,36.2461,43.1567,25.3722,28.9968,28.9968,0.29200819672131134,0.0,0.0,1.0,1.0
2024-03-12,301066,2.6422764227642226,44.3218,49.9439,31.0252,35.4574,35.4574,0.27567567567567564,0.0,0.0,1.0,1.0
2024-03-12,301116,3.9215686274509887,77.9495,76.9434,54.5647,62.3596,62.3596,0.27081021087680335,0.0,0.0,1.0,1.0
2024-03-12,301120,1.4222222222222136,10.2524,13.3456,22.4641,23.2019,20.7738,0.7428139183055977,1.0,0.0,0.5143721633888045,1.0
2024-03-12,301126,3.7444933920705026,73.5962,72.6787,51.5174,58.877,58.877,0.3099121706398997,0.0,0.0,1.0,1.0
2024-03-12,301136,2.0898641588296796,30.0631,39.4167,21.0442,24.0505,24.0505,0.23168654173764902,0.0,0.0,1.0,1.0
2024-03-12,301149,2.9182879377432025,51.9558,51.7948,36.3691,41.5647,41.5647,0.4884955752212389,0.0,0.0,1.0,1.0
2024-03-12,301198,1.81818181818183,22.1136,31.0987,15.4795,17.6909,17.6909,0.3296089385474861,0.0,0.0,1.0,1.0
2024-03-12,301228,2.82074613284804,49.6215,54.0522,34.735,39.6972,39.6972,0.282246879334258,0.0,0.0,1.0,1.0
2024-03-12,301558,2.249134948096887,33.6909,33.6909,33.6909,33.6909,33.6909,,0.0,0.0,,0.0
2024-03-12,600272,2.985074626865658,53.3754,56.6905,37.3628,42.7003,42.7003,0.3004926108374385,0.0,0.0,1.0,1.0
2024-03-12,600689,2.6077097505669,43.2492,49.4794,30.2744,34.5994,34.5994,0.256,0.0,0.0,1.0,1.0
2024-03-12,601022,1.8909899888765347,24.0063,34.5171,16.8044,19.205,19.205,0.23439667128987524,0.0,0.0,1.0,1.0
2024-03-12,601065,1.1178861788617933,3.0599,15.3604,2.142,2.4479,2.4479,0.35437881873727095,0.0,0.0,1.0,1.0
2024-03-12,601083,1.0869565217391575,2.2082,2.2082,2.2082,2.2082,2.2082,,0.0,0.0,,0.0
2024-03-12,603006,3.688092729188619,72.2713,72.5577,50.5899,57.817,57.817,0.2629663330300273,0.0,0.0,1.0,1.0
2024-03-12,603042,2.155172413793105,31.388,38.8023,21.9716,25.1104,25.1104,0.3154050464807437,0.0,0.0,1.0,1.0
2024-03-12,603045,1.0572687224669641,1.4196,13.7672,0.9937,1.1356,1.1356,0.3684210526315789,0.0,0.0,1.0,1.0
2024-03-12,603122,2.329192546583836,35.8675,42.063,25.1073,28.694,28.694,0.3315508021390376,0.0,0.0,1.0,1.0
2024-03-12,603506,3.2926829268292934,61.9874,64.6997,43.3912,49.5899,49.5899,0.2445095168374816,0.0,0.0,1.0,1.0
2024-03-12,603759,2.209131075110471,32.5237,38.6911,22.7666,26.0189,26.0189,0.3663911845730029,0.0,0.0,1.0,1.0
2024-03-12,603810,1.2867647058823373,7.0978,20.2632,4.9685,5.6782,5.6782,0.2707509881422925,0.0,0.0,1.0,1.0
2024-03-12,605069,1.724137931034475,19.7161,30.4201,13.8013,15.7729,15.7729,0.2676371780515117,0.0,0.0,1.0,1.0
2024-03-12,605180,4.9266247379455175,98.7697,93.6968,69.1388,79.0158,79.0158,0.26594700686947975,0.0,0.0,1.0,1.0
2024-03-12,605580,1.6538037486218293,17.571,24.9964,12.2997,14.0568,14.0568,0.453020134228188,0.0,0.0,1.0,1.0
2024-03-13,000586,2.538531278331835,41.51,42.5335,52.708,48.208,47.8708,0.5337243401759529,1.0,0.0,0.9325513196480941,1.0
2024-03-13,000668,1.4545454545454417,11.3722,21.3596,7.9605,9.0977,9.0977,0.38690476190476186,0.0,0.0,1.0,1.0
2024-03-13,002058,1.4925373134328401,12.2494,22.0397,33.5746,24.7995,24.7995,0.38799076212471134,1.0,0.0,1.0,1.0
2024-03-13,002205,1.9826517967781898,27.099,36.1943,18.9693,21.6792,21.6792,0.27424242424242434,0.0,0.0,1.0,1.0
2024-03-13,002823,3.549695740365122,69.1103,66.5666,48.3772,55.2882,55.2882,0.4360795454545454,0.0,0.0,1.0,1.0
2024-03-13,002949,1.3863216266173817,9.8058,19.7414,6.864,7.8446,7.8446,0.4051612903225808,0.0,0.0,1.0,1.0
2024-03-13,003003,1.8604651162790642,23.6529,30.9536,16.557,18.9223,18.9223,0.39843750000000017,0.0,0.0,1.0,1.0
2024-03-13,003018,2.5578562728379994,42.1679,44.6997,29.5175,33.7343,33.7343,0.45173041894353366,0.0,0.0,1.0,1.0
2024-03-13,300611,1.044083526682127,1.2845,12.7906,0.8991,1.0276,1.0276,0.411849710982659,0.0,0.0,1.0,1.0
2024-03-13,300743,1.2070566388115322,5.4198,16.5346,3.7939,4.3358,4.3358,0.3900634249471458,0.0,0.0,1.0,1.0
2024-03-13,300771,1.4051522248243797,10.1817,19.0576,7.1272,8.1454,8.1454,0.4543859649122805,0.0,0.0,1.0,1.0
2024-03-13,300871,1.8129770992366234,22.3371,31.2262,15.636,17.8697,17.8697,0.332175925925926,0.0,0.0,1.0,1.0
2024-03-13,300884,1.2218045112781795,5.8584,16.5049,29.1009,19.6867,19.6867,0.4090909090909092,1.0,0.0,1.0,1.0
2024-03-13,300963,2.0387359836900876,28.7907,34.4326,20.1535,23.0326,23.0326,0.4300000000000001,0.0,0.0,1.0,1.0
2024-03-13,300978,1.0714285714285898,1.7857,15.324,26.25,16.4286,16.4286,0.30522765598650925,1.0,0.0,1.0,1.0
2024-03-13,300993,3.4482758620689724,66.5414,62.7902,70.6932,68.2331,68.0116,0.5221445221445224,1.0,0.0,0.9557109557109551,1.0
2024-03-13,300994,1.1505273250239867,4.1667,15.6924,2.9167,3.3333,3.3333,0.38204833141542,0.0,0.0,1.0,1.0
2024-03-13,301025,2.8344671201814053,50.2193,53.2289,35.1535,40.1754,40.1754,0.3473282442748092,0.0,0.0,1.0,1.0
2024-03-13,301032,1.3280212483399723,8.2707,19.1373,5.7895,6.6165,6.6165,0.373961218836565,0.0,0.0,1.0,1.0
2024-03-13,600615,1.5015015015015232,12.688,21.6436,33.8816,25.1504,25.1504,0.42533936651583704,1.0,0.0,1.0,1.0
2024-03-13,600697,1.4842300556586308,12.0614,24.5543,8.443,9.6491,9.6491,0.2547425474254739,0.0,0.0,1.0,1.0
2024-03-13,603006,1.117886178861771,3.1015,16.5849,2.1711,2.4812,2.4812,0.29481346678798903,0.0,0.0,1.0,1.0
2024-03-13,603810,2.6315789473684292,44.4549,49.8722,31.1184,35.5639,35.5639,0.284584980237154,0.0,0.0,1.0,1.0
2024-03-13,605580,3.253796095444672,61.3095,59.4839,42.9167,49.0476,49.0476,0.4781879194630875,0.0,0.0,1.0,1.0
2024-03-15,000668,3.510895883777243,68.8065,67.2833,73.1646,70.0452,70.0452,0.38809523809523805,1.0,0.0,1.0,1.0
2024-03-15,001217,1.1204481792717047,3.3454,18.1191,27.3418,17.6763,17.6763,0.22785898538263102,1.0,0.0,1.0,1.0
2024-03-15,001318,1.112061591103508,2.9837,16.387,27.0886,17.387,17.387,0.2999999999999999,1.0,0.0,1.0,1.0
2024-03-15,001366,1.4567266495287168,11.5431,23.8573,8.0802,9.2345,9.2345,0.26886035313001605,0.0,0.0,1.0,1.0
2024-03-15,002144,3.337041156840903,64.346,63.6691,70.0422,66.4768,66.4768,0.3903846153846156,1.0,0.0,1.0,1.0
2024-03-15,002205,1.3647642679900596,9.1923,21.8993,6.4346,7.3538,7.3538,0.2727272727272729,0.0,0.0,1.0,1.0
2024-03-15,002209,1.5783540022548115,15.5817,22.3666,35.7097,27.4653,27.416,0.5049365303244003,1.0,0.0,0.9901269393511993,1.0
2024-03-15,002806,2.828054298642524,50.4822,53.2475,60.3376,55.3858,55.3858,0.35691318327974275,1.0,0.0,1.0,1.0
2024-03-15,002823,1.5120967741935498,13.472,21.8855,34.4304,25.7776,25.7776,0.4446022727272727,1.0,0.0,1.0,1.0
2024-03-15,002826,1.5738498789346522,15.4611,25.3909,10.8228,12.3689,12.3689,0.3488975356679636,0.0,0.0,1.0,1.0
2024-03-15,002828,2.355712603062443,37.2212,44.6664,51.0549,44.777,44.777,0.2555309734513274,1.0,0.0,1.0,1.0
2024-03-15,002853,1.3948497854077146,9.9759,22.859,6.9831,7.9807,7.9807,0.2560865644724977,0.0,0.0,1.0,1.0
2024-03-15,003003,2.5316455696202667,41.6215,45.0472,29.135,33.2972,33.2972,0.4125000000000001,0.0,0.0,1.0,1.0
2024-03-15,300243,1.9444444444444375,26.1905,32.6655,43.3333,35.9524,35.9524,0.41434262948207173,1.0,0.0,1.0,1.0
2024-03-15,300340,1.9406392694063967,26.0699,34.0513,43.2489,35.8559,35.8559,0.3402298850574713,1.0,0.0,1.0,1.0
2024-03-15,300371,3.144016227180546,58.8608,60.0088,66.2025,62.0886,62.0886,0.35399159663865526,1.0,0.0,1.0,1.0
2024-03-15,300417,3.888213851761857,77.4262,74.0177,79.1983,76.9409,76.9409,0.3961625282167043,1.0,0.0,1.0,1.0
2024-03-15,300437,3.2673267326732702,62.598,61.3083,68.8186,65.0784,65.0784,0.4385026737967913,1.0,0.0,1.0,1.0
2024-03-15,300478,4.019138755980856,81.0428,75.8434,81.73,79.8342,79.8342,0.4495412844036697,1.0,0.0,1.0,1.0
2024-03-15,300515,4.2253521126760285,85.6239,80.1237,84.9367,83.4991,83.4991,0.41876750700280124,1.0,0.0,1.0,1.0
2024-03-15,300539,2.663706992230863,46.0217,50.7446,57.2152,51.8174,51.8174,0.3036363636363635,1.0,0.0,1.0,1.0
2024-03-15,300562,1.2499999999999734,6.4798,17.0819,29.5359,20.1838,20.1838,0.4050991501416431,1.0,0.0,1.0,1.0
2024-03-15,300588,1.116751269035543,3.1646,13.7901,27.2152,17.5316,17.5316,0.4370786516853933,1.0,0.0,1.0,1.0
2024-03-15,300605,2.2644927536231707,35.0512,39.1712,49.5359,43.041,43.041,0.4434876210979547,1.0,0.0,1.0,1.0
2024-03-15,300611,1.744186046511631,21.1875,28.7708,39.8312,31.95,31.95,0.40895953757225423,1.0,0.0,1.0,1.0
2024-03-15,300650,2.2244691607684386,34.1471,41.3853,48.903,42.3177,42.3177,0.2966175195143106,1.0,0.0,1.0,1.0
2024-03-15,300665,3.076923076923088,57.3538,57.4412,40.1477,45.8831,45.8831,0.42209072978303747,0.0,0.0,1.0,1.0
2024-03-15,300686,1.3959390862944288,10.0362,18.0952,32.0253,23.0289,23.0289,0.49668874172185434,1.0,0.0,1.0,1.0
2024-03-15,300719,4.035087719298236,81.1031,74.9441,81.7722,79.8825,79.8825,0.49691738594328,1.0,0.0,1.0,1.0
2024-03-15,300721,1.9730941704035665,27.1549,34.8247,44.0084,36.7239,36.7239,0.3449612403100776,1.0,0.0,1.0,1.0
2024-03-15,300749,1.9847328244274598,27.396,33.511,19.1772,21.9168,21.9168,0.4202898550724637,0.0,0.0,1.0,1.0
2024-03-15,300774,2.8402366863905293,50.9042,52.5368,60.6329,55.7233,55.7233,0.40932642487046633,1.0,0.0,1.0,1.0
2024-03-15,300884,2.186311787072248,32.821,38.3477,47.9747,41.2568,41.2568,0.39545454545454545,1.0,0.0,1.0,1.0
2024-03-15,300885,3.16622691292876,59.5238,58.0237,66.6667,62.619,62.619,0.47976878612716767,1.0,0.0,1.0,1.0
2024-03-15,300889,1.7467248908296984,21.2477,29.1171,39.8734,31.9982,31.9982,0.3940556088207095,1.0,0.0,1.0,1.0
2024-03-15,300929,3.724604966139955,74.2315,70.8218,51.962,59.3852,59.3852,0.42816901408450686,0.0,0.0,1.0,1.0
2024-03-15,300948,2.9795158286778367,54.0386,55.8741,37.827,43.2309,43.2309,0.36783919597989956,0.0,0.0,1.0,1.0
2024-03-15,300963,2.6130653266331905,44.2737,46.4189,55.9916,50.4189,50.4189,0.44999999999999973,1.0,0.0,1.0,1.0
2024-03-15,300968,2.2964509394572064,35.9554,40.7552,50.1688,43.7643,43.7643,0.40045766590389015,1.0,0.0,1.0,1.0
2024-03-15,300978,2.6929982046678402,46.8053,51.4409,57.7637,52.4442,52.4442,0.300168634064081,1.0,0.0,1.0,1.0
2024-03-15,300981,1.4655172413793105,11.8445,22.5927,33.2911,24.4756,24.4756,0.34414225941422577,1.0,0.0,1.0,1.0
2024-03-15,300986,1.7123287671233056,20.1025,31.0011,14.0717,16.082,16.082,0.2540453074433656,0.0,0.0,1.0,1.0
2024-03-15,301028,1.9562715765247374,26.6124,33.101,43.6287,36.2899,36.2899,0.4094488188976378,1.0,0.0,1.0,1.0
2024-03-15,301032,2.533333333333343,41.6817,45.9493,54.1772,48.3454,48.3454,0.36980609418282534,1.0,0.0,1.0,1.0
2024-03-15,301120,2.938388625592414,53.0741,49.6044,56.442,57.4593,56.0318,0.6427480916030535,1.0,0.0,0.7145038167938931,1.0
2024-03-15,301126,3.995680345572361,80.5606,77.7985,56.3924,64.4485,64.4485,0.3324968632371394,0.0,0.0,1.0,1.0
2024-03-15,301136,1.4568158168574596,11.6034,24.5808,33.1224,24.2827,24.2827,0.23509369676320266,1.0,0.0,1.0,1.0
2024-03-15,301198,2.696629213483148,46.9259,50.725,57.8481,52.5407,52.5407,0.34078212290502785,1.0,0.0,1.0,1.0
2024-03-15,301332,1.0619469026548645,1.6576,10.6909,24.89,16.3261,16.0085,0.5317577548005907,1.0,0.0,0.9364844903988185,1.0
2024-03-15,301558,1.0526315789473717,1.3261,1.3261,1.3261,1.3261,1.3261,,0.0,0.0,,0.0
2024-03-15,600272,2.211981566820276,33.5443,38.8551,23.481,26.8354,26.8354,0.3990147783251231,0.0,0.0,1.0,1.0
2024-03-15,600615,2.564102564102577,42.827,45.3023,54.9789,49.2616,49.2616,0.4479638009049775,1.0,0.0,1.0,1.0
2024-03-15,600847,2.5510204081632626,42.4653,46.9973,29.7257,33.9723,33.9723,0.34875,0.0,0.0,1.0,1.0
2024-03-15,601065,1.4256619144602967,10.9403,21.0219,32.6582,23.7523,23.7523,0.38651685393258445,1.0,0.0,1.0,1.0
2024-03-15,603045,3.040834057341435,55.7565,56.8706,64.0295,59.6052,59.6052,0.38672768878718533,1.0,0.0,1.0,1.0
2024-03-15,603216,2.108433734939741,31.2538,37.3679,21.8776,25.003,25.003,0.3817567567567568,0.0,0.0,1.0,1.0
2024-03-15,605069,3.076923076923066,57.2031,58.7037,40.0422,45.7625,45.7625,0.3529411764705882,0.0,0.0,1.0,1.0
2024-03-15,605162,2.1802325581395277,32.7004,37.4027,22.8903,26.1603,26.1603,0.43788187372708753,0.0,0.0,1.0,1.0
2024-03-18,000586,3.1452358926919555,59.6718,57.4931,66.2815,62.7375,62.6153,0.512218963831867,1.0,0.0,0.9755620723362659,1.0
2024-03-18,000668,4.210526315789465,85.6362,80.0565,84.9453,83.5089,83.5089,0.42261904761904767,1.0,0.0,1.0,1.0
2024-03-18,000880,2.7617951668584606,48.9062,49.6415,59.2343,54.1249,54.1249,0.474169741697417,1.0,0.0,1.0,1.0
2024-03-18,001217,2.123730378578026,31.6926,40.5905,47.1848,40.3541,40.3541,0.2381771281169388,1.0,0.0,1.0,1.0
2024-03-18,002144,2.0452099031216475,29.3898,34.5503,45.5728,38.5118,38.5118,0.4480769230769229,1.0,0.0,1.0,1.0
2024-03-18,002205,1.5911872705018482,16.091,27.0849,36.2637,27.8728,27.8728,0.2893939393939394,1.0,0.0,1.0,1.0
2024-03-18,002209,3.218645948945631,61.5717,58.7637,67.1129,64.2573,64.0105,0.5246826516220027,1.0,0.0,0.9506346967559947,1.0
2024-03-18,002802,3.259726603575186,63.1261,62.3248,69.1883,65.5009,65.5009,0.40880503144654085,1.0,0.0,1.0,1.0
2024-03-18,002806,3.1903190319032104,60.9384,61.0766,67.6569,63.7507,63.7507,0.3837084673097535,1.0,0.0,1.0,1.0
2024-03-18,002826,3.45649582836709,68.2499,67.2847,72.7749,69.5999,69.5999,0.3657587548638134,1.0,0.0,1.0,1.0
2024-03-18,002828,1.8411967779056404,23.5751,33.307,41.5026,33.8601,33.8601,0.2776548672566372,1.0,0.0,1.0,1.0
2024-03-18,002830,2.6881720430107503,47.0063,48.5684,57.9044,52.6051,52.6051,0.4518348623853213,1.0,0.0,1.0,1.0
2024-03-18,002848,3.0998851894374235,58.578,59.9515,66.0046,61.8624,61.8624,0.34554455445544563,1.0,0.0,1.0,1.0
2024-03-18,002853,2.2222222222222365,34.3408,42.0677,49.0386,42.4727,42.4727,0.2702456778889899,1.0,0.0,1.0,1.0
2024-03-18,002900,2.208835341365445,33.65,39.56,48.555,41.92,41.92,0.368,1.0,0.0,1.0,1.0
2024-03-18,002949,3.2467532467532534,62.6079,62.076,68.8256,65.0864,65.0864,0.400516795865633,1.0,0.0,1.0,1.0
2024-03-18,002972,1.315789473684248,7.9735,18.2379,30.5815,21.3788,21.3788,0.4070473876063182,1.0,0.0,1.0,1.0
2024-03-18,003003,3.8159371492704874,76.7703,72.4787,78.7392,76.4162,76.4162,0.44687500000000024,1.0,0.0,1.0,1.0
2024-03-18,300069,4.476275738585489,91.2205,83.4727,88.8543,87.9764,87.9764,0.4751838235294118,1.0,0.0,1.0,1.0
2024-03-18,300243,2.9972752043596618,55.0086,55.1623,63.506,59.0069,59.0069,0.44223107569721104,1.0,0.0,1.0,1.0
2024-03-18,300313,1.6715830875122961,18.6241,25.7398,38.0368,29.8993,29.8993,0.4579710144927537,1.0,0.0,1.0,1.0
2024-03-18,300340,1.5677491601343796,15.1698,24.9405,35.6189,27.1359,27.1359,0.35977011494252875,1.0,0.0,1.0,1.0
2024-03-18,300399,2.5408348457350405,42.4583,42.9862,52.76,48.9666,48.4764,0.549019607843137,1.0,0.0,0.9019607843137261,1.0
2024-03-18,300417,3.274853801169586,63.5291,62.1777,69.4704,65.8233,65.8233,0.43227990970654634,1.0,0.0,1.0,1.0
2024-03-18,300478,1.0119595216191435,0.2591,10.2531,25.1813,15.2073,15.2073,0.4977064220183486,1.0,0.0,1.0,1.0
2024-03-18,300500,4.939516129032251,99.0501,92.5472,94.3351,94.2401,94.2401,0.3346418056918548,1.0,0.0,1.0,1.0
2024-03-18,300539,3.5675675675675533,70.9557,70.2554,74.669,71.7645,71.7645,0.32545454545454544,1.0,0.0,1.0,1.0
2024-03-18,300561,2.1868787276341672,33.0743,36.5573,48.152,41.4594,41.4594,0.4951048951048953,1.0,0.0,1.0,1.0
2024-03-18,300588,3.4136546184738936,67.0984,64.69,71.9689,68.6788,68.6788,0.44943820224719117,1.0,0.0,1.0,1.0
2024-03-18,300605,2.9229406554473147,53.2815,53.2173,62.2971,57.6252,57.6252,0.4703982777179761,1.0,0.0,1.0,1.0
2024-03-18,300611,4.342857142857159,88.3995,82.1069,86.8797,85.7196,85.7196,0.430635838150289,1.0,0.0,1.0,1.0
2024-03-18,300635,2.998965873836612,55.0662,55.0181,63.5463,59.053,59.053,0.4517426273458446,1.0,0.0,1.0,1.0
2024-03-18,300650,2.7695351137487556,49.1364,52.9952,59.3955,54.3092,54.3092,0.3156981786643539,1.0,0.0,1.0,1.0
2024-03-18,300665,2.238805970149249,34.6287,38.4722,49.2401,42.7029,42.7029,0.4615384615384616,1.0,0.0,1.0,1.0
2024-03-18,300675,2.1758050478677182,32.7864,37.5654,22.9505,26.2291,26.2291,0.43318485523385314,0.0,0.0,1.0,1.0
2024-03-18,300703,2.298850574712663,36.3558,40.2425,50.4491,44.0846,44.0846,0.44210526315789467,1.0,0.0,1.0,1.0
2024-03-18,300771,2.8917910447761264,52.8785,45.566,48.5413,57.3028,53.9344,0.8368421052631579,1.0,0.0,0.3263157894736841,1.0
2024-03-18,300774,1.6110471806674465,16.6667,24.3178,36.6667,28.3333,28.3333,0.4507772020725387,1.0,0.0,1.0,1.0
2024-03-18,300884,2.8837209302325695,52.5331,53.5947,61.7732,57.0265,57.0265,0.421590909090909,1.0,0.0,1.0,1.0
2024-03-18,300885,3.5805626598465423,71.186,66.6597,74.2521,71.9488,71.8043,0.5144508670520233,1.0,0.0,0.9710982658959535,1.0
2024-03-18,300943,3.1222123104371002,58.981,56.1942,64.3056,62.1848,61.6895,0.5495283018867925,1.0,0.0,0.9009433962264151,1.0
2024-03-18,300947,2.0979020979021046,31.0593,36.1202,46.7415,39.8474,39.8474,0.4363636363636364,1.0,0.0,1.0,1.0
2024-03-18,300948,2.169981916817365,32.6713,38.137,47.8699,41.137,41.137,0.39999999999999997,1.0,0.0,1.0,1.0
2024-03-18,300961,3.1313131313131404,59.2113,55.7728,63.2555,62.369,61.5709,0.5798090040927695,1.0,0.0,0.840381991814461,1.0
2024-03-18,300963,2.938295788442691,53.6845,53.2048,62.5792,57.9476,57.9476,0.4871428571428573,1.0,0.0,1.0,1.0
2024-03-18,300967,2.1428571428571352,32.1531,38.9058,47.5072,40.7225,40.7225,0.3408360128617364,1.0,0.0,1.0,1.0
2024-03-18,300968,3.571428571428581,71.0708,68.3441,74.7496,71.8566,71.8566,0.42562929061784893,1.0,0.0,1.0,1.0
2024-03-18,300978,3.234265734265751,62.0898,63.1626,68.4629,64.6718,64.6718,0.3254637436762225,1.0,0.0,1.0,1.0
2024-03-18,300986,2.581369248035914,43.6672,49.5536,55.5671,49.9338,49.9338,0.2690106295993458,1.0,0.0,1.0,1.0
2024-03-18,300993,1.0280373831775824,0.8923,7.7069,19.6107,15.7139,14.2104,0.6503496503496501,1.0,0.0,0.6993006993006998,1.0
2024-03-18,300994,1.9718309859154681,27.0869,33.5222,43.9609,36.6695,36.6695,0.4073647871116227,1.0,0.0,1.0,1.0
2024-03-18,301028,3.724604966139955,75.0144,71.2871,77.5101,75.0115,75.0115,0.43622047244094486,1.0,0.0,1.0,1.0
2024-03-18,301048,1.0638297872340274,1.7559,12.4953,26.2291,16.4047,16.4047,0.44547134935304994,1.0,0.0,1.0,1.0
2024-03-18,301060,4.976076555023923,99.5107,93.2356,94.6575,94.6085,94.6085,0.31864754098360654,1.0,0.0,1.0,1.0
2024-03-18,301066,1.8286814244465877,23.1721,31.2226,41.2205,33.5377,33.5377,0.3657548125633234,1.0,0.0,1.0,1.0
2024-03-18,301116,1.812688821752273,22.4813,32.0361,40.7369,32.985,32.985,0.29744728079911187,1.0,0.0,1.0,1.0
2024-03-18,301126,2.8037383177569986,50.2303,52.6058,60.1612,55.1842,55.1842,0.3789209535759099,1.0,0.0,1.0,1.0
2024-03-18,301136,2.8717948717948527,52.1877,56.8098,61.5314,56.7501,56.7501,0.24701873935264057,1.0,0.0,1.0,1.0
2024-03-18,301198,3.719912472647713,74.7553,72.4523,77.3287,74.8043,74.8043,0.36759776536312844,1.0,0.0,1.0,1.0
2024-03-18,301228,2.601908065915004,44.1854,48.9322,55.9298,50.3483,50.3483,0.3208072372999304,1.0,0.0,1.0,1.0
2024-03-18,301256,2.560455192034139,43.034,44.8128,55.1238,49.4272,49.4272,0.4807197943444729,1.0,0.0,1.0,1.0
2024-03-18,301558,2.083333333333326,30.6851,30.6851,30.6851,30.6851,30.6851,,1.0,0.0,,0.0
2024-03-18,600272,2.705139765554554,47.4093,49.356,58.1865,52.9275,52.9275,0.42857142857142855,1.0,0.0,1.0,1.0
2024-03-18,600615,1.538461538461533,14.3351,21.7245,35.0345,26.468,26.468,0.48717948717948734,1.0,0.0,1.0,1.0
2024-03-18,600689,1.4348785871964642,11.0823,23.1059,7.7576,8.8659,8.8659,0.28800000000000003,0.0,0.0,1.0,1.0
2024-03-18,600847,2.6119402985074647,44.6459,48.2418,56.2522,50.7168,50.7168,0.3737499999999999,1.0,0.0,1.0,1.0
2024-03-18,601022,1.4285714285714457,10.9096,23.7346,32.6367,23.7277,23.7277,0.2496532593619973,1.0,0.0,1.0,1.0
2024-03-18,601065,1.4056224899598124,10.2763,19.8615,32.1934,23.2211,23.2211,0.41797752808988786,1.0,0.0,1.0,1.0
2024-03-18,601083,1.9801980198020042,27.2596,27.2596,27.2596,27.2596,27.2596,,0.0,0.0,,0.0
2024-03-18,601279,2.280701754385972,36.0679,38.6128,49.7645,43.8543,43.7336,0.5120772946859905,1.0,0.0,0.975845410628019,1.0
2024-03-18,603065,2.4163568773234223,39.2343,46.4215,52.464,46.3874,46.3874,0.2482960077896786,1.0,0.0,1.0,1.0
2024-03-18,603238,1.7574692442882123,21.445,28.492,40.0115,32.156,32.156,0.43319838056680177,1.0,0.0,1.0,1.0
2024-03-18,603506,2.9308323563892236,53.3391,56.1672,62.3374,57.6713,57.6713,0.3252032520325202,1.0,0.0,1.0,1.0
2024-03-18,603679,3.3898305084745672,66.3212,65.4708,71.4249,68.057,68.057,0.37931034482758635,1.0,0.0,1.0,1.0
2024-03-18,603810,1.7431192660550376,21.042,31.3791,14.7294,16.8336,16.8336,0.2727272727272727,0.0,0.0,1.0,1.0
2024-03-18,605162,1.1379800853485111,3.886,13.7402,2.7202,3.1088,3.1088,0.4684317718940936,0.0,0.0,1.0,1.0
2024-03-18,605169,2.436194895591659,39.6949,43.4373,52.7864,46.7559,46.7559,0.415929203539823,1.0,0.0,1.0,1.0
2024-03-18,605180,1.8737672583826193,24.3235,32.9623,42.0265,34.4588,34.4588,0.3248282630029441,1.0,0.0,1.0,1.0
2024-03-18,605567,1.2765957446808196,6.9948,21.6244,29.7537,20.5959,20.5602,0.19857312722948875,1.0,0.0,0.9928656361474437,1.0
2024-03-20,000880,2.3516237402015916,37.5418,39.6644,50.5413,45.0334,44.8489,0.5184501845018451,1.0,0.0,0.9630996309963098,1.0
2024-03-20,001217,2.3381294964029076,37.3188,44.5928,51.1232,44.8551,44.8551,0.2631126397248493,1.0,0.0,1.0,1.0
2024-03-20,002209,3.148751357220414,60.1171,57.0358,64.9663,63.0936,62.5647,0.5528913963328631,1.0,0.0,0.8942172073342738,1.0
2024-03-20,002633,4.3902439024390505,89.3813,82.2636,87.5669,86.505,86.505,0.4620689655172413,1.0,0.0,1.0,1.0
2024-03-20,002735,2.7420736932304957,49.0803,48.3432,57.5141,54.2642,53.8037,0.5460526315789473,1.0,0.0,0.9078947368421053,1.0
2024-03-20,002778,4.586330935251803,93.5061,86.6664,90.4543,89.8049,89.8049,0.4069264069264067,1.0,0.0,1.0,1.0
2024-03-20,002806,2.3280423280423346,37.0401,41.1862,50.9281,44.6321,44.6321,0.4222936763129689,1.0,0.0,1.0,1.0
2024-03-20,002823,1.7274472168905985,20.4013,26.0086,38.6559,31.3211,31.1648,0.5156249999999999,1.0,0.0,0.9687500000000002,1.0
2024-03-20,002826,2.511415525114158,41.7224,45.103,54.2057,48.3779,48.3779,0.41374837872892356,1.0,0.0,1.0,1.0
2024-03-20,002828,1.1299435028248483,3.7625,17.103,27.6338,18.01,18.01,0.295353982300885,1.0,0.0,1.0,1.0
2024-03-20,002848,4.004449388209119,81.4939,77.7297,82.0457,80.1951,80.1951,0.37326732673267327,1.0,0.0,1.0,1.0
2024-03-20,002853,1.814516129032273,22.7703,31.8222,40.9392,33.2163,33.2163,0.31970260223048325,1.0,0.0,1.0,1.0
2024-03-20,002900,1.2596899224806224,6.7726,17.2352,29.7408,20.4181,20.4181,0.40914285714285714,1.0,0.0,1.0,1.0
2024-03-20,002910,1.2150668286755817,5.8807,16.2119,29.1165,19.7046,19.7046,0.4246353322528364,1.0,0.0,1.0,1.0
2024-03-20,002972,1.7316017316017174,20.6522,28.0892,39.4565,31.5217,31.5217,0.4216281895504254,1.0,0.0,1.0,1.0
2024-03-20,003003,3.7117903930131035,74.4983,69.8799,77.1488,74.5987,74.5987,0.48593750000000024,1.0,0.0,1.0,1.0
2024-03-20,300306,2.72045028142589,48.2441,45.1306,51.8415,53.5953,51.863,0.6732348111658457,1.0,0.0,0.6535303776683086,1.0
2024-03-20,300399,2.504472271914149,41.388,41.7117,51.1742,48.1104,47.411,0.5699346405228758,1.0,0.0,0.8601307189542484,1.0
2024-03-20,300500,4.039408866995076,82.1349,78.3469,82.4944,80.7079,80.7079,0.36804853387259867,1.0,0.0,1.0,1.0
2024-03-20,300515,3.604531410916567,71.767,67.5696,75.2369,72.4136,72.4136,0.4921985815602839,1.0,0.0,1.0,1.0
2024-03-20,300561,1.949317738791434,26.3935,30.6533,42.5524,36.1148,35.8841,0.523076923076923,1.0,0.0,0.953846153846154,1.0
2024-03-20,300562,2.73109243697478,48.6901,48.8104,58.7998,53.9521,53.8812,0.5070821529745042,1.0,0.0,0.9858356940509916,1.0
2024-03-20,300564,4.305283757338563,87.6533,80.4219,86.3573,85.1226,85.1226,0.4850374064837905,1.0,0.0,1.0,1.0
2024-03-20,300588,3.779069767441867,76.2821,71.2279,78.3974,76.0256,76.0256,0.48988764044943833,1.0,0.0,1.0,1.0
2024-03-20,300605,2.327586206896548,36.9844,39.5122,50.7384,44.5875,44.5498,0.5037674919268029,1.0,0.0,0.9924650161463942,1.0
2024-03-20,300650,1.4395393474088358,11.3991,22.2676,32.9794,24.1193,24.1193,0.34258456201214227,1.0,0.0,1.0,1.0
2024-03-20,300665,4.512372634643369,92.1683,83.4267,88.9018,88.7347,88.5807,0.515400410677618,1.0,0.0,0.969199178644764,1.0
2024-03-20,300703,2.3622047244094446,37.8205,40.7476,51.4744,45.2564,45.2564,0.4754385964912282,1.0,0.0,1.0,1.0
2024-03-20,300721,1.7025089605734678,19.6488,28.6788,38.7542,30.7191,30.7191,0.3520126282557222,1.0,0.0,1.0,1.0
2024-03-20,300730,1.1824324324324342,5.0446,13.1248,26.7095,19.0357,18.5802,0.5455426356589147,1.0,0.0,0.9089147286821706,1.0
2024-03-20,300749,2.470930232558133,40.3846,42.7062,53.2692,47.3077,47.3077,0.48007246376811585,1.0,0.0,1.0,1.0
2024-03-20,300884,1.9909502262443368,27.8428,33.1606,44.49,37.2742,37.2742,0.4556818181818182,1.0,0.0,1.0,1.0
2024-03-20,300885,2.49066002490661,40.9978,41.9023,51.9065,47.7982,47.3502,0.5447976878612716,1.0,0.0,0.9104046242774568,1.0
2024-03-20,300947,1.9557823129251695,26.728,31.9278,43.7096,36.3824,36.3824,0.4727272727272728,1.0,0.0,1.0,1.0
2024-03-20,300948,1.4298480786416379,11.0647,20.5487,32.7453,23.8517,23.8517,0.4151515151515151,1.0,0.0,1.0,1.0
2024-03-20,300961,4.7227926078028615,95.6243,85.3398,89.6178,91.4994,90.9196,0.557980900409277,1.0,0.0,0.8840381991814461,1.0
2024-03-20,300963,1.0546500479386323,1.4771,10.8103,25.2911,16.1817,15.996,0.5185714285714285,1.0,0.0,0.9628571428571431,1.0
2024-03-20,300978,1.0118043844856706,0.2508,12.9831,25.1756,15.2007,15.2007,0.36087689713322085,1.0,0.0,1.0,1.0
2024-03-20,300986,1.6393442622950838,17.6979,28.3856,37.3885,29.1583,29.1583,0.28863450531479956,1.0,0.0,1.0,1.0
2024-03-20,300993,2.123730378578048,31.8004,31.8273,40.0342,40.4404,38.6338,0.6806526806526806,1.0,0.0,0.6386946386946388,1.0
2024-03-20,301009,3.9018952062430223,78.6789,75.9318,80.0753,77.9431,77.9431,0.3505654281098546,1.0,0.0,1.0,1.0
2024-03-20,301126,1.7293997965411867,20.5964,28.3968,39.4175,31.4771,31.4771,0.40401505646173164,1.0,0.0,1.0,1.0
2024-03-20,301136,2.5176233635448186,42.0011,46.2763,54.4008,48.6009,48.6009,0.36623067776456597,1.0,0.0,1.0,1.0
2024-03-20,301256,4.488078541374474,91.6109,82.7821,88.1143,88.2887,88.0354,0.5253333333333332,1.0,0.0,0.9493333333333336,1.0
2024-03-20,600689,2.60869565217392,44.9275,49.8087,56.4493,50.942,50.942,0.30666666666666653,1.0,0.0,1.0,1.0
2024-03-20,600847,3.771289537712885,76.0591,72.9223,78.2414,75.8473,75.8473,0.3962500000000001,1.0,0.0,1.0,1.0
2024-03-20,601022,3.3991228070175517,66.9175,68.4855,71.8423,68.534,68.534,0.25242718446601936,1.0,0.0,1.0,1.0
2024-03-20,601133,1.9486271036315284,26.3378,32.9231,43.4365,36.0702,36.0702,0.4073587385019711,1.0,0.0,1.0,1.0
2024-03-20,603122,2.7662517289073207,49.5819,48.8099,57.9961,54.6656,54.2377,0.5427807486631019,1.0,0.0,0.9144385026737962,1.0
2024-03-20,603679,1.1235955056179803,3.5396,14.6088,27.4777,17.8317,17.8317,0.4111405835543766,1.0,0.0,1.0,1.0
2024-03-20,603810,1.445347786811202,11.4548,23.3734,33.0184,24.1639,24.1639,0.2895256916996047,1.0,0.0,1.0,1.0
2024-03-20,605180,2.7210884353741527,48.2999,51.8489,58.8099,53.6399,53.6399,0.33954857703631003,1.0,0.0,1.0,1.0
2024-03-21,000880,3.719912472647713,75.0827,68.9222,75.2701,75.0662,74.4942,0.5571955719557199,1.0,0.0,0.8856088560885602,1.0
2024-03-21,002205,3.1063321385902176,59.3991,61.1254,66.5794,62.5193,62.5193,0.31969696969696965,1.0,0.0,1.0,1.0
2024-03-21,002848,3.1016042780748654,59.1235,59.1206,66.3864,62.2988,62.2988,0.40891089108910883,1.0,0.0,1.0,1.0
2024-03-21,002853,1.5841584158415856,16.0695,26.1269,36.2486,27.8556,27.8556,0.33643122676579934,1.0,0.0,1.0,1.0
2024-03-21,002910,1.200480192076836,5.7607,15.7917,29.0325,19.6086,19.6086,0.4408427876823339,1.0,0.0,1.0,1.0
2024-03-21,003018,2.8708133971292016,52.8942,52.7343,62.0259,57.3153,57.3153,0.4790528233151181,1.0,0.0,1.0,1.0
2024-03-21,300313,3.262955854126681,63.8093,61.4149,69.6665,66.0474,66.0474,0.4816247582205029,1.0,0.0,1.0,1.0
2024-03-21,300399,1.0471204188481575,1.3506,8.9498,21.684,16.0805,15.0151,0.6065359477124184,1.0,0.0,0.7869281045751633,1.0
2024-03-21,300478,1.0695187165775222,2.0121,10.8528,24.8947,16.6097,16.2313,0.5378440366972478,1.0,0.0,0.9243119266055044,1.0
2024-03-21,300521,2.622377622377625,45.6725,44.7265,53.3477,51.538,50.6323,0.5905759162303665,1.0,0.0,0.8188481675392669,1.0
2024-03-21,300539,2.272727272727293,36.0805,41.5735,50.2563,43.8644,43.8644,0.36454545454545434,1.0,0.0,1.0,1.0
2024-03-21,300611,1.2048192771084265,5.8159,14.9417,29.0711,19.6527,19.6527,0.485549132947977,1.0,0.0,1.0,1.0
2024-03-21,300650,2.0813623462629938,30.8986,37.607,46.629,39.7189,39.7189,0.35559410234171734,1.0,0.0,1.0,1.0
2024-03-21,301116,3.109815354713308,59.5094,60.8594,66.6566,62.6075,62.6075,0.33740288568257476,1.0,0.0,1.0,1.0
2024-03-21,301149,2.471315092674309,40.6009,38.994,46.4472,47.4807,45.7373,0.6743362831858407,1.0,0.0,0.6513274336283186,1.0
2024-03-21,600272,1.1986301369862895,5.7056,14.5399,28.9447,19.5645,19.5522,0.501231527093596,1.0,0.0,0.997536945812808,1.0
2024-03-21,600689,1.3771186440677985,9.8401,21.0988,31.8881,22.8721,22.8721,0.33866666666666656,1.0,0.0,1.0,1.0
2024-03-21,600847,1.5240328253224078,14.2503,22.7002,34.9752,26.4002,26.4002,0.43499999999999994,1.0,0.0,1.0,1.0
2024-03-21,601022,3.2873806998939825,64.3605,65.58,70.0524,66.4884,66.4884,0.29542302357836325,1.0,0.0,1.0,1.0
2024-03-21,603238,1.824500434404852,23.5116,29.7944,41.4581,33.8093,33.8093,0.4507422402159244,1.0,0.0,1.0,1.0
2024-03-21,605567,1.8556701030928213,24.2282,34.6977,41.9598,34.3826,34.3826,0.23424494649227082,1.0,0.0,1.0,1.0
2024-03-26,000929,1.437908496732021,11.6802,19.1276,32.7429,24.3442,24.2359,0.5108303249097473,1.0,0.0,0.9783393501805053,1.0
2024-03-26,001217,2.499999999999991,41.8428,48.7623,54.29,48.4743,48.4743,0.23559759243336198,1.0,0.0,1.0,1.0
2024-03-26,001322,1.8750000000000044,25.1762,34.7464,17.6233,20.1409,20.1409,0.2697274031563845,0.0,0.0,1.0,1.0
2024-03-26,002778,3.5358114233907667,70.9756,68.8368,74.6829,71.7805,71.7805,0.397186147186147,1.0,0.0,1.0,1.0
2024-03-26,002806,2.759381898454749,49.8374,52.2601,59.8862,54.8699,54.8699,0.38049303322615224,1.0,0.0,1.0,1.0
2024-03-26,002963,3.693931398416872,74.5528,71.9827,77.187,74.6423,74.6423,0.3829787234042552,1.0,0.0,1.0,1.0
2024-03-26,300313,1.4150943396226356,10.813,22.9361,7.5691,8.6504,8.6504,0.2857142857142858,0.0,0.0,1.0,1.0
2024-03-26,300340,3.0162412993039567,56.7209,58.8939,64.7046,60.3767,60.3767,0.32413793103448274,1.0,0.0,1.0,1.0
2024-03-26,300371,1.9547325102880597,27.3442,33.9973,44.1409,36.8753,36.8753,0.3939024390243903,1.0,0.0,1.0,1.0
2024-03-26,300478,1.5009380863039379,13.4959,21.3243,34.4472,25.7967,25.7967,0.47362385321100925,1.0,0.0,1.0,1.0
2024-03-26,300611,1.1312217194570096,3.8211,14.1841,27.6748,18.0569,18.0569,0.4436416184971098,1.0,0.0,1.0,1.0
2024-03-26,300626,1.4304291287386306,11.4092,19.7657,32.9864,24.1274,24.1274,0.46808510638297873,1.0,0.0,1.0,1.0
2024-03-26,300650,2.35294117647058,38.2385,44.1207,51.7669,45.5908,45.5908,0.32350390286209885,1.0,0.0,1.0,1.0
2024-03-26,300675,2.094240837696315,31.7886,36.834,47.252,40.4309,40.4309,0.42984409799554596,1.0,0.0,1.0,1.0
2024-03-26,300948,1.5813953488372112,16.2331,25.5723,36.3631,27.9864,27.9864,0.3707070707070706,1.0,0.0,1.0,1.0
2024-03-26,300978,1.8716577540106805,25.0136,33.8726,42.5095,35.0108,35.0108,0.3069139966273188,1.0,0.0,1.0,1.0
2024-03-26,300986,1.87353629976581,25.0678,35.0713,42.5474,35.0542,35.0542,0.24914675767918076,1.0,0.0,1.0,1.0
2024-03-26,301028,1.501154734411081,13.5772,22.7673,34.5041,25.8618,25.8618,0.40472440944881904,1.0,0.0,1.0,1.0
2024-03-26,301066,1.7307692307692468,21.1653,28.3642,39.8157,31.9322,31.9322,0.42840236686390526,1.0,0.0,1.0,1.0
2024-03-26,301149,1.9981834695731227,28.8618,30.7354,40.4953,38.0894,36.9124,0.6176991150442477,1.0,0.0,0.7646017699115046,1.0
2024-03-26,301198,2.9933481152993213,56.1247,57.4321,64.2873,59.8997,59.8997,0.37338044758539457,1.0,0.0,1.0,1.0
2024-03-26,301265,2.952755905511828,55.0949,51.928,64.2706,64.0759,63.0019,0.607394366197183,1.0,1.0,0.785211267605634,1.0
2024-03-26,600689,1.413043478260878,10.7588,22.4737,32.5312,23.607,23.607,0.30666666666666653,1.0,0.0,1.0,1.0
2024-03-26,601065,2.8717948717948527,53.3333,55.2509,62.3333,57.6667,57.6667,0.3707865168539327,1.0,0.0,1.0,1.0
2024-03-26,601279,1.3011152416356753,7.9404,17.6567,30.5583,21.3523,21.3523,0.43478260869565233,1.0,0.0,1.0,1.0
2024-03-26,603122,3.6764705882353033,74.2276,70.826,76.9593,74.3821,74.3821,0.427807486631016,1.0,0.0,1.0,1.0
2024-03-26,603679,1.493848857644986,13.1436,22.6281,34.2005,25.5149,25.5149,0.3943412908930152,1.0,0.0,1.0,1.0
2024-03-26,603978,1.9776440240756532,28.0759,35.2497,44.6531,37.4607,37.4607,0.3605504587155963,1.0,0.0,1.0,1.0
2024-03-28,000880,2.2274325908558046,34.5924,38.7809,49.2147,42.6739,42.6739,0.44464944649446486,1.0,0.0,1.0,1.0
2024-03-28,000929,1.3440860215053752,8.5054,17.3459,30.9538,21.8043,21.8043,0.4729241877256319,1.0,0.0,1.0,1.0
2024-03-28,001217,3.5040431266846195,69.4837,70.3075,73.6386,70.587,70.587,0.2639724849527085,1.0,0.0,1.0,1.0
2024-03-28,001322,1.5772870662460692,15.3533,27.0563,10.7473,12.2826,12.2826,0.26131386861313866,0.0,0.0,1.0,1.0
2024-03-28,002209,3.530751708428248,70.2446,66.3508,49.1712,56.1957,56.1957,0.4922425952045133,0.0,0.0,1.0,1.0
2024-03-28,002778,1.0968921389396868,2.5272,14.2728,26.769,17.0217,17.0217,0.38744588744588726,1.0,0.0,1.0,1.0
2024-03-28,002806,3.9548022598870025,80.163,76.9707,81.1141,79.1304,79.1304,0.3579849946409432,1.0,0.0,1.0,1.0
2024-03-28,002826,2.5672371638141955,43.5326,48.0557,55.4728,49.8261,49.8261,0.3385214007782101,1.0,0.0,1.0,1.0
2024-03-28,002861,1.5873015873015817,15.9239,25.3283,11.1467,12.7391,12.7391,0.37053979871912174,0.0,0.0,1.0,1.0
2024-03-28,002871,2.978235967926679,54.8641,54.2845,63.4049,58.8913,58.8913,0.4803418803418805,1.0,0.0,1.0,1.0
2024-03-28,002949,2.749770852428979,48.8315,50.719,59.1821,54.0652,54.0652,0.417312661498708,1.0,0.0,1.0,1.0
2024-03-28,002972,4.712643678160933,95.5163,89.2928,91.8614,91.413,91.413,0.35601458080194404,1.0,0.0,1.0,1.0
2024-03-28,300313,2.1144278606965328,31.712,40.6208,22.1984,25.3696,25.3696,0.23743842364532017,0.0,0.0,1.0,1.0
2024-03-28,300340,2.877697841726623,52.5272,56.1827,36.769,42.0217,42.0217,0.29195402298850576,0.0,0.0,1.0,1.0
2024-03-28,300399,4.808635917566262,97.2011,88.9504,68.0408,77.7609,77.7609,0.4405228758169933,0.0,0.0,1.0,1.0
2024-03-28,300437,3.7986704653371284,76.4946,71.2759,78.5462,76.1957,76.1957,0.4959893048128341,1.0,0.0,1.0,1.0
2024-03-28,300521,3.021442495126725,56.2228,55.6379,64.356,59.9783,59.9783,0.4670157068062827,1.0,0.0,1.0,1.0
2024-03-28,300539,1.7937219730941756,21.9837,31.6779,15.3886,17.587,17.587,0.2954545454545453,0.0,0.0,1.0,1.0
2024-03-28,300546,4.137323943661975,84.1576,79.8899,58.9103,67.3261,67.3261,0.3718070009460738,0.0,0.0,1.0,1.0
2024-03-28,300561,4.357298474945526,89.1033,83.842,62.3723,71.2826,71.2826,0.37202797202797194,0.0,0.0,1.0,1.0
2024-03-28,300562,2.925243770314201,53.6141,53.5712,62.5299,57.8913,57.8913,0.46600566572237956,1.0,0.0,1.0,1.0
2024-03-28,300564,3.3530571992110403,65.625,62.9988,70.9375,67.5,67.5,0.47506234413965104,1.0,0.0,1.0,1.0
2024-03-28,300605,4.7214353163361755,95.625,88.599,66.9375,76.5,76.5,0.3950484391819159,0.0,0.0,1.0,1.0
2024-03-28,300610,2.0713463751438344,30.1902,35.2866,46.1332,39.1522,39.1522,0.4432809773123908,1.0,0.0,1.0,1.0
2024-03-28,300611,3.309692671394804,64.7554,64.0298,70.3288,66.8043,66.8043,0.388728323699422,1.0,0.0,1.0,1.0
2024-03-28,300626,3.0913978494623517,58.5598,58.1953,65.9918,61.8478,61.8478,0.4326241134751774,1.0,0.0,1.0,1.0
2024-03-28,300665,3.2110091743119185,61.8207,60.3732,68.2745,64.4565,64.4565,0.45416666666666644,1.0,0.0,1.0,1.0
2024-03-28,300675,4.796380090497743,96.9565,89.8815,92.8696,92.5652,92.5652,0.3841870824053453,1.0,0.0,1.0,1.0
2024-03-28,300686,4.111405835543769,83.6957,77.9234,58.587,66.9565,66.9565,0.45165562913907287,0.0,0.0,1.0,1.0
2024-03-28,300703,2.2909507445589616,36.2772,40.0744,50.394,44.0217,44.0217,0.44736842105263186,1.0,0.0,1.0,1.0
2024-03-28,300730,4.219823356231589,86.1685,81.2216,60.3179,68.9348,68.9348,0.38565891472868213,0.0,0.0,1.0,1.0
2024-03-28,300774,2.0571428571428463,30.0272,34.1693,46.019,39.0217,39.0217,0.4926199261992619,1.0,0.0,1.0,1.0
2024-03-28,300884,4.791666666666683,96.875,91.6818,67.8125,77.5,77.5,0.29090909090909095,0.0,0.0,1.0,1.0
2024-03-28,300947,2.6642984014209725,46.6576,49.0079,57.6603,52.3261,52.3261,0.41590909090909095,1.0,0.0,1.0,1.0
2024-03-28,300948,3.9537126325940086,79.9728,77.3318,80.981,78.9783,78.9783,0.33232323232323224,1.0,0.0,1.0,1.0
2024-03-28,300961,3.04347826086957,56.875,55.8138,64.8125,60.5,60.5,0.4843110504774896,1.0,0.0,1.0,1.0
2024-03-28,300963,3.1512605042016695,60.1359,60.3373,42.0951,48.1087,48.1087,0.38857142857142857,0.0,0.0,1.0,1.0
2024-03-28,300967,1.70854271356784,19.7011,28.6226,38.7908,30.7609,30.7609,0.3569131832797427,1.0,0.0,1.0,1.0
2024-03-28,300968,3.9548022598870025,80.163,77.7918,56.1141,64.1304,64.1304,0.31693363844393585,0.0,0.0,1.0,1.0
2024-03-28,300978,2.389705882352944,38.5598,45.2829,26.9918,30.8478,30.8478,0.2782462057335583,0.0,0.0,1.0,1.0
2024-03-28,300986,4.1362530413625365,84.1033,82.8457,58.8723,67.2826,67.2826,0.2218430034129693,0.0,0.0,1.0,1.0
2024-03-28,301032,4.551724137931035,92.7446,87.4921,89.9212,89.1957,89.1957,0.33518005540166196,1.0,0.0,1.0,1.0
2024-03-28,301066,3.4102306920762215,67.2011,66.2106,72.0408,68.7609,68.7609,0.3775147928994084,1.0,0.0,1.0,1.0
2024-03-28,301120,1.9937040923399874,27.962,32.1123,19.5734,22.3696,22.3696,0.512861736334405,0.0,0.0,0.97427652733119,1.0
2024-03-28,301126,4.439511653718098,90.5163,86.3905,88.3614,87.413,87.413,0.30112923462986196,1.0,0.0,1.0,1.0
2024-03-28,301256,2.5751072961373245,43.6685,44.8521,55.4026,49.9348,49.8935,0.504132231404959,1.0,0.0,0.991735537190082,1.0
2024-03-28,301265,1.2909632571995955,7.5815,14.2342,5.3071,6.0652,6.0652,0.5915492957746479,0.0,0.0,0.8169014084507042,1.0
2024-03-28,301332,1.875616979269501,24.538,31.6106,17.1766,19.6304,19.6304,0.40099009900990107,0.0,0.0,1.0,1.0
2024-03-28,301558,2.1072796934865856,31.3859,31.3859,31.3859,31.3859,31.3859,,0.0,0.0,,0.0
2024-03-28,600272,3.762376237623788,75.6793,74.4105,52.9755,60.5435,60.5435,0.30665024630541854,0.0,0.0,1.0,1.0
2024-03-28,600689,2.2246941045606095,34.538,42.0571,49.1766,42.6304,42.6304,0.2786666666666667,1.0,0.0,1.0,1.0
2024-03-28,600793,1.7383348581884617,20.788,25.6727,37.6361,31.6304,31.1516,0.5478873239436619,1.0,0.0,0.9042253521126762,1.0
2024-03-28,601022,4.307334109429584,87.8533,86.7042,61.4973,70.2826,70.2826,0.1789181692094313,0.0,0.0,0.8945908460471564,1.0
2024-03-28,601065,1.9267822736031004,25.625,30.2528,42.4431,35.5,35.3764,0.5123595505617976,1.0,0.0,0.9752808988764048,1.0
2024-03-28,601083,1.793248945147674,21.9293,21.9293,21.9293,21.9293,21.9293,,0.0,0.0,,0.0
2024-03-28,601133,3.6468330134356908,72.6359,72.248,50.8451,58.1087,58.1087,0.2930354796320632,0.0,0.0,1.0,1.0
2024-03-28,601279,2.9126213592232775,53.3967,55.1329,37.3777,42.7174,42.7174,0.3792270531400968,0.0,0.0,1.0,1.0
2024-03-28,603122,1.4749262536873031,12.038,21.1812,33.4266,24.6304,24.6304,0.42245989304812853,1.0,0.0,1.0,1.0
2024-03-28,603216,4.504504504504503,92.0652,82.1657,86.4727,88.6522,87.9089,0.5743243243243242,1.0,0.0,0.8513513513513515,1.0
2024-03-28,605069,3.7135278514588865,74.4837,71.3598,77.1386,74.587,74.587,0.4113573407202216,1.0,0.0,1.0,1.0
2024-03-28,605500,1.85185185185186,23.7228,28.742,41.1335,33.9783,33.8602,0.5118110236220471,1.0,0.0,0.9763779527559058,1.0
2024-03-28,605580,2.2657054582904124,35.462,37.7664,48.617,43.3696,43.068,0.5301587301587305,1.0,0.0,0.939682539682539,1.0
2024-03-29,000586,1.344860710854956,8.5768,17.3991,6.0038,6.8615,6.8615,0.47311827956989244,0.0,0.0,1.0,1.0
2024-03-29,000880,2.178899082568808,34.0909,37.6786,48.8636,42.2727,42.2727,0.47970479704797053,1.0,0.0,1.0,1.0
2024-03-29,000929,1.8567639257294433,24.7024,29.9424,42.2917,34.7619,34.7619,0.4909747292418773,1.0,0.0,1.0,1.0
2024-03-29,002058,1.632302405498276,18.0465,24.5527,37.6326,29.4372,29.4372,0.4942263279445728,1.0,0.0,1.0,1.0
2024-03-29,002205,2.2499999999999964,36.2825,43.7532,50.3977,44.026,44.026,0.26363636363636367,1.0,0.0,1.0,1.0
2024-03-29,002209,4.950495049504955,99.1613,88.6097,92.9742,94.329,93.9693,0.5359661495063469,1.0,0.0,0.9280677009873062,1.0
2024-03-29,002806,1.6304347826086918,17.9924,26.484,37.5947,29.3939,29.3939,0.39549839228295813,1.0,0.0,1.0,1.0
2024-03-29,002823,2.4557956777996104,41.5314,43.5944,54.072,48.2251,48.2251,0.48153409090909083,1.0,0.0,1.0,1.0
2024-03-29,002826,3.0989272943980906,60.0379,60.7151,67.0265,63.0303,63.0303,0.3657587548638134,1.0,0.0,1.0,1.0
2024-03-29,002830,1.7652250661959412,22.105,28.2574,40.4735,32.684,32.684,0.4713302752293578,1.0,0.0,1.0,1.0
2024-03-29,002861,4.785156250000022,96.7262,89.6774,92.7083,92.381,92.381,0.38517840805123515,1.0,0.0,1.0,1.0
2024-03-29,002871,1.1123470522802936,3.1115,11.9935,26.1866,17.4892,17.2413,0.5247863247863248,1.0,0.0,0.9504273504273504,1.0
2024-03-29,002949,4.9063336306868655,98.6201,89.7747,94.0341,93.8961,93.8961,0.45607235142118874,1.0,0.0,1.0,1.0
2024-03-29,002972,4.829857299670692,97.7543,90.0868,93.428,93.2035,93.2035,0.40583232077764275,1.0,0.0,1.0,1.0
2024-03-29,300340,1.7482517482517501,21.6721,30.9469,15.1705,17.3377,17.3377,0.31954022988505754,0.0,0.0,1.0,1.0
2024-03-29,300437,1.4638609332113361,11.9859,18.5994,31.4115,24.5887,24.0941,0.5494652406417111,1.0,0.0,0.9010695187165778,1.0
2024-03-29,300478,3.301886792452824,65.6656,63.1976,70.9659,67.5325,67.5325,0.46674311926605505,1.0,0.0,1.0,1.0
2024-03-29,300500,2.7607361963190247,50.46,53.7552,60.322,55.368,55.368,0.3306370070778565,1.0,0.0,1.0,1.0
2024-03-29,300517,2.4009603841536498,40.1245,46.2961,53.0871,47.0996,47.0996,0.2901734104046243,1.0,0.0,1.0,1.0
2024-03-29,300539,2.2026431718061623,34.6591,41.5273,49.2614,42.7273,42.7273,0.30999999999999994,1.0,0.0,1.0,1.0
2024-03-29,300562,1.3684210526315743,9.2262,17.296,31.2884,22.381,22.3385,0.5042492917847026,1.0,0.0,0.9915014164305949,1.0
2024-03-29,300605,1.623083859332719,17.6677,25.1568,37.3674,29.1342,29.1342,0.44886975242195903,1.0,0.0,1.0,1.0
2024-03-29,300610,2.1420518602029315,33.3063,37.1511,48.3144,41.645,41.645,0.4746945898778358,1.0,0.0,1.0,1.0
2024-03-29,300611,2.8604118993134975,53.4361,54.1651,62.4053,57.7489,57.7489,0.4291907514450867,1.0,0.0,1.0,1.0
2024-03-29,300626,1.8252933507170832,23.8907,29.8076,41.7235,34.1126,34.1126,0.4652482269503546,1.0,0.0,1.0,1.0
2024-03-29,300635,2.272727272727293,37.1212,40.6353,50.9848,44.697,44.697,0.45308310991957096,1.0,0.0,1.0,1.0
2024-03-29,300650,3.992210321324241,82.0076,79.0146,82.4053,80.6061,80.6061,0.3295750216825672,1.0,0.0,1.0,1.0
2024-03-29,300665,2.6666666666666616,47.8626,48.3317,58.5038,53.29,53.29,0.4979166666666665,1.0,0.0,1.0,1.0
2024-03-29,300675,3.540587219343694,71.4556,68.3004,75.0189,72.1645,72.1645,0.44320712694877523,1.0,0.0,1.0,1.0
2024-03-29,300686,1.9108280254777066,26.0552,30.9899,18.2386,20.8442,20.8442,0.49271523178807947,0.0,0.0,1.0,1.0
2024-03-29,300703,1.5677491601344018,15.4491,22.7102,35.8144,27.3593,27.3593,0.482456140350877,1.0,0.0,1.0,1.0
2024-03-29,300884,1.6898608349900535,19.5887,28.8074,13.7121,15.671,15.671,0.3431818181818183,0.0,0.0,1.0,1.0
2024-03-29,300943,2.780191138140742,51.0011,49.0473,57.1936,55.8009,54.9241,0.5876777251184835,1.0,0.0,0.824644549763033,1.0
2024-03-29,300947,2.076124567474058,31.4123,36.1299,46.9886,40.1299,40.1299,0.4500000000000002,1.0,0.0,1.0,1.0
2024-03-29,300948,3.6178107606679166,72.9708,70.9019,76.0795,73.3766,73.3766,0.3737373737373736,1.0,0.0,1.0,1.0
2024-03-29,300963,3.462321792260692,69.5617,67.0208,73.6932,70.6494,70.6494,0.43142857142857133,1.0,0.0,1.0,1.0
2024-03-29,300967,3.5573122529644285,71.7532,69.8999,75.2273,72.4026,72.4026,0.37513397642015006,1.0,0.0,1.0,1.0
2024-03-29,300978,1.3464991023339312,8.6851,20.9447,31.0795,21.9481,21.9481,0.300168634064081,1.0,0.0,1.0,1.0
2024-03-29,300986,3.738317757009346,76.1634,75.643,78.3144,75.9307,75.9307,0.26438848920863317,1.0,0.0,1.0,1.0
2024-03-29,300993,2.0146520146520075,29.5725,29.6254,42.6355,43.658,41.6417,0.7016317016317019,1.0,1.0,0.5967365967365963,1.0
2024-03-29,301027,2.207505518763786,34.7673,38.4805,49.3371,42.8139,42.8139,0.4666666666666669,1.0,0.0,1.0,1.0
2024-03-29,301048,2.8835063437139707,54.1396,57.101,37.8977,43.3117,43.3117,0.310536044362292,0.0,0.0,1.0,1.0
2024-03-29,301066,2.7158098933074415,48.9989,49.9944,59.2992,54.1991,54.1991,0.46023468057366385,1.0,0.0,1.0,1.0
2024-03-29,301120,3.6008230452674983,72.6461,67.2487,50.8523,58.1169,58.1169,0.5434083601286174,0.0,0.0,0.9131832797427653,1.0
2024-03-29,301136,2.423603793466822,40.9361,46.0399,53.6553,47.7489,47.7489,0.33545108005082597,1.0,0.0,1.0,1.0
2024-03-29,301149,1.9417475728155553,26.9751,28.0934,36.9091,36.5801,34.8367,0.6743362831858407,1.0,0.0,0.6513274336283186,1.0
2024-03-29,301332,1.4534883720930258,11.6613,20.6821,8.1629,9.329,9.329,0.4323432343234324,0.0,0.0,1.0,1.0
2024-03-29,600272,1.8129770992366456,23.3225,31.589,41.3258,33.658,33.658,0.353448275862069,1.0,0.0,1.0,1.0
2024-03-29,600689,1.5233949945593128,14.2045,25.257,34.9432,26.3636,26.3636,0.30533333333333323,1.0,0.0,1.0,1.0
2024-03-29,600768,2.422907488986792,40.8279,42.412,53.0788,47.6623,47.5372,0.5125184094256259,1.0,0.0,0.9749631811487482,1.0
2024-03-29,601279,1.5094339622641506,13.6634,22.6216,34.5644,25.9307,25.9307,0.41545893719806765,1.0,0.0,1.0,1.0
2024-03-29,605567,1.2765957446808196,7.0346,21.6562,29.7816,20.6277,20.592,0.19857312722948875,1.0,0.0,0.9928656361474437,1.0
2024-03-29,605580,2.0140986908358416,29.4643,32.2698,43.0218,38.5714,37.9206,0.5650793650793652,1.0,0.0,0.8698412698412696,1.0
2024-04-01,000586,1.516587677725112,13.6968,20.7211,9.5878,10.9574,10.9574,0.5118191161356629,0.0,0.0,0.9763617677286742,1.0
2024-04-01,000668,2.422145328719738,40.5585,43.7087,53.391,47.4468,47.4468,0.43690476190476185,1.0,0.0,1.0,1.0
2024-04-01,000880,3.2547699214365844,64.3883,61.2154,69.4814,66.5106,66.363,0.5147601476014763,1.0,0.0,0.9704797047970475,1.0
2024-04-01,000929,1.822916666666674,23.4309,28.4198,40.7518,33.7447,33.5822,0.516245487364621,1.0,0.0,0.9675090252707581,1.0
2024-04-01,001217,3.3391915641476144,66.6755,67.6311,71.6729,68.3404,68.3404,0.28546861564918313,1.0,0.0,1.0,1.0
2024-04-01,001318,2.0460358056266115,30.5053,38.2639,46.3537,39.4043,39.4043,0.307017543859649,1.0,0.0,1.0,1.0
2024-04-01,002144,2.0042194092827037,29.2287,33.6907,45.4601,38.383,38.383,0.48461538461538467,1.0,0.0,1.0,1.0
2024-04-01,002205,3.0562347188264116,58.5372,61.0116,65.9761,61.8298,61.8298,0.2909090909090909,1.0,0.0,1.0,1.0
2024-04-01,002806,3.6363636363636376,73.4574,70.5344,76.4202,73.766,73.766,0.4115755627009646,1.0,0.0,1.0,1.0
2024-04-01,002823,2.1093000958772645,32.4202,35.5953,47.0123,40.9362,40.7657,0.5170454545454545,1.0,0.0,0.965909090909091,1.0
2024-04-01,002826,1.965317919075149,27.7394,34.2019,44.4176,37.1915,37.1915,0.3994811932555124,1.0,0.0,1.0,1.0
2024-04-01,002853,1.5763546798029493,15.3457,25.0876,35.742,27.2766,27.2766,0.35945151811949067,1.0,0.0,1.0,1.0
2024-04-01,002861,2.4231127679403386,40.6649,43.9317,53.4654,47.5319,47.5319,0.4300091491308327,1.0,0.0,1.0,1.0
2024-04-01,003003,2.6709401709401615,47.7394,47.8477,57.7301,53.1915,53.0196,0.5171875,1.0,0.0,0.965625,1.0
2024-04-01,300313,4.187817258883264,85.7979,84.3597,60.0585,68.6383,68.6383,0.21393034825870644,0.0,0.0,1.0,1.0
2024-04-01,300340,2.749140893470803,49.8138,53.1154,59.8697,54.8511,54.8511,0.3367816091954024,1.0,0.0,1.0,1.0
2024-04-01,300417,3.1177829099306997,60.5585,59.5529,67.391,63.4468,63.4468,0.44469525959367945,1.0,0.0,1.0,1.0
2024-04-01,300437,1.7132551848512145,20.0798,24.6467,36.2216,31.0638,30.3553,0.570855614973262,1.0,0.0,0.858288770053476,1.0
2024-04-01,300500,1.0945273631840724,2.5798,14.9051,26.8059,17.0638,17.0638,0.35793731041456034,1.0,0.0,1.0,1.0
2024-04-01,300517,1.8757327080891173,25.0798,33.7979,42.5559,35.0638,35.0638,0.3132947976878611,1.0,0.0,1.0,1.0
2024-04-01,300539,2.8017241379310276,51.4628,54.6066,61.0239,56.1702,56.1702,0.3281818181818181,1.0,0.0,1.0,1.0
2024-04-01,300564,1.0820559062218127,2.2074,9.8956,22.8046,16.766,15.8308,0.5935162094763092,1.0,0.0,0.8129675810473815,1.0
2024-04-01,300588,1.4677103718199414,11.9947,20.0227,33.3963,24.5957,24.5957,0.4786516853932586,1.0,0.0,1.0,1.0
2024-04-01,300605,1.4196983141082642,10.5053,19.0393,32.3537,23.4043,23.4043,0.4682454251883744,1.0,0.0,1.0,1.0
2024-04-01,300610,2.8697571743929284,53.4309,52.5876,62.0875,57.7447,57.6661,0.5078534031413613,1.0,0.0,0.9842931937172774,1.0
2024-04-01,300611,2.7808676307007785,50.8245,51.3532,60.5771,55.6596,55.6596,0.4653179190751445,1.0,0.0,1.0,1.0
2024-04-01,300626,1.7925736235595569,22.3138,28.1489,40.6197,32.8511,32.8511,0.4851063829787234,1.0,0.0,1.0,1.0
2024-04-01,300650,1.5917602996254887,16.1968,25.6548,36.3378,27.9574,27.9574,0.3651344319167389,1.0,0.0,1.0,1.0
2024-04-01,300665,3.0303030303030276,57.6596,55.4193,63.945,61.1277,60.7735,0.5354166666666664,1.0,0.0,0.9291666666666671,1.0
2024-04-01,300686,3.750000000000009,76.6223,71.0462,78.1323,76.2979,76.172,0.5125827814569537,1.0,0.0,0.9748344370860926,1.0
2024-04-01,300703,1.9845644983461863,28.3777,32.5618,44.5837,37.7021,37.632,0.5070175438596491,1.0,0.0,0.9859649122807017,1.0
2024-04-01,300721,3.730664240218373,76.1968,72.4624,78.3378,75.9574,75.9574,0.42475247524752474,1.0,0.0,1.0,1.0
2024-04-01,300730,1.5977443609022535,16.4096,24.5424,11.4867,13.1277,13.1277,0.4292635658914729,0.0,0.0,1.0,1.0
2024-04-01,300774,2.895322939866385,54.4415,52.8521,61.7068,58.5532,58.2026,0.5350553505535054,1.0,0.0,0.9298892988929892,1.0
2024-04-01,300884,2.5415444770283457,43.9096,47.8777,30.7367,35.1277,35.1277,0.36250000000000004,0.0,0.0,1.0,1.0
2024-04-01,300885,3.084832904884305,59.5479,57.4649,66.3367,62.6383,62.5516,0.5086705202312141,1.0,0.0,0.9826589595375719,1.0
2024-04-01,300947,1.186440677966094,4.9468,14.412,28.4628,18.9574,18.9574,0.47727272727272746,1.0,0.0,1.0,1.0
2024-04-01,300948,1.7009847806624956,19.6011,27.4182,38.7207,30.6809,30.6809,0.413131313131313,1.0,0.0,1.0,1.0
2024-04-01,300963,2.559055118110254,44.3351,45.8681,56.0346,50.4681,50.4681,0.47999999999999987,1.0,0.0,1.0,1.0
2024-04-01,300968,4.610655737704938,94.016,86.7917,90.8112,90.2128,90.2128,0.42105263157894723,1.0,0.0,1.0,1.0
2024-04-01,300978,3.5429583702391465,71.6223,71.0415,75.1356,72.2979,72.2979,0.3128161888701518,1.0,0.0,1.0,1.0
2024-04-01,300986,3.378378378378355,67.2074,67.9026,72.0452,68.766,68.766,0.29316546762589946,1.0,0.0,1.0,1.0
2024-04-01,301028,3.8374717832956984,78.5372,74.1054,79.9761,77.8298,77.8298,0.43622047244094486,1.0,0.0,1.0,1.0
2024-04-01,301048,3.251121076233199,64.2287,64.248,69.9601,66.383,66.383,0.3567467652495379,1.0,0.0,1.0,1.0
2024-04-01,301066,3.021718602455148,57.4202,56.0014,65.1941,60.9362,60.9362,0.49674054758800523,1.0,0.0,1.0,1.0
2024-04-01,301116,2.952755905511828,55.5851,58.0086,63.9096,59.4681,59.4681,0.32297447280799096,1.0,0.0,1.0,1.0
2024-04-01,301126,2.1989528795811397,34.4415,40.1755,49.109,42.5532,42.5532,0.3688833124215811,1.0,0.0,1.0,1.0
2024-04-01,301136,1.9547325102880597,27.3404,34.5322,44.1383,36.8723,36.8723,0.3670076726342713,1.0,0.0,1.0,1.0
2024-04-01,301198,4.31499460625675,88.8032,82.986,87.1622,86.0426,86.0426,0.4028268551236748,1.0,0.0,1.0,1.0
2024-04-01,301256,1.947148817802491,26.8617,30.3048,41.434,36.4894,35.8971,0.5592286501377413,1.0,0.0,0.8815426997245175,1.0
2024-04-01,301332,2.1967526265520343,34.3351,38.3262,24.0346,27.4681,27.4681,0.4570957095709571,0.0,0.0,1.0,1.0
2024-04-01,301558,2.72045028142589,48.883,48.883,48.883,48.883,48.883,,0.0,0.0,,0.0
2024-04-01,600272,3.936269915651347,80.4521,76.8248,81.3165,79.3617,79.3617,0.3768472906403941,1.0,0.0,1.0,1.0
2024-04-01,600689,1.0718113612004254,1.9947,15.1157,26.3963,16.5957,16.5957,0.32399999999999995,1.0,0.0,1.0,1.0
2024-04-01,600697,3.9682539682539764,81.5691,78.6429,82.0984,80.2553,80.2553,0.33062330623306213,1.0,0.0,1.0,1.0
2024-04-01,601083,1.7616580310880758,21.7287,21.7287,21.7287,21.7287,21.7287,,0.0,0.0,,0.0
2024-04-01,601133,2.4976873265494914,42.367,47.0079,29.6569,33.8936,33.8936,0.3442838370565046,0.0,0.0,1.0,1.0
2024-04-01,601279,2.788104089219323,51.1436,52.2192,60.8005,55.9149,55.9149,0.43478260869565233,1.0,0.0,1.0,1.0
2024-04-01,603122,1.4409221902017322,11.1436,19.6101,32.8005,23.9149,23.9149,0.46524064171123003,1.0,0.0,1.0,1.0
2024-04-01,603216,1.0506208213944657,1.1968,11.5993,25.8378,15.9574,15.9574,0.46790540540540543,1.0,0.0,1.0,1.0
2024-04-01,605069,4.076433121019107,83.9096,78.0418,83.7367,82.1277,82.1277,0.45429362880886426,1.0,0.0,1.0,1.0
2024-04-01,605567,2.205882352941191,34.7074,43.5091,49.2952,42.766,42.766,0.21284185493460145,1.0,0.0,1.0,1.0
2024-04-02,000668,1.1261261261261257,3.6579,13.6882,27.5605,17.9263,17.9263,0.461904761904762,1.0,0.0,1.0,1.0
2024-04-02,002823,1.5962441314554043,16.4474,22.192,34.5813,28.1579,27.6749,0.5482954545454545,1.0,0.0,0.903409090909091,1.0
2024-04-02,002828,2.5263157894736876,43.5526,47.497,55.4868,49.8421,49.8421,0.36725663716814155,1.0,0.0,1.0,1.0
2024-04-02,300340,4.236343366778139,87.1316,82.4179,85.9921,84.7053,84.7053,0.3643678160919541,1.0,0.0,1.0,1.0
2024-04-02,300417,1.2318029115341744,6.2895,15.5282,29.4026,20.0316,20.0316,0.4751693002257335,1.0,0.0,1.0,1.0
2024-04-02,300478,1.538461538461533,14.4737,21.212,34.3976,26.5789,26.3955,0.5183486238532111,1.0,0.0,0.9633027522935778,1.0
2024-04-02,300500,1.0826771653543288,2.2368,14.4083,26.5658,16.7895,16.7895,0.36905965621840253,1.0,0.0,1.0,1.0
2024-04-02,300610,2.467811158798283,41.7632,42.346,52.1051,48.4105,47.8782,0.5532286212914485,1.0,0.0,0.8935427574171031,1.0
2024-04-02,300626,2.264150943396226,36.6053,39.1849,50.4251,44.2842,44.2346,0.5049645390070923,1.0,0.0,0.9900709219858155,1.0
2024-04-02,300703,1.8378378378378413,23.9211,28.3649,40.2009,34.1368,33.7509,0.5385964912280701,1.0,0.0,0.9228070175438599,1.0
2024-04-02,300721,4.298245614035068,88.2368,81.2825,86.7658,85.5895,85.5895,0.4653465346534653,1.0,0.0,1.0,1.0
2024-04-02,300963,2.0153550863723613,29.6053,33.3414,45.038,38.6842,38.5128,0.5171428571428571,1.0,0.0,0.9657142857142857,1.0
2024-04-02,301120,2.589641434262946,45.6053,44.5871,31.9237,36.4842,36.4842,0.594855305466238,0.0,0.0,0.810289389067524,1.0
2024-04-02,301136,2.320887991927356,38.1316,42.6085,51.6921,45.5053,45.5053,0.39483870967741935,1.0,0.0,1.0,1.0
2024-04-02,301149,2.936096718480141,55.5526,50.0704,55.1435,59.4421,57.2563,0.7185840707964603,1.0,0.0,0.5628318584070795,1.0
2024-04-02,301198,1.8614270941054833,24.6579,30.7275,42.2605,34.7263,34.7263,0.4499411071849233,1.0,0.0,1.0,1.0
2024-04-02,301256,2.3192360163710735,38.0526,38.4862,47.725,45.4421,44.4641,0.5977961432506887,1.0,0.0,0.8044077134986225,1.0
2024-04-02,301265,2.141527001862209,33.2368,32.3993,44.8855,46.5895,44.4944,0.7095070422535211,1.0,1.0,0.5809859154929577,1.0
2024-04-02,600768,3.441084462982258,69.3421,63.7211,70.0343,70.4737,69.5974,0.5876288659793816,1.0,0.0,0.8247422680412368,1.0
2024-04-02,603213,2.7600849256900206,50.3947,52.1167,60.2763,55.3158,55.3158,0.4099560761346999,1.0,0.0,1.0,1.0
2024-04-09,000586,1.2036108324974926,5.527,15.2645,3.8689,4.4216,4.4216,0.45785639958376695,0.0,0.0,1.0,1.0
2024-04-09,000929,1.4435695538057791,11.1825,18.8377,7.8278,8.946,8.946,0.5054151624548737,0.0,0.0,0.9891696750902526,1.0
2024-04-09,001322,3.4408602150537426,69.4344,70.2366,48.6041,55.5476,55.5476,0.2655462184873951,0.0,0.0,1.0,1.0
2024-04-09,002058,1.181818181818195,4.8072,15.4393,3.365,3.8458,3.8458,0.4203233256351039,0.0,0.0,1.0,1.0
2024-04-09,002209,2.127659574468077,32.7249,35.912,22.9075,26.1799,26.1799,0.5133991537376585,0.0,0.0,0.9732016925246829,1.0
2024-04-09,002826,2.6221692491060544,46.7095,50.0524,57.6967,52.3676,52.3676,0.3657587548638134,1.0,0.0,1.0,1.0
2024-04-09,002830,2.1371326803205637,32.982,37.1884,23.0874,26.3856,26.3856,0.459862385321101,0.0,0.0,1.0,1.0
2024-04-09,002848,2.6567481402762994,47.5835,49.7698,58.3085,53.0668,53.0668,0.41485148514851483,1.0,0.0,1.0,1.0
2024-04-09,002853,2.62605042016808,46.9152,51.0085,32.8406,37.5321,37.5321,0.32618025751072943,0.0,0.0,1.0,1.0
2024-04-09,002900,3.8422649140545717,78.9974,75.9979,80.2982,78.1979,78.1979,0.36000000000000015,1.0,0.0,1.0,1.0
2024-04-09,002972,2.6030368763557687,46.0411,48.4489,57.2288,51.8329,51.8329,0.41919805589307413,1.0,0.0,1.0,1.0
2024-04-09,300243,3.147699757869238,61.671,56.8268,63.1497,64.3368,63.0818,0.6254980079681275,1.0,0.0,0.749003984063745,1.0
2024-04-09,300437,2.32126276694522,38.072,39.8961,50.5274,45.4576,45.1768,0.5280748663101603,1.0,0.0,0.9438502673796794,1.0
2024-04-09,300539,2.9885057471264576,56.8638,59.9819,39.8046,45.491,45.491,0.27545454545454534,0.0,0.0,1.0,1.0
2024-04-09,300562,3.732162458836452,76.581,72.2846,78.6067,76.2648,76.2648,0.44900849858356917,1.0,0.0,1.0,1.0
2024-04-09,300588,1.6574585635358963,18.5347,27.8839,12.9743,14.8278,14.8278,0.3471910112359552,0.0,0.0,1.0,1.0
2024-04-09,300611,3.6363636363636376,73.856,70.3276,76.6992,74.0848,74.0848,0.4378612716763006,1.0,0.0,1.0,1.0
2024-04-09,300665,2.4390243902439046,41.2082,42.0916,52.0958,47.9666,47.5291,0.5437499999999997,1.0,0.0,0.9125000000000005,1.0
2024-04-09,300721,3.5486806187443154,72.0051,69.1091,75.4036,72.6041,72.6041,0.42475247524752474,1.0,0.0,1.0,1.0
2024-04-09,300749,2.7190332326283873,49.2288,50.7236,34.4602,39.383,39.383,0.4329710144927535,0.0,0.0,1.0,1.0
2024-04-09,300884,2.162718846549949,33.5733,40.7904,23.5013,26.8586,26.8586,0.3034090909090909,0.0,0.0,1.0,1.0
2024-04-09,300948,2.9107981220657386,54.9357,56.7365,38.455,43.9486,43.9486,0.36060606060606065,0.0,0.0,1.0,1.0
2024-04-09,300967,2.6011560693641522,45.9383,48.6906,57.1568,51.7506,51.7506,0.40300107181136136,1.0,0.0,1.0,1.0
2024-04-09,300968,2.581369248035914,45.2956,49.7605,31.7069,36.2365,36.2365,0.32379862700228834,0.0,0.0,1.0,1.0
2024-04-09,300978,2.2831050228310668,37.3522,44.1988,26.1465,29.8817,29.8817,0.28414839797639113,0.0,0.0,1.0,1.0
2024-04-09,300986,3.2295271049596286,63.8817,65.6,69.7172,66.1054,66.1054,0.2752707581227437,1.0,0.0,1.0,1.0
2024-04-09,300994,2.042711234911798,30.0514,35.6177,46.036,39.0411,39.0411,0.4211737629459149,1.0,0.0,1.0,1.0
2024-04-09,301032,1.4416775884665833,11.1311,21.1487,7.7918,8.9049,8.9049,0.3878116343490304,0.0,0.0,1.0,1.0
2024-04-09,301149,3.153153153153143,61.8252,56.7876,62.9325,64.4602,63.1239,0.6336283185840705,1.0,0.0,0.7327433628318589,1.0
2024-04-09,301198,4.73506200676439,96.0668,89.4424,92.2468,91.8535,91.8535,0.37055214723926366,1.0,0.0,1.0,1.0
2024-04-09,301558,1.9342359767891448,26.401,38.0891,18.4807,21.1208,21.1208,0.15158636897767327,0.0,0.0,0.7579318448883663,1.0
2024-04-09,600272,3.3050047214353118,66.1183,65.5547,71.2828,67.8946,67.8946,0.3669950738916256,1.0,0.0,1.0,1.0
2024-04-09,603079,1.611374407582944,16.7866,25.7587,11.7506,13.4293,13.4293,0.38353196099674985,0.0,0.0,1.0,1.0
2024-04-09,603122,2.5993883792049033,45.8612,49.5232,32.1028,36.6889,36.6889,0.35828877005347604,0.0,0.0,1.0,1.0
2024-04-09,603213,4.175588865096369,85.8869,80.7447,85.1208,83.7095,83.7095,0.39824304538799415,1.0,0.0,1.0,1.0
2024-04-09,605500,3.9492242595204674,81.2082,74.3629,80.6384,79.9666,79.6647,0.5301837270341206,1.0,0.0,0.9396325459317587,1.0
2024-04-11,000880,1.0169491525423568,0.4317,10.2716,0.3022,0.3454,0.3454,0.5036900369003692,0.0,0.0,0.9926199261992616,1.0
2024-04-11,002802,3.802672147995878,78.1361,73.7793,79.6953,77.5089,77.5089,0.4364779874213836,1.0,0.0,1.0,1.0
2024-04-11,002828,1.7726798748696426,22.0163,30.0352,40.4114,32.613,32.613,0.3788888888888889,1.0,0.0,1.0,1.0
2024-04-11,002900,2.426693629929222,41.2138,45.7711,53.8497,47.9711,47.9711,0.36000000000000015,1.0,0.0,1.0,1.0
2024-04-11,002963,1.9784172661870603,28.2123,35.4422,19.7486,22.5698,22.5698,0.35638297872340413,0.0,0.0,1.0,1.0
2024-04-11,300521,3.0411449016100267,58.7862,55.7619,63.6163,62.0289,61.3954,0.563350785340314,1.0,0.0,0.873298429319372,1.0
2024-04-11,300649,2.008733624454151,29.3296,36.5497,20.5307,23.4637,23.4637,0.34570135746606323,0.0,0.0,1.0,1.0
2024-04-11,300686,2.354570637119102,39.1823,42.9148,27.4276,31.3459,31.3459,0.4215552523874488,0.0,0.0,1.0,1.0
2024-04-11,300774,1.306413301662701,7.7958,17.4726,5.4571,6.2367,6.2367,0.4382022471910112,0.0,0.0,1.0,1.0
2024-04-11,301028,4.044943820224711,83.7227,78.1278,83.6059,81.9782,81.9782,0.4425196850393702,1.0,0.0,1.0,1.0
2024-04-11,301032,1.820546163849146,23.3875,30.7876,41.3713,33.71,33.71,0.3961218836565097,1.0,0.0,1.0,1.0
2024-04-11,301048,1.5891032917139558,16.2265,24.376,11.3586,12.9812,12.9812,0.43026004728132367,0.0,0.0,1.0,1.0
2024-04-11,301120,1.5839493136219351,15.8202,22.5919,11.0741,12.6562,12.6562,0.5032154340836015,0.0,0.0,0.993569131832797,1.0
2024-04-11,600793,2.69516728624537,49.0858,48.7898,58.4023,54.2687,54.0292,0.523943661971831,1.0,0.0,0.9521126760563381,1.0
2024-04-11,601083,4.784688995215292,96.8766,96.8766,96.8766,96.8766,96.8766,,0.0,0.0,,0.0
2024-04-11,605122,1.2679628064243609,6.8817,17.7241,29.8172,20.5053,20.5053,0.3890608875128999,1.0,0.0,1.0,1.0
2024-04-11,605162,2.538071065989844,44.0071,42.3747,50.1431,50.2057,48.7902,0.6415478615071282,1.0,0.0,0.7169042769857437,1.0
2024-04-11,605580,2.5454545454545396,44.4642,40.8729,46.7281,50.5714,48.2221,0.734920634920635,1.0,0.0,0.53015873015873,1.0
2024-04-17,000880,4.187192118226624,87.3204,82.4763,61.1243,69.8564,69.8564,0.36900369003690026,0.0,0.0,1.0,1.0
2024-04-17,000995,4.18794688457611,87.4862,89.6232,61.2403,69.989,69.989,0.018285714285714103,0.0,0.0,0.09142857142857051,1.0
2024-04-17,001299,4.618117229129659,95.0829,90.0169,66.558,76.0663,76.0663,0.30246913580246915,0.0,0.0,1.0,1.0
2024-04-17,002780,1.368691189050475,9.7514,20.3174,6.826,7.8011,7.8011,0.3741851368970013,0.0,0.0,1.0,1.0
2024-04-17,002806,1.1642949547218562,4.7238,19.0202,3.3066,3.779,3.779,0.23794212218649524,0.0,0.0,1.0,1.0
2024-04-17,002828,1.3623978201634968,9.4751,14.0507,24.5738,22.5801,20.8154,0.676470588235294,1.0,0.0,0.6470588235294119,1.0
2024-04-17,002861,2.9484029484029506,58.2044,62.7026,40.7431,46.5635,46.5635,0.19304666056724618,0.0,0.0,0.9652333028362309,1.0
2024-04-17,002862,3.5023041474654404,73.0663,75.3249,51.1464,58.453,58.453,0.1564051638530288,0.0,0.0,0.7820258192651439,1.0
2024-04-17,003041,4.188481675392652,87.5414,85.3784,61.279,70.0331,70.0331,0.2327365728900256,0.0,0.0,1.0,1.0
2024-04-17,600615,3.1472081218274273,64.0055,63.12,44.8039,51.2044,51.2044,0.40422322775263936,0.0,0.0,1.0,1.0
2024-04-17,600768,2.149178255372952,34.9448,41.1517,24.4613,27.9558,27.9558,0.3402061855670104,0.0,0.0,1.0,1.0
2024-04-17,603151,4.465849387040288,92.7348,85.9929,64.9144,74.1878,74.1878,0.40974967061923573,0.0,0.0,1.0,1.0
2024-04-17,603320,2.893309222423146,56.8785,58.8666,39.8149,45.5028,45.5028,0.3318056828597617,0.0,0.0,1.0,1.0
2024-04-17,603978,2.0000000000000018,30.3591,40.0671,21.2514,24.2873,24.2873,0.21100917431192656,0.0,0.0,1.0,1.0
2024-04-17,605298,3.4545454545454657,71.8508,69.7394,50.2956,57.4807,57.4807,0.387063655030801,0.0,0.0,1.0,1.0
2024-04-23,000020,3.3575317604355837,72.6801,77.3793,50.876,58.144,58.144,0.03823529411764695,0.0,0.0,0.19117647058823475,1.0
2024-04-23,000586,2.9103608847497187,59.3144,61.0464,41.5201,47.4515,47.4515,0.320254506892895,0.0,0.0,1.0,1.0
2024-04-23,000880,1.5151515151515138,15.6856,23.471,10.9799,12.5485,12.5485,0.4538745387453875,0.0,0.0,1.0,1.0
2024-04-23,000929,4.040404040404044,86.946,81.9395,60.8622,69.5568,69.5568,0.38086642599277976,0.0,0.0,1.0,1.0
2024-04-23,001300,4.017857142857162,86.4612,87.132,60.5229,69.169,69.169,0.10184767913474535,0.0,0.0,0.5092383956737268,1.0
2024-04-23,001322,1.5911872705018482,18.2133,32.9945,12.7493,14.5706,14.5706,0.07880910683012265,0.0,0.0,0.3940455341506133,1.0
2024-04-23,002205,4.115853658536595,88.054,89.5052,61.6378,70.4432,70.4432,0.04689863842662627,0.0,0.0,0.23449319213313133,1.0
2024-04-23,002209,3.289473684210509,71.018,70.2982,49.7126,56.8144,56.8144,0.3258110014104371,0.0,0.0,1.0,1.0
2024-04-23,002729,4.608294930875556,95.5332,95.7743,66.8733,76.4266,76.4266,0.0326157860404436,0.0,0.0,0.163078930202218,1.0
2024-04-23,002806,3.86206896551724,83.6219,83.1676,58.5353,66.8975,66.8975,0.18649517684887462,0.0,0.0,0.9324758842443731,1.0
2024-04-23,002826,3.2808398950131323,70.741,71.275,49.5187,56.5928,56.5928,0.26588845654993515,0.0,0.0,1.0,1.0
2024-04-23,002828,2.147525676937434,36.8767,33.5787,43.9684,49.5014,46.54,0.796133567662566,1.0,1.0,0.4077328646748679,1.0
2024-04-23,002830,3.738317757009346,80.9557,79.237,56.669,64.7645,64.7645,0.276376146788991,0.0,0.0,1.0,1.0
2024-04-23,002853,2.7954256670902122,55.7133,61.5878,38.9993,44.5706,44.5706,0.1491416309012875,0.0,0.0,0.7457081545064373,1.0
2024-04-23,002858,3.0602171767028397,63.8158,68.7209,44.6711,51.0526,51.0526,0.11658570437196401,0.0,0.0,0.58292852185982,1.0
2024-04-23,002861,4.597701149425282,95.464,93.0775,66.8248,76.3712,76.3712,0.1646843549862763,0.0,0.0,0.8234217749313814,1.0
2024-04-23,002871,4.104477611940283,87.9155,83.0845,61.5409,70.3324,70.3324,0.3623931623931624,0.0,0.0,1.0,1.0
2024-04-23,002921,3.8387715930902067,83.2064,81.7805,58.2445,66.5651,66.5651,0.23923006416132,0.0,0.0,1.0,1.0
2024-04-23,002963,4.3076923076923235,91.2396,88.7789,63.8677,72.9917,72.9917,0.21063829787234029,0.0,0.0,1.0,1.0
2024-04-23,003018,4.669260700389111,96.1565,89.7121,67.3096,76.9252,76.9252,0.3606557377049179,0.0,0.0,1.0,1.0
2024-04-23,300399,3.240223463687175,69.3213,69.8884,48.5249,55.4571,55.4571,0.2784313725490193,0.0,0.0,1.0,1.0
2024-04-23,300501,1.8750000000000044,28.8781,36.223,20.2147,23.1025,23.1025,0.34397677793904197,0.0,0.0,1.0,1.0
2024-04-23,300517,2.3774145616641817,43.4557,52.6605,30.419,34.7645,34.7645,0.10520231213872841,0.0,0.0,0.526011560693642,1.0
2024-04-23,300535,3.2579185520361875,70.0485,70.3958,49.0339,56.0388,56.0388,0.28214971209213063,0.0,0.0,1.0,1.0
2024-04-23,300539,3.751617076325986,81.4058,81.3792,56.9841,65.1247,65.1247,0.1872727272727272,0.0,0.0,0.936363636363636,1.0
2024-04-23,300546,3.9735099337748325,85.7687,85.4743,60.0381,68.615,68.615,0.15703275529865135,0.0,0.0,0.7851637764932567,1.0
2024-04-23,300561,4.645161290322575,95.8795,93.1332,67.1157,76.7036,76.7036,0.17851959361393327,0.0,0.0,0.8925979680696663,1.0
2024-04-23,300562,1.6826923076923128,21.5374,30.4877,15.0762,17.2299,17.2299,0.33711048158640217,0.0,0.0,1.0,1.0
2024-04-23,300565,4.4117647058823595,92.9017,90.6425,65.0312,74.3213,74.3213,0.18394308943089427,0.0,0.0,0.9197154471544713,1.0
2024-04-23,300572,1.0526315789473717,1.4197,17.3191,0.9938,1.1357,1.1357,0.1908333333333333,0.0,0.0,0.9541666666666665,1.0
2024-04-23,300578,3.6903690369036957,79.6745,78.097,55.7722,63.7396,63.7396,0.2821292775665398,0.0,0.0,1.0,1.0
2024-04-23,300585,3.7998146431881485,82.3753,81.0568,57.6627,65.9003,65.9003,0.2421746293245469,0.0,0.0,1.0,1.0
2024-04-23,300610,2.26757369614512,40.4086,43.0075,28.286,32.3269,32.3269,0.4659685863874344,0.0,0.0,1.0,1.0
2024-04-23,300611,3.9743589743589602,85.838,82.8033,60.0866,68.6704,68.6704,0.2933526011560694,0.0,0.0,1.0,1.0
2024-04-23,300615,2.670623145400608,52.2507,57.8734,36.5755,41.8006,41.8006,0.19636015325670492,0.0,0.0,0.9818007662835245,1.0
2024-04-23,300635,4.5395590142671916,94.8407,92.0924,66.3885,75.8726,75.8726,0.18900804289544232,0.0,0.0,0.9450402144772115,1.0
2024-04-23,300649,4.752275025278041,97.3338,93.7765,68.1337,77.867,77.867,0.20452488687782805,0.0,0.0,1.0,1.0
2024-04-23,300650,3.423848878394309,74.3421,76.0045,52.0395,59.4737,59.4737,0.17346053772766706,0.0,0.0,0.8673026886383353,1.0
2024-04-23,300665,3.4653465346534684,75.3809,73.2214,52.7666,60.3047,60.3047,0.35416666666666646,0.0,0.0,1.0,1.0
2024-04-23,300703,1.0895883777239712,2.874,15.0009,2.0118,2.2992,2.2992,0.3649122807017543,0.0,0.0,1.0,1.0
2024-04-23,300707,2.4215246636771326,44.5637,53.1699,31.1946,35.651,35.651,0.12405358182877115,0.0,0.0,0.6202679091438557,1.0
2024-04-23,300721,1.0649627263045858,2.0429,16.3076,1.4301,1.6343,1.6343,0.26633663366336624,0.0,0.0,1.0,1.0
2024-04-23,300730,3.9024390243902474,84.1066,83.4287,58.8747,67.2853,67.2853,0.192829457364341,0.0,0.0,0.964147286821705,1.0
2024-04-23,300753,1.8639328984156434,28.4972,37.9219,19.9481,22.7978,22.7978,0.24379432624113476,0.0,0.0,1.0,1.0
2024-04-23,300771,2.8750000000000053,58.2064,60.3056,40.7445,46.5651,46.5651,0.3129770992366412,0.0,0.0,1.0,1.0
2024-04-23,300817,3.3396946564885344,72.403,72.5606,50.6821,57.9224,57.9224,0.2680937818552499,0.0,0.0,1.0,1.0
2024-04-23,300826,4.266666666666685,90.3393,88.5895,63.2375,72.2715,72.2715,0.18410041841004182,0.0,0.0,0.920502092050209,1.0
2024-04-23,300854,4.343534057255671,91.6551,88.791,64.1586,73.3241,73.3241,0.2266545784224842,0.0,0.0,1.0,1.0
2024-04-23,300884,2.8135990621336315,56.1288,61.5167,39.2902,44.903,44.903,0.16931818181818178,0.0,0.0,0.8465909090909088,1.0
2024-04-23,300889,4.462474645030445,93.5249,89.9877,65.4675,74.8199,74.8199,0.24161073825503349,0.0,0.0,1.0,1.0
2024-04-23,300948,3.218645948945631,68.6288,71.0041,48.0402,54.903,54.903,0.1949494949494949,0.0,0.0,0.9747474747474745,1.0
2024-04-23,300978,3.3298647242455903,72.0568,74.2222,50.4398,57.6454,57.6454,0.17116357504215843,0.0,0.0,0.8558178752107921,1.0
2024-04-23,300986,4.761904761904767,97.5762,95.6963,68.3033,78.0609,78.0609,0.11823104693140792,0.0,0.0,0.5911552346570396,1.0
2024-04-23,301032,4.8192771084337505,98.5457,93.8227,68.982,78.8366,78.8366,0.2506925207756231,0.0,0.0,1.0,1.0
2024-04-23,301056,4.915730337078661,99.3421,92.9783,69.5395,79.4737,79.4737,0.3247706422018349,0.0,0.0,1.0,1.0
2024-04-23,301060,3.6263736263736357,78.428,79.1358,54.8996,62.7424,62.7424,0.18032786885245888,0.0,0.0,0.9016393442622944,1.0
2024-04-23,301082,4.558139534883732,95.0485,91.929,66.5339,76.0388,76.0388,0.20549084858569053,0.0,0.0,1.0,1.0
2024-04-23,301116,2.497162315550505,46.1565,53.4624,32.3096,36.9252,36.9252,0.17314095449500552,0.0,0.0,0.8657047724750275,1.0
2024-04-23,301149,1.0090817356205761,0.0346,11.5675,0.0242,0.0277,0.0277,0.4230088495575222,0.0,0.0,1.0,1.0
2024-04-23,301228,3.7181996086105507,80.2285,78.843,56.16,64.1828,64.1828,0.26699029126213597,0.0,0.0,1.0,1.0
2024-04-23,301507,2.3830538393645018,43.5942,53.0316,30.5159,34.8753,34.8753,0.09218612818261646,0.0,0.0,0.4609306409130823,1.0
2024-04-23,301558,2.342917997870053,42.4861,52.1647,29.7403,33.9889,33.9889,0.09121245828698563,0.0,0.0,0.4560622914349281,1.0
2024-04-23,600272,1.1802575107296098,5.4363,20.1372,3.8054,4.349,4.349,0.21059113300492605,0.0,0.0,1.0,1.0
2024-04-23,600615,3.46585117227316,75.4501,72.3963,52.8151,60.3601,60.3601,0.3981900452488689,0.0,0.0,1.0,1.0
2024-04-23,603042,3.765227021040962,81.7521,81.5938,57.2265,65.4017,65.4017,0.19039301310043663,0.0,0.0,0.9519650655021831,1.0
2024-04-23,603122,1.730103806228378,23.3726,35.5965,16.3608,18.6981,18.6981,0.15508021390374344,0.0,0.0,0.7754010695187171,1.0
2024-04-23,603320,3.1468531468531458,66.5512,65.9083,46.5859,53.241,53.241,0.3666361136571952,0.0,0.0,1.0,1.0
2024-04-23,603656,1.2006861063464935,6.2673,18.8729,4.3871,5.0139,5.0139,0.30704521556256575,0.0,0.0,1.0,1.0
2024-04-23,603813,2.2051773729625967,38.5388,45.5422,26.9771,30.831,30.831,0.26444043321299643,0.0,0.0,1.0,1.0
2024-04-23,603955,2.2810218978102315,40.9626,49.4809,28.6738,32.7701,32.7701,0.16445830085736565,0.0,0.0,0.8222915042868282,1.0
2024-04-24,000020,3.2484635645302795,69.5513,74.1508,48.6859,55.641,55.641,0.07450980392156863,0.0,0.0,0.3725490196078431,1.0
2024-04-24,000586,4.2986425339366585,90.7051,85.6288,63.4936,72.5641,72.5641,0.34676564156945916,0.0,0.0,1.0,1.0
2024-04-24,000880,1.7221584385763489,22.614,28.534,15.8298,18.0912,18.0912,0.47785977859778617,0.0,0.0,1.0,1.0
2024-04-24,000929,3.051317614424409,63.2123,61.9416,44.2486,50.5698,50.5698,0.4314079422382672,0.0,0.0,1.0,1.0
2024-04-24,001217,2.164948453608262,36.9302,46.7239,25.8511,29.5442,29.5442,0.1410146173688735,0.0,0.0,0.7050730868443674,1.0
2024-04-24,002144,1.13507377979567,4.594,16.5598,3.2158,3.6752,3.6752,0.35576923076923095,0.0,0.0,1.0,1.0
2024-04-24,002205,3.0746705710102518,63.8177,69.2992,44.6724,51.0541,51.0541,0.08774583963691379,0.0,0.0,0.43872919818456896,1.0
2024-04-24,002209,3.0573248407643305,63.4259,63.5193,44.3981,50.7407,50.7407,0.36107193229901247,0.0,0.0,1.0,1.0
2024-04-24,002729,1.7621145374449476,24.3234,38.1541,17.0264,19.4587,19.4587,0.06523157208088709,0.0,0.0,0.32615786040443545,1.0
2024-04-24,002780,4.072398190045234,87.5712,84.2421,61.2999,70.057,70.057,0.29074315514993493,0.0,0.0,1.0,1.0
2024-04-24,002806,4.249667994687911,90.1353,87.7781,63.0947,72.1083,72.1083,0.21650589496248665,0.0,0.0,1.0,1.0
2024-04-24,002823,1.4198782961460488,12.0726,20.9365,8.4509,9.6581,9.6581,0.4360795454545454,0.0,0.0,1.0,1.0
2024-04-24,002826,1.7789072426937613,24.8219,33.8913,17.3754,19.8575,19.8575,0.2983138780804151,0.0,0.0,1.0,1.0
2024-04-24,002848,4.011065006915615,86.3604,85.1081,60.4523,69.0883,69.0883,0.19900990099009905,0.0,0.0,0.9950495049504952,1.0
2024-04-24,002853,3.95550061804697,85.1496,84.6647,59.6047,68.1197,68.1197,0.17274678111587974,0.0,0.0,0.8637339055793987,1.0
2024-04-24,002861,3.5409035409035283,76.5313,77.2726,53.5719,61.2251,61.2251,0.1976212259835316,0.0,0.0,0.988106129917658,1.0
2024-04-24,002862,2.376760563380298,43.2692,50.9808,30.2885,34.6154,34.6154,0.1817279046673286,0.0,0.0,0.908639523336643,1.0
2024-04-24,002875,3.4102306920762215,73.5043,75.0988,51.453,58.8034,58.8034,0.18523316062176165,0.0,0.0,0.9261658031088082,1.0
2024-04-24,002921,4.713493530499058,96.9729,92.0605,67.8811,77.5783,77.5783,0.27589367552703953,0.0,0.0,1.0,1.0
2024-04-24,003025,3.2028469750889688,67.9843,70.0661,47.589,54.3875,54.3875,0.21606864274570972,0.0,0.0,1.0,1.0
2024-04-24,300340,3.443526170798905,74.7507,76.4442,52.3255,59.8006,59.8006,0.167816091954023,0.0,0.0,0.8390804597701149,1.0
2024-04-24,300399,3.7878787878787845,82.0157,79.2857,57.411,65.6125,65.6125,0.3163398692810456,0.0,0.0,1.0,1.0
2024-04-24,300417,3.665689149560114,78.8818,78.365,55.2172,63.1054,63.1054,0.2370203160270881,0.0,0.0,1.0,1.0
2024-04-24,300437,1.3437849944009095,9.4373,21.9081,6.6061,7.5499,7.5499,0.2820855614973261,0.0,0.0,1.0,1.0
2024-04-24,300500,3.858875413450935,83.2977,81.2937,58.3084,66.6382,66.6382,0.2672233820459291,0.0,0.0,1.0,1.0
2024-04-24,300501,3.1551270815074473,66.7735,65.9297,46.7415,53.4188,53.4188,0.3744557329462991,0.0,0.0,1.0,1.0
2024-04-24,300562,4.8463356973995175,98.896,91.978,69.2272,79.1168,79.1168,0.3569405099150142,0.0,0.0,1.0,1.0
2024-04-24,300565,4.124748490945684,88.4259,86.2082,61.8981,70.7407,70.7407,0.22662601626016257,0.0,0.0,1.0,1.0
2024-04-24,300572,3.409090909090895,73.3618,74.6895,51.3533,58.6895,58.6895,0.20000000000000007,0.0,0.0,1.0,1.0
2024-04-24,300578,2.951388888888884,60.292,61.9675,42.2044,48.2336,48.2336,0.31330798479087446,0.0,0.0,1.0,1.0
2024-04-24,300588,4.35339308578746,91.7023,89.2045,64.1916,73.3618,73.3618,0.20786516853932582,0.0,0.0,1.0,1.0
2024-04-24,300605,4.112554112554112,88.141,85.5182,61.6987,70.5128,70.5128,0.2497308934337998,0.0,0.0,1.0,1.0
2024-04-24,300611,2.3427866831073008,42.1296,46.9407,29.4907,33.7037,33.7037,0.33815028901734095,0.0,0.0,1.0,1.0
2024-04-24,300635,3.722084367245637,80.3063,79.5265,56.2144,64.245,64.245,0.23592493297587144,0.0,0.0,1.0,1.0
2024-04-24,300649,2.6061776061776287,50.1781,55.2013,35.1246,40.1425,40.1425,0.24705882352941172,0.0,0.0,1.0,1.0
2024-04-24,300650,4.2237442922374635,89.9217,87.9651,62.9452,71.9373,71.9373,0.1986123156981787,0.0,0.0,0.9930615784908934,1.0
2024-04-24,300665,3.6682615629983983,79.0954,75.318,55.3668,63.2764,63.2764,0.3979166666666665,0.0,0.0,1.0,1.0
2024-04-24,300686,3.852080123266566,83.1553,80.0849,58.2087,66.5242,66.5242,0.3219645293315143,0.0,0.0,1.0,1.0
2024-04-24,300700,2.537593984962405,47.1866,54.2012,33.0306,37.7493,37.7493,0.177406523468576,0.0,0.0,0.88703261734288,1.0
2024-04-24,300703,4.550898203592846,94.9074,88.3119,66.4352,75.9259,75.9259,0.38070175438596476,0.0,0.0,1.0,1.0
2024-04-24,300721,4.741833508956783,97.4715,92.4525,68.2301,77.9772,77.9772,0.2762376237623762,0.0,0.0,1.0,1.0
2024-04-24,300749,3.6842105263157787,79.2379,78.0642,55.4665,63.3903,63.3903,0.266304347826087,0.0,0.0,1.0,1.0
2024-04-24,300753,3.385178408051237,72.8276,73.0316,50.9793,58.2621,58.2621,0.26152482269503535,0.0,0.0,1.0,1.0
2024-04-24,300786,2.2662889518413554,40.0641,48.2798,28.0449,32.0513,32.0513,0.18857493857493857,0.0,0.0,0.9428746928746928,1.0
2024-04-24,300800,4.573804573804585,95.2635,89.3481,66.6845,76.2108,76.2108,0.3431372549019608,0.0,0.0,1.0,1.0
2024-04-24,300817,3.416435826408115,73.8248,72.9844,51.6774,59.0598,59.0598,0.3037716615698267,0.0,0.0,1.0,1.0
2024-04-24,300884,3.9908779931585148,85.933,84.8146,60.1531,68.7464,68.7464,0.19659090909090898,0.0,0.0,0.9829545454545449,1.0
2024-04-24,300956,3.4203420342034274,74.1097,73.7329,51.8768,59.2877,59.2877,0.2777404169468728,0.0,0.0,1.0,1.0
2024-04-24,300967,1.830663615560657,27.0299,37.0795,18.9209,21.6239,21.6239,0.22722400857449088,0.0,0.0,1.0,1.0
2024-04-24,300978,4.531722054380682,94.6937,91.7921,66.2856,75.755,75.755,0.19814502529510952,0.0,0.0,0.9907251264755476,1.0
2024-04-24,300986,1.6528925619834656,20.6909,33.5924,14.4836,16.5527,16.5527,0.148014440433213,0.0,0.0,0.740072202166065,1.0
2024-04-24,301013,3.2570422535211474,69.8718,69.3565,48.9103,55.8974,55.8974,0.32704858593183467,0.0,0.0,1.0,1.0
2024-04-24,301027,2.36318407960201,42.9131,47.8908,30.0392,34.3305,34.3305,0.3219858156028369,0.0,0.0,1.0,1.0
2024-04-24,301032,3.0172413793103425,62.0014,63.7009,43.401,49.6011,49.6011,0.2950138504155124,0.0,0.0,1.0,1.0
2024-04-24,301048,3.401360544217691,73.255,69.5892,51.2785,58.604,58.604,0.45073891625615736,0.0,0.0,1.0,1.0
2024-04-24,301056,4.417670682730912,92.9131,86.5507,65.0392,74.3305,74.3305,0.3889908256880734,0.0,0.0,1.0,1.0
2024-04-24,301060,2.6511134676564296,51.6738,57.0562,36.1717,41.339,41.339,0.21413934426229495,0.0,0.0,1.0,1.0
2024-04-24,301081,3.452855245683928,74.8932,72.958,52.4252,59.9145,59.9145,0.3478260869565219,0.0,0.0,1.0,1.0
2024-04-24,301126,1.4942528735632177,14.708,26.5217,10.2956,11.7664,11.7664,0.2622333751568382,0.0,0.0,1.0,1.0
2024-04-24,301136,2.1297192642788287,35.933,39.379,25.1531,28.7464,28.7464,0.46837146702557203,0.0,0.0,1.0,1.0
2024-04-24,301149,2.197802197802212,38.0698,41.6417,26.6489,30.4558,30.4558,0.44070796460176986,0.0,0.0,1.0,1.0
2024-04-24,301198,4.62499999999999,95.8333,91.3906,67.0833,76.6667,76.6667,0.26380368098159507,0.0,0.0,1.0,1.0
2024-04-24,301228,2.5471698113207486,47.9701,52.4214,33.5791,38.3761,38.3761,0.29773462783171517,0.0,0.0,1.0,1.0
2024-04-24,301332,2.522522522522519,46.8305,45.9973,32.7813,37.4644,37.4644,0.5733558178752107,0.0,0.0,0.8532883642495785,1.0
2024-04-24,301558,2.6014568158168494,49.8932,57.6008,34.9252,39.9145,39.9145,0.11568409343715233,0.0,0.0,0.5784204671857616,1.0
2024-04-24,600272,2.226935312831402,39.2806,46.9417,27.4964,31.4245,31.4245,0.22413793103448268,0.0,0.0,1.0,1.0
2024-04-24,600506,4.502814258911814,94.1239,89.4335,65.8868,75.2991,75.2991,0.29328063241106717,0.0,0.0,1.0,1.0
2024-04-24,600697,1.059730250481672,1.6738,17.3282,1.1717,1.339,1.339,0.20054200542005432,0.0,0.0,1.0,1.0
2024-04-24,600768,4.005006257822297,86.2892,81.9916,60.4024,69.0313,69.0313,0.3519882179675995,0.0,0.0,1.0,1.0
2024-04-24,601083,1.1549566891241314,5.0926,5.0926,5.0926,5.0926,5.0926,,1.0,0.0,,0.0
2024-04-24,603006,1.6652059596844904,21.047,29.3687,14.7329,16.8376,16.8376,0.37344720496894407,0.0,0.0,1.0,1.0
2024-04-24,603045,2.117863720073654,35.5769,42.2144,24.9038,28.4615,28.4615,0.3123569794050342,0.0,0.0,1.0,1.0
2024-04-24,603238,2.7598896044158217,54.5228,56.3308,38.166,43.6182,43.6182,0.36437246963562747,0.0,0.0,1.0,1.0
2024-04-24,603506,1.3986013986013957,11.396,21.9988,7.9772,9.1168,9.1168,0.355902777777778,0.0,0.0,1.0,1.0
2024-04-24,603810,2.1868787276341894,37.7849,46.4335,26.4494,30.2279,30.2279,0.18972332015810275,0.0,0.0,0.9486166007905137,1.0
2024-04-24,605162,3.19303338171264,67.7707,65.4182,47.4395,54.2165,54.2165,0.4399185336048878,0.0,0.0,1.0,1.0
2024-04-25,000929,4.037685060565277,87.1747,80.3174,61.0223,69.7398,69.7398,0.4711191335740072,0.0,0.0,1.0,1.0
2024-04-25,001217,2.5227043390514625,48.6617,55.7479,34.0632,38.9294,38.9294,0.15907136715391224,0.0,0.0,0.7953568357695612,1.0
2024-04-25,001300,1.0204081632653184,0.5576,17.9044,0.3903,0.4461,0.4461,0.12708427219468232,0.0,0.0,0.6354213609734116,1.0
2024-04-25,002806,1.9108280254777066,30.4833,39.3705,21.3383,24.3866,24.3866,0.2508038585209003,0.0,0.0,1.0,1.0
2024-04-25,002848,2.393617021276606,45.3903,51.7578,31.7732,36.3123,36.3123,0.22772277227722768,0.0,0.0,1.0,1.0
2024-04-25,002861,2.1226415094339757,36.9145,45.0485,25.8401,29.5316,29.5316,0.22415370539798718,0.0,0.0,1.0,1.0
2024-04-25,002862,2.2355975924333693,40.9294,48.8408,28.6506,32.7435,32.7435,0.19513406156901686,0.0,0.0,0.9756703078450842,1.0
2024-04-25,002900,2.4514811031665085,47.026,50.6494,32.9182,37.6208,37.6208,0.34857142857142837,0.0,0.0,1.0,1.0
2024-04-25,002921,1.6769638128861342,22.119,31.2424,15.4833,17.6952,17.6952,0.3226397800183318,0.0,0.0,1.0,1.0
2024-04-25,002972,2.3489932885906173,43.829,47.3597,30.6803,35.0632,35.0632,0.3851761846901578,0.0,0.0,1.0,1.0
2024-04-25,300306,1.166489925768821,5.9851,15.3628,4.1896,4.7881,4.7881,0.47126436781609204,0.0,0.0,1.0,1.0
2024-04-25,300340,1.1984021304926706,6.8773,21.5708,4.8141,5.5019,5.5019,0.19655172413793104,0.0,0.0,0.9827586206896551,1.0
2024-04-25,300399,1.0427528675703845,1.1524,13.6801,0.8067,0.9219,0.9219,0.36209150326797385,0.0,0.0,1.0,1.0
2024-04-25,300437,2.9834254143646266,62.2677,63.8516,43.5874,49.8141,49.8141,0.29812834224598933,0.0,0.0,1.0,1.0
2024-04-25,300564,1.297497683039861,9.5539,16.5209,6.6877,7.6431,7.6431,0.5561097256857854,0.0,0.0,0.8877805486284291,1.0
2024-04-25,300572,2.197802197802212,39.6283,47.1026,27.7398,31.7026,31.7026,0.22999999999999998,0.0,0.0,1.0,1.0
2024-04-25,300585,1.8707482993197244,29.5539,37.2016,20.6877,23.6431,23.6431,0.32207578253706753,0.0,0.0,1.0,1.0
2024-04-25,300588,1.7177914110429349,23.6059,33.9634,16.5242,18.8848,18.8848,0.24606741573033716,0.0,0.0,1.0,1.0
2024-04-25,300605,1.455301455301461,14.684,25.9345,10.2788,11.7472,11.7472,0.29063509149623246,0.0,0.0,1.0,1.0
2024-04-25,300610,3.1903190319032104,69.0706,64.9947,48.3494,55.2565,55.2565,0.513089005235602,0.0,0.0,0.9738219895287961,1.0
2024-04-25,300611,4.33734939759034,91.5242,85.9072,64.0669,73.2193,73.2193,0.3656069364161851,0.0,0.0,1.0,1.0
2024-04-25,300649,1.2229539040451431,7.9182,20.9047,5.5428,6.3346,6.3346,0.2714932126696834,0.0,0.0,1.0,1.0
2024-04-25,300686,2.3738872403560762,44.7212,48.6555,31.3048,35.777,35.777,0.35607094133697137,0.0,0.0,1.0,1.0
2024-04-25,300721,4.426559356136828,93.1227,88.0823,65.1859,74.4981,74.4981,0.3207920792079207,0.0,0.0,1.0,1.0
2024-04-25,300752,4.113345521023781,88.4387,85.4079,61.9071,70.7509,70.7509,0.2671532846715328,0.0,0.0,1.0,1.0
2024-04-25,300753,3.0973451327433787,65.9108,66.8421,46.1375,52.7286,52.7286,0.2943262411347517,0.0,0.0,1.0,1.0
2024-04-25,300786,1.6620498614958512,21.7472,33.3314,15.223,17.3978,17.3978,0.20331695331695335,0.0,0.0,1.0,1.0
2024-04-25,300817,2.1428571428571574,37.7323,43.3561,26.4126,30.1859,30.1859,0.34148827726809367,0.0,0.0,1.0,1.0
2024-04-25,300828,2.1145374449339283,36.6914,41.3102,25.684,29.3532,29.3532,0.4021485737839595,0.0,0.0,1.0,1.0
2024-04-25,300885,2.550335570469797,49.8513,50.6614,34.8959,39.881,39.881,0.4609826589595376,0.0,0.0,1.0,1.0
2024-04-25,300947,1.3157894736842035,10.0743,21.1504,7.052,8.0595,8.0595,0.3454545454545456,0.0,0.0,1.0,1.0
2024-04-25,300956,1.0443864229765065,1.3011,14.975,0.9108,1.0409,1.0409,0.3032952252858104,0.0,0.0,1.0,1.0
2024-04-25,300967,2.8089887640449396,57.4349,61.0605,40.2045,45.948,45.948,0.2443729903536978,0.0,0.0,1.0,1.0
2024-04-25,301056,2.4358974358974494,46.6543,48.3326,32.658,37.3234,37.3234,0.44954128440366975,0.0,0.0,1.0,1.0
2024-04-25,301060,1.1363636363636243,5.0929,19.2793,3.5651,4.0743,4.0743,0.23975409836065573,0.0,0.0,1.0,1.0
2024-04-25,301082,3.157894736842093,68.1413,69.3217,47.6989,54.513,54.513,0.259567387687188,0.0,0.0,1.0,1.0
2024-04-25,301149,2.150537634408578,38.0297,40.8309,26.6208,30.4238,30.4238,0.4796460176991152,0.0,0.0,1.0,1.0
2024-04-25,600272,1.6597510373443924,21.5985,32.2788,15.119,17.2788,17.2788,0.2500000000000001,0.0,0.0,1.0,1.0
2024-04-25,600689,1.1538461538461497,5.6134,22.0907,3.9294,4.4907,4.4907,0.11999999999999993,0.0,0.0,0.5999999999999996,1.0
2024-04-25,601083,1.2369172216936342,8.2156,8.2156,8.2156,8.2156,8.2156,,1.0,0.0,,0.0
2024-04-25,603006,2.6724137931034564,54.0892,55.5074,37.8625,43.2714,43.2714,0.38819875776397506,0.0,0.0,1.0,1.0
2024-04-25,603045,1.7132551848512367,23.4572,31.9923,16.4201,18.7658,18.7658,0.3386727688787184,0.0,0.0,1.0,1.0
2024-04-25,603213,2.844638949671774,58.6245,59.5204,41.0372,46.8996,46.8996,0.3689604685212299,0.0,0.0,1.0,1.0
2024-04-25,603810,3.404669260700399,74.3123,75.2206,52.0186,59.4498,59.4498,0.21146245059288524,0.0,0.0,1.0,1.0
2024-04-25,603813,3.944954128440359,85.0929,81.9372,59.5651,68.0743,68.0743,0.3068592057761733,0.0,0.0,1.0,1.0
2024-04-25,605162,1.6877637130801704,22.4164,28.2386,15.6914,17.9331,17.9331,0.484725050916497,0.0,0.0,1.0,1.0
2024-04-26,000880,1.3498312710910954,11.1151,18.6707,7.7806,8.8921,8.8921,0.5110701107011071,0.0,0.0,0.9778597785977858,1.0
2024-04-26,001322,1.7730496453900457,25.9594,38.1756,18.1716,20.7676,20.7676,0.129597197898424,0.0,0.0,0.6479859894921199,1.0
2024-04-26,001366,1.1304347826087024,4.7429,18.69,3.3201,3.7944,3.7944,0.2552166934189406,0.0,0.0,1.0,1.0
2024-04-26,002209,2.7027027027026973,54.7067,55.7259,38.2947,43.7654,43.7654,0.40197461212976016,0.0,0.0,1.0,1.0
2024-04-26,002729,1.8197573656845822,27.6249,40.5474,19.3374,22.0999,22.0999,0.0776255707762557,0.0,0.0,0.3881278538812785,1.0
2024-04-26,002780,1.650738488271064,21.4337,30.1327,15.0036,17.147,17.147,0.35071707953063885,0.0,0.0,1.0,1.0
2024-04-26,002823,3.3563672260612076,73.6061,69.3962,51.5243,58.8849,58.8849,0.47443181818181823,0.0,0.0,1.0,1.0
2024-04-26,002826,1.292596944770863,9.7393,20.165,6.8175,7.7915,7.7915,0.3813229571984436,0.0,0.0,1.0,1.0
2024-04-26,002848,1.1688311688311748,6.1188,19.9841,4.2831,4.895,4.895,0.24554455445544554,0.0,0.0,1.0,1.0
2024-04-26,002858,4.046762589928066,87.5091,86.3015,61.2563,70.0072,70.0072,0.1852879944482998,0.0,0.0,0.926439972241499,1.0
2024-04-26,003025,1.8916595012897774,30.5938,39.5452,21.4156,24.475,24.475,0.2464898595943837,0.0,0.0,1.0,1.0
2024-04-26,300306,1.4675052410901612,15.4598,22.5813,10.8219,12.3678,12.3678,0.48932676518883417,0.0,0.0,1.0,1.0
2024-04-26,300340,4.8684210526315885,98.95,95.0221,69.265,79.16,79.16,0.20689655172413793,0.0,0.0,1.0,1.0
2024-04-26,300399,4.231166150670784,90.3331,84.7632,63.2332,72.2665,72.2665,0.3751633986928103,0.0,0.0,1.0,1.0
2024-04-26,300562,1.6073478760045834,20.1665,27.8618,14.1166,16.1332,16.1332,0.4135733685058555,0.0,0.0,1.0,1.0
2024-04-26,300564,1.921317474839901,31.1369,33.4382,21.7958,24.9095,24.9095,0.5735660847880298,0.0,0.0,0.8528678304239403,1.0
2024-04-26,300565,4.331087584215587,91.5641,87.8041,64.0949,73.2513,73.2513,0.2723577235772358,0.0,0.0,1.0,1.0
2024-04-26,300588,3.3775633293124496,74.0406,73.9965,51.8284,59.2324,59.2324,0.2617977528089887,0.0,0.0,1.0,1.0
2024-04-26,300605,2.459016393442637,47.4656,51.8584,33.2259,37.9725,37.9725,0.30570505920344443,0.0,0.0,1.0,1.0
2024-04-26,300615,2.02578268876612,34.7574,42.0208,24.3302,27.8059,27.8059,0.28925619834710736,0.0,0.0,1.0,1.0
2024-04-26,300703,1.1389521640091216,5.3222,15.135,3.7256,4.2578,4.2578,0.4561403508771929,0.0,0.0,1.0,1.0
2024-04-26,300730,3.040540540540526,64.1926,66.1797,44.9348,51.3541,51.3541,0.2587209302325582,0.0,0.0,1.0,1.0
2024-04-26,300753,1.2875536480686511,9.5221,21.1106,6.6655,7.6177,7.6177,0.32535460992907805,0.0,0.0,1.0,1.0
2024-04-26,300786,3.3605812897366194,73.8233,74.7712,51.6763,59.0587,59.0587,0.21437346437346438,0.0,0.0,1.0,1.0
2024-04-26,300889,1.0406811731314969,1.1224,14.7042,0.7857,0.8979,0.8979,0.3096836049856184,0.0,0.0,1.0,1.0
2024-04-26,300912,1.2692656391659174,8.8704,23.2668,6.2093,7.0963,7.0963,0.1914744933612858,0.0,0.0,0.957372466806429,1.0
2024-04-26,300947,1.9480519480519654,32.1868,38.5222,22.5308,25.7495,25.7495,0.3613636363636364,0.0,0.0,1.0,1.0
2024-04-26,300981,1.9503546099290725,32.4041,39.7099,22.6828,25.9232,25.9232,0.3106694560669454,0.0,0.0,1.0,1.0
2024-04-26,301032,1.9841269841269993,33.4178,39.1719,23.3925,26.7343,26.7343,0.37811634349030454,0.0,0.0,1.0,1.0
2024-04-26,301066,2.7663934426229497,56.517,57.4431,39.5619,45.2136,45.2136,0.3885267275097784,0.0,0.0,1.0,1.0
2024-04-26,301116,3.3039647577092657,72.5923,74.0117,50.8146,58.0739,58.0739,0.20310765815760254,0.0,0.0,1.0,1.0
2024-04-26,301120,1.5294117647058902,17.7046,27.2183,12.3932,14.1636,14.1636,0.347266881028939,0.0,0.0,1.0,1.0
2024-04-26,600506,2.1505376344086002,38.559,44.1911,26.9913,30.8472,30.8472,0.3328063241106719,0.0,0.0,1.0,1.0
2024-04-26,603042,2.783300198807148,57.0963,60.0701,39.9674,45.677,45.677,0.280349344978166,0.0,0.0,1.0,1.0
2024-04-26,603045,2.8368794326241176,58.5445,59.6274,40.9812,46.8356,46.8356,0.36041189931350115,0.0,0.0,1.0,1.0
2024-04-26,603356,4.056437389770728,87.7263,84.1368,61.4084,70.181,70.181,0.302213666987488,0.0,0.0,1.0,1.0
2024-04-29,000880,1.997780244173164,35.4262,37.6767,24.7983,28.3409,28.3409,0.5332103321033209,0.0,0.0,0.9335793357933582,1.0
2024-04-29,000929,1.822916666666674,29.1476,32.9932,20.4033,23.3181,23.3181,0.516245487364621,0.0,0.0,0.9675090252707581,1.0
2024-04-29,001217,3.349753694581281,75.1522,76.5276,52.6065,60.1218,60.1218,0.1797076526225278,0.0,0.0,0.898538263112639,1.0
2024-04-29,002209,3.4688995215311103,78.0441,73.7752,54.6309,62.4353,62.4353,0.4330042313117065,0.0,0.0,1.0,1.0
2024-04-29,002826,3.0162412993039567,65.7534,64.6909,46.0274,52.6027,52.6027,0.39559014267185477,0.0,0.0,1.0,1.0
2024-04-29,002848,4.236200256739409,91.3623,88.0007,63.9536,73.0898,73.0898,0.25445544554455446,0.0,0.0,1.0,1.0
2024-04-29,002853,2.9832935560859086,64.4977,67.5209,45.1484,51.5982,51.5982,0.20386266094420602,0.0,0.0,1.0,1.0
2024-04-29,002858,3.025064822817636,66.3242,68.729,46.4269,53.0594,53.0594,0.21651630811936162,0.0,0.0,1.0,1.0
2024-04-29,002861,3.5126234906696086,78.5008,77.1647,54.9505,62.8006,62.8006,0.2817932296431838,0.0,0.0,1.0,1.0
2024-04-29,002871,3.005780346820819,65.3349,62.9346,45.7344,52.2679,52.2679,0.4666666666666667,0.0,0.0,1.0,1.0
2024-04-29,002875,3.103782735208549,68.7215,70.8321,48.105,54.9772,54.9772,0.20725388601036268,0.0,0.0,1.0,1.0
2024-04-29,002900,1.2158054711246313,8.2572,19.4515,5.7801,6.6058,6.6058,0.35771428571428554,0.0,0.0,1.0,1.0
2024-04-29,002921,2.604166666666674,53.9954,56.3952,37.7968,43.1963,43.1963,0.34005499541704853,0.0,0.0,1.0,1.0
2024-04-29,002963,3.464419475655456,77.8158,76.0612,54.4711,62.2527,62.2527,0.3095744680851062,0.0,0.0,1.0,1.0
2024-04-29,002972,2.5000000000000133,50.1142,51.756,35.0799,40.0913,40.0913,0.41676792223572284,0.0,0.0,1.0,1.0
2024-04-29,300306,2.995867768595062,65.0304,61.778,45.5213,52.0244,52.0244,0.5123152709359606,0.0,0.0,0.9753694581280787,1.0
2024-04-29,300313,2.8614457831325435,61.3014,68.2595,42.911,49.0411,49.0411,0.03908045977011493,0.0,0.0,0.19540229885057464,1.0
2024-04-29,300314,4.0451552210724495,88.6225,85.0012,62.0358,70.898,70.898,0.29484029484029484,0.0,0.0,1.0,1.0
2024-04-29,300340,2.1329987452948673,39.3836,46.5183,27.5685,31.5068,31.5068,0.24942528735632186,0.0,0.0,1.0,1.0
2024-04-29,300399,2.2772277227722793,44.102,46.7064,30.8714,35.2816,35.2816,0.4287581699346403,0.0,0.0,1.0,1.0
2024-04-29,300437,2.6968716289104577,56.5068,58.6547,39.5548,45.2055,45.2055,0.3275401069518715,0.0,0.0,1.0,1.0
2024-04-29,300500,1.1627906976744207,6.2785,18.8642,4.395,5.0228,5.0228,0.30793319415448855,0.0,0.0,1.0,1.0
2024-04-29,300539,4.659498207885315,96.8417,92.5643,67.7892,77.4734,77.4734,0.24545454545454526,0.0,0.0,1.0,1.0
2024-04-29,300561,2.2675736961450976,43.6454,48.2399,30.5518,34.9163,34.9163,0.33381712626995663,0.0,0.0,1.0,1.0
2024-04-29,300565,2.58302583025829,52.93,55.9822,37.051,42.344,42.344,0.3180894308943089,0.0,0.0,1.0,1.0
2024-04-29,300588,3.033838973162184,66.5525,67.3768,46.5868,53.242,53.242,0.29325842696629223,0.0,0.0,1.0,1.0
2024-04-29,300605,2.7999999999999803,59.3227,60.8274,41.5259,47.4581,47.4581,0.33153928955866524,0.0,0.0,1.0,1.0
2024-04-29,300611,3.935185185185186,86.1872,80.655,60.3311,68.9498,68.9498,0.4147398843930637,0.0,0.0,1.0,1.0
2024-04-29,300621,2.604756511891293,54.1476,52.5581,37.9033,43.3181,43.3181,0.5380029806259314,0.0,0.0,0.9239940387481371,1.0
2024-04-29,300665,3.9473684210526327,86.4916,82.0266,60.5441,69.1933,69.1933,0.3583333333333331,0.0,0.0,1.0,1.0
2024-04-29,300700,2.336448598130847,45.3957,52.673,31.777,36.3166,36.3166,0.18217979315831337,0.0,0.0,0.9108989657915668,1.0
2024-04-29,300703,2.2522522522522515,43.2648,45.1382,30.2854,34.6119,34.6119,0.473684210526316,0.0,0.0,1.0,1.0
2024-04-29,300730,4.480874316939887,94.5586,89.9492,66.191,75.6469,75.6469,0.28488372093023256,0.0,0.0,1.0,1.0
2024-04-29,300771,4.2857142857142705,91.7428,83.7759,64.2199,73.3942,73.3942,0.4809160305343511,0.0,0.0,1.0,1.0
2024-04-29,300786,4.305799648506148,92.1994,89.0175,64.5396,73.7595,73.7595,0.23710073710073715,0.0,0.0,1.0,1.0
2024-04-29,300828,4.0000000000000036,87.7093,81.8365,61.3965,70.1674,70.1674,0.4165453007690655,0.0,0.0,1.0,1.0
2024-04-29,300889,4.681647940074907,97.2222,91.3732,68.0556,77.7778,77.7778,0.32023010546500474,0.0,0.0,1.0,1.0
2024-04-29,300912,4.834377797672351,98.8965,95.092,69.2275,79.1172,79.1172,0.20125786163522014,0.0,0.0,1.0,1.0
2024-04-29,300948,4.81283422459895,98.516,94.2269,68.9612,78.8128,78.8128,0.22929292929292924,0.0,0.0,1.0,1.0
2024-04-29,300961,4.491725768321508,94.7869,88.1624,66.3508,75.8295,75.8295,0.38335607094133706,0.0,0.0,1.0,1.0
2024-04-29,300967,2.7382256297918905,57.4201,60.5556,40.1941,45.9361,45.9361,0.2690246516613077,0.0,0.0,1.0,1.0
2024-04-29,301048,1.6000000000000014,20.9665,28.1033,14.6766,16.7732,16.7732,0.4334975369458128,0.0,0.0,1.0,1.0
2024-04-29,301060,4.912998976458538,99.4292,94.5639,69.6005,79.5434,79.5434,0.2489754098360656,0.0,0.0,1.0,1.0
2024-04-29,301066,3.2901296111665035,73.9346,70.6731,51.7542,59.1476,59.1476,0.423728813559322,0.0,0.0,1.0,1.0
2024-04-29,301116,4.477611940298498,94.4825,90.8579,66.1377,75.586,75.586,0.23640399556048844,0.0,0.0,1.0,1.0
2024-04-29,301120,4.866743916570093,99.0487,91.8756,69.3341,79.239,79.239,0.36816720257234753,0.0,0.0,1.0,1.0
2024-04-29,301126,4.8997772828508035,99.277,93.4743,69.4939,79.4216,79.4216,0.2973651191969887,0.0,0.0,1.0,1.0
2024-04-29,301149,3.893637226970559,85.5784,77.8078,59.9049,68.4627,68.4627,0.5327433628318584,0.0,0.0,0.9345132743362832,1.0
2024-04-29,301332,3.1221303948576695,69.3683,64.7358,72.0401,70.4947,70.1152,0.5379426644182125,1.0,0.0,0.924114671163575,1.0
2024-04-29,301558,3.4055727554154425,76.2938,78.2319,53.4056,61.035,61.035,0.14015572858731923,0.0,0.0,0.7007786429365961,1.0
2024-04-29,600272,4.073319755600835,89.0791,85.82,62.3554,71.2633,71.2633,0.2721674876847289,0.0,0.0,1.0,1.0
2024-04-29,600506,3.3333333333333215,74.7717,72.7818,52.3402,59.8174,59.8174,0.3517786561264822,0.0,0.0,1.0,1.0
2024-04-29,600689,3.2786885245901676,73.6301,76.1574,51.5411,58.9041,58.9041,0.13733333333333325,0.0,0.0,0.6866666666666662,1.0
2024-04-29,600697,3.02457466918713,66.2481,68.4456,46.3737,52.9985,52.9985,0.22764227642276424,0.0,0.0,1.0,1.0
2024-04-29,600793,2.3983315954118956,47.4505,50.7773,33.2154,37.9604,37.9604,0.35915492957746475,0.0,0.0,1.0,1.0
2024-04-29,603042,2.4177949709864643,48.0594,52.3514,33.6416,38.4475,38.4475,0.30480349344978164,0.0,0.0,1.0,1.0
2024-04-29,603045,1.8965517241379404,32.1537,37.7825,22.5076,25.723,25.723,0.39702517162471396,0.0,0.0,1.0,1.0
2024-04-29,603065,4.304304304304307,91.9711,90.1105,64.3798,73.5769,73.5769,0.17332035053554037,0.0,0.0,0.8666017526777018,1.0
2024-04-29,603122,3.1353135313531455,69.7489,71.2002,48.8242,55.7991,55.7991,0.22994652406417104,0.0,0.0,1.0,1.0
2024-04-29,603810,2.9551954242135414,64.1933,66.7104,44.9353,51.3546,51.3546,0.2322134387351778,0.0,0.0,1.0,1.0
2024-04-29,603813,2.8156221616712163,60.0076,61.6703,42.0053,48.0061,48.0061,0.31678700361010825,0.0,0.0,1.0,1.0
2024-04-29,605069,4.516129032258065,95.3196,91.7405,66.7237,76.2557,76.2557,0.2257617728531856,0.0,0.0,1.0,1.0
2024-04-29,605162,3.4482758620689724,77.3973,71.653,54.1781,61.9178,61.9178,0.5132382892057026,0.0,0.0,0.9735234215885948,1.0
2024-04-29,605567,2.0905923344947785,37.9376,48.2573,26.5563,30.3501,30.3501,0.10463733650416145,0.0,0.0,0.5231866825208072,1.0
2024-05-06,000668,3.3057851239669533,73.7749,73.639,51.6424,59.0199,59.0199,0.26904761904761904,0.0,0.0,1.0,1.0
2024-05-06,000880,1.2235817575083408,8.0015,15.8108,5.6011,6.4012,6.4012,0.5295202952029522,0.0,0.0,0.9409594095940956,1.0
2024-05-06,000929,2.0486555697823317,35.9495,37.9653,25.1646,28.7596,28.7596,0.5397111913357401,0.0,0.0,0.9205776173285198,1.0
2024-05-06,000995,2.7002700270027047,54.6325,60.1539,38.2427,43.706,43.706,0.17760180995475117,0.0,0.0,0.8880090497737558,1.0
2024-05-06,001217,4.67557251908397,97.0521,93.48,67.9364,77.6417,77.6417,0.20808254514187435,0.0,0.0,1.0,1.0
2024-05-06,001318,2.9982363315696814,63.8208,66.2847,44.6746,51.0567,51.0567,0.23859649122807,0.0,0.0,1.0,1.0
2024-05-06,001322,2.8665931642778197,59.8392,63.1428,41.8874,47.8714,47.8714,0.23642732049036794,0.0,0.0,1.0,1.0
2024-05-06,002205,1.7663043478260754,25.9954,36.5997,18.1968,20.7963,20.7963,0.2098298676748583,0.0,0.0,1.0,1.0
2024-05-06,002780,1.630434782608714,21.2481,31.2097,14.8737,16.9985,16.9985,0.2894393741851368,0.0,0.0,1.0,1.0
2024-05-06,002826,3.142536475869817,68.8744,66.4355,48.2121,55.0995,55.0995,0.4332036316472114,0.0,0.0,1.0,1.0
2024-05-06,002830,2.839396628216506,58.9204,57.8473,41.2443,47.1363,47.1363,0.4644495412844037,0.0,0.0,1.0,1.0
2024-05-06,002848,2.0253164556962133,35.0306,42.7176,24.5214,28.0245,28.0245,0.26534653465346536,0.0,0.0,1.0,1.0
2024-05-06,002861,1.2820512820512775,9.3032,21.3493,6.5123,7.4426,7.4426,0.30466605672461117,0.0,0.0,1.0,1.0
2024-05-06,002963,3.0000000000000027,63.974,64.3068,44.7818,51.1792,51.1792,0.34361702127659566,0.0,0.0,1.0,1.0
2024-05-06,003003,4.6052631578947345,95.9801,87.1903,67.1861,76.7841,76.7841,0.47968750000000004,0.0,0.0,1.0,1.0
2024-05-06,300243,3.217158176943702,71.3247,62.0721,69.952,77.0597,74.5659,0.7493827160493826,1.0,1.0,0.5012345679012349,1.0
2024-05-06,300340,3.985056039850554,86.9449,84.4295,60.8614,69.5559,69.5559,0.25632183908045975,0.0,0.0,1.0,1.0
2024-05-06,300417,3.475935828876997,77.5268,75.7912,54.2688,62.0214,62.0214,0.3115124153498872,0.0,0.0,1.0,1.0
2024-05-06,300500,2.9189189189189113,61.6003,63.56,43.1202,49.2802,49.2802,0.2860125260960334,0.0,0.0,1.0,1.0
2024-05-06,300515,2.7579162410623193,56.0873,54.7989,39.2611,44.8698,44.8698,0.50354609929078,0.0,0.0,0.99290780141844,1.0
2024-05-06,300521,2.1097046413502074,37.4809,42.2779,26.2366,29.9847,29.9847,0.38534031413612574,0.0,0.0,1.0,1.0
2024-05-06,300539,3.2482598607888713,72.2435,72.4312,50.5704,57.7948,57.7948,0.268181818181818,0.0,0.0,1.0,1.0
2024-05-06,300562,3.594080338266381,79.2879,72.9977,55.5015,63.4303,63.4303,0.5216330535124825,0.0,0.0,0.9567338929750351,1.0
2024-05-06,300565,1.077199281867136,2.5651,15.0805,1.7956,2.0521,2.0521,0.3485772357723578,0.0,0.0,1.0,1.0
2024-05-06,300611,1.8952062430323213,30.9724,35.5294,21.6807,24.7779,24.7779,0.46242774566474004,0.0,0.0,1.0,1.0
2024-05-06,300615,1.9681349578257068,33.0398,41.0393,23.1279,26.4319,26.4319,0.2696280991735536,0.0,0.0,1.0,1.0
2024-05-06,300621,1.2895662368112681,9.6095,17.8217,6.7266,7.6876,7.6876,0.49329359165424735,0.0,0.0,1.0,1.0
2024-05-06,300626,2.2251308900523625,41.4625,43.9501,29.0237,33.17,33.17,0.4609929078014184,0.0,0.0,1.0,1.0
2024-05-06,300635,2.4676850763807323,47.7412,52.268,33.4188,38.193,38.193,0.2962466487935657,0.0,0.0,1.0,1.0
2024-05-06,300649,3.153153153153143,69.6018,69.4009,48.7213,55.6815,55.6815,0.3140271493212669,0.0,0.0,1.0,1.0
2024-05-06,300650,3.0208333333333393,64.7779,66.393,45.3446,51.8224,51.8224,0.2714657415437988,0.0,0.0,1.0,1.0
2024-05-06,300665,3.392568659127604,75.3828,72.6813,52.768,60.3063,60.3063,0.38125000000000003,0.0,0.0,1.0,1.0
2024-05-06,300675,1.4382402707275865,14.2037,21.9643,34.9426,26.3629,26.3629,0.469933184855234,1.0,0.0,1.0,1.0
2024-05-06,300703,1.7563117453347932,25.4594,30.0868,17.8216,20.3675,20.3675,0.5140350877192983,0.0,0.0,0.9719298245614034,1.0
2024-05-06,300749,3.571428571428581,79.0965,76.2844,55.3675,63.2772,63.2772,0.3496376811594201,0.0,0.0,1.0,1.0
2024-05-06,300771,2.2115384615384537,41.0796,39.2759,28.7557,32.8637,32.8637,0.6793893129770993,0.0,0.0,0.6412213740458015,1.0
2024-05-06,300854,3.114186851211076,67.9556,67.2385,47.5689,54.3645,54.3645,0.35630099728014514,0.0,0.0,1.0,1.0
2024-05-06,300884,2.5274725274725185,49.4257,54.8588,34.598,39.5406,39.5406,0.23409090909090907,0.0,0.0,1.0,1.0
2024-05-06,300885,4.62499999999999,96.3247,86.2505,67.4273,77.0597,77.0597,0.5404624277456648,0.0,0.0,0.9190751445086704,1.0
2024-05-06,300912,3.826086956521735,83.8821,82.6193,58.7175,67.1057,67.1057,0.22431865828092246,0.0,0.0,1.0,1.0
2024-05-06,300948,4.663212435233155,96.8224,92.266,67.7757,77.4579,77.4579,0.25959595959595955,0.0,0.0,1.0,1.0
2024-05-06,300967,1.9937040923400096,34.1118,41.0515,23.8783,27.2894,27.2894,0.31189710610932464,0.0,0.0,1.0,1.0
2024-05-06,300978,1.5426497277676976,18.1853,28.7472,12.7297,14.5482,14.5482,0.29005059021922425,0.0,0.0,1.0,1.0
2024-05-06,301027,3.245192307692313,72.0138,70.377,50.4096,57.611,57.611,0.3617021276595745,0.0,0.0,1.0,1.0
2024-05-06,301028,1.492537313432818,15.9648,22.4096,11.1753,12.7718,12.7718,0.5181102362204726,0.0,0.0,0.9637795275590548,1.0
2024-05-06,301032,2.0278833967046994,35.3369,39.7931,24.7358,28.2695,28.2695,0.42382271468144034,0.0,0.0,1.0,1.0
2024-05-06,301056,4.952830188679247,99.8086,88.3606,69.866,79.8469,79.8469,0.5743119266055047,0.0,0.0,0.8513761467889907,1.0
2024-05-06,301060,4.019607843137263,87.7871,84.3691,61.451,70.2297,70.2297,0.29303278688524576,0.0,0.0,1.0,1.0
2024-05-06,301120,1.6797312430011369,22.7029,29.8344,15.892,18.1623,18.1623,0.4163987138263664,0.0,0.0,1.0,1.0
2024-05-06,301126,3.563941299790363,78.7519,75.565,55.1263,63.0015,63.0015,0.3718274111675127,0.0,0.0,1.0,1.0
2024-05-06,301136,4.0322580645161255,87.8637,82.0272,86.5046,85.291,85.291,0.4131897711978467,1.0,0.0,1.0,1.0
2024-05-06,301149,4.327808471454886,92.4579,82.1433,64.7205,73.9663,73.9663,0.5911504424778761,0.0,0.0,0.8176991150442479,1.0
2024-05-06,301228,3.8112522686025496,83.5758,80.2263,58.5031,66.8606,66.8606,0.331715210355987,0.0,0.0,1.0,1.0
2024-05-06,301332,3.809523809523818,83.4992,73.8146,82.4798,86.7994,85.307,0.6492411467116358,1.0,1.0,0.7015177065767284,1.0
2024-05-06,301558,1.2084592145015227,7.4655,22.6277,5.2259,5.9724,5.9724,0.16723776332144788,0.0,0.0,0.8361888166072393,1.0
2024-05-06,600272,1.0587102983638186,1.876,14.6535,1.3132,1.5008,1.5008,0.34236453201970446,0.0,0.0,1.0,1.0
2024-05-06,600615,4.233301975540926,91.1562,82.4876,63.8093,72.925,72.925,0.521870286576169,0.0,0.0,0.9562594268476621,1.0
2024-05-06,600689,2.4271844660194164,47.0521,54.0683,32.9364,37.6417,37.6417,0.17866666666666664,0.0,0.0,0.8933333333333332,1.0
2024-05-06,600697,2.1719457013574583,39.6248,45.8733,27.7374,31.6998,31.6998,0.2913279132791327,0.0,0.0,1.0,1.0
2024-05-06,600768,3.952095808383227,86.1026,80.7819,60.2718,68.8821,68.8821,0.4050073637702503,0.0,0.0,1.0,1.0
2024-05-06,601083,2.9615004935834133,62.902,62.902,62.902,62.902,62.902,,0.0,0.0,,0.0
2024-05-06,601133,1.6728624535315983,22.5498,31.2855,15.7848,18.0398,18.0398,0.33771353482260186,0.0,0.0,1.0,1.0
2024-05-06,603041,4.929577464788726,99.5023,87.3635,69.6516,79.6018,79.6018,0.6119162640901771,0.0,0.0,0.7761674718196458,1.0
2024-05-06,603042,3.182256509161041,70.7121,70.4212,49.4985,56.5697,56.5697,0.30742358078602616,0.0,0.0,1.0,1.0
2024-05-06,603045,2.9462738301559988,62.366,62.0896,43.6562,49.8928,49.8928,0.39016018306636147,0.0,0.0,1.0,1.0
2024-05-06,603122,2.232854864433831,41.6922,47.6318,29.1845,33.3538,33.3538,0.2860962566844919,0.0,0.0,1.0,1.0
2024-05-06,603213,4.180064308681697,90.3139,84.3156,63.2198,72.2511,72.2511,0.3967789165446559,0.0,0.0,1.0,1.0
2024-05-06,603506,1.8202502844141266,27.9862,34.5418,19.5904,22.389,22.389,0.392361111111111,0.0,0.0,1.0,1.0
2024-05-06,603813,3.900709219858167,85.1072,81.2627,59.575,68.0858,68.0858,0.3411552346570396,0.0,0.0,1.0,1.0
2024-05-06,603955,1.3537906137184086,11.1409,25.4365,7.7986,8.9127,8.9127,0.17381137957911147,0.0,0.0,0.8690568978955573,1.0
2024-05-06,605567,3.8812785388127935,84.8009,85.3913,59.3606,67.8407,67.8407,0.1224732461355527,0.0,0.0,0.6123662306777635,1.0
2024-05-06,605580,4.360753221010905,93.147,82.7081,65.2029,74.5176,74.5176,0.5904761904761907,0.0,0.0,0.8190476190476186,1.0
2024-05-07,000586,1.869158878504673,30.3585,35.676,21.2509,24.2868,24.2868,0.430540827147402,0.0,0.0,1.0,1.0
2024-05-07,000668,3.8666666666666627,84.6527,81.7698,59.2569,67.7222,67.7222,0.2976190476190476,0.0,0.0,1.0,1.0
2024-05-07,002205,2.4032042723631575,46.4899,52.5038,32.5429,37.1919,37.1919,0.23440453686200385,0.0,0.0,1.0,1.0
2024-05-07,002780,1.158645276292325,6.0119,18.5514,4.2084,4.8096,4.8096,0.31290743155149947,0.0,0.0,1.0,1.0
2024-05-07,002826,1.196953210010876,7.0575,16.2556,4.9403,5.646,5.646,0.46952010376134895,0.0,0.0,1.0,1.0
2024-05-07,002848,1.1166253101736912,4.0702,17.6324,2.8491,3.2562,3.2562,0.2811881188118812,0.0,0.0,1.0,1.0
2024-05-07,002853,1.220865704772467,8.1777,21.113,5.7244,6.5422,6.5422,0.271459227467811,0.0,0.0,1.0,1.0
2024-05-07,002861,1.5822784810126445,19.4548,29.251,13.6184,15.5639,15.5639,0.3156450137236963,0.0,0.0,1.0,1.0
2024-05-07,002900,1.343570057581589,11.0157,20.4011,32.711,23.8125,23.8125,0.4205714285714285,1.0,0.0,1.0,1.0
2024-05-07,300220,3.310344827586209,74.3465,66.9255,52.0426,59.4772,59.4772,0.6275862068965519,0.0,0.0,0.7448275862068963,1.0
2024-05-07,300314,1.0526315789473717,1.643,13.5257,1.1501,1.3144,1.3144,0.3894348894348894,0.0,0.0,1.0,1.0
2024-05-07,300500,2.7310924369748024,55.7506,58.3165,39.0254,44.6004,44.6004,0.3141962421711899,0.0,0.0,1.0,1.0
2024-05-07,300517,1.7857142857143016,26.9231,35.5731,18.8462,21.5385,21.5385,0.29826589595375724,0.0,0.0,1.0,1.0
2024-05-07,300518,1.8054162487462388,27.4832,37.7499,19.2382,21.9866,21.9866,0.21183345507669832,0.0,0.0,1.0,1.0
2024-05-07,300539,1.6853932584269815,23.1516,32.6486,16.2061,18.5213,18.5213,0.2936363636363635,0.0,0.0,1.0,1.0
2024-05-07,300562,4.591836734693877,95.8551,85.2717,67.0986,76.6841,76.6841,0.5706201107154866,0.0,0.0,0.8587597785690269,1.0
2024-05-07,300564,3.0245746691871522,65.534,61.8287,45.8738,52.4272,52.4272,0.5299251870324189,0.0,0.0,0.9401496259351623,1.0
2024-05-07,300588,1.1547344110854452,5.8626,18.5815,4.1038,4.6901,4.6901,0.3054298642533937,0.0,0.0,1.0,1.0
2024-05-07,300615,1.746323529411753,25.6535,34.6963,17.9574,20.5228,20.5228,0.2913223140495869,0.0,0.0,1.0,1.0
2024-05-07,300665,1.7187499999999911,24.5332,31.1266,17.1733,19.6266,19.6266,0.4249999999999998,0.0,0.0,1.0,1.0
2024-05-07,300700,2.2222222222222365,41.7476,48.8794,29.2233,33.3981,33.3981,0.22593476531424014,0.0,0.0,1.0,1.0
2024-05-07,300885,2.8673835125448077,60.2315,56.3066,42.1621,48.1852,48.1852,0.5939306358381503,0.0,0.0,0.8121387283236994,1.0
2024-05-07,300948,1.8811881188118829,31.0306,38.7235,21.7214,24.8245,24.8245,0.3050505050505049,0.0,0.0,1.0,1.0
2024-05-07,300967,2.8806584362139898,60.7916,61.9881,42.5541,48.6333,48.6333,0.33226152197213304,0.0,0.0,1.0,1.0
2024-05-07,300978,1.1617515638963516,6.1613,18.8414,4.3129,4.9291,4.9291,0.3043844856661045,0.0,0.0,1.0,1.0
2024-05-07,301027,1.0477299185098765,1.3816,13.1053,0.9671,1.1053,1.1053,0.4000000000000001,0.0,0.0,1.0,1.0
2024-05-07,301060,1.6965127238454336,23.4877,32.0893,16.4414,18.7901,18.7901,0.33504098360655726,0.0,0.0,1.0,1.0
2024-05-07,301126,3.0364372469635637,65.9821,64.4862,46.1875,52.7857,52.7857,0.4149746192893402,0.0,0.0,1.0,1.0
2024-05-07,301136,4.844961240310064,98.8424,89.7334,94.1897,94.0739,94.0739,0.4670255720053838,1.0,0.0,1.0,1.0
2024-05-07,301149,2.206531332744932,41.2621,39.523,28.8835,33.0097,33.0097,0.6743362831858407,0.0,0.0,0.6513274336283186,1.0
2024-05-07,301228,2.7097902097902082,55.1531,56.8086,38.6072,44.1225,44.1225,0.36569579288025883,0.0,0.0,1.0,1.0
2024-05-07,301256,4.127829560585883,89.8058,78.7162,62.8641,71.8447,71.8447,0.6564245810055864,0.0,0.0,0.6871508379888271,1.0
2024-05-07,600615,2.888086642599297,61.2397,57.1969,42.8678,48.9918,48.9918,0.5897435897435896,0.0,0.0,0.8205128205128207,1.0
2024-05-07,600768,2.995391705069128,64.0403,62.1601,44.8282,51.2323,51.2323,0.45360824742268024,0.0,0.0,1.0,1.0
2024-05-07,603065,3.373945641986875,75.3174,75.4633,52.7222,60.2539,60.2539,0.23953261927945474,0.0,0.0,1.0,1.0
2024-05-07,603122,1.5600624024960874,18.6333,28.4361,13.0433,14.9066,14.9066,0.32352941176470595,0.0,0.0,1.0,1.0
2024-05-07,603213,1.9547325102880375,33.1217,37.4198,48.1852,41.4974,41.4974,0.4538799414348465,1.0,0.0,1.0,1.0
2024-05-07,603955,1.9590382902938464,33.4951,43.0861,23.4466,26.7961,26.7961,0.1855027279812939,0.0,0.0,0.9275136399064695,1.0
2024-05-09,000880,2.249718785151855,42.8516,44.0599,59.5533,54.2813,54.1706,0.5110701107011071,1.0,1.0,0.9778597785977858,1.0
2024-05-09,002209,1.7084282460136713,23.9954,29.3514,16.7968,19.1963,19.1963,0.4922425952045133,0.0,0.0,1.0,1.0
2024-05-09,002633,4.558404558404572,95.7883,90.6444,67.0518,76.6306,76.6306,0.29931034482758617,0.0,0.0,1.0,1.0
2024-05-09,002806,1.7857142857142572,26.932,34.1501,18.8524,21.5456,21.5456,0.36977491961414805,0.0,0.0,1.0,1.0
2024-05-09,002826,1.6181229773462702,21.2133,27.3727,39.8493,31.9706,31.9706,0.47989623865110254,1.0,0.0,1.0,1.0
2024-05-09,002848,1.6393442622950838,21.7929,32.068,15.255,17.4343,17.4343,0.2683168316831683,0.0,0.0,1.0,1.0
2024-05-09,002861,1.0695187165775222,2.473,15.9033,1.7311,1.9784,1.9784,0.3037511436413541,0.0,0.0,1.0,1.0
2024-05-09,002900,1.348747591522148,11.3215,20.7372,7.925,9.0572,9.0572,0.4160000000000001,0.0,0.0,1.0,1.0
2024-05-09,002949,1.0091743119265972,0.1159,9.8232,0.0811,0.0927,0.0927,0.5134787156996847,0.0,0.0,0.9730425686006305,1.0
2024-05-09,300313,4.251968503937009,91.5379,93.114,64.0765,73.2303,73.2303,0.005813953488372071,0.0,0.0,0.029069767441860354,1.0
2024-05-09,300500,1.9088016967126364,31.4915,39.0972,22.044,25.1932,25.1932,0.3048016701461377,0.0,0.0,1.0,1.0
2024-05-09,300546,2.8677150786308836,60.3168,61.741,42.2218,48.2535,48.2535,0.3256262042389211,0.0,0.0,1.0,1.0
2024-05-09,300610,1.3461538461538414,11.1669,14.0993,23.1484,23.9335,21.5164,0.7417102966841186,1.0,0.0,0.5165794066317628,1.0
2024-05-09,300626,2.8683181225554133,60.3941,59.0103,42.2759,48.3153,48.3153,0.4652482269503546,0.0,0.0,1.0,1.0
2024-05-09,300650,2.378490175801451,46.4065,51.5745,32.4845,37.1252,37.1252,0.27753686036426717,0.0,0.0,1.0,1.0
2024-05-09,300700,3.6705461056401045,80.8733,80.3072,56.6113,64.6986,64.6986,0.21957040572792358,0.0,0.0,1.0,1.0
2024-05-09,300884,2.094818081587646,37.5193,45.4018,26.2635,30.0155,30.0155,0.23068181818181818,0.0,0.0,1.0,1.0
2024-05-09,300948,4.39453125,93.6244,88.5157,65.5371,74.8995,74.8995,0.31919191919191914,0.0,0.0,1.0,1.0
2024-05-09,301028,1.778242677824271,26.7002,30.431,41.8318,36.3601,35.8956,0.5464566929133859,1.0,0.0,0.9070866141732281,1.0
2024-05-09,301060,3.616636528028949,79.9459,76.3338,55.9621,63.9567,63.9567,0.3811475409836066,0.0,0.0,1.0,1.0
2024-05-09,301136,3.9886039886039892,87.2102,79.8624,86.0471,84.7682,84.7682,0.4952893674293405,1.0,0.0,1.0,1.0
2024-05-09,301228,1.038062283737018,0.8114,13.1411,0.568,0.6491,0.6491,0.3754045307443366,0.0,0.0,1.0,1.0
2024-05-09,301558,2.2357723577235866,42.5425,50.8924,29.7798,34.034,34.034,0.15708200029613967,0.0,0.0,0.7854100014806983,1.0
2024-05-09,601133,2.2242817423540284,41.9243,46.7063,29.347,33.5394,33.5394,0.34165571616294343,0.0,0.0,1.0,1.0
2024-05-09,603122,1.0736196319018454,2.7434,15.1359,1.9204,2.1947,2.1947,0.3529411764705881,0.0,0.0,1.0,1.0
2024-05-09,603810,1.3537906137184086,11.592,23.4633,8.1144,9.2736,9.2736,0.2905138339920948,0.0,0.0,1.0,1.0
2024-05-09,605069,1.0752688172043001,2.8207,14.3064,1.9745,2.2566,2.2566,0.3975069252077563,0.0,0.0,1.0,1.0
2024-05-09,605567,1.655629139072845,22.2952,34.6733,15.6066,17.8362,17.8362,0.1581450653983352,0.0,0.0,0.790725326991676,1.0
2024-05-14,000668,1.7015706806282616,23.2037,32.2773,16.2426,18.563,18.563,0.3142857142857142,0.0,0.0,1.0,1.0
2024-05-14,000929,4.741379310344818,97.6754,90.4147,68.3728,78.1403,78.1403,0.3862815884476534,0.0,0.0,1.0,1.0
2024-05-14,001217,2.4118738404452555,47.3795,53.2261,33.1657,37.9036,37.9036,0.23387790197764388,0.0,0.0,1.0,1.0
2024-05-14,001322,1.8681318681318837,29.5435,38.8012,20.6805,23.6348,23.6348,0.24168126094570921,0.0,0.0,1.0,1.0
2024-05-14,002209,2.464788732394374,49.1547,50.2123,34.4083,39.3238,39.3238,0.4555712270803949,0.0,0.0,1.0,1.0
2024-05-14,002780,2.6777469990766356,55.3254,59.0192,38.7278,44.2604,44.2604,0.26205997392438074,0.0,0.0,1.0,1.0
2024-05-14,002802,2.270577105014193,43.4066,43.8825,58.6991,54.7253,54.3039,0.5421383647798742,1.0,1.0,0.9157232704402516,1.0
2024-05-14,002823,1.8437225636523058,28.7828,30.0867,44.2689,43.0262,41.5564,0.6469760900140649,1.0,1.0,0.7060478199718703,1.0
2024-05-14,002828,1.8789144050104234,30.4734,32.4279,21.3314,24.3787,24.3787,0.5975395430579967,0.0,0.0,0.8049209138840066,1.0
2024-05-14,002848,2.3035230352303593,44.59,51.3948,31.213,35.672,35.672,0.21386138613861386,0.0,0.0,1.0,1.0
2024-05-14,002853,1.5222482435597318,17.7092,29.7468,12.3964,14.1674,14.1674,0.2210300429184547,0.0,0.0,1.0,1.0
2024-05-14,002858,2.6632302405498187,54.7337,59.3595,38.3136,43.787,43.787,0.2213740458015268,0.0,0.0,1.0,1.0
2024-05-14,002861,2.3728813559322326,46.4497,51.9997,32.5148,37.1598,37.1598,0.25800548947849944,0.0,0.0,1.0,1.0
2024-05-14,002875,2.3029229406554608,44.5055,50.1899,31.1538,35.6044,35.6044,0.2707253886010362,0.0,0.0,1.0,1.0
2024-05-14,002900,1.706827309236969,23.4573,31.4058,16.4201,18.7658,18.7658,0.368,0.0,0.0,1.0,1.0
2024-05-14,002910,2.8610354223433276,60.6509,62.9129,42.4556,48.5207,48.5207,0.2803889789303079,0.0,0.0,1.0,1.0
2024-05-14,300306,3.0982905982906095,67.7515,65.0058,47.426,54.2012,54.2012,0.4597701149425288,0.0,0.0,1.0,1.0
2024-05-14,300517,3.923900118906065,85.672,82.5492,84.9704,83.5376,83.5376,0.29942196531791904,1.0,0.0,1.0,1.0
2024-05-14,300562,1.0416666666666519,1.1412,10.0768,29.1266,20.9129,20.4949,0.5418041947137192,1.0,1.0,0.9163916105725616,1.0
2024-05-14,300585,2.2241992882562345,41.716,47.7879,29.2012,33.3728,33.3728,0.2792421746293246,0.0,0.0,1.0,1.0
2024-05-14,300588,2.2842639593908753,44.0828,50.9224,30.858,35.2663,35.2663,0.2171945701357466,0.0,0.0,1.0,1.0
2024-05-14,300610,3.3333333333333437,74.3872,65.3736,73.7988,79.5097,77.4417,0.7068062827225127,1.0,1.0,0.5863874345549747,1.0
2024-05-14,300650,1.3933547695605508,12.9755,24.2166,9.0828,10.3804,10.3804,0.3081896551724139,0.0,0.0,1.0,1.0
2024-05-14,300703,3.3333333333333437,74.3872,69.615,77.071,74.5097,74.5097,0.49473684210526325,1.0,0.0,1.0,1.0
2024-05-14,300730,3.6363636363636154,80.3466,79.2579,56.2426,64.2773,64.2773,0.2509689922480621,0.0,0.0,1.0,1.0
2024-05-14,300771,1.055966209081305,2.071,10.9087,29.9535,21.6568,21.2828,0.5374045801526718,1.0,1.0,0.9251908396946564,1.0
2024-05-14,300884,2.4333719582850355,48.3094,55.0339,33.8166,38.6475,38.6475,0.18068181818181833,0.0,0.0,0.9034090909090916,1.0
2024-05-14,301013,2.163687676387571,39.3491,45.9971,27.5444,31.4793,31.4793,0.2741116751269036,0.0,0.0,1.0,1.0
2024-05-14,301028,1.4830508474576343,16.3567,22.5342,40.3473,33.0854,32.8098,0.5275590551181102,1.0,1.0,0.9448818897637796,1.0
2024-05-14,301116,3.6453201970443327,80.6002,78.0428,56.4201,64.4801,64.4801,0.32186459489456154,0.0,0.0,1.0,1.0
2024-05-14,301126,1.846452866861048,28.8673,33.7537,45.2071,38.0938,38.0938,0.4670050761421318,1.0,0.0,1.0,1.0
2024-05-14,301149,1.3786764705882248,12.6374,18.2161,8.8462,10.1099,10.1099,0.5946902654867259,0.0,0.0,0.8106194690265482,1.0
2024-05-14,600272,2.446183953033265,48.732,52.5571,34.1124,38.9856,38.9856,0.32142857142857145,0.0,0.0,1.0,1.0
2024-05-14,600689,3.860523038605246,84.4886,84.5775,59.142,67.5909,67.5909,0.15066666666666653,0.0,0.0,0.7533333333333326,1.0
2024-05-14,600697,2.9918404351767958,64.3702,65.7238,45.0592,51.4962,51.4962,0.2886178861788617,0.0,0.0,1.0,1.0
2024-05-14,600793,4.4284243048403615,93.787,87.5085,65.6509,75.0296,75.0296,0.3760563380281691,0.0,0.0,1.0,1.0
2024-05-14,603042,3.4517766497461855,77.1344,76.4673,53.9941,61.7075,61.7075,0.26200873362445415,0.0,0.0,1.0,1.0
2024-05-14,603679,1.0610079575596787,2.3246,14.349,1.6272,1.8597,1.8597,0.3755346449957228,0.0,0.0,1.0,1.0
2024-05-14,605169,2.6804123711340333,55.41,52.1864,38.787,44.328,44.328,0.6070796460176991,0.0,0.0,0.7858407079646017,1.0
2024-05-16,000020,2.5929127052722434,52.4707,60.1334,36.7295,41.9765,41.9765,0.09215686274509802,0.0,0.0,0.46078431372549006,1.0
2024-05-16,000586,1.0964912280701844,3.8945,15.4399,2.7261,3.1156,3.1156,0.3837837837837837,0.0,0.0,1.0,1.0
2024-05-16,000668,1.658163265306123,21.6499,30.558,15.1549,17.3199,17.3199,0.33809523809523806,0.0,0.0,1.0,1.0
2024-05-16,002806,1.0356731875719172,0.7956,13.8198,0.557,0.6365,0.6365,0.3408360128617363,0.0,0.0,1.0,1.0
2024-05-16,002848,3.571428571428581,79.1039,78.6494,55.3727,63.2831,63.2831,0.23168316831683164,0.0,0.0,1.0,1.0
2024-05-16,002853,4.176072234762973,90.1591,87.02,63.1114,72.1273,72.1273,0.25536480686695273,0.0,0.0,1.0,1.0
2024-05-16,002861,3.300330033003318,73.2412,72.9937,51.2688,58.593,58.593,0.2799634034766697,0.0,0.0,1.0,1.0
2024-05-16,002887,2.4759284731774356,49.0369,50.9536,59.3258,54.2295,54.2295,0.41379310344827575,1.0,0.0,1.0,1.0
2024-05-16,002949,3.1510658016682402,69.6399,65.7462,48.7479,55.7119,55.7119,0.4982833078511825,0.0,0.0,1.0,1.0
2024-05-16,300306,1.147028154327412,5.6533,14.5719,3.9573,4.5226,4.5226,0.49753694581280783,0.0,0.0,1.0,1.0
2024-05-16,300546,1.1549566891241536,5.9883,19.0873,4.1918,4.7906,4.7906,0.2851637764932564,0.0,0.0,1.0,1.0
2024-05-16,300585,1.2433392539964672,8.5846,21.2499,6.0092,6.8677,6.8677,0.28088962108731463,0.0,0.0,1.0,1.0
2024-05-16,300588,3.985056039850554,86.6834,84.6635,60.6784,69.3467,69.3467,0.23416289592760176,0.0,0.0,1.0,1.0
2024-05-16,300611,2.0270270270270396,34.7152,38.7838,54.3007,47.7722,47.7722,0.4494219653179192,1.0,1.0,1.0,1.0
2024-05-16,300626,2.0618556701030855,35.469,38.8149,49.8283,43.3752,43.3752,0.47801418439716314,1.0,0.0,1.0,1.0
2024-05-16,300635,4.090909090909078,88.9028,84.4199,62.232,71.1223,71.1223,0.33512064343163545,0.0,0.0,1.0,1.0
2024-05-16,300650,2.5613660618996725,51.5494,54.9895,36.0846,41.2395,41.2395,0.31249999999999994,0.0,0.0,1.0,1.0
2024-05-16,300665,2.7960526315789602,58.6683,59.768,41.0678,46.9347,46.9347,0.3583333333333331,0.0,0.0,1.0,1.0
2024-05-16,300686,4.360056258790435,93.1742,86.4084,65.2219,74.5394,74.5394,0.40654843110504774,0.0,0.0,1.0,1.0
2024-05-16,300703,2.6709401709401837,54.8995,52.1418,64.8741,63.9196,63.0307,0.5888888888888889,1.0,1.0,0.8222222222222222,1.0
2024-05-16,300730,2.8089887640449396,59.0452,62.023,41.3317,47.2362,47.2362,0.2606589147286822,0.0,0.0,1.0,1.0
2024-05-16,300786,1.2679628064243387,8.8358,21.7738,6.1851,7.0687,7.0687,0.26474201474201475,0.0,0.0,1.0,1.0
2024-05-16,300889,2.090909090909099,36.139,41.893,25.2973,28.9112,28.9112,0.3509108341323106,0.0,0.0,1.0,1.0
2024-05-16,300948,2.6427061310782207,54.062,58.4415,37.8434,43.2496,43.2496,0.24040404040404045,0.0,0.0,1.0,1.0
2024-05-16,300967,2.378592666005952,46.273,49.5801,32.3911,37.0184,37.0184,0.3719185423365488,0.0,0.0,1.0,1.0
2024-05-16,301013,2.667893284268641,54.6482,57.8883,38.2538,43.7186,43.7186,0.29151559100797675,0.0,0.0,1.0,1.0
2024-05-16,301025,2.9878618113912125,64.1122,60.7363,44.8786,51.2898,51.2898,0.5276717557251909,0.0,0.0,0.9446564885496183,1.0
2024-05-16,301056,4.519774011299438,95.1843,83.3034,90.9409,96.1474,94.7254,0.6422018348623854,1.0,1.0,0.7155963302752293,1.0
2024-05-16,301098,4.146919431279628,89.9079,84.225,62.9355,71.9263,71.9263,0.38506588579795004,0.0,0.0,1.0,1.0
2024-05-16,301228,3.8009049773755743,83.124,79.5287,58.1868,66.4992,66.4992,0.3485232067510549,0.0,0.0,1.0,1.0
2024-05-16,301365,3.189655172413808,70.5611,67.8109,49.3928,56.4489,56.4489,0.4319018404907974,0.0,0.0,1.0,1.0
2024-05-16,600689,1.2106537530266248,7.7471,22.571,5.4229,6.1977,6.1977,0.18133333333333326,0.0,0.0,0.9066666666666663,1.0
2024-05-16,600697,1.1433597185576128,5.4858,17.6948,3.84,4.3886,4.3886,0.3346883468834686,0.0,0.0,1.0,1.0
2024-05-16,601133,1.4828544949026856,16.3735,26.2657,36.4615,28.0988,28.0988,0.34165571616294343,1.0,0.0,1.0,1.0
2024-05-16,603045,1.3204225352112742,10.6784,21.1514,7.4749,8.5427,8.5427,0.3695652173913042,0.0,0.0,1.0,1.0
2024-05-16,603216,4.725897920604916,97.6131,88.3607,93.3291,93.0905,93.0905,0.48648648648648646,1.0,0.0,1.0,1.0
2024-05-16,603679,2.094240837696315,36.3484,41.3114,25.4439,29.0787,29.0787,0.3883661248930711,0.0,0.0,1.0,1.0
2024-05-16,603810,1.623686723973261,20.7286,31.9782,14.5101,16.5829,16.5829,0.2302371541501976,0.0,0.0,1.0,1.0
2024-05-16,603955,3.8703870387038597,84.3802,83.9812,59.0662,67.5042,67.5042,0.17614964925954796,0.0,0.0,0.8807482462977397,1.0
2024-05-16,605069,1.3333333333333197,10.7621,20.2263,7.5335,8.6097,8.6097,0.4191702432045779,0.0,0.0,1.0,1.0
2024-05-17,000586,1.193058568329719,6.8452,17.5843,4.7917,5.4762,5.4762,0.3945945945945946,0.0,0.0,1.0,1.0
2024-05-17,000668,3.8895859473023764,84.4813,80.5136,59.1369,67.585,67.585,0.35357142857142854,0.0,0.0,1.0,1.0
2024-05-17,001217,1.2773722627737127,9.5663,22.666,6.6964,7.6531,7.6531,0.24935511607910563,0.0,0.0,1.0,1.0
2024-05-17,002209,1.8202502844141044,27.4235,32.0657,19.1964,21.9388,21.9388,0.4936530324400561,0.0,0.0,1.0,1.0
2024-05-17,002806,3.1890660592255315,70.0255,69.0108,49.0179,56.0204,56.0204,0.35048231511254013,0.0,0.0,1.0,1.0
2024-05-17,002823,2.730817528677143,56.4201,52.0559,63.3337,65.1361,63.596,0.6540084388185654,1.0,1.0,0.6919831223628692,1.0
2024-05-17,002848,1.6602809706258048,21.8963,32.3487,15.3274,17.517,17.517,0.2584158415841584,0.0,0.0,1.0,1.0
2024-05-17,002853,4.55037919826653,95.1105,90.1871,66.5774,76.0884,76.0884,0.29506437768240334,0.0,0.0,1.0,1.0
2024-05-17,002861,2.1299254526091493,37.9677,44.2259,26.5774,30.3741,30.3741,0.30741079597438253,0.0,0.0,1.0,1.0
2024-05-17,002949,3.2345013477088846,71.216,66.0678,78.0412,76.9728,76.5203,0.5452509321101887,1.0,1.0,0.9094981357796226,1.0
2024-05-17,300340,1.6129032258064502,20.3656,31.0971,14.256,16.2925,16.2925,0.25977011494252883,0.0,0.0,1.0,1.0
2024-05-17,300500,3.0710172744721875,66.7092,65.2045,71.6964,68.3673,68.3673,0.4081419624217118,1.0,0.0,1.0,1.0
2024-05-17,300546,2.6641294005708804,54.2942,57.5009,38.006,43.4354,43.4354,0.29672447013487485,0.0,0.0,1.0,1.0
2024-05-17,300564,1.6113744075829217,20.1956,25.6328,14.1369,16.1565,16.1565,0.5261845386533667,0.0,0.0,0.9476309226932667,1.0
2024-05-17,300565,2.329916123019582,44.6003,49.5421,31.2202,35.6803,35.6803,0.3069105691056911,0.0,0.0,1.0,1.0
2024-05-17,300585,1.0526315789473495,1.6582,15.4781,1.1607,1.3265,1.3265,0.2924217462932456,0.0,0.0,1.0,1.0
2024-05-17,300588,2.5149700598802394,50.1276,54.6948,35.0893,40.102,40.102,0.2703619909502262,0.0,0.0,1.0,1.0
2024-05-17,300605,3.5246727089627505,77.7636,75.7308,54.4345,62.2109,62.2109,0.32400430570505906,0.0,0.0,1.0,1.0
2024-05-17,300611,1.2141280353200834,7.7806,16.7158,35.4464,26.2245,26.2245,0.4754335260115609,1.0,1.0,1.0,1.0
2024-05-17,300650,3.2258064516129226,70.9609,70.0015,74.6726,71.7687,71.7687,0.3383620689655172,1.0,0.0,1.0,1.0
2024-05-17,300665,2.8799999999999937,61.182,61.0706,42.8274,48.9456,48.9456,0.3937499999999998,0.0,0.0,1.0,1.0
2024-05-17,300686,1.0781671159029615,3.1037,13.5062,2.1726,2.483,2.483,0.4488403819918144,0.0,0.0,1.0,1.0
2024-05-17,300730,2.076502732240426,35.8844,43.0098,25.119,28.7075,28.7075,0.28488372093023256,0.0,0.0,1.0,1.0
2024-05-17,300749,4.874446085672091,99.1071,90.0828,69.375,79.2857,79.2857,0.46014492753623165,0.0,0.0,1.0,1.0
2024-05-17,300771,2.2869022869022926,43.665,43.7259,58.1533,54.932,54.3289,0.5603053435114502,1.0,1.0,0.8793893129770995,1.0
2024-05-17,300884,4.374999999999996,92.8997,88.5015,65.0298,74.3197,74.3197,0.29090909090909095,0.0,0.0,1.0,1.0
2024-05-17,300889,2.2261798753339113,41.5391,45.772,29.0774,33.2313,33.2313,0.37296260786193686,0.0,0.0,1.0,1.0
2024-05-17,300948,1.6477857878475666,21.131,31.5916,14.7917,16.9048,16.9048,0.2656565656565657,0.0,0.0,1.0,1.0
2024-05-17,301013,2.508960573476693,49.9575,53.7151,34.9702,39.966,39.966,0.31254532269760704,0.0,0.0,1.0,1.0
2024-05-17,301027,3.70370370370372,80.8248,76.518,56.5774,64.6599,64.6599,0.40709219858156037,0.0,0.0,1.0,1.0
2024-05-17,301048,1.2605042016806678,8.8861,14.6458,31.2941,27.1088,25.8773,0.6231527093596055,1.0,1.0,0.7536945812807889,1.0
2024-05-17,301060,1.361867704280173,12.7126,24.1455,8.8988,10.1701,10.1701,0.3012295081967212,0.0,0.0,1.0,1.0
2024-05-17,301098,1.8202502844141266,27.551,33.3146,44.2857,37.0408,37.0408,0.43631039531478755,1.0,0.0,1.0,1.0
2024-05-17,301126,1.3052208835341306,10.6293,20.0009,37.4405,28.5034,28.5034,0.42512690355329963,1.0,1.0,1.0,1.0
2024-05-17,301136,4.659498207885293,96.6412,85.7113,94.4456,97.3129,96.5121,0.5800807537012114,1.0,1.0,0.8398384925975773,1.0
2024-05-17,600689,1.9138755980861344,31.25,41.1067,21.875,25.0,25.0,0.19466666666666654,0.0,0.0,0.9733333333333327,1.0
2024-05-17,601133,2.2831050228310446,43.4099,47.4743,55.3869,49.7279,49.7279,0.3626806833114322,1.0,0.0,1.0,1.0
2024-05-17,603045,1.2163336229365829,8.0357,18.694,5.625,6.4286,6.4286,0.38672768878718533,0.0,0.0,1.0,1.0
2024-05-17,603216,1.8953068592057587,30.7398,33.1729,43.68,39.5918,38.8824,0.5709459459459458,1.0,0.0,0.8581081081081083,1.0
2024-05-17,605169,1.7167381974249052,23.9371,28.1587,44.774,39.1497,38.6542,0.5495495495495497,1.0,1.0,0.9009009009009006,1.0
2024-05-20,001318,1.038961038961017,0.8513,15.1722,0.5959,0.681,0.681,0.2754385964912283,0.0,0.0,1.0,1.0
2024-05-20,002058,1.6210739614994862,20.7437,30.7982,14.5206,16.595,16.595,0.2898383371824479,0.0,0.0,1.0,1.0
2024-05-20,002823,2.3993144815766865,47.0878,43.7113,55.0436,57.6703,55.6908,0.6979473312631033,1.0,1.0,0.6041053374737935,1.0
2024-05-20,002826,1.7259978425026912,24.6864,30.1512,47.2805,39.7491,39.7491,0.47989623865110254,1.0,1.0,1.0,1.0
2024-05-20,300515,3.04219823356231,66.0842,61.6617,73.8476,72.8674,72.2645,0.5602836879432624,1.0,1.0,0.8794326241134751,1.0
2024-05-20,300564,3.078358208955234,66.9803,62.6366,74.9909,73.5842,73.1104,0.5473815461346633,1.0,1.0,0.9052369077306734,1.0
2024-05-20,300626,1.1363636363636243,5.1971,14.1435,28.6096,19.1577,19.1506,0.500709219858156,1.0,0.0,0.998581560283688,1.0
2024-05-20,300885,2.035928143712562,35.6183,36.6738,51.2912,48.4946,47.5842,0.5910404624277458,1.0,1.0,0.8179190751445085,1.0
2024-05-20,300963,3.5645472061657024,78.0914,72.2445,84.2068,82.4731,82.3588,0.5114285714285715,1.0,1.0,0.9771428571428571,1.0
2024-05-20,301098,2.346368715083802,45.4749,47.1852,56.8324,51.3799,51.3799,0.4597364568081991,1.0,0.0,1.0,1.0
2024-05-20,301116,3.8350910834132224,82.8405,79.2136,82.9884,81.2724,81.2724,0.3529411764705882,1.0,0.0,1.0,1.0
2024-05-20,301120,4.591836734693877,95.6093,85.3621,89.6757,91.4875,90.9248,0.5562700964630226,1.0,0.0,0.8874598070739548,1.0
2024-05-20,301256,1.9021739130434812,31.2276,32.6916,47.2783,44.9821,43.8368,0.6145251396648044,1.0,1.0,0.7709497206703912,1.0
2024-05-20,301558,2.1194605009633882,38.0376,46.0698,51.6263,45.4301,45.4301,0.21801657844798916,1.0,0.0,1.0,1.0
2024-05-20,600768,1.9230769230769384,31.8548,35.9404,22.2984,25.4839,25.4839,0.47717231222385853,0.0,0.0,1.0,1.0
2024-05-20,601083,2.9356060606060552,62.5,62.5,62.5,62.5,62.5,,1.0,1.0,,0.0
2024-05-20,605162,1.4416775884665833,15.5914,19.9185,35.8048,32.4731,31.1958,0.6277288271108831,1.0,1.0,0.7445423457782339,1.0
2024-05-20,605169,2.848101265822778,59.991,56.4253,68.8586,67.9928,67.209,0.5783783783783786,1.0,1.0,0.8432432432432428,1.0
2024-05-20,605580,1.9607843137254832,33.3781,32.9247,45.8091,46.7025,44.8136,0.6888888888888892,1.0,1.0,0.6222222222222216,1.0
2024-05-22,000929,2.5703794369645205,52.0239,49.5253,62.229,61.6191,60.5722,0.6046931407942239,1.0,1.0,0.7906137184115523,1.0
2024-05-22,002729,3.2928942807625594,72.6311,76.5524,50.8418,58.1049,58.1049,0.0776255707762557,0.0,0.0,0.3881278538812785,1.0
2024-05-22,002861,1.372756071805692,13.7534,24.7082,9.6274,11.0028,11.0028,0.3147301006404392,0.0,0.0,1.0,1.0
2024-05-22,002949,4.93150684931507,99.77,89.2582,98.7235,99.816,99.5371,0.5278880035554412,1.0,1.0,0.9442239928891176,1.0
2024-05-22,300313,3.863987635239563,83.6707,84.5784,58.5695,66.9365,66.9365,0.11790393013100438,0.0,0.0,0.5895196506550219,1.0
2024-05-22,300340,1.1124845488257096,4.3698,18.2315,3.0589,3.4959,3.4959,0.26321839080459775,0.0,0.0,1.0,1.0
2024-05-22,300517,4.343105320303997,92.3183,86.0165,94.6228,93.8546,93.8546,0.39190751445086724,1.0,1.0,1.0,1.0
2024-05-22,300521,1.191567369385882,6.9457,14.855,4.862,5.5566,5.5566,0.5350785340314136,0.0,0.0,0.9298429319371728,1.0
2024-05-22,300564,2.539981185324547,50.966,50.0496,64.2298,60.7728,60.4112,0.5361596009975061,1.0,1.0,0.9276807980049877,1.0
2024-05-22,300565,2.383134738771764,46.5961,50.7728,57.6173,52.2769,52.2769,0.3252032520325204,1.0,0.0,1.0,1.0
2024-05-22,300585,1.8115942028985588,27.7369,36.9342,19.4158,22.1895,22.1895,0.26276771004942334,0.0,0.0,1.0,1.0
2024-05-22,300611,1.75029171528589,25.713,32.4779,17.9991,20.5704,20.5704,0.4046242774566476,0.0,0.0,1.0,1.0
2024-05-22,300614,4.0182648401826615,87.2585,86.4512,82.859,84.8068,84.0013,0.1677807486631016,1.0,0.0,0.838903743315508,1.0
2024-05-22,300686,3.125,68.3073,65.7355,72.8151,69.6458,69.6458,0.44551724137931037,1.0,0.0,1.0,1.0
2024-05-22,300749,1.0886469673405896,3.4499,14.7889,27.4149,17.7599,17.7599,0.3985507246376811,1.0,0.0,1.0,1.0
2024-05-22,300948,2.2657054582904124,42.7783,48.9095,54.9448,49.2226,49.2226,0.2656565656565657,1.0,0.0,1.0,1.0
2024-05-22,300967,3.1690140845070713,69.5032,65.4418,78.3307,75.6026,75.5222,0.5080385852090031,1.0,1.0,0.9839228295819937,1.0
2024-05-22,300993,2.403433476394845,47.2401,43.49,33.0681,37.7921,37.7921,0.7151051625239007,0.0,0.0,0.5697896749521987,1.0
2024-05-22,301027,2.6869158878504384,55.3358,56.3537,63.7351,59.2686,59.2686,0.39574468085106396,1.0,0.0,1.0,1.0
2024-05-22,301060,1.7578125,25.897,34.7749,43.1279,35.7176,35.7176,0.2971311475409836,1.0,0.0,1.0,1.0
2024-05-22,301098,3.1963470319634535,70.3312,67.6266,74.2318,71.2649,71.2649,0.43191800878477316,1.0,0.0,1.0,1.0
2024-05-22,301120,1.6177957532861553,20.7452,25.1813,36.692,31.5961,30.8887,0.5707395498392284,1.0,0.0,0.8585209003215433,1.0
2024-05-22,301136,1.6421780466724156,21.5731,24.5533,39.6907,37.2585,35.9059,0.635262449528937,1.0,1.0,0.7294751009421261,1.0
2024-05-22,601133,1.7272727272727106,25.069,32.6702,42.5483,35.0552,35.0552,0.3692509855453352,1.0,0.0,1.0,1.0
2024-05-22,603042,2.358078602620095,45.7682,48.205,57.0377,51.6145,51.6145,0.42047531992687387,1.0,0.0,1.0,1.0
2024-05-22,603955,3.22291853178156,70.7912,73.0164,49.5538,56.6329,56.6329,0.18082618862042094,0.0,0.0,0.9041309431021046,1.0
2024-05-22,605069,3.0913978494623517,66.8813,65.2933,71.8169,68.5051,68.5051,0.4105865522174535,1.0,0.0,1.0,1.0
2024-05-22,605567,1.3347022587268942,11.4535,24.3828,33.0175,24.1628,24.1628,0.23900118906064208,1.0,0.0,1.0,1.0
2024-05-27,001217,1.6052880075542841,20.3182,31.7374,14.2227,16.2545,16.2545,0.22585660608494548,0.0,0.0,1.0,1.0
2024-05-27,002780,2.57633587786259,52.4091,57.5987,36.6864,41.9273,41.9273,0.2164276401564538,0.0,0.0,1.0,1.0
2024-05-27,002802,2.246181491464494,42.3182,39.8804,51.6744,53.8545,51.8675,0.6987087517934003,1.0,1.0,0.6025824964131994,1.0
2024-05-27,002826,1.1148272017837302,4.4091,14.7076,3.0864,3.5273,3.5273,0.44098573281452663,0.0,0.0,1.0,1.0
2024-05-27,002828,1.7278617710583255,25.2273,29.2404,17.6591,20.1818,20.1818,0.547069271758437,0.0,0.0,0.905861456483126,1.0
2024-05-27,002858,1.6579406631762605,22.3182,33.6769,15.6227,17.8545,17.8545,0.20888272033310212,0.0,0.0,1.0,1.0
2024-05-27,002972,1.8255578093306246,28.8636,33.1517,20.2045,23.0909,23.0909,0.49696233292831093,0.0,0.0,1.0,1.0
2024-05-27,300610,2.320675105485237,44.6818,44.1224,31.2773,35.7455,35.7455,0.5811518324607328,0.0,0.0,0.8376963350785345,1.0
2024-05-27,300614,3.3243486073674777,73.1364,74.9128,74.1767,73.5091,73.0044,0.17981283422459904,1.0,0.0,0.8990641711229952,1.0
2024-05-27,300626,3.1446540880503138,68.3182,64.5553,77.6241,74.6545,74.6049,0.5049645390070923,1.0,1.0,0.9900709219858155,1.0
2024-05-27,300650,1.0672358591248932,2.2273,14.8853,1.5591,1.7818,1.7818,0.3448275862068964,0.0,0.0,1.0,1.0
2024-05-27,300703,3.3707865168539186,74.3182,68.8365,80.7867,79.4545,79.1455,0.530900867864569,1.0,1.0,0.938198264270862,1.0
2024-05-27,300771,1.628664495113985,21.2273,27.0276,14.8591,16.9818,16.9818,0.49770992366412226,0.0,0.0,1.0,1.0
2024-05-27,301120,2.0250723240115898,35.0455,34.714,47.8872,48.0364,46.3752,0.6661157024793386,1.0,1.0,0.6677685950413228,1.0
2024-05-27,301126,1.1282051282051286,4.7727,15.8486,3.3409,3.8182,3.8182,0.3984771573604062,0.0,0.0,1.0,1.0
2024-05-27,601083,4.318618042226485,91.7727,91.7727,91.7727,91.7727,91.7727,,0.0,0.0,,0.0
2024-05-27,601133,2.5092936802973753,50.4091,52.321,65.2864,60.3273,60.3273,0.40031152647975077,1.0,1.0,1.0,1.0
2024-05-27,603042,2.2827041264266823,43.7727,45.9744,55.6409,50.0182,50.0182,0.452191235059761,1.0,0.0,1.0,1.0
2024-05-27,605069,1.2345679012345734,8.7727,18.9827,36.1409,27.0182,27.0182,0.4017725258493353,1.0,1.0,1.0,1.0
2024-05-27,605169,3.2967032967033294,72.3182,67.6563,80.2263,77.8545,77.7554,0.5099099099099097,1.0,1.0,0.9801801801801806,1.0
2024-05-27,605580,2.2770398481973375,43.5,40.7583,52.3667,54.8,52.7792,0.7020828568379297,1.0,1.0,0.5958342863241406,1.0
2024-05-29,001217,1.4367816091954033,15.0779,27.8055,10.5545,12.0623,12.0623,0.21284114064954485,0.0,0.0,1.0,1.0
2024-05-29,002633,4.664723032069973,96.7461,91.8521,92.7223,92.3969,92.3969,0.2772413793103449,1.0,0.0,1.0,1.0
2024-05-29,002826,1.1325028312570762,5.2704,15.7598,3.6893,4.2163,4.2163,0.42282749675745784,0.0,0.0,1.0,1.0
2024-05-29,002900,2.6046511627906943,52.7956,52.408,36.9569,42.2365,42.2365,0.4914215686274509,0.0,0.0,1.0,1.0
2024-05-29,300220,3.477344573234986,76.8561,61.7627,64.3548,81.4849,76.6238,0.986111111111111,1.0,1.0,0.0277777777777779,1.0
2024-05-29,300518,1.0752688172043001,2.7039,16.8611,1.8928,2.1632,2.1632,0.26510067114093966,0.0,0.0,1.0,1.0
2024-05-29,300585,3.078358208955212,66.2236,68.2507,46.3566,52.9789,52.9789,0.23640856672158164,0.0,0.0,1.0,1.0
2024-05-29,300626,3.125,67.736,63.9477,76.9329,74.1888,74.0683,0.5120567375886524,1.0,1.0,0.9758865248226951,1.0
2024-05-29,300635,4.670658682634743,96.9294,92.0476,67.8506,77.5435,77.5435,0.2747989276139409,0.0,0.0,1.0,1.0
2024-05-29,300686,2.5423728813559254,50.55,52.2112,35.385,40.44,40.44,0.4114365411436541,0.0,0.0,1.0,1.0
2024-05-29,300787,4.315196998123816,91.3382,83.9582,93.9368,93.0706,93.0706,0.4556192256069947,1.0,1.0,1.0,1.0
2024-05-29,300828,2.836920969569867,58.8909,57.9403,41.2236,47.1127,47.1127,0.4586241276171486,0.0,0.0,1.0,1.0
2024-05-29,300994,1.1226252158894834,4.6288,13.1977,3.2401,3.703,3.703,0.5252643948296123,0.0,0.0,0.9494712103407754,1.0
2024-05-29,301025,2.63424518743669,53.5747,53.9094,37.5023,42.8598,42.8598,0.4475190839694656,0.0,0.0,1.0,1.0
2024-05-29,600847,2.203856749311295,40.0092,46.4823,28.0064,32.0073,32.0073,0.27625,0.0,0.0,1.0,1.0
2024-05-29,603006,1.9589552238805652,32.5848,39.6703,22.8093,26.0678,26.0678,0.31987577639751563,0.0,0.0,1.0,1.0
2024-05-29,603506,2.897102897102899,61.0907,57.912,42.7635,48.8726,48.8726,0.5480314960629921,0.0,0.0,0.9039370078740159,1.0
2024-05-29,603810,1.6376663254861867,21.3107,33.8272,14.9175,17.0486,17.0486,0.1610671936758892,0.0,0.0,0.805335968379446,1.0
2024-05-29,605069,1.5363128491620026,17.9193,26.6841,12.5435,14.3355,14.3355,0.3825701624815362,0.0,0.0,1.0,1.0
2024-05-29,605303,1.5444015444015413,18.2401,30.232,12.7681,14.5921,14.5921,0.21800433839479388,0.0,0.0,1.0,1.0
2024-05-31,000929,2.4456521739130377,48.1281,49.3328,33.6897,38.5025,38.5025,0.45848375451263546,0.0,0.0,1.0,1.0
2024-05-31,002735,1.6550522648083765,22.6108,27.7543,15.8276,18.0887,18.0887,0.5167206040992448,0.0,0.0,0.9665587918015104,1.0
2024-05-31,002806,4.620853080568721,96.2069,90.6847,92.3448,91.9655,91.9655,0.31404072883172557,1.0,0.0,1.0,1.0
2024-05-31,002823,1.3146362839614234,12.266,16.5904,8.5862,9.8128,9.8128,0.6611208978682688,0.0,0.0,0.6777582042634624,1.0
2024-05-31,002848,1.6282225237449044,21.6256,33.0431,15.1379,17.3005,17.3005,0.21287128712871287,0.0,0.0,1.0,1.0
2024-05-31,002858,3.2345013477088846,70.8374,72.9503,49.5862,56.67,56.67,0.1859819569743235,0.0,0.0,0.9299097848716174,1.0
2024-05-31,002875,1.449275362318847,16.8473,29.2809,11.7931,13.4778,13.4778,0.20984455958549217,0.0,0.0,1.0,1.0
2024-05-31,002963,1.9383259911894157,32.069,38.0382,52.4483,45.6552,45.6552,0.3808510638297872,1.0,1.0,1.0,1.0
2024-05-31,300250,2.1626297577854725,38.9655,48.451,27.2759,31.1724,31.1724,0.13606911447084233,0.0,0.0,0.6803455723542116,1.0
2024-05-31,300306,3.7280701754386136,80.6404,75.0388,81.4483,79.5123,79.5123,0.473675948890225,1.0,0.0,1.0,1.0
2024-05-31,300313,2.0862308762169546,36.2069,44.1973,50.3448,43.9655,43.9655,0.23841059602649017,1.0,0.0,1.0,1.0
2024-05-31,300546,4.200000000000004,90.0,86.787,63.0,72.0,72.0,0.2606490872210955,0.0,0.0,1.0,1.0
2024-05-31,300562,2.5219298245614086,50.0,49.6209,35.0,40.0,40.0,0.5189550130551969,0.0,0.0,0.9620899738896063,1.0
2024-05-31,300585,2.0018198362147466,34.2365,42.2162,23.9655,27.3892,27.3892,0.2586490939044481,0.0,0.0,1.0,1.0
2024-05-31,300588,4.092071611253201,88.2266,86.3731,61.7586,70.5813,70.5813,0.21040723981900455,0.0,0.0,1.0,1.0
2024-05-31,300611,2.499999999999969,49.4089,51.7378,34.5862,39.5271,39.5271,0.389466087885445,0.0,0.0,1.0,1.0
2024-05-31,300686,4.794520547945202,98.3744,89.8324,93.8621,93.6995,93.6995,0.4433566433566434,1.0,0.0,1.0,1.0
2024-05-31,300730,3.302961275626437,72.6601,73.1475,50.8621,58.1281,58.1281,0.24903100775193793,0.0,0.0,1.0,1.0
2024-05-31,300771,1.0917030567685337,3.9901,13.3906,2.7931,3.1921,3.1921,0.4900763358778627,0.0,0.0,1.0,1.0
2024-05-31,300787,2.285191956124333,43.4975,44.9864,60.4483,54.798,54.798,0.4905832256363393,1.0,1.0,1.0,1.0
2024-05-31,300845,1.0591350397175514,2.1182,10.1019,1.4828,1.6946,1.6946,0.5796352317697295,0.0,0.0,0.8407295364605409,1.0
2024-05-31,300884,3.269447576099216,71.8719,71.7821,75.3103,72.4975,72.4975,0.2857736553508576,1.0,0.0,1.0,1.0
2024-05-31,300963,4.849039341262595,99.064,87.4512,95.7448,99.2512,98.3512,0.5899999999999997,1.0,1.0,0.8200000000000005,1.0
2024-05-31,300994,3.1222896790980226,67.734,63.7994,47.4138,54.1872,54.1872,0.5193889541715629,0.0,0.0,0.9612220916568741,1.0
2024-05-31,301013,1.9534883720930374,32.7586,40.5506,22.931,26.2069,26.2069,0.2828136330674402,0.0,0.0,1.0,1.0
2024-05-31,301025,1.2207527975584886,9.4089,18.653,6.5862,7.5271,7.5271,0.4437022900763359,0.0,0.0,1.0,1.0
2024-05-31,301028,3.3155080213903787,73.1527,68.2545,80.6715,78.5222,78.3883,0.5133858267716536,1.0,1.0,0.9732283464566929,1.0
2024-05-31,301040,2.145922746781115,38.4729,44.9719,26.931,30.7783,30.7783,0.2903225806451613,0.0,0.0,1.0,1.0
2024-05-31,301081,3.642773207990624,79.5567,72.4067,83.2124,83.6453,83.026,0.5619319299626612,1.0,1.0,0.8761361400746777,1.0
2024-05-31,301136,4.798464491362675,98.4729,88.2505,97.8753,98.7783,98.5144,0.5263929618768328,1.0,1.0,0.9472140762463344,1.0
2024-05-31,301558,1.8556701030927991,29.7044,40.9189,20.7931,23.7635,23.7635,0.14223342428263483,0.0,0.0,0.7111671214131741,1.0
2024-05-31,601083,1.1616650532429773,7.0443,7.0443,7.0443,7.0443,7.0443,,0.0,0.0,,0.0
2024-05-31,603042,3.8728897715988087,83.6946,80.3302,58.5862,66.9557,66.9557,0.3312757201646091,0.0,0.0,1.0,1.0
2024-05-31,603679,2.031394275161613,35.2217,41.4879,24.6552,28.1773,28.1773,0.3344739093242087,0.0,0.0,1.0,1.0
2024-06-04,300500,2.052785923753664,35.5473,39.8565,24.8831,28.4378,28.4378,0.42906574394463665,0.0,0.0,1.0,1.0
2024-06-04,300626,1.7520215633423097,26.6206,32.7007,18.6344,21.2965,21.2965,0.42978723404255315,0.0,0.0,1.0,1.0
2024-06-04,301120,3.7076271186440746,79.7556,72.8707,55.8289,63.8045,63.8045,0.5466890575779181,0.0,0.0,0.9066218848441638,1.0
2024-06-04,301126,3.821656050955413,81.6153,77.9688,57.1307,65.2922,65.2922,0.3661703541522227,0.0,0.0,1.0,1.0
2024-06-04,603679,2.7347310847766426,56.4825,58.257,39.5377,45.186,45.186,0.34644995722840044,0.0,0.0,1.0,1.0
2024-06-04,605162,4.74934036939314,97.8215,87.0869,96.1345,98.2572,97.672,0.558514304148295,1.0,1.0,0.8829713917034101,1.0
2024-06-07,000020,4.414784394250515,91.9439,93.3234,64.3607,73.5551,73.5551,0.011586452762923421,0.0,0.0,0.0579322638146171,1.0
2024-06-07,001217,3.88768898488121,81.5489,83.03,57.0842,65.2391,65.2391,0.11045281255772617,0.0,0.0,0.5522640627886308,1.0
2024-06-07,001366,1.8755328218243772,29.6778,38.1105,20.7744,23.7422,23.7422,0.28158679202019454,0.0,0.0,1.0,1.0
2024-06-07,002576,3.3124440465532645,70.0104,72.5205,49.0073,56.0083,56.0083,0.17439293598233993,0.0,0.0,0.8719646799116996,1.0
2024-06-07,002729,3.93258426966292,82.4844,85.9875,57.7391,65.9875,65.9875,0.0,0.0,0.0,0.0,1.0
2024-06-07,002735,2.075471698113218,34.9792,39.5476,24.4854,27.9834,27.9834,0.42179072276159646,0.0,0.0,1.0,1.0
2024-06-07,002780,4.79910714285714,97.7651,97.847,68.4356,78.2121,78.2121,0.018252933507170874,0.0,0.0,0.09126466753585437,1.0
2024-06-07,002823,3.592814371257491,75.6237,71.2141,52.9366,60.499,60.499,0.46424111933434636,0.0,0.0,1.0,1.0
2024-06-07,002828,2.043269230769229,34.3555,39.8823,24.0489,27.4844,27.4844,0.3801065719360569,0.0,0.0,1.0,1.0
2024-06-07,002875,3.8167938931297662,79.262,80.7412,55.4834,63.4096,63.4096,0.13341968911917096,0.0,0.0,0.6670984455958547,1.0
2024-06-07,002888,4.0219378427788,85.0832,87.0513,59.5582,68.0665,68.0665,0.050759013282732426,0.0,0.0,0.2537950664136621,1.0
2024-06-07,002900,3.1602708803611934,65.6445,66.5564,45.9511,52.5156,52.5156,0.2979617223367209,0.0,0.0,1.0,1.0
2024-06-07,002931,4.019607843137263,84.9272,87.4192,59.4491,67.9418,67.9418,0.026128266033253942,0.0,0.0,0.1306413301662697,1.0
2024-06-07,003025,2.756244616709491,54.21,58.1574,37.947,43.368,43.368,0.2605304212168486,0.0,0.0,1.0,1.0
2024-06-07,300250,3.8267875125881146,79.7817,83.5086,55.8472,63.8254,63.8254,0.015837104072398255,0.0,0.0,0.07918552036199127,1.0
2024-06-07,300313,2.377179080824088,44.0229,52.5164,30.816,35.2183,35.2183,0.13509544787077826,0.0,0.0,0.6754772393538913,1.0
2024-06-07,300340,3.7707390648567207,78.4304,80.8362,54.9012,62.7443,62.7443,0.09540229885057473,0.0,0.0,0.47701149425287365,1.0
2024-06-07,300417,3.734439834024883,77.8067,76.2117,54.4647,62.2453,62.2453,0.30168269230769246,0.0,0.0,1.0,1.0
2024-06-07,300500,4.180418041804179,88.3056,84.5089,61.8139,70.6445,70.6445,0.3067776456599287,0.0,0.0,1.0,1.0
2024-06-07,300515,4.898828541001055,99.2204,87.9282,69.4543,79.3763,79.3763,0.5724029514983526,0.0,0.0,0.8551940970032947,1.0
2024-06-07,300518,4.089709762532978,86.4345,88.2766,60.5042,69.1476,69.1476,0.04355251921434669,0.0,0.0,0.21776259607173346,1.0
2024-06-07,300539,3.2299741602067167,67.6195,68.1192,47.3337,54.0956,54.0956,0.2988230494005264,0.0,0.0,1.0,1.0
2024-06-07,300560,2.16110019646365,37.578,47.6658,26.3046,30.0624,30.0624,0.11982758620689667,0.0,0.0,0.5991379310344833,1.0
2024-06-07,300561,4.836415362731139,98.3888,96.9168,68.8721,78.711,78.711,0.08971296235417683,0.0,0.0,0.44856481177088414,1.0
2024-06-07,300585,3.9378238341968963,82.6923,83.1884,57.8846,66.1538,66.1538,0.14827018121911037,0.0,0.0,0.7413509060955518,1.0
2024-06-07,300588,3.92749244712991,82.3805,84.4112,57.6663,65.9044,65.9044,0.07466063348416291,0.0,0.0,0.37330316742081454,1.0
2024-06-07,300645,4.054054054054057,85.8108,86.017,60.0676,68.6486,68.6486,0.13158262821896796,0.0,0.0,0.6579131410948398,1.0
2024-06-07,300649,2.8056112224448704,55.3534,59.4987,38.7474,44.2827,44.2827,0.23920344176324296,0.0,0.0,1.0,1.0
2024-06-07,300675,1.3816925734024155,14.9168,22.7906,10.4418,11.9335,11.9335,0.4571423198788279,0.0,0.0,1.0,1.0
2024-06-07,300686,3.409090909090917,72.6091,71.9821,50.8264,58.0873,58.0873,0.3052631578947369,0.0,0.0,1.0,1.0
2024-06-07,300713,3.8190954773869468,79.3659,80.3056,55.5561,63.4927,63.4927,0.15935541629364364,0.0,0.0,0.7967770814682181,1.0
2024-06-07,300730,3.141361256544495,64.7089,68.8003,45.2963,51.7672,51.7672,0.14834024896265557,0.0,0.0,0.7417012448132778,1.0
2024-06-07,300749,4.835589941972929,98.2848,95.1909,68.7994,78.6279,78.6279,0.17184643510054834,0.0,0.0,0.8592321755027417,1.0
2024-06-07,300771,3.4912718204488824,74.4802,73.2636,52.1362,59.5842,59.5842,0.316030534351145,0.0,0.0,1.0,1.0
2024-06-07,300823,2.7927927927928087,54.9376,56.823,38.4563,43.9501,43.9501,0.3563535953254859,0.0,0.0,1.0,1.0
2024-06-07,300826,4.174573055028463,87.9938,86.7118,61.5956,70.395,70.395,0.18416030534351135,0.0,0.0,0.9208015267175568,1.0
2024-06-07,300840,3.238866396761142,68.0353,74.2828,47.6247,54.4283,54.4283,0.007272727272727146,0.0,0.0,0.03636363636363573,1.0
2024-06-07,300871,1.762977473065619,25.9356,34.4098,18.1549,20.7484,20.7484,0.3169333236607335,0.0,0.0,1.0,1.0
2024-06-07,300884,4.49293966623876,92.8794,91.5882,65.0156,74.3035,74.3035,0.13576564727307947,0.0,0.0,0.6788282363653972,1.0
2024-06-07,300932,1.515151515151536,17.7235,25.9953,12.4064,14.1788,14.1788,0.4091724351460067,0.0,0.0,1.0,1.0
2024-06-07,300943,2.6264591439688845,51.2994,51.4434,35.9096,41.0395,41.0395,0.4798072316517779,0.0,0.0,1.0,1.0
2024-06-07,300958,4.0758293838862425,86.3306,88.37,60.4314,69.0644,69.0644,0.03472222222222239,0.0,0.0,0.17361111111111194,1.0
2024-06-07,300963,3.862212943632559,80.6133,76.3501,56.4293,64.4906,64.4906,0.4070278184480233,0.0,0.0,1.0,1.0
2024-06-07,300967,1.663201663201641,22.5052,31.5733,15.7536,18.0042,18.0042,0.3215434083601286,0.0,0.0,1.0,1.0
2024-06-07,300978,3.340517241379315,71.0499,72.0183,49.7349,56.8399,56.8399,0.2410785727661242,0.0,0.0,1.0,1.0
2024-06-07,300989,1.9759450171821236,32.5884,38.5989,22.8119,26.0707,26.0707,0.37358839737704985,0.0,0.0,1.0,1.0
2024-06-07,300994,3.1777557100297837,66.0603,64.8723,46.2422,52.8482,52.8482,0.39879876447461415,0.0,0.0,1.0,1.0
2024-06-07,301007,3.5906642728904536,75.5198,74.2118,52.8638,60.4158,60.4158,0.31019823833982096,0.0,0.0,1.0,1.0
2024-06-07,301017,3.571428571428581,75.3119,78.2325,52.7183,60.2495,60.2495,0.10084745762711861,0.0,0.0,0.504237288135593,1.0
2024-06-07,301025,2.5258323765786406,48.2848,51.8912,33.7994,38.6279,38.6279,0.3368320610687024,0.0,0.0,1.0,1.0
2024-06-07,301048,2.071973827699014,34.8753,36.7778,24.4127,27.9002,27.9002,0.5561224489795917,0.0,0.0,0.8877551020408165,1.0
2024-06-07,301060,3.192702394526825,66.684,69.4979,46.6788,53.3472,53.3472,0.1924629878869447,0.0,0.0,0.9623149394347233,1.0
2024-06-07,301082,2.6232948583420734,51.1954,51.3934,35.8368,40.9563,40.9563,0.47814654931445416,0.0,0.0,1.0,1.0
2024-06-07,301116,4.809843400447411,97.869,94.0702,68.5083,78.2952,78.2952,0.21125000000000002,0.0,0.0,1.0,1.0
2024-06-07,301126,4.691075514874132,96.5177,91.646,67.5624,77.2141,77.2141,0.2784066991600151,0.0,0.0,1.0,1.0
2024-06-07,301321,4.090909090909078,86.5904,84.912,60.6133,69.2723,69.2723,0.218018018018018,0.0,0.0,1.0,1.0
2024-06-07,301507,2.4978466838932123,47.2453,54.5798,33.0717,37.7963,37.7963,0.16082224909310766,0.0,0.0,0.8041112454655382,1.0
2024-06-07,301558,2.9002320185614883,58.4719,66.3866,40.9304,46.7775,46.7775,0.019545438261329994,0.0,0.0,0.09772719130664996,1.0
2024-06-07,600272,4.225352112676073,88.9293,88.9021,62.2505,71.1435,71.1435,0.11206896551724117,0.0,0.0,0.5603448275862059,1.0
2024-06-07,600697,3.996003996003994,84.1476,84.31,58.9033,67.3181,67.3181,0.15040650406504044,0.0,0.0,0.7520325203252022,1.0
2024-06-07,601083,1.6885553470919357,23.6486,34.3608,46.5541,38.9189,38.9189,0.227906976744186,1.0,1.0,1.0,1.0
2024-06-07,601133,4.158215010141975,87.8898,84.493,61.5229,70.3119,70.3119,0.29094076655052253,0.0,0.0,1.0,1.0
2024-06-07,603006,4.875406283856987,99.1164,94.8212,69.3815,79.2931,79.2931,0.22359797926402813,0.0,0.0,1.0,1.0
2024-06-07,603042,2.921348314606731,58.9917,62.9752,41.2942,47.1933,47.1933,0.21090534979423875,0.0,0.0,1.0,1.0
2024-06-07,603079,3.8345105953582204,79.8857,77.6247,55.92,63.9085,63.9085,0.31419284940411707,0.0,0.0,1.0,1.0
2024-06-07,603657,4.9934379101353565,99.948,95.5195,69.9636,79.9584,79.9584,0.2219466831990081,0.0,0.0,1.0,1.0
2024-06-07,603810,4.756242568370994,97.2453,97.2627,68.0717,77.7963,77.7963,0.026679841897233155,0.0,0.0,0.13339920948616577,1.0
2024-06-11,002729,4.108108108108111,87.0163,88.985,60.9114,69.613,69.613,0.03140265177948362,0.0,0.0,0.1570132588974181,1.0
2024-06-11,002735,1.3863216266173595,15.0204,23.1058,10.5143,12.0163,12.0163,0.4455231930960087,0.0,0.0,1.0,1.0
2024-06-11,002767,2.315227070347281,42.7189,49.7579,29.9033,34.1752,34.1752,0.22086389568052173,0.0,0.0,1.0,1.0
2024-06-11,002828,2.8268551236749317,56.4664,56.9671,39.5265,45.1731,45.1731,0.4103019538188276,0.0,0.0,1.0,1.0
2024-06-11,002900,4.48577680525164,92.8208,87.5048,64.9745,74.2566,74.2566,0.3375928645989679,0.0,0.0,1.0,1.0
2024-06-11,300243,1.4329580348004134,15.835,24.2821,11.0845,12.668,12.668,0.41929666366095586,0.0,0.0,1.0,1.0
2024-06-11,300250,1.8428709990300662,28.8697,41.9152,20.2088,23.0957,23.0957,0.05902383654937585,0.0,0.0,0.2951191827468792,1.0
2024-06-11,300515,3.1472081218274273,65.4786,59.3033,45.835,52.3829,52.3829,0.6539793498430083,0.0,0.0,0.6920413003139834,1.0
2024-06-11,300539,1.251564455569465,9.8269,20.9387,6.8788,7.8615,7.8615,0.3461389616091175,0.0,0.0,1.0,1.0
2024-06-11,300560,1.8269230769230704,28.5642,40.0755,19.9949,22.8513,22.8513,0.13879310344827592,0.0,0.0,0.6939655172413796,1.0
2024-06-11,300585,1.5952143569292199,19.3992,31.9279,13.5794,15.5193,15.5193,0.17957166392092255,0.0,0.0,0.8978583196046127,1.0
2024-06-11,300645,1.0204081632652962,0.4582,16.9031,0.3208,0.3666,0.3666,0.17317543000063665,0.0,0.0,0.8658771500031832,1.0
2024-06-11,300730,4.31472081218276,90.1731,88.6738,63.1212,72.1385,72.1385,0.17323651452282157,0.0,0.0,0.8661825726141078,1.0
2024-06-11,300771,2.891566265060219,58.6049,59.7083,41.0234,46.8839,46.8839,0.3587786259541985,0.0,0.0,1.0,1.0
2024-06-11,300884,2.3341523341523285,43.2281,50.8949,30.2597,34.5825,34.5825,0.18437935359458163,0.0,0.0,0.9218967679729081,1.0
2024-06-11,300932,1.3777267508610747,14.7149,23.1966,10.3004,11.7719,11.7719,0.428763333849296,0.0,0.0,1.0,1.0
2024-06-11,300967,2.3517382413088095,43.8391,48.2974,30.6874,35.0713,35.0713,0.3386923901393354,0.0,0.0,1.0,1.0
2024-06-11,301013,2.1190716448032276,36.5071,42.9608,25.555,29.2057,29.2057,0.3122448979591838,0.0,0.0,1.0,1.0
2024-06-11,301025,2.2396416573348343,40.5804,45.3079,28.4063,32.4644,32.4644,0.35782442748091603,0.0,0.0,1.0,1.0
2024-06-11,301060,2.7624309392265234,54.9389,59.3482,38.4572,43.9511,43.9511,0.23014804845222095,0.0,0.0,1.0,1.0
2024-06-11,301079,1.9143117593436454,31.2118,38.3899,21.8483,24.9695,24.9695,0.3289767461091413,0.0,0.0,1.0,1.0
2024-06-11,301116,1.0672358591248932,2.6477,16.3179,1.8534,2.1181,2.1181,0.29001367989056065,0.0,0.0,1.0,1.0
2024-06-11,601133,2.6290165530671983,51.6802,54.0968,36.1762,41.3442,41.3442,0.3623693379790939,0.0,0.0,1.0,1.0
2024-06-11,603042,2.0742358078602585,35.0815,43.3121,24.557,28.0652,28.0652,0.23765432098765435,0.0,0.0,1.0,1.0
2024-06-11,603657,1.5306122448979442,18.1772,29.4032,12.724,14.5418,14.5418,0.2569286102817915,0.0,0.0,1.0,1.0
2024-06-11,605162,2.1390374331550666,37.22,38.983,26.054,29.776,29.776,0.5396473940691622,0.0,0.0,0.9207052118616756,1.0
2024-06-12,000929,4.552590266875978,94.417,89.9278,66.0919,75.5336,75.5336,0.28028933092224234,0.0,0.0,1.0,1.0
2024-06-12,001217,2.2845275181723634,42.1443,50.8643,29.501,33.7154,33.7154,0.14255762729838126,0.0,0.0,0.7127881364919062,1.0
2024-06-12,002633,1.4827018121911006,16.6502,29.9546,11.6551,13.3202,13.3202,0.1682758620689656,0.0,0.0,0.841379310344828,1.0
2024-06-12,002729,3.738317757009346,78.5573,81.6874,54.9901,62.8458,62.8458,0.05792044661549199,0.0,0.0,0.2896022330774599,1.0
2024-06-12,002735,1.0938924339106704,3.9032,13.8884,2.7322,3.1225,3.1225,0.4617044228694714,0.0,0.0,1.0,1.0
2024-06-12,002806,4.278074866310155,89.6739,87.5071,62.7717,71.7391,71.7391,0.2116004296455425,0.0,0.0,1.0,1.0
2024-06-12,002823,1.745877788554795,25.0494,29.9332,17.5346,20.0395,20.0395,0.505316756582431,0.0,0.0,0.989366486835138,1.0
2024-06-12,002828,1.145475372279492,5.9783,15.724,4.1848,4.7826,4.7826,0.45293072824156316,0.0,0.0,1.0,1.0
2024-06-12,002849,2.9622980251346354,60.0296,64.9961,42.0208,48.0237,48.0237,0.15137849679812243,0.0,0.0,0.7568924839906122,1.0
2024-06-12,002858,3.4155597722960174,73.2708,75.7158,51.2895,58.6166,58.6166,0.1450381679389313,0.0,0.0,0.7251908396946564,1.0
2024-06-12,002900,2.5130890052355914,48.1719,50.6934,33.7204,38.5375,38.5375,0.39220667801715564,0.0,0.0,1.0,1.0
2024-06-12,300069,3.2882011605415817,69.417,67.5557,48.5919,55.5336,55.5336,0.39889705882352944,0.0,0.0,1.0,1.0
2024-06-12,300220,3.037667071688932,62.3024,56.1519,43.6117,49.8419,49.8419,0.6845018450184504,0.0,0.0,0.6309963099630993,1.0
2024-06-12,300243,2.219979818365303,39.4763,42.9426,27.6334,31.581,31.581,0.43192064923354373,0.0,0.0,1.0,1.0
2024-06-12,300250,3.3333333333333215,71.0474,75.2261,49.7332,56.8379,56.8379,0.08059023836549384,0.0,0.0,0.4029511918274692,1.0
2024-06-12,300306,3.52941176470587,75.3458,69.6787,52.7421,60.2767,60.2767,0.5299012297650807,0.0,0.0,0.9401975404698386,1.0
2024-06-12,300313,2.336448598130847,43.3794,51.5681,30.3656,34.7036,34.7036,0.15677321156773213,0.0,0.0,0.7838660578386606,1.0
2024-06-12,300500,3.6131774707757858,76.4328,74.0817,53.503,61.1462,61.1462,0.35322777101096214,0.0,0.0,1.0,1.0
2024-06-12,300517,2.011173184357551,32.9545,39.1266,23.0682,26.3636,26.3636,0.3618497109826588,0.0,0.0,1.0,1.0
2024-06-12,300518,3.254067584480591,68.8241,73.4676,48.1769,55.0593,55.0593,0.07958477508650519,0.0,0.0,0.39792387543252594,1.0
2024-06-12,300539,2.1013597033374465,35.6225,41.2832,24.9358,28.498,28.498,0.36074082505405136,0.0,0.0,1.0,1.0
2024-06-12,300546,2.699784017278617,53.3103,58.8198,37.3172,42.6482,42.6482,0.19142259414225943,0.0,0.0,0.9571129707112971,1.0
2024-06-12,300560,2.5495750708215414,49.3577,56.0867,34.5504,39.4862,39.4862,0.16997167138810207,0.0,0.0,0.8498583569405103,1.0
2024-06-12,300562,2.754491017964078,54.3972,55.5749,38.0781,43.5178,43.5178,0.3971439068586132,0.0,0.0,1.0,1.0
2024-06-12,300572,2.145922746781115,37.253,43.5836,26.0771,29.8024,29.8024,0.31093630854156834,0.0,0.0,1.0,1.0
2024-06-12,300585,1.4720314033366044,16.4526,29.307,11.5168,13.1621,13.1621,0.19275123558484353,0.0,0.0,0.9637561779242176,1.0
2024-06-12,300588,3.0259365994236287,61.9071,67.3085,43.335,49.5257,49.5257,0.11085972850678738,0.0,0.0,0.5542986425339369,1.0
2024-06-12,300611,1.5544041450777257,18.7253,28.7926,13.1077,14.9802,14.9802,0.3093825397842814,0.0,0.0,1.0,1.0
2024-06-12,300730,2.5547445255474255,49.5553,55.4741,34.6887,39.6443,39.6443,0.2085062240663901,0.0,0.0,1.0,1.0
2024-06-12,300753,2.4321796071094415,46.0968,51.335,32.2678,36.8775,36.8775,0.27712356866751,0.0,0.0,1.0,1.0
2024-06-12,300823,3.350970017636712,71.6897,69.7622,50.1828,57.3518,57.3518,0.3794778264618169,0.0,0.0,1.0,1.0
2024-06-12,300845,1.7716535433070835,26.0375,31.6224,18.2263,20.83,20.83,0.4603825727841658,0.0,0.0,1.0,1.0
2024-06-12,300854,4.586241276171488,94.8123,91.4742,66.3686,75.8498,75.8498,0.218778486782133,0.0,0.0,1.0,1.0
2024-06-12,300884,1.0804321728691502,3.3103,18.4328,2.3172,2.6482,2.6482,0.21076965131196845,0.0,0.0,1.0,1.0
2024-06-12,300932,2.604756511891293,50.8893,51.7745,35.6225,40.7115,40.7115,0.4468472403446396,0.0,0.0,1.0,1.0
2024-06-12,300943,1.5080113100848225,17.3419,23.443,12.1393,13.8735,13.8735,0.5215253292701072,0.0,0.0,0.9569493414597856,1.0
2024-06-12,300967,2.0979020979021046,35.5237,40.9438,24.8666,28.419,28.419,0.3737596471885337,0.0,0.0,1.0,1.0
2024-06-12,301007,2.076124567474036,34.7332,40.1885,24.3132,27.7866,27.7866,0.37990101396010345,0.0,0.0,1.0,1.0
2024-06-12,301013,2.075098814229248,34.5356,40.955,24.1749,27.6285,27.6285,0.3336734693877551,0.0,0.0,1.0,1.0
2024-06-12,301079,1.878354203935606,29.496,36.515,20.6472,23.5968,23.5968,0.3540933643455262,0.0,0.0,1.0,1.0
2024-06-12,301126,3.1868131868131977,66.6502,66.8228,46.6551,53.3202,53.3202,0.32486981062647785,0.0,0.0,1.0,1.0
2024-06-12,301136,4.410256410256408,91.9466,85.2851,64.3626,73.5573,73.5573,0.41361236607543517,0.0,0.0,1.0,1.0
2024-06-12,301558,1.6759776536312998,22.8755,37.1597,16.0128,18.3004,18.3004,0.057033433990062034,0.0,0.0,0.28516716995031016,1.0
2024-06-12,600272,2.262443438913997,40.8597,49.6582,28.6018,32.6877,32.6877,0.15147783251231525,0.0,0.0,0.7573891625615762,1.0
2024-06-12,601083,1.2512030798844886,9.7332,22.958,6.8132,7.7866,7.7866,0.24142857142857163,0.0,0.0,1.0,1.0
2024-06-12,603042,3.9572192513369187,83.6462,81.6814,58.5524,66.917,66.917,0.26178010471204194,0.0,0.0,1.0,1.0
2024-06-12,603079,2.139366092071615,37.0059,42.4541,25.9042,29.6047,29.6047,0.3575297941495126,0.0,0.0,1.0,1.0
2024-06-12,603679,3.0245746691871522,61.6601,63.0663,43.1621,49.3281,49.3281,0.3130881094952951,0.0,0.0,1.0,1.0
2024-06-14,000586,2.7061855670102997,54.0291,58.1946,37.8204,43.2233,43.2233,0.2514351320321469,0.0,0.0,1.0,1.0
2024-06-14,001318,2.3188405797101463,43.1553,53.226,30.2087,34.5243,34.5243,0.06491228070175428,0.0,0.0,0.3245614035087714,1.0
2024-06-14,002823,1.2345679012345512,9.5631,16.9209,6.6942,7.6505,7.6505,0.5364775848395984,0.0,0.0,0.9270448303208032,1.0
2024-06-14,002828,3.953488372093017,83.6408,78.3158,58.5485,66.9126,66.9126,0.42984014209591476,0.0,0.0,1.0,1.0
2024-06-14,002871,1.674641148325362,23.0583,29.021,16.1408,18.4466,18.4466,0.4712776583883579,0.0,0.0,1.0,1.0
2024-06-14,300069,2.287282708142735,42.5728,44.9958,29.801,34.0583,34.0583,0.453125,0.0,0.0,1.0,1.0
2024-06-14,300250,1.0204081632653184,0.4854,18.1409,0.3398,0.3883,0.3883,0.11237230419977298,0.0,0.0,0.5618615209988649,1.0
2024-06-14,300560,1.3011152416356975,11.7961,25.7058,8.2573,9.4369,9.4369,0.18655303030303033,0.0,0.0,0.9327651515151516,1.0
2024-06-14,300588,2.5104602510460206,48.7864,56.2916,34.1505,39.0291,39.0291,0.13687782805429863,0.0,0.0,0.6843891402714931,1.0
2024-06-14,300845,1.4634146341463428,16.5534,23.8291,11.5874,13.2427,13.2427,0.47067925341062483,0.0,0.0,1.0,1.0
2024-06-14,300884,1.7878426698450411,27.233,37.4043,19.0631,21.7864,21.7864,0.21910342953851186,0.0,0.0,1.0,1.0
2024-06-14,300932,2.765957446808498,55.4854,53.7334,67.53,64.3883,64.0609,0.5327457961975225,1.0,1.0,0.934508407604955,1.0
2024-06-14,301013,1.2487992315081575,10.0485,20.5677,7.034,8.0388,8.0388,0.3735571878279118,0.0,0.0,1.0,1.0
2024-06-14,301079,1.7559262510974394,25.6796,32.9933,17.9757,20.5437,20.5437,0.3775172082318927,0.0,0.0,1.0,1.0
2024-06-14,301120,2.433862433862455,46.8447,45.6665,32.7913,37.4757,37.4757,0.5904637015302003,0.0,0.0,0.8190725969395993,1.0
2024-06-14,301136,1.407035175879412,15.2913,23.3928,10.7039,12.233,12.233,0.44200886166500236,0.0,0.0,1.0,1.0
2024-06-14,601083,1.517934835153345,18.0097,27.8654,12.6068,14.4078,14.4078,0.3271186440677968,0.0,0.0,1.0,1.0
2024-06-14,603042,2.4058577405857706,46.068,51.179,32.2476,36.8544,36.8544,0.2837696335078535,0.0,0.0,1.0,1.0
2024-06-14,603679,2.2900763358778553,42.767,48.1229,29.9369,34.2136,34.2136,0.3045337895637298,0.0,0.0,1.0,1.0
2024-06-14,605162,1.4157014157014203,15.3883,20.4235,10.7718,12.3107,12.3107,0.594361433298647,0.0,0.0,0.811277133402706,1.0
2024-06-18,002058,4.709141274238227,96.7391,96.4846,67.7174,77.3913,77.3913,0.04533333333333331,0.0,0.0,0.22666666666666654,1.0
2024-06-18,002729,2.129817444219073,37.0038,48.0806,25.9026,29.603,29.603,0.07612295449504491,0.0,0.0,0.38061477247522457,1.0
2024-06-18,002735,2.6901669758812696,53.9225,54.3138,37.7457,43.138,43.138,0.4412081984897518,0.0,0.0,1.0,1.0
2024-06-18,002823,2.6926648096564643,54.017,51.8042,37.8119,43.2136,43.2136,0.5704712156655993,0.0,0.0,0.8590575686688013,1.0
2024-06-18,002828,1.1494252873563315,6.4745,16.2275,4.5321,5.1796,5.1796,0.447602131438721,0.0,0.0,1.0,1.0
2024-06-18,002830,3.901437371663241,82.7505,79.6329,57.9253,66.2004,66.2004,0.3283749503795472,0.0,0.0,1.0,1.0
2024-06-18,002848,1.2931034482758674,11.7202,24.44,8.2042,9.3762,9.3762,0.2468085106382979,0.0,0.0,1.0,1.0
2024-06-18,002858,2.354048964218447,44.7543,52.7916,31.328,35.8034,35.8034,0.15058986814712005,0.0,0.0,0.7529493407356003,1.0
2024-06-18,002861,2.2246941045606317,40.2174,46.4838,28.1522,32.1739,32.1739,0.2845075056382328,0.0,0.0,1.0,1.0
2024-06-18,002875,1.187214611872145,7.9868,21.4153,5.5907,6.3894,6.3894,0.24870466321243515,0.0,0.0,1.0,1.0
2024-06-18,002963,1.2081784386617223,8.6484,19.8751,6.0539,6.9187,6.9187,0.3521790341578326,0.0,0.0,1.0,1.0
2024-06-18,300500,3.200000000000003,67.8166,65.591,47.4716,54.2533,54.2533,0.43311444652911457,0.0,0.0,1.0,1.0
2024-06-18,300560,1.3513513513513375,13.7996,26.3588,9.6597,11.0397,11.0397,0.23404255319148945,0.0,0.0,1.0,1.0
2024-06-18,300562,2.564102564102577,50.7561,53.1683,35.5293,40.6049,40.6049,0.37183250816841396,0.0,0.0,1.0,1.0
2024-06-18,300605,4.1807909604519855,88.8941,86.7139,62.2259,71.1153,71.1153,0.2200684150513114,0.0,0.0,1.0,1.0
2024-06-18,300611,3.1331592689294974,65.4537,66.0182,45.8176,52.3629,52.3629,0.31723993763530955,0.0,0.0,1.0,1.0
2024-06-18,300645,3.7272727272727124,78.5917,78.9195,55.0142,62.8733,62.8733,0.19769433779763937,0.0,0.0,0.9884716889881968,1.0
2024-06-18,300686,2.991452991453003,61.1059,60.1005,42.7741,48.8847,48.8847,0.4392097264437689,0.0,0.0,1.0,1.0
2024-06-18,300730,3.199052132701441,67.7221,69.5511,47.4055,54.1777,54.1777,0.23132780082987545,0.0,0.0,1.0,1.0
2024-06-18,300771,3.2672112018669486,69.6125,67.3925,48.7287,55.69,55.69,0.41487626478866213,0.0,0.0,1.0,1.0
2024-06-18,300823,3.2456140350877183,69.0454,67.5311,48.3318,55.2363,55.2363,0.38525888424589966,0.0,0.0,1.0,1.0
2024-06-18,300840,1.4367816091954033,16.1626,31.7664,11.3138,12.9301,12.9301,0.05818181818181798,0.0,0.0,0.2909090909090899,1.0
2024-06-18,300845,3.4220532319391594,74.1493,69.209,51.9045,59.3195,59.3195,0.5055221181075237,0.0,0.0,0.9889557637849526,1.0
2024-06-18,300884,3.967327887981331,84.3573,82.6037,59.0501,67.4858,67.4858,0.2441047642181416,0.0,0.0,1.0,1.0
2024-06-18,300889,2.211538461538476,39.7448,45.7361,27.8214,31.7958,31.7958,0.3029856327521614,0.0,0.0,1.0,1.0
2024-06-18,300932,2.694300518134729,54.1115,51.8808,65.0612,63.2892,62.585,0.5704206013961551,1.0,1.0,0.8591587972076897,1.0
2024-06-18,300967,2.2845275181723634,42.5331,47.3892,29.7732,34.0265,34.0265,0.3318632855567808,0.0,0.0,1.0,1.0
2024-06-18,301136,4.478976234003662,92.8639,82.6397,65.0047,74.2911,74.2911,0.5825715148333606,0.0,0.0,0.8348569703332789,1.0
2024-06-18,301558,1.3186813186813362,12.6181,28.6097,8.8327,10.0945,10.0945,0.07423970237865199,0.0,0.0,0.3711985118932599,1.0
2024-06-18,601083,1.9455252918287869,31.6163,38.9701,22.1314,25.293,25.293,0.3161443832478049,0.0,0.0,1.0,1.0
2024-06-18,603042,4.756980351602902,97.4953,92.0781,68.2467,77.9962,77.9962,0.2959076600209864,0.0,0.0,1.0,1.0
2024-06-18,603045,3.271983640081788,69.8015,71.9289,48.8611,55.8412,55.8412,0.19561372613238742,0.0,0.0,0.978068630661937,1.0
2024-06-21,002735,4.971857410881797,99.7582,91.2413,69.8308,79.8066,79.8066,0.42826321467098155,0.0,0.0,1.0,1.0
2024-06-21,002875,3.8387715930902067,80.8511,80.3933,56.5957,64.6809,64.6809,0.21437823834196887,0.0,0.0,1.0,1.0
2024-06-21,002900,1.4799154334038,17.3114,26.2448,12.118,13.8491,13.8491,0.3802182799497485,0.0,0.0,1.0,1.0
2024-06-21,003018,2.1420518602029537,36.9923,38.1548,25.8946,29.5938,29.5938,0.571948998178506,0.0,0.0,0.856102003642988,1.0
2024-06-21,300313,4.607508532423199,95.0193,94.5847,66.5135,76.0155,76.0155,0.07153729071537299,0.0,0.0,0.3576864535768649,1.0
2024-06-21,300417,1.675257731958757,23.2592,31.2997,41.2814,33.6074,33.6074,0.3653846153846154,1.0,0.0,1.0,1.0
2024-06-21,300615,1.4675052410901612,16.8279,29.5462,11.7795,13.4623,13.4623,0.19580310587169691,0.0,0.0,0.9790155293584846,1.0
2024-06-21,300649,4.563106796116512,94.3424,89.9562,66.0397,75.4739,75.4739,0.27588318615086527,0.0,0.0,1.0,1.0
2024-06-21,300665,1.7647058823529571,26.354,37.9998,18.4478,21.0832,21.0832,0.1541666666666664,0.0,0.0,0.7708333333333319,1.0
2024-06-21,300675,1.4718614718614687,16.9729,24.504,11.881,13.5783,13.5783,0.45371806805246656,0.0,0.0,1.0,1.0
2024-06-21,300753,2.857142857142869,57.6886,60.227,40.382,46.1509,46.1509,0.29619206305113405,0.0,0.0,1.0,1.0
2024-06-21,300845,3.8766519823788315,81.9632,73.546,57.3743,65.5706,65.5706,0.6012287526947496,0.0,0.0,0.7975424946105008,1.0
2024-06-21,301136,2.25022502250225,40.6673,40.3997,28.4671,32.5338,32.5338,0.6067085360844927,0.0,0.0,0.7865829278310146,1.0
2024-06-25,001217,1.9079685746352437,32.4398,44.3502,22.7079,25.9519,25.9519,0.08008339320845799,0.0,0.0,0.40041696604228993,1.0
2024-06-25,001300,2.1758839528558394,41.302,50.3343,28.9114,33.0416,33.0416,0.13536269430051817,0.0,0.0,0.6768134715025909,1.0
2024-06-25,001318,4.7426841574167655,96.7724,97.2452,67.7407,77.4179,77.4179,0.008635578583765074,0.0,0.0,0.043177892918825365,1.0
2024-06-25,002828,1.338199513381988,13.2932,23.0954,9.3053,10.6346,10.6346,0.37695633448976223,0.0,0.0,1.0,1.0
2024-06-25,002848,1.8404907975460238,30.5799,40.7012,21.4059,24.4639,24.4639,0.18813314037626622,0.0,0.0,0.940665701881331,1.0
2024-06-25,002861,1.7721518987341645,28.2823,38.86,19.7976,22.6258,22.6258,0.18828979611865693,0.0,0.0,0.9414489805932846,1.0
2024-06-25,003025,2.566295979469624,53.4464,57.4195,37.4125,42.7571,42.7571,0.2668781686667962,0.0,0.0,1.0,1.0
2024-06-25,300517,1.59901599015988,20.9519,31.4204,14.6663,16.7615,16.7615,0.2670520231213874,0.0,0.0,1.0,1.0
2024-06-25,300561,2.0477815699658786,36.7068,41.12,25.6947,29.3654,29.3654,0.412271869100083,0.0,0.0,1.0,1.0
2024-06-25,300588,1.4905149051490652,18.8731,31.1041,13.2112,15.0985,15.0985,0.19971870604781997,0.0,0.0,0.9985935302390998,1.0
2024-06-25,300611,2.3319615912208436,46.5536,52.0155,32.5875,37.2429,37.2429,0.2613682419794568,0.0,0.0,1.0,1.0
2024-06-25,300616,4.093023255813932,88.6761,88.4149,62.0733,70.9409,70.9409,0.12629984935113103,0.0,0.0,0.6314992467556552,1.0
2024-06-25,300626,4.685212298682284,96.2254,89.7827,67.3578,76.9803,76.9803,0.3598820058997051,0.0,0.0,1.0,1.0
2024-06-25,300817,1.9230769230769162,33.0963,35.7252,23.1674,26.477,26.477,0.5375912501221515,0.0,0.0,0.924817499755697,1.0
2024-06-25,300823,2.4096385542168752,49.07,52.7263,34.349,39.256,39.256,0.3264847967743918,0.0,0.0,1.0,1.0
2024-06-25,300854,4.925053533190593,99.2888,96.1252,69.5022,79.4311,79.4311,0.16529227724771367,0.0,0.0,0.8264613862385684,1.0
2024-06-25,300943,1.8054162487462388,29.2123,34.5575,20.4486,23.3698,23.3698,0.4406175035860747,0.0,0.0,1.0,1.0
2024-06-25,300994,2.948829141370335,63.7309,58.7294,44.6116,50.9847,50.9847,0.6127647397177164,0.0,0.0,0.7744705205645672,1.0
2024-06-25,301007,2.083333333333348,37.9103,43.677,26.5372,30.3282,30.3282,0.33256269237421254,0.0,0.0,1.0,1.0
2024-06-25,301082,2.7184466019417375,57.6039,55.1029,40.3228,46.0832,46.0832,0.5490123878605487,0.0,0.0,0.9019752242789025,1.0
2024-06-25,301136,2.785515320334264,59.3545,56.3149,41.5481,47.4836,47.4836,0.5584344935822283,0.0,0.0,0.8831310128355434,1.0
2024-06-25,301395,1.6468435498627532,23.14,29.1144,16.198,18.512,18.512,0.4698793363499494,0.0,0.0,1.0,1.0
2024-06-25,603079,3.5934291581108724,79.3764,77.4635,55.5635,63.5011,63.5011,0.30187926494272715,0.0,0.0,1.0,1.0
2024-06-25,603506,4.887218045112762,98.7418,93.4149,69.1193,78.9934,78.9934,0.2789269840440591,0.0,0.0,1.0,1.0
2024-06-26,001300,3.194321206743589,69.0055,72.1863,48.3039,55.2044,55.2044,0.15090673575129532,0.0,0.0,0.7545336787564766,1.0
2024-06-26,002205,2.728731942215079,55.7459,63.1631,39.0221,44.5967,44.5967,0.07167832167832172,0.0,0.0,0.3583916083916086,1.0
2024-06-26,002735,1.7391304347826209,25.9116,32.8328,18.1381,20.7293,20.7293,0.39482200647249177,0.0,0.0,1.0,1.0
2024-06-26,002767,4.454148471615738,92.0994,88.9037,64.4696,73.6796,73.6796,0.23879380603096986,0.0,0.0,1.0,1.0
2024-06-26,002828,1.9207683073229287,31.8785,37.569,22.3149,25.5028,25.5028,0.39669005715962485,0.0,0.0,1.0,1.0
2024-06-26,002848,4.216867469879526,89.0055,87.0944,62.3039,71.2044,71.2044,0.20549927641099852,0.0,0.0,1.0,1.0
2024-06-26,002871,2.5839793281653867,51.768,54.1888,36.2376,41.4144,41.4144,0.3612763483860153,0.0,0.0,1.0,1.0
2024-06-26,002875,3.371783496007108,74.0884,73.8821,76.8619,74.2707,74.2707,0.2694300518134714,1.0,0.0,1.0,1.0
2024-06-26,002963,4.689092762487257,95.7459,91.791,67.0221,76.5967,76.5967,0.24028268551236742,0.0,0.0,1.0,1.0
2024-06-26,300243,1.6216216216216273,21.6022,29.8336,15.1215,17.2818,17.2818,0.37240757439134353,0.0,0.0,1.0,1.0
2024-06-26,300306,3.325942350332589,72.7624,68.4979,50.9337,58.2099,58.2099,0.4856013803083542,0.0,0.0,1.0,1.0
2024-06-26,300399,3.995680345572361,85.2486,81.2461,59.674,68.1989,68.1989,0.347638486566443,0.0,0.0,1.0,1.0
2024-06-26,300417,3.629536921151444,78.3978,74.8577,79.8785,77.7182,77.7182,0.39302884615384626,1.0,0.0,1.0,1.0
2024-06-26,300517,1.6949152542372836,24.5856,34.0269,17.2099,19.6685,19.6685,0.28208092485549136,0.0,0.0,1.0,1.0
2024-06-26,300562,3.37995337995336,74.4199,70.8653,52.0939,59.5359,59.5359,0.43352904247577473,0.0,0.0,1.0,1.0
2024-06-26,300588,3.738317757009346,79.779,79.4267,55.8453,63.8232,63.8232,0.2198275862068966,0.0,0.0,1.0,1.0
2024-06-26,300611,4.959785522788196,99.6133,93.8913,69.7293,79.6906,79.6906,0.28996394862842195,0.0,0.0,1.0,1.0
2024-06-26,300650,3.64333652924258,78.7293,73.4611,55.1105,62.9834,62.9834,0.4761174968071835,0.0,0.0,1.0,1.0
2024-06-26,300713,4.4365572315882895,91.989,87.56,89.3923,88.5912,88.5912,0.301556420233463,1.0,0.0,1.0,1.0
2024-06-26,300753,4.593301435406705,94.1989,90.2486,65.9392,75.3591,75.3591,0.2555259729127893,0.0,0.0,1.0,1.0
2024-06-26,300828,2.7728085867620766,57.2928,56.703,40.105,45.8343,45.8343,0.4565618012331342,0.0,0.0,1.0,1.0
2024-06-26,300840,3.131524008350728,67.0166,73.4366,46.9116,53.6133,53.6133,0.00883392226148418,0.0,0.0,0.0441696113074209,1.0
2024-06-26,300885,1.4460511679643906,16.2983,17.9066,31.1448,33.0387,30.4727,0.7566020414904089,1.0,1.0,0.48679591701918223,1.0
2024-06-26,300963,1.4925373134328401,18.1768,23.0627,39.7662,34.5414,33.8021,0.5739385065885798,1.0,1.0,0.8521229868228404,1.0
2024-06-26,301007,4.880212954747121,98.5083,91.6257,68.9558,78.8066,78.8066,0.35904455165078003,0.0,0.0,1.0,1.0
2024-06-26,301060,4.72049689440992,96.0773,94.9507,67.2541,76.8619,76.8619,0.09555854643337833,0.0,0.0,0.4777927321668916,1.0
2024-06-26,301082,2.2684310018903586,42.7072,42.4955,29.895,34.1657,34.1657,0.5835141723958073,0.0,0.0,0.8329716552083855,1.0
2024-06-26,301120,4.0380047505938155,86.3536,81.144,60.4475,69.0829,69.0829,0.39694245884054696,0.0,0.0,1.0,1.0
2024-06-26,301125,4.631828978622332,94.7514,88.8727,66.326,75.8011,75.8011,0.3464216494191835,0.0,0.0,1.0,1.0
2024-06-26,301136,3.7940379403794022,80.1657,72.112,56.116,64.1326,64.1326,0.6010292369665794,0.0,0.0,0.7979415260668412,1.0
2024-06-26,301167,2.6385224274406482,53.0939,55.7186,37.1657,42.4751,42.4751,0.33782599430248317,0.0,0.0,1.0,1.0
2024-06-26,601083,1.3655462184874123,14.1989,27.5077,9.9392,11.3591,11.3591,0.19256895242728836,0.0,0.0,0.9628447621364418,1.0
2024-06-26,601133,4.3021032504779955,90.0,82.6501,63.0,72.0,72.0,0.46749628356767703,0.0,0.0,1.0,1.0
2024-06-26,603230,3.79523389232308,80.2762,79.5114,56.1934,64.221,64.221,0.23547880690737832,0.0,0.0,1.0,1.0
2024-06-26,603656,4.725897920604916,96.2431,93.0293,67.3702,76.9945,76.9945,0.1982605155678046,0.0,0.0,0.991302577839023,1.0
2024-06-26,605069,2.7732463295269127,57.4033,61.3141,40.1823,45.9227,45.9227,0.23042836041358933,0.0,0.0,1.0,1.0
2024-06-26,605162,1.8705035971223083,30.3315,35.4721,21.232,24.2652,24.2652,0.43965277064975883,0.0,0.0,1.0,1.0
2024-06-28,002828,3.3898305084745672,75.6805,72.8617,52.9763,60.5444,60.5444,0.3841322336424394,0.0,0.0,1.0,1.0
2024-06-28,002849,2.4793388429751984,50.5325,57.78,35.3728,40.426,40.426,0.13230360934183605,0.0,0.0,0.6615180467091802,1.0
2024-06-28,002875,1.1926605504587018,7.6331,21.1972,30.3432,21.1065,21.1065,0.2454663212435233,1.0,0.0,1.0,1.0
2024-06-28,002887,1.4018691588784993,15.7988,26.8907,11.0592,12.6391,12.6391,0.2874195903761275,0.0,0.0,1.0,1.0
2024-06-28,300220,1.0349288486416475,0.7692,8.7704,0.5385,0.6154,0.6154,0.5922509225092253,0.0,0.0,0.8154981549815494,1.0
2024-06-28,300243,1.2127894156559904,8.3432,19.551,5.8402,6.6746,6.6746,0.35617673579801634,0.0,0.0,1.0,1.0
2024-06-28,300306,2.8540065861690334,60.8876,58.6694,42.6213,48.7101,48.7101,0.5020315021984862,0.0,0.0,0.9959369956030275,1.0
2024-06-28,300417,2.599009900990068,53.5503,54.7633,62.4852,57.8402,57.8402,0.40384615384615397,1.0,0.0,1.0,1.0
2024-06-28,300517,3.004807692307687,65.2663,66.4327,45.6864,52.213,52.213,0.2890173410404625,0.0,0.0,1.0,1.0
2024-06-28,300562,2.6497695852534697,54.8521,54.8947,38.3964,43.8817,43.8817,0.4493486666571492,0.0,0.0,1.0,1.0
2024-06-28,300572,2.8318584070796238,60.1775,62.0653,42.1243,48.142,48.142,0.30383445316718766,0.0,0.0,1.0,1.0
2024-06-28,300686,4.466858789625361,92.8402,85.7312,64.9882,74.2722,74.2722,0.4270516717325228,0.0,0.0,1.0,1.0
2024-06-28,300753,1.0147601476014678,0.1775,14.2385,0.1243,0.142,0.142,0.2951754107976754,0.0,0.0,1.0,1.0
2024-06-28,300771,1.501154734411081,19.3491,26.9038,13.5444,15.4793,15.4793,0.4287729496220132,0.0,0.0,1.0,1.0
2024-06-28,300817,2.3121387283236983,46.0947,46.1747,32.2663,36.8757,36.8757,0.5350505427052402,0.0,0.0,0.9298989145895196,1.0
2024-06-28,300845,1.1204481792717047,5.0296,13.4751,3.5207,4.0237,4.0237,0.5274308657841177,0.0,0.0,0.9451382684317646,1.0
2024-06-28,300884,2.1327014218009532,40.1775,47.621,28.1243,32.142,32.142,0.22604824472729768,0.0,0.0,1.0,1.0
2024-06-28,300885,2.893518518518534,62.426,55.917,65.6506,69.9408,67.9289,0.7011911351661624,1.0,1.0,0.5976177296676752,1.0
2024-06-28,300943,1.98487712665405,35.4438,38.0004,24.8107,28.355,28.355,0.5177327749411683,0.0,0.0,0.9645344501176634,1.0
2024-06-28,301007,1.2131715771230622,8.4615,18.9666,5.9231,6.7692,6.7692,0.39013195167109815,0.0,0.0,1.0,1.0
2024-06-28,301013,4.603330068560241,94.7337,88.4427,66.3136,75.787,75.787,0.36721311475409846,0.0,0.0,1.0,1.0
2024-06-28,301082,2.6540284360189403,54.9704,52.38,38.4793,43.9763,43.9763,0.5798175526241724,0.0,0.0,0.8403648947516551,1.0
2024-06-28,301126,3.082191780821919,67.2781,68.2027,47.0947,53.8225,53.8225,0.28098798313037404,0.0,0.0,1.0,1.0
2024-06-28,301136,3.5149384885764468,77.4556,69.0636,78.4172,81.9645,80.5141,0.6450438051304087,1.0,1.0,0.7099123897391826,1.0
2024-06-28,301321,3.2286995515695027,71.5385,72.558,50.0769,57.2308,57.2308,0.2336363636363637,0.0,0.0,1.0,1.0
2024-06-28,301365,1.5711645101663674,21.0059,29.0263,14.7041,16.8047,16.8047,0.3889238760687602,0.0,0.0,1.0,1.0
2024-06-28,601133,1.4231499051233332,16.3905,23.2359,11.4734,13.1124,13.1124,0.49382655615159965,0.0,0.0,1.0,1.0
2024-06-28,605056,3.0592734225621365,66.6864,70.6883,46.6805,53.3491,53.3491,0.13303915109356163,0.0,0.0,0.6651957554678081,1.0
2024-06-28,605162,3.5816618911174825,78.6391,74.005,55.0473,62.9112,62.9112,0.4453128436734987,0.0,0.0,1.0,1.0
2024-07-01,001217,2.076502732240426,37.923,48.3202,26.5461,30.3384,30.3384,0.10090813790509909,0.0,0.0,0.5045406895254954,1.0
2024-07-01,002205,1.435406698564612,16.161,31.3554,11.3127,12.9288,12.9288,0.07867132867132856,0.0,0.0,0.3933566433566428,1.0
2024-07-01,002828,1.5222482435597318,19.4866,26.902,13.6406,15.5893,15.5893,0.4343635277111808,0.0,0.0,1.0,1.0
2024-07-01,002858,2.3076923076922995,46.0327,53.1881,32.2229,36.8261,36.8261,0.18190298507462693,0.0,0.0,0.9095149253731346,1.0
2024-07-01,300069,2.8181818181818308,60.035,58.8368,42.0245,48.028,48.028,0.4595588235294118,0.0,0.0,1.0,1.0
2024-07-01,300243,2.7233115468409785,57.3512,58.5591,40.1459,45.881,45.881,0.3660955816050495,0.0,0.0,1.0,1.0
2024-07-01,300340,3.6231884057970953,79.3466,80.0926,55.5426,63.4772,63.4772,0.1692307692307693,0.0,0.0,0.8461538461538465,1.0
2024-07-01,300500,2.2321428571428603,42.8821,42.6417,30.0175,34.3057,34.3057,0.5832013574661015,0.0,0.0,0.8335972850677971,1.0
2024-07-01,300546,1.822916666666674,30.1634,34.6959,46.1144,39.1307,39.1307,0.47174163783160317,1.0,0.0,1.0,1.0
2024-07-01,300585,1.1265164644714165,5.1925,18.0604,28.6348,19.154,19.154,0.3046795024963215,1.0,0.0,1.0,1.0
2024-07-01,300588,1.2919896640826822,11.0268,23.6015,7.7188,8.8215,8.8215,0.2609970674486804,0.0,0.0,1.0,1.0
2024-07-01,300611,2.2309711286089273,42.7655,47.8748,29.9358,34.2124,34.2124,0.3168775548862714,0.0,0.0,1.0,1.0
2024-07-01,300616,1.5370705244122984,20.0117,32.656,14.0082,16.0093,16.0093,0.1676688598695762,0.0,0.0,0.8383442993478809,1.0
2024-07-01,300621,4.306864064602967,90.7235,85.8522,63.5064,72.5788,72.5788,0.33632585699510487,0.0,0.0,1.0,1.0
2024-07-01,300649,2.0134228187919545,35.4142,42.5491,24.79,28.3314,28.3314,0.2891122687762748,0.0,0.0,1.0,1.0
2024-07-01,300753,2.4657534246575574,50.1167,53.9662,35.0817,40.0933,40.0933,0.3063585855857201,0.0,0.0,1.0,1.0
2024-07-01,300885,2.249718785151833,43.5823,40.0504,50.8768,54.8658,52.4581,0.7407703539691958,1.0,1.0,0.5184592920616085,1.0
2024-07-01,300932,4.4652128764278265,92.7071,82.8176,64.895,74.1657,74.1657,0.5674066169802645,0.0,0.0,0.865186766039471,1.0
2024-07-01,300963,2.230483271375472,42.6488,42.5231,56.6623,54.119,53.3211,0.5797950219619327,1.0,1.0,0.8404099560761347,1.0
2024-07-01,300967,3.3076074972436587,73.4539,73.3607,51.4177,58.7631,58.7631,0.2701212789415657,0.0,0.0,1.0,1.0
2024-07-01,301025,4.704704704704721,96.3244,87.6281,67.4271,77.0595,77.0595,0.4715686274509804,0.0,0.0,1.0,1.0
2024-07-01,301048,3.9759036144578097,86.1727,82.2545,60.3209,68.9382,68.9382,0.33418367346938804,0.0,0.0,1.0,1.0
2024-07-01,301060,1.1083743842364768,4.3757,21.401,3.063,3.5006,3.5006,0.10497981157469703,0.0,0.0,0.5248990578734851,1.0
2024-07-01,301120,2.0211742059672577,35.5309,33.0832,24.8716,28.4247,28.4247,0.7670753210722148,0.0,0.0,0.46584935785557047,1.0
2024-07-01,301126,2.9900332225913706,64.3524,65.1652,45.0467,51.4819,51.4819,0.31583531673022114,0.0,0.0,1.0,1.0
2024-07-01,301167,1.7182130584192379,26.0793,33.5009,18.2555,20.8635,20.8635,0.36812878028977997,0.0,0.0,1.0,1.0
2024-07-01,603042,2.011494252873569,35.2975,39.8207,24.7083,28.238,28.238,0.42086752637749114,0.0,0.0,1.0,1.0
2024-07-01,603070,3.753351206434319,81.2719,79.9786,56.8903,65.0175,65.0175,0.251945729360165,0.0,0.0,1.0,1.0
2024-07-01,603230,3.3795493934142273,75.3209,74.8616,52.7246,60.2567,60.2567,0.2697552101158527,0.0,0.0,1.0,1.0
2024-07-01,603506,3.9379474940334225,85.3559,81.3956,59.7491,68.2847,68.2847,0.34445447480781716,0.0,0.0,1.0,1.0
2024-07-02,000995,3.9692701664532537,86.4583,88.6147,60.5208,69.1667,69.1667,0.02759889604415822,0.0,0.0,0.13799448022079108,1.0
2024-07-02,001300,1.9163763066202044,33.6397,42.8672,23.5478,26.9118,26.9118,0.20222929936305745,0.0,0.0,1.0,1.0
2024-07-02,002205,1.8867924528301883,32.7819,44.3374,22.9473,26.2255,26.2255,0.09440559440559443,0.0,0.0,0.47202797202797214,1.0
2024-07-02,002875,1.4705882352941124,17.8309,29.3813,37.4816,29.2647,29.2647,0.24417098445595856,1.0,0.0,1.0,1.0
2024-07-02,002963,1.66015625,24.9387,34.1324,17.4571,19.951,19.951,0.29093050647820967,0.0,0.0,1.0,1.0
2024-07-02,300220,1.5424164524421524,20.6495,24.4901,14.4547,16.5196,16.5196,0.6014760147601478,0.0,0.0,0.7970479704797044,1.0
2024-07-02,300250,4.875804967801289,98.7132,96.365,69.0993,78.9706,78.9706,0.1302774427020507,0.0,0.0,0.6513872135102534,1.0
2024-07-02,300306,2.1715526601520097,41.4828,42.7805,29.038,33.1863,33.1863,0.5202871931875221,0.0,0.0,0.9594256136249557,1.0
2024-07-02,300399,1.3684210526315743,14.7672,24.1856,10.337,11.8137,11.8137,0.3814048941533694,0.0,0.0,1.0,1.0
2024-07-02,300517,1.5494636471990342,21.0172,30.7165,14.712,16.8137,16.8137,0.3048635824436537,0.0,0.0,1.0,1.0
2024-07-02,300518,3.471295060080104,77.1446,80.897,54.0012,61.7157,61.7157,0.04093567251461988,0.0,0.0,0.2046783625730994,1.0
2024-07-02,300521,4.463437796771141,92.8309,83.3911,64.9816,74.2647,74.2647,0.5436781609195401,0.0,0.0,0.9126436781609197,1.0
2024-07-02,300560,2.7052238805970186,57.7819,62.2379,40.4473,46.2255,46.2255,0.1993801652892564,0.0,0.0,0.996900826446282,1.0
2024-07-02,300572,3.69718309859155,80.8211,78.2993,56.5748,64.6569,64.6569,0.3178783976451118,0.0,0.0,1.0,1.0
2024-07-02,300588,4.336734693877542,91.3603,87.575,63.9522,73.0882,73.0882,0.27565982404692085,0.0,0.0,1.0,1.0
2024-07-02,300626,2.564102564102555,53.4926,53.8856,37.4449,42.7941,42.7941,0.4454277286135694,0.0,0.0,1.0,1.0
2024-07-02,300686,4.14878397711016,89.277,82.7286,62.4939,71.4216,71.4216,0.43465045592705165,0.0,0.0,1.0,1.0
2024-07-02,300753,3.5650623885917776,78.4926,76.118,54.9449,62.7941,62.7941,0.33380819642910303,0.0,0.0,1.0,1.0
2024-07-02,300845,2.8011204481792618,60.8456,58.1279,42.5919,48.6765,48.6765,0.5274308657841177,0.0,0.0,0.9451382684317646,1.0
2024-07-02,300854,2.1739130434782705,41.6667,48.5897,29.1667,33.3333,33.3333,0.23718134885919234,0.0,0.0,1.0,1.0
2024-07-02,300958,3.41959334565618,76.5319,79.7135,53.5723,61.2255,61.2255,0.07560137457044677,0.0,0.0,0.37800687285223383,1.0
2024-07-02,301027,2.948113207547176,64.6446,63.9839,70.2512,66.7157,66.7157,0.3865881228281283,1.0,0.0,1.0,1.0
2024-07-02,301032,3.7537537537537524,82.0466,78.8759,57.4326,65.6373,65.6373,0.33806951871657326,0.0,0.0,1.0,1.0
2024-07-02,301060,1.3398294762484664,12.8064,27.9032,8.9645,10.2451,10.2451,0.11709286675639315,0.0,0.0,0.5854643337819657,1.0
2024-07-02,301120,2.264150943396226,44.6691,39.6047,31.2684,35.7353,35.7353,0.8065311084167072,0.0,0.0,0.38693778316658567,1.0
2024-07-02,301126,2.9032258064516148,63.7868,64.0158,44.6507,51.0294,51.0294,0.3506826503300685,0.0,0.0,1.0,1.0
2024-07-02,301167,1.1824324324324342,7.4142,18.1199,5.19,5.9314,5.9314,0.3905752884285181,0.0,0.0,1.0,1.0
2024-07-02,301370,3.1818181818181746,70.4044,74.8901,49.2831,56.3235,56.3235,0.07167235494880553,0.0,0.0,0.35836177474402764,1.0
2024-07-02,301558,1.5439429928741255,20.7721,35.627,14.5404,16.6176,16.6176,0.049533153510979366,0.0,0.0,0.24766576755489683,1.0
2024-07-02,601083,1.0384215991692702,1.1642,15.4895,0.815,0.9314,0.9314,0.27209443365295677,0.0,0.0,1.0,1.0
2024-07-02,601133,2.059925093632975,37.5613,39.6088,26.2929,30.049,30.049,0.522013273812276,0.0,0.0,0.955973452375448,1.0
2024-07-05,002806,1.5911872705018482,20.9821,30.3992,14.6875,16.7857,16.7857,0.319327731092437,0.0,0.0,1.0,1.0
2024-07-05,002826,4.313725490196085,90.7526,86.4543,63.5268,72.602,72.602,0.30738526602386307,0.0,0.0,1.0,1.0
2024-07-05,002828,1.0869565217391353,2.8699,14.5415,2.0089,2.2959,2.2959,0.38772018321877805,0.0,0.0,1.0,1.0
2024-07-05,002858,2.1717670286278246,40.1148,48.8642,28.0804,32.0918,32.0918,0.1613832853025938,0.0,0.0,0.8069164265129689,1.0
2024-07-05,002887,3.577235772357734,78.125,77.8857,54.6875,62.5,62.5,0.23071658263694847,0.0,0.0,1.0,1.0
2024-07-05,002900,1.7857142857142572,28.2526,36.3297,19.7768,22.602,22.602,0.3136160684641539,0.0,0.0,1.0,1.0
2024-07-05,300243,1.1494252873563537,5.9311,18.2886,4.1518,4.7449,4.7449,0.3228133453561767,0.0,0.0,1.0,1.0
2024-07-05,300306,3.192702394526803,69.1964,66.4155,48.4375,55.3571,55.3571,0.4470838423600853,0.0,0.0,1.0,1.0
2024-07-05,300437,1.9836639439906545,33.7372,42.3107,23.6161,26.9898,26.9898,0.2339572192513369,0.0,0.0,1.0,1.0
2024-07-05,300517,1.3126491646777927,11.1607,22.8261,7.8125,8.9286,8.9286,0.30512514898688925,0.0,0.0,1.0,1.0
2024-07-05,300518,3.6486486486486447,79.7832,83.1718,55.8482,63.8265,63.8265,0.032738095238095254,0.0,0.0,0.16369047619047625,1.0
2024-07-05,300560,3.0126336248785357,64.0944,68.1763,44.8661,51.2755,51.2755,0.15495867768595037,0.0,0.0,0.7747933884297518,1.0
2024-07-05,300562,3.933253873659126,85.1403,80.0428,59.5982,68.1122,68.1122,0.40347175653116313,0.0,0.0,1.0,1.0
2024-07-05,300588,4.635761589403975,95.0893,91.2967,91.5625,91.0714,91.0714,0.23873873873873874,1.0,0.0,1.0,1.0
2024-07-05,300753,3.9961941008563207,86.926,84.3083,60.8482,69.5408,69.5408,0.26162588643354107,0.0,0.0,1.0,1.0
2024-07-05,300823,1.5057573073516517,18.6862,27.4558,13.0804,14.949,14.949,0.37466027830841464,0.0,0.0,1.0,1.0
2024-07-05,300828,1.8761726078799335,30.8036,36.1646,21.5625,24.6429,24.6429,0.42391063239847554,0.0,0.0,1.0,1.0
2024-07-05,300840,1.1507479861910141,6.0587,24.6971,4.2411,4.8469,4.8469,0.007490636704119886,0.0,0.0,0.037453183520599426,1.0
2024-07-05,300845,1.6999999999999904,25.1913,31.2418,17.6339,20.1531,20.1531,0.4455613349926352,0.0,0.0,1.0,1.0
2024-07-05,300884,1.4962593516209655,18.3036,31.2886,12.8125,14.6429,14.6429,0.1677117971414951,0.0,0.0,0.8385589857074754,1.0
2024-07-05,300889,1.8905472636815857,31.3138,39.3498,21.9196,25.051,25.051,0.28506020584951636,0.0,0.0,1.0,1.0
2024-07-05,301013,3.861386138613865,83.3546,79.3803,58.3482,66.6837,66.6837,0.36516853932584276,0.0,0.0,1.0,1.0
2024-07-05,301025,1.3513513513513598,12.5638,21.3451,8.7946,10.051,10.051,0.4352941176470587,0.0,0.0,1.0,1.0
2024-07-05,301060,3.307888040712448,72.7679,76.8146,50.9375,58.2143,58.2143,0.06998654104979818,0.0,0.0,0.3499327052489909,1.0
2024-07-05,301126,2.6200873362445476,53.5077,56.1538,37.4554,42.8061,42.8061,0.3326136625375551,0.0,0.0,1.0,1.0
2024-07-05,301136,1.4814814814814836,17.5383,22.7767,12.2768,14.0306,14.0306,0.5626939679206636,0.0,0.0,0.8746120641586728,1.0
2024-07-05,301370,3.803339517625237,81.9515,84.8786,57.3661,65.5612,65.5612,0.03412969283276424,0.0,0.0,0.1706484641638212,1.0
2024-07-05,603079,3.022222222222215,64.3495,61.35,45.0446,51.4796,51.4796,0.5064801083885785,0.0,0.0,0.987039783222843,1.0
2024-07-09,001300,1.6267942583731987,22.8039,35.7306,15.9627,18.2431,18.2431,0.1256239600665558,0.0,0.0,0.6281198003327789,1.0
2024-07-09,002722,4.7186932849364815,96.089,91.1302,67.2623,76.8712,76.8712,0.2870519455625844,0.0,0.0,1.0,1.0
2024-07-09,002729,2.4881516587677677,49.8797,59.8485,34.9158,39.9037,39.9037,0.002761385516865661,0.0,0.0,0.013806927584328303,1.0
2024-07-09,002806,4.942965779467667,99.3381,93.5721,69.5367,79.4705,79.4705,0.2949194547707559,0.0,0.0,1.0,1.0
2024-07-09,002828,1.750000000000007,27.136,34.959,18.9952,21.7088,21.7088,0.33748888915003666,0.0,0.0,1.0,1.0
2024-07-09,002857,3.0881017257039067,66.0048,65.1632,46.2034,52.8039,52.8039,0.3820315751926382,0.0,0.0,1.0,1.0
2024-07-09,002866,2.9668411867364686,63.1167,69.009,44.1817,50.4934,50.4934,0.07422094356379892,0.0,0.0,0.37110471781899457,1.0
2024-07-09,002875,1.317122593718345,11.1312,25.3298,7.7918,8.9049,8.9049,0.17875647668393774,0.0,0.0,0.8937823834196886,1.0
2024-07-09,002900,1.384083044982698,14.3803,26.0045,10.0662,11.5042,11.5042,0.2749867858025089,0.0,0.0,1.0,1.0
2024-07-09,003018,1.6282225237449044,22.9844,32.1636,16.089,18.3875,18.3875,0.3111954459203035,0.0,0.0,1.0,1.0
2024-07-09,003025,2.3622047244094446,47.3526,52.9571,33.1468,37.8821,37.8821,0.24624798945445972,0.0,0.0,1.0,1.0
2024-07-09,300243,2.350176263219761,46.8712,51.3834,32.8099,37.497,37.497,0.3056807935076645,0.0,0.0,1.0,1.0
2024-07-09,300306,3.1890660592255315,68.8327,65.923,48.1829,55.0662,55.0662,0.4571612873499779,0.0,0.0,1.0,1.0
2024-07-09,300417,2.8473804100227706,60.2286,58.1952,72.16,68.1829,68.1829,0.49938499384993845,1.0,1.0,1.0,1.0
2024-07-09,300437,1.1286681715575675,4.3923,17.8155,3.0746,3.5138,3.5138,0.2849162011173183,0.0,0.0,1.0,1.0
2024-07-09,300500,1.336073997944487,11.8532,21.4436,8.2972,9.4826,9.4826,0.4019457013574993,0.0,0.0,1.0,1.0
2024-07-09,300517,1.5550239234449759,20.7581,30.5444,14.5307,16.6065,16.6065,0.30310262529832943,0.0,0.0,1.0,1.0
2024-07-09,300560,3.2608695652173836,71.2996,74.2918,49.9097,57.0397,57.0397,0.13739669421487613,0.0,0.0,0.6869834710743806,1.0
2024-07-09,300561,1.2880562060890055,9.9278,21.1234,31.9495,22.9422,22.9422,0.34094426114631976,1.0,0.0,1.0,1.0
2024-07-09,300588,2.288021534320328,44.8255,51.4126,31.3779,35.8604,35.8604,0.2223903177004538,0.0,0.0,1.0,1.0
2024-07-09,300605,1.3129102844638973,10.8905,23.4065,32.6233,23.7124,23.7124,0.26529399591685376,1.0,0.0,1.0,1.0
2024-07-09,300611,3.3519553072625774,74.4284,74.604,52.0999,59.5427,59.5427,0.2469337245916939,0.0,0.0,1.0,1.0
2024-07-09,300626,1.6997167138810054,25.2106,32.2924,17.6474,20.1685,20.1685,0.39380530973451333,0.0,0.0,1.0,1.0
2024-07-09,300665,3.600000000000003,79.1215,80.6306,55.3851,63.2972,63.2972,0.1333333333333331,0.0,0.0,0.6666666666666655,1.0
2024-07-09,300675,1.9337016574585641,33.1528,39.0231,23.207,26.5223,26.5223,0.3749602760461525,0.0,0.0,1.0,1.0
2024-07-09,300707,2.780191138140764,58.6643,61.9892,41.065,46.9314,46.9314,0.24710886607973753,0.0,0.0,1.0,1.0
2024-07-09,300713,1.7636684303350858,27.9783,36.0363,19.5848,22.3827,22.3827,0.3173173173173173,0.0,0.0,1.0,1.0
2024-07-09,300753,1.3320647002854402,11.4922,23.9078,8.0445,9.1937,9.1937,0.26429826525308703,0.0,0.0,1.0,1.0
2024-07-09,300771,3.3047735618115137,72.6233,71.0364,50.8363,58.0987,58.0987,0.353113221084879,0.0,0.0,1.0,1.0
2024-07-09,300786,3.48837209302324,76.9555,76.1901,53.8688,61.5644,61.5644,0.2687140115163148,0.0,0.0,1.0,1.0
2024-07-09,300817,3.4408602150537426,76.1131,72.9334,53.2792,60.8905,60.8905,0.3978523421920323,0.0,0.0,1.0,1.0
2024-07-09,300823,1.8485915492957972,30.7461,36.9688,21.5223,24.5969,24.5969,0.38140484572317773,0.0,0.0,1.0,1.0
2024-07-09,300826,1.7467248908296984,27.0156,35.8167,18.911,21.6125,21.6125,0.2897893053849357,0.0,0.0,1.0,1.0
2024-07-09,300840,2.275449101796423,43.5018,54.7436,30.4513,34.8014,34.8014,0.002892106971765172,0.0,0.0,0.01446053485882586,1.0
2024-07-09,300845,2.877697841726623,60.9507,60.472,42.6655,48.7605,48.7605,0.4144278514522124,0.0,0.0,1.0,1.0
2024-07-09,300884,1.7743979721166037,28.58,39.8709,20.006,22.864,22.864,0.14965527765065142,0.0,0.0,0.748276388253257,1.0
2024-07-09,300889,2.1428571428571352,39.5307,46.4017,27.6715,31.6245,31.6245,0.26114339181840796,0.0,0.0,1.0,1.0
2024-07-09,300989,1.7399267399267337,26.775,35.3608,18.7425,21.42,21.42,0.3029594159656747,0.0,0.0,1.0,1.0
2024-07-09,301007,4.343971631205679,91.5162,85.6204,64.0614,73.213,73.213,0.3796309693998498,0.0,0.0,1.0,1.0
2024-07-09,301025,3.0042918454935563,63.9591,63.0496,44.7714,51.1673,51.1673,0.40588235294117647,0.0,0.0,1.0,1.0
2024-07-09,301027,1.5047879616963078,18.7124,30.5382,13.0987,14.9699,14.9699,0.2215856089011823,0.0,0.0,1.0,1.0
2024-07-09,301081,1.1673151750972721,6.1974,16.4322,4.3381,4.9579,4.9579,0.42628243216482237,0.0,0.0,1.0,1.0
2024-07-09,301082,3.433476394849788,75.7521,72.0366,53.0265,60.6017,60.6017,0.42825614198714373,0.0,0.0,1.0,1.0
2024-07-09,301120,2.502720348204579,50.2407,49.2992,35.1685,40.1925,40.1925,0.5446678915798344,0.0,0.0,0.9106642168403312,1.0
2024-07-09,301125,3.521126760563398,77.4368,74.7063,54.2058,61.9495,61.9495,0.362157464426205,0.0,0.0,1.0,1.0
2024-07-09,301136,2.270577105014193,43.3213,44.0563,30.3249,34.657,34.657,0.5300379979926612,0.0,0.0,0.9399240040146777,1.0
2024-07-09,301198,2.1333333333333426,39.0493,45.7763,27.3345,31.2395,31.2395,0.2731599121409149,0.0,0.0,1.0,1.0
2024-07-09,301228,3.208065994500453,69.9759,68.0562,48.9832,55.9807,55.9807,0.3962264150943397,0.0,0.0,1.0,1.0
2024-07-09,301370,2.891791044776104,61.3117,68.0527,42.9182,49.0493,49.0493,0.04983388704318958,0.0,0.0,0.24916943521594787,1.0
2024-07-09,301558,1.388888888888884,14.6209,31.5184,10.2347,11.6968,11.6968,0.008916342394803866,0.0,0.0,0.04458171197401933,1.0
2024-07-09,601083,1.2235817575083185,8.1227,23.9294,5.6859,6.4982,6.4982,0.12844205650933013,0.0,0.0,0.6422102825466506,1.0
2024-07-09,601133,4.251012145748967,90.1925,84.6979,63.1348,72.154,72.154,0.37280492160757245,0.0,0.0,1.0,1.0
2024-07-09,603041,2.639593908629445,54.2118,55.3416,37.9483,43.3694,43.3694,0.401391248275563,0.0,0.0,1.0,1.0
2024-07-09,603042,4.023552502453387,87.4248,81.9302,86.1974,84.9398,84.9398,0.40047961630695444,1.0,0.0,1.0,1.0
2024-07-09,603230,1.1627906976744207,6.077,20.6417,4.2539,4.8616,4.8616,0.21099566175852275,0.0,0.0,1.0,1.0
2024-07-09,603679,2.838827838827851,60.1083,60.9857,42.0758,48.0866,48.0866,0.35504750726072,0.0,0.0,1.0,1.0
2024-07-11,000586,4.915730337078639,98.7691,95.4561,69.1383,79.0152,79.0152,0.17795637198622274,0.0,0.0,0.8897818599311137,1.0
2024-07-11,001217,1.2145748987854255,7.796,22.9518,5.4572,6.2368,6.2368,0.16425006969071573,0.0,0.0,0.8212503484535786,1.0
2024-07-11,002722,3.7102473498233257,78.8394,76.5189,55.1876,63.0715,63.0715,0.32762842629863975,0.0,0.0,1.0,1.0
2024-07-11,002767,3.1333930170098556,65.4748,68.0355,45.8324,52.3798,52.3798,0.2172184183508377,0.0,0.0,1.0,1.0
2024-07-11,002806,1.6465422612513825,22.9191,28.9235,41.0434,33.3353,33.3353,0.4705882352941176,1.0,0.0,1.0,1.0
2024-07-11,002826,4.5395590142671916,93.0246,87.6197,65.1172,74.4197,74.4197,0.3399983941710281,0.0,0.0,1.0,1.0
2024-07-11,002828,3.9318479685452212,83.8804,81.6821,58.7163,67.1043,67.1043,0.27111182198777106,0.0,0.0,1.0,1.0
2024-07-11,002853,2.3088023088023046,44.2556,53.5637,30.9789,35.4045,35.4045,0.09203937727494717,0.0,0.0,0.4601968863747358,1.0
2024-07-11,002857,2.2747952684258443,42.6143,46.4921,29.83,34.0914,34.0914,0.37996824155388237,0.0,0.0,1.0,1.0
2024-07-11,002858,2.894211576846306,59.9648,64.5327,41.9754,47.9719,47.9719,0.17196056955093106,0.0,0.0,0.8598028477546552,1.0
2024-07-11,002861,1.5118790496760237,18.6987,26.5197,38.0891,29.959,29.959,0.42196534191711604,1.0,0.0,1.0,1.0
2024-07-11,002887,3.7828947368421018,80.129,79.7828,56.0903,64.1032,64.1032,0.2160158028527168,0.0,0.0,1.0,1.0
2024-07-11,300069,4.540867810292637,93.1419,87.326,65.1993,74.5135,74.5135,0.35937500000000006,0.0,0.0,1.0,1.0
2024-07-11,300243,4.9586529023252,99.3552,93.2624,69.5487,79.4842,79.4842,0.31109107303877376,0.0,0.0,1.0,1.0
2024-07-11,300306,1.7758046614872347,28.1946,32.2606,19.7362,22.5557,22.5557,0.514752040175781,0.0,0.0,0.970495919648438,1.0
2024-07-11,300340,4.407294832826758,91.0317,90.384,63.7222,72.8253,72.8253,0.12206572769953056,0.0,0.0,0.6103286384976527,1.0
2024-07-11,300399,1.0214504596527174,0.4103,11.0953,25.2872,15.3283,15.3283,0.4616463439067786,1.0,0.0,1.0,1.0
2024-07-11,300437,2.085620197585092,36.8699,43.0992,50.8089,44.4959,44.4959,0.31983240223463677,1.0,0.0,1.0,1.0
2024-07-11,300500,2.530364372469629,50.0,51.5809,35.0,40.0,40.0,0.42095705521475757,0.0,0.0,1.0,1.0
2024-07-11,300521,1.0554089709762682,1.4654,7.4531,18.5874,16.1723,14.3127,0.6859605911330047,1.0,0.0,0.6280788177339907,1.0
2024-07-11,300535,3.202846975092788,68.0539,67.9192,47.6377,54.4431,54.4431,0.32619775739041784,0.0,0.0,1.0,1.0
2024-07-11,300560,3.906250000000022,83.646,83.848,58.5522,66.9168,66.9168,0.1534391534391535,0.0,0.0,0.7671957671957674,1.0
2024-07-11,300561,4.640371229698359,94.6659,88.6475,96.2661,95.7327,95.7327,0.3542585184968993,1.0,1.0,1.0,1.0
2024-07-11,300562,4.062126642771813,86.5768,81.2553,60.6038,69.2614,69.2614,0.40030783169488793,0.0,0.0,1.0,1.0
2024-07-11,300585,1.9462465245597915,32.7667,41.3563,22.9367,26.2134,26.2134,0.2428531005948413,0.0,0.0,1.0,1.0
2024-07-11,300588,3.32446808510638,72.0399,72.6158,75.4279,72.6319,72.6319,0.25080385852090026,1.0,0.0,1.0,1.0
2024-07-11,300605,2.672147995888996,54.3376,56.7719,63.0363,58.4701,58.4701,0.33490979897644035,1.0,0.0,1.0,1.0
2024-07-11,300610,2.6467203682393414,53.3998,52.7609,37.3798,42.7198,42.7198,0.4979449541284763,0.0,0.0,1.0,1.0
2024-07-11,300626,3.7868162692847207,80.2462,75.856,81.1723,79.197,79.197,0.4170471841704717,1.0,0.0,1.0,1.0
2024-07-11,300650,4.419321685508737,91.3834,83.3771,63.9683,73.1067,73.1067,0.48647906871575425,0.0,0.0,1.0,1.0
2024-07-11,300675,3.296703296703285,70.5158,68.4124,49.3611,56.4127,56.4127,0.4000118204473321,0.0,0.0,1.0,1.0
2024-07-11,300686,4.1147132169575995,87.7491,77.0129,80.0515,85.1993,83.6061,0.6593220338983051,1.0,0.0,0.6813559322033897,1.0
2024-07-11,300730,2.63671875,52.9308,51.9848,66.3318,62.3447,62.1647,0.5179948586118253,1.0,1.0,0.9640102827763495,1.0
2024-07-11,300736,2.5555555555555554,50.7034,60.3266,35.4924,40.5627,40.5627,0.011808118081180822,0.0,0.0,0.059040590405904106,1.0
2024-07-11,300786,4.444444444444451,91.6178,87.6343,64.1325,73.2943,73.2943,0.28300000000000003,0.0,0.0,1.0,1.0
2024-07-11,300817,4.51680672268906,92.7902,85.7161,64.9531,74.2321,74.2321,0.4258001237780561,0.0,0.0,1.0,1.0
2024-07-11,300826,2.4850042844901665,48.5932,51.8507,34.0152,38.8746,38.8746,0.3511946779792595,0.0,0.0,1.0,1.0
2024-07-11,300828,1.3574660633484115,12.837,20.289,8.9859,10.2696,10.2696,0.4990310676892784,0.0,0.0,1.0,1.0
2024-07-11,300840,4.683840749414503,95.2521,95.4215,66.6764,76.2016,76.2016,0.03900625031894834,0.0,0.0,0.1950312515947417,1.0
2024-07-11,300845,3.876739562624243,83.0012,77.3513,58.1008,66.4009,66.4009,0.45247988689050705,0.0,0.0,1.0,1.0
2024-07-11,300871,4.682274247491636,95.1348,92.6206,66.5944,76.1079,76.1079,0.17436182718698548,0.0,0.0,0.8718091359349274,1.0
2024-07-11,300884,4.828462515883092,97.5967,95.1398,68.3177,78.0774,78.0774,0.14687735157513707,0.0,0.0,0.7343867578756853,1.0
2024-07-11,300885,1.8957345971563955,31.1254,31.4941,21.7878,24.9004,24.9004,0.6703141320659185,0.0,0.0,0.659371735868163,1.0
2024-07-11,300932,3.8585209003215493,82.0047,74.7262,85.6482,85.6038,85.165,0.5438776215319011,1.0,1.0,0.9122447569361978,1.0
2024-07-11,300943,3.3696729435084283,72.9777,69.0204,51.0844,58.3822,58.3822,0.4680904742937823,0.0,0.0,1.0,1.0
2024-07-11,300948,2.408256880733939,47.3036,54.4164,55.245,52.8429,52.126,0.17132427921593602,1.0,0.0,0.85662139607968,1.0
2024-07-11,300967,1.3756613756613856,13.8921,24.8734,9.7245,11.1137,11.1137,0.3120176405733186,0.0,0.0,1.0,1.0
2024-07-11,300989,2.361489554950036,46.3658,50.8569,32.456,37.0926,37.0926,0.3117880386420966,0.0,0.0,1.0,1.0
2024-07-11,301013,3.301886792452846,70.9848,68.1671,74.6893,71.7878,71.7878,0.43103448275862055,1.0,0.0,1.0,1.0
2024-07-11,301025,1.9128586609989284,31.4771,36.8876,22.034,25.1817,25.1817,0.4147058823529412,0.0,0.0,1.0,1.0
2024-07-11,301027,1.6260162601626105,22.0985,33.047,15.4689,17.6788,17.6788,0.2315895325179778,0.0,0.0,1.0,1.0
2024-07-11,301081,3.87931034482758,83.177,80.4562,58.2239,66.5416,66.5416,0.30427158731780396,0.0,0.0,1.0,1.0
2024-07-11,301082,3.0558482613276983,63.4818,61.8014,44.4373,50.7855,50.7855,0.4492036540264079,0.0,0.0,1.0,1.0
2024-07-11,301102,4.046762589928066,86.3423,86.8411,60.4396,69.0739,69.0739,0.11163895486935863,0.0,0.0,0.5581947743467931,1.0
2024-07-11,301116,2.1505376344086002,39.2145,44.1278,27.4502,31.3716,31.3716,0.3621908127208482,0.0,0.0,1.0,1.0
2024-07-11,301120,2.4572649572649707,48.007,46.8699,60.5334,58.4056,57.6377,0.5767884058922369,1.0,1.0,0.8464231882155262,1.0
2024-07-11,301125,3.28425821064553,70.1641,67.9587,49.1149,56.1313,56.1313,0.40862840725133165,0.0,0.0,1.0,1.0
2024-07-11,301126,4.303510758776907,89.6249,85.8994,62.7374,71.6999,71.6999,0.29002247702663075,0.0,0.0,1.0,1.0
2024-07-11,301136,1.731996353691878,25.9672,29.0371,18.177,20.7737,20.7737,0.5868309891717958,0.0,0.0,0.8263380216564085,1.0
2024-07-11,301149,3.5335689045936203,76.0258,76.6224,53.2181,60.8206,60.8206,0.20991274057598736,0.0,0.0,1.0,1.0
2024-07-11,301355,1.323828920570258,11.4302,26.5282,8.0012,9.1442,9.1442,0.1307976863062072,0.0,0.0,0.6539884315310359,1.0
2024-07-11,301370,4.506232023010548,92.6729,94.1016,64.871,74.1383,74.1383,0.0018348623853210876,0.0,0.0,0.009174311926605437,1.0
2024-07-11,301408,1.8774703557312256,30.422,42.6482,21.2954,24.3376,24.3376,0.08447383134403683,0.0,0.0,0.4223691567201841,1.0
2024-07-11,600272,3.297997644287398,70.7503,74.4327,49.5252,56.6002,56.6002,0.10837438423645322,0.0,0.0,0.5418719211822661,1.0
2024-07-11,601083,2.3385300668151254,45.5451,53.9162,31.8816,36.4361,36.4361,0.12599503690094532,0.0,0.0,0.6299751845047266,1.0
2024-07-11,601133,3.6453201970443105,78.2532,73.4403,54.7773,62.6026,62.6026,0.45811211905859595,0.0,0.0,1.0,1.0
2024-07-11,603042,1.1764705882353121,6.0375,16.7088,29.2263,19.83,19.83,0.406060606060606,1.0,0.0,1.0,1.0
2024-07-11,603230,2.152466367713024,39.3318,47.3434,27.5322,31.4654,31.4654,0.20609903272874514,0.0,0.0,1.0,1.0
2024-07-11,603679,2.941176470588225,60.7855,61.5968,42.5498,48.6284,48.6284,0.3515786191782107,0.0,0.0,1.0,1.0
2024-07-16,002806,2.6881720430107503,54.3915,53.2282,62.5041,58.5132,58.3707,0.5142469470827681,1.0,0.0,0.9715061058344638,1.0
2024-07-16,002875,4.3233082706766846,90.276,87.6483,88.1932,87.2208,87.2208,0.22862694300518135,1.0,0.0,1.0,1.0
2024-07-16,002931,2.0905923344947785,37.3275,48.1416,26.1292,29.862,29.862,0.08602150537634401,0.0,0.0,0.43010752688172005,1.0
2024-07-16,300437,2.05011389521641,35.4454,42.8815,49.8118,43.3563,43.3563,0.2737430167597764,1.0,0.0,1.0,1.0
2024-07-16,300611,1.1235955056179803,3.8269,14.7894,27.6788,18.0615,18.0615,0.41360347765567484,1.0,0.0,1.0,1.0
2024-07-16,300686,1.3297872340425565,11.1041,17.2338,34.4739,28.8833,28.0586,0.5824742268041238,1.0,1.0,0.8350515463917525,1.0
2024-07-16,300771,2.7932960893854775,57.9046,56.8527,65.5332,61.3237,61.3237,0.4735511563072556,1.0,0.0,1.0,1.0
2024-07-16,300787,1.4567266495287168,16.123,22.4863,11.2861,12.8984,12.8984,0.5206011196543605,0.0,0.0,0.958797760691279,1.0
2024-07-16,300932,2.0474137931034697,35.1945,37.435,24.6361,28.1556,28.1556,0.5360298210658514,0.0,0.0,0.9279403578682972,1.0
2024-07-16,300967,1.445086705202292,15.6211,24.2058,10.9348,12.4969,12.4969,0.41455347298787226,0.0,0.0,1.0,1.0
2024-07-16,301013,1.9361084220716362,32.3087,37.8469,47.6161,40.8469,40.8469,0.39999999999999997,1.0,0.0,1.0,1.0
2024-07-16,301355,2.6639344262294973,53.8896,60.6882,37.7227,43.1117,43.1117,0.12117298896964514,0.0,0.0,0.6058649448482256,1.0
2024-07-16,601083,1.0593220338982912,1.6939,16.5839,1.1857,1.3551,1.3551,0.23855793888664426,0.0,0.0,1.0,1.0
2024-07-18,001217,1.1917659804983716,7.2343,23.6305,5.064,5.7875,5.7875,0.10784971947064617,0.0,0.0,0.5392485973532308,1.0
2024-07-18,002826,1.7789072426937613,27.977,34.8286,19.5839,22.3816,22.3816,0.3776501570052084,0.0,0.0,1.0,1.0
2024-07-18,002857,2.063789868667909,35.6594,41.6091,24.9616,28.5275,28.5275,0.3459232365144118,0.0,0.0,1.0,1.0
2024-07-18,002861,1.0626992561105109,2.1127,11.9607,26.4789,16.6901,16.6901,0.48647307668232276,1.0,0.0,1.0,1.0
2024-07-18,300500,4.062500000000013,86.2356,81.1841,60.3649,68.9885,68.9885,0.3902201887332328,0.0,0.0,1.0,1.0
2024-07-18,300517,2.824858757062154,58.3227,58.5781,40.8259,46.6581,46.6581,0.404,0.0,0.0,1.0,1.0
2024-07-18,300786,3.7234042553191404,78.5531,74.9267,54.9872,62.8425,62.8425,0.3957894736842105,0.0,0.0,1.0,1.0
2024-07-18,301048,3.3205619412515874,70.8707,72.4108,49.6095,56.6965,56.6965,0.2142857142857142,0.0,0.0,1.0,1.0
2024-07-18,301116,1.031991744066052,0.7042,11.6093,25.493,15.5634,15.5634,0.4477064220183485,1.0,0.0,1.0,1.0
2024-07-18,301120,3.7204058624577208,78.4251,73.056,54.8976,62.7401,62.7401,0.48420574699178304,0.0,0.0,1.0,1.0
2024-07-18,301265,4.787961696306442,96.5429,95.1216,67.58,77.2343,77.2343,0.10563380281690134,0.0,0.0,0.5281690140845067,1.0
2024-07-18,600272,2.0234291799786863,34.251,42.8886,48.9757,42.4008,42.4008,0.2256065628816935,1.0,0.0,1.0,1.0
2024-07-18,603829,1.7964071856287456,28.3611,35.2211,19.8528,22.6889,22.6889,0.37339011491024565,0.0,0.0,1.0,1.0
2024-07-19,000995,3.407601572739183,73.0483,77.5598,51.1338,58.4387,58.4387,0.043944265809217585,0.0,0.0,0.2197213290460879,1.0
2024-07-19,002729,2.685284640171859,53.5936,61.0078,37.5155,42.8748,42.8748,0.09335315888358196,0.0,0.0,0.4667657944179098,1.0
2024-07-19,002767,2.010968921389411,33.2714,42.6481,23.29,26.6171,26.6171,0.19844788677629105,0.0,0.0,0.9922394338814552,1.0
2024-07-19,002828,1.0624169986719778,2.1685,16.6714,1.518,1.7348,1.7348,0.2531720741060777,0.0,0.0,1.0,1.0
2024-07-19,002875,3.3868092691621943,72.8005,72.9166,75.9603,73.2404,73.2404,0.2661917098445596,1.0,0.0,1.0,1.0
2024-07-19,002963,1.1282051282051286,4.5849,19.0036,3.2094,3.6679,3.6679,0.23321554770318006,0.0,0.0,1.0,1.0
2024-07-19,002972,4.318181818181821,89.777,81.2286,62.8439,71.8216,71.8216,0.5296504260925258,0.0,0.0,0.9406991478149485,1.0
2024-07-19,300220,3.308270676691727,70.1983,68.2988,49.1388,56.1586,56.1586,0.39298892988929907,0.0,0.0,1.0,1.0
2024-07-19,300313,3.564727954971847,75.8984,80.569,53.1289,60.7187,60.7187,0.007485029940119734,0.0,0.0,0.03742514970059867,1.0
2024-07-19,300560,4.550264550264571,92.8748,92.8477,65.0124,74.2999,74.2999,0.07260726072607257,0.0,0.0,0.3630363036303628,1.0
2024-07-19,300561,2.4358974358974494,47.5217,53.6616,33.2652,38.0173,38.0173,0.21778738065346054,0.0,0.0,1.0,1.0
2024-07-19,300562,1.2048192771084265,7.7447,16.6614,5.4213,6.1958,6.1958,0.4767190913062409,0.0,0.0,1.0,1.0
2024-07-19,300572,1.1854360711261558,7.0012,15.5293,29.7575,20.601,20.5651,0.5035850815968097,1.0,0.0,0.9928298368063806,1.0
2024-07-19,300585,3.9069767441860526,83.2094,81.7764,58.2466,66.5675,66.5675,0.23955569249342912,0.0,0.0,1.0,1.0
2024-07-19,300605,3.4675615212528044,74.2875,74.122,52.0012,59.43,59.43,0.26539716288496745,0.0,0.0,1.0,1.0
2024-07-19,300650,4.912663755458513,98.575,90.8175,69.0025,78.86,78.86,0.402125486343414,0.0,0.0,1.0,1.0
2024-07-19,300675,2.037201062887517,34.5105,38.1482,24.1574,27.6084,27.6084,0.47301044594529973,0.0,0.0,1.0,1.0
2024-07-19,300730,2.9629629629629672,61.1524,60.5929,42.8067,48.9219,48.9219,0.41645244215938293,0.0,0.0,1.0,1.0
2024-07-19,300787,1.480111008325613,17.0384,25.1408,11.9269,13.6307,13.6307,0.4244978476037197,0.0,0.0,1.0,1.0
2024-07-19,300817,3.4896401308615044,74.9071,72.2989,52.4349,59.9257,59.9257,0.38133774398210907,0.0,0.0,1.0,1.0
2024-07-19,300826,1.1638316920322467,6.2577,18.3657,4.3804,5.0062,5.0062,0.3320234913530275,0.0,0.0,1.0,1.0
2024-07-19,300845,4.127966976264186,87.4226,81.7417,61.1958,69.938,69.938,0.40981548352029784,0.0,0.0,1.0,1.0
2024-07-19,301013,2.647657841140516,52.7261,55.3533,36.9083,42.1809,42.1809,0.3413793103448276,0.0,0.0,1.0,1.0
2024-07-19,301027,1.8284106891701901,28.6865,38.9345,20.0805,22.9492,22.9492,0.20073454297809026,0.0,0.0,1.0,1.0
2024-07-19,301066,4.823989569752274,97.3358,94.75,68.1351,77.8686,77.8686,0.1559300450482641,0.0,0.0,0.7796502252413204,1.0
2024-07-19,301082,2.61363636363634,51.487,53.906,36.0409,41.1896,41.1896,0.3641813992788065,0.0,0.0,1.0,1.0
2024-07-19,301102,3.579335793354632,76.518,79.0135,53.5626,61.2144,61.2144,0.11004126547455317,0.0,0.0,0.5502063273727659,1.0
2024-07-19,301116,2.962206332992867,60.9046,59.0105,67.6332,63.7237,63.7237,0.48565965583173976,1.0,0.0,1.0,1.0
2024-07-19,301126,2.6936026936027035,54.2131,55.9524,37.9492,43.3705,43.3705,0.3709054648293272,0.0,0.0,1.0,1.0
2024-07-19,301408,2.1803766105054523,40.4585,50.7122,28.3209,32.3668,32.3668,0.0827297133015818,0.0,0.0,0.413648566507909,1.0
2024-07-19,601133,2.0689655172413612,35.7497,39.4375,25.0248,28.5998,28.5998,0.45811211905859595,0.0,0.0,1.0,1.0
2024-07-19,603065,3.3333333333333215,71.3755,76.0883,49.9628,57.1004,57.1004,0.050604216462069716,0.0,0.0,0.2530210823103486,1.0
2024-07-19,603586,1.0118043844856706,0.062,17.51,0.0434,0.0496,0.0496,0.12697834602719313,0.0,0.0,0.6348917301359656,1.0
2024-07-19,603679,1.3645224171540127,13.197,24.6014,9.2379,10.5576,10.5576,0.29781085389931594,0.0,0.0,1.0,1.0
2024-07-22,000995,1.3941698352344822,14.07,29.8121,9.849,11.256,11.256,0.07219827586206895,0.0,0.0,0.36099137931034475,1.0
2024-07-22,002767,1.7025089605734678,24.3357,35.1406,17.035,19.4686,19.4686,0.21640230828237914,0.0,0.0,1.0,1.0
2024-07-22,002826,2.8642590286425795,58.5145,58.1163,40.9601,46.8116,46.8116,0.43476576283823737,0.0,0.0,1.0,1.0
2024-07-22,002858,2.902902902902893,59.4807,63.5897,41.6365,47.5845,47.5845,0.19974059662775626,0.0,0.0,0.9987029831387813,1.0
2024-07-22,002910,3.8961038961039085,82.7899,84.058,57.9529,66.2319,66.2319,0.10869565217391301,0.0,0.0,0.5434782608695651,1.0
2024-07-22,002963,3.752535496957421,79.4082,78.6031,55.5857,63.5266,63.5266,0.24617196702002336,0.0,0.0,1.0,1.0
2024-07-22,002973,1.452513966480451,15.7609,23.1475,11.0326,12.6087,12.6087,0.473061491328025,0.0,0.0,1.0,1.0
2024-07-22,300220,3.3478893740902516,71.558,68.5748,50.0906,57.2464,57.2464,0.43357933579335806,0.0,0.0,1.0,1.0
2024-07-22,300250,4.007455731593668,85.0845,85.3151,59.5592,68.0676,68.0676,0.13762811127379224,0.0,0.0,0.6881405563689611,1.0
2024-07-22,300306,1.839080459770126,28.6836,32.361,20.0785,22.9469,22.9469,0.5292949354518504,0.0,0.0,0.9414101290962993,1.0
2024-07-22,300417,3.1704095112285335,65.6401,64.3576,45.9481,52.5121,52.5121,0.40772532188841204,0.0,0.0,1.0,1.0
2024-07-22,300561,4.505632040050056,92.2101,88.7799,64.5471,73.7681,73.7681,0.2494087418610867,0.0,0.0,1.0,1.0
2024-07-22,300562,1.9047619047619202,30.6159,33.9482,21.4312,24.4928,24.4928,0.5272257920736845,0.0,0.0,0.945548415852631,1.0
2024-07-22,300626,4.398826979472137,90.5193,84.4613,63.3635,72.4155,72.4155,0.3977086743044189,0.0,0.0,1.0,1.0
2024-07-22,300645,2.7447392497712553,55.2536,59.8886,38.6775,44.2029,44.2029,0.2157127883265799,0.0,0.0,1.0,1.0
2024-07-22,300730,2.261048304213764,42.3309,44.8159,29.6316,33.8647,33.8647,0.45244215938303345,0.0,0.0,1.0,1.0
2024-07-22,300736,4.271356783919611,88.7077,90.6658,62.0954,70.9662,70.9662,0.015017064846416364,0.0,0.0,0.07508532423208182,1.0
2024-07-22,300826,2.3893805309734617,46.558,49.9162,32.5906,37.2464,37.2464,0.36651048149521065,0.0,0.0,1.0,1.0
2024-07-22,300828,4.265402843601884,88.587,80.7381,62.0109,70.8696,70.8696,0.5065715443660589,0.0,0.0,0.9868569112678822,1.0
2024-07-22,300840,1.55131264916466,20.1087,35.595,14.0761,16.087,16.087,0.024596184653266684,0.0,0.0,0.12298092326633342,1.0
2024-07-22,300845,1.8830525272546916,30.0121,34.8909,21.0085,24.0097,24.0097,0.4559391628394428,0.0,0.0,1.0,1.0
2024-07-22,300884,4.705882352941182,95.3502,93.7933,66.7452,76.2802,76.2802,0.12434224507168398,0.0,0.0,0.6217112253584198,1.0
2024-07-22,300912,2.316213494461228,44.7464,51.8262,56.1772,50.7971,50.7608,0.19854721549636806,1.0,0.0,0.9927360774818402,1.0
2024-07-22,300931,3.076923076923088,63.285,63.3546,44.2995,50.628,50.628,0.36367166757815056,0.0,0.0,1.0,1.0
2024-07-22,301013,1.0912698412698374,3.0797,15.0385,2.1558,2.4638,2.4638,0.37126436781609184,0.0,0.0,1.0,1.0
2024-07-22,301027,1.3812154696132506,13.4662,26.138,9.4263,10.7729,10.7729,0.2317480646630551,0.0,0.0,1.0,1.0
2024-07-22,301082,1.7718715393133966,26.6304,33.4539,18.6413,21.3043,21.3043,0.3925221508613401,0.0,0.0,1.0,1.0
2024-07-22,301102,3.615960099750626,77.1135,78.4088,53.9795,61.6908,61.6908,0.1641005598501155,0.0,0.0,0.8205027992505776,1.0
2024-07-22,301136,1.8981018981018893,30.4952,35.3856,21.3466,24.3961,24.3961,0.4505278103418726,0.0,0.0,1.0,1.0
2024-07-22,301355,3.0364372469635414,62.3792,66.7211,64.5766,64.9034,63.8812,0.15911169369594358,1.0,0.0,0.7955584684797179,1.0
2024-07-22,603042,3.7077426390403456,78.3213,77.0328,54.8249,62.657,62.657,0.28121212121212125,0.0,0.0,1.0,1.0
2024-07-22,603679,3.076923076923088,63.285,64.429,44.2995,50.628,50.628,0.3099519621880987,0.0,0.0,1.0,1.0
2024-07-25,001322,1.5479876160990669,20.2994,36.1594,14.2096,16.2395,16.2395,0.004007574493907918,0.0,0.0,0.02003787246953959,1.0
2024-07-25,002576,2.0228671943711474,34.3114,42.0246,24.018,27.4491,27.4491,0.27122360488863706,0.0,0.0,1.0,1.0
2024-07-25,002729,2.183406113537112,40.5389,50.8126,28.3772,32.4311,32.4311,0.08092456647553674,0.0,0.0,0.40462283237768365,1.0
2024-07-25,002858,1.9547325102880597,32.6347,42.8134,22.8443,26.1078,26.1078,0.16472114137483804,0.0,0.0,0.8236057068741901,1.0
2024-07-25,002861,1.5748031496062964,21.1377,24.574,40.1241,36.9102,35.7421,0.6168070866580433,1.0,1.0,0.7663858266839134,1.0
2024-07-25,002910,1.3490725126475533,12.0359,28.2128,8.4251,9.6287,9.6287,0.07079646017699101,0.0,0.0,0.353982300884955,1.0
2024-07-25,002963,1.1375387797311065,4.7305,19.3086,3.3114,3.7844,3.7844,0.22379269729093054,0.0,0.0,1.0,1.0
2024-07-25,300572,3.616636528028927,77.0659,73.6437,53.9461,61.6527,61.6527,0.40045178829974803,0.0,0.0,1.0,1.0
2024-07-25,300611,3.567318757192184,75.509,67.4888,72.0194,75.4072,73.948,0.6459209857563322,1.0,0.0,0.7081580284873357,1.0
2024-07-25,300626,4.53920220082531,92.7545,83.9908,64.9281,74.2036,74.2036,0.5106382978723404,0.0,0.0,0.9787234042553192,1.0
2024-07-25,300645,4.902867715078618,98.503,94.7608,68.9521,78.8024,78.8024,0.2020795548029332,0.0,0.0,1.0,1.0
2024-07-25,300707,1.0466222645099998,1.7365,16.8717,1.2156,1.3892,1.3892,0.22587371326094285,0.0,0.0,1.0,1.0
2024-07-25,300771,2.3692003948667217,46.5269,44.1065,51.3388,52.2216,50.664,0.6557521352334152,1.0,0.0,0.6884957295331695,1.0
2024-07-25,300828,2.917771883289122,59.3413,54.8392,41.5389,47.4731,47.4731,0.6316935628769119,0.0,0.0,0.7366128742461762,1.0
2024-07-25,300840,2.36318407960201,46.4072,57.0195,32.485,37.1257,37.1257,0.005313239335137521,0.0,0.0,0.026566196675687603,1.0
2024-07-25,300845,1.2909632571995955,9.7605,18.7357,6.8323,7.8084,7.8084,0.4536329788734856,0.0,0.0,1.0,1.0
2024-07-25,300884,2.570694087403602,50.479,56.5819,35.3353,40.3832,40.3832,0.1900689221883645,0.0,0.0,0.9503446109418224,1.0
2024-07-25,300931,3.23809523809524,67.3653,65.6714,47.1557,53.8922,53.8922,0.4110385335089783,0.0,0.0,1.0,1.0
2024-07-25,300932,3.7234042553191404,78.6826,71.5518,82.2893,82.9461,82.249,0.5697129204236562,1.0,1.0,0.8605741591526876,1.0
2024-07-25,300978,1.6309887869520923,22.8144,29.9632,15.9701,18.2515,18.2515,0.4144136102030555,0.0,0.0,1.0,1.0
2024-07-25,301048,1.3257495125293728,11.3174,22.5233,7.9222,9.0539,9.0539,0.32653061224489766,0.0,0.0,1.0,1.0
2024-07-25,301102,2.311435523114347,44.491,51.5306,31.1437,35.5928,35.5928,0.20311242177065936,0.0,0.0,1.0,1.0
2024-07-25,301116,2.6567481402762994,52.515,52.4756,61.7605,57.012,57.012,0.4768211920529803,1.0,0.0,1.0,1.0
2024-07-25,301120,1.9867549668874052,33.3533,36.2805,23.3473,26.6826,26.6826,0.5201051453409389,0.0,0.0,0.9597897093181222,1.0
2024-07-25,301136,2.3834196891191706,46.7665,49.4249,32.7365,37.4132,37.4132,0.39941411828065154,0.0,0.0,1.0,1.0
2024-07-25,600689,1.6393442622950838,22.9341,35.5753,34.914,33.3473,31.8123,0.13860103626943007,1.0,0.0,0.6930051813471503,1.0
2024-07-25,601083,1.4476614699331813,15.8683,30.1747,11.1078,12.6946,12.6946,0.12599503690094532,0.0,0.0,0.6299751845047266,1.0
2024-07-25,603679,2.35294117647058,45.9281,49.4161,32.1497,36.7425,36.7425,0.3663213935288754,0.0,0.0,1.0,1.0
2024-07-26,002729,2.2435897435897356,41.8108,51.4745,44.1386,48.4487,45.9164,0.0987101854811492,1.0,0.0,0.49355092740574596,1.0
2024-07-26,002767,2.2789425706472244,43.0796,49.3549,30.1557,34.4637,34.4637,0.2554400603487099,0.0,0.0,1.0,1.0
2024-07-26,002806,2.116935483870974,37.3126,34.4842,45.3871,49.8501,47.1671,0.7682926829268293,1.0,1.0,0.46341463414634143,1.0
2024-07-26,002828,2.4128686327077764,47.3472,53.0655,33.143,37.8777,37.8777,0.24061425058889233,0.0,0.0,1.0,1.0
2024-07-26,002858,2.825428859737622,57.4971,62.2104,40.248,45.9977,45.9977,0.18936446173800267,0.0,0.0,0.9468223086900133,1.0
2024-07-26,300243,3.9390088945362,84.3714,82.3701,59.06,67.4971,67.4971,0.25634935026792105,0.0,0.0,1.0,1.0
2024-07-26,300250,2.41411327762302,47.4625,55.1003,33.2238,37.97,37.97,0.14348462664714498,0.0,0.0,0.7174231332357248,1.0
2024-07-26,300399,2.35294117647058,45.6747,50.8488,31.9723,36.5398,36.5398,0.284549721613245,0.0,0.0,1.0,1.0
2024-07-26,300500,3.746397694524495,79.5271,73.7975,55.669,63.6217,63.6217,0.49120960823566645,0.0,0.0,1.0,1.0
2024-07-26,300560,1.2621359223300876,9.1696,24.0133,6.4187,7.3356,7.3356,0.16611661166116623,0.0,0.0,0.8305830583058311,1.0
2024-07-26,300561,1.2642225031605614,9.2849,22.706,6.4994,7.4279,7.4279,0.2360944845105073,0.0,0.0,1.0,1.0
2024-07-26,300562,1.2180267965895109,7.7855,16.2694,5.4498,6.2284,6.2284,0.49794672375737464,0.0,0.0,1.0,1.0
2024-07-26,300626,2.5000000000000133,49.0773,47.8788,34.3541,39.2618,39.2618,0.5691489361702127,0.0,0.0,0.8617021276595747,1.0
2024-07-26,300645,4.673721340387993,94.6367,90.4635,66.2457,75.7093,75.7093,0.2622930028657062,0.0,0.0,1.0,1.0
2024-07-26,300665,3.877551020408143,82.872,83.3216,58.0104,66.2976,66.2976,0.1487995657216333,0.0,0.0,0.7439978286081664,1.0
2024-07-26,300686,1.2658227848101333,9.4002,19.3333,6.5802,7.5202,7.5202,0.4093457943925234,0.0,0.0,1.0,1.0
2024-07-26,300707,3.201506591337111,66.7243,68.5316,46.707,53.3795,53.3795,0.24239148021123869,0.0,0.0,1.0,1.0
2024-07-26,300786,1.4409221902017322,15.6286,25.5138,10.94,12.5029,12.5029,0.3494558645707377,0.0,0.0,1.0,1.0
2024-07-26,300823,4.068716094032543,86.5629,82.2003,60.594,69.2503,69.2503,0.3524995568027642,0.0,0.0,1.0,1.0
2024-07-26,300826,2.538531278331835,49.8847,52.7476,34.9193,39.9077,39.9077,0.35800726390264104,0.0,0.0,1.0,1.0
2024-07-26,300845,3.1372549019607954,64.6482,62.3461,45.2537,51.7186,51.7186,0.46862317465220765,0.0,0.0,1.0,1.0
2024-07-26,300912,3.2154340836012985,67.1857,71.0681,47.03,53.7486,53.7486,0.1340206185567011,0.0,0.0,0.6701030927835055,1.0
2024-07-26,300932,1.1282051282051286,4.4983,11.0763,28.1041,23.5986,22.3374,0.6261175937763601,1.0,1.0,0.7477648124472798,1.0
2024-07-26,300943,3.8696537678207577,82.2953,76.8766,57.6067,65.8362,65.8362,0.44798044859394864,0.0,0.0,1.0,1.0
2024-07-26,300967,3.0876494023904577,63.4948,63.2545,69.4464,65.7958,65.7958,0.3770672546857772,1.0,0.0,1.0,1.0
2024-07-26,300989,3.184165232358005,65.6863,65.1165,45.9804,52.549,52.549,0.37162648122673375,0.0,0.0,1.0,1.0
2024-07-26,301013,2.69151138716357,53.5755,56.4007,37.5029,42.8604,42.8604,0.3229885057471264,0.0,0.0,1.0,1.0
2024-07-26,301048,2.4009603841536498,46.7705,50.3264,32.7393,37.4164,37.4164,0.3544998685423924,0.0,0.0,1.0,1.0
2024-07-26,301082,1.459034792368108,16.6667,25.7786,11.6667,13.3333,13.3333,0.37773567177480083,0.0,0.0,1.0,1.0
2024-07-26,301126,2.1390374331550888,38.12,40.8147,51.684,45.496,45.496,0.4840621938661003,1.0,0.0,1.0,1.0
2024-07-26,301228,1.4507772020725174,16.3206,27.5746,11.4245,13.0565,13.0565,0.27409638554216875,0.0,0.0,1.0,1.0
2024-07-26,301321,3.6279069767441996,77.3356,76.6584,54.1349,61.8685,61.8685,0.26050420168067223,0.0,0.0,1.0,1.0
2024-07-26,301558,3.8412291933418663,81.8339,84.7887,57.2837,65.4671,65.4671,0.03392156121672445,0.0,0.0,0.16960780608362222,1.0
2024-07-26,600272,1.1122345803842082,3.6332,17.1561,27.5433,17.9066,17.9066,0.2875234255605163,1.0,0.0,1.0,1.0
2024-07-26,600506,2.880288028802891,58.5352,57.5217,40.9746,46.8281,46.8281,0.4653243847874719,0.0,0.0,1.0,1.0
2024-07-26,603042,2.1857923497267784,40.3114,46.6734,28.218,32.2491,32.2491,0.27878787878787886,0.0,0.0,1.0,1.0
2024-07-26,605178,1.1016949152542255,3.4025,19.5077,2.3818,2.722,2.722,0.16071428571428578,0.0,0.0,0.8035714285714288,1.0
2024-07-29,000929,4.285714285714293,89.6571,88.3781,62.76,71.7257,71.7257,0.1673819742489269,0.0,0.0,0.8369098712446345,1.0
2024-07-29,000995,2.518891687657443,49.4286,57.9622,34.6,39.5429,39.5429,0.07903402854006594,0.0,0.0,0.3951701427003297,1.0
2024-07-29,001216,1.3440860215053974,12.2857,25.9517,8.6,9.8286,9.8286,0.19384434158170039,0.0,0.0,0.9692217079085019,1.0
2024-07-29,002058,2.4531024531024626,47.8286,57.371,33.48,38.2629,38.2629,0.044594594594594604,0.0,0.0,0.222972972972973,1.0
2024-07-29,002729,1.0449320794148287,1.7714,19.0694,17.9785,16.4171,14.3518,0.11738508543704229,1.0,0.0,0.5869254271852115,1.0
2024-07-29,002800,4.08653846153848,87.1429,86.61,61.0,69.7143,69.7143,0.15521367521365534,0.0,0.0,0.7760683760682766,1.0
2024-07-29,002848,4.043545878693644,86.1143,85.0194,60.28,68.8914,68.8914,0.19359999999999997,0.0,0.0,0.9679999999999997,1.0
2024-07-29,002857,2.34375,44.8571,49.8338,31.4,35.8857,35.8857,0.3025932301005399,0.0,0.0,1.0,1.0
2024-07-29,002890,3.303684879288449,69.8857,68.6115,48.92,55.9086,55.9086,0.36485119729347854,0.0,0.0,1.0,1.0
2024-07-29,300306,3.3105022831050324,70.4571,65.5084,49.32,56.3657,56.3657,0.542866600463436,0.0,0.0,0.9142667990731279,1.0
2024-07-29,300313,4.371584699453557,91.0286,92.1476,63.72,72.8229,72.8229,0.0337620578778135,0.0,0.0,0.1688102893890675,1.0
2024-07-29,300399,3.67816091954023,78.3429,76.318,54.84,62.6743,62.6743,0.3178129873652668,0.0,0.0,1.0,1.0
2024-07-29,300560,3.4515819750719157,74.0,75.5916,51.8,59.2,59.2,0.18041804180418045,0.0,0.0,0.9020902090209022,1.0
2024-07-29,300561,2.871410736579283,58.5714,61.8024,41.0,46.8571,46.8571,0.2527373061987315,0.0,0.0,1.0,1.0
2024-07-29,300588,1.9607843137254832,32.2857,39.1881,22.6,25.8286,25.8286,0.33202357563850693,0.0,0.0,1.0,1.0
2024-07-29,300611,1.7142857142857126,24.7429,26.6135,35.9583,34.7943,33.2039,0.659041368807034,1.0,0.0,0.681917262385932,1.0
2024-07-29,300650,1.8220793140407254,28.0571,33.9,19.64,22.4457,22.4457,0.42728357231411196,0.0,0.0,1.0,1.0
2024-07-29,300686,2.1874999999999867,39.8286,43.3769,27.88,31.8629,31.8629,0.4242990654205608,0.0,0.0,1.0,1.0
2024-07-29,300730,4.598930481283414,94.2286,87.3109,65.96,75.3829,75.3829,0.403598971722365,0.0,0.0,1.0,1.0
2024-07-29,300736,2.4265644955300036,47.3714,57.6261,33.16,37.8971,37.8971,0.013550135501355025,0.0,0.0,0.06775067750677512,1.0
2024-07-29,300753,2.9608404966571022,60.6286,62.1506,42.44,48.5029,48.5029,0.3176136226534786,0.0,0.0,1.0,1.0
2024-07-29,300786,2.367424242424243,46.0,49.4481,32.2,36.8,36.8,0.36759371221281756,0.0,0.0,1.0,1.0
2024-07-29,300826,3.0061892130857526,62.1143,61.7224,43.48,49.6914,49.6914,0.3984537178313733,0.0,0.0,1.0,1.0
2024-07-29,300885,1.3767209011263937,13.8857,19.1288,9.72,11.1086,11.1086,0.598987862560949,0.0,0.0,0.8020242748781019,1.0
2024-07-29,300889,4.065040650406515,86.6857,83.4948,60.68,69.3486,69.3486,0.29268676535867305,0.0,0.0,1.0,1.0
2024-07-29,300931,2.0689655172413834,35.3714,37.1032,24.76,28.2971,28.2971,0.5596974842332217,0.0,0.0,0.8806050315335565,1.0
2024-07-29,300943,3.529411764705892,75.3714,70.3168,52.76,60.2971,60.2971,0.49901875261689244,0.0,0.0,1.0,1.0
2024-07-29,300961,2.2727272727272707,42.3429,46.7247,29.64,33.8743,33.8743,0.3574803149606299,0.0,0.0,1.0,1.0
2024-07-29,300978,1.8962075848303561,30.3429,35.2518,21.24,24.2743,24.2743,0.4511220107574905,0.0,0.0,1.0,1.0
2024-07-29,301013,1.0080645161290258,0.1714,13.0797,0.12,0.1371,0.1371,0.35287356321839086,0.0,0.0,1.0,1.0
2024-07-29,301027,2.4930747922437657,48.7429,54.3494,34.12,38.9943,38.9943,0.23224621967794534,0.0,0.0,1.0,1.0
2024-07-29,301228,1.1235955056179803,4.2286,17.6198,2.96,3.3829,3.3829,0.28815261044176704,0.0,0.0,1.0,1.0
2024-07-29,301265,2.722772277227725,54.8,59.0161,38.36,43.84,43.84,0.24119718309859153,0.0,0.0,1.0,1.0
2024-07-29,301408,1.8060836501901267,27.9429,38.8832,19.56,22.3543,22.3543,0.17355595480051617,0.0,0.0,0.8677797740025808,1.0
2024-07-29,600272,3.200000000000003,66.8571,67.4628,71.8,68.4857,68.4857,0.3011451353498572,1.0,0.0,1.0,1.0
2024-07-29,600615,2.805836139169471,57.3143,60.5222,65.12,60.8514,60.8514,0.26646248085758056,1.0,0.0,1.0,1.0
2024-07-29,600689,4.098360655737698,87.7143,87.3994,80.2601,85.1714,83.6365,0.13860103626943007,1.0,0.0,0.6930051813471503,1.0
2024-07-29,601083,1.091703056768556,3.3714,19.2963,2.36,2.6971,2.6971,0.17004138985187098,0.0,0.0,0.8502069492593548,1.0
2024-07-29,603042,2.352941176470602,45.4286,50.2823,31.8,36.3429,36.3429,0.30303030303030304,0.0,0.0,1.0,1.0
2024-07-29,603122,1.2939001848428777,10.4571,24.4709,31.794,23.3657,23.2342,0.19473950429942727,1.0,0.0,0.9736975214971363,1.0
2024-07-29,603657,1.0000000000000009,0.0571,15.8578,0.04,0.0457,0.0457,0.2093937191984886,0.0,0.0,1.0,1.0
2024-07-29,603679,2.557319223985899,50.2286,52.3534,35.16,40.1829,40.1829,0.391470832127068,0.0,0.0,1.0,1.0
2024-07-30,000995,1.1056511056511065,3.7222,20.958,2.6056,2.9778,2.9778,0.10098792535675091,0.0,0.0,0.5049396267837545,1.0
2024-07-30,001217,1.4069264069263898,15.1667,28.1697,10.6167,12.1333,12.1333,0.19817924163707357,0.0,0.0,0.9908962081853678,1.0
2024-07-30,001219,1.2584704743465736,9.2778,26.9428,6.4944,7.4222,7.4222,0.023972113066327853,0.0,0.0,0.11986056533163926,1.0
2024-07-30,001366,1.9323671497584627,32.1667,41.1111,22.5167,25.7333,25.7333,0.23111078492534262,0.0,0.0,1.0,1.0
2024-07-30,002800,1.3856812933025209,14.6111,26.9573,10.2278,11.6889,11.6889,0.2365811965811762,0.0,0.0,1.0,1.0
2024-07-30,002848,1.7937219730941534,28.2778,37.9182,19.7944,22.6222,22.6222,0.23520000000000008,0.0,0.0,1.0,1.0
2024-07-30,002858,1.0030090270812364,0.1667,16.1904,0.1167,0.1333,0.1333,0.19714656290531793,0.0,0.0,0.9857328145265896,1.0
2024-07-30,002890,2.8290282902828867,58.2778,58.0864,40.7944,46.6222,46.6222,0.42678977322778866,0.0,0.0,1.0,1.0
2024-07-30,003010,1.6187050359712352,22.8333,27.7706,15.9833,18.2667,18.2667,0.5248046337866732,0.0,0.0,0.9503907324266536,1.0
2024-07-30,300250,1.8018018018018056,28.5,38.964,19.95,22.8,22.8,0.19180087847730604,0.0,0.0,0.9590043923865301,1.0
2024-07-30,300500,3.1627906976744002,65.8333,61.9947,46.0833,52.6667,52.6667,0.533600228767552,0.0,0.0,0.932799542464896,1.0
2024-07-30,300572,1.6710642040457468,24.1667,30.4717,16.9167,19.3333,19.3333,0.4430802161958667,0.0,0.0,1.0,1.0
2024-07-30,300588,3.589743589743599,76.9444,74.3257,53.8611,61.5556,61.5556,0.3614931237721021,0.0,0.0,1.0,1.0
2024-07-30,300675,2.5547445255474477,50.5,51.7801,35.35,40.4,40.4,0.4309938331165067,0.0,0.0,1.0,1.0
2024-07-30,300771,3.367346938775495,72.5,65.904,76.5581,78.0,76.952,0.6047976241777945,1.0,1.0,0.790404751644411,1.0
2024-07-30,300828,1.475694444444442,17.7222,20.9183,12.4056,14.1778,14.1778,0.6629732529974224,0.0,0.0,0.6740534940051552,1.0
2024-07-30,300912,3.604531410916567,77.6111,78.4291,54.3278,62.0889,62.0889,0.18298969072164967,0.0,0.0,0.9149484536082483,1.0
2024-07-30,300967,4.077669902912628,87.3889,81.7964,86.1722,84.9111,84.9111,0.4057331863285557,1.0,0.0,1.0,1.0
2024-07-30,300970,1.5370705244122984,20.5556,31.96,14.3889,16.4444,16.4444,0.22422003409947056,0.0,0.0,1.0,1.0
2024-07-30,301027,2.43243243243243,47.9444,53.1382,33.5611,38.3556,38.3556,0.2608696909243683,0.0,0.0,1.0,1.0
2024-07-30,301032,2.8037383177569986,57.5,58.2568,40.25,46.0,46.0,0.3871587390937181,0.0,0.0,1.0,1.0
2024-07-30,301120,1.2008733624454093,7.3889,15.1311,5.1722,5.9111,5.9111,0.5389995655247048,0.0,0.0,0.9220008689505903,1.0
2024-07-30,301355,1.5075376884422065,19.2778,31.8705,36.2529,30.4222,29.8618,0.17758411568274646,1.0,0.0,0.8879205784137323,1.0
2024-07-30,301558,1.374999999999993,13.8333,29.7744,9.6833,11.0667,11.0667,0.06461249755566568,0.0,0.0,0.3230624877783284,1.0
2024-07-30,603122,3.2846715328467058,69.6111,71.4046,73.7278,70.6889,70.6889,0.2142134547293701,1.0,0.0,1.0,1.0
2024-07-30,603291,1.6129032258064502,22.6111,31.6171,15.8278,18.0889,18.0889,0.3235904857789445,0.0,0.0,1.0,1.0
2024-07-30,603506,1.6304347826086918,23.3889,35.1639,16.3722,18.7111,18.7111,0.17735937336023413,0.0,0.0,0.8867968668011706,1.0
2024-07-31,000995,1.3365735115431265,11.9411,27.2832,24.7071,24.5528,22.3899,0.11348314606741577,1.0,0.0,0.5674157303370788,1.0
2024-07-31,001216,3.1690140845070713,66.7175,68.0739,46.7022,53.374,53.374,0.2650042380992011,0.0,0.0,1.0,1.0
2024-07-31,001217,1.9210245464247766,31.25,39.7337,46.875,40.0,40.0,0.2633152408030961,1.0,0.0,1.0,1.0
2024-07-31,001219,4.0152963671128195,86.2297,88.1377,60.3608,68.9837,68.9837,0.04230372894057856,0.0,0.0,0.21151864470289278,1.0
2024-07-31,001300,3.7209302325581284,80.1321,79.6144,56.0925,64.1057,64.1057,0.22456575682382154,0.0,0.0,1.0,1.0
2024-07-31,001366,2.0853080568720372,36.6362,44.2464,25.6453,29.3089,29.3089,0.2531283255660535,0.0,0.0,1.0,1.0
2024-07-31,002209,4.900662251655619,98.5264,92.3778,68.9685,78.8211,78.8211,0.3221682499589575,0.0,0.0,1.0,1.0
2024-07-31,002576,2.6200873362445476,52.0325,55.9637,61.4228,56.626,56.626,0.28311357961611694,1.0,0.0,1.0,1.0
2024-07-31,002633,3.6418816388467334,79.2175,76.8571,80.4522,78.374,78.374,0.32584269662921356,1.0,0.0,1.0,1.0
2024-07-31,002729,2.585315408479838,51.2703,58.3637,54.1521,56.0163,54.332,0.13262898955075011,1.0,0.0,0.6631449477537505,1.0
2024-07-31,002767,2.626970227670755,52.5915,55.0813,36.814,42.0732,42.0732,0.34959373581108366,0.0,0.0,1.0,1.0
2024-07-31,002800,2.3917995444191487,46.2907,51.7265,32.4035,37.0325,37.0325,0.26529914529912424,0.0,0.0,1.0,1.0
2024-07-31,002806,1.5000000000000124,18.4451,18.9184,31.2361,34.7561,31.8372,0.7918871252204586,1.0,1.0,0.41622574955908287,1.0
2024-07-31,002809,4.017216642754673,86.4329,84.1899,60.503,69.1463,69.1463,0.2478235836019954,0.0,0.0,1.0,1.0
2024-07-31,002826,2.605459057071946,51.6768,51.5858,61.1738,56.3415,56.3415,0.4877830451042079,1.0,0.0,1.0,1.0
2024-07-31,002828,4.986876640419946,99.6443,94.3291,69.751,79.7154,79.7154,0.2693178471996018,0.0,0.0,1.0,1.0
2024-07-31,002848,3.2305433186490484,68.9533,70.0746,48.2673,55.1626,55.1626,0.25439999999999996,0.0,0.0,1.0,1.0
2024-07-31,002857,2.182163187855779,39.3801,44.8332,27.5661,31.5041,31.5041,0.3335432346818769,0.0,0.0,1.0,1.0
2024-07-31,002858,3.078450844091374,64.3801,66.8952,45.0661,51.5041,51.5041,0.23044096728307265,0.0,0.0,1.0,1.0
2024-07-31,002861,1.7763845350052376,27.0833,31.0517,47.7284,41.6667,41.3592,0.5307493507134456,1.0,1.0,0.9385012985731087,1.0
2024-07-31,002866,4.647006255585362,95.0711,94.4878,66.5498,76.0569,76.0569,0.0784544217261469,0.0,0.0,0.3922721086307345,1.0
2024-07-31,002963,1.871921182266001,29.2175,37.7674,20.4522,23.374,23.374,0.28032979976442873,0.0,0.0,1.0,1.0
2024-07-31,002973,1.9417475728155331,31.8598,34.1026,44.5314,40.4878,39.7952,0.5692604672833684,1.0,0.0,0.8614790654332631,1.0
2024-07-31,003010,3.0973451327433565,65.0915,60.8553,73.1282,72.0732,71.4642,0.5608954210940147,1.0,1.0,0.8782091578119706,1.0
2024-07-31,300069,1.053639846743315,2.0833,12.697,1.4583,1.6667,1.6667,0.44848484848484843,0.0,0.0,1.0,1.0
2024-07-31,300243,2.5485436893203817,50.0508,54.2385,35.0356,40.0407,40.0407,0.29010663345233645,0.0,0.0,1.0,1.0
2024-07-31,300250,2.920353982300883,60.6199,64.0743,42.4339,48.4959,48.4959,0.22108345534407045,0.0,0.0,1.0,1.0
2024-07-31,300306,2.0022246941045596,33.2825,34.7282,23.2978,26.626,26.626,0.5948913163411813,0.0,0.0,0.8102173673176374,1.0
2024-07-31,300313,1.232394366197198,8.1809,25.2585,5.7266,6.5447,6.5447,0.06430868167202564,0.0,0.0,0.3215434083601282,1.0
2024-07-31,300417,4.015544041450769,86.3313,79.7771,60.4319,69.065,69.065,0.46439628482972145,0.0,0.0,1.0,1.0
2024-07-31,300437,1.87353629976581,29.3191,37.4202,45.5234,38.4553,38.4553,0.3017543859649121,1.0,0.0,1.0,1.0
2024-07-31,300560,2.4482109227872195,47.7134,54.1443,33.3994,38.1707,38.1707,0.20132013201320134,0.0,0.0,1.0,1.0
2024-07-31,300562,3.2530120481927716,69.4614,65.2321,48.623,55.5691,55.5691,0.5168524956660928,0.0,0.0,0.9662950086678144,1.0
2024-07-31,300605,3.0753968253968367,64.0752,61.0317,74.3956,71.2602,71.1459,0.5114255913504596,1.0,1.0,0.9771488172990808,1.0
2024-07-31,300611,2.655889145496526,53.5061,50.0177,61.8798,62.8049,61.4113,0.6393607942309817,1.0,1.0,0.7212784115380366,1.0
2024-07-31,300615,1.18534482758621,6.4533,21.1322,4.5173,5.1626,5.1626,0.20152215529720888,0.0,0.0,1.0,1.0
2024-07-31,300626,3.289473684210531,70.7825,64.5128,70.3213,71.626,70.5694,0.6056603773584905,1.0,0.0,0.7886792452830189,1.0
2024-07-31,300635,2.921646746347939,60.874,65.3432,42.6118,48.6992,48.6992,0.16779792031910915,0.0,0.0,0.8389896015955457,1.0
2024-07-31,300645,2.746781115879826,56.1484,58.9685,39.3039,44.9187,44.9187,0.2975121894684605,0.0,0.0,1.0,1.0
2024-07-31,300650,2.194357366771138,39.8882,42.6546,27.9217,31.9106,31.9106,0.4628008701550973,0.0,0.0,1.0,1.0
2024-07-31,300675,2.491103202846978,48.7297,49.2815,34.1108,38.9837,38.9837,0.48511306395682946,0.0,0.0,1.0,1.0
2024-07-31,300686,2.7480916030534486,56.25,55.9533,39.375,45.0,45.0,0.45233644859813077,0.0,0.0,1.0,1.0
2024-07-31,300707,4.391582799634031,91.6159,87.5139,64.1311,73.2927,73.2927,0.288941550707527,0.0,0.0,1.0,1.0
2024-07-31,300721,1.7436791630339954,25.3557,30.7358,17.749,20.2846,20.2846,0.4774376189223815,0.0,0.0,1.0,1.0
2024-07-31,300730,3.9337474120082705,84.8069,78.9766,59.3648,67.8455,67.8455,0.4434447300771208,0.0,0.0,1.0,1.0
2024-07-31,300736,3.2098765432098775,68.5467,74.2005,47.9827,54.8374,54.8374,0.03184281842818426,0.0,0.0,0.1592140921409213,1.0
2024-07-31,300753,3.3302497687326404,72.5102,70.8033,50.7571,58.0081,58.0081,0.360239493819064,0.0,0.0,1.0,1.0
2024-07-31,300771,1.6781836130306038,23.9329,26.0313,40.523,39.1463,37.5888,0.6557521352334152,1.0,1.0,0.6884957295331695,1.0
2024-07-31,300786,2.5092936802973975,49.2378,51.5547,34.4665,39.3902,39.3902,0.3917775090689239,0.0,0.0,1.0,1.0
2024-07-31,300787,3.3081285444234387,71.6972,69.3818,50.188,57.3577,57.3577,0.3987958097297109,0.0,0.0,1.0,1.0
2024-07-31,300817,2.8084252758274753,58.1809,56.8854,40.7266,46.5447,46.5447,0.48296604065855947,0.0,0.0,1.0,1.0
2024-07-31,300823,2.256944444444442,41.7175,45.4376,29.2022,33.374,33.374,0.3968209998140651,0.0,0.0,1.0,1.0
2024-07-31,300828,1.8819503849444086,29.8272,30.0959,20.8791,23.8618,23.8618,0.6882949069045026,0.0,0.0,0.6234101861909949,1.0
2024-07-31,300845,2.362948960302469,45.5793,46.2146,31.9055,36.4634,36.4634,0.5124406700053954,0.0,0.0,0.9751186599892092,1.0
2024-07-31,300867,1.9718309859154681,32.5711,39.7539,22.7998,26.0569,26.0569,0.31515166306319164,0.0,0.0,1.0,1.0
2024-07-31,300885,3.0864197530864335,64.5833,59.3382,45.2083,51.6667,51.6667,0.616423172884386,0.0,0.0,0.767153654231228,1.0
2024-07-31,300912,1.2922465208747402,10.315,23.5695,7.2205,8.252,8.252,0.2341269841269843,0.0,0.0,1.0,1.0
2024-07-31,300931,2.622377622377625,52.2866,50.9521,36.6006,41.8293,41.8293,0.5438601099787147,0.0,0.0,0.9122797800425706,1.0
2024-07-31,300932,2.4615384615384706,48.0183,45.8923,53.5681,53.4146,52.1535,0.6261175937763601,1.0,0.0,0.7477648124472798,1.0
2024-07-31,300967,1.4925373134328401,18.1911,25.5121,37.7337,29.5528,29.5528,0.452039691289967,1.0,0.0,1.0,1.0
2024-07-31,300970,2.582368655387346,51.0671,55.9732,35.747,40.8537,40.8537,0.244025402214637,0.0,0.0,1.0,1.0
2024-07-31,300978,2.620967741935476,52.185,53.0751,36.5295,41.748,41.748,0.43364182001728346,0.0,0.0,1.0,1.0
2024-07-31,301013,3.50701402805611,76.2703,73.8209,53.3892,61.0163,61.0163,0.3597701149425288,0.0,0.0,1.0,1.0
2024-07-31,301027,1.187335092348274,6.8598,19.6979,4.8018,5.4878,5.4878,0.2894931621707911,0.0,0.0,1.0,1.0
2024-07-31,301032,3.7878787878788067,81.7581,76.5439,57.2307,65.4065,65.4065,0.44313242538394065,0.0,0.0,1.0,1.0
2024-07-31,301048,2.3952095808383422,46.3923,49.9212,57.4746,52.1138,52.1138,0.35963231304142834,1.0,0.0,1.0,1.0
2024-07-31,301060,4.387096774193555,91.5142,92.1077,64.06,73.2114,73.2114,0.055181695827725384,0.0,0.0,0.2759084791386269,1.0
2024-07-31,301066,4.862842892768104,97.9167,94.0513,68.5417,78.3333,78.3333,0.21409949409425272,0.0,0.0,1.0,1.0
2024-07-31,301081,1.2413793103448256,8.4858,18.482,5.94,6.7886,6.7886,0.4153297682709867,0.0,0.0,1.0,1.0
2024-07-31,301082,2.312775330396466,43.75,47.0263,30.625,35.0,35.0,0.398683183814065,0.0,0.0,1.0,1.0
2024-07-31,301102,3.2687651331718914,69.9695,71.7573,48.9787,55.9756,55.9756,0.21091479415476808,0.0,0.0,1.0,1.0
2024-07-31,301116,1.8255578093306246,28.2012,31.0378,41.6945,37.561,36.7994,0.5761589403973508,1.0,0.0,0.8476821192052983,1.0
2024-07-31,301120,2.0496224379719763,34.8069,36.6499,24.3648,27.8455,27.8455,0.5597834277268475,0.0,0.0,0.880433144546305,1.0
2024-07-31,301126,2.6058631921823894,51.7785,52.2313,61.2449,56.4228,56.4228,0.4595714752204988,1.0,0.0,1.0,1.0
2024-07-31,301198,1.3597033374536327,13.0589,21.3667,9.1413,10.4472,10.4472,0.45402380655836316,0.0,0.0,1.0,1.0
2024-07-31,301228,2.530364372469629,49.7967,53.8936,34.8577,39.8374,39.8374,0.2971887550200804,0.0,0.0,1.0,1.0
2024-07-31,301321,3.3697632058287796,73.7297,73.2214,51.6108,58.9837,58.9837,0.2881152460984394,0.0,0.0,1.0,1.0
2024-07-31,301355,4.752475247524757,96.5955,92.9438,92.6169,92.2764,92.2764,0.2166323924508861,1.0,0.0,1.0,1.0
2024-07-31,301408,1.1257035647279423,4.4207,19.5101,28.0945,18.5366,18.5366,0.20132302764429222,1.0,0.0,1.0,1.0
2024-07-31,301558,2.71270036991369,55.2337,62.5394,38.6636,44.187,44.187,0.08238093438347364,0.0,0.0,0.4119046719173682,1.0
2024-07-31,600506,2.008733624454151,33.3841,36.6402,23.3689,26.7073,26.7073,0.5033557046979864,0.0,0.0,0.9932885906040272,1.0
2024-07-31,601083,3.1556039173014305,66.311,69.5011,46.4177,53.0488,53.0488,0.17738244867702493,0.0,0.0,0.8869122433851246,1.0
2024-07-31,601133,2.2439024390244144,41.311,43.4424,28.9177,33.0488,33.0488,0.48032063876931025,0.0,0.0,1.0,1.0
2024-07-31,603042,2.0768431983385183,36.4329,42.4069,25.503,29.1463,29.1463,0.3369696969696971,0.0,0.0,1.0,1.0
2024-07-31,603079,1.0344827586207028,1.1687,9.9771,28.9023,20.935,20.456,0.5478947836560923,1.0,1.0,0.9042104326878153,1.0
2024-07-31,603122,1.590106007067127,21.2907,31.0001,39.9035,32.0325,32.0325,0.3016199444384039,1.0,0.0,1.0,1.0
2024-07-31,603191,3.0981067125645634,65.1931,70.4063,45.6352,52.1545,52.1545,0.0874087566194649,0.0,0.0,0.4370437830973245,1.0
2024-07-31,603230,3.287671232876721,70.5793,72.9943,49.4055,56.4634,56.4634,0.17345483919689486,0.0,0.0,0.8672741959844743,1.0
2024-07-31,603657,2.8810408921933206,59.7053,63.8766,41.7937,47.7642,47.7642,0.19438270096165605,0.0,0.0,0.9719135048082802,1.0
2024-07-31,603955,1.7462165308498312,25.5589,36.9832,17.8913,20.4472,20.4472,0.17319848293299614,0.0,0.0,0.8659924146649807,1.0
2024-08-06,000995,2.65379975874549,54.55,60.3628,59.5709,58.64,57.7365,0.16385911179173038,1.0,0.0,0.8192955589586518,1.0
2024-08-06,001219,1.5985790408525657,22.55,33.5252,15.785,18.04,18.04,0.22573978932863742,0.0,0.0,1.0,1.0
2024-08-06,001300,1.9266055045871644,32.75,41.3365,22.925,26.2,26.2,0.24317617866004967,0.0,0.0,1.0,1.0
2024-08-06,001366,3.394495412844023,76.45,75.3268,53.515,61.16,61.16,0.2916590216872974,0.0,0.0,1.0,1.0
2024-08-06,002144,1.5133876600698537,19.65,23.25,33.815,30.72,29.485,0.6235001621446205,1.0,0.0,0.7529996757107591,1.0
2024-08-06,002715,2.890695573622404,61.65,63.0018,43.155,49.32,49.32,0.31590909090909086,0.0,0.0,1.0,1.0
2024-08-06,002729,3.1016042780748654,67.35,71.444,64.3249,68.88,66.925,0.12179888820160542,1.0,0.0,0.608994441008027,1.0
2024-08-06,002780,3.738317757009346,82.65,81.6859,57.855,66.12,66.12,0.22170542635658935,0.0,0.0,1.0,1.0
2024-08-06,002806,1.3756613756613856,14.1,17.3823,9.87,11.28,11.28,0.6948853615520282,0.0,0.0,0.6102292768959436,1.0
2024-08-06,002826,4.4848484848484915,93.85,82.8284,86.1919,90.08,88.9542,0.6125782937383122,1.0,0.0,0.7748434125233756,1.0
2024-08-06,002857,4.681274900398402,96.25,91.3608,67.375,77.0,77.0,0.2819598937129818,0.0,0.0,1.0,1.0
2024-08-06,002858,3.857566765578646,84.65,82.8015,59.255,67.72,67.72,0.24592592592592594,0.0,0.0,1.0,1.0
2024-08-06,002861,1.7162471395880896,25.65,32.3263,17.955,20.52,20.52,0.40968507811341853,0.0,0.0,1.0,1.0
2024-08-06,002875,4.383561643835621,92.15,88.7459,89.505,88.72,88.72,0.24870466321243515,1.0,0.0,1.0,1.0
2024-08-06,002900,3.1070195627157737,67.45,68.407,47.215,53.96,53.96,0.2776508742619327,0.0,0.0,1.0,1.0
2024-08-06,002931,4.670658682634743,96.05,95.6787,67.235,76.84,76.84,0.05806451612903226,0.0,0.0,0.2903225806451613,1.0
2024-08-06,002972,1.81818181818183,29.05,27.1477,33.1503,38.24,35.1938,0.8046165923549892,1.0,0.0,0.39076681529002166,1.0
2024-08-06,003010,1.7226528854435763,25.95,28.299,38.2429,35.76,34.5295,0.6230517770122136,1.0,0.0,0.7538964459755728,1.0
2024-08-06,300069,2.9162746942615225,62.25,60.4465,68.575,64.8,64.8,0.46767676767676775,1.0,0.0,1.0,1.0
2024-08-06,300243,2.539298669891177,50.95,54.9031,35.665,40.76,40.76,0.29284371046728896,0.0,0.0,1.0,1.0
2024-08-06,300250,2.7447392497712775,57.85,62.9418,40.495,46.28,46.28,0.1669106881405564,0.0,0.0,0.8345534407027819,1.0
2024-08-06,300313,1.697792869269965,25.05,38.0786,17.535,20.04,20.04,0.09807073954983914,0.0,0.0,0.4903536977491957,1.0
2024-08-06,300399,2.772277227722797,58.85,56.0669,64.1688,62.08,61.5734,0.5506558476294195,1.0,0.0,0.8986883047411609,1.0
2024-08-06,300500,3.3106134371957197,74.15,69.8449,76.905,74.32,74.32,0.47375464684018387,1.0,0.0,1.0,1.0
2024-08-06,300517,2.5700934579439227,52.15,52.5099,36.505,41.72,41.72,0.46050420168067246,0.0,0.0,1.0,1.0
2024-08-06,300560,1.6000000000000014,22.75,35.5377,15.925,18.2,18.2,0.13311331133113327,0.0,0.0,0.6655665566556663,1.0
2024-08-06,300561,1.2499999999999956,9.15,22.2985,6.405,7.32,7.32,0.2510730240299091,0.0,0.0,1.0,1.0
2024-08-06,300562,4.567307692307665,94.95,85.5389,66.465,75.96,75.96,0.5210537783124747,0.0,0.0,0.9578924433750506,1.0
2024-08-06,300585,1.4680483592400595,17.15,27.5605,12.005,13.72,13.72,0.30797691059773386,0.0,0.0,1.0,1.0
2024-08-06,300611,1.228501228501222,8.15,16.007,5.705,6.52,6.52,0.5256508077915674,0.0,0.0,0.9486983844168653,1.0
2024-08-06,300625,1.2183692596063889,7.95,16.7147,5.565,6.36,6.36,0.48226560687634945,0.0,0.0,1.0,1.0
2024-08-06,300645,3.5008976660682034,78.25,77.8086,54.775,62.6,62.6,0.23957094699296178,0.0,0.0,1.0,1.0
2024-08-06,300650,2.9900332225913706,64.2,63.7023,44.94,51.36,51.36,0.3828869500128801,0.0,0.0,1.0,1.0
2024-08-06,300675,1.5625,21.55,25.8498,15.085,17.24,17.24,0.5695082941910017,0.0,0.0,0.8609834116179966,1.0
2024-08-06,300707,2.303262955854146,44.35,51.2328,31.045,35.48,35.48,0.2123591766652462,0.0,0.0,1.0,1.0
2024-08-06,300721,1.5813953488372112,21.95,29.4369,15.365,17.56,17.56,0.40615379855513417,0.0,0.0,1.0,1.0
2024-08-06,300730,1.3333333333333197,12.05,22.4678,8.435,9.64,9.64,0.35861182519280205,0.0,0.0,1.0,1.0
2024-08-06,300736,3.0303030303030276,65.25,71.807,45.675,52.2,52.2,0.01964769647696477,0.0,0.0,0.09823848238482384,1.0
2024-08-06,300752,2.768166089965396,58.75,58.9775,41.125,47.0,47.0,0.40112464854732904,0.0,0.0,1.0,1.0
2024-08-06,300753,3.5878564857405815,79.85,76.5248,55.895,63.88,63.88,0.36776170637769656,0.0,0.0,1.0,1.0
2024-08-06,300771,1.452513966480451,16.6,23.809,11.62,13.28,13.28,0.4735511563072556,0.0,0.0,1.0,1.0
2024-08-06,300787,3.273809523809512,72.15,70.8616,50.505,57.72,57.72,0.3429218143514313,0.0,0.0,1.0,1.0
2024-08-06,300817,2.564102564102555,51.8,53.3305,36.26,41.44,41.44,0.40547446444276597,0.0,0.0,1.0,1.0
2024-08-06,300823,2.7003484320557325,56.35,57.2207,39.445,45.08,45.08,0.3929669612913434,0.0,0.0,1.0,1.0
2024-08-06,300828,1.8484288354898126,30.05,32.8658,21.035,24.04,24.04,0.5587076192623873,0.0,0.0,0.8825847614752254,1.0
2024-08-06,300840,2.7154663518299538,56.85,64.3197,39.795,45.48,45.48,0.058014092822545583,0.0,0.0,0.2900704641127279,1.0
2024-08-06,300845,4.232283464566944,90.15,82.8398,88.105,87.12,87.12,0.46401080672029316,1.0,0.0,1.0,1.0
2024-08-06,300889,2.263779527559051,42.95,47.7634,30.065,34.36,34.36,0.3298322548674767,0.0,0.0,1.0,1.0
2024-08-06,300931,2.425373134328357,48.25,49.3154,58.775,53.6,53.6,0.46422868821803637,1.0,0.0,1.0,1.0
2024-08-06,300932,2.3579849946409492,46.25,45.8314,32.375,37.0,37.0,0.5584319857531151,0.0,0.0,0.8831360284937697,1.0
2024-08-06,300967,2.042801556420226,35.85,40.6094,55.095,48.68,48.68,0.4035281146637266,1.0,1.0,1.0,1.0
2024-08-06,301013,2.0787746170678245,37.65,44.8556,26.355,30.12,30.12,0.2632183908045977,0.0,0.0,1.0,1.0
2024-08-06,301027,3.125,67.8,68.8231,47.46,54.24,54.24,0.27084564072272443,0.0,0.0,1.0,1.0
2024-08-06,301032,2.0092735703245657,34.75,39.0412,24.325,27.8,27.8,0.437938088621269,0.0,0.0,1.0,1.0
2024-08-06,301060,4.282115869017633,90.75,90.9849,63.525,72.6,72.6,0.08075370121130553,0.0,0.0,0.4037685060565276,1.0
2024-08-06,301082,2.8735632183908066,61.25,61.9628,42.875,49.0,49.0,0.35185933337335684,0.0,0.0,1.0,1.0
2024-08-06,301116,3.589743589743577,79.95,72.9225,78.8899,78.96,78.4412,0.551876379690949,1.0,0.0,0.8962472406181019,1.0
2024-08-06,301126,2.6600985221674867,54.95,51.4798,58.5046,58.96,57.7199,0.624009157555253,1.0,0.0,0.751981684889494,1.0
2024-08-06,301198,2.8277634961439535,60.35,58.3164,42.245,48.28,48.28,0.4981803431996596,0.0,0.0,1.0,1.0
2024-08-06,301228,3.2921810699588328,73.0,72.7775,51.1,58.4,58.4,0.281124497991968,0.0,0.0,1.0,1.0
2024-08-06,301408,1.8292682926829285,29.55,33.7946,45.685,38.64,38.64,0.49226961157647464,1.0,0.0,1.0,1.0
2024-08-06,301558,2.3690773067331916,46.85,55.741,32.795,37.48,37.48,0.08694919644755777,0.0,0.0,0.4347459822377889,1.0
2024-08-06,600689,3.2810271041369576,72.35,74.0705,74.6926,72.88,72.6419,0.1904761904761904,1.0,0.0,0.952380952380952,1.0
2024-08-06,601083,1.4207650273224015,15.35,27.7387,10.745,12.28,12.28,0.2270633403298844,0.0,0.0,1.0,1.0
2024-08-06,603042,2.7746947835738167,59.15,62.0836,41.405,47.32,47.32,0.26181818181818184,0.0,0.0,1.0,1.0
2024-08-06,603122,4.419889502762442,93.05,89.7803,90.135,89.44,89.44,0.23298400441255437,1.0,0.0,1.0,1.0
2024-08-06,603657,1.17647058823529,6.05,20.5896,4.235,4.84,4.84,0.21252101466449544,0.0,0.0,1.0,1.0
2024-08-06,603955,3.4482758620689946,77.45,78.2179,54.215,61.96,61.96,0.18710493046776216,0.0,0.0,0.9355246523388108,1.0
2024-08-07,001217,2.3554603854389677,46.7447,52.2437,32.7213,37.3957,37.3957,0.2576031705006922,0.0,0.0,1.0,1.0
2024-08-07,001219,2.0979020979021046,39.0132,44.9714,27.3093,31.2106,31.2106,0.31195834647074133,0.0,0.0,1.0,1.0
2024-08-07,002205,4.516129032258065,94.1506,91.9534,65.9054,75.3204,75.3204,0.16835016835016836,0.0,0.0,0.8417508417508418,1.0
2024-08-07,002767,2.042628774422739,36.7752,40.645,25.7426,29.4201,29.4201,0.4387568515962827,0.0,0.0,1.0,1.0
2024-08-07,002809,1.3157894736842257,11.648,18.2865,31.0898,24.3184,23.8025,0.5515954392584237,1.0,0.0,0.8968091214831526,1.0
2024-08-07,002861,1.5748031496062964,22.177,29.1103,15.5239,17.7416,17.7416,0.43156416352306187,0.0,0.0,1.0,1.0
2024-08-07,003002,3.8310412573673958,84.2828,82.6187,58.998,67.4262,67.4262,0.24037488015662214,0.0,0.0,1.0,1.0
2024-08-07,300069,2.10237659963437,39.2167,41.3935,52.4517,46.3733,46.3733,0.49898989898989893,1.0,0.0,1.0,1.0
2024-08-07,300250,2.4042742653606286,48.1689,54.3184,33.7182,38.5351,38.5351,0.2108345534407029,0.0,0.0,1.0,1.0
2024-08-07,300500,2.262016965127245,43.4893,44.4685,54.7967,49.7915,49.63,0.5161452673720697,1.0,0.0,0.9677094652558607,1.0
2024-08-07,300562,1.4942528735632399,19.0743,23.2418,13.352,15.2594,15.2594,0.6008781485937285,0.0,0.0,0.7982437028125431,1.0
2024-08-07,300564,3.7394451145959184,82.6551,77.4952,57.8586,66.1241,66.1241,0.4314446544498532,0.0,0.0,1.0,1.0
2024-08-07,300611,1.3349514563106846,12.4619,19.0191,8.7233,9.9695,9.9695,0.5475181128760698,0.0,0.0,0.9049637742478605,1.0
2024-08-07,300625,3.240740740740744,71.3632,66.8797,74.5326,72.0905,71.9851,0.5105412151307123,1.0,0.0,0.9789175697385755,1.0
2024-08-07,300635,3.27225130890052,72.2787,71.1555,75.5951,72.823,72.823,0.33337607469869557,1.0,0.0,1.0,1.0
2024-08-07,300645,1.1274934952298477,4.527,17.944,3.1689,3.6216,3.6216,0.28387895594481355,0.0,0.0,1.0,1.0
2024-08-07,300675,1.6239316239316404,23.8555,27.1746,16.6989,19.0844,19.0844,0.5954931922229879,0.0,0.0,0.8090136155540242,1.0
2024-08-07,300721,1.2820512820512775,10.2238,19.7193,7.1567,8.179,8.179,0.4229847005862898,0.0,0.0,1.0,1.0
2024-08-07,300840,1.724137931034475,26.8057,39.7991,18.764,21.4446,21.4446,0.08227453163924618,0.0,0.0,0.41137265819623087,1.0
2024-08-07,300845,1.0387157695939564,1.6785,11.071,25.6312,16.3428,16.2069,0.5135937619883741,1.0,0.0,0.9728124760232517,1.0
2024-08-07,300884,1.696969696969708,25.6867,33.6881,42.9807,35.5493,35.5493,0.343061229966221,1.0,0.0,1.0,1.0
2024-08-07,300889,1.5399422521655604,21.0071,29.6751,39.705,31.8057,31.8057,0.35653057545192934,1.0,0.0,1.0,1.0
2024-08-07,300932,2.7225130890052407,57.6297,54.226,66.5853,66.1038,65.1649,0.5938863518605294,1.0,1.0,0.8122272962789412,1.0
2024-08-07,301013,1.0718113612004254,2.7976,16.5369,1.9583,2.238,2.238,0.2850574712643678,0.0,0.0,1.0,1.0
2024-08-07,301082,3.9106145251396773,86.1139,81.2379,60.2798,68.8911,68.8911,0.38266449813698056,0.0,0.0,1.0,1.0
2024-08-07,301120,1.6685205784204848,24.8728,29.7607,17.411,19.8983,19.8983,0.5068790512123024,0.0,0.0,0.9862418975753953,1.0
2024-08-07,301149,1.8404907975460016,30.6714,41.4382,21.47,24.5371,24.5371,0.15494424354863734,0.0,0.0,0.7747212177431867,1.0
2024-08-07,301198,2.499999999999991,50.7121,49.5154,58.3899,55.5697,55.0425,0.5527137110858154,1.0,0.0,0.8945725778283693,1.0
2024-08-07,600272,1.9462465245597693,34.3337,34.135,42.3696,42.4669,40.801,0.6665981647047462,1.0,0.0,0.6668036705905076,1.0
2024-08-07,603206,1.9810508182601216,35.0458,44.6725,24.532,28.0366,28.0366,0.16820628464806647,0.0,0.0,0.8410314232403323,1.0
2024-08-07,605169,2.941176470588225,63.2757,60.7451,69.293,65.6205,65.6205,0.4937716678762635,1.0,0.0,1.0,1.0
2024-08-08,000880,1.9366197183098732,33.9519,31.3324,42.1081,47.1615,44.2469,0.7914545201613726,1.0,1.0,0.41709095967725474,1.0
2024-08-08,001219,1.7979452054794454,29.1374,35.2161,20.3962,23.3099,23.3099,0.40468935214198726,0.0,0.0,1.0,1.0
2024-08-08,001322,1.4577259475218707,17.001,31.5356,11.9007,13.6008,13.6008,0.1032617158775939,0.0,0.0,0.5163085793879695,1.0
2024-08-08,002205,3.549382716049365,79.1876,78.0975,80.4313,78.3501,78.3501,0.2626262626262627,1.0,0.0,1.0,1.0
2024-08-08,002633,3.76266280752533,83.5005,76.2091,82.2678,81.8004,81.5048,0.5295629820051414,1.0,0.0,0.9408740359897172,1.0
2024-08-08,002809,1.9480519480519431,34.5537,35.9107,45.7231,42.6429,41.7768,0.5866110245262438,1.0,0.0,0.8267779509475124,1.0
2024-08-08,002828,1.3767209011263937,14.343,24.7605,10.0401,11.4744,11.4744,0.3356949143618673,0.0,0.0,1.0,1.0
2024-08-08,002858,1.6472868217054293,24.5236,34.0781,17.1665,19.6189,19.6189,0.2770370370370372,0.0,0.0,1.0,1.0
2024-08-08,003010,3.2928942807625816,73.3701,66.5158,71.9984,73.6961,72.6059,0.6090164708371361,1.0,0.0,0.7819670583257279,1.0
2024-08-08,300562,3.963759909399789,86.9107,76.9649,60.8375,69.5286,69.5286,0.6281864857952104,0.0,0.0,0.7436270284095792,1.0
2024-08-08,300730,2.7352297592997843,58.0241,58.8871,40.6169,46.4193,46.4193,0.3766066838046273,0.0,0.0,1.0,1.0
2024-08-08,300736,2.930402930402942,63.2397,69.833,44.2678,50.5918,50.5918,0.03794037940379401,0.0,0.0,0.18970189701897003,1.0
2024-08-08,300967,1.7681728880157177,27.9338,34.497,19.5537,22.347,22.347,0.392502756339581,0.0,0.0,1.0,1.0
2024-08-08,300970,4.283216783216792,90.9228,87.3684,63.6459,72.7382,72.7382,0.2684908569451367,0.0,0.0,1.0,1.0
2024-08-08,301057,3.339350180505418,75.3761,70.9035,52.7633,60.3009,60.3009,0.46987038251571567,0.0,0.0,1.0,1.0
2024-08-08,301060,1.4687882496940086,17.5025,31.7678,12.2518,14.002,14.002,0.11170928667563929,0.0,0.0,0.5585464333781964,1.0
2024-08-08,301116,2.9058116232464792,62.6379,58.0574,64.7406,65.1103,64.0838,0.6026490066225165,1.0,0.0,0.794701986754967,1.0
2024-08-08,301126,3.0364372469635414,65.7974,61.1024,67.9871,67.6379,66.8701,0.5767770573101642,1.0,0.0,0.8464458853796717,1.0
2024-08-08,301408,1.7132551848512145,26.1284,33.1217,43.2899,35.9027,35.9027,0.3890517897943106,1.0,0.0,1.0,1.0
2024-08-08,600615,1.5353121801433112,20.5115,28.446,39.3581,31.4092,31.4092,0.39816232771822363,1.0,0.0,1.0,1.0
2024-08-08,600697,3.3138401559454245,74.5737,72.4567,77.2016,74.659,74.659,0.3601124694376062,1.0,0.0,1.0,1.0
2024-08-08,603122,1.981981981981984,35.2558,42.7683,49.679,43.2046,43.2046,0.2718146718146468,1.0,0.0,1.0,1.0
2024-08-08,603151,4.9554013875123815,99.4483,94.3789,69.6138,79.5587,79.5587,0.2589886434684001,0.0,0.0,1.0,1.0
2024-08-08,603506,1.3071895424836555,10.9829,24.289,7.6881,8.7864,8.7864,0.2248668041639587,0.0,0.0,1.0,1.0
2024-08-08,603917,2.7675276752767486,59.0271,62.8837,66.319,62.2217,62.2217,0.2168992248061376,1.0,0.0,1.0,1.0
2024-08-13,002205,2.100161550888524,39.7929,48.5347,49.3533,46.8343,45.9589,0.16498316498316506,1.0,0.0,0.8249158249158253,1.0
2024-08-13,002806,3.6912751677852462,82.1006,74.8608,57.4704,65.6805,65.6805,0.540983606557377,0.0,0.0,0.918032786885246,1.0
2024-08-13,002826,1.1614401858304424,5.7692,13.0604,25.9285,19.6154,18.8379,0.5777500781122709,1.0,0.0,0.8444998437754583,1.0
2024-08-13,002828,2.822085889570558,60.2071,62.7418,67.145,63.1657,63.1657,0.27119421930256754,1.0,0.0,1.0,1.0
2024-08-13,002861,3.28054298642535,72.14,70.4917,50.498,57.712,57.712,0.3610143011657118,0.0,0.0,1.0,1.0
2024-08-13,003002,4.696673189823852,96.6963,94.2499,88.223,92.357,91.2409,0.15535603223689454,1.0,0.0,0.7767801611844727,1.0
2024-08-13,300399,2.0242914979757165,37.1302,40.9812,55.9911,49.7041,49.7041,0.43614659008456297,1.0,1.0,1.0,1.0
2024-08-13,300437,3.587962962962954,80.2268,80.657,56.1588,64.1815,64.1815,0.1762208067940554,0.0,0.0,0.881104033970277,1.0
2024-08-13,300546,1.9390581717451338,34.4675,40.3082,24.1272,27.574,27.574,0.3632862644415918,0.0,0.0,1.0,1.0
2024-08-13,300560,1.2935323383084452,10.4043,26.4275,7.283,8.3235,8.3235,0.09479768786127171,0.0,0.0,0.47398843930635853,1.0
2024-08-13,300561,1.412066752246477,15.1381,29.1448,10.5966,12.1105,12.1105,0.14828209764918623,0.0,0.0,0.7414104882459311,1.0
2024-08-13,300562,1.5819209039548143,22.3373,27.1115,39.1194,32.8698,32.4907,0.5379163144044453,1.0,0.0,0.9241673711911094,1.0
2024-08-13,300605,2.35546038543899,46.7949,50.9226,32.7564,37.4359,37.4359,0.3256632112278226,0.0,0.0,1.0,1.0
2024-08-13,300626,3.4928848641655907,78.1558,69.7785,74.2168,77.5247,76.1516,0.6373056994818653,1.0,0.0,0.7253886010362693,1.0
2024-08-13,300635,2.8683181225554133,61.2919,64.1558,67.9043,64.0335,64.0335,0.24388606683181926,1.0,0.0,1.0,1.0
2024-08-13,300649,3.658536585365857,81.9034,81.7586,81.1527,80.5227,80.2278,0.18820348826707353,1.0,0.0,0.9410174413353676,1.0
2024-08-13,300665,4.7244094488189115,97.1893,93.7637,92.9715,92.7515,92.7362,0.19938962360122742,1.0,0.0,0.996948118006137,1.0
2024-08-13,300686,2.8831562974203306,61.8836,62.7033,43.3185,49.5069,49.5069,0.3401826484018265,0.0,0.0,1.0,1.0
2024-08-13,300707,1.2452107279693703,8.7278,25.3455,6.1095,6.9822,6.9822,0.08183636049515228,0.0,0.0,0.40918180247576136,1.0
2024-08-13,300730,1.452513966480451,16.8146,29.0796,11.7702,13.4517,13.4517,0.21860465116279057,0.0,0.0,1.0,1.0
2024-08-13,300752,3.2815198618307395,72.3373,72.7704,50.6361,57.8698,57.8698,0.2549707602339181,0.0,0.0,1.0,1.0
2024-08-13,300771,1.8497109826589586,31.3116,38.2593,21.9181,25.0493,25.0493,0.3394980847918473,0.0,0.0,1.0,1.0
2024-08-13,300787,4.310344827586232,91.568,88.1483,64.0976,73.2544,73.2544,0.25530521309546705,0.0,0.0,1.0,1.0
2024-08-13,300823,3.038427167113489,66.1243,67.4311,71.287,67.8994,67.8994,0.27341431131329264,1.0,0.0,1.0,1.0
2024-08-13,300840,1.1862396204033177,6.7554,24.3284,4.7288,5.4043,5.4043,0.053794886071814936,0.0,0.0,0.26897443035907465,1.0
2024-08-13,300867,1.382488479262678,14.3491,26.8479,35.0444,26.4793,26.4793,0.2315670213782139,1.0,0.0,1.0,1.0
2024-08-13,300932,1.0416666666666519,1.5286,11.1863,30.9969,21.2229,21.2046,0.50182783093035,1.0,1.0,0.9963443381393,1.0
2024-08-13,300943,2.5985663082437105,53.0079,55.0042,67.1055,62.4063,62.4063,0.37010800380769143,1.0,1.0,1.0,1.0
2024-08-13,300948,1.3683010262257822,13.4615,27.6446,30.0462,25.7692,24.675,0.15623147562951467,1.0,0.0,0.7811573781475734,1.0
2024-08-13,300958,2.1505376344086002,40.927,50.4779,28.6489,32.7416,32.7416,0.11318577112446283,0.0,0.0,0.5659288556223141,1.0
2024-08-13,300967,1.5920398009950265,22.8304,32.2942,15.9813,18.2643,18.2643,0.2985074626865672,0.0,0.0,1.0,1.0
2024-08-13,300978,2.6795284030010746,55.6706,60.1183,38.9694,44.5365,44.5365,0.22090954420788347,0.0,0.0,1.0,1.0
2024-08-13,301013,2.383531960996743,47.7811,55.3059,33.4467,38.2249,38.2249,0.14594594594594584,0.0,0.0,0.7297297297297292,1.0
2024-08-13,301027,3.4946236559139754,78.2544,79.0239,77.6764,77.6036,77.0781,0.17898292879234728,1.0,0.0,0.8949146439617364,1.0
2024-08-13,301081,2.20994475138121,42.4556,47.1966,29.7189,33.9645,33.9645,0.338394396156563,0.0,0.0,1.0,1.0
2024-08-13,301082,1.7006802721088565,26.2821,35.6518,18.3974,21.0256,21.0256,0.26869236418307174,0.0,0.0,1.0,1.0
2024-08-13,301120,1.9406392694063967,34.5661,40.9921,24.1963,27.6529,27.6529,0.33303841754226315,0.0,0.0,1.0,1.0
2024-08-13,301125,1.4301430143014437,15.4339,25.6739,35.8037,27.3471,27.3471,0.3336605321498584,1.0,0.0,1.0,1.0
2024-08-13,301198,2.885821831869495,61.9822,62.0462,68.3876,64.5858,64.5858,0.3769798388341674,1.0,0.0,1.0,1.0
2024-08-13,301228,3.376365441906648,75.9862,76.4802,53.1903,60.789,60.789,0.2154377880184333,0.0,0.0,1.0,1.0
2024-08-13,603042,1.7297297297297343,27.2682,38.3167,19.0878,21.8146,21.8146,0.1748942172073343,0.0,0.0,0.8744710860366715,1.0
2024-08-15,000586,1.5936254980079667,22.9934,35.9044,33.5467,33.3947,31.5076,0.12451361867704282,1.0,0.0,0.622568093385214,1.0
2024-08-15,000995,3.16973415132924,69.5467,67.7967,73.6827,70.6374,70.6374,0.39203675344563543,1.0,0.0,1.0,1.0
2024-08-15,002857,1.0166358595194103,0.7082,17.543,0.4958,0.5666,0.5666,0.1511761412427702,0.0,0.0,0.755880706213851,1.0
2024-08-15,002858,1.8981018981018893,33.6166,44.7283,39.3564,41.8933,39.5995,0.10824742268041222,1.0,0.0,0.541237113402061,1.0
2024-08-15,002875,1.7825311942959,29.6034,40.406,42.1061,38.6827,37.7787,0.1638376383763838,1.0,0.0,0.8191881918819189,1.0
2024-08-15,300250,4.118173679498671,89.7545,87.7626,62.8281,71.8036,71.8036,0.20204978038067356,0.0,0.0,1.0,1.0
2024-08-15,300340,4.060150375939853,88.5269,88.8715,61.9688,70.8215,70.8215,0.09750000000000014,0.0,0.0,0.4875000000000007,1.0
2024-08-15,300417,4.419191919191912,92.9651,84.0238,65.0755,74.372,74.372,0.5174129353233833,0.0,0.0,0.9651741293532334,1.0
2024-08-15,300501,4.730368968779564,97.3088,95.6779,83.9617,92.847,90.5584,0.10845549023595537,1.0,0.0,0.5422774511797768,1.0
2024-08-15,300517,1.2850467289719614,10.6232,20.4539,7.4363,8.4986,8.4986,0.4022346368715085,0.0,0.0,1.0,1.0
2024-08-15,300518,3.2425421530480003,71.5297,74.2933,69.7234,72.2238,70.8869,0.14652567975830813,1.0,0.0,0.7326283987915406,1.0
2024-08-15,300546,2.4236983842010673,49.4334,51.4851,34.6034,39.5467,39.5467,0.40308087291399247,0.0,0.0,1.0,1.0
2024-08-15,300560,4.780114722753348,97.7809,95.3808,87.6663,93.2247,91.7797,0.14219653179190747,1.0,0.0,0.7109826589595373,1.0
2024-08-15,300561,3.282828282828265,72.7573,74.77,50.9301,58.2059,58.2059,0.17179023508137437,0.0,0.0,0.8589511754068718,1.0
2024-08-15,300562,1.122334455667784,4.4854,13.377,27.7173,18.5883,18.4827,0.5105623685825819,1.0,0.0,0.9788752628348363,1.0
2024-08-15,300588,1.6645326504481472,25.2597,34.3254,42.6818,35.2077,35.2077,0.29411764705882343,1.0,0.0,1.0,1.0
2024-08-15,300605,2.9442691903259766,64.0699,63.912,44.8489,51.2559,51.2559,0.3671961331158608,0.0,0.0,1.0,1.0
2024-08-15,300625,1.0377358490566202,1.5581,14.5623,26.0907,16.2465,16.2465,0.334208542330297,1.0,0.0,1.0,1.0
2024-08-15,300642,1.725625539257969,27.526,38.1371,43.6865,37.0208,36.8754,0.19418309535802245,1.0,0.0,0.9709154767901121,1.0
2024-08-15,300650,1.8338727076591121,31.1143,38.872,21.78,24.8914,24.8914,0.3009699457392911,0.0,0.0,1.0,1.0
2024-08-15,300686,3.571428571428581,79.9339,76.4094,55.9537,63.9471,63.9471,0.37688442211055273,0.0,0.0,1.0,1.0
2024-08-15,300736,1.338199513381988,12.8423,29.4744,8.9896,10.2738,10.2738,0.039972899728997334,0.0,0.0,0.19986449864498665,1.0
2024-08-15,300753,1.0230179028132724,0.8971,14.0908,25.628,15.7177,15.7177,0.331343766741784,1.0,0.0,1.0,1.0
2024-08-15,300771,1.2415349887133331,9.3012,20.6966,6.5109,7.441,7.441,0.3372166269951451,0.0,0.0,1.0,1.0
2024-08-15,300786,1.0121457489878471,0.5194,19.0885,0.3636,0.4155,0.4155,0.06635071090047394,0.0,0.0,0.33175355450236965,1.0
2024-08-15,300840,2.1531100478468845,41.7847,52.4995,29.2493,33.4278,33.4278,0.04641127425803635,0.0,0.0,0.23205637129018175,1.0
2024-08-15,300845,1.0784313725490158,2.9745,15.3878,2.0822,2.3796,2.3796,0.3495902094885543,0.0,0.0,1.0,1.0
2024-08-15,300884,2.4705882352941355,50.5666,54.3082,60.3966,55.4533,55.4533,0.30725466406635055,1.0,0.0,1.0,1.0
2024-08-15,300958,1.7061611374407537,26.7705,38.0383,40.6302,36.4164,35.6391,0.16890799690881378,1.0,0.0,0.8445399845440689,1.0
2024-08-15,300967,1.4749262536873253,18.0831,28.5841,12.6582,14.4665,14.4665,0.29411764705882343,0.0,0.0,1.0,1.0
2024-08-15,301013,3.002070393374745,65.3919,70.3257,45.7743,52.3135,52.3135,0.09938837920489287,0.0,0.0,0.4969418960244643,1.0
2024-08-15,301040,4.089219330855021,89.1879,86.3624,87.4315,86.3503,86.3503,0.2493946731234867,1.0,0.0,1.0,1.0
2024-08-15,301066,2.3809523809523725,48.1114,55.1425,55.4112,53.4891,52.6724,0.16733168616893734,1.0,0.0,0.8366584308446867,1.0
2024-08-15,301082,1.1148272017837302,3.9188,17.3344,2.7432,3.135,3.135,0.2900340267069121,0.0,0.0,1.0,1.0
2024-08-15,301321,2.72045028142589,57.6487,62.9881,40.3541,46.119,46.119,0.15654520917678813,0.0,0.0,0.7827260458839406,1.0
2024-08-15,301365,2.0389249304911816,38.102,41.3331,51.6714,45.4816,45.4816,0.4574248606136514,1.0,0.0,1.0,1.0
2024-08-15,603042,1.6684045881126153,25.3541,36.731,17.7479,20.2833,20.2833,0.1776119402985074,0.0,0.0,0.888059701492537,1.0
2024-08-15,603955,1.754385964912264,28.3758,40.779,19.8631,22.7007,22.7007,0.09608091024020234,0.0,0.0,0.48040455120101166,1.0
2024-08-15,605122,1.9387755102040716,35.2691,44.0783,49.6884,43.2153,43.2153,0.2068519926764347,1.0,0.0,1.0,1.0
2024-08-26,000586,3.0346820809248554,66.215,72.0641,46.3505,52.972,52.972,0.04539559014267181,0.0,0.0,0.22697795071335905,1.0
2024-08-26,001216,1.6129032258064502,24.0187,37.5102,16.8131,19.215,19.215,0.0852366414706302,0.0,0.0,0.426183207353151,1.0
2024-08-26,001219,1.2927054478301114,12.1028,26.1146,8.472,9.6822,9.6822,0.17838280653627064,0.0,0.0,0.8919140326813532,1.0
2024-08-26,002633,1.3966480446927276,16.5888,22.9346,35.9394,28.271,28.1028,0.5168195718654435,1.0,0.0,0.966360856269113,1.0
2024-08-26,002729,3.375120540019294,76.5888,76.5762,78.6121,76.271,76.271,0.2347396754430941,1.0,0.0,1.0,1.0
2024-08-26,002767,1.1965811965811923,8.0841,19.3173,30.6589,21.4673,21.4673,0.35749886078834464,1.0,0.0,1.0,1.0
2024-08-26,002848,1.1661807580174877,6.8692,22.3818,25.3762,20.4953,19.3873,0.15567765567765576,1.0,0.0,0.7783882783882787,1.0
2024-08-26,002861,4.468718967229379,94.3458,85.1856,95.46,95.4766,95.3311,0.5145505328693698,1.0,1.0,0.9708989342612604,1.0
2024-08-26,002875,1.0223048327137496,0.8879,18.1125,0.6215,0.7103,0.7103,0.12988929889298892,0.0,0.0,0.6494464944649445,1.0
2024-08-26,002910,4.166666666666674,90.1402,91.2695,63.0981,72.1121,72.1121,0.04213483146067401,0.0,0.0,0.21067415730337005,1.0
2024-08-26,300500,4.22386483632522,90.7009,86.6324,63.4907,72.5607,72.5607,0.29641739875726836,0.0,0.0,1.0,1.0
2024-08-26,300501,2.24014336917564,43.972,50.7632,55.7804,50.1776,50.1776,0.22071643626966309,1.0,0.0,1.0,1.0
2024-08-26,300518,2.5609756097561,53.4112,58.2778,62.3879,57.729,57.729,0.22256097560975593,1.0,0.0,1.0,1.0
2024-08-26,300539,3.4255599472990728,77.5234,77.9732,79.2664,77.0187,77.0187,0.2022759845977858,1.0,0.0,1.0,1.0
2024-08-26,300605,1.5306122448979442,21.0748,28.0989,14.7523,16.8598,16.8598,0.43804641163074975,0.0,0.0,1.0,1.0
2024-08-26,300611,3.661616161616177,82.2897,79.4869,57.6028,65.8318,65.8318,0.3172433489733072,0.0,0.0,1.0,1.0
2024-08-26,300626,3.296703296703307,73.972,69.727,51.7804,59.1776,59.1776,0.4725274725274728,0.0,0.0,1.0,1.0
2024-08-26,300675,4.456327985739761,94.1589,89.9643,65.9112,75.3271,75.3271,0.2681397401941655,0.0,0.0,1.0,1.0
2024-08-26,300703,1.26050420168069,10.7009,28.0769,7.4907,8.5607,8.5607,0.024193548387096732,0.0,0.0,0.12096774193548365,1.0
2024-08-26,300707,3.166986564299412,69.5794,74.0971,48.7056,55.6636,55.6636,0.07832205409775289,0.0,0.0,0.39161027048876446,1.0
2024-08-26,300736,3.457446808510656,78.1776,82.3555,54.7243,62.5421,62.5421,0.009327115256495648,0.0,0.0,0.04663557628247824,1.0
2024-08-26,300787,2.144772117962468,41.5421,46.1039,54.0794,48.2336,48.2336,0.3564865700118439,1.0,0.0,1.0,1.0
2024-08-26,300828,2.1682567215958404,42.1028,44.7047,54.472,48.6822,48.6822,0.44887603428630557,1.0,0.0,1.0,1.0
2024-08-26,300885,4.042806183115322,88.1776,79.5061,89.6524,90.5421,90.0241,0.5517965426182203,1.0,1.0,0.8964069147635594,1.0
2024-08-26,300932,2.9629629629629672,64.5794,62.2321,45.2056,51.6636,51.6636,0.4715744603390756,0.0,0.0,1.0,1.0
2024-08-26,300943,2.5257249766136747,52.4766,56.795,36.7336,41.9813,41.9813,0.2593158923106818,0.0,0.0,1.0,1.0
2024-08-26,300978,1.3086150490730475,12.6636,26.3636,8.8645,10.1308,10.1308,0.1883626844358891,0.0,0.0,0.9418134221794455,1.0
2024-08-26,300989,2.008733624454151,37.2897,47.0981,26.1028,29.8318,29.8318,0.1366856070073362,0.0,0.0,0.6834280350366809,1.0
2024-08-26,301013,4.3977055449330615,93.3178,90.5109,90.3224,89.6542,89.6542,0.2071651090342679,1.0,0.0,1.0,1.0
2024-08-26,301027,1.0869565217391353,3.271,19.3478,2.2897,2.6168,2.6168,0.1634508126121178,0.0,0.0,0.817254063060589,1.0
2024-08-26,301040,1.241642788920716,10.2336,23.9012,32.1636,23.1869,23.1869,0.2142857142857144,1.0,0.0,1.0,1.0
2024-08-26,301057,3.1078610603290535,68.6449,70.9454,72.9041,69.9159,69.8791,0.19852664770735765,1.0,0.0,0.9926332385367882,1.0
2024-08-26,301060,3.221957040572798,71.3551,74.567,49.9486,57.0841,57.0841,0.12585499316005475,0.0,0.0,0.6292749658002736,1.0
2024-08-26,301069,2.3872679045092715,48.8318,58.6204,34.1822,39.0654,39.0654,0.02225292658514306,0.0,0.0,0.11126463292571528,1.0
2024-08-26,301167,3.9962825278810454,87.243,86.7446,61.0701,69.7944,69.7944,0.15249167464053984,0.0,0.0,0.7624583732026992,1.0
2024-08-26,301228,3.186022610483019,70.3271,73.7862,49.229,56.2617,56.2617,0.12377450980392157,0.0,0.0,0.6188725490196079,1.0
2024-08-26,301246,1.9080659150043422,34.0654,47.2523,23.8458,27.2523,27.2523,0.0,0.0,0.0,0.0,1.0
2024-08-26,301298,4.177777777777791,90.3738,91.9474,63.2617,72.2991,72.2991,0.017585072823650984,0.0,0.0,0.08792536411825491,1.0
2024-08-26,301321,1.6281062553556103,24.5327,33.7692,42.1729,34.6262,34.6262,0.29284750337381915,1.0,0.0,1.0,1.0
2024-08-26,301558,1.5151515151515138,20.7009,36.2936,14.4907,16.5607,16.5607,0.013357741316787825,0.0,0.0,0.06678870658393912,1.0
2024-08-26,600272,2.0454545454545503,38.5514,48.0856,26.986,30.8411,30.8411,0.1377768283704622,0.0,0.0,0.688884141852311,1.0
2024-08-26,600444,1.630434782608714,24.8131,37.7839,17.3692,19.8505,19.8505,0.10332749562171625,0.0,0.0,0.5166374781085812,1.0
2024-08-26,603917,2.3946360153256796,49.1121,56.9404,34.3785,39.2897,39.2897,0.11746613708115716,0.0,0.0,0.5873306854057858,1.0
2024-08-26,603978,3.482045701849845,78.6449,79.4587,55.0514,62.9159,62.9159,0.17285714285714274,0.0,0.0,0.8642857142857137,1.0
2024-08-26,605287,1.85546875,32.1028,44.5929,22.472,25.6822,25.6822,0.05446677569996575,0.0,0.0,0.2723338784998287,1.0
2024-08-28,000586,2.0437956204379715,38.7764,50.1623,27.1435,31.0212,31.0212,0.042944785276073524,0.0,0.0,0.2147239263803676,1.0
2024-08-28,001219,4.003639672429471,87.2585,85.3872,86.081,84.8068,84.8068,0.2209816857091115,1.0,0.0,1.0,1.0
2024-08-28,002205,1.9908116385911168,37.3045,44.2544,51.1132,44.8436,44.8436,0.2794612794612795,1.0,0.0,1.0,1.0
2024-08-28,002633,1.3623978201634968,15.3174,20.8166,37.8476,32.2539,31.5353,0.5718654434250764,1.0,1.0,0.8562691131498472,1.0
2024-08-28,002729,2.2094140249759864,43.3763,49.9176,55.3634,49.701,49.701,0.23916872592315247,1.0,0.0,1.0,1.0
2024-08-28,002806,2.4615384615384706,51.15,47.6972,59.3595,60.92,59.3086,0.6611374407582938,1.0,1.0,0.6777251184834123,1.0
2024-08-28,002858,3.4669555796316365,77.9669,81.8833,54.5768,62.3735,62.3735,0.02450980392156869,0.0,0.0,0.12254901960784344,1.0
2024-08-28,002875,1.1111111111111072,4.0018,20.5446,2.8013,3.2015,3.2015,0.13284132841328417,0.0,0.0,0.6642066420664208,1.0
2024-08-28,002972,2.85110876451955,62.2355,58.3745,70.7371,69.7884,69.0815,0.5706942990385672,1.0,1.0,0.8586114019228657,1.0
2024-08-28,003010,2.2589052997393555,44.6642,44.8167,54.4357,50.7314,50.2741,0.5457319792966818,1.0,0.0,0.9085360414066364,1.0
2024-08-28,300220,3.748125937031488,83.3027,78.7086,58.3119,66.6421,66.6421,0.39667896678966796,0.0,0.0,1.0,1.0
2024-08-28,300306,3.5674470457078833,79.8988,77.4794,80.9292,78.919,78.919,0.32197972787874213,1.0,0.0,1.0,1.0
2024-08-28,300514,1.507092198581561,20.8372,36.2877,14.586,16.6697,16.6697,0.019104017022057204,0.0,0.0,0.09552008511028602,1.0
2024-08-28,300518,1.371571072319222,15.5934,28.5723,10.9154,12.4747,12.4747,0.1951219512195121,0.0,0.0,0.9756097560975604,1.0
2024-08-28,300535,3.7998146431881485,84.2226,83.2353,83.9558,82.3781,82.3781,0.20713875523158903,1.0,0.0,1.0,1.0
2024-08-28,300539,2.5299600532623145,52.8519,58.7105,59.8515,57.2815,56.7453,0.17855185031073117,1.0,0.0,0.8927592515536559,1.0
2024-08-28,300605,1.2168141592920456,9.2456,22.3491,6.4719,7.3965,7.3965,0.25236981966069616,0.0,0.0,1.0,1.0
2024-08-28,300626,4.827586206896539,98.2061,89.2791,68.7443,78.5649,78.5649,0.46428571428571463,0.0,0.0,1.0,1.0
2024-08-28,300707,1.6314779270633517,25.253,38.636,17.6771,20.2024,20.2024,0.07832205409775289,0.0,0.0,0.39161027048876446,1.0
2024-08-28,300753,4.052863436123366,88.4545,85.3516,86.9181,85.7636,85.7636,0.27060000682209884,1.0,0.0,1.0,1.0
2024-08-28,300787,1.180744777475029,7.5897,19.4277,30.3128,21.0718,21.0718,0.33220304435191345,1.0,0.0,1.0,1.0
2024-08-28,300828,4.028648164726922,87.9025,83.106,86.5317,85.322,85.322,0.36080071634863586,1.0,0.0,1.0,1.0
2024-08-28,300845,3.5105315947843607,79.1628,76.9877,55.414,63.3303,63.3303,0.31712813657867595,0.0,0.0,1.0,1.0
2024-08-28,300912,1.7505470459518557,29.2088,41.9742,20.4462,23.3671,23.3671,0.06964285714285724,0.0,0.0,0.3482142857142862,1.0
2024-08-28,300932,1.8947368421052602,33.7167,37.3401,23.6017,26.9733,26.9733,0.481658917202834,0.0,0.0,1.0,1.0
2024-08-28,301013,4.467680608365021,94.1582,90.9964,90.9108,90.3266,90.3266,0.21651090342679105,1.0,0.0,1.0,1.0
2024-08-28,301027,2.799552071668532,60.8556,59.3191,67.5989,63.6845,63.6845,0.46826859264912085,1.0,0.0,1.0,1.0
2024-08-28,301040,2.4415055951169995,50.598,57.7423,35.4186,40.4784,40.4784,0.13680387409200975,0.0,0.0,0.6840193704600487,1.0
2024-08-28,301057,3.0701754385964897,67.3873,67.9565,72.1711,68.9098,68.9098,0.29766866439451917,1.0,0.0,1.0,1.0
2024-08-28,301069,2.9438001784120926,64.4434,71.1143,45.1104,51.5547,51.5547,0.022019593067068677,0.0,0.0,0.11009796533534338,1.0
2024-08-28,600506,2.8368794326241176,61.7755,64.56,43.2429,49.4204,49.4204,0.24302134646962212,0.0,0.0,1.0,1.0
2024-08-28,603042,1.1866235167206085,8.0497,23.8427,5.6348,6.4397,6.4397,0.1298507462686566,0.0,0.0,0.649253731343283,1.0
2024-08-28,603045,4.75113122171944,97.1941,96.5854,68.0359,77.7553,77.7553,0.05849277305406657,0.0,0.0,0.2924638652703328,1.0
2024-08-28,603679,1.1627906976744207,6.8077,24.2849,4.7654,5.4462,5.4462,0.058061946197665235,0.0,0.0,0.29030973098832613,1.0
2024-08-28,605122,1.26050420168069,11.1316,25.039,32.1231,23.9052,23.738,0.193310002252515,1.0,0.0,0.9665500112625749,1.0
2024-08-28,605488,1.6197783461210369,24.425,37.4144,17.0975,19.54,19.54,0.10628058806651067,0.0,0.0,0.5314029403325533,1.0
2024-08-29,000880,1.8979833926453082,34.1171,42.5035,23.882,27.2937,27.2937,0.23951048951048962,0.0,0.0,1.0,1.0
2024-08-29,000995,1.9323671497584627,35.2263,44.9345,24.6584,28.181,28.181,0.16232771822358338,0.0,0.0,0.8116385911179169,1.0
2024-08-29,001219,1.0498687664042272,2.3514,15.1185,26.646,16.8811,16.8811,0.3381286034344234,1.0,0.0,1.0,1.0
2024-08-29,001322,4.011887072808329,87.622,88.5803,61.3354,70.0976,70.0976,0.07586575044068129,0.0,0.0,0.37932875220340645,1.0
2024-08-29,002861,2.3255813953488413,46.8057,44.7237,57.3223,57.4445,56.0841,0.6360416309079706,1.0,1.0,0.7279167381840588,1.0
2024-08-29,300220,3.3236994219653315,75.1996,71.3036,52.6398,60.1597,60.1597,0.4428044280442805,0.0,0.0,1.0,1.0
2024-08-29,300399,4.499999999999993,94.543,85.5283,95.9678,95.6344,95.5813,0.505307855626327,1.0,1.0,0.9893842887473461,1.0
2024-08-29,300501,2.4021352313167377,49.9113,55.2102,59.9379,54.929,54.929,0.23593825946067426,1.0,0.0,1.0,1.0
2024-08-29,300514,3.406113537117905,77.3292,80.8249,54.1304,61.8634,61.8634,0.05192151741424831,0.0,0.0,0.25960758707124154,1.0
2024-08-29,300539,2.9870129870129825,65.528,67.7244,70.8696,67.4224,67.4224,0.23489666924248617,1.0,0.0,1.0,1.0
2024-08-29,300546,1.538461538461533,22.2272,29.9512,15.559,17.7817,17.7817,0.3915275994865212,0.0,0.0,1.0,1.0
2024-08-29,300560,2.0912547528517234,40.5945,49.4626,48.4812,47.4756,46.2419,0.15065069825279936,1.0,0.0,0.7532534912639968,1.0
2024-08-29,300561,1.3140604467805295,13.6202,28.5815,9.5342,10.8962,10.8962,0.11573236889692604,0.0,0.0,0.5786618444846301,1.0
2024-08-29,300585,1.4860139860139787,20.3638,32.5912,14.2547,16.291,16.291,0.184993590117126,0.0,0.0,0.9249679505856299,1.0
2024-08-29,300588,1.674641148325362,26.7524,33.1231,48.7267,41.402,41.402,0.41394335511982555,1.0,1.0,1.0,1.0
2024-08-29,300611,1.3349514563106846,14.5519,23.4678,10.1863,11.6415,11.6415,0.40868844296304574,0.0,0.0,1.0,1.0
2024-08-29,300615,1.0214504596527174,0.8873,16.5483,0.6211,0.7098,0.7098,0.20807833537331677,0.0,0.0,1.0,1.0
2024-08-29,300650,2.1645021645021467,42.2804,47.9116,29.5963,33.8243,33.8243,0.29563383845485836,0.0,0.0,1.0,1.0
2024-08-29,300707,3.021718602455148,66.3265,70.8974,46.4286,53.0612,53.0612,0.1081936584756484,0.0,0.0,0.540968292378242,1.0
2024-08-29,300730,1.2571428571428456,11.047,25.0857,7.7329,8.8376,8.8376,0.18759689922480619,0.0,0.0,0.9379844961240309,1.0
2024-08-29,300736,4.166666666666652,90.1952,91.9052,63.1366,72.1562,72.1562,0.012549537648612972,0.0,0.0,0.06274768824306486,1.0
2024-08-29,300771,2.278177458033559,45.4747,52.4477,31.8323,36.3798,36.3798,0.19660562668307596,0.0,0.0,0.9830281334153798,1.0
2024-08-29,300787,3.2315978456014305,71.6504,70.3255,75.1553,72.3203,72.3203,0.3497411462174189,1.0,0.0,1.0,1.0
2024-08-29,300817,2.376760563380298,49.024,47.3709,55.6201,54.2192,53.295,0.5924157473764508,1.0,0.0,0.8151685052470985,1.0
2024-08-29,300828,2.581755593803803,54.7915,54.4153,68.354,63.8332,63.8332,0.47089486377072254,1.0,1.0,1.0,1.0
2024-08-29,300845,1.2596899224806002,11.2245,21.6491,7.8571,8.9796,8.9796,0.36652694318066487,0.0,0.0,1.0,1.0
2024-08-29,300854,4.4057377049180335,93.4783,91.9862,65.4348,74.7826,74.7826,0.1398180234605372,0.0,0.0,0.699090117302686,1.0
2024-08-29,300885,2.3728813559322104,48.9352,46.243,58.4442,59.1482,57.6956,0.645260770697833,1.0,1.0,0.7094784586043339,1.0
2024-08-29,300943,1.4625228519195677,19.5652,29.7684,13.6957,15.6522,15.6522,0.2941880254410641,0.0,0.0,1.0,1.0
2024-08-29,301013,3.2757051865331954,72.9814,72.5907,76.087,73.3851,73.3851,0.28971962616822405,1.0,0.0,1.0,1.0
2024-08-29,301069,2.3396880415944787,47.2493,56.667,33.0745,37.7995,37.7995,0.05662181074389029,0.0,0.0,0.28310905371945144,1.0
2024-08-29,301126,3.440366972477049,77.7728,77.3194,54.441,62.2183,62.2183,0.2449415399528412,0.0,0.0,1.0,1.0
2024-08-29,301149,1.0215664018160986,1.0204,15.7102,25.7143,15.8163,15.8163,0.2553038331566714,1.0,0.0,1.0,1.0
2024-08-29,301188,2.5570776255707806,54.0816,62.8653,37.8571,43.2653,43.2653,0.01999926485102731,0.0,0.0,0.09999632425513655,1.0
2024-08-29,301321,3.273040482342804,72.8039,72.5481,75.9627,73.2431,73.2431,0.28475033738191624,1.0,0.0,1.0,1.0
2024-08-29,600444,1.352569882777277,15.3061,30.0032,10.7143,12.2449,12.2449,0.11208406304728555,0.0,0.0,0.5604203152364277,1.0
2024-08-29,603037,1.01522842639592,0.5768,19.7908,0.4037,0.4614,0.4614,0.033530492012892,0.0,0.0,0.16765246006446,1.0
2024-08-29,603045,3.5637149028077797,79.9911,81.3779,55.9938,63.9929,63.9929,0.13074855153261902,0.0,0.0,0.6537427576630951,1.0
2024-08-29,603206,2.864583333333326,62.5998,68.5305,43.8199,50.0799,50.0799,0.07747001396329234,0.0,0.0,0.3873500698164617,1.0
2024-08-29,603214,1.0617760617760652,2.795,19.7908,1.9565,2.236,2.236,0.12226132045544484,0.0,0.0,0.6113066022772242,1.0
2024-08-29,603230,2.4144869215291687,50.3549,59.6156,35.2484,40.2839,40.2839,0.033418394571572266,0.0,0.0,0.16709197285786132,1.0
2024-08-29,603559,4.940119760479056,99.4232,81.879,84.2771,99.5386,95.7088,0.8829787234042552,1.0,1.0,0.2340425531914896,1.0
2024-08-29,603978,3.842049092849531,85.0488,84.0676,59.5342,68.039,68.039,0.1985714285714284,0.0,0.0,0.992857142857142,1.0
2024-08-30,000020,2.6119402985074647,56.7625,61.0222,64.7337,60.41,60.41,0.2193877551020409,1.0,0.0,1.0,1.0
2024-08-30,000586,1.1173184357541999,4.7337,21.8301,3.3136,3.787,3.787,0.09784411276948589,0.0,0.0,0.4892205638474294,1.0
2024-08-30,000995,2.369668246445511,49.5773,55.9253,34.7041,39.6619,39.6619,0.18683001531393564,0.0,0.0,0.9341500765696782,1.0
2024-08-30,001216,1.7590149516270914,29.459,41.0842,20.6213,23.5672,23.5672,0.12414902127243947,0.0,0.0,0.6207451063621974,1.0
2024-08-30,001219,1.3852813852813783,17.1175,26.2924,36.9822,28.694,28.694,0.3700777628140545,1.0,0.0,1.0,1.0
2024-08-30,001318,2.9053420805998043,64.8774,65.6229,70.4142,66.9019,66.9019,0.31395297819382983,1.0,0.0,1.0,1.0
2024-08-30,001322,2.2857142857142687,46.1961,54.3016,32.3373,36.9569,36.9569,0.13276506327119222,0.0,0.0,0.6638253163559611,1.0
2024-08-30,002633,2.5367156208277564,54.3956,51.1617,63.3674,63.5165,62.3391,0.6177370030581041,1.0,1.0,0.7645259938837918,1.0
2024-08-30,002729,1.5843429636533068,23.6264,33.4091,41.5385,33.9011,33.9011,0.2746011297636195,1.0,0.0,1.0,1.0
2024-08-30,002806,2.2222222222222143,44.0828,41.3326,30.858,35.2663,35.2663,0.6966824644549764,0.0,0.0,0.6066350710900472,1.0
2024-08-30,002826,2.2332506203473823,44.2519,48.0463,30.9763,35.4015,35.4015,0.36776096768694777,0.0,0.0,1.0,1.0
2024-08-30,002828,1.319261213720302,14.1589,29.5949,9.9112,11.3271,11.3271,0.08660933247662378,0.0,0.0,0.4330466623831189,1.0
2024-08-30,002848,1.9886363636363535,37.2358,45.0421,51.0651,44.7887,44.7887,0.23732718894009222,1.0,0.0,1.0,1.0
2024-08-30,002857,1.538461538461533,22.1471,36.8218,15.503,17.7177,17.7177,0.04479578392621884,0.0,0.0,0.2239789196310942,1.0
2024-08-30,002858,2.4312896405919604,51.6061,59.9515,36.1243,41.2849,41.2849,0.06666666666666671,0.0,0.0,0.33333333333333354,1.0
2024-08-30,002875,2.0890099909173454,40.5325,49.4592,53.2067,52.426,51.1345,0.14833948339483394,1.0,1.0,0.7416974169741697,1.0
2024-08-30,002931,2.339901477832518,47.8867,57.2158,33.5207,38.3094,38.3094,0.05467928496319667,0.0,0.0,0.2733964248159833,1.0
2024-08-30,002949,4.3528064146620915,92.6036,92.4629,64.8225,74.0828,74.0828,0.08099910125823817,0.0,0.0,0.40499550629119085,1.0
2024-08-30,002972,1.1224489795918169,5.2832,10.8911,27.0274,24.2265,22.5588,0.66677186423514,1.0,1.0,0.66645627152972,1.0
2024-08-30,003003,1.3140604467805517,13.6517,27.7348,9.5562,10.9214,10.9214,0.15932947967735214,0.0,0.0,0.7966473983867607,1.0
2024-08-30,300069,1.8231540565177617,31.4032,38.0115,46.9822,40.1226,40.1226,0.3555555555555556,1.0,0.0,1.0,1.0
2024-08-30,300243,1.5789473684210575,23.3728,36.8072,16.3609,18.6982,18.6982,0.09455118359286135,0.0,0.0,0.47275591796430677,1.0
2024-08-30,300306,2.6639344262294973,58.7489,54.6441,61.4142,61.9992,60.8216,0.6177518034882832,1.0,0.0,0.7644963930234336,1.0
2024-08-30,300313,1.228070175438578,10.186,26.7983,7.1302,8.1488,8.1488,0.067524115755627,0.0,0.0,0.337620578778135,1.0
2024-08-30,300340,1.317715959004384,14.0321,28.3757,29.0725,26.2257,24.7882,0.14250000000000007,1.0,0.0,0.7125000000000004,1.0
2024-08-30,300371,2.0148462354188768,37.9966,39.6747,55.1524,50.3973,50.036,0.5361305361305361,1.0,1.0,0.9277389277389279,1.0
2024-08-30,300417,4.848484848484835,98.3516,86.6913,89.8661,93.6813,92.6863,0.5995024875621894,1.0,0.0,0.8009950248756212,1.0
2024-08-30,300478,2.115655853314524,41.2088,51.5324,28.8462,32.967,32.967,0.07172995780590714,0.0,0.0,0.3586497890295357,1.0
2024-08-30,300500,2.1276595744680993,41.3779,46.0529,28.9645,33.1023,33.1023,0.35247053781876525,0.0,0.0,1.0,1.0
2024-08-30,300518,3.5308953341740335,80.5156,80.7845,56.3609,64.4125,64.4125,0.18140243902439016,0.0,0.0,0.9070121951219507,1.0
2024-08-30,300546,3.0303030303030276,67.836,66.0018,47.4852,54.2688,54.2688,0.4133504492939667,0.0,0.0,1.0,1.0
2024-08-30,300561,4.280155642023331,91.5046,90.5274,64.0533,73.2037,73.2037,0.1338155515370705,0.0,0.0,0.6690777576853525,1.0
2024-08-30,300564,2.4137931034482696,51.0144,56.298,35.7101,40.8115,40.8115,0.22567517573068588,0.0,0.0,1.0,1.0
2024-08-30,300585,2.4117140396210157,50.8453,56.6517,35.5917,40.6762,40.6762,0.20122734689120675,0.0,0.0,1.0,1.0
2024-08-30,300588,2.35294117647058,48.4362,49.8601,63.9053,58.7489,58.7489,0.44444444444444436,1.0,1.0,1.0,1.0
2024-08-30,300605,4.039301310043664,88.377,85.0679,61.8639,70.7016,70.7016,0.2816871762875469,0.0,0.0,1.0,1.0
2024-08-30,300611,1.556886227544907,22.8656,29.49,16.0059,18.2925,18.2925,0.44012269402201876,0.0,0.0,1.0,1.0
2024-08-30,300615,2.5278058645096024,54.0575,58.8396,37.8402,43.246,43.246,0.22031823745410034,0.0,0.0,1.0,1.0
2024-08-30,300616,2.053388090349073,39.3491,50.7298,27.5444,31.4793,31.4793,0.037473275122199126,0.0,0.0,0.18736637561099562,1.0
2024-08-30,300645,1.83406113537119,31.9949,42.2336,22.3964,25.5959,25.5959,0.1681151489617958,0.0,0.0,0.840575744808979,1.0
2024-08-30,300650,2.9661016949152685,66.4835,66.5627,46.5385,53.1868,53.1868,0.3312078870177442,0.0,0.0,1.0,1.0
2024-08-30,300721,2.658111824014653,58.4531,61.6589,40.9172,46.7625,46.7625,0.255177912887462,0.0,0.0,1.0,1.0
2024-08-30,300730,1.3544018058690765,15.5114,28.3161,10.858,12.4091,12.4091,0.2046511627906976,0.0,0.0,1.0,1.0
2024-08-30,300736,4.9032258064516165,98.9434,98.4942,69.2604,79.1547,79.1547,0.03302509907529722,0.0,0.0,0.1651254953764861,1.0
2024-08-30,300771,3.1652989449003632,71.2172,72.2822,49.8521,56.9738,56.9738,0.23458196457307465,0.0,0.0,1.0,1.0
2024-08-30,300774,2.244039270687237,44.7591,48.7787,56.3314,50.8073,50.8073,0.35142751459540994,1.0,0.0,1.0,1.0
2024-08-30,300787,1.2173913043478368,9.5943,19.7092,31.716,22.6754,22.6754,0.3983081975372796,1.0,0.0,1.0,1.0
2024-08-30,300817,2.751504729148735,60.989,56.1216,62.3532,63.7912,62.4564,0.6334783399915099,1.0,0.0,0.7330433200169801,1.0
2024-08-30,300823,2.8003613369466995,62.3415,67.8144,43.6391,49.8732,49.8732,0.1029380383071044,0.0,0.0,0.514690191535522,1.0
2024-08-30,300845,2.200956937799048,43.4911,47.0954,55.4438,49.7929,49.7929,0.3848750713471176,1.0,0.0,1.0,1.0
2024-08-30,300854,1.079489695780178,3.4235,17.9384,2.3964,2.7388,2.7388,0.2400209402739222,0.0,0.0,1.0,1.0
2024-08-30,300889,1.1461318051575908,6.8893,21.1806,34.8225,25.5114,25.5114,0.21653887452626794,1.0,1.0,1.0,1.0
2024-08-30,300958,1.9212295869356355,34.9535,45.0722,43.9204,42.9628,41.576,0.14452952312816017,1.0,0.0,0.7226476156408008,1.0
2024-08-30,300967,1.8104366347177825,30.9806,40.897,21.6864,24.7844,24.7844,0.19437340153452684,0.0,0.0,0.9718670076726341,1.0
2024-08-30,300978,1.8279569892473146,31.6568,41.0293,22.1598,25.3254,25.3254,0.21480700800063457,0.0,0.0,1.0,1.0
2024-08-30,300989,2.9918404351767958,66.9907,71.9617,46.8935,53.5926,53.5926,0.08154450142912019,0.0,0.0,0.40772250714560093,1.0
2024-08-30,301060,1.118568232662187,4.9451,19.9068,3.4615,3.956,3.956,0.2024623803009576,0.0,0.0,1.0,1.0
2024-08-30,301069,1.01608806096527,0.634,18.8085,0.4438,0.5072,0.5072,0.08493271611583582,0.0,0.0,0.4246635805791791,1.0
2024-08-30,301082,1.3921113689095321,17.3711,29.0921,12.1598,13.8969,13.8969,0.24023681415128448,0.0,0.0,1.0,1.0
2024-08-30,301102,3.1331592689295196,70.541,75.2576,49.3787,56.4328,56.4328,0.05875963997745043,0.0,0.0,0.29379819988725214,1.0
2024-08-30,301116,4.656084656084669,96.2384,89.3843,67.3669,76.9907,76.9907,0.38031914893617014,0.0,0.0,1.0,1.0
2024-08-30,301120,2.7883396704689423,62.0034,68.3875,43.4024,49.6027,49.6027,0.060761400215926936,0.0,0.0,0.30380700107963465,1.0
2024-08-30,301136,3.3421284080914715,76.7117,74.9531,53.6982,61.3694,61.3694,0.32081645148791393,0.0,0.0,1.0,1.0
2024-08-30,301149,1.1235955056179803,5.4522,18.8526,28.8166,19.3618,19.3618,0.2754593989321977,1.0,0.0,1.0,1.0
2024-08-30,301167,3.787195671776389,84.8267,83.4864,84.3787,82.8614,82.8614,0.2187487195222532,1.0,0.0,1.0,1.0
2024-08-30,301188,3.829029385574345,85.2494,87.1407,59.6746,68.1995,68.1995,0.05293923048801326,0.0,0.0,0.2646961524400663,1.0
2024-08-30,301197,2.4977698483496846,53.2967,59.3292,37.3077,42.6374,42.6374,0.16540887256579012,0.0,0.0,0.8270443628289506,1.0
2024-08-30,301198,2.9525032092426073,65.9763,66.4641,46.1834,52.7811,52.7811,0.31584797307727547,0.0,0.0,1.0,1.0
2024-08-30,301228,4.627766599597605,95.9003,93.73,92.0812,96.7202,95.4579,0.1495098039215685,1.0,1.0,0.7475490196078425,1.0
2024-08-30,301355,1.3527575442247697,15.4269,29.6206,10.7988,12.3415,12.3415,0.13604617182940523,0.0,0.0,0.6802308591470261,1.0
2024-08-30,301507,1.9298245614034926,35.1226,46.4756,24.5858,28.0981,28.0981,0.0811239903350085,0.0,0.0,0.4056199516750425,1.0
2024-08-30,301558,2.588555858310637,56.0017,63.9368,39.2012,44.8014,44.8014,0.043229776135952615,0.0,0.0,0.21614888067976307,1.0
2024-08-30,600272,1.661129568106312,26.1623,37.073,18.3136,20.9298,20.9298,0.1928415582461621,0.0,0.0,0.9642077912308104,1.0
2024-08-30,600506,1.0572687224669641,2.6627,17.0399,1.8639,2.1302,2.1302,0.2545155993431854,0.0,0.0,1.0,1.0
2024-08-30,601133,2.2175290390707536,43.9983,53.8255,30.7988,35.1986,35.1986,0.06865671641791368,0.0,0.0,0.3432835820895684,1.0
2024-08-30,603042,3.2769556025369795,74.0913,76.1089,72.6848,74.273,73.2283,0.15820895522388068,1.0,0.0,0.7910447761194034,1.0
2024-08-30,603122,1.0948905109488871,3.9307,18.1613,2.7515,3.1445,3.1445,0.24916344916342642,0.0,0.0,1.0,1.0
2024-08-30,603191,1.4577259475218485,19.5689,34.8473,13.6982,15.6551,15.6551,0.04038853099235656,0.0,0.0,0.20194265496178276,1.0
2024-08-30,603230,2.6522593320235766,58.115,65.0598,40.6805,46.492,46.492,0.07161084551051212,0.0,0.0,0.3580542275525606,1.0
2024-08-30,603559,1.7118402282453538,27.8529,22.8674,30.6673,42.2823,37.5749,0.970744680851064,1.0,1.0,0.05851063829787195,1.0
2024-08-30,603586,1.7667844522968101,29.7126,43.0605,20.7988,23.7701,23.7701,0.035476718403547665,0.0,0.0,0.17738359201773832,1.0
2024-08-30,603679,2.2944550669215857,46.5342,55.738,32.574,37.2274,37.2274,0.07446998734169645,0.0,0.0,0.3723499367084822,1.0
2024-08-30,603917,2.0332717190387983,38.4193,47.256,49.2904,45.7354,45.0846,0.17396883593032153,1.0,0.0,0.8698441796516077,1.0
2024-08-30,605287,2.152466367713002,42.2232,48.8765,29.5562,33.7785,33.7785,0.24510049064984607,0.0,0.0,1.0,1.0
2024-09-03,000880,2.499999999999991,54.3739,58.8138,38.0617,43.4991,43.4991,0.23426573426573433,0.0,0.0,1.0,1.0
2024-09-03,000995,2.533172496984326,55.3602,61.011,38.7521,44.2882,44.2882,0.16385911179173038,0.0,0.0,0.8192955589586518,1.0
2024-09-03,002729,2.121771217712176,41.9811,47.8493,59.3868,53.5849,53.5849,0.28678101858378,1.0,1.0,1.0,1.0
2024-09-03,002780,1.7660044150110465,29.6312,41.0383,39.0752,38.705,37.0383,0.1333333333333335,1.0,0.0,0.6666666666666674,1.0
2024-09-03,002800,1.9144144144144226,35.1201,42.6549,49.584,43.0961,43.0961,0.27205882352940414,1.0,0.0,1.0,1.0
2024-09-03,002857,4.133064516129048,90.1801,90.8002,63.1261,72.1441,72.1441,0.06719367588932802,0.0,0.0,0.3359683794466401,1.0
2024-09-03,002931,1.6726403823178249,26.801,39.8215,18.7607,21.4408,21.4408,0.08096740273396423,0.0,0.0,0.4048370136698211,1.0
2024-09-03,003010,1.27768313458263,12.7358,18.2187,34.9751,30.1887,29.2037,0.5985004867521179,1.0,1.0,0.8029990264957643,1.0
2024-09-03,300069,2.169981916817365,43.6964,47.6107,55.5875,49.9571,49.9571,0.3673202614379085,1.0,0.0,1.0,1.0
2024-09-03,300250,2.452316076294281,53.0446,58.8632,64.9936,62.4357,61.9013,0.1786237188872621,1.0,1.0,0.8931185944363105,1.0
2024-09-03,300340,1.2569832402234526,11.4494,24.6595,33.0146,24.1595,24.1595,0.2250000000000001,1.0,0.0,1.0,1.0
2024-09-03,300500,1.224489795918382,10.0772,21.2085,7.054,8.0617,8.0617,0.34266123848300334,0.0,0.0,1.0,1.0
2024-09-03,300501,1.7123287671233056,28.0875,36.0768,49.6612,42.47,42.47,0.319658287011236,1.0,1.0,1.0,1.0
2024-09-03,300518,1.6706443914080937,26.6295,36.3036,43.6407,36.3036,36.3036,0.25000000000000006,1.0,0.0,1.0,1.0
2024-09-03,300539,1.2547051442910906,11.3636,22.7916,32.9545,24.0909,24.0909,0.31496562246129584,1.0,0.0,1.0,1.0
2024-09-03,300546,1.22699386503069,10.2487,19.4442,7.1741,8.199,8.199,0.4377406931964057,0.0,0.0,1.0,1.0
2024-09-03,300561,1.2804097311139628,12.8216,27.2193,8.9751,10.2573,10.2573,0.15189873417721514,0.0,0.0,0.7594936708860757,1.0
2024-09-03,300585,1.8324607329842868,31.8611,41.7508,22.3027,25.4889,25.4889,0.1869034438552533,0.0,0.0,0.9345172192762664,1.0
2024-09-03,300645,2.135231316725994,42.3242,51.0444,29.6269,33.8593,33.8593,0.14074756657266618,0.0,0.0,0.7037378328633309,1.0
2024-09-03,300650,1.2591815320041944,11.7067,22.421,33.1947,24.3654,24.3654,0.347216208871043,1.0,0.0,1.0,1.0
2024-09-03,300707,2.145522388059695,42.8388,51.6503,29.9871,34.271,34.271,0.13103665005874512,0.0,0.0,0.6551832502937256,1.0
2024-09-03,300730,1.362088535754813,16.0806,28.9265,11.2564,12.8645,12.8645,0.19689922480620162,0.0,0.0,0.9844961240310081,1.0
2024-09-03,300736,2.138364779874191,42.4099,53.0033,29.687,33.928,33.928,0.04623513870541612,0.0,0.0,0.23117569352708062,1.0
2024-09-03,300884,2.0618556701030855,39.837,44.4512,52.8859,46.8696,46.8696,0.3709200449089277,1.0,0.0,1.0,1.0
2024-09-03,301040,2.0689655172413612,40.223,48.6675,28.1561,32.1784,32.1784,0.17554479418886207,0.0,0.0,0.8777239709443103,1.0
2024-09-03,301228,1.8482490272373697,32.4614,42.1456,51.8406,45.9691,45.7485,0.19117647058823517,1.0,1.0,0.9558823529411759,1.0
2024-09-03,603042,1.8614270941054833,33.0189,42.624,47.0684,41.4151,41.1539,0.1895522388059701,1.0,0.0,0.9477611940298505,1.0
2024-09-03,603122,1.6393442622950838,25.6003,35.4323,17.9202,20.4803,20.4803,0.2523993381136007,0.0,0.0,1.0,1.0
2024-09-03,603559,2.6702269692923997,59.9057,47.9245,51.934,67.9245,62.9245,1.0,1.0,1.0,0.0,1.0
2024-09-03,603586,2.2104332449160102,44.8971,55.2303,31.428,35.9177,35.9177,0.03436807095343685,0.0,0.0,0.17184035476718423,1.0
2024-09-03,603679,1.076233183856501,3.3877,19.6034,2.3714,2.7101,2.7101,0.15533819012299277,0.0,0.0,0.7766909506149638,1.0
2024-09-05,001366,3.8038038038037847,85.9471,87.1776,60.163,68.7577,68.7577,0.07900346946453499,0.0,0.0,0.3950173473226749,1.0
2024-09-05,002205,2.0967741935483897,41.3656,49.7255,28.9559,33.0925,33.0925,0.16835016835016836,0.0,0.0,0.8417508417508418,1.0
2024-09-05,002633,3.1746031746031855,72.9075,65.5431,75.4695,78.326,76.9346,0.6391437308868501,1.0,1.0,0.7217125382262999,1.0
2024-09-05,002729,1.2218045112782017,9.8238,22.5663,36.8767,27.859,27.859,0.26463576618348816,1.0,1.0,1.0,1.0
2024-09-05,002800,2.3204419889502725,48.4141,52.4568,58.8899,53.7313,53.7313,0.31372549019606955,1.0,0.0,1.0,1.0
2024-09-05,002972,2.6150627615062927,58.37,54.7581,66.9831,66.696,65.7271,0.5968972713649052,1.0,1.0,0.8062054572701896,1.0
2024-09-05,300371,1.7523364485981352,29.2952,36.7695,20.5066,23.4361,23.4361,0.3333333333333335,0.0,0.0,1.0,1.0
2024-09-05,300518,1.8292682926829285,31.8062,40.9937,22.2643,25.4449,25.4449,0.22256097560975593,0.0,0.0,1.0,1.0
2024-09-05,300560,4.782993799822854,97.6652,93.3366,98.3656,98.1322,98.1322,0.23977912937999743,1.0,1.0,1.0,1.0
2024-09-05,300561,4.107830551989711,90.1762,89.1753,63.1233,72.141,72.141,0.14828209764918623,0.0,0.0,0.7414104882459311,1.0
2024-09-05,300588,1.660735468564667,26.1233,32.3148,48.2863,40.8987,40.8987,0.42919389978213496,1.0,1.0,1.0,1.0
2024-09-05,300605,2.8508771929824706,65.0661,66.6146,45.5463,52.0529,52.0529,0.2719147240785965,0.0,0.0,1.0,1.0
2024-09-05,300615,2.388369678089286,51.4097,57.3579,35.9868,41.1278,41.1278,0.18849449204406374,0.0,0.0,0.9424724602203186,1.0
2024-09-05,300730,4.233409610983974,91.8502,89.7592,64.2952,73.4802,73.4802,0.186046511627907,0.0,0.0,0.930232558139535,1.0
2024-09-05,300736,2.0176544766708826,38.37,49.7978,26.859,30.696,30.696,0.04491413474240421,0.0,0.0,0.22457067371202102,1.0
2024-09-05,300753,2.5000000000000133,54.8899,57.7006,68.4229,63.9119,63.9119,0.3105630067692599,1.0,1.0,1.0,1.0
2024-09-05,300786,1.4018691588784993,17.4009,27.7593,12.1806,13.9207,13.9207,0.3080724876441514,0.0,0.0,1.0,1.0
2024-09-05,300817,1.0147601476014678,0.5727,10.1915,24.8676,15.4581,15.3248,0.5133322356733739,1.0,0.0,0.9733355286532521,1.0
2024-09-05,300845,3.021718602455148,68.8106,66.9558,78.1674,75.0485,75.0485,0.4046345939879134,1.0,1.0,1.0,1.0
2024-09-05,300867,3.4270650263620306,79.2511,75.6624,80.4758,78.4009,78.4009,0.3869221116699278,1.0,0.0,1.0,1.0
2024-09-05,300884,2.2624434389140413,46.8282,49.4352,62.7797,57.4626,57.4626,0.4013687053118992,1.0,1.0,1.0,1.0
2024-09-05,300978,1.4989293361884481,20.9251,32.2812,14.6476,16.7401,16.7401,0.222943722943633,0.0,0.0,1.0,1.0
2024-09-05,301013,1.8796992481202812,33.6123,42.1858,53.5286,46.8899,46.8899,0.23520249221183795,1.0,1.0,1.0,1.0
2024-09-05,301040,3.653846153846141,83.7445,82.8794,83.6211,81.9956,81.9956,0.20581113801452794,1.0,0.0,1.0,1.0
2024-09-05,301126,4.480874316939887,94.8458,89.1637,66.3921,75.8767,75.8767,0.33564981090283236,0.0,0.0,1.0,1.0
2024-09-05,301136,2.156334231805923,43.3921,48.6968,30.3744,34.7137,34.7137,0.30084046476697035,0.0,0.0,1.0,1.0
2024-09-05,301188,3.4904013961605473,80.5727,82.8582,56.4009,64.4581,64.4581,0.07999705940410881,0.0,0.0,0.39998529702054403,1.0
2024-09-05,301228,1.4880952380952328,20.4846,33.0543,14.3392,16.3877,16.3877,0.16666666666666663,0.0,0.0,0.8333333333333331,1.0
2024-09-05,301558,4.438280166435504,94.4934,95.2188,66.1454,75.5947,75.5947,0.0187955548417185,0.0,0.0,0.09397777420859249,1.0
2024-09-05,600506,2.752293577981635,62.511,66.3963,43.7577,50.0088,50.0088,0.18062397372742195,0.0,0.0,0.9031198686371097,1.0
2024-09-05,603042,1.230769230769213,10.4405,24.3226,32.3084,23.3524,23.3524,0.2014925373134328,1.0,0.0,1.0,1.0
2024-09-05,603122,4.7863247863247915,97.7533,90.8248,68.4273,78.2026,78.2026,0.36889134031987775,0.0,0.0,1.0,1.0
2024-09-05,603161,2.2041763341067444,44.7137,52.8287,31.2996,35.7709,35.7709,0.14711094889443574,0.0,0.0,0.7355547444721786,1.0
2024-09-05,603506,2.367688022284131,50.5286,58.7655,35.37,40.4229,40.4229,0.08286827286924688,0.0,0.0,0.41434136434623436,1.0
2024-09-05,603978,3.568161024702654,82.0705,77.2278,87.4493,85.6564,85.6564,0.4214285714285713,1.0,1.0,1.0,1.0
2024-09-05,605169,2.35294117647058,49.5595,51.7076,59.6916,54.6476,54.6476,0.39699735462800817,1.0,0.0,1.0,1.0
2024-09-10,000880,2.009456264775422,37.717,45.2785,26.4019,30.1736,30.1736,0.2447552447552449,0.0,0.0,1.0,1.0
2024-09-10,002576,2.5777777777777677,56.6406,61.5869,39.6484,45.3125,45.3125,0.18628103104226845,0.0,0.0,0.9314051552113423,1.0
2024-09-10,002729,4.186952288218104,90.9288,88.2697,93.6502,92.7431,92.7431,0.22366704924294814,1.0,1.0,1.0,1.0
2024-09-10,002767,1.0309278350515427,1.5191,14.3156,1.0634,1.2153,1.2153,0.34498177261336194,0.0,0.0,1.0,1.0
2024-09-10,002780,1.791713325867872,29.7309,41.5212,20.8116,23.7847,23.7847,0.11317829457364346,0.0,0.0,0.5658914728682173,1.0
2024-09-10,002800,4.629629629629606,96.0503,92.5756,92.2352,91.8403,91.8403,0.21323529411764106,1.0,0.0,1.0,1.0
2024-09-10,002848,2.6946107784431295,60.2865,65.1416,42.2005,48.2292,48.2292,0.1543778801843318,0.0,0.0,0.7718894009216589,1.0
2024-09-10,002858,3.2258064516129004,73.1337,76.6858,51.1936,58.5069,58.5069,0.0910569105691055,0.0,0.0,0.4552845528455275,1.0
2024-09-10,002875,1.0480349344978324,2.5608,18.4324,29.8737,22.0486,21.5689,0.18081180811808112,1.0,1.0,0.9040590405904055,1.0
2024-09-10,300069,4.528301886792452,95.0087,89.8632,66.5061,76.0069,76.0069,0.3071895424836601,0.0,0.0,1.0,1.0
2024-09-10,300306,3.521878335112061,80.5122,74.975,86.3585,84.4097,84.4097,0.47173774084559794,1.0,1.0,1.0,1.0
2024-09-10,300417,1.9300361881785522,35.1128,35.9012,50.2009,48.0903,46.9958,0.6094527363184078,1.0,1.0,0.7810945273631844,1.0
2024-09-10,300605,4.147982062780264,90.0608,87.5876,63.0425,72.0486,72.0486,0.22305246303384582,0.0,0.0,1.0,1.0
2024-09-10,300615,3.005181347150243,67.9253,70.5214,47.5477,54.3403,54.3403,0.19094247246022036,0.0,0.0,0.9547123623011018,1.0
2024-09-10,300650,1.7738359201773912,29.2969,38.3075,20.5078,23.4375,23.4375,0.25650238503568373,0.0,0.0,1.0,1.0
2024-09-10,300686,1.0152284263959421,0.7378,14.6321,30.5165,20.5903,20.5903,0.2979066022544283,1.0,1.0,1.0,1.0
2024-09-10,300707,2.457466918714557,52.8212,60.1282,52.6185,57.2569,54.9179,0.10643650527694855,1.0,0.0,0.5321825263847427,1.0
2024-09-10,300828,1.8276762402088753,31.1632,36.1488,21.8142,24.9306,24.9306,0.4390898878487866,0.0,0.0,1.0,1.0
2024-09-10,300845,3.2692307692307576,74.2622,71.8534,81.9835,79.4097,79.4097,0.3778180989754052,1.0,1.0,1.0,1.0
2024-09-10,300884,1.3574660633484337,15.408,24.299,40.7856,32.3264,32.3264,0.4013687053118992,1.0,1.0,1.0,1.0
2024-09-10,300932,2.286282306163012,46.7448,45.5037,58.9372,57.3958,56.4498,0.5946048340769245,1.0,1.0,0.8107903318461509,1.0
2024-09-10,301013,2.48508946322068,53.6892,60.0542,37.5825,42.9514,42.9514,0.14485981308411203,0.0,0.0,0.7242990654205601,1.0
2024-09-10,301082,2.4660912453760897,53.1684,59.1812,37.2179,42.5347,42.5347,0.16767516157022744,0.0,0.0,0.8383758078511372,1.0
2024-09-10,301149,2.4752475247524774,53.6024,61.0455,37.5217,42.8819,42.8819,0.09181979964406602,0.0,0.0,0.45909899822033007,1.0
2024-09-10,301558,3.703703703703698,83.6372,84.2032,58.546,66.9097,66.9097,0.13532799486037364,0.0,0.0,0.6766399743018682,1.0
2024-09-10,600272,2.7000000000000135,60.4601,59.8666,42.322,48.3681,48.3681,0.4250710712002003,0.0,0.0,1.0,1.0
2024-09-10,603810,2.6528258362168433,59.0712,64.2687,61.291,62.2569,60.9922,0.1494117647058823,1.0,0.0,0.7470588235294114,1.0
2024-09-19,000586,3.042876901798053,69.2536,72.489,48.4775,55.4029,55.4029,0.14569536423841065,0.0,0.0,0.7284768211920531,1.0
2024-09-19,000668,2.1538461538461506,41.6879,47.9274,59.1815,53.3503,53.3503,0.27114427860696516,1.0,1.0,1.0,1.0
2024-09-19,000880,1.7523364485981352,27.7354,36.9435,19.4148,22.1883,22.1883,0.26223776223776235,0.0,0.0,1.0,1.0
2024-09-19,001216,3.083700440528636,70.2714,73.8083,49.19,56.2171,56.2171,0.12044308033893382,0.0,0.0,0.602215401694669,1.0
2024-09-19,001300,3.7948717948717903,85.7082,87.6455,59.9958,68.5666,68.5666,0.046052631578947276,0.0,0.0,0.23026315789473636,1.0
2024-09-19,002058,2.860858257477239,64.8431,68.2229,73.6481,71.8745,71.439,0.18257956448911233,1.0,1.0,0.9128978224455616,1.0
2024-09-19,002205,3.106508875739644,71.1196,69.4045,79.7837,76.8957,76.8957,0.3745583038869258,1.0,1.0,1.0,1.0
2024-09-19,002715,1.4721345951629772,18.6175,34.5415,13.0322,14.894,14.894,0.017625231910946268,0.0,0.0,0.08812615955473134,1.0
2024-09-19,002729,4.373757455268379,93.1722,89.7338,65.2205,74.5377,74.5377,0.24019646769586944,0.0,0.0,1.0,1.0
2024-09-19,002767,2.2747952684258443,45.335,52.0804,31.7345,36.268,36.268,0.2093799840510464,0.0,0.0,1.0,1.0
2024-09-19,002780,3.009259259259256,68.2358,73.2243,47.7651,54.5886,54.5886,0.06821705426356608,0.0,0.0,0.3410852713178304,1.0
2024-09-19,002800,2.265372168284796,45.0806,48.7115,56.5564,51.0645,51.0645,0.3676470588235188,1.0,0.0,1.0,1.0
2024-09-19,002806,3.218116805721083,73.8338,73.6401,51.6836,59.067,59.067,0.27134724857685016,0.0,0.0,1.0,1.0
2024-09-19,002828,2.344827586206888,47.7947,57.7956,33.4563,38.2358,38.2358,0.022011988468087655,0.0,0.0,0.11005994234043827,1.0
2024-09-19,002861,2.5664527956003713,56.3613,51.7318,62.7384,65.0891,63.4104,0.66786355475763,1.0,1.0,0.6642728904847399,1.0
2024-09-19,002931,4.336734693877564,92.8329,93.7203,64.983,74.2663,74.2663,0.027303754266211656,0.0,0.0,0.13651877133105828,1.0
2024-09-19,003010,4.590459045904582,95.8863,87.6299,67.1204,76.7091,76.7091,0.4539606619828802,0.0,0.0,1.0,1.0
2024-09-19,300069,3.2484635645302795,74.8092,71.6382,82.3664,79.8473,79.8473,0.4104575163398693,1.0,1.0,1.0,1.0
2024-09-19,300243,3.6111111111110983,83.2485,86.1989,58.274,66.5988,66.5988,0.019998098866069215,0.0,0.0,0.09999049433034607,1.0
2024-09-19,300340,3.3333333333333437,77.3113,77.149,84.1179,81.849,81.849,0.2350000000000001,1.0,1.0,1.0,1.0
2024-09-19,300371,1.806451612903226,29.5589,40.7567,20.6913,23.6472,23.6472,0.14452214452214449,0.0,0.0,0.7226107226107223,1.0
2024-09-19,300484,1.816530426884655,30.0679,43.8364,21.0475,24.0543,24.0543,0.010892190489031919,0.0,0.0,0.05446095244515959,1.0
2024-09-19,300500,4.413347685683533,93.7659,89.5889,65.6361,75.0127,75.0127,0.27119348617959427,0.0,0.0,1.0,1.0
2024-09-19,300560,2.8545119705340793,64.7583,67.2789,45.3308,51.8066,51.8066,0.2263846895742299,0.0,0.0,1.0,1.0
2024-09-19,300562,3.0828516377649384,70.1866,69.7908,49.1306,56.1493,56.1493,0.31792622861140274,0.0,0.0,1.0,1.0
2024-09-19,300564,4.490291262135915,94.8685,93.2033,66.408,75.8948,75.8948,0.134578137581355,0.0,0.0,0.672890687906775,1.0
2024-09-19,300585,3.828197945844991,86.1323,86.6002,60.2926,68.9059,68.9059,0.11528392867548519,0.0,0.0,0.5764196433774259,1.0
2024-09-19,300588,3.128760529482544,71.6285,69.2418,50.1399,57.3028,57.3028,0.4030501089324619,0.0,0.0,1.0,1.0
2024-09-19,300605,3.9647577092510877,87.7439,84.6699,61.4207,70.1951,70.1951,0.27625762497031986,0.0,0.0,1.0,1.0
2024-09-19,300615,2.099447513812147,39.5674,49.3039,27.6972,31.6539,31.6539,0.11750305997552017,0.0,0.0,0.5875152998776009,1.0
2024-09-19,300626,1.3546798029556717,14.207,17.2996,31.813,31.3656,29.3326,0.7032967032967036,1.0,1.0,0.5934065934065929,1.0
2024-09-19,300635,2.752293577981657,62.2137,58.4237,70.8551,69.771,69.0974,0.5673633357955196,1.0,1.0,0.8652733284089609,1.0
2024-09-19,300650,3.0588235294090937,69.6777,72.3908,48.7744,55.7422,55.7422,0.16756726362846905,0.0,0.0,0.8378363181423452,1.0
2024-09-19,300675,3.518029903254183,81.0433,79.0125,56.7303,64.8346,64.8346,0.29110606633869984,0.0,0.0,1.0,1.0
2024-09-19,300686,1.538461538461533,20.4835,32.7797,14.3384,16.3868,16.3868,0.18035426731078907,0.0,0.0,0.9017713365539454,1.0
2024-09-19,300707,2.7054108216432837,60.687,67.7661,42.4809,48.5496,48.5496,0.039173575750417855,0.0,0.0,0.19586787875208928,1.0
2024-09-19,300721,2.700096432015431,60.5174,64.6882,42.3622,48.4139,48.4139,0.1862852586464575,0.0,0.0,0.9314262932322875,1.0
2024-09-19,300730,3.8267875125881146,86.0475,81.4271,85.2332,83.838,83.838,0.37054263565891465,1.0,0.0,1.0,1.0
2024-09-19,300771,3.3047735618115137,76.6327,77.3885,53.6429,61.3062,61.3062,0.19588614073693988,0.0,0.0,0.9794307036846994,1.0
2024-09-19,300817,1.1684518013632017,6.743,16.8615,4.7201,5.3944,5.3944,0.4266445401526937,0.0,0.0,1.0,1.0
2024-09-19,300826,4.203935599284447,91.3062,88.8826,63.9143,73.045,73.045,0.20811992661884077,0.0,0.0,1.0,1.0
2024-09-19,300840,2.8314028314028405,64.1645,70.8909,44.9152,51.3316,51.3316,0.022039106250304287,0.0,0.0,0.11019553125152143,1.0
2024-09-19,300845,2.455795677799588,52.5445,55.1003,36.7812,42.0356,42.0356,0.34676742053986925,0.0,0.0,1.0,1.0
2024-09-19,300932,2.1803766105054523,42.1968,41.7443,55.5115,53.7574,52.7509,0.6006555081951793,1.0,1.0,0.7986889836096414,1.0
2024-09-19,300967,4.20454545454545,91.391,90.7343,63.9737,73.1128,73.1128,0.11892583120204615,0.0,0.0,0.5946291560102307,1.0
2024-09-19,300989,2.415026833631484,51.3571,59.0609,35.95,41.0857,41.0857,0.10123775342134024,0.0,0.0,0.5061887671067011,1.0
2024-09-19,301007,3.4946236559139976,80.5344,81.7783,56.374,64.4275,64.4275,0.13245755176354101,0.0,0.0,0.6622877588177051,1.0
2024-09-19,301013,2.35546038543899,48.6005,58.2262,34.0204,38.8804,38.8804,0.03271028037383161,0.0,0.0,0.16355140186915806,1.0
2024-09-19,301027,4.891304347826075,98.6853,95.6792,69.0797,78.9483,78.9483,0.1634508126121178,0.0,0.0,0.817254063060589,1.0
2024-09-19,301057,3.6713286713286664,84.0119,81.0837,88.8083,87.2095,87.2095,0.30628970932383703,1.0,1.0,1.0,1.0
2024-09-19,301066,2.985074626865658,67.4724,71.1952,47.2307,53.9779,53.9779,0.13913607081281407,0.0,0.0,0.6956803540640702,1.0
2024-09-19,301069,3.144104803493475,71.9678,76.6305,60.0959,72.5742,68.7538,0.04718484228657531,1.0,0.0,0.23592421143287653,1.0
2024-09-19,301102,4.979811574697179,99.8728,99.166,69.9109,79.8982,79.8982,0.03661103458633165,0.0,0.0,0.18305517293165824,1.0
2024-09-19,301136,2.5592417061611306,56.0221,59.7663,39.2154,44.8176,44.8176,0.2525651635246897,0.0,0.0,1.0,1.0
2024-09-19,301167,3.60777058279369,83.1637,83.2803,58.2146,66.531,66.531,0.16253062083473924,0.0,0.0,0.8126531041736962,1.0
2024-09-19,301188,1.8087855297157507,29.7286,41.83,20.81,23.7829,23.7829,0.09764346956677976,0.0,0.0,0.48821734783389875,1.0
2024-09-19,301228,3.0927835051546504,70.6107,74.0866,49.4275,56.4885,56.4885,0.12009803921568614,0.0,0.0,0.6004901960784307,1.0
2024-09-19,301246,2.145522388059695,41.2214,52.6376,28.855,32.9771,32.9771,0.016976109313168636,0.0,0.0,0.08488054656584318,1.0
2024-09-19,301292,2.408563782337203,50.8482,59.7023,35.5937,40.6785,40.6785,0.04881450488145068,0.0,0.0,0.24407252440725338,1.0
2024-09-19,301389,2.403433476394845,50.6785,60.1711,35.475,40.5428,40.5428,0.01858781603231804,0.0,0.0,0.09293908016159019,1.0
2024-09-19,301507,2.2999080036798514,46.1832,56.3029,32.3282,36.9466,36.9466,0.0321811680572109,0.0,0.0,0.16090584028605448,1.0
2024-09-19,301558,3.19303338171264,73.4097,78.2321,51.3868,58.7277,58.7277,0.024781981171911494,0.0,0.0,0.12390990585955747,1.0
2024-09-19,600444,3.1774051191526764,72.9856,75.3062,51.0899,58.3885,58.3885,0.15411558669001763,0.0,0.0,0.7705779334500881,1.0
2024-09-19,600506,2.7179006560450025,61.0263,65.341,42.7184,48.821,48.821,0.17399999999999985,0.0,0.0,0.8699999999999992,1.0
2024-09-19,600689,2.481751824817513,53.5623,59.2135,37.4936,42.8499,42.8499,0.18181818181818168,0.0,0.0,0.9090909090909084,1.0
2024-09-19,600768,4.413793103448294,93.8507,90.8978,95.6955,95.0806,95.0806,0.2091388400702987,1.0,1.0,1.0,1.0
2024-09-19,601083,2.9055690072639306,65.8609,72.323,46.1026,52.6887,52.6887,0.018284816549793963,0.0,0.0,0.0914240827489698,1.0
2024-09-19,603042,2.6694045174537884,59.8388,63.5345,66.8872,62.8711,62.8711,0.21682847896440127,1.0,0.0,1.0,1.0
2024-09-19,603191,4.460303300624435,94.4444,92.8899,66.1111,75.5556,75.5556,0.1332821522747767,0.0,0.0,0.6664107613738834,1.0
2024-09-19,603506,2.367688022284131,49.2791,57.7659,34.4953,39.4232,39.4232,0.08286827286924688,0.0,0.0,0.41434136434623436,1.0
2024-09-19,603586,2.1570319240724833,41.8575,52.1778,29.3003,33.486,33.486,0.06541019955654107,0.0,0.0,0.3270509977827053,1.0
2024-09-19,603810,2.445302445302455,52.2053,60.8936,36.5437,41.7642,41.7642,0.04352941176470579,0.0,0.0,0.21764705882352894,1.0
2024-09-23,000586,1.0666666666666602,3.117,18.1478,27.1819,17.4936,17.4936,0.2172897196261682,1.0,0.0,1.0,1.0
2024-09-23,000995,2.019230769230762,37.8736,39.0423,53.9983,50.2989,49.6706,0.5628318584070798,1.0,1.0,0.8743362831858403,1.0
2024-09-23,002058,2.2499999999999964,44.8762,51.2108,61.4133,55.9009,55.9009,0.2345058626465662,1.0,1.0,1.0,1.0
2024-09-23,002800,4.399141630901293,93.6379,87.3123,90.5465,89.9103,89.9103,0.3799019607843031,1.0,0.0,1.0,1.0
2024-09-23,002806,1.8604651162790642,32.579,39.8393,22.8053,26.0632,26.0632,0.3111954459203035,0.0,0.0,1.0,1.0
2024-09-23,002871,1.7412935323383172,27.7114,36.408,19.398,22.1691,22.1691,0.28805444756722937,0.0,0.0,1.0,1.0
2024-09-23,002949,4.422869471413171,94.2357,91.2692,90.965,90.3886,90.3886,0.20596914319951995,1.0,0.0,1.0,1.0
2024-09-23,003018,4.0322580645161255,88.4287,84.426,86.9001,85.743,85.743,0.31584922797454856,1.0,0.0,1.0,1.0
2024-09-23,300314,2.6530612244897833,59.3937,64.5288,41.5756,47.5149,47.5149,0.14930561908769233,0.0,0.0,0.7465280954384615,1.0
2024-09-23,300484,1.019462465245602,1.1102,20.7326,0.7771,0.8881,0.8881,0.007775310081847434,0.0,0.0,0.03887655040923717,1.0
2024-09-23,300588,1.3333333333333197,13.7489,19.8588,37.3436,30.9991,30.429,0.5570175438596492,1.0,1.0,0.8859649122807016,1.0
2024-09-23,300635,1.2629161882893092,11.6567,18.0375,35.584,29.3254,28.6814,0.5643928471264331,1.0,1.0,0.8712143057471338,1.0
2024-09-23,300845,1.797540208136228,29.6755,35.7042,20.7728,23.7404,23.7404,0.40181180503922836,0.0,0.0,1.0,1.0
2024-09-23,300884,3.969128996692395,87.5747,77.3804,85.9435,90.0598,88.7201,0.6339705462955448,1.0,1.0,0.7320589074089103,1.0
2024-09-23,300889,3.7453183520599342,84.5858,82.7356,89.2101,87.6687,87.6687,0.2466535524405169,1.0,1.0,1.0,1.0
2024-09-23,300922,1.2237762237762295,9.4364,26.2552,6.6055,7.5491,7.5491,0.064695009242144,0.0,0.0,0.32347504621072,1.0
2024-09-23,300978,1.3377926421404673,14.1332,28.353,9.8933,11.3066,11.3066,0.14767910972089598,0.0,0.0,0.7383955486044799,1.0
2024-09-23,301007,1.3986013986014179,16.6951,29.6416,11.6866,13.3561,13.3561,0.18572426641823828,0.0,0.0,0.9286213320911914,1.0
2024-09-23,301013,1.7801047120418856,29.2485,41.953,20.474,23.3988,23.3988,0.072289156626506,0.0,0.0,0.36144578313252995,1.0
2024-09-23,301102,3.4869240348692543,80.2306,80.486,56.1614,64.1845,64.1845,0.18492333997006216,0.0,0.0,0.9246166998503108,1.0
2024-09-23,301558,1.8387553041018467,31.8958,44.1592,22.3271,25.5167,25.5167,0.06787330316742098,0.0,0.0,0.33936651583710487,1.0
2024-09-23,600847,1.1795543905635641,7.2161,15.428,34.3616,25.7728,25.6004,0.5172413793103448,1.0,1.0,0.9655172413793105,1.0
2024-09-23,601133,2.838427947598232,64.6029,70.4255,45.222,51.6823,51.6823,0.06284153005464799,0.0,0.0,0.31420765027323994,1.0
2024-09-23,603191,1.4964788732394263,19.9402,32.9836,13.9582,15.9522,15.9522,0.14842785139691028,0.0,0.0,0.7421392569845514,1.0
2024-09-23,603679,4.364694471386987,92.8693,93.1577,65.0085,74.2955,74.2955,0.05688994325880589,0.0,0.0,0.28444971629402943,1.0
2024-09-23,603978,1.0406811731314969,2.0922,14.2738,31.4646,21.6738,21.6738,0.37,1.0,1.0,1.0,1.0
2024-09-24,000668,2.329192546583836,46.4113,51.7922,62.4879,57.129,57.129,0.2668393782383421,1.0,1.0,1.0,1.0
2024-09-24,000880,4.834905660377364,98.1048,93.5188,68.6734,78.4839,78.4839,0.24825174825174834,0.0,0.0,1.0,1.0
2024-09-24,000929,2.7350427350427475,60.6048,64.5598,42.4234,48.4839,48.4839,0.19620253164556936,0.0,0.0,0.9810126582278468,1.0
2024-09-24,001216,2.674719585849883,58.9919,63.8953,62.7858,62.1935,61.3164,0.16491437154100175,1.0,0.0,0.8245718577050087,1.0
2024-09-24,001219,3.6448598130841114,82.5403,83.1568,57.7782,66.0323,66.0323,0.14377121720833744,0.0,0.0,0.7188560860416872,1.0
2024-09-24,001300,2.266009852216766,44.1532,53.2508,30.9073,35.3226,35.3226,0.10359116022099452,0.0,0.0,0.5179558011049725,1.0
2024-09-24,001322,2.0408163265306145,36.5726,45.1276,50.6008,44.2581,44.2581,0.20652343175518761,1.0,0.0,1.0,1.0
2024-09-24,001366,3.8302277432712195,85.5242,87.6669,59.8669,68.4194,68.4194,0.0376206997450167,0.0,0.0,0.1881034987250835,1.0
2024-09-24,002058,1.344743276283622,13.2661,25.3198,39.2863,30.6129,30.6129,0.2646566164154104,1.0,1.0,1.0,1.0
2024-09-24,002144,2.352941176470602,47.2581,51.0087,63.0806,57.8065,57.8065,0.3398899615066597,1.0,1.0,1.0,1.0
2024-09-24,002205,2.071005917159763,37.7823,42.7346,56.4476,50.2258,50.2258,0.3745583038869258,1.0,1.0,1.0,1.0
2024-09-24,002209,3.125,71.0887,71.5942,49.7621,56.871,56.871,0.26383919968494596,0.0,0.0,1.0,1.0
2024-09-24,002576,2.9229406554472925,65.6855,68.2727,45.9798,52.5484,52.5484,0.2137856379473829,0.0,0.0,1.0,1.0
2024-09-24,002729,2.583732057416266,55.8468,57.9683,69.0927,64.6774,64.6774,0.33545518844094163,1.0,1.0,1.0,1.0
2024-09-24,002767,2.2261798753339335,42.8629,49.1014,30.004,34.2903,34.2903,0.2594483367509783,0.0,0.0,1.0,1.0
2024-09-24,002780,2.8121484814398245,62.7823,68.0863,59.6453,65.2258,62.9002,0.10697674418604669,1.0,0.0,0.5348837209302334,1.0
2024-09-24,002806,1.7123287671232834,25.4435,33.5237,17.8105,20.3548,20.3548,0.34155597722960146,0.0,0.0,1.0,1.0
2024-09-24,002828,2.857142857142847,63.9113,70.2486,44.7379,51.129,51.129,0.04402397693617531,0.0,0.0,0.22011988468087654,1.0
2024-09-24,002857,1.6865079365079305,24.4758,37.8152,17.1331,19.5806,19.5806,0.08827404479578392,0.0,0.0,0.44137022397891956,1.0
2024-09-24,002858,3.0526315789473513,69.0726,73.5105,48.3508,55.2581,55.2581,0.08737864077669892,0.0,0.0,0.43689320388349456,1.0
2024-09-24,002861,1.3452914798206095,13.3468,16.4584,30.9047,30.6774,28.5679,0.7109515260323162,1.0,1.0,0.5780969479353677,1.0
2024-09-24,002931,2.4479804161566587,51.0887,59.5106,47.564,55.871,52.5714,0.0680190930787591,1.0,0.0,0.3400954653937955,1.0
2024-09-24,003010,2.403433476394845,49.3548,47.9268,61.4343,59.4839,58.7054,0.5778519403565127,1.0,1.0,0.8442961192869747,1.0
2024-09-24,003042,2.5000000000000133,53.1452,59.0217,37.2016,42.5161,42.5161,0.17472118959107802,0.0,0.0,0.87360594795539,1.0
2024-09-24,300220,4.754601226993871,97.2984,90.4586,68.1089,77.8387,77.8387,0.36900369003690037,0.0,0.0,1.0,1.0
2024-09-24,300243,4.098360655737698,89.1129,90.6237,62.379,71.2903,71.2903,0.033330164776781995,0.0,0.0,0.16665082388390998,1.0
2024-09-24,300306,2.5343189017951406,54.2339,51.8652,64.92,63.3871,62.6262,0.576092571546665,1.0,1.0,0.8478148569066699,1.0
2024-09-24,300314,1.6898608349900757,24.7177,35.7529,17.3024,19.7742,19.7742,0.20106490037142546,0.0,0.0,1.0,1.0
2024-09-24,300340,4.371584699453535,92.7823,88.9258,94.9476,94.2258,94.2258,0.2650000000000001,1.0,1.0,1.0,1.0
2024-09-24,300371,2.885821831869495,64.6774,67.8259,45.2742,51.7419,51.7419,0.19580419580419575,0.0,0.0,0.9790209790209787,1.0
2024-09-24,300417,4.5848822800495626,95.6855,85.4539,94.7908,96.5484,96.0011,0.5547263681592042,1.0,1.0,0.8905472636815916,1.0
2024-09-24,300484,2.2018348623853212,41.9758,53.1164,29.3831,33.5806,33.5806,0.023213124470090645,0.0,0.0,0.11606562235045322,1.0
2024-09-24,300500,4.192872117400426,90.6048,86.3593,63.4234,72.4839,72.4839,0.30622669809303005,0.0,0.0,1.0,1.0
2024-09-24,300517,4.980340760157254,99.879,95.3222,69.9153,79.9032,79.9032,0.22905027932960892,0.0,0.0,1.0,1.0
2024-09-24,300518,3.444180522565321,78.3468,77.0587,84.8427,82.6774,82.6774,0.28093645484949825,1.0,1.0,1.0,1.0
2024-09-24,300539,3.242542153047978,73.5887,74.1137,51.5121,58.871,58.871,0.2378621860283679,0.0,0.0,1.0,1.0
2024-09-24,300572,3.960396039603964,86.7339,86.0754,60.7137,69.3871,69.3871,0.16558286388472368,0.0,0.0,0.8279143194236184,1.0
2024-09-24,300585,1.1565836298932375,6.0887,21.5531,4.2621,4.871,4.871,0.1658950527358546,0.0,0.0,0.8294752636792729,1.0
2024-09-24,300588,2.412280701754388,49.7177,48.1075,61.4691,59.7742,58.9409,0.5833333333333333,1.0,1.0,0.8333333333333335,1.0
2024-09-24,300611,3.97022332506205,87.0565,82.5001,90.9395,89.6452,89.6452,0.3572505775938179,1.0,1.0,1.0,1.0
2024-09-24,300615,1.7017017017016967,25.2016,35.5101,17.6411,20.1613,20.1613,0.23255813953488372,0.0,0.0,1.0,1.0
2024-09-24,300616,4.356636271529912,92.5403,92.0717,64.7782,74.0323,74.0323,0.09802559129724929,0.0,0.0,0.4901279564862464,1.0
2024-09-24,300626,2.124999999999999,39.6371,38.2121,50.7508,51.7097,49.9609,0.6748788773627753,1.0,1.0,0.6502422452744494,1.0
2024-09-24,300635,3.628117913832196,82.379,73.9619,83.7826,85.9032,84.9325,0.5970682224863842,1.0,1.0,0.8058635550272315,1.0
2024-09-24,300650,2.494331065759625,52.7016,57.6689,36.8911,42.1613,42.1613,0.22461966715892986,0.0,0.0,1.0,1.0
2024-09-24,300675,2.3911187019641345,48.9113,52.2658,34.2379,39.129,39.129,0.34316307226631176,0.0,0.0,1.0,1.0
2024-09-24,300686,2.4390243902439046,50.6855,56.2006,35.4798,40.5484,40.5484,0.21739130434782603,0.0,0.0,1.0,1.0
2024-09-24,300707,4.639684106613995,96.1694,95.6411,67.3185,76.9355,76.9355,0.06472155993547316,0.0,0.0,0.32360779967736575,1.0
2024-09-24,300721,4.110898661567863,89.3952,87.5608,62.5766,71.5161,71.5161,0.19776736768662523,0.0,0.0,0.9888368384331261,1.0
2024-09-24,300730,2.263779527559051,43.9516,47.0373,55.7661,50.1613,50.1613,0.4062015503875969,1.0,0.0,1.0,1.0
2024-09-24,300736,3.7349397590361377,83.75,85.6129,70.5603,82.0,78.7338,0.06935270805812421,1.0,0.0,0.34676354029062106,1.0
2024-09-24,300753,2.5316455696202445,54.0726,58.7732,37.8508,43.2581,43.2581,0.22424292688339204,0.0,0.0,1.0,1.0
2024-09-24,300771,2.927400468384067,65.7661,66.9136,46.0363,52.6129,52.6129,0.284964622152309,0.0,0.0,1.0,1.0
2024-09-24,300774,3.8297872340425476,85.4435,81.2072,89.8105,88.3548,88.3548,0.35738391314799045,1.0,1.0,1.0,1.0
2024-09-24,300786,4.454976303317526,94.2339,89.7199,90.9637,90.3871,90.3871,0.28336079077429993,1.0,0.0,1.0,1.0
2024-09-24,300787,1.6190476190476089,21.8952,32.2481,15.3266,17.5161,17.5161,0.26339972164877723,0.0,0.0,1.0,1.0
2024-09-24,300817,3.8652130822596886,86.25,81.0146,60.375,69.0,69.0,0.399269478409321,0.0,0.0,1.0,1.0
2024-09-24,300826,2.0460358056266115,37.1371,43.5189,25.996,29.7097,29.7097,0.3095403093607266,0.0,0.0,1.0,1.0
2024-09-24,300828,1.931922723091084,33.5887,41.1229,23.5121,26.871,26.871,0.2874046180672442,0.0,0.0,1.0,1.0
2024-09-24,300840,4.370179948586106,92.7016,93.6478,64.8911,74.1613,74.1613,0.025672692983296438,0.0,0.0,0.12836346491648218,1.0
2024-09-24,300845,1.115241635687747,4.0726,14.6855,2.8508,3.2581,3.2581,0.4286283000517365,0.0,0.0,1.0,1.0
2024-09-24,300885,2.7989821882951738,62.1371,61.0104,43.496,49.7097,49.7097,0.4349662575187041,0.0,0.0,1.0,1.0
2024-09-24,300912,3.0456852791878264,68.8306,70.9369,73.1815,70.0645,70.0645,0.20637898686679168,1.0,0.0,1.0,1.0
2024-09-24,300922,2.677029360967209,59.0726,65.4466,41.3508,47.2581,47.2581,0.0905730129390016,0.0,0.0,0.4528650646950079,1.0
2024-09-24,300932,3.0845771144278444,69.9597,64.116,75.2683,75.9677,75.0419,0.5925879427041729,1.0,1.0,0.8148241145916542,1.0
2024-09-24,300943,2.935420743639905,65.9274,68.8668,46.1492,52.7419,52.7419,0.19375628202556358,0.0,0.0,0.9687814101278178,1.0
2024-09-24,300948,3.807390817469214,85.121,84.2778,83.6796,83.0968,82.8705,0.19094958132496248,1.0,0.0,0.9547479066248123,1.0
2024-09-24,300958,3.703703703703698,83.3871,85.8554,58.371,66.7097,66.7097,0.042714807468798334,0.0,0.0,0.21357403734399166,1.0
2024-09-24,300967,3.7652270210409844,84.4758,84.6139,59.1331,67.5806,67.5806,0.14833759590792828,0.0,0.0,0.7416879795396414,1.0
2024-09-24,300978,2.310231023102305,45.4435,52.9131,31.8105,36.3548,36.3548,0.17208925454989193,0.0,0.0,0.8604462727494596,1.0
2024-09-24,300989,2.042628774422739,36.6935,47.12,25.6855,29.3548,29.3548,0.11174082115052426,0.0,0.0,0.5587041057526213,1.0
2024-09-24,301007,2.5862068965517127,56.0081,60.4832,39.2056,44.8065,44.8065,0.21616238907806565,0.0,0.0,1.0,1.0
2024-09-24,301013,1.4403292181069949,16.5726,31.2271,11.6008,13.2581,13.2581,0.10154905335628212,0.0,0.0,0.5077452667814105,1.0
2024-09-24,301027,2.091503267973849,38.5887,46.4759,27.0121,30.871,30.871,0.21975473376544963,0.0,0.0,1.0,1.0
2024-09-24,301057,3.075571177504388,69.5161,69.7457,78.6613,75.6129,75.6129,0.29335814192986,1.0,1.0,1.0,1.0
2024-09-24,301066,3.465346534653446,78.75,80.0007,55.125,63.0,63.0,0.1499657746905007,0.0,0.0,0.7498288734525035,1.0
2024-09-24,301083,3.022222222222215,67.9435,72.5643,47.5605,54.3548,54.3548,0.08952860927380343,0.0,0.0,0.44764304636901714,1.0
2024-09-24,301120,3.0463576158940464,68.9113,74.2779,48.2379,55.129,55.129,0.042554438358533994,0.0,0.0,0.21277219179266996,1.0
2024-09-24,301136,3.52831940575673,80.3629,78.8728,56.254,64.2903,64.2903,0.2708764846855547,0.0,0.0,1.0,1.0
2024-09-24,301149,3.383458646616533,77.621,80.7083,54.3347,62.0968,62.0968,0.06942472656014752,0.0,0.0,0.34712363280073755,1.0
2024-09-24,301167,3.0881017257039067,70.121,72.043,49.0847,56.0968,56.0968,0.20268640561153498,0.0,0.0,1.0,1.0
2024-09-24,301188,2.6724137931034564,58.9113,65.1997,41.2379,47.129,47.129,0.09646704222260169,0.0,0.0,0.4823352111130084,1.0
2024-09-24,301246,4.224058769513306,91.25,92.2482,63.875,73.0,73.0,0.03758995633630174,0.0,0.0,0.18794978168150867,1.0
2024-09-24,301292,3.687445127304656,83.1855,85.07,58.2298,66.5484,66.5484,0.07391910739191088,0.0,0.0,0.3695955369595544,1.0
2024-09-24,301408,3.459119496855334,78.6694,81.6594,55.0685,62.9355,62.9355,0.06380476049306269,0.0,0.0,0.3190238024653134,1.0
2024-09-24,301507,2.9945553539020064,67.1371,72.7085,46.996,53.7097,53.7097,0.05005959475566138,0.0,0.0,0.25029797377830687,1.0
2024-09-24,301558,2.2222222222222143,42.6613,52.1833,29.8629,34.129,34.129,0.09728506787330331,0.0,0.0,0.4864253393665165,1.0
2024-09-24,600272,2.413127413127425,49.7984,47.96,61.1015,59.8387,58.8994,0.5939346473453325,1.0,1.0,0.812130705309335,1.0
2024-09-24,600444,2.430555555555558,50.4435,56.607,35.3105,40.3548,40.3548,0.1873905429071804,0.0,0.0,0.936952714535902,1.0
2024-09-24,600506,2.9197080291970767,65.4435,67.7148,70.8105,67.3548,67.3548,0.23200000000000004,1.0,0.0,1.0,1.0
2024-09-24,600689,2.2662889518413554,44.2742,50.5103,55.9919,50.4194,50.4194,0.2454545454545453,1.0,0.0,1.0,1.0
2024-09-24,600847,4.792746113989632,97.8629,87.4283,96.7799,98.2903,97.8593,0.5431034482758619,1.0,1.0,0.9137931034482762,1.0
2024-09-24,601083,2.4970273483947647,52.7823,60.9459,36.9476,42.2258,42.2258,0.06399685792427873,0.0,0.0,0.31998428962139364,1.0
2024-09-24,601133,1.9108280254777288,32.7823,43.5482,22.9476,26.2258,26.2258,0.13387978142077078,0.0,0.0,0.6693989071038539,1.0
2024-09-24,603042,1.6634050880626194,23.5887,32.2528,46.5121,38.871,38.871,0.330909090909091,1.0,1.0,1.0,1.0
2024-09-24,603045,4.131355932203418,89.5565,88.4109,83.861,86.6452,85.688,0.1617153137377129,1.0,0.0,0.8085765686885644,1.0
2024-09-24,603065,4.213483146067398,91.0887,90.3707,63.7621,72.871,72.871,0.12501516710782137,0.0,0.0,0.6250758355391068,1.0
2024-09-24,603122,3.597122302158273,81.7339,77.8646,57.2137,65.3871,65.3871,0.3761251068536811,0.0,0.0,1.0,1.0
2024-09-24,603191,3.902862098872517,86.4113,85.8172,82.0472,84.129,83.2689,0.16559297706866177,1.0,0.0,0.8279648853433088,1.0
2024-09-24,603506,2.1361815754339153,40.0403,49.2817,28.0282,32.0323,32.0323,0.13752606986811197,0.0,0.0,0.6876303493405598,1.0
2024-09-24,603586,1.7241379310344973,26.129,39.5728,18.2903,20.9032,20.9032,0.06651884700665188,0.0,0.0,0.33259423503325936,1.0
2024-09-24,603657,4.039408866995076,88.1048,89.6458,61.6734,70.4839,70.4839,0.041902172599684234,0.0,0.0,0.20951086299842117,1.0
2024-09-24,603679,1.5799256505576231,20.4435,34.1622,14.3105,16.3548,16.3548,0.10963007550747736,0.0,0.0,0.5481503775373867,1.0
2024-09-24,603810,2.900378310214391,64.879,70.6562,45.4153,51.9032,51.9032,0.062352941176470514,0.0,0.0,0.31176470588235256,1.0
2024-09-24,603978,1.5917602996254665,21.0081,29.0922,44.7056,36.8065,36.8065,0.3857142857142856,1.0,1.0,1.0,1.0
2024-09-24,605169,2.364066193853409,47.7823,50.562,63.4476,58.2258,58.2258,0.38318875098877353,1.0,1.0,1.0,1.0
2024-09-25,000668,3.034901365705611,69.2035,69.0187,78.4424,75.3628,75.3628,0.3172043010752687,1.0,1.0,1.0,1.0
2024-09-25,000880,2.0247469066366763,37.8943,43.9169,26.526,30.3155,30.3155,0.31993006993007017,0.0,0.0,1.0,1.0
2024-09-25,002058,2.65379975874549,59.306,61.7832,71.5142,67.4448,67.4448,0.2830820770519262,1.0,1.0,1.0,1.0
2024-09-25,002144,4.022988505747138,88.4464,81.6591,91.9125,90.7571,90.7571,0.45489966880964156,1.0,1.0,1.0,1.0
2024-09-25,002205,1.0144927536231751,0.3549,11.8033,30.2484,20.2839,20.2839,0.42402826855123693,1.0,1.0,1.0,1.0
2024-09-25,002633,3.217158176943702,73.8565,66.0786,75.6865,79.0852,77.5819,0.650326797385621,1.0,1.0,0.6993464052287579,1.0
2024-09-25,002715,2.1883920076118057,43.1782,52.3183,30.2248,34.5426,34.5426,0.11121408711770148,0.0,0.0,0.5560704355885073,1.0
2024-09-25,002729,1.0261194029850706,1.3801,13.5716,0.9661,1.1041,1.1041,0.37662468884051176,0.0,0.0,1.0,1.0
2024-09-25,002780,1.3129102844638973,12.1845,26.8329,28.1028,24.7476,23.391,0.1457364341085273,1.0,0.0,0.7286821705426364,1.0
2024-09-25,002800,3.5860655737704805,81.9795,75.8287,82.3856,80.5836,80.5836,0.48774509803920163,1.0,0.0,1.0,1.0
2024-09-25,002826,2.020202020202011,37.7366,43.7674,26.4156,30.1893,30.1893,0.3210937594652514,0.0,0.0,1.0,1.0
2024-09-25,002828,1.85185185185186,31.9006,43.7155,22.3304,25.5205,25.5205,0.09024915271915954,0.0,0.0,0.45124576359579766,1.0
2024-09-25,002848,3.631284916201105,83.0836,81.1673,88.1585,86.4669,86.4669,0.2649769585253457,1.0,1.0,1.0,1.0
2024-09-25,002853,1.1173184357541999,4.4164,19.9709,3.0915,3.5331,3.5331,0.17811095728007162,0.0,0.0,0.890554786400358,1.0
2024-09-25,002858,2.5536261491317713,55.7177,61.7003,39.0024,44.5741,44.5741,0.14368932038834925,0.0,0.0,0.7184466019417463,1.0
2024-09-25,002949,3.1545741324921384,72.5158,72.7824,75.761,73.0126,73.0126,0.2615113840623118,1.0,0.0,1.0,1.0
2024-09-25,300069,2.857142857142847,64.8265,63.2337,75.3785,71.8612,71.8612,0.4313725490196079,1.0,1.0,1.0,1.0
2024-09-25,300243,1.049868766404205,2.3265,20.528,1.6285,1.8612,1.8612,0.0666603295535639,0.0,0.0,0.33330164776781945,1.0
2024-09-25,300306,1.441812564366618,17.3107,20.2935,35.0073,33.8486,32.071,0.6777559665254883,1.0,1.0,0.6444880669490234,1.0
2024-09-25,300313,2.127659574468077,41.2855,51.4899,28.8998,33.0284,33.0284,0.07692307692307679,0.0,0.0,0.3846153846153839,1.0
2024-09-25,300340,3.141361256544495,72.2003,70.8603,80.5402,77.7603,77.7603,0.345,1.0,1.0,1.0,1.0
2024-09-25,300437,1.374999999999993,14.7476,29.9507,10.3233,11.7981,11.7981,0.09236947791164658,0.0,0.0,0.4618473895582329,1.0
2024-09-25,300478,1.0973936899862924,3.7461,20.649,2.6222,2.9968,2.9968,0.1173913043478261,0.0,0.0,0.5869565217391305,1.0
2024-09-25,300484,2.4236983842010673,51.5773,60.0427,36.1041,41.2618,41.2618,0.0609583100281285,0.0,0.0,0.30479155014064246,1.0
2024-09-25,300517,2.372034956304625,49.724,53.7829,34.8068,39.7792,39.7792,0.2998137802607075,0.0,0.0,1.0,1.0
2024-09-25,300519,1.9213174748398787,34.6609,43.415,24.2626,27.7287,27.7287,0.2156862745098041,0.0,0.0,1.0,1.0
2024-09-25,300572,1.904761904761898,33.8722,42.0825,23.7106,27.0978,27.0978,0.25076697986865004,0.0,0.0,1.0,1.0
2024-09-25,300588,1.3918629550321304,15.8123,20.0183,35.8055,32.6498,31.3341,0.6315789473684211,1.0,1.0,0.7368421052631577,1.0
2024-09-25,300621,1.8817204301075252,33.1625,42.5609,23.2137,26.53,26.53,0.19845255075118434,0.0,0.0,0.9922627537559217,1.0
2024-09-25,300635,1.0940919037199182,3.5095,8.9651,24.7717,22.8076,20.8863,0.692123859897152,1.0,1.0,0.6157522802056961,1.0
2024-09-25,300650,1.1061946902655162,3.9826,17.9093,2.7879,3.1861,3.1861,0.2638431945861482,0.0,0.0,1.0,1.0
2024-09-25,300703,1.608579088471851,22.6735,34.1084,15.8715,18.1388,18.1388,0.20152091254752855,0.0,0.0,1.0,1.0
2024-09-25,300736,3.832752613240409,86.317,87.2571,74.4048,84.0536,81.2993,0.08982826948480842,1.0,0.0,0.44914134742404205,1.0
2024-09-25,300753,2.028218694885364,37.9732,44.9985,26.5812,30.3785,30.3785,0.2690014868242124,0.0,0.0,1.0,1.0
2024-09-25,300774,1.3661202185792254,14.3927,22.7355,40.0749,31.5142,31.5142,0.4389358805631216,1.0,1.0,1.0,1.0
2024-09-25,300786,1.1796733212341204,6.9795,18.3678,29.8856,20.5836,20.5836,0.36079077429983514,1.0,0.0,1.0,1.0
2024-09-25,300828,2.9783393501805033,67.6262,67.3253,47.3383,54.1009,54.1009,0.33878188686421845,0.0,0.0,1.0,1.0
2024-09-25,300840,3.325123152709386,76.9322,80.201,53.8525,61.5457,61.5457,0.06723800543244308,0.0,0.0,0.3361900271622154,1.0
2024-09-25,300884,1.0775862068965747,3.1151,8.3011,23.7985,22.4921,20.3966,0.7095514101956751,1.0,1.0,0.5808971796086497,1.0
2024-09-25,300885,1.7326732673267342,27.4842,32.3534,19.239,21.9874,21.9874,0.48169837155851064,0.0,0.0,1.0,1.0
2024-09-25,300931,2.49520153550864,53.9038,58.6227,37.7326,43.123,43.123,0.22501466849211077,0.0,0.0,1.0,1.0
2024-09-25,300932,1.4478764478764505,17.6262,20.9987,36.1339,34.1009,32.5498,0.6551115752594731,1.0,1.0,0.6897768494810539,1.0
2024-09-25,300943,1.520912547528508,19.7555,31.0924,13.8289,15.8044,15.8044,0.23560284178202207,0.0,0.0,1.0,1.0
2024-09-25,300958,1.388888888888884,15.6546,30.4392,10.9582,12.5237,12.5237,0.10422413022386783,0.0,0.0,0.5211206511193391,1.0
2024-09-25,300961,1.8624641833810962,32.3738,43.5461,22.6617,25.8991,25.8991,0.11764705882352941,0.0,0.0,0.588235294117647,1.0
2024-09-25,300978,1.2903225806451424,11.5536,24.9468,8.0875,9.2429,9.2429,0.21480700800063457,0.0,0.0,1.0,1.0
2024-09-25,301040,1.6175071360609028,22.9101,33.9455,16.0371,18.3281,18.3281,0.21912832929782083,0.0,0.0,1.0,1.0
2024-09-25,301057,1.875532821824355,32.9259,38.9648,53.0481,46.3407,46.3407,0.3687922850613956,1.0,1.0,1.0,1.0
2024-09-25,301082,1.2210012210012167,8.7934,23.4536,6.1554,7.0347,7.0347,0.1790573815829423,0.0,0.0,0.8952869079147114,1.0
2024-09-25,301083,1.380500431406384,15.3391,29.4901,10.7374,12.2713,12.2713,0.1390582529293084,0.0,0.0,0.695291264646542,1.0
2024-09-25,301102,3.7667071688942677,85.1341,82.5882,59.5938,68.1073,68.1073,0.27595046718314953,0.0,0.0,1.0,1.0
2024-09-25,301120,2.185089974293053,43.0994,52.5409,30.1696,34.4795,34.4795,0.09692955403888306,0.0,0.0,0.4846477701944153,1.0
2024-09-25,301126,1.5486725663716783,20.7019,30.3126,14.4913,16.5615,16.5615,0.3124453694970204,0.0,0.0,1.0,1.0
2024-09-25,301136,1.5246636771300448,19.9132,29.8805,13.9393,15.9306,15.9306,0.30250513032704895,0.0,0.0,1.0,1.0
2024-09-25,301197,1.3628620102214661,14.2744,26.184,9.9921,11.4196,11.4196,0.26177778270525215,0.0,0.0,1.0,1.0
2024-09-25,301198,3.4928848641655907,80.205,78.2546,56.1435,64.164,64.164,0.29547068449164493,0.0,0.0,1.0,1.0
2024-09-25,301228,2.037037037037037,38.1309,45.4067,26.6916,30.5047,30.5047,0.25490196078431376,0.0,0.0,1.0,1.0
2024-09-25,301246,1.6740088105726914,25.276,38.3534,17.6932,20.2208,20.2208,0.09336860122242642,0.0,0.0,0.4668430061121321,1.0
2024-09-25,301355,1.129363449691989,5.4811,20.9247,3.8368,4.3849,4.3849,0.17300908279951802,0.0,0.0,0.86504541399759,1.0
2024-09-25,301395,2.004008016032066,36.9479,45.4011,50.8636,44.5584,44.5584,0.2078628563248298,1.0,0.0,1.0,1.0
2024-09-25,301408,1.4184397163120588,16.6009,30.25,11.6207,13.2808,13.2808,0.1515363061710239,0.0,0.0,0.7576815308551195,1.0
2024-09-25,301519,1.5611448395490113,20.9385,35.2475,14.6569,16.7508,16.7508,0.0751619870410367,0.0,0.0,0.37580993520518347,1.0
2024-09-25,301558,1.9021739130434812,33.7934,44.365,23.6554,27.0347,27.0347,0.13348416289592777,0.0,0.0,0.6674208144796387,1.0
2024-09-25,600272,2.7332704995287616,61.5536,55.9736,66.5489,69.2429,67.6082,0.6634663858135975,1.0,1.0,0.673067228372805,1.0
2024-09-25,600506,1.507092198581561,19.4006,29.6005,38.5804,30.5205,30.5205,0.2959999999999997,1.0,0.0,1.0,1.0
2024-09-25,600697,1.8329938900203624,31.112,41.0914,21.7784,24.8896,24.8896,0.18990737580658068,0.0,0.0,0.9495368790329034,1.0
2024-09-25,600768,2.898550724637694,65.7334,67.2089,76.0134,72.5868,72.5868,0.2688927943760983,1.0,1.0,1.0,1.0
2024-09-25,603045,4.069175991861651,89.235,86.8118,87.4645,86.388,86.388,0.22880996518208346,1.0,0.0,1.0,1.0
2024-09-25,603230,1.9011406844106515,33.7145,44.0082,23.6002,26.9716,26.9716,0.1481680794288732,0.0,0.0,0.7408403971443659,1.0
2024-09-25,605287,2.268602540834852,46.0174,52.4565,57.2121,51.8139,51.8139,0.217867102799863,1.0,0.0,1.0,1.0
2024-09-26,000586,1.6971279373368064,24.6458,34.6232,42.2521,34.7166,34.7166,0.2546728971962617,1.0,0.0,1.0,1.0
2024-09-26,000668,4.123711340206193,89.9702,84.5568,92.9791,91.9761,91.9761,0.37096774193548376,1.0,1.0,1.0,1.0
2024-09-26,000880,1.764057331863289,27.2558,34.7767,19.079,21.8046,21.8046,0.3513986013986016,0.0,0.0,1.0,1.0
2024-09-26,001219,4.932735426008961,99.217,94.102,69.4519,79.3736,79.3736,0.26358056488195236,0.0,0.0,1.0,1.0
2024-09-26,001300,2.5787965616046016,56.6368,62.329,59.5483,60.3095,59.0351,0.149025069637883,1.0,0.0,0.745125348189415,1.0
2024-09-26,001318,4.2424242424242475,91.909,89.9751,64.3363,73.5272,73.5272,0.17760745135339132,0.0,0.0,0.8880372567669566,1.0
2024-09-26,002058,3.8777908343125667,86.7636,83.0122,90.7345,89.4109,89.4109,0.31993299832495814,1.0,1.0,1.0,1.0
2024-09-26,002144,2.7624309392265234,62.7517,57.078,67.6795,70.2013,68.6397,0.6561666565898602,1.0,1.0,0.6876666868202796,1.0
2024-09-26,002205,1.147776183644189,5.7793,15.6482,34.0455,24.6234,24.6234,0.4487632508833922,1.0,1.0,1.0,1.0
2024-09-26,002209,2.7883396704689423,63.311,63.7181,74.3177,70.6488,70.6488,0.3465350682429139,1.0,1.0,1.0,1.0
2024-09-26,002576,2.751504729148735,62.3415,64.3759,68.6391,64.8732,64.8732,0.2748672487894926,1.0,0.0,1.0,1.0
2024-09-26,002633,2.3376623376623273,47.4646,43.3965,54.0749,57.9717,55.6841,0.7287581699346407,1.0,1.0,0.5424836601307186,1.0
2024-09-26,002729,3.5087719298245723,80.6488,76.6511,86.4541,84.519,84.519,0.39339744826255885,1.0,1.0,1.0,1.0
2024-09-26,002767,1.843722563652328,30.2386,38.3344,21.167,24.1909,24.1909,0.2928272385509329,0.0,0.0,1.0,1.0
2024-09-26,002780,3.3477321814255,77.5913,78.7863,75.7481,77.0731,76.1816,0.16434108527131788,1.0,0.0,0.8217054263565894,1.0
2024-09-26,002806,2.229654403567438,43.8852,47.48,30.7196,35.1081,35.1081,0.38140417457305514,0.0,0.0,1.0,1.0
2024-09-26,002828,1.558441558441559,19.7987,33.4176,13.8591,15.8389,15.8389,0.12106593657448249,0.0,0.0,0.6053296828724124,1.0
2024-09-26,002848,3.908355795148255,87.1365,83.2115,90.9955,89.7092,89.7092,0.32488479262672815,1.0,1.0,1.0,1.0
2024-09-26,002853,3.5911602209944826,82.2148,81.8743,82.0378,80.7718,80.6437,0.1948743414946666,1.0,0.0,0.9743717074733329,1.0
2024-09-26,002857,1.1673151750972943,6.3013,22.7485,4.4109,5.041,5.041,0.11462450592885368,0.0,0.0,0.5731225296442684,1.0
2024-09-26,002858,2.490039840637448,53.5048,58.9592,61.6767,57.8039,57.6097,0.1922330097087376,1.0,0.0,0.961165048543688,1.0
2024-09-26,002871,1.4457831325301207,16.443,25.647,36.5101,28.1544,28.1544,0.3753685247523806,1.0,0.0,1.0,1.0
2024-09-26,002887,3.7800687285223233,85.0485,84.2365,59.5339,68.0388,68.0388,0.19011406844106463,0.0,0.0,0.9505703422053231,1.0
2024-09-26,002931,2.494061757719712,53.654,60.9662,52.343,57.9232,55.3695,0.09785202863961821,1.0,0.0,0.489260143198091,1.0
2024-09-26,002949,2.2426095820591074,44.1834,48.728,55.9284,50.3468,50.3468,0.3309391851408022,1.0,0.0,1.0,1.0
2024-09-26,300243,3.8961038961038863,86.9128,88.0192,60.8389,69.5302,69.5302,0.07554837349403908,0.0,0.0,0.37774186747019534,1.0
2024-09-26,300313,1.736111111111116,26.1372,38.8585,18.296,20.9098,20.9098,0.10256410256410245,0.0,0.0,0.5128205128205122,1.0
2024-09-26,300371,2.0656136087484844,37.9195,45.2074,26.5436,30.3356,30.3356,0.25641025641025633,0.0,0.0,1.0,1.0
2024-09-26,300417,1.6451233842538215,22.6324,24.8223,39.2755,38.1059,36.4641,0.6641791044776119,1.0,1.0,0.6716417910447763,1.0
2024-09-26,300478,2.3066485753052923,46.346,54.3812,32.4422,37.0768,37.0768,0.1347826086956522,0.0,0.0,0.673913043478261,1.0
2024-09-26,300484,2.1910604732690686,42.6174,52.3605,29.8322,34.094,34.094,0.08667509707124506,0.0,0.0,0.4333754853562253,1.0
2024-09-26,300500,2.102102102102088,39.4855,44.2026,27.6398,31.5884,31.5884,0.3692864795372145,0.0,0.0,1.0,1.0
2024-09-26,300539,2.377972465581979,49.478,53.1645,34.6346,39.5824,39.5824,0.32089665603305956,0.0,0.0,1.0,1.0
2024-09-26,300564,3.06469920544834,70.4325,71.3968,49.3028,56.346,56.346,0.24745925007074343,0.0,0.0,1.0,1.0
2024-09-26,300611,2.499999999999969,54.0268,54.1333,67.8188,63.2215,63.2215,0.4544109899579155,1.0,1.0,1.0,1.0
2024-09-26,300621,4.353562005277056,92.8784,89.638,65.0149,74.3028,74.3028,0.23323759468024508,0.0,0.0,1.0,1.0
2024-09-26,300626,2.1897810218977964,42.5429,39.3254,50.3623,54.0343,51.6799,0.7354435409957464,1.0,1.0,0.5291129180085072,1.0
2024-09-26,300635,1.0822510822510845,3.0947,8.1395,23.4937,22.4758,20.3076,0.7168141592920356,1.0,1.0,0.5663716814159288,1.0
2024-09-26,300649,4.446854663774391,94.4444,92.763,66.1111,75.5556,75.5556,0.13962722295610633,0.0,0.0,0.6981361147805316,1.0
2024-09-26,300650,2.188183807439814,42.2446,48.1622,29.5712,33.7957,33.7957,0.28167207068942973,0.0,0.0,1.0,1.0
2024-09-26,300686,1.9815059445178251,35.0858,43.1089,24.56,28.0686,28.0686,0.24798711755233496,0.0,0.0,1.0,1.0
2024-09-26,300703,2.37467018469657,49.3289,54.5201,34.5302,39.4631,39.4631,0.247148288973384,0.0,0.0,1.0,1.0
2024-09-26,300707,4.690431519699811,96.7562,94.3051,67.7293,77.4049,77.4049,0.15499110405600128,0.0,0.0,0.7749555202800064,1.0
2024-09-26,300721,2.3787740164684212,49.5526,54.4875,34.6868,39.6421,39.6421,0.25772949267416584,0.0,0.0,1.0,1.0
2024-09-26,300736,1.4541387024608499,16.8904,31.2798,27.9857,28.5123,26.3029,0.11162483487450459,1.0,0.0,0.5581241743725229,1.0
2024-09-26,300749,4.074074074074074,89.299,86.1997,87.5093,86.4392,86.4392,0.2619781906181251,1.0,0.0,1.0,1.0
2024-09-26,300753,2.2471910112359605,44.4072,49.4104,31.085,35.5257,35.5257,0.3057674467756007,0.0,0.0,1.0,1.0
2024-09-26,300771,1.916572717023679,33.0723,39.1696,23.1506,26.4579,26.4579,0.36441299746871886,0.0,0.0,1.0,1.0
2024-09-26,300774,1.7520215633423097,26.6592,31.9446,48.6614,41.3274,41.3274,0.46914031293909614,1.0,1.0,1.0,1.0
2024-09-26,300786,1.255605381165914,9.8807,20.2604,31.9165,22.9045,22.9045,0.38220757825370677,1.0,0.0,1.0,1.0
2024-09-26,300787,2.145522388059695,41.126,47.0392,28.7882,32.9008,32.9008,0.2930795863442478,0.0,0.0,1.0,1.0
2024-09-26,300828,1.4899211218229569,17.9344,25.9571,12.5541,14.3475,14.3475,0.41951759497374913,0.0,0.0,1.0,1.0
2024-09-26,300840,2.502979737783062,54.3997,61.5148,38.0798,43.5198,43.5198,0.10024575355382458,0.0,0.0,0.5012287677691228,1.0
2024-09-26,300845,2.0239190432382648,36.3535,40.1997,25.4474,29.0828,29.0828,0.44415363926950435,0.0,0.0,1.0,1.0
2024-09-26,300867,2.1126760563380254,39.7837,44.2058,57.8486,51.827,51.827,0.381059655432504,1.0,1.0,1.0,1.0
2024-09-26,300884,2.1321961620468954,40.4549,37.4531,48.4967,52.3639,49.9085,0.7455422977671664,1.0,1.0,0.5089154044656672,1.0
2024-09-26,300885,2.433090024330875,51.7897,51.203,36.2528,41.4318,41.4318,0.511436989583842,0.0,0.0,0.977126020832316,1.0
2024-09-26,300912,2.3622047244094446,48.5086,53.5161,58.956,53.8069,53.8069,0.26454033771106944,1.0,0.0,1.0,1.0
2024-09-26,300931,2.9962546816479474,68.3445,69.1837,47.8412,54.6756,54.6756,0.274594171719186,0.0,0.0,1.0,1.0
2024-09-26,300932,2.1883920076118057,42.3565,40.1779,52.2349,53.8852,52.0315,0.6853649458507473,1.0,1.0,0.6292701082985055,1.0
2024-09-26,300948,3.118279569892457,72.0731,72.2338,80.4512,77.6585,77.6585,0.27123520074568563,1.0,1.0,1.0,1.0
2024-09-26,300958,2.739726027397249,61.9314,66.9822,43.352,49.5451,49.5451,0.12814442240639498,0.0,0.0,0.6407221120319748,1.0
2024-09-26,300961,1.2658227848101333,10.5891,25.5066,7.4124,8.4713,8.4713,0.14823529411764702,0.0,0.0,0.7411764705882351,1.0
2024-09-26,300967,4.264392324093813,91.9836,89.725,64.3885,73.5869,73.5869,0.19309462915601025,0.0,0.0,0.9654731457800512,1.0
2024-09-26,300978,2.866242038216571,65.2871,67.4453,45.701,52.2297,52.2297,0.23921715282963016,0.0,0.0,1.0,1.0
2024-09-26,300989,3.11958405545929,72.2222,74.8077,50.5556,57.7778,57.7778,0.1485015582026682,0.0,0.0,0.742507791013341,1.0
2024-09-26,301013,2.618328298086614,58.2028,63.8084,40.742,46.5623,46.5623,0.13769363166953497,0.0,0.0,0.6884681583476748,1.0
2024-09-26,301027,3.9692701664532537,87.733,85.17,86.4131,85.1864,85.1864,0.25081896612590837,1.0,0.0,1.0,1.0
2024-09-26,301040,2.059925093632975,37.6957,45.3624,26.387,30.1566,30.1566,0.2397094430992736,0.0,0.0,1.0,1.0
2024-09-26,301066,2.135231316725994,40.6413,47.6185,28.4489,32.513,32.513,0.24472568362025637,0.0,0.0,1.0,1.0
2024-09-26,301082,2.4125452352231624,50.9694,56.9098,35.6786,40.7755,40.7755,0.19328515659883577,0.0,0.0,0.9664257829941788,1.0
2024-09-26,301126,2.3965141612200425,50.2983,53.3991,35.2088,40.2386,40.2386,0.34197829492259907,0.0,0.0,1.0,1.0
2024-09-26,301136,2.6501766784452263,59.0977,60.9451,41.3684,47.2782,47.2782,0.3166547875877174,0.0,0.0,1.0,1.0
2024-09-26,301149,2.666666666666684,59.918,65.1455,41.9426,47.9344,47.9344,0.1394425304010707,0.0,0.0,0.6972126520053535,1.0
2024-09-26,301167,2.894736842105261,65.9582,67.1468,46.1708,52.7666,52.7666,0.28099018592628744,0.0,0.0,1.0,1.0
2024-09-26,301198,1.8750000000000044,31.5063,37.4617,22.0544,25.2051,25.2051,0.3871684831269828,0.0,0.0,1.0,1.0
2024-09-26,301228,2.8130671506352067,64.0194,65.5783,69.8136,66.2155,66.2155,0.28186274509803916,1.0,0.0,1.0,1.0
2024-09-26,301355,1.8274111675126825,29.1946,39.3444,20.4362,23.3557,23.3557,0.2005632741200184,0.0,0.0,1.0,1.0
2024-09-26,301408,2.5974025974025983,57.5317,62.2502,40.2722,46.0254,46.0254,0.18875574979197762,0.0,0.0,0.9437787489598881,1.0
2024-09-26,301507,2.617801047120416,58.1283,64.4526,40.6898,46.5026,46.5026,0.10250297973778315,0.0,0.0,0.5125148986889158,1.0
2024-09-26,301558,2.400000000000002,50.3729,56.9951,35.261,40.2983,40.2983,0.1651583710407241,0.0,0.0,0.8257918552036204,1.0
2024-09-26,600506,2.6200873362445476,58.352,60.0816,65.8464,61.6816,61.6816,0.32999999999999974,1.0,0.0,1.0,1.0
2024-09-26,600615,1.2331838565022402,9.2095,24.5929,6.4467,7.3676,7.3676,0.1387387387387387,0.0,0.0,0.6936936936936935,1.0
2024-09-26,600689,2.066115702479343,37.994,44.274,51.5958,45.3952,45.3952,0.3060606060606059,1.0,0.0,1.0,1.0
2024-09-26,600697,3.9000000000000146,86.9873,84.8288,60.8911,69.5899,69.5899,0.23805290770120663,0.0,0.0,1.0,1.0
2024-09-26,600768,2.0486555697823317,37.472,43.8265,56.2304,49.9776,49.9776,0.30755711775043937,1.0,1.0,1.0,1.0
2024-09-26,600847,1.7412935323383172,26.3236,28.3578,43.0242,41.0589,39.7083,0.6350574712643675,1.0,1.0,0.729885057471265,1.0
2024-09-26,601083,1.969872537659323,34.7129,45.1495,24.299,27.7703,27.7703,0.1310411852735237,0.0,0.0,0.6552059263676185,1.0
2024-09-26,601133,2.3908523908523938,49.9254,56.1699,34.9478,39.9403,39.9403,0.1885245901639425,0.0,0.0,0.9426229508197124,1.0
2024-09-26,603042,1.7324350336862304,25.9881,33.5541,48.1916,40.7905,40.7905,0.36181818181818187,1.0,1.0,1.0,1.0
2024-09-26,603122,2.951388888888884,67.4497,64.6672,47.2148,53.9597,53.9597,0.46462513199572386,0.0,0.0,1.0,1.0
2024-09-26,603132,3.027522935779814,69.1648,71.9799,48.4154,55.3318,55.3318,0.1675980089091098,0.0,0.0,0.837990044545549,1.0
2024-09-26,603161,3.0998851894374235,71.6257,73.9095,50.138,57.3005,57.3005,0.16955160211562126,0.0,0.0,0.8477580105781063,1.0
2024-09-26,603559,4.968944099378869,99.6644,82.8306,85.9633,99.7315,96.2811,0.8450450450450451,1.0,1.0,0.30990990990990985,1.0
2024-09-26,603657,3.3428844317096473,77.5168,80.7208,65.7246,77.0134,73.6291,0.06462877468764854,1.0,0.0,0.32314387343824263,1.0
2024-09-26,603679,1.6559337626494974,22.9306,35.8941,16.0515,18.3445,18.3445,0.12252210783493034,0.0,0.0,0.6126105391746517,1.0
2024-09-26,603810,2.0681265206812682,38.0686,48.5255,41.2951,45.4549,42.8666,0.09647058823529416,1.0,0.0,0.48235294117647076,1.0
2024-09-26,605100,2.5362318840579823,55.3691,61.1999,59.2353,59.2953,58.1645,0.15476930358103916,1.0,0.0,0.7738465179051958,1.0
2024-09-26,605169,1.4874141876429992,17.7107,24.5716,42.3975,34.1685,34.1685,0.479848976463419,1.0,1.0,1.0,1.0
2024-09-26,605567,3.7371134020618646,84.1536,83.569,82.6768,82.3229,82.0152,0.18769230769230755,1.0,0.0,0.9384615384615377,1.0
2024-09-27,000586,4.3645699614891065,91.6045,87.4323,89.1231,88.2836,88.2836,0.2925659472422062,1.0,0.0,1.0,1.0
2024-09-27,000668,3.3946251768033786,74.291,70.5081,82.0037,79.4328,79.4328,0.4462365591397849,1.0,1.0,1.0,1.0
2024-09-27,000880,3.7919826652220934,82.1269,78.1141,57.4888,65.7015,65.7015,0.37937062937062954,0.0,0.0,1.0,1.0
2024-09-27,000929,4.265402843601884,90.1866,85.1872,88.1306,87.1493,87.1493,0.34810126582278467,1.0,0.0,1.0,1.0
2024-09-27,001217,3.3622559652928263,73.4701,75.1836,51.4291,58.7761,58.7761,0.17962501154524751,0.0,0.0,0.8981250577262375,1.0
2024-09-27,001299,2.9565217391304133,63.8433,66.9757,44.6903,51.0746,51.0746,0.20494533873876852,0.0,0.0,1.0,1.0
2024-09-27,001300,3.910614525139655,84.3657,83.7179,82.9292,82.4925,82.2108,0.1887323943661972,1.0,0.0,0.943661971830986,1.0
2024-09-27,001318,4.941860465116288,98.9925,93.2356,69.2948,79.194,79.194,0.2979221764637532,0.0,0.0,1.0,1.0
2024-09-27,001322,2.822085889570558,60.5224,60.9156,72.3657,68.4179,68.4179,0.3751139882900349,1.0,1.0,1.0,1.0
2024-09-27,001366,4.356243949661165,91.4552,90.7314,81.1827,88.1642,86.2052,0.12164026250888713,1.0,0.0,0.6082013125444355,1.0
2024-09-27,002058,3.619909502262453,79.3657,75.6329,85.556,83.4925,83.4925,0.3929824561403508,1.0,1.0,1.0,1.0
2024-09-27,002144,2.3655913978494425,46.2313,40.9865,50.3648,56.9851,53.9858,0.7999287907185872,1.0,1.0,0.4001424185628255,1.0
2024-09-27,002205,3.546099290780136,77.4254,72.3997,84.1978,81.9403,81.9403,0.47703180212014135,1.0,1.0,1.0,1.0
2024-09-27,002209,2.836004932182501,60.8582,59.989,72.6007,68.6866,68.6866,0.43487586691280694,1.0,1.0,1.0,1.0
2024-09-27,002633,3.9340101522842508,84.5896,71.92,77.7094,87.6716,84.7958,0.7875816993464054,1.0,1.0,0.42483660130718914,1.0
2024-09-27,002715,3.8961038961038863,84.0299,84.4991,58.8209,67.2239,67.2239,0.13623725671918438,0.0,0.0,0.6811862835959218,1.0
2024-09-27,002780,3.7617554858934144,81.6045,81.0355,87.1231,85.2836,85.2836,0.21240310077519392,1.0,1.0,1.0,1.0
2024-09-27,002800,2.5691699604743157,53.3955,51.1968,59.3376,57.7164,56.9566,0.5759803921568463,1.0,0.0,0.8480392156863075,1.0
2024-09-27,002802,3.9766081871345005,85.3358,83.5524,84.7351,83.2687,83.2687,0.23581354167404994,1.0,0.0,1.0,1.0
2024-09-27,002806,4.798255179934574,97.4254,89.5532,68.1978,77.9403,77.9403,0.4193548387096774,0.0,0.0,1.0,1.0
2024-09-27,002826,3.2766990291262177,71.6418,68.7582,50.1493,57.3134,57.3134,0.4277616639719855,0.0,0.0,1.0,1.0
2024-09-27,002828,3.4526854219948833,75.1866,77.1996,52.6306,60.1493,60.1493,0.1474803227361878,0.0,0.0,0.7374016136809389,1.0
2024-09-27,002848,2.7237354085603016,57.9478,58.5241,70.5634,66.3582,66.3582,0.39170506912442404,1.0,1.0,1.0,1.0
2024-09-27,002853,4.266666666666663,90.2612,87.2218,88.1828,87.209,87.209,0.24935534019210018,1.0,0.0,1.0,1.0
2024-09-27,002857,4.13461538461537,87.7985,87.6301,61.459,70.2388,70.2388,0.13043478260869573,0.0,0.0,0.6521739130434786,1.0
2024-09-27,002858,3.5957240038872795,78.694,78.1397,80.0858,77.9552,77.9552,0.240776699029126,1.0,0.0,1.0,1.0
2024-09-27,002871,4.869358669833712,98.097,90.1643,93.6679,93.4776,93.4776,0.4156673296070658,1.0,0.0,1.0,1.0
2024-09-27,002887,3.14569536423841,68.9179,69.659,48.2425,55.1343,55.1343,0.27376425855513287,0.0,0.0,1.0,1.0
2024-09-27,002900,4.046242774566489,86.4552,86.4987,60.5187,69.1642,69.1642,0.13327280176279802,0.0,0.0,0.66636400881399,1.0
2024-09-27,002910,4.499274310595069,94.1418,88.1224,95.8993,95.3134,95.3134,0.3595505617977527,1.0,1.0,1.0,1.0
2024-09-27,002921,3.8223140495867947,82.5746,82.2562,57.8022,66.0597,66.0597,0.1901727451811387,0.0,0.0,0.9508637259056935,1.0
2024-09-27,002931,4.9826187717265435,99.8881,97.2929,88.0093,94.9104,93.1824,0.13087674714104203,1.0,0.0,0.6543837357052101,1.0
2024-09-27,002949,4.586241276171488,95.1119,88.4525,91.5784,91.0896,91.0896,0.38185290593169446,1.0,0.0,1.0,1.0
2024-09-27,002963,3.543307086614167,77.3507,78.825,54.1455,61.8806,61.8806,0.15277777777777776,0.0,0.0,0.7638888888888887,1.0
2024-09-27,002972,3.661037421630997,79.9627,71.2752,55.9739,63.9701,63.9701,0.6347460091696152,0.0,0.0,0.7305079816607696,1.0
2024-09-27,003003,3.430749682338008,74.7388,72.9857,52.3172,59.791,59.791,0.34026530350545753,0.0,0.0,1.0,1.0
2024-09-27,003018,3.539823008849541,77.2015,71.6378,78.7943,76.7612,76.6995,0.5061686345745969,1.0,0.0,0.9876627308508061,1.0
2024-09-27,300268,2.4653312788905923,50.1866,56.4901,35.1306,40.1493,40.1493,0.18295739348370937,0.0,0.0,0.9147869674185468,1.0
2024-09-27,300417,4.161849710982679,88.1716,76.5572,83.76,90.5373,88.5473,0.6990049751243782,1.0,1.0,0.6019900497512436,1.0
2024-09-27,300478,4.376657824933683,92.1269,90.2667,64.4888,73.7015,73.7015,0.17173913043478262,0.0,0.0,0.8586956521739131,1.0
2024-09-27,300515,4.493207941483801,94.0672,84.7934,89.9263,90.2537,90.0236,0.5230179952682683,1.0,0.0,0.9539640094634634,1.0
2024-09-27,300564,4.955947136563887,99.5149,93.5934,69.6604,79.6119,79.6119,0.3009292507236115,0.0,0.0,1.0,1.0
2024-09-27,300610,4.45783132530122,93.5448,90.7658,65.4813,74.8358,74.8358,0.2035031352023764,0.0,0.0,1.0,1.0
2024-09-27,300611,4.297328687572599,90.6343,82.219,92.8672,92.5075,92.3632,0.514421832888681,1.0,1.0,0.9711563342226379,1.0
2024-09-27,300625,4.32160804020103,91.0821,87.7386,63.7575,72.8657,72.8657,0.2563515284159877,0.0,0.0,1.0,1.0
2024-09-27,300635,4.817987152034253,97.6493,83.1931,88.502,98.1194,95.6563,0.7463126843657819,1.0,1.0,0.5073746312684362,1.0
2024-09-27,300650,4.603854389721618,95.2612,89.8624,66.6828,76.209,76.209,0.3173298228959921,0.0,0.0,1.0,1.0
2024-09-27,300665,4.315196998123816,90.9328,86.9782,63.653,72.7463,72.7463,0.28840284842320385,0.0,0.0,1.0,1.0
2024-09-27,300703,4.123711340206193,87.5373,83.7181,61.2761,70.0299,70.0299,0.31558935361216717,0.0,0.0,1.0,1.0
2024-09-27,300749,3.2028469750889688,70.1119,68.934,79.0784,76.0896,76.0896,0.3577776434314674,1.0,1.0,1.0,1.0
2024-09-27,300817,3.194321206743589,70.0373,64.4553,70.877,71.0299,70.2426,0.5787282165047642,1.0,0.0,0.8425435669904715,1.0
2024-09-27,300819,4.783393501805033,97.1269,94.3112,89.9403,92.7015,91.9394,0.16951530178321686,1.0,0.0,0.8475765089160843,1.0
2024-09-27,300845,4.779080252479706,96.903,88.0183,92.8321,92.5224,92.5224,0.4752043177050403,1.0,0.0,1.0,1.0
2024-09-27,300854,4.944029850746268,99.0672,91.9832,99.347,99.2537,99.2537,0.3635268609973966,1.0,1.0,1.0,1.0
2024-09-27,300884,4.384133611691032,92.3507,77.5301,81.9446,93.8806,90.7054,0.8175240729101477,1.0,1.0,0.36495185417970455,1.0
2024-09-27,300889,4.573991031390134,94.8134,89.4038,96.3694,95.8507,95.8507,0.32234944732706533,1.0,1.0,1.0,1.0
2024-09-27,300931,3.6363636363636376,79.5896,76.9593,55.7127,63.6716,63.6716,0.3356150987678941,0.0,0.0,1.0,1.0
2024-09-27,300961,4.166666666666674,88.4701,87.3879,61.9291,70.7761,70.7761,0.1694117647058823,0.0,0.0,0.8470588235294114,1.0
2024-09-27,300967,4.805725971370167,97.5,93.1151,68.25,78.0,78.0,0.24424552429667504,0.0,0.0,1.0,1.0
2024-09-27,300978,4.9535603715170184,99.3657,93.6097,69.556,79.4925,79.4925,0.29413997869487096,0.0,0.0,1.0,1.0
2024-09-27,301032,4.221251819505101,89.5896,84.3977,87.7127,86.6716,86.6716,0.36369650810042836,1.0,0.0,1.0,1.0
2024-09-27,301066,4.994192799070829,99.9627,94.101,99.9739,99.9701,99.9701,0.2934593510698452,1.0,1.0,1.0,1.0
2024-09-27,301081,3.682719546742219,80.1866,79.0064,56.1306,64.1493,64.1493,0.25714502025215347,0.0,0.0,1.0,1.0
2024-09-27,301098,4.139715394566634,87.8731,80.8507,86.5112,85.2985,85.2985,0.4723903208100901,1.0,0.0,1.0,1.0
2024-09-27,301116,3.951081843838211,84.6642,73.8484,81.499,87.7313,85.7899,0.6941489361702129,1.0,1.0,0.6117021276595742,1.0
2024-09-27,301120,4.808877928483368,97.5746,94.5608,68.3022,78.0597,78.0597,0.17494602436286183,0.0,0.0,0.8747301218143091,1.0
2024-09-27,301256,4.006410256410242,85.709,82.3969,84.9963,83.5672,83.5672,0.3085153965250128,1.0,0.0,1.0,1.0
2024-09-27,301265,3.8318912237330194,83.097,82.8831,81.1403,81.4776,80.9707,0.1797235023041475,1.0,0.0,0.8986175115207374,1.0
2024-09-27,301303,4.374999999999996,92.0522,86.5043,64.4366,73.6418,73.6418,0.35687648001370065,0.0,0.0,1.0,1.0
2024-09-27,301355,4.685942173479574,96.0075,91.9202,92.2052,91.806,91.806,0.2442908653846869,1.0,0.0,1.0,1.0
2024-09-27,301395,4.39453125,92.4254,88.8897,89.6978,88.9403,88.9403,0.25252760231198323,1.0,0.0,1.0,1.0
2024-09-27,301439,4.181184668989557,88.8433,87.1276,86.9255,86.0746,86.0084,0.19735247098181494,1.0,0.0,0.9867623549090746,1.0
2024-09-27,600272,3.558394160583922,77.6493,66.9032,73.922,82.1194,79.5113,0.7608108196691687,1.0,1.0,0.4783783606616625,1.0
2024-09-27,600689,3.9136302294197067,84.5149,80.5816,89.1604,87.6119,87.6119,0.3515151515151515,1.0,1.0,1.0,1.0
2024-09-27,600768,1.3801756587202174,13.8433,24.3611,39.6903,31.0746,31.0746,0.3356766256590509,1.0,1.0,1.0,1.0
2024-09-27,600847,2.689486552567244,56.9776,52.0763,62.8728,65.5821,63.8292,0.6752873563218389,1.0,1.0,0.6494252873563222,1.0
2024-09-27,601083,4.090909090909078,86.9776,85.9251,60.8843,69.5821,69.5821,0.1828481654979396,0.0,0.0,0.914240827489698,1.0
2024-09-27,601133,3.756345177664988,81.5299,80.1966,57.0709,65.2239,65.2239,0.25136612021859,0.0,0.0,1.0,1.0
2024-09-27,603042,3.9735099337748325,85.2612,80.318,89.6828,88.209,88.209,0.39454545454545453,1.0,1.0,1.0,1.0
2024-09-27,603045,3.581800580832528,78.2463,76.3004,79.7724,77.597,77.597,0.31482874908512215,1.0,0.0,1.0,1.0
2024-09-27,603079,3.730664240218373,80.7836,76.9854,56.5485,64.6269,64.6269,0.3820741605356288,0.0,0.0,1.0,1.0
2024-09-27,603122,4.215851602023601,89.5149,80.8149,62.6604,71.6119,71.6119,0.53985015336646,0.0,0.0,0.9202996932670799,1.0
2024-09-27,603506,3.2766990291262177,71.6418,71.9182,75.1493,72.3134,72.3134,0.2697626755105273,1.0,0.0,1.0,1.0
2024-09-27,603657,3.41959334565618,74.5149,77.8222,66.109,74.6119,71.8491,0.08948599572135948,1.0,0.0,0.4474299786067974,1.0
2024-09-27,603679,3.6199095022624306,79.291,80.5605,55.5037,63.4328,63.4328,0.14361816073439915,0.0,0.0,0.7180908036719957,1.0
2024-09-27,603810,4.410011918951118,92.7239,91.8497,81.5538,89.1791,87.0909,0.11647058823529415,1.0,0.0,0.5823529411764707,1.0
2024-09-27,603978,3.4421888790820976,74.8881,70.339,82.4216,79.9104,79.9104,0.47857142857142854,1.0,1.0,1.0,1.0
2024-09-27,605100,3.5335689045936425,77.1269,77.7564,78.7143,76.7015,76.6329,0.19725499476014818,1.0,0.0,0.9862749738007409,1.0
2024-09-27,605287,3.1331592689294974,68.5448,68.5093,72.9813,69.8358,69.8358,0.3163262742574936,1.0,0.0,1.0,1.0
2024-09-30,002200,4.914933837429114,98.516,93.9116,93.9612,93.8128,93.8128,0.24505928853754944,1.0,0.0,1.0,1.0
2024-10-08,000586,4.638009049773761,94.7584,83.6677,92.0528,95.8067,94.7372,0.6069518716577539,1.0,1.0,0.7860962566844922,1.0
2024-10-08,000668,3.575989782886335,76.8401,68.1388,77.1214,81.4721,79.8055,0.6666666666666669,1.0,1.0,0.6666666666666663,1.0
2024-10-08,000929,2.695035460992923,56.0223,53.2989,61.1776,59.8178,59.0584,0.5759493670886073,1.0,0.0,0.8481012658227853,1.0
2024-10-08,001217,4.267701260911738,89.1078,82.7975,87.3755,86.2862,86.2862,0.42443651536430627,1.0,0.0,1.0,1.0
2024-10-08,001318,2.572898799313905,52.4535,48.3272,36.7175,41.9628,41.9628,0.6817834422920508,0.0,0.0,0.6364331154158984,1.0
2024-10-08,001322,1.7660044150110243,25.6134,29.153,45.2539,40.4907,39.8218,0.5668857463484237,1.0,1.0,0.8662285073031526,1.0
2024-10-08,001331,4.304932735426026,89.8513,78.2383,80.6104,86.881,85.0597,0.6821386575327367,1.0,0.0,0.6357226849345265,1.0
2024-10-08,002718,4.27426536064115,89.1822,81.0028,86.7416,86.3457,86.1742,0.5171482345546626,1.0,0.0,0.9657035308906747,1.0
2024-10-08,002780,2.4208566108007368,47.3978,50.0422,63.1784,57.9182,57.9182,0.3937984496124032,1.0,1.0,1.0,1.0
2024-10-08,002800,3.8938053097345104,82.5651,68.7481,73.1877,86.052,82.4001,0.8651960784313478,1.0,1.0,0.26960784313730435,1.0
2024-10-08,002830,2.889667250437844,61.0781,54.3007,63.6311,68.8625,66.5816,0.7280884311463609,1.0,1.0,0.5438231377072782,1.0
2024-10-08,002848,3.9766081871345005,84.0149,75.5068,85.4003,87.2119,86.3594,0.5852534562211984,1.0,1.0,0.8294930875576032,1.0
2024-10-08,002871,2.426160337552763,47.6952,42.7233,52.521,58.1561,55.4397,0.7716401058234508,1.0,1.0,0.45671978835309845,1.0
2024-10-08,002890,4.53608247422681,93.7918,80.6484,86.8842,95.0335,92.8409,0.7192513368983956,1.0,1.0,0.5614973262032088,1.0
2024-10-08,002900,4.162436548223347,86.9517,83.0881,85.8662,84.5613,84.5613,0.323662518566795,1.0,0.0,1.0,1.0
2024-10-08,002910,2.7272727272727337,56.9888,53.8495,66.409,65.5911,64.7203,0.5870786516853933,1.0,1.0,0.8258426966292134,1.0
2024-10-08,002973,4.28422152560084,89.5539,77.6232,62.6877,71.6431,71.6431,0.7009973980917946,0.0,0.0,0.5980052038164108,1.0
2024-10-08,003003,4.499437570303688,93.2714,79.9899,86.0356,94.6171,92.3035,0.7313584707281154,1.0,1.0,0.5372830585437691,1.0
2024-10-08,600615,2.450980392156854,48.4387,51.0586,58.9071,53.7509,53.7509,0.3846153846153846,1.0,0.0,1.0,1.0
2024-10-08,600671,4.986149584487531,99.8885,93.4637,94.9219,94.9108,94.9108,0.3223529411764706,1.0,0.0,1.0,1.0
2024-10-08,600689,4.945717732207489,98.9963,86.4867,93.8768,99.197,97.8419,0.6355140186915883,1.0,1.0,0.7289719626168234,1.0
2024-10-08,600697,2.5505716798592815,51.5613,49.1592,56.9132,56.2491,55.2041,0.604493900454749,1.0,0.0,0.7910121990905019,1.0
2024-10-08,600793,2.052785923753664,34.6097,35.9615,50.7744,47.6877,46.8246,0.5863095238095241,1.0,1.0,0.8273809523809519,1.0
2024-10-08,600847,3.436807095343686,73.3457,60.3432,64.6753,78.6766,74.5099,0.9166666666666664,1.0,1.0,0.16666666666666718,1.0
2024-10-08,601083,3.535353535353547,75.7993,70.278,77.3367,75.6394,75.4587,0.5180698022441607,1.0,0.0,0.9638603955116787,1.0
2024-10-08,603041,4.193849021435225,87.7695,79.6127,85.2329,85.2156,84.9142,0.5301439223730396,1.0,0.0,0.9397121552539207,1.0
2024-10-08,603137,3.3484162895927483,71.8587,62.7484,65.8239,72.487,70.1177,0.7369304853727778,1.0,0.0,0.5261390292544443,1.0
2024-10-08,603161,4.682926829268297,95.2788,85.1523,89.5537,91.223,90.6877,0.5535361127892331,1.0,0.0,0.8929277744215338,1.0
2024-10-08,603176,4.8218029350104885,97.2119,81.1575,84.8243,97.7695,94.4635,0.830600158011713,1.0,1.0,0.3387996839765739,1.0
2024-10-08,603213,4.842342342342332,97.5093,85.5031,93.2478,98.0074,96.7553,0.6252166041301538,1.0,1.0,0.7495667917396924,1.0
2024-10-08,603216,1.6775396085740857,22.4907,24.8743,39.507,37.9926,36.4334,0.6559120340663909,1.0,1.0,0.6881759318672183,1.0
2024-10-08,603238,2.522522522522519,50.8178,44.7827,48.8292,55.6543,52.7185,0.793581057645664,1.0,0.0,0.412837884708672,1.0
2024-10-08,603291,4.278074866310155,89.2565,84.7545,87.4796,86.4052,86.4052,0.3325328220900862,1.0,0.0,1.0,1.0
2024-10-08,603709,4.77157360406093,96.3197,87.9951,92.4238,92.0558,92.0558,0.45303274288783796,1.0,0.0,1.0,1.0
2024-10-08,603790,4.930966469428011,98.5502,89.8626,93.9851,93.8401,93.8401,0.4488775643302982,1.0,0.0,1.0,1.0
2024-10-08,605069,4.6337817638266054,94.684,86.4139,91.2788,90.7472,90.7472,0.46666666666666673,1.0,0.0,1.0,1.0
2024-10-08,605155,2.6694045174538106,55.3532,52.2466,59.6754,59.2825,58.2646,0.6017964071856287,1.0,0.0,0.7964071856287427,1.0
2024-10-08,605169,4.710500490677139,95.5762,77.2718,78.525,96.461,91.8664,0.9594594594594589,1.0,1.0,0.08108108108108225,1.0
2024-10-08,605298,4.9605411499436425,99.4424,89.6285,94.6097,94.5539,94.5539,0.49627044039275764,1.0,0.0,1.0,1.0
2024-10-08,605567,4.049493813273353,85.2416,77.4856,88.2538,88.1933,87.8395,0.5353846153846153,1.0,1.0,0.9292307692307693,1.0
2024-10-10,000586,1.7985611510791477,26.8449,31.6969,48.7914,41.4759,41.4759,0.4889502762430939,1.0,1.0,1.0,1.0
2024-10-10,001318,1.846722068328699,28.6521,34.1149,20.0565,22.9217,22.9217,0.4403409090909091,0.0,0.0,1.0,1.0
2024-10-10,001331,4.347826086956519,90.5497,81.6872,86.8796,87.4398,87.0635,0.5376299700903743,1.0,0.0,0.9247400598192514,1.0
2024-10-10,001366,2.1838034576888044,39.7967,47.7492,52.8577,46.8373,46.8373,0.20440580194792368,1.0,0.0,1.0,1.0
2024-10-10,002058,3.03664921465967,65.0979,59.8376,71.0872,72.0783,70.958,0.612033195020747,1.0,1.0,0.7759336099585059,1.0
2024-10-10,002205,1.6393442622950838,21.2726,22.8143,36.4832,37.0181,34.9162,0.7101910828025477,1.0,1.0,0.5796178343949046,1.0
2024-10-10,002802,1.4301430143014437,15.2108,25.3301,40.6476,32.1687,32.1687,0.34192963542737204,1.0,1.0,1.0,1.0
2024-10-10,002826,2.064220183486243,35.6551,37.2329,52.3762,48.5241,47.8785,0.5645589537550909,1.0,1.0,0.8708820924898182,1.0
2024-10-10,002828,2.2067363530778206,40.9262,46.3135,53.6483,47.741,47.741,0.3213750316340807,1.0,0.0,1.0,1.0
2024-10-10,002830,3.305785123966931,71.3479,65.4856,76.7581,77.0783,76.282,0.579634464751958,1.0,1.0,0.840731070496084,1.0
2024-10-10,002887,1.0638297872340496,2.372,12.3158,26.6604,16.8976,16.8976,0.47908745247148266,1.0,0.0,1.0,1.0
2024-10-10,002921,1.1428571428571344,5.4217,17.1829,33.7952,24.3373,24.3373,0.35772136906332624,1.0,1.0,1.0,1.0
2024-10-10,002963,3.9426523297490856,83.622,75.4534,85.6471,86.8976,86.1755,0.5722070844686649,1.0,1.0,0.8555858310626703,1.0
2024-10-10,002972,2.1159153633854677,37.387,34.0231,44.3979,49.9096,46.9664,0.7943269886267862,1.0,1.0,0.4113460227464276,1.0
2024-10-10,003003,1.8648018648018683,29.3298,31.9226,47.4484,43.4639,42.6932,0.5770609318996417,1.0,1.0,0.8458781362007166,1.0
2024-10-10,300220,2.1531100478468845,39.0813,38.0008,50.8284,51.2651,49.6329,0.6632124352331605,1.0,1.0,0.6735751295336789,1.0
2024-10-10,300243,3.0905077262693093,66.6792,68.8105,71.6755,68.3434,68.3434,0.22664512048211713,1.0,0.0,1.0,1.0
2024-10-10,300313,2.124430955993928,37.5377,44.4318,56.2764,50.0301,50.0301,0.2799145299145298,1.0,1.0,1.0,1.0
2024-10-10,300371,3.695881731784567,79.4051,73.8146,55.5836,63.5241,63.5241,0.4854771784232369,0.0,0.0,1.0,1.0
2024-10-10,300417,3.7074148296593057,79.631,70.4288,79.1897,83.7048,82.0668,0.6637993967239137,1.0,1.0,0.6724012065521725,1.0
2024-10-10,300437,1.195219123505975,7.1913,14.5171,32.562,25.753,25.135,0.5617977528089886,1.0,1.0,0.8764044943820228,1.0
2024-10-10,300478,2.028639618138417,34.2997,38.9722,54.0098,47.4398,47.4398,0.42337662337662363,1.0,1.0,1.0,1.0
2024-10-10,300515,2.1758050478677182,39.6461,38.4115,51.1416,51.7169,50.0642,0.6652664155894619,1.0,1.0,0.6694671688210763,1.0
2024-10-10,300518,1.7431192660550376,25.113,28.1191,43.6366,40.0904,39.1047,0.5985611510791368,1.0,1.0,0.8028776978417265,1.0
2024-10-10,300610,2.659574468085113,55.9111,55.5397,64.1378,59.7289,59.7289,0.45945945945945954,1.0,0.0,1.0,1.0
2024-10-10,300611,1.1928429423459175,7.116,13.6332,30.862,25.6928,24.663,0.6029795899326233,1.0,1.0,0.7940408201347533,1.0
2024-10-10,300614,2.220077220077221,41.378,44.4325,58.9646,53.1024,53.1024,0.4334975369458127,1.0,1.0,1.0,1.0
2024-10-10,300621,3.537735849056589,76.0919,72.052,83.2643,80.8735,80.8735,0.4410748475978444,1.0,1.0,1.0,1.0
2024-10-10,300626,2.717391304347827,57.3419,54.154,66.7004,65.8735,65.0138,0.5859734753472403,1.0,1.0,0.8280530493055194,1.0
2024-10-10,300665,2.0000000000000018,33.2455,36.0572,52.1935,46.5964,46.3268,0.5269582909461007,1.0,1.0,0.9460834181077986,1.0
2024-10-10,300703,1.384083044982698,14.119,20.9688,39.2305,31.2952,31.132,0.5163204747774479,1.0,1.0,0.9673590504451042,1.0
2024-10-10,300749,2.491694352159479,50.7907,51.4897,65.5535,60.6325,60.6325,0.45714285714285696,1.0,1.0,1.0,1.0
2024-10-10,300771,3.143418467583503,68.0346,63.4486,70.6659,69.4277,68.9381,0.5489576031468064,1.0,0.0,0.9020847937063872,1.0
2024-10-10,300871,2.7300303336703635,57.869,60.939,65.5083,61.2952,61.2952,0.2678081383241741,1.0,0.0,1.0,1.0
2024-10-10,300929,3.2258064516129004,69.6536,67.2397,78.7575,75.7229,75.7229,0.4241573033707868,1.0,1.0,1.0,1.0
2024-10-10,300948,3.082851637764916,66.3027,63.8508,76.4119,73.0422,73.0422,0.45956607495069046,1.0,1.0,1.0,1.0
2024-10-10,301037,3.995901639344268,84.5256,79.2629,89.1679,87.6205,87.6205,0.4178794178794055,1.0,1.0,1.0,1.0
2024-10-10,301056,3.802281368821281,81.363,73.9475,79.6684,80.0904,79.5189,0.5571428571428569,1.0,0.0,0.8857142857142861,1.0
2024-10-10,301066,3.1185031185031242,67.2816,64.4648,77.0971,73.8253,73.8253,0.46802629686398267,1.0,1.0,1.0,1.0
2024-10-10,301081,3.125,67.5452,63.9717,72.1527,69.0361,69.0039,0.5032234358820444,1.0,0.0,0.9935531282359111,1.0
2024-10-10,301082,1.6494845360824684,21.6491,29.4413,40.1544,32.3193,32.3193,0.3938967843229348,1.0,0.0,1.0,1.0
2024-10-10,301098,3.7575757575757596,80.5346,76.1533,86.3742,84.4277,84.4277,0.4137210427000825,1.0,1.0,1.0,1.0
2024-10-10,301125,2.0618556701031077,35.5798,39.1721,49.9059,43.4639,43.4639,0.4645896462901564,1.0,0.0,1.0,1.0
2024-10-10,301126,1.0978956999085243,3.5768,11.3972,29.5753,22.8614,22.1293,0.5732118846691396,1.0,1.0,0.8535762306617207,1.0
2024-10-10,301408,1.364023870417741,13.0648,21.1057,39.1453,30.4518,30.4518,0.4673076923076921,1.0,1.0,1.0,1.0
2024-10-10,600615,1.4830508474576343,17.0557,28.1552,36.939,28.6446,28.6446,0.2744680851063829,1.0,0.0,1.0,1.0
2024-10-10,600689,1.5170670037926604,17.9593,23.3376,40.5117,34.3675,33.8525,0.5514950166112957,1.0,1.0,0.8970099667774085,1.0
2024-10-10,600697,1.4678899082568808,16.7545,23.828,41.7282,33.4036,33.4036,0.47878056717433687,1.0,1.0,1.0,1.0
2024-10-10,600768,1.8137847642079707,27.2967,34.0693,49.1077,41.8373,41.8373,0.3884007029876976,1.0,1.0,1.0,1.0
2024-10-10,601083,1.4846235418876086,17.131,26.208,36.9917,28.7048,28.7048,0.3748387392707752,1.0,0.0,1.0,1.0
2024-10-10,603045,1.83406113537119,28.238,32.2094,49.0046,42.5904,42.3999,0.519048904141726,1.0,1.0,0.961902191716548,1.0
2024-10-10,603070,1.2679628064243609,10.128,19.1228,32.0896,23.1024,23.1024,0.44897959183673464,1.0,0.0,1.0,1.0
2024-10-10,603079,1.278772378516635,10.3539,18.2252,32.1318,23.2831,23.2541,0.5028989784543035,1.0,0.0,0.9942020430913929,1.0
2024-10-10,603176,2.192982456140369,40.3991,39.4397,52.5202,52.3193,50.8795,0.6439790575916228,1.0,1.0,0.7120418848167545,1.0
2024-10-10,603230,3.0701754385964897,65.9639,63.6888,71.1747,67.7711,67.7711,0.4541144207863481,1.0,0.0,1.0,1.0
2024-10-10,603559,4.939919893190936,98.6069,84.0027,89.2591,98.8855,96.4441,0.7441441441441442,1.0,1.0,0.5117117117117116,1.0
2024-10-10,603657,1.9213973799126816,31.2877,42.3455,45.3243,45.0301,43.3858,0.13422899358203905,1.0,1.0,0.6711449679101952,1.0
2024-10-10,605567,1.4405762304921632,15.7003,25.2987,40.9902,32.5602,32.5602,0.3630769230769232,1.0,1.0,1.0,1.0
2024-10-14,000586,3.602484472049672,77.1988,73.5823,84.0392,81.7591,81.7591,0.4088397790055251,1.0,1.0,1.0,1.0
2024-10-14,000668,1.084010840108407,3.0673,9.906,27.0515,22.4538,21.1799,0.627388535031847,1.0,1.0,0.745222929936306,1.0
2024-10-14,000880,3.0991735537190035,65.8906,63.5517,76.1234,72.7125,72.7125,0.45804195804195796,1.0,1.0,1.0,1.0
2024-10-14,000929,2.843601895734582,59.5344,60.6655,71.6741,67.6275,67.6275,0.34810126582278467,1.0,1.0,1.0,1.0
2024-10-14,000995,2.6785714285714413,55.6911,55.4764,68.9837,64.5528,64.5528,0.45381984036488027,1.0,1.0,1.0,1.0
2024-10-14,001217,1.6789087093389332,22.5795,32.0349,40.8056,33.0636,33.0636,0.3014350228091385,1.0,0.0,1.0,1.0
2024-10-14,001219,1.0970464135021007,3.5107,14.5847,32.4575,22.8086,22.8086,0.41119221411192214,1.0,1.0,1.0,1.0
2024-10-14,001300,2.5869759143621662,52.8086,55.665,66.966,62.2469,62.2469,0.3290909090909091,1.0,1.0,1.0,1.0
2024-10-14,001318,1.455868971792551,16.1493,23.2035,41.3045,32.9194,32.9194,0.4857954545454542,1.0,1.0,1.0,1.0
2024-10-14,001322,3.7082818294190467,79.2683,76.1652,85.4878,83.4146,83.4146,0.3624696965499212,1.0,1.0,1.0,1.0
2024-10-14,001366,1.5697137580794163,18.6622,31.243,41.4977,34.9298,34.5383,0.1843414287505815,1.0,1.0,0.9217071437529074,1.0
2024-10-14,002144,1.3698630136986134,13.119,20.945,39.1833,30.4952,30.4952,0.4775091998997923,1.0,1.0,1.0,1.0
2024-10-14,002633,2.165605095541401,38.3222,39.6647,54.8394,50.6578,50.1613,0.5496535796766742,1.0,1.0,0.9006928406466517,1.0
2024-10-14,002715,2.948829141370335,61.8995,65.4047,68.3296,64.5196,64.5196,0.20574606116774782,1.0,0.0,1.0,1.0
2024-10-14,002800,2.833638025594154,59.1648,53.4891,63.7298,67.3319,65.4105,0.6921397379912665,1.0,1.0,0.615720524017467,1.0
2024-10-14,002806,3.3238366571699984,70.6948,65.0951,71.565,71.5558,70.8255,0.5730337078651685,1.0,0.0,0.853932584269663,1.0
2024-10-14,002826,3.2220943613348707,68.7731,63.9194,75.943,75.0185,74.4689,0.5549536365585119,1.0,1.0,0.8900927268829761,1.0
2024-10-14,002848,3.4120734908136496,72.4686,68.3629,80.728,77.9749,77.9749,0.48059701492537327,1.0,1.0,1.0,1.0
2024-10-14,002853,3.515625,74.7598,71.4467,82.3319,79.8078,79.8078,0.4180558267368278,1.0,1.0,1.0,1.0
2024-10-14,002857,3.919694072657709,83.1855,83.7816,77.0639,81.5484,80.0069,0.13833992094861686,1.0,0.0,0.6916996047430842,1.0
2024-10-14,002858,3.3947623666343407,72.3208,71.665,80.6245,77.8566,77.8566,0.30958230958230964,1.0,1.0,1.0,1.0
2024-10-14,002871,2.209302325581386,39.8744,43.0323,57.912,51.8995,51.8995,0.4433596216233113,1.0,1.0,1.0,1.0
2024-10-14,002900,2.4255788313120252,47.7827,54.228,63.4388,58.2262,58.2239,0.19990920264419695,1.0,1.0,0.9995460132209847,1.0
2024-10-14,002931,4.1807909604519855,87.4723,85.9062,86.2306,84.9778,84.9778,0.20358306188925093,1.0,0.0,1.0,1.0
2024-10-14,002972,1.6997167138810054,23.1707,23.9298,37.0059,38.5366,36.2332,0.7303398295328977,1.0,1.0,0.5393203409342047,1.0
2024-10-14,002973,4.968944099378891,99.5196,85.2183,85.8689,94.6157,92.417,0.719869706840391,1.0,0.0,0.560260586319218,1.0
2024-10-14,300220,3.6249999999999893,77.7162,70.1522,80.3599,82.1729,81.1626,0.6010362694300518,1.0,1.0,0.7979274611398963,1.0
2024-10-14,300306,4.241877256317683,88.7288,80.8981,91.9403,90.983,90.9406,0.5042444821731751,1.0,1.0,0.9915110356536498,1.0
2024-10-14,300340,2.3569023569023573,44.8263,45.7465,61.1494,55.861,55.8038,0.5057251908396947,1.0,1.0,0.9885496183206106,1.0
2024-10-14,300437,3.3880903490759673,72.1729,67.8507,80.5211,77.7384,77.7384,0.49438202247191015,1.0,1.0,1.0,1.0
2024-10-14,300478,4.252733900364514,88.8766,83.2079,92.2136,91.1013,91.1013,0.3946666666666668,1.0,1.0,1.0,1.0
2024-10-14,300515,4.474885844748866,92.8677,82.8055,92.03,94.2942,93.5498,0.5744341866539389,1.0,1.0,0.8511316266921223,1.0
2024-10-14,300517,3.7444933920704804,79.7118,73.7073,80.674,78.7694,78.7383,0.5031060264297281,1.0,0.0,0.9937879471405437,1.0
2024-10-14,300539,2.64900662251657,54.2868,53.8049,68.0007,63.4294,63.4294,0.48122730917293577,1.0,1.0,1.0,1.0
2024-10-14,300610,1.0741138560687258,2.5499,13.293,31.7849,22.0399,22.0399,0.4373464373464376,1.0,1.0,1.0,1.0
2024-10-14,300611,3.2719836400818103,69.66,64.7074,76.7207,75.728,75.2177,0.5510329942228729,1.0,1.0,0.8979340115542542,1.0
2024-10-14,300635,3.8572806171649043,82.1138,74.443,84.9836,85.6911,85.067,0.5624012638230647,1.0,1.0,0.8751974723538707,1.0
2024-10-14,300665,4.957264957264962,99.2979,89.9383,99.5085,99.4383,99.4383,0.4749999999999999,1.0,1.0,1.0,1.0
2024-10-14,300703,1.3969732246798872,14.3755,21.6487,40.0628,31.5004,31.5004,0.492581602373887,1.0,1.0,1.0,1.0
2024-10-14,300736,4.259634888438124,88.9505,87.7126,84.5044,86.1604,85.4702,0.17239101717305147,1.0,0.0,0.8619550858652573,1.0
2024-10-14,300771,4.93454179254782,98.4848,88.7808,98.9252,98.7879,98.7843,0.5003538965893505,1.0,1.0,0.999292206821299,1.0
2024-10-14,300774,4.869762174405445,97.524,86.8651,95.9585,98.0192,97.4421,0.5577067347556826,1.0,1.0,0.8845865304886349,1.0
2024-10-14,300840,2.3565573770492065,44.7524,49.9416,61.3267,55.8019,55.8019,0.2930182857681966,1.0,1.0,1.0,1.0
2024-10-14,300884,4.206500956022929,88.1375,80.0944,90.8651,90.51,90.3022,0.5207780052222647,1.0,1.0,0.9584439895554706,1.0
2024-10-14,300885,3.0687830687830875,64.8559,60.0888,71.8072,71.8847,70.9867,0.5897973657075397,1.0,1.0,0.8204052685849206,1.0
2024-10-14,300912,2.329594477998276,43.7916,45.3239,60.6541,55.0333,55.0333,0.48547008547008547,1.0,1.0,1.0,1.0
2024-10-14,300967,2.0460358056265893,33.8137,37.1789,48.6696,42.051,42.051,0.4936061381074171,1.0,0.0,1.0,1.0
2024-10-14,301066,2.0496224379719763,34.0355,39.4325,53.8248,47.2284,47.2284,0.38979486993221524,1.0,1.0,1.0,1.0
2024-10-14,301082,3.6286019210245657,77.864,75.3523,79.5048,77.2912,77.2912,0.34694512677048606,1.0,0.0,1.0,1.0
2024-10-14,301102,3.1612223393045147,67.7384,66.2406,77.4169,74.1907,74.1907,0.39750445632798587,1.0,1.0,1.0,1.0
2024-10-14,301116,3.687445127304656,78.7879,72.3994,83.8897,83.0303,82.7148,0.5315457413249212,1.0,1.0,0.9369085173501577,1.0
2024-10-14,301120,4.494382022471921,93.1633,87.2964,90.2143,89.5307,89.5307,0.3617127260475392,1.0,0.0,1.0,1.0
2024-10-14,301125,3.1185031185031464,66.408,64.2071,76.4856,73.1264,73.1264,0.4459666774654659,1.0,1.0,1.0,1.0
2024-10-14,301126,1.0101010101009944,0.1109,8.7605,27.4212,20.0887,19.4246,0.5664104804407596,1.0,1.0,0.8671790391184808,1.0
2024-10-14,301149,2.711157455683022,56.5041,56.3553,69.5528,65.2033,65.2033,0.4423963133640552,1.0,1.0,1.0,1.0
2024-10-14,301198,2.944383860414379,61.7517,60.413,73.2262,69.4013,69.4013,0.4494163424124513,1.0,1.0,1.0,1.0
2024-10-14,301265,3.5914702581369307,76.8293,73.523,83.7805,81.4634,81.4634,0.39702233250620356,1.0,1.0,1.0,1.0
2024-10-14,301355,1.284403669724754,10.4582,20.3092,37.3208,28.3666,28.3666,0.4028693396736537,1.0,1.0,1.0,1.0
2024-10-14,301395,1.2237762237762295,8.2779,17.4489,35.7945,26.6223,26.6223,0.458672583791153,1.0,1.0,1.0,1.0
2024-10-14,301408,2.393617021276606,46.3784,49.4874,62.4649,57.1027,57.1027,0.3807692307692306,1.0,1.0,1.0,1.0
2024-10-14,600615,2.0518358531317338,34.1833,42.6232,48.9283,42.3466,42.3466,0.23617021276595743,1.0,0.0,1.0,1.0
2024-10-14,600689,1.5424164524421524,18.2188,23.8382,41.2795,34.575,34.2066,0.536842105263158,1.0,1.0,0.926315789473684,1.0
2024-10-14,600768,2.050663449939716,34.1094,37.7981,53.8766,47.2875,47.2875,0.4744680851063826,1.0,1.0,1.0,1.0
2024-10-14,600847,2.421307506053272,47.561,46.1077,59.4106,58.0488,57.0783,0.5970515970515969,1.0,1.0,0.8058968058968061,1.0
2024-10-14,601083,1.6163793103448398,20.0665,29.4707,39.0466,31.0532,31.0532,0.3291266978962902,1.0,0.0,1.0,1.0
2024-10-14,601133,1.8957345971563955,29.3792,34.3347,50.5654,43.5033,43.5033,0.45843198369652005,1.0,1.0,1.0,1.0
2024-10-14,603042,4.42637759710931,92.2025,83.082,93.1818,93.762,93.422,0.534,1.0,1.0,0.9319999999999999,1.0
2024-10-14,603045,1.3297872340425565,11.5669,18.5947,36.7791,29.2535,28.9241,0.5329425530050419,1.0,1.0,0.9341148939899162,1.0
2024-10-14,603213,2.699530516431947,56.1345,54.5367,68.5524,64.9076,64.7222,0.5185445768851981,1.0,1.0,0.9629108462296039,1.0
2024-10-14,603230,1.5957446808510856,19.6231,27.2688,38.7361,30.6984,30.6984,0.42148344444241875,1.0,0.0,1.0,1.0
2024-10-14,603506,2.3030303030302957,42.7568,48.775,59.9298,54.2055,54.2055,0.2715258302524261,1.0,1.0,1.0,1.0
2024-10-14,603657,2.7629233511586415,57.9084,63.9688,62.3253,66.3267,64.274,0.1178942483313148,1.0,1.0,0.5894712416565739,1.0
2024-10-14,603679,3.2314410480349443,68.9948,68.6621,73.2964,70.1959,70.1959,0.3266883645240424,1.0,0.0,1.0,1.0
2024-10-14,603810,2.0385050962627327,33.2964,40.6788,53.3075,46.6371,46.6371,0.29791666666666666,1.0,1.0,1.0,1.0
2024-10-14,603955,3.897685749086466,82.6681,81.3252,82.8677,81.1345,81.1345,0.24046434494195698,1.0,0.0,1.0,1.0
2024-10-14,605169,1.603206412825653,19.7709,21.9381,36.0824,35.8167,33.8774,0.6939313984168863,1.0,1.0,0.6121372031662273,1.0
2024-10-14,605180,3.8834951456310662,82.3725,82.7461,83.4201,85.898,84.8378,0.15759308020948362,1.0,1.0,0.7879654010474181,1.0
2024-10-16,000668,2.849389416553594,59.6667,55.2493,66.7985,67.7333,66.4913,0.6242038216560508,1.0,1.0,0.7515923566878984,1.0
2024-10-16,000880,1.4098690835850913,14.7037,21.728,40.2227,31.763,31.7455,0.5017482517482518,1.0,1.0,0.9965034965034965,1.0
2024-10-16,001366,1.5697137580794163,18.5185,31.128,41.3971,34.8148,34.4234,0.1843414287505815,1.0,1.0,0.9217071437529074,1.0
2024-10-16,002058,1.8664047151276897,28.3333,25.4137,35.3273,42.6667,39.0402,0.8626506024096385,1.0,1.0,0.27469879518072293,1.0
2024-10-16,002633,1.2658227848101111,9.8148,16.6278,34.4223,27.8519,27.2398,0.5612009237875288,1.0,1.0,0.8775981524249423,1.0
2024-10-16,002800,3.1138790035587283,66.1111,57.7361,65.9721,72.8889,70.3125,0.75764192139738,1.0,1.0,0.4847161572052401,1.0
2024-10-16,002826,2.3836549375709337,46.037,44.9621,58.4909,56.8296,55.8959,0.5933749053448275,1.0,1.0,0.813250189310345,1.0
2024-10-16,002848,1.9379844961240345,30.7037,34.2346,50.8359,44.563,44.3988,0.5164179104477614,1.0,1.0,0.9671641791044772,1.0
2024-10-16,002853,1.6497461928933976,21.0741,27.2775,44.7519,36.8593,36.8593,0.4790858744356348,1.0,1.0,1.0,1.0
2024-10-16,002857,1.1009174311926495,3.8148,19.1256,27.3015,18.0519,17.9596,0.19631093544137024,1.0,0.0,0.9815546772068512,1.0
2024-10-16,002858,1.1461318051575908,5.3704,17.3184,33.7593,24.2963,24.2963,0.348894348894349,1.0,1.0,1.0,1.0
2024-10-16,300220,4.275534441805218,89.2963,77.9655,85.5644,91.437,89.7013,0.6735751295336787,1.0,1.0,0.6528497409326426,1.0
2024-10-16,300306,2.1815008726003615,38.7778,39.647,54.394,51.0222,50.3346,0.5687606112054331,1.0,1.0,0.8624787775891338,1.0
2024-10-16,300371,2.0618556701031077,34.4444,36.8917,52.7833,47.5556,47.2236,0.5331950207468877,1.0,1.0,0.9336099585062245,1.0
2024-10-16,300517,1.6339869281045694,20.4074,25.8905,38.4143,31.3259,31.1082,0.5217724620894294,1.0,0.0,0.9564550758211412,1.0
2024-10-16,300635,2.0715630885122405,35.0741,36.0213,50.476,48.0593,47.0403,0.6018957345971563,1.0,1.0,0.7962085308056874,1.0
2024-10-16,300665,2.975206611570247,62.4074,58.9974,71.828,69.9259,69.4616,0.5464285714285714,1.0,1.0,0.9071428571428573,1.0
2024-10-16,300749,4.269293924466333,89.0741,81.6164,92.3519,91.2593,91.2593,0.48214285714285704,1.0,1.0,1.0,1.0
2024-10-16,300884,1.6728624535315983,21.963,26.1633,42.56,37.5704,36.8668,0.5703526943372027,1.0,1.0,0.8592946113255946,1.0
2024-10-16,301027,4.272634791454721,89.1481,78.233,86.2326,91.3185,89.7757,0.6542781507383305,1.0,1.0,0.691443698523339,1.0
2024-10-16,301082,4.197271773347322,87.5185,82.6206,86.263,85.0148,85.0148,0.36970956679591577,1.0,0.0,1.0,1.0
2024-10-16,301102,2.171664943123064,38.4815,42.1934,56.937,50.7852,50.7852,0.4295900178253121,1.0,1.0,1.0,1.0
2024-10-16,600689,3.3376123234916566,70.9259,65.9337,78.0341,76.7407,76.3372,0.5403508771929826,1.0,1.0,0.9192982456140348,1.0
2024-10-16,600768,2.511961722488043,50.8519,47.6503,59.534,60.6815,59.1659,0.6515580736543908,1.0,1.0,0.6968838526912184,1.0
2024-10-16,600793,4.7227926078028615,95.3704,86.2963,96.7593,96.2963,96.2963,0.5,1.0,1.0,1.0,1.0
2024-10-16,601133,1.141769743101828,5.1481,15.1697,33.6037,24.1185,24.1185,0.447443082486741,1.0,1.0,1.0,1.0
2024-10-16,603506,3.7667071688942677,80.1481,78.7585,86.1037,84.1185,84.1185,0.26799952076862843,1.0,1.0,1.0,1.0
2024-10-16,603559,3.9653035935563796,83.3704,69.7233,74.4133,86.6963,83.2098,0.8486486486486486,1.0,1.0,0.3027027027027027,1.0
2024-10-16,603657,2.1815008726003393,38.7037,48.2642,50.5865,50.963,49.3364,0.1349391998972881,1.0,1.0,0.6746959994864404,1.0
2024-10-16,603810,1.81818181818183,26.4074,34.4274,48.4852,41.1259,41.1259,0.33492822966507185,1.0,1.0,1.0,1.0
2024-10-18,000586,2.4418604651162967,47.8909,47.0973,61.0927,58.3127,57.705,0.5607734806629834,1.0,1.0,0.8784530386740332,1.0
2024-10-18,000880,1.2096774193548487,7.1636,15.7309,35.0145,25.7309,25.7309,0.49999999999999994,1.0,1.0,1.0,1.0
2024-10-18,000929,1.21212121212122,7.3091,17.1764,35.1164,25.8473,25.8473,0.4335443037974681,1.0,1.0,1.0,1.0
2024-10-18,000995,2.8444444444444494,59.3818,58.315,71.5673,67.5055,67.5055,0.459521094640821,1.0,1.0,1.0,1.0
2024-10-18,001217,1.5873015873016039,18.7273,29.0612,43.1091,34.9818,34.9818,0.2960321482876679,1.0,1.0,1.0,1.0
2024-10-18,001219,1.373390557939902,12.9818,23.1348,39.0873,30.3855,30.3855,0.36253041362530447,1.0,1.0,1.0,1.0
2024-10-18,001300,1.327433628318575,11.2364,22.08,37.8655,28.9891,28.9891,0.3454545454545455,1.0,1.0,1.0,1.0
2024-10-18,001318,1.1019283746556363,3.6727,13.7905,32.5709,22.9382,22.9382,0.4573863636363636,1.0,1.0,1.0,1.0
2024-10-18,001322,1.189060642092743,6.5818,16.6673,34.6073,25.2655,25.2655,0.4299059191638601,1.0,1.0,1.0,1.0
2024-10-18,001331,2.8301886792452935,58.6545,56.955,71.0582,66.9236,66.9236,0.49843260188087773,1.0,1.0,1.0,1.0
2024-10-18,001366,1.757631822386685,24.2545,35.767,45.1615,39.4036,38.9495,0.18183338210091377,1.0,1.0,0.9091669105045688,1.0
2024-10-18,002058,3.2319391634980876,69.5636,57.1603,61.7134,75.6509,71.4056,0.9245283018867924,1.0,1.0,0.15094339622641528,1.0
2024-10-18,002144,2.8784648187633266,60.2545,59.3179,72.1782,68.2036,68.2036,0.44428724151191806,1.0,1.0,1.0,1.0
2024-10-18,002209,2.499999999999991,50.1091,47.5259,59.9536,60.0873,58.8066,0.6280701754385967,1.0,1.0,0.7438596491228067,1.0
2024-10-18,002633,1.7857142857143016,25.0545,29.0968,45.6444,40.0436,39.5702,0.5473441108545034,1.0,1.0,0.9053117782909932,1.0
2024-10-18,002718,1.2014787430683738,7.0182,17.4557,34.9127,25.6145,25.6145,0.40794223826714804,1.0,1.0,1.0,1.0
2024-10-18,002780,1.4112903225806495,14.5091,23.1552,40.1564,31.6073,31.6073,0.4226044226044227,1.0,1.0,1.0,1.0
2024-10-18,002800,2.7444253859348233,57.1273,48.7149,56.0153,65.7018,62.2084,0.8493449781659391,1.0,1.0,0.30131004366812175,1.0
2024-10-18,002806,3.0583873957367835,64.8364,59.7122,71.0717,71.8691,70.7907,0.6078431372549018,1.0,1.0,0.7843137254901964,1.0
2024-10-18,002826,1.1235955056179803,4.6545,12.697,31.2049,23.7236,23.2103,0.5513307984790875,1.0,1.0,0.897338403041825,1.0
2024-10-18,002828,1.45102781136639,15.4545,27.3005,40.8182,32.3636,32.3636,0.2531549448960209,1.0,1.0,1.0,1.0
2024-10-18,002848,1.913265306122458,29.2727,32.4928,48.6402,43.4182,42.9555,0.546268656716418,1.0,1.0,0.907462686567164,1.0
2024-10-18,002857,2.278942570647202,41.4182,49.0239,53.9927,48.1345,48.1345,0.2055335968379449,1.0,0.0,1.0,1.0
2024-10-18,002871,2.314814814814814,42.5818,44.9481,59.8073,54.0655,54.0655,0.4558683941711024,1.0,1.0,1.0,1.0
2024-10-18,002887,3.062787136294043,64.9818,62.7839,75.4873,71.9855,71.9855,0.46007604562737653,1.0,1.0,1.0,1.0
2024-10-18,002931,2.9933481152993213,63.0182,65.774,74.1127,70.4145,70.4145,0.2320261437908496,1.0,1.0,1.0,1.0
2024-10-18,002972,2.163687676387571,37.2727,35.2789,47.0124,49.8182,47.5485,0.7269632589745848,1.0,1.0,0.5460734820508304,1.0
2024-10-18,002973,2.4950099800399306,49.5636,43.2815,51.9557,59.6509,56.4662,0.8184713375796178,1.0,1.0,0.3630573248407645,1.0
2024-10-18,003018,1.575757575757586,18.3636,24.1261,41.725,34.6909,34.4085,0.5282392026578071,1.0,1.0,0.9435215946843858,1.0
2024-10-18,300220,3.832752613240409,81.4545,71.0358,78.7626,85.1636,83.0997,0.706390328151986,1.0,1.0,0.587219343696028,1.0
2024-10-18,300306,3.748910200523081,79.4545,72.1545,82.7998,83.5636,82.8591,0.5704584040747032,1.0,1.0,0.8590831918505937,1.0
2024-10-18,300340,3.9106145251396773,82.9455,76.0892,87.5275,86.3564,86.2228,0.5133587786259541,1.0,1.0,0.9732824427480917,1.0
2024-10-18,300371,4.383282364933727,91.6,82.1597,91.8793,93.28,92.7198,0.5560165975103738,1.0,1.0,0.8879668049792524,1.0
2024-10-18,300417,1.3077593722754965,10.5091,12.2408,25.0234,28.4073,25.324,0.8083244966772678,1.0,1.0,0.3833510066454644,1.0
2024-10-18,300437,2.2869022869022926,41.7818,44.0771,59.2473,53.4255,53.4255,0.46741573033707845,1.0,1.0,1.0,1.0
2024-10-18,300478,2.0000000000000018,31.0545,35.4853,51.7382,44.8436,44.8436,0.4679144385026738,1.0,1.0,1.0,1.0
2024-10-18,300515,2.7827648114901127,57.6364,54.6479,67.423,66.1091,65.3785,0.573061255435654,1.0,1.0,0.853877489128692,1.0
2024-10-18,300517,2.409638554216853,46.4364,47.2385,57.5055,52.1491,52.1491,0.495529622673206,1.0,0.0,1.0,1.0
2024-10-18,300539,2.2875816993464193,41.8545,43.4836,59.2982,53.4836,53.4836,0.4999999999999996,1.0,1.0,1.0,1.0
2024-10-18,300610,2.289281997918846,41.9273,43.3207,58.9068,53.5418,53.4313,0.511056511056511,1.0,1.0,0.9778869778869781,1.0
2024-10-18,300625,2.4977698483496846,49.8545,50.3497,64.8982,59.8836,59.8836,0.4766949152542374,1.0,1.0,1.0,1.0
2024-10-18,300626,3.9070749736008326,82.7273,73.905,83.3554,86.1818,85.0434,0.613841603010413,1.0,1.0,0.772316793979174,1.0
2024-10-18,300635,1.6190476190476089,19.5636,23.9921,40.377,35.6509,34.8215,0.5829383886255924,1.0,1.0,0.8341232227488151,1.0
2024-10-18,300650,3.785780240073877,80.2545,73.2795,84.33,84.2036,83.7416,0.54620447155104,1.0,1.0,0.90759105689792,1.0
2024-10-18,300665,3.109656301145658,66.5091,61.8501,73.8421,73.2073,72.5287,0.567857142857143,1.0,1.0,0.8642857142857141,1.0
2024-10-18,300703,3.3878504672897103,72.3273,68.1882,80.6291,77.8618,77.8618,0.4836795252225521,1.0,1.0,1.0,1.0
2024-10-18,300736,3.1714568880079286,68.4,70.9683,76.6383,74.72,74.4096,0.18758256274768823,1.0,1.0,0.937912813738441,1.0
2024-10-18,300771,3.1067961165048397,66.3636,62.2246,74.7218,73.0909,72.6577,0.5433174314931287,1.0,1.0,0.9133651370137426,1.0
2024-10-18,300774,2.8312570781427127,58.7273,55.8277,68.8008,66.9818,66.4048,0.5577067347556826,1.0,1.0,0.8845865304886349,1.0
2024-10-18,300840,3.626943005181338,77.4182,75.9889,84.1927,81.9345,81.9345,0.2972844211529119,1.0,1.0,1.0,1.0
2024-10-18,300884,2.9277218664226945,61.4909,57.2238,69.1058,69.1927,68.2083,0.598445018169001,1.0,1.0,0.803109963661998,1.0
2024-10-18,300885,3.589743589743599,76.3273,68.9505,79.2065,81.0618,80.0062,0.6055658768737426,1.0,1.0,0.7888682462525147,1.0
2024-10-18,300912,4.181184668989557,87.4182,80.6012,91.1927,89.9345,89.9345,0.4666666666666668,1.0,1.0,1.0,1.0
2024-10-18,300929,1.8007202881152429,25.4182,30.3345,47.7927,40.3345,40.3345,0.5000000000000001,1.0,1.0,0.9999999999999998,1.0
2024-10-18,300961,2.891326021934204,60.6182,58.4521,72.3479,68.4945,68.4733,0.5021216407355019,1.0,1.0,0.9957567185289962,1.0
2024-10-18,300978,3.900709219858167,82.5818,75.8907,87.4578,86.0655,85.9781,0.5087378640776696,1.0,1.0,0.9825242718446607,1.0
2024-10-18,301066,3.549060542797511,75.4545,71.1819,82.8182,80.3636,80.3636,0.4590855623574949,1.0,1.0,1.0,1.0
2024-10-18,301082,2.941176470588247,61.7818,60.5609,73.2473,69.4255,69.4255,0.44322876822446095,1.0,1.0,1.0,1.0
2024-10-18,301098,2.2700119474313274,41.1273,44.7465,58.7891,52.9018,52.9018,0.40776699029126184,1.0,1.0,1.0,1.0
2024-10-18,301102,2.5176233635448186,50.7273,51.0631,65.5091,60.5818,60.5818,0.4759358288770054,1.0,1.0,1.0,1.0
2024-10-18,301116,2.3978685612788597,45.9273,47.0237,62.1491,56.7418,56.7418,0.48590381426202317,1.0,1.0,1.0,1.0
2024-10-18,301120,2.0044543429844186,31.2364,37.3766,46.8655,39.9891,39.9891,0.38062580976244303,1.0,0.0,1.0,1.0
2024-10-18,301125,3.073770491803285,65.3455,62.7052,75.7418,72.2764,72.2764,0.47855687290867405,1.0,1.0,1.0,1.0
2024-10-18,301126,2.9107981220657386,61.0545,58.6987,72.4484,68.8436,68.7712,0.507244827904804,1.0,1.0,0.9855103441903921,1.0
2024-10-18,301149,2.634351949420455,53.7818,54.6384,67.6473,63.0255,63.0255,0.41935483870967755,1.0,1.0,1.0,1.0
2024-10-18,301198,2.9284164859002093,61.5636,60.068,73.0945,69.2509,69.2509,0.4591439688715954,1.0,1.0,1.0,1.0
2024-10-18,301355,2.4074074074074137,46.2909,49.4049,62.4036,57.0327,57.0327,0.3813898195180295,1.0,1.0,1.0,1.0
2024-10-18,301395,2.4977698483496846,49.8545,51.5004,64.8982,59.8836,59.8836,0.419161462340979,1.0,1.0,1.0,1.0
2024-10-18,301408,2.690582959641241,55.4545,57.2483,68.8182,64.3636,64.3636,0.35576923076923067,1.0,1.0,1.0,1.0
2024-10-18,600272,2.2361359570661987,40.0364,40.7173,55.4018,52.0291,51.3732,0.5655901765994764,1.0,1.0,0.8688196468010472,1.0
2024-10-18,600689,2.8750000000000053,60.1818,55.8648,67.5659,68.1455,67.0051,0.6140350877192983,1.0,1.0,0.7719298245614035,1.0
2024-10-18,600697,2.889095992544255,60.4727,59.5958,72.3309,68.3782,68.3782,0.4391185562725775,1.0,1.0,1.0,1.0
2024-10-18,601083,1.8619934282585016,27.6727,36.4699,49.3709,42.1382,42.1382,0.2834146565218057,1.0,1.0,1.0,1.0
2024-10-18,601133,4.118773946360155,86.0727,80.2939,90.2509,88.8582,88.8582,0.4282125053696284,1.0,1.0,1.0,1.0
2024-10-18,603042,2.936096718480141,61.7091,56.6473,67.7564,69.3673,68.0073,0.6359999999999999,1.0,1.0,0.7280000000000002,1.0
2024-10-18,603045,2.2261798753339335,39.7818,39.3881,52.9726,51.8255,50.6068,0.6218678815489749,1.0,1.0,0.7562642369020502,1.0
2024-10-18,603079,1.0178117048346147,0.7636,10.9087,25.5345,15.6109,15.6109,0.4851123165566823,1.0,0.0,1.0,1.0
2024-10-18,603132,2.60869565217392,53.1273,56.6554,62.1891,57.5018,57.5018,0.29231860623635175,1.0,0.0,1.0,1.0
2024-10-18,603161,2.8291621327529937,58.5818,61.0808,66.0073,61.8655,61.8655,0.28923508596194153,1.0,0.0,1.0,1.0
2024-10-18,603230,1.2578616352201255,9.1273,19.6879,36.3891,27.3018,27.3018,0.3806947240125074,1.0,1.0,1.0,1.0
2024-10-18,603656,4.473684210526319,93.1273,82.8596,91.9046,94.5018,93.6807,0.5821112407456028,1.0,1.0,0.8357775185087943,1.0
2024-10-18,603657,1.6521739130434865,20.8364,33.9135,38.3635,36.6691,35.1136,0.13778002515828353,1.0,1.0,0.6889001257914176,1.0
2024-10-18,603810,1.3683010262257822,12.7636,23.6559,38.9345,30.2109,30.2109,0.3277511961722486,1.0,1.0,1.0,1.0
2024-10-21,000586,4.76730987514189,96.0545,84.4679,92.4868,96.8436,95.6558,0.6187845303867405,1.0,1.0,0.7624309392265189,1.0
2024-10-21,000995,3.025064822817636,64.0244,61.2993,74.8171,71.2195,71.2195,0.4960091220068416,1.0,1.0,1.0,1.0
2024-10-21,001300,2.358078602620095,44.4405,48.0978,61.1083,55.5524,55.5524,0.3727272727272725,1.0,1.0,1.0,1.0
2024-10-21,001322,1.7626321974148151,24.2826,30.4065,46.9978,39.4261,39.4261,0.45097973873071595,1.0,1.0,1.0,1.0
2024-10-21,001366,2.0000000000000018,30.8824,40.5927,51.6176,44.7059,44.7059,0.20565982527275756,1.0,1.0,1.0,1.0
2024-10-21,002633,2.8822055137844638,60.6528,56.9287,69.2699,68.5222,67.7255,0.5796766743648961,1.0,1.0,0.8406466512702078,1.0
2024-10-21,002802,4.343105320303997,90.6385,85.2005,93.4469,92.5108,92.5108,0.3655109895947774,1.0,1.0,1.0,1.0
2024-10-21,002826,1.2222222222222134,7.5681,14.2674,31.7236,26.0545,25.161,0.5893536121673004,1.0,1.0,0.8212927756653992,1.0
2024-10-21,002828,1.4302741358760418,14.5265,26.0157,40.1686,31.6212,31.6212,0.2802786889920234,1.0,1.0,1.0,1.0
2024-10-21,002848,3.254067584480591,70.0502,64.2193,75.3934,76.0402,75.1297,0.5910447761194032,1.0,1.0,0.8179104477611936,1.0
2024-10-21,002853,3.6662452591656125,78.3716,72.9325,84.8601,82.6973,82.6973,0.4882403815904559,1.0,1.0,1.0,1.0
2024-10-21,002858,3.3644859813084294,71.9871,69.4816,80.391,77.5897,77.5897,0.4054054054054052,1.0,1.0,1.0,1.0
2024-10-21,002973,1.6553067185978598,20.9828,18.8244,28.7644,36.7862,32.8053,0.8980891719745222,1.0,1.0,0.2038216560509556,1.0
2024-10-21,300220,2.0134228187919323,31.4562,29.8973,41.484,45.165,42.5311,0.7633851468048358,1.0,1.0,0.47322970639032835,1.0
2024-10-21,300243,2.1967526265520343,38.6657,43.2666,57.066,50.9326,50.9326,0.3832968949329921,1.0,1.0,1.0,1.0
2024-10-21,300340,2.7956989247311714,57.9986,54.7958,67.3929,66.3989,65.5973,0.5801526717557254,1.0,1.0,0.8396946564885492,1.0
2024-10-21,300371,1.07421875,2.4032,9.018,25.8731,21.9225,20.4702,0.645228215767635,1.0,1.0,0.70954356846473,1.0
2024-10-21,300437,1.7276422764227695,23.1349,28.1708,45.5202,38.5079,38.3394,0.5168539325842696,1.0,1.0,0.9662921348314608,1.0
2024-10-21,300478,4.6136101499423265,94.6557,85.4572,95.7242,95.7245,95.5908,0.5133689839572192,1.0,1.0,0.9732620320855616,1.0
2024-10-21,300515,2.882096069869,60.5811,55.8724,67.2219,68.4648,67.1686,0.6296215164676823,1.0,1.0,0.7407569670646355,1.0
2024-10-21,300517,1.1764705882353121,5.6313,13.7446,32.4211,24.505,24.1248,0.5380200409552306,1.0,1.0,0.9239599180895388,1.0
2024-10-21,300539,2.2364217252396124,40.1363,41.1545,56.1863,52.109,51.6318,0.5477272727272728,1.0,1.0,0.9045454545454543,1.0
2024-10-21,300610,1.9328585961342792,29.878,32.6002,48.3102,43.9024,43.2513,0.5651105651105651,1.0,1.0,0.8697788697788698,1.0
2024-10-21,300611,2.2885572139303534,42.0732,42.0081,56.1502,53.6585,52.8333,0.5825242718446603,1.0,1.0,0.8349514563106795,1.0
2024-10-21,300614,3.3653846153846034,72.0588,68.8457,80.4412,77.6471,77.6471,0.4400656814449918,1.0,1.0,1.0,1.0
2024-10-21,300621,2.3809523809523725,45.5165,44.3172,57.6695,56.4132,55.3652,0.6048,1.0,1.0,0.7904,1.0
2024-10-21,300626,1.3211382113821113,10.9397,15.2379,30.6301,28.7518,26.9949,0.6756938137836368,1.0,1.0,0.6486123724327264,1.0
2024-10-21,300650,2.8469750889679624,59.6485,55.2246,66.7656,67.7188,66.4717,0.6247091832236449,1.0,1.0,0.7505816335527102,1.0
2024-10-21,300686,2.190476190476187,38.4146,36.3537,48.1342,50.7317,48.5427,0.7189014539579968,1.0,1.0,0.5621970920840065,1.0
2024-10-21,300736,1.8251681075888593,26.1478,36.7438,48.3034,40.9182,40.9182,0.20871862615587847,1.0,1.0,1.0,1.0
2024-10-21,300771,2.259887005649719,40.7102,40.3733,54.1074,52.5681,51.4707,0.6097439869123096,1.0,1.0,0.7805120261753808,1.0
2024-10-21,300774,1.4317180616740144,14.5983,19.5834,36.0284,31.6786,30.631,0.604759209781674,1.0,1.0,0.7904815804366521,1.0
2024-10-21,300840,4.700000000000015,95.5165,89.467,96.8615,96.4132,96.4132,0.3473082420199885,1.0,1.0,1.0,1.0
2024-10-21,300871,4.294478527607359,89.9211,86.644,92.9448,91.9369,91.9369,0.26464409818432727,1.0,1.0,1.0,1.0
2024-10-21,300884,3.022222222222215,63.9168,58.1069,68.6888,71.1334,69.6202,0.6513246865582684,1.0,1.0,0.6973506268834633,1.0
2024-10-21,300885,3.2673267326732702,70.122,62.7481,72.3865,76.0976,74.4228,0.6674725778128413,1.0,1.0,0.6650548443743174,1.0
2024-10-21,300929,2.4764150943396013,49.1033,48.4399,62.6869,59.2826,58.8613,0.5421348314606744,1.0,1.0,0.9157303370786511,1.0
2024-10-21,300961,4.069767441860472,85.5452,77.5734,88.156,88.4362,88.0048,0.5431400282885431,1.0,1.0,0.9137199434229137,1.0
2024-10-21,300978,2.1331058020477744,36.0473,36.9544,51.4662,48.8379,47.8961,0.5941747572815534,1.0,1.0,0.8116504854368931,1.0
2024-10-21,301027,1.294820717131473,10.0072,14.0904,29.1744,28.0057,26.0481,0.6957647726497306,1.0,1.0,0.6084704547005388,1.0
2024-10-21,301116,2.0815264527320076,34.3257,36.8469,52.8008,47.4605,47.1537,0.5306799336650081,1.0,1.0,0.9386401326699838,1.0
2024-10-21,301120,1.3100436681222627,10.2941,19.7717,37.2059,28.2353,28.2353,0.42318024812097704,1.0,1.0,1.0,1.0
2024-10-21,301125,1.391650099403563,13.5222,19.8499,37.5298,30.8178,30.3339,0.5483930060012624,1.0,1.0,0.9032139879974752,1.0
2024-10-21,301126,1.3686131386861256,12.5179,18.7744,36.2827,30.0143,29.3944,0.561995402582048,1.0,1.0,0.8760091948359039,1.0
2024-10-21,301149,1.4373716632443578,14.8135,22.3116,40.3694,31.8508,31.8508,0.47695852534562233,1.0,1.0,1.0,1.0
2024-10-21,301256,1.664684898929858,21.4132,22.6136,35.9553,37.1306,34.8721,0.7258485639686684,1.0,1.0,0.5483028720626633,1.0
2024-10-21,301395,1.0443864229764843,1.4706,11.8312,31.0294,21.1765,21.1765,0.46726195801945186,1.0,1.0,1.0,1.0
2024-10-21,301408,2.707423580786039,56.2052,56.6949,69.3436,64.9641,64.9641,0.4134615384615381,1.0,1.0,1.0,1.0
2024-10-21,600272,2.012248468941391,31.3845,32.839,47.4318,45.1076,43.9733,0.6134326681634108,1.0,1.0,0.7731346636731784,1.0
2024-10-21,600697,1.449275362318847,15.4591,21.9043,39.8955,32.3673,32.1358,0.5231474158062185,1.0,1.0,0.953705168387563,1.0
2024-10-21,600847,2.6345933562428536,53.9096,48.8771,59.2355,63.1277,61.0024,0.7125307125307125,1.0,1.0,0.5749385749385749,1.0
2024-10-21,601133,1.839926402943881,26.9369,30.6226,47.0021,41.5495,41.0861,0.5463431933747495,1.0,1.0,0.9073136132505011,1.0
2024-10-21,603045,1.5679442508711006,18.1133,20.9144,35.5267,34.4907,32.7025,0.6788154897494304,1.0,1.0,0.6423690205011392,1.0
2024-10-21,603132,1.5254237288135686,17.2525,26.7084,37.0768,28.802,28.802,0.35467890489997295,1.0,0.0,1.0,1.0
2024-10-21,603810,1.012373453318327,0.1793,13.0143,30.1255,20.1435,20.1435,0.35645933014354075,1.0,1.0,1.0,1.0
2024-10-21,603955,1.773049645390068,24.7131,33.5204,47.2991,39.7704,39.7704,0.3125000000000003,1.0,1.0,1.0,1.0
2024-10-21,605069,3.603603603603611,77.0803,71.9024,83.9562,81.6643,81.6643,0.4880952380952382,1.0,1.0,1.0,1.0
2024-10-21,605169,3.424657534246567,73.0631,63.3054,70.854,78.4505,75.8779,0.7572559366754619,1.0,1.0,0.48548812664907626,1.0
2024-10-22,000668,2.4390243902439046,47.9298,45.7961,58.4553,58.3439,57.07,0.627388535031847,1.0,1.0,0.745222929936306,1.0
2024-10-22,000880,1.3902681231380498,13.5088,20.2825,38.4072,30.807,30.5448,0.5262237762237764,1.0,1.0,0.9475524475524473,1.0
2024-10-22,000929,2.127659574468077,36.1404,40.368,55.2982,48.9123,48.9123,0.4272151898734176,1.0,1.0,1.0,1.0
2024-10-22,001217,2.0682523267838704,34.2807,40.3305,48.9965,42.4246,42.4246,0.35470518668702544,1.0,0.0,1.0,1.0
2024-10-22,001318,1.8181818181818077,26.2807,31.2518,48.3965,41.0246,41.0246,0.4886363636363636,1.0,1.0,1.0,1.0
2024-10-22,001322,2.0785219399538146,34.6316,38.0535,54.2421,47.7053,47.7053,0.4825904680809998,1.0,1.0,1.0,1.0
2024-10-22,001331,1.1173184357541777,3.7544,12.1571,30.9353,23.0035,22.5803,0.5423197492163012,1.0,1.0,0.9153605015673976,1.0
2024-10-22,001366,3.0303030303030276,64.5965,67.0122,75.2175,71.6772,71.6772,0.23324833841910314,1.0,1.0,1.0,1.0
2024-10-22,002144,1.5592515592515621,18.3509,24.3453,42.1748,34.6807,34.513,0.5167715143581891,1.0,1.0,0.9664569712836217,1.0
2024-10-22,002209,1.2154696132596676,7.0526,11.3263,26.3053,25.6421,23.4842,0.7157894736842112,1.0,1.0,0.5684210526315776,1.0
2024-10-22,002718,1.3748854262144894,12.807,21.7619,38.9649,30.2456,30.2456,0.42418772563176893,1.0,1.0,1.0,1.0
2024-10-22,002780,2.263779527559051,41.193,43.3229,58.8351,52.9544,52.9544,0.4815724815724817,1.0,1.0,1.0,1.0
2024-10-22,002802,2.913631633714897,61.6491,60.437,73.1544,69.3193,69.3193,0.44411550348612694,1.0,1.0,1.0,1.0
2024-10-22,002806,2.508960573476693,50.7018,47.1954,58.7592,60.5614,58.8784,0.6683006535947713,1.0,1.0,0.6633986928104574,1.0
2024-10-22,002826,3.183315038419332,69.2281,62.7589,73.2125,75.3825,74.0707,0.6311787072243341,1.0,1.0,0.7376425855513318,1.0
2024-10-22,002828,1.9976498237367801,31.1228,38.3077,51.786,44.8982,44.8982,0.3295259702510199,1.0,1.0,1.0,1.0
2024-10-22,002848,2.7878787878787836,58.0702,53.083,63.9029,66.4561,64.7696,0.6686567164179106,1.0,1.0,0.6626865671641788,1.0
2024-10-22,002857,2.9569892473118253,62.9123,65.7185,74.0386,70.3298,70.3298,0.23056653491436113,1.0,1.0,1.0,1.0
2024-10-22,002871,1.9144144144144226,29.5439,33.0167,49.4439,43.6351,43.3259,0.5309210294578466,1.0,1.0,0.9381579410843068,1.0
2024-10-22,002900,2.481121898597638,49.2281,53.0582,64.4596,59.3825,59.3825,0.3162117982902232,1.0,1.0,1.0,1.0
2024-10-22,002921,2.5024061597689995,50.5614,50.1213,64.7372,60.4491,60.2852,0.5163935671151197,1.0,1.0,0.9672128657697605,1.0
2024-10-22,002931,3.6247334754797356,78.0,76.583,84.6,82.4,82.4,0.2908496732026145,1.0,1.0,1.0,1.0
2024-10-22,300268,4.366812227074224,91.4035,87.5589,93.9825,93.1228,93.1228,0.27819548872180455,1.0,1.0,1.0,1.0
2024-10-22,300313,3.3794162826420893,72.8772,73.0453,81.014,78.3018,78.3018,0.26282051282051266,1.0,1.0,1.0,1.0
2024-10-22,300478,4.299889746416774,90.3509,79.8743,88.4328,92.2807,91.0775,0.6203208556149733,1.0,1.0,0.7593582887700534,1.0
2024-10-22,300517,1.2684989429175397,9.4386,16.3656,34.2364,27.5509,26.9582,0.5592652500962433,1.0,1.0,0.8814694998075134,1.0
2024-10-22,300539,1.4583333333333393,15.9649,20.8628,37.3573,32.7719,31.8174,0.5954545454545452,1.0,1.0,0.8090909090909095,1.0
2024-10-22,300626,2.006018054162473,31.5439,31.2866,44.1837,45.2351,43.2608,0.6974256716228778,1.0,1.0,0.6051486567542443,1.0
2024-10-22,300650,1.6435986159169413,20.9474,23.0383,37.2239,36.7579,34.8981,0.6859811533095804,1.0,1.0,0.6280376933808391,1.0
2024-10-22,300703,1.4639639639639546,16.1053,21.3115,38.1283,32.8842,32.0979,0.5786350148367954,1.0,1.0,0.8427299703264093,1.0
2024-10-22,300871,3.627450980392166,78.2105,76.2558,84.7474,82.5684,82.5684,0.31563057581617016,1.0,1.0,1.0,1.0
2024-10-22,300929,1.1507479861910141,5.0175,11.9916,29.4673,24.014,23.0028,0.601123595505618,1.0,1.0,0.797752808988764,1.0
2024-10-22,301009,4.236343366778139,89.0175,79.9051,89.6945,91.214,90.5596,0.5654450261780105,1.0,1.0,0.869109947643979,1.0
2024-10-22,301120,3.0172413793103425,64.0351,62.1971,69.8246,66.2281,66.2281,0.45154987369333305,1.0,0.0,1.0,1.0
2024-10-22,301125,1.9607843137255054,30.5614,32.8295,48.1537,44.4491,43.6393,0.5809832014444701,1.0,1.0,0.8380335971110597,1.0
2024-10-22,301126,2.7002700270027047,56.1053,53.1145,65.7342,64.8842,63.9993,0.588487616135553,1.0,1.0,0.823024767728894,1.0
2024-10-22,301149,2.2267206477732504,40.1754,41.956,57.7541,52.1404,52.0482,0.5092165898617514,1.0,1.0,0.9815668202764971,1.0
2024-10-22,301198,1.7763845350052154,25.1579,29.5816,46.521,40.1263,39.8539,0.5272373540856031,1.0,1.0,0.9455252918287937,1.0
2024-10-22,301408,1.6156462585033893,19.7544,26.342,43.8281,35.8035,35.8035,0.47307692307692284,1.0,1.0,1.0,1.0
2024-10-22,600615,3.1545741324921384,68.4912,68.2229,77.9439,74.793,74.793,0.3285024154589372,1.0,1.0,1.0,1.0
2024-10-22,600697,1.3392857142857206,11.3333,17.7363,35.2726,29.0667,28.4015,0.5665171497590656,1.0,1.0,0.8669657004818687,1.0
2024-10-22,603122,2.1212121212121238,35.614,34.845,47.6374,48.4912,46.6681,0.6823104693140792,1.0,1.0,0.6353790613718415,1.0
2024-10-22,603161,2.765957446808498,57.8596,59.4558,65.5018,61.2877,61.2877,0.34159661014470705,1.0,0.0,1.0,1.0
2024-10-22,603182,3.304347826086973,71.2632,70.919,79.8842,77.0105,77.0105,0.3045776994506,1.0,1.0,1.0,1.0
2024-10-22,603230,2.733686067019425,57.1579,56.9703,70.0105,65.7263,65.7263,0.4377989326143832,1.0,1.0,1.0,1.0
2024-10-22,603506,1.4405762304921854,15.193,26.4418,40.6351,32.1544,32.1544,0.2856310681876171,1.0,1.0,1.0,1.0
2024-10-22,603559,1.538461538461533,17.7544,18.2035,12.4281,14.2035,14.2035,0.8,0.0,0.0,0.3999999999999999,1.0
2024-10-22,603810,3.1180400890868487,67.2632,66.2507,77.0842,73.8105,73.8105,0.3779904306220096,1.0,1.0,1.0,1.0
2024-10-22,605069,1.1594202898550732,5.1579,12.4596,30.2772,24.1263,23.293,0.5833333333333335,1.0,1.0,0.833333333333333,1.0
2024-10-23,000586,1.5555555555555545,17.9693,20.95,35.7277,34.3754,32.6627,0.6712707182320443,1.0,1.0,0.6574585635359114,1.0
2024-10-23,000668,2.645502645502651,54.2568,49.7112,60.5912,63.4054,61.5583,0.6847133757961781,1.0,1.0,0.6305732484076438,1.0
2024-10-23,000880,1.762977473065619,24.5987,28.665,45.1911,39.679,39.172,0.550699300699301,1.0,1.0,0.8986013986013981,1.0
2024-10-23,002633,4.884004884004889,97.8018,85.6779,93.3342,98.2415,96.9597,0.6281755196304848,1.0,1.0,0.7436489607390304,1.0
2024-10-23,002871,1.2154696132596676,6.9784,13.901,31.5215,25.5827,24.7419,0.5840833127859576,1.0,1.0,0.8318333744280848,1.0
2024-10-23,002921,2.3474178403755763,44.0684,43.5061,57.3506,55.2547,54.3804,0.5874318356071467,1.0,1.0,0.8251363287857065,1.0
2024-10-23,002931,1.337448559670773,10.9909,21.8646,37.6936,28.7927,28.7927,0.34640522875817004,1.0,1.0,1.0,1.0
2024-10-23,300340,2.450980392156854,48.4299,43.7057,53.8246,58.7439,56.2248,0.7519083969465647,1.0,1.0,0.4961832061068705,1.0
2024-10-23,300611,1.85185185185186,27.6343,29.6414,44.412,42.1075,40.8745,0.6233009708737864,1.0,1.0,0.7533980582524271,1.0
2024-10-23,300665,4.538341158059467,94.2428,82.0371,89.2557,95.3943,93.7157,0.6678571428571427,1.0,1.0,0.6642857142857146,1.0
2024-10-23,300774,1.612903225806428,19.5045,22.6803,37.8066,35.6036,34.142,0.6461653878045464,1.0,1.0,0.7076692243909073,1.0
2024-10-23,301066,2.9791459781529195,63.2589,59.2349,71.5368,70.6071,69.921,0.5686095600619694,1.0,1.0,0.8627808798760612,1.0
2024-10-23,301081,1.4563106796116498,15.5967,21.134,38.2311,32.4773,31.8057,0.5671641791044778,1.0,1.0,0.8656716417910444,1.0
2024-10-23,301098,1.6336056009334854,20.4117,27.2032,44.2882,36.3294,36.3294,0.45631067961165045,1.0,1.0,1.0,1.0
2024-10-23,301355,1.092896174863367,2.8262,13.8599,31.9784,22.261,22.261,0.42005295579815277,1.0,1.0,1.0,1.0
2024-10-23,600768,1.5855039637598933,19.0161,19.5188,31.9231,35.2128,32.3658,0.7847025495750709,1.0,1.0,0.4305949008498582,1.0
2024-10-23,600793,3.1124497991967814,67.1668,62.2469,74.0438,73.7334,72.9902,0.5743243243243246,1.0,1.0,0.8513513513513509,1.0
2024-10-23,600847,4.259634888438124,89.1835,71.5434,72.8216,91.3468,86.4451,0.99017199017199,1.0,1.0,0.01965601965602004,1.0
2024-10-23,603122,3.4124629080118707,73.5869,64.2125,72.1967,78.8695,76.541,0.7328519855595668,1.0,1.0,0.5342960288808665,1.0
2024-10-23,603161,1.8633540372670732,28.1577,34.3977,44.7104,37.5262,37.5262,0.4064251638947973,1.0,0.0,1.0,1.0
2024-10-23,603709,2.3421588594704668,43.859,46.1554,60.7013,55.0872,55.0872,0.4465915190553096,1.0,1.0,1.0,1.0
2024-10-23,603790,4.624871531346342,94.9407,88.8246,91.4585,90.9525,90.9525,0.3563952520813421,1.0,0.0,1.0,1.0
2024-10-23,605069,1.2893982808023008,9.5953,15.3746,32.1135,27.6762,26.5254,0.6150793650793652,1.0,1.0,0.7698412698412695,1.0
2024-10-25,000668,3.3333333333333437,72.4138,62.7081,70.2438,77.931,75.3196,0.7611464968152863,1.0,1.0,0.4777070063694273,1.0
2024-10-25,000880,4.571428571428582,94.4895,83.5636,92.0867,95.5916,94.5776,0.6013986013986016,1.0,1.0,0.7972027972027969,1.0
2024-10-25,000929,1.7883755588673722,25.524,31.0521,47.8668,40.4192,40.4192,0.46835443037974667,1.0,1.0,1.0,1.0
2024-10-25,002209,1.9736842105263275,31.3387,30.264,42.3231,45.071,42.6675,0.7403508771929828,1.0,1.0,0.5192982456140345,1.0
2024-10-25,002718,1.91256830601092,29.7836,35.0904,50.8485,43.8269,43.8269,0.43682310469314084,1.0,1.0,1.0,1.0
2024-10-25,002780,1.0486177311725298,1.5213,9.964,28.5588,21.217,20.5905,0.5626535626535628,1.0,1.0,0.8746928746928744,1.0
2024-10-25,002806,1.2522361359570633,8.215,13.1406,28.8878,26.572,24.8563,0.6715686274509803,1.0,1.0,0.6568627450980393,1.0
2024-10-25,002826,2.029914529914545,33.0967,31.9526,44.1183,46.4773,44.215,0.7262357414448668,1.0,1.0,0.5475285171102664,1.0
2024-10-25,002828,1.1709601873536535,5.3753,16.9082,33.7627,24.3002,24.3002,0.36960154740635687,1.0,1.0,1.0,1.0
2024-10-25,002858,2.5735294117646967,53.1102,53.4955,67.1771,62.4882,62.4882,0.4496314496314498,1.0,1.0,1.0,1.0
2024-10-25,002887,2.4242424242424176,48.1744,48.8057,63.7221,58.5396,58.5396,0.48669201520912525,1.0,1.0,1.0,1.0
2024-10-25,002900,2.103049421661418,35.8012,41.2771,55.0609,48.641,48.641,0.36819181992697225,1.0,1.0,1.0,1.0
2024-10-25,002972,3.0303030303030276,64.7059,56.7243,65.2134,71.7647,69.2445,0.7520179740205922,1.0,1.0,0.49596405195881554,1.0
2024-10-25,002973,2.358078602620095,45.1657,37.0849,43.5207,56.1325,51.6087,0.9523809523809521,1.0,1.0,0.09523809523809579,1.0
2024-10-25,003003,2.0044543429843964,31.9473,31.1492,43.5459,45.5578,43.3535,0.720430107526882,1.0,1.0,0.5591397849462361,1.0
2024-10-25,003018,3.0588235294117583,65.7539,60.3772,71.5759,72.6031,71.4902,0.6112956810631232,1.0,1.0,0.7774086378737537,1.0
2024-10-25,300220,3.3039647577092657,71.7715,62.0326,69.4708,77.4172,74.7249,0.7692307692307692,1.0,1.0,0.4615384615384617,1.0
2024-10-25,300313,1.7830609212481363,25.3212,34.0603,47.7248,40.2569,40.2569,0.30982905982905984,1.0,1.0,1.0,1.0
2024-10-25,300340,4.200000000000004,88.1339,76.2323,83.1441,90.5071,88.3697,0.7137404580152672,1.0,1.0,0.5725190839694656,1.0
2024-10-25,300371,1.2048192771084265,6.6599,13.5852,31.1765,25.3279,24.4566,0.587136929460581,1.0,1.0,0.8257261410788379,1.0
2024-10-25,300417,2.5570776255707806,52.6031,47.814,58.2852,62.0825,59.9482,0.7134254068694895,1.0,1.0,0.573149186261021,1.0
2024-10-25,300437,1.7769002961500524,25.1859,28.5083,44.3493,40.1487,39.3285,0.5820224719101125,1.0,1.0,0.8359550561797751,1.0
2024-10-25,300478,1.8338727076591121,27.4172,28.4578,42.2401,41.9337,40.1958,0.6737967914438501,1.0,1.0,0.6524064171122999,1.0
2024-10-25,300517,1.8201284796573791,26.6058,31.552,48.6241,41.2847,41.2847,0.48663115919155414,1.0,1.0,1.0,1.0
2024-10-25,300610,3.2388663967611198,70.622,64.9497,76.3396,76.4976,75.7237,0.5773955773955773,1.0,1.0,0.8452088452088453,1.0
2024-10-25,300611,2.9608404966571022,63.117,57.212,67.6188,70.4936,68.8528,0.664077669902913,1.0,1.0,0.6718446601941741,1.0
2024-10-25,300626,2.1739130434782483,38.4381,38.6122,52.6301,50.7505,49.6814,0.6069138606143416,1.0,1.0,0.7861722787713168,1.0
2024-10-25,300635,4.484732824427473,93.6105,83.2929,92.3362,94.8884,94.0906,0.5797788309636651,1.0,1.0,0.8404423380726698,1.0
2024-10-25,300649,3.1523642732048884,68.6613,64.6443,77.4934,74.929,74.7866,0.5142368455212692,1.0,1.0,0.9715263089574615,1.0
2024-10-25,300665,2.488335925349916,50.0676,46.4112,57.7616,60.0541,58.2327,0.682142857142857,1.0,1.0,0.6357142857142859,1.0
2024-10-25,300703,2.354260089686111,44.8614,44.079,57.7828,55.8891,54.9841,0.5905044510385756,1.0,1.0,0.8189910979228487,1.0
2024-10-25,300736,1.6520894071914594,21.4672,33.1579,45.027,37.1738,37.1738,0.20079260237780708,1.0,1.0,1.0,1.0
2024-10-25,300771,3.240740740740722,70.6897,63.9924,74.3642,76.5517,75.2721,0.6279646460484014,1.0,1.0,0.7440707079031972,1.0
2024-10-25,300774,3.1693989071038153,69.2698,63.0571,73.7715,75.4158,74.2365,0.6179339027889516,1.0,1.0,0.7641321944220969,1.0
2024-10-25,300871,2.892960462873684,61.359,62.3619,72.9513,69.0872,69.0872,0.336267959619535,1.0,1.0,1.0,1.0
2024-10-25,300929,3.5550458715596145,76.7748,69.2289,79.3604,81.4199,80.3244,0.6095505617977531,1.0,1.0,0.7808988764044937,1.0
2024-10-25,300948,1.7857142857142794,25.3888,30.0941,47.3382,40.311,40.2025,0.5108481262327418,1.0,1.0,0.9783037475345164,1.0
2024-10-25,300961,2.142161635832518,37.2211,39.0555,54.6121,49.7769,49.4162,0.5360678925035359,1.0,1.0,0.9278642149929281,1.0
2024-10-25,300978,1.1965811965812145,6.3895,13.3057,30.861,25.1116,24.2086,0.590291262135922,1.0,1.0,0.819417475728156,1.0
2024-10-25,301027,2.3662551440329027,45.5375,43.7791,56.5744,56.43,55.1045,0.6325470630704542,1.0,1.0,0.7349058738590917,1.0
2024-10-25,301032,3.9624608967674613,84.1447,77.396,88.9013,87.3158,87.3158,0.4959893048128343,1.0,1.0,1.0,1.0
2024-10-25,301098,1.6393442622950838,20.9601,27.7875,44.6721,36.7681,36.7681,0.4490291262135919,1.0,1.0,1.0,1.0
2024-10-25,301102,2.230843840931107,40.6694,41.6621,56.7217,52.5355,52.0988,0.5436720142602498,1.0,1.0,0.9126559714795004,1.0
2024-10-25,301116,1.3547840812870415,11.5957,18.3674,36.2988,29.2765,28.822,0.5454545454545456,1.0,1.0,0.9090909090909087,1.0
2024-10-25,301120,4.73684210526315,96.1122,86.8186,97.1361,96.8898,96.8542,0.5035608539093192,1.0,1.0,0.9928782921813617,1.0
2024-10-25,301125,2.6522593320235766,55.1048,52.5573,65.5203,64.0838,63.3206,0.5763274592382978,1.0,1.0,0.8473450815234045,1.0
2024-10-25,301149,1.823708206686958,26.8087,31.3087,48.4896,41.4469,41.3778,0.5069124423963131,1.0,1.0,0.9861751152073739,1.0
2024-10-25,301198,1.942740286298572,30.9331,33.3846,48.9294,44.7465,44.0655,0.5680933852140077,1.0,1.0,0.8638132295719847,1.0
2024-10-25,301256,1.9417475728155331,30.8654,30.7988,43.8187,44.6924,42.7456,0.6946773500298654,1.0,1.0,0.6106452999402692,1.0
2024-10-25,301355,2.302025782688766,43.1711,46.6513,60.2197,54.5368,54.5368,0.39427753161140394,1.0,1.0,1.0,1.0
2024-10-25,301395,3.237095363079634,70.5544,67.3044,79.3881,76.4435,76.4435,0.4569547089454933,1.0,1.0,1.0,1.0
2024-10-25,301408,2.2394487510766448,40.9398,43.8672,58.6579,52.7519,52.7519,0.4442307692307691,1.0,1.0,1.0,1.0
2024-10-25,600689,3.08056872037914,66.3624,57.7215,65.7168,73.0899,70.4057,0.7684210526315789,1.0,1.0,0.4631578947368422,1.0
2024-10-25,600697,1.9163763066202044,30.0541,31.195,45.3413,44.0433,42.6191,0.6424141841765485,1.0,1.0,0.715171631646903,1.0
2024-10-25,600793,1.4111006585136199,14.165,15.3185,27.8885,31.332,28.3252,0.8006756756756758,1.0,1.0,0.39864864864864846,1.0
2024-10-25,600847,4.799216454456401,97.0588,79.9143,82.4756,97.6471,93.7807,0.8866396761133606,1.0,1.0,0.22672064777327883,1.0
2024-10-25,601083,1.2738853503184489,9.2968,18.8567,36.5078,27.4375,27.4375,0.42903955232149954,1.0,1.0,1.0,1.0
2024-10-25,601133,1.8953068592057587,29.2427,31.3135,46.3085,43.3942,42.3538,0.6040349247260878,1.0,1.0,0.7919301505478245,1.0
2024-10-25,603159,3.079710144927561,66.2948,63.0342,76.4031,73.0358,73.035,0.500082418488147,1.0,1.0,0.9998351630237059,1.0
2024-10-25,603230,2.543859649122804,52.2989,52.7568,66.6092,61.8391,61.8391,0.4541144207863481,1.0,1.0,1.0,1.0
2024-10-25,603291,2.2408963585434094,41.0751,47.7102,53.7525,47.86,47.86,0.25749222949453576,1.0,0.0,1.0,1.0
2024-10-25,603506,2.261904761904754,41.616,47.3333,59.1312,53.2928,53.2928,0.29797315138090924,1.0,1.0,1.0,1.0
2024-10-25,603810,4.31034482758621,90.5003,83.4051,93.3502,92.4003,92.4003,0.44976076555023903,1.0,1.0,1.0,1.0
2024-10-25,605069,3.008595988538687,63.9959,58.8952,70.194,71.1968,70.046,0.6150793650793652,1.0,1.0,0.7698412698412695,1.0
2024-10-25,605169,3.3300685602350555,72.3124,62.7576,70.434,77.8499,75.3037,0.7546174142480212,1.0,1.0,0.4907651715039576,1.0
2024-10-28,000668,3.101736972704705,66.8294,56.5846,63.0226,73.4635,70.0241,0.8439490445859872,1.0,1.0,0.31210191082802563,1.0
2024-10-28,000880,1.821493624772308,26.5299,27.5177,41.1584,41.224,39.3708,0.6853146853146855,1.0,1.0,0.6293706293706289,1.0
2024-10-28,001217,1.2096774193548265,6.4779,16.7547,34.5345,25.1823,25.1823,0.4213790939590228,1.0,1.0,1.0,1.0
2024-10-28,001318,2.317290552584672,43.1966,43.5346,58.1922,54.5573,54.0459,0.5511363636363636,1.0,1.0,0.8977272727272727,1.0
2024-10-28,001331,2.8258887876025485,58.7565,54.7168,66.5528,67.0052,65.861,0.6144200626959252,1.0,1.0,0.7711598746081496,1.0
2024-10-28,001366,1.994796183868175,31.543,39.7919,52.0801,45.2344,45.2344,0.2721230614889535,1.0,1.0,1.0,1.0
2024-10-28,002144,2.8340080971659853,59.1471,55.4118,67.5911,67.3177,66.3647,0.5952961432749838,1.0,1.0,0.8094077134500324,1.0
2024-10-28,002209,3.6559139784946293,79.0039,67.1329,73.1624,83.2031,80.168,0.803508771929825,1.0,1.0,0.3929824561403501,1.0
2024-10-28,002718,3.753351206434319,80.4362,74.8544,86.3053,84.349,84.349,0.47472924187725624,1.0,1.0,1.0,1.0
2024-10-28,002806,1.5017667844522853,17.0247,19.7309,34.1395,33.6198,31.6753,0.6944444444444445,1.0,1.0,0.6111111111111109,1.0
2024-10-28,002809,3.125,67.806,60.032,69.0387,74.2448,72.1384,0.7106382978723403,1.0,1.0,0.5787234042553193,1.0
2024-10-28,002828,1.967592592592582,31.1523,36.9561,51.8066,44.9219,44.9219,0.3982887017220569,1.0,1.0,1.0,1.0
2024-10-28,002853,1.4054054054054133,13.7044,13.0367,23.7394,30.9635,27.0001,0.8963414634146342,1.0,1.0,0.20731707317073167,1.0
2024-10-28,002857,2.321582115219245,43.3919,48.8637,60.3743,54.7135,54.7135,0.2924901185770753,1.0,1.0,1.0,1.0
2024-10-28,002858,3.7634408602150504,80.7617,74.2408,85.7961,84.6094,84.4251,0.5184275184275184,1.0,1.0,0.9631449631449631,1.0
2024-10-28,002887,2.6627218934911268,55.0456,53.0859,66.6308,64.0365,63.5612,0.5475285171102661,1.0,1.0,0.9049429657794679,1.0
2024-10-28,002890,4.596622889305824,94.8242,76.3407,77.3395,95.8594,91.1,0.9759358288770054,1.0,1.0,0.048128342245989275,1.0
2024-10-28,002900,2.883625128733258,60.8398,60.4417,72.5879,68.6719,68.6719,0.41150850462426347,1.0,1.0,1.0,1.0
2024-10-28,002910,4.8387096774193505,97.526,87.7399,97.7064,98.0208,97.8804,0.5140449438202248,1.0,1.0,0.9719101123595504,1.0
2024-10-28,002921,3.4671532846715314,74.9674,66.5313,75.592,79.974,78.2526,0.6721313095784098,1.0,1.0,0.6557373808431803,1.0
2024-10-28,002931,1.8800358102059267,28.8737,31.0579,46.1295,43.099,42.0784,0.6020529579352675,1.0,1.0,0.795894084129465,1.0
2024-10-28,002972,1.9607843137254832,30.8919,27.8133,37.8239,44.7135,41.2634,0.8450112337628701,1.0,1.0,0.30997753247425974,1.0
2024-10-28,002973,1.2798634812286602,9.2773,7.4219,16.4941,27.4219,22.4219,1.0,1.0,1.0,0.0,1.0
2024-10-28,003003,2.8384279475982543,59.4727,51.8792,60.233,67.5781,64.7287,0.7849462365591396,1.0,1.0,0.4301075268817207,1.0
2024-10-28,300268,4.5685279187817285,94.3034,84.8161,94.7592,95.4427,95.1294,0.531328320802005,1.0,1.0,0.93734335839599,1.0
2024-10-28,300313,3.065693430656924,65.6576,65.8166,75.9603,72.526,72.526,0.3354700854700853,1.0,1.0,1.0,1.0
2024-10-28,300340,1.6314779270633295,20.2799,20.3461,32.4402,36.224,33.285,0.7938931297709924,1.0,1.0,0.4122137404580153,1.0
2024-10-28,300371,3.2738095238095344,71.3216,64.8166,75.4438,77.0573,75.937,0.612033195020747,1.0,1.0,0.7759336099585059,1.0
2024-10-28,300437,1.745877788554795,23.7956,26.587,41.758,39.0365,37.8117,0.6224719101123596,1.0,1.0,0.7550561797752808,1.0
2024-10-28,300517,2.8391167192429068,59.5378,57.5079,71.4318,67.6302,67.569,0.5061161209151875,1.0,1.0,0.9877677581696249,1.0
2024-10-28,300539,2.5746652935118464,52.7018,49.7524,62.0731,62.1615,60.9569,0.6204545454545454,1.0,1.0,0.7590909090909093,1.0
2024-10-28,300610,1.9607843137255054,30.9896,31.6713,45.4519,44.7917,43.2315,0.6560196560196556,1.0,1.0,0.6879606879606888,1.0
2024-10-28,300611,1.4842300556586308,16.4388,18.6656,32.5363,33.151,30.9083,0.7242718446601942,1.0,1.0,0.5514563106796115,1.0
2024-10-28,300626,2.9381965552178313,62.3372,56.9528,67.802,69.8698,68.4113,0.6458516385723548,1.0,1.0,0.7082967228552903,1.0
2024-10-28,300665,3.6418816388467334,78.8086,68.2612,75.5946,83.0469,80.654,0.7392857142857142,1.0,1.0,0.5214285714285716,1.0
2024-10-28,300686,1.333333333333342,10.6445,14.1376,28.6951,28.5156,26.3266,0.7189014539579968,1.0,1.0,0.5621970920840065,1.0
2024-10-28,300703,4.490690032858691,93.457,81.7092,89.3072,94.7656,93.2374,0.6528189910979231,1.0,1.0,0.6943620178041539,1.0
2024-10-28,300749,3.076923076923088,66.0482,60.2671,71.0909,72.8385,71.5528,0.6285714285714286,1.0,1.0,0.7428571428571429,1.0
2024-10-28,300771,2.6905829596412634,55.8268,50.6554,61.0666,64.6615,62.6584,0.7003048537612122,1.0,1.0,0.5993902924775756,1.0
2024-10-28,300871,4.498594189315863,93.6523,87.4681,95.5566,94.9219,94.9219,0.3726868722137085,1.0,1.0,1.0,1.0
2024-10-28,300885,2.887391722810384,60.9701,54.8237,64.7743,68.776,66.7998,0.6976193733752903,1.0,1.0,0.6047612532494193,1.0
2024-10-28,300948,4.709141274238227,95.8008,85.6742,95.1276,96.6406,96.1574,0.5483234714003945,1.0,1.0,0.903353057199211,1.0
2024-10-28,300961,3.6224976167778644,78.2227,71.2344,82.0684,82.5781,81.9063,0.5671852899575671,1.0,1.0,0.8656294200848658,1.0
2024-10-28,301009,3.358613217768136,72.9492,65.6892,75.7241,78.3594,77.0243,0.6335078534031414,1.0,1.0,0.7329842931937172,1.0
2024-10-28,301037,3.9585296889726562,84.0169,75.7662,85.9171,87.2135,86.4899,0.5723684210526314,1.0,1.0,0.8552631578947372,1.0
2024-10-28,301066,3.791469194312791,81.2826,71.5081,79.8619,85.026,83.2671,0.6758983741398215,1.0,1.0,0.6482032517203571,1.0
2024-10-28,301098,4.723502304147464,96.0612,87.1888,97.2428,96.849,96.849,0.4830097087378639,1.0,1.0,1.0,1.0
2024-10-28,301102,3.320683111954481,71.9727,65.8847,76.9941,77.5781,76.7314,0.5846702317290551,1.0,1.0,0.8306595365418898,1.0
2024-10-28,301125,2.966507177033484,63.1836,57.7633,68.6613,70.5469,69.1551,0.6391799790216272,1.0,1.0,0.7216400419567457,1.0
2024-10-28,301149,1.4925373134328401,16.8294,22.4958,39.8451,33.4635,32.9797,0.5483870967741937,1.0,1.0,0.9032258064516125,1.0
2024-10-28,301198,2.407221664994985,46.9076,45.4249,58.633,57.526,56.4755,0.6050583657587549,1.0,1.0,0.7898832684824901,1.0
2024-10-28,301256,1.1904761904761862,5.8919,9.9794,24.656,24.7135,22.3464,0.7367094129496576,1.0,1.0,0.5265811741006847,1.0
2024-10-28,301355,2.5202520252025407,51.2044,52.004,65.8431,60.9635,60.9635,0.4479763320004638,1.0,1.0,1.0,1.0
2024-10-28,600847,3.2710280373831946,71.1263,57.803,61.5923,76.901,72.352,0.9549019607843137,1.0,1.0,0.09019607843137267,1.0
2024-10-28,601083,2.096436058700224,35.4492,38.9346,54.8145,48.3594,48.3594,0.4712401640252531,1.0,1.0,1.0,1.0
2024-10-28,601133,1.240035429583708,7.9102,13.0936,29.068,26.3281,24.7109,0.6617266560774256,1.0,1.0,0.6765466878451487,1.0
2024-10-28,603065,3.1505250875145663,68.457,65.984,77.9199,74.7656,74.7656,0.43908251727732417,1.0,1.0,1.0,1.0
2024-10-28,603122,4.347826086956519,90.6901,76.7398,81.8585,92.5521,89.6459,0.7906137184115524,1.0,1.0,0.41877256317689526,1.0
2024-10-28,603159,4.305799648506148,90.2018,80.6877,90.1938,92.1615,91.4246,0.5736876229409483,1.0,1.0,0.8526247541181033,1.0
2024-10-28,603161,2.116935483870974,36.0352,39.4031,55.2246,48.8281,48.8281,0.4712537176448876,1.0,1.0,1.0,1.0
2024-10-28,603559,4.988399071925764,99.9023,80.9861,82.0601,99.9219,95.454,0.946788990825688,1.0,1.0,0.10642201834862397,1.0
2024-10-28,603709,4.58984375,94.694,85.0198,94.8151,95.7552,95.3875,0.5367686527107086,1.0,1.0,0.9264626945785828,1.0
2024-10-28,603810,1.446280991735538,15.0065,21.0961,38.6864,32.0052,31.5507,0.5454545454545453,1.0,1.0,0.9090909090909094,1.0
2024-10-28,603813,3.2006920415224904,69.694,59.2401,65.7555,75.7552,72.4976,0.8257575757575759,1.0,1.0,0.3484848484848482,1.0
2024-10-28,605122,2.862098872506502,60.319,56.8373,69.3875,68.2552,67.5463,0.5708955223880595,1.0,1.0,0.858208955223881,1.0
2024-10-28,605169,1.42180094786728,14.2253,14.4937,26.1846,31.3802,27.9369,0.8443271767810026,1.0,1.0,0.3113456464379949,1.0
2024-10-28,605298,1.8292682926829285,27.0182,25.7826,37.2489,41.6146,38.6986,0.7915970214853806,1.0,1.0,0.41680595702923884,1.0
2024-10-30,001322,1.8181818181818077,26.3477,30.8363,47.9596,41.0782,40.9572,0.5120938154745985,1.0,1.0,0.9758123690508029,1.0
2024-10-30,002780,2.1535580524344677,37.9717,36.4055,48.6365,50.3774,48.3914,0.6985915492957746,1.0,1.0,0.6028169014084508,1.0
2024-10-30,002806,1.0801080108010952,2.6617,8.9268,25.458,22.1294,20.5281,0.6601307189542484,1.0,1.0,0.6797385620915033,1.0
2024-10-30,002858,3.9858281665190454,85.1415,77.1058,87.5843,88.1132,87.6095,0.5503685503685501,1.0,1.0,0.8992628992628997,1.0
2024-10-30,002887,1.7699115044247815,24.6968,28.6548,45.0824,39.7574,39.2061,0.5551330798479087,1.0,1.0,0.8897338403041826,1.0
2024-10-30,002900,2.6422764227642226,54.5485,54.8455,68.184,63.6388,63.6388,0.4396643496775023,1.0,1.0,1.0,1.0
2024-10-30,300243,2.426693629929222,48.2143,52.1943,63.75,58.5714,58.5714,0.3188585763645471,1.0,1.0,1.0,1.0
2024-10-30,300313,3.2258064516129004,70.4515,69.78,79.316,76.3612,76.3612,0.329059829059829,1.0,1.0,1.0,1.0
2024-10-30,300665,1.3412816691505292,10.9501,13.1173,26.3794,28.7601,25.9387,0.782142857142857,1.0,1.0,0.43571428571428594,1.0
2024-10-30,300771,1.0628875110717528,1.9205,6.9516,22.1747,21.5364,19.244,0.7292409368463362,1.0,1.0,0.5415181263073277,1.0
2024-10-30,300871,1.3966480446927498,13.4434,23.131,39.4104,30.7547,30.7547,0.3811846184856824,1.0,1.0,1.0,1.0
2024-10-30,300885,3.127962085308056,68.3625,60.1291,68.7319,74.69,72.4096,0.7280476125324938,1.0,1.0,0.5439047749350123,1.0
2024-10-30,300929,1.9978969505783262,31.8396,28.8425,39.0293,45.4717,42.1571,0.8314606741573034,1.0,1.0,0.3370786516853932,1.0
2024-10-30,301027,2.6827012025901764,55.9636,47.8132,55.2592,64.7709,61.2921,0.8478823863248655,1.0,1.0,0.3042352273502691,1.0
2024-10-30,603161,1.2158054711246313,6.9744,16.4038,34.8821,25.5795,25.5795,0.45878668807756234,1.0,1.0,1.0,1.0
2024-10-30,603955,1.9527235354573458,30.9636,33.2145,48.5617,44.7709,43.9927,0.5778210116731518,1.0,1.0,0.8443579766536964,1.0
2024-10-31,000929,2.0460358056265893,34.1689,30.9427,41.1334,47.3351,44.1389,0.8196202531645569,1.0,1.0,0.3607594936708862,1.0
2024-10-31,001217,1.1363636363636243,4.0567,16.0979,2.8397,3.2454,3.2454,0.35737214297790537,0.0,0.0,1.0,1.0
2024-10-31,001322,3.124999999999978,68.5026,63.8859,76.1194,74.8021,74.344,0.5458119267815679,1.0,1.0,0.9083761464368643,1.0
2024-10-31,002144,2.323232323232327,44.1623,43.3031,56.8601,55.3298,54.3165,0.6013364993455065,1.0,1.0,0.797327001308987,1.0
2024-10-31,002205,1.3259668508287303,10.5211,10.7853,22.1016,28.4169,24.6011,0.8815789473684212,1.0,1.0,0.23684210526315752,1.0
2024-10-31,002209,2.960526315789469,63.8852,56.3012,65.1056,71.1082,68.7047,0.7403508771929828,1.0,1.0,0.5192982456140345,1.0
2024-10-31,002718,3.9439088518843146,84.5317,77.3365,88.5945,87.6253,87.4809,0.5144404332129964,1.0,1.0,0.9711191335740073,1.0
2024-10-31,002802,3.0276816608996615,65.4024,55.9086,62.9552,72.3219,69.1153,0.8206627680311889,1.0,1.0,0.35867446393762226,1.0
2024-10-31,002806,1.513802315227064,17.4472,20.363,35.0235,33.9578,32.1604,0.6797385620915034,1.0,1.0,0.6405228758169932,1.0
2024-10-31,002826,2.2988505747126187,43.3707,40.7492,52.4648,54.6966,52.7229,0.6973684210526314,1.0,1.0,0.6052631578947372,1.0
2024-10-31,002828,1.297169811320753,9.6636,20.244,6.7645,7.7309,7.7309,0.3743433953256606,0.0,0.0,1.0,1.0
2024-10-31,002848,4.658721560130008,95.5475,81.7012,87.4096,96.438,94.0696,0.7368421052631579,1.0,1.0,0.5263157894736843,1.0
2024-10-31,002871,4.166666666666674,87.7968,78.118,87.2188,90.2375,89.1777,0.6059736647445908,1.0,1.0,0.7880526705108184,1.0
2024-10-31,002910,2.3778071334213946,46.471,46.1655,60.5072,57.1768,56.6712,0.550561797752809,1.0,1.0,0.898876404494382,1.0
2024-10-31,002931,3.571428571428581,77.6715,70.9215,81.9387,82.1372,81.5294,0.5607843137254478,1.0,1.0,0.8784313725491044,1.0
2024-10-31,300220,2.2459893048128343,41.6557,38.1126,48.735,53.3245,50.7186,0.7605985037406482,1.0,1.0,0.4788029925187036,1.0
2024-10-31,300243,1.6781836130306038,22.5923,31.1634,45.8146,38.0739,38.0739,0.34552270818597264,1.0,1.0,1.0,1.0
2024-10-31,300340,2.871794871794875,61.3127,55.7295,66.2776,69.0501,67.3898,0.666030534351145,1.0,1.0,0.66793893129771,1.0
2024-10-31,300371,1.691542288557213,22.9881,26.2743,41.8593,38.3905,37.3324,0.6058091286307058,1.0,1.0,0.7883817427385884,1.0
2024-10-31,300437,1.7910447761193993,25.9565,29.4843,45.6077,40.7652,40.1247,0.5640449438202249,1.0,1.0,0.8719101123595503,1.0
2024-10-31,300610,1.6000000000000014,19.7889,23.6935,39.5771,35.8311,34.7623,0.6068796068796068,1.0,1.0,0.7862407862407863,1.0
2024-10-31,300614,4.060434372049104,86.3127,79.6248,90.4189,89.0501,89.0501,0.47126436781609193,1.0,1.0,1.0,1.0
2024-10-31,300626,1.7102615694164935,23.3179,25.4777,39.9693,38.6544,37.066,0.6588308978916927,1.0,1.0,0.6823382042166146,1.0
2024-10-31,300635,4.882629107981207,97.9881,86.2578,94.3263,98.3905,97.3242,0.6066350710900474,1.0,1.0,0.7867298578199051,1.0
2024-10-31,300650,1.5803336259877065,19.2942,22.8692,38.3737,35.4354,34.1523,0.62830629805489,1.0,1.0,0.74338740389022,1.0
2024-10-31,300665,1.3235294117647012,10.4551,12.0784,24.7472,28.3641,25.2213,0.8142857142857142,1.0,1.0,0.37142857142857166,1.0
2024-10-31,300703,1.414581066376508,14.347,18.0651,33.218,31.4776,29.7713,0.6706231454005934,1.0,1.0,0.6587537091988132,1.0
2024-10-31,300749,2.311248073959926,43.7665,42.5132,55.6365,55.0132,53.7632,0.625,1.0,1.0,0.75,1.0
2024-10-31,300771,1.1393514460999121,4.2546,8.3228,22.8165,23.4037,20.8633,0.7540432937764431,1.0,1.0,0.49191341244711384,1.0
2024-10-31,300871,1.5610651974288237,18.5686,26.867,42.998,34.8549,34.8549,0.3993940747827692,1.0,1.0,1.0,1.0
2024-10-31,300884,1.404494382022481,13.8852,19.9655,9.7197,11.1082,11.1082,0.5571327772398859,0.0,0.0,0.8857344455202283,1.0
2024-10-31,300929,2.886597938144342,61.8404,51.7757,57.895,69.4723,65.624,0.8848314606741573,1.0,1.0,0.2303370786516854,1.0
2024-10-31,300948,1.7159199237368972,23.5818,29.2402,16.5073,18.8654,18.8654,0.48126232741617364,0.0,0.0,1.0,1.0
2024-10-31,300961,2.5922233300099684,53.9908,53.1502,37.7935,43.1926,43.1926,0.5021216407355019,0.0,0.0,0.9957567185289962,1.0
2024-10-31,300978,1.451750640478222,15.5343,20.5828,37.1847,32.4274,31.5051,0.5922330097087377,1.0,1.0,0.8155339805825246,1.0
2024-10-31,301027,3.063063063063054,66.3918,55.01,60.2673,73.1135,69.0617,0.9051734356310849,1.0,1.0,0.18965312873783025,1.0
2024-10-31,301037,1.5355086372360827,17.777,23.6076,41.2159,34.2216,33.9146,0.5307017543859648,1.0,1.0,0.9385964912280704,1.0
2024-10-31,301082,1.2227074235807933,7.2889,14.7065,32.853,25.8311,25.2688,0.5562310030395137,1.0,1.0,0.8875379939209727,1.0
2024-10-31,301098,3.295454545454546,72.3945,67.6728,80.1907,77.9156,77.7942,0.5121359223300972,1.0,1.0,0.9757281553398056,1.0
2024-10-31,301120,1.2539184952978122,8.0805,16.0622,34.8519,26.4644,26.2633,0.5201098021598601,1.0,1.0,0.9597803956802797,1.0
2024-10-31,301125,3.5217794253938894,76.2863,66.6625,74.6673,81.029,78.8457,0.7183275965265603,1.0,1.0,0.5633448069468794,1.0
2024-10-31,301198,1.1387163561076497,4.1887,12.456,31.1422,23.3509,22.9035,0.5447470817120622,1.0,1.0,0.9105058365758756,1.0
2024-10-31,301256,1.7676767676767735,25.1649,27.9197,43.1909,40.1319,39.0258,0.6106132241902812,1.0,1.0,0.7787735516194376,1.0
2024-10-31,301355,2.847282139775653,60.5871,57.4481,70.3678,68.4697,67.9589,0.5510780287474591,1.0,1.0,0.8978439425050817,1.0
2024-10-31,600615,1.3181019332161537,10.2573,12.6019,25.9723,28.2058,25.4039,0.780193236714976,1.0,1.0,0.43961352657004804,1.0
2024-10-31,600671,3.6772216547497516,79.9142,63.9314,65.94,83.9314,78.9314,1.0,1.0,1.0,0.0,1.0
2024-10-31,600689,3.5407725321888517,76.8799,65.7604,72.3288,81.504,78.6322,0.7871794871794872,1.0,1.0,0.4256410256410257,1.0
2024-10-31,600768,1.8404907975460238,28.1992,26.0627,36.7461,42.5594,39.311,0.824833702882483,1.0,1.0,0.35033259423503393,1.0
2024-10-31,601083,2.507836990595602,51.6161,51.6571,66.1313,61.2929,61.2929,0.48179031695119245,1.0,1.0,1.0,1.0
2024-10-31,601133,2.0776874435411097,35.653,36.4967,50.9056,48.5224,47.5096,0.6012876994236432,1.0,1.0,0.7974246011527135,1.0
2024-10-31,603122,4.30247718383312,90.4683,72.3747,73.3278,92.3747,87.3747,1.0,1.0,1.0,0.0,1.0
2024-10-31,603161,2.402402402402415,47.3285,48.0886,63.1299,57.8628,57.8628,0.48870755903914276,1.0,1.0,1.0,1.0
2024-10-31,603176,3.2786885245901676,72.3285,62.5163,69.9369,77.8628,75.1895,0.7673267326732675,1.0,1.0,0.4653465346534651,1.0
2024-10-31,603506,2.2753128555176527,42.7111,46.8341,59.8978,54.1689,54.1689,0.36673618631496496,1.0,1.0,1.0,1.0
2024-10-31,603790,1.6918967052537814,23.0541,24.5484,38.3481,38.4433,36.4958,0.6947451749433758,1.0,1.0,0.6105096501132483,1.0
2024-10-31,603810,1.1542497376705319,4.9142,13.74,33.0572,23.9314,23.8357,0.5095693779904304,1.0,1.0,0.9808612440191391,1.0
2024-10-31,603955,2.318548387096775,43.9644,42.8758,56.1836,55.1715,54.0236,0.614785992217899,1.0,1.0,0.770428015564202,1.0
2024-11-04,000586,2.421052631578946,48.3389,47.4665,61.428,58.6711,58.0688,0.5602294455066921,1.0,1.0,0.8795411089866159,1.0
2024-11-04,000668,4.383886255924185,92.1927,79.6283,86.2831,93.7542,91.6912,0.7062937062937062,1.0,1.0,0.5874125874125875,1.0
2024-11-04,000880,1.4677103718199414,15.9136,21.6819,39.0416,32.7309,32.2064,0.5524475524475528,1.0,1.0,0.8951048951048943,1.0
2024-11-04,001217,1.7653167185877505,24.4186,32.6541,47.093,39.5349,39.5349,0.3440373615235063,1.0,1.0,1.0,1.0
2024-11-04,001318,2.168021680216814,38.9701,41.0056,56.9382,51.1761,51.0909,0.508522727272727,1.0,1.0,0.9829545454545461,1.0
2024-11-04,002209,2.796420581655479,59.1694,53.7917,64.3309,67.3355,65.5636,0.6771929824561405,1.0,1.0,0.6456140350877191,1.0
2024-11-04,002780,3.537284894837467,76.4452,68.4238,78.0468,81.1561,79.7899,0.6366197183098594,1.0,1.0,0.7267605633802812,1.0
2024-11-04,002826,2.3887079261671884,46.8106,45.8696,59.6095,57.4485,56.659,0.5789473684210528,1.0,1.0,0.8421052631578945,1.0
2024-11-04,002828,2.052451539338662,34.3189,38.3358,54.0233,47.4551,47.4551,0.4559671431786239,1.0,1.0,1.0,1.0
2024-11-04,002848,2.736602052451542,58.1728,53.9066,65.4578,66.5382,65.2224,0.6315789473684209,1.0,1.0,0.7368421052631582,1.0
2024-11-04,002853,2.7057497181510737,57.1761,51.3183,61.1782,65.7409,63.5296,0.7211267605633802,1.0,1.0,0.5577464788732396,1.0
2024-11-04,002857,4.323827046918138,90.7309,88.7376,92.7475,92.5847,92.3937,0.19235836627140965,1.0,1.0,0.9617918313570482,1.0
2024-11-04,002858,2.1621621621621623,38.7708,40.9429,56.9921,51.0166,50.9798,0.5036855036855036,1.0,1.0,0.9926289926289928,1.0
2024-11-04,002910,2.0806241872561637,35.6478,33.6611,45.2392,48.5183,46.0897,0.7428571428571429,1.0,1.0,0.5142857142857142,1.0
2024-11-04,002921,4.995287464656006,99.9668,88.4434,96.9166,99.9734,99.2084,0.5765028712237577,1.0,1.0,0.8469942575524847,1.0
2024-11-04,002972,1.837524177949712,27.6744,30.199,19.3721,22.1395,22.1395,0.5970292077834614,0.0,0.0,0.8059415844330773,1.0
2024-11-04,003003,1.878453038674044,29.2027,28.4517,40.6211,43.3621,40.9069,0.7455197132616492,1.0,1.0,0.5089605734767015,1.0
2024-11-04,300220,2.1324354657688005,37.5083,36.9892,50.2209,50.0066,48.4979,0.6508728179551122,1.0,1.0,0.6982543640897756,1.0
2024-11-04,300313,1.0835913312693624,2.6246,17.0569,1.8372,2.0997,2.0997,0.252136752136752,0.0,0.0,1.0,1.0
2024-11-04,300371,4.374999999999996,91.8937,83.266,93.8277,93.515,93.3905,0.5124481327800832,1.0,1.0,0.9751037344398337,1.0
2024-11-04,300500,1.0434782608695459,1.2292,11.7499,0.8605,0.9834,0.9834,0.4616760699051073,0.0,0.0,1.0,1.0
2024-11-04,300517,3.436807095343686,74.7508,72.9499,52.3256,59.8007,59.8007,0.3425388207788153,0.0,0.0,1.0,1.0
2024-11-04,300610,2.0746887966804906,35.4485,37.9903,24.814,28.3588,28.3588,0.5184275184275184,0.0,0.0,0.9631449631449631,1.0
2024-11-04,300611,3.039215686274521,65.6146,60.2587,71.4642,72.4917,71.3752,0.611650485436893,1.0,1.0,0.7766990291262139,1.0
2024-11-04,300615,3.9964476021314477,85.5482,80.6784,59.8837,68.4385,68.4385,0.3880048959608322,0.0,0.0,1.0,1.0
2024-11-04,300626,4.375667022411944,91.9934,82.5318,64.3953,73.5947,73.5947,0.5531426434342278,0.0,0.0,0.8937147131315444,1.0
2024-11-04,300635,2.4108003857280513,47.7409,46.9447,33.4186,38.1927,38.1927,0.5624012638230647,0.0,0.0,0.8751974723538707,1.0
2024-11-04,300649,2.3457862728062606,44.9502,45.3689,60.2826,55.9601,55.6645,0.5295617846262075,1.0,1.0,0.940876430747585,1.0
2024-11-04,300650,3.658536585365857,79.4352,73.9802,55.6047,63.5482,63.5482,0.478396683458243,0.0,0.0,1.0,1.0
2024-11-04,300665,3.0581039755351647,66.0797,58.4352,67.3987,72.8638,70.6495,0.7214285714285714,1.0,1.0,0.5571428571428572,1.0
2024-11-04,300703,1.6648168701442811,21.5615,24.905,40.4046,37.2492,36.0771,0.6172106824925814,1.0,1.0,0.7655786350148372,1.0
2024-11-04,300736,1.7964071856287456,25.6811,36.8857,17.9767,20.5449,20.5449,0.1829590488771466,0.0,0.0,0.9147952443857329,1.0
2024-11-04,300771,1.663585951940827,21.4286,24.5009,39.7161,37.1429,35.8219,0.6320983722034192,1.0,1.0,0.7358032555931615,1.0
2024-11-04,300774,1.9836639439906767,31.6611,35.1535,22.1628,25.3289,25.3289,0.5087721607286517,0.0,0.0,0.9824556785426966,1.0
2024-11-04,300840,3.542234332425065,76.711,71.5075,83.6977,81.3688,81.3688,0.49306410505183257,1.0,1.0,1.0,1.0
2024-11-04,300884,3.379721669980107,73.9203,70.0426,51.7442,59.1362,59.1362,0.4546784197356804,0.0,0.0,1.0,1.0
2024-11-04,300885,4.400749063670406,92.5249,78.9645,84.6566,94.0199,91.4922,0.7527705568477215,1.0,1.0,0.4944588863045569,1.0
2024-11-04,300912,4.225352112676051,88.7375,82.067,62.1163,70.99,70.99,0.44615384615384607,0.0,0.0,1.0,1.0
2024-11-04,300929,1.1739594450373758,5.3488,11.49,28.166,24.2791,22.8845,0.6394557823129249,1.0,1.0,0.7210884353741502,1.0
2024-11-04,300961,1.031991744066052,1.0299,11.7433,0.7209,0.8239,0.8239,0.4540311173974539,0.0,0.0,1.0,1.0
2024-11-04,300978,3.9355992844364973,84.2857,77.6422,59.0,67.4286,67.4286,0.48932038834951425,0.0,0.0,1.0,1.0
2024-11-04,301027,4.48154657293498,93.4551,76.7634,79.4172,94.7641,90.7638,0.9000346681117358,1.0,1.0,0.19993066377652835,1.0
2024-11-04,301082,2.143522833178002,37.9734,41.4426,56.5814,50.3787,50.3787,0.44680851063829796,1.0,1.0,1.0,1.0
2024-11-04,301098,2.2222222222222143,40.897,43.6885,58.6279,52.7176,52.7176,0.4514563106796117,1.0,1.0,1.0,1.0
2024-11-04,301102,2.561475409836067,52.8571,53.3731,37.0,42.2857,42.2857,0.44563279857397503,0.0,0.0,1.0,1.0
2024-11-04,301120,3.6796536796536827,79.9003,75.0784,85.9302,83.9203,83.9203,0.4420933318358809,1.0,1.0,1.0,1.0
2024-11-04,301125,3.9499036608863003,84.485,75.1303,84.2241,87.588,86.3592,0.6228848813000235,1.0,1.0,0.754230237399953,1.0
2024-11-04,301256,2.6281208935611033,54.6512,53.1374,38.2558,43.7209,43.7209,0.5291761022831841,0.0,0.0,0.9416477954336318,1.0
2024-11-04,600615,2.5000000000000133,51.3289,46.3288,56.4616,61.0631,58.696,0.7367149758454106,1.0,1.0,0.5265700483091789,1.0
2024-11-04,600689,1.0000000000000009,0.0664,5.9506,21.8414,20.0532,18.0019,0.7051282051282051,1.0,1.0,0.5897435897435899,1.0
2024-11-04,600793,1.0535557506584636,1.6279,3.7673,16.0695,21.3023,17.5348,0.8767507002801121,1.0,1.0,0.2464985994397757,1.0
2024-11-04,600847,1.441812564366618,14.6844,17.2969,31.3778,31.7475,29.5222,0.7225325884543764,1.0,1.0,0.5549348230912472,1.0
2024-11-04,601083,1.3319672131147708,10.3987,17.3468,35.3348,28.3189,27.8329,0.5486079521488023,1.0,1.0,0.9027840957023954,1.0
2024-11-04,601133,2.592592592592591,53.9203,52.594,66.6597,63.1362,62.8651,0.527112616257637,1.0,1.0,0.9457747674847261,1.0
2024-11-04,603161,2.01005025125629,32.7243,36.6047,52.907,46.1794,46.1794,0.47873393538528247,1.0,1.0,1.0,1.0
2024-11-04,603176,2.268041237113416,42.6246,39.0502,49.7382,54.0997,51.5749,0.7524752475247525,1.0,1.0,0.49504950495049505,1.0
2024-11-04,603790,1.8709073900841977,28.8704,31.6376,47.2917,43.0963,42.367,0.5729392027130437,1.0,1.0,0.8541215945739127,1.0
2024-11-04,605155,3.7909836065573854,81.8272,73.3061,82.9677,85.4618,84.3839,0.6077844311377242,1.0,1.0,0.7844311377245516,1.0
2024-11-04,605298,3.053435114503822,66.0133,54.2433,59.0746,72.8106,68.527,0.9283667621776504,1.0,1.0,0.1432664756446993,1.0
2024-11-04,605303,1.681759379042691,22.1595,29.7041,45.5116,37.7276,37.7276,0.40117416829745617,1.0,1.0,1.0,1.0
2024-11-05,000586,1.2332990750256956,7.7361,14.1048,31.247,26.1889,25.1468,0.6042065009560229,1.0,1.0,0.7915869980879542,1.0
2024-11-05,001217,1.4285714285714235,13.9652,23.3846,39.7756,31.1721,31.1721,0.3893756184684643,1.0,1.0,1.0,1.0
2024-11-05,001322,1.832760595647187,27.361,31.942,49.1527,41.8888,41.8888,0.4973421417777992,1.0,1.0,1.0,1.0
2024-11-05,001331,1.4638609332113584,15.5727,20.4205,36.8256,32.4581,31.4393,0.6018808777429467,1.0,1.0,0.7962382445141065,1.0
2024-11-05,001366,1.072386058981234,2.1098,17.0982,31.4769,21.6879,21.6879,0.22948626844460135,1.0,1.0,1.0,1.0
2024-11-05,002144,1.288404360753237,9.1427,14.1397,30.0511,27.3141,25.7269,0.658719882015471,1.0,1.0,0.6825602359690579,1.0
2024-11-05,002205,2.066590126291623,35.1306,32.2624,42.9072,48.1045,45.1834,0.792105263157895,1.0,1.0,0.41578947368421004,1.0
2024-11-05,002209,1.8498367791077497,28.0978,27.18,39.072,42.4782,39.8291,0.7649122807017543,1.0,1.0,0.47017543859649136,1.0
2024-11-05,002780,1.2003693444136765,6.1956,10.1396,24.7031,24.9565,22.548,0.7408450704225353,1.0,1.0,0.5183098591549293,1.0
2024-11-05,002800,1.7467248908296984,23.6772,24.073,16.574,18.9417,18.9417,0.7434343434343431,0.0,0.0,0.5131313131313138,1.0
2024-11-05,002826,2.545068928950167,52.7461,49.1706,60.8697,62.1969,60.6838,0.6513157894736838,1.0,1.0,0.6973684210526323,1.0
2024-11-05,002848,1.4428412874583962,14.7019,18.0316,32.8314,31.7616,29.8966,0.6864988558352402,1.0,1.0,0.6270022883295197,1.0
2024-11-05,002857,1.0582010582010692,1.708,16.2807,31.1956,21.3664,21.3664,0.25428194993412384,1.0,1.0,1.0,1.0
2024-11-05,002858,4.056437389770728,86.1688,76.6562,85.7605,88.935,87.7956,0.613941018766756,1.0,1.0,0.772117962466488,1.0
2024-11-05,002871,1.9148936170212627,30.3081,30.3758,43.4743,44.2465,42.3111,0.6935350725791267,1.0,1.0,0.6129298548417466,1.0
2024-11-05,002887,2.448453608247436,49.3302,40.909,47.4209,59.4642,55.1866,0.9277566539923953,1.0,1.0,0.14448669201520947,1.0
2024-11-05,002910,4.076433121019107,86.5037,73.2029,78.5526,89.2029,86.2029,0.7999999999999998,1.0,1.0,0.40000000000000036,1.0
2024-11-05,002921,2.5134649910233398,52.0094,47.1813,57.5541,61.6075,59.3944,0.7213116493036592,1.0,1.0,0.5573767013926816,1.0
2024-11-05,002963,1.873935264054527,29.1025,32.7927,20.3717,23.282,23.282,0.5244618395303328,0.0,0.0,0.9510763209393345,1.0
2024-11-05,002972,1.424501424501412,13.8982,18.1071,9.7287,11.1186,11.1186,0.6505707815744701,0.0,0.0,0.6988584368510597,1.0
2024-11-05,003003,1.301518438177851,9.4776,11.453,24.3762,27.582,24.5175,0.8064516129032263,1.0,1.0,0.3870967741935474,1.0
2024-11-05,003018,1.014656144306647,0.3684,5.6103,20.8891,20.2947,17.9525,0.7342192691029901,1.0,1.0,0.5315614617940199,1.0
2024-11-05,300220,3.736263736263745,80.6095,70.5225,78.4965,84.4876,82.5051,0.6982543640897754,1.0,1.0,0.6034912718204493,1.0
2024-11-05,300313,1.3782542113323082,12.2907,24.4907,8.6035,9.8326,9.8326,0.26709401709401703,0.0,0.0,1.0,1.0
2024-11-05,300340,3.9772727272727293,85.2981,73.1242,79.4802,88.2384,85.6813,0.7557117750439369,1.0,1.0,0.4885764499121261,1.0
2024-11-05,300371,3.3932135728542923,73.8446,67.084,77.7078,79.0757,78.0798,0.5995850622406641,1.0,1.0,0.8008298755186718,1.0
2024-11-05,300437,3.3950617283950546,74.0455,69.3945,51.8319,59.2364,59.2364,0.4920993227990971,0.0,0.0,1.0,1.0
2024-11-05,300500,2.23752151462997,41.6276,43.6366,29.1393,33.3021,33.3021,0.4832750791248683,0.0,0.0,1.0,1.0
2024-11-05,300517,2.4651661307609984,49.866,51.5445,59.9062,54.8928,54.8928,0.41741596642388656,1.0,0.0,1.0,1.0
2024-11-05,300610,1.7276422764227695,23.1078,27.1349,43.4728,38.4863,37.8106,0.5675675675675673,1.0,1.0,0.8648648648648654,1.0
2024-11-05,300611,2.37868696479544,46.5171,43.7768,55.6882,57.2137,55.4952,0.6718446601941747,1.0,1.0,0.6563106796116507,1.0
2024-11-05,300614,2.2684310018903586,42.7662,44.8205,59.9364,54.213,54.213,0.4696223316912972,1.0,1.0,1.0,1.0
2024-11-05,300626,2.658486707566454,55.7602,52.0249,63.8656,64.6082,63.3165,0.629164019447492,1.0,1.0,0.741671961105016,1.0
2024-11-05,300635,2.6365348399246757,55.1574,52.088,64.5344,64.1259,63.107,0.6018957345971563,1.0,1.0,0.7962085308056874,1.0
2024-11-05,300649,1.7826825127334578,25.1507,28.6098,44.584,40.1206,39.3652,0.575536601941023,1.0,1.0,0.8489267961179541,1.0
2024-11-05,300650,3.7104072398189913,80.3416,73.1036,83.8997,84.2733,83.6884,0.5584853816674107,1.0,1.0,0.8830292366651786,1.0
2024-11-05,300665,1.4836795252225476,16.3094,17.1904,29.7023,33.0476,30.119,0.7928571428571429,1.0,1.0,0.41428571428571415,1.0
2024-11-05,300686,2.3026315789473673,43.7709,45.0975,30.6397,35.0167,35.0167,0.4959612277867527,0.0,0.0,1.0,1.0
2024-11-05,300703,1.8558951965065518,28.2987,29.4046,43.3403,42.639,41.0218,0.661721068249258,1.0,1.0,0.676557863501484,1.0
2024-11-05,300736,2.1568627450980538,38.6135,46.9939,56.5143,50.8908,50.762,0.1948480845442536,1.0,1.0,0.9742404227212679,1.0
2024-11-05,300749,2.4691358024691246,50.067,47.625,60.1897,60.0536,58.8393,0.6214285714285716,1.0,1.0,0.7571428571428569,1.0
2024-11-05,300771,2.2727272727272707,42.9672,40.9877,53.3049,54.3737,52.6807,0.6693019075985788,1.0,1.0,0.6613961848028425,1.0
2024-11-05,300840,2.543859649122804,52.6457,51.0106,64.6402,62.1165,61.5636,0.5552949443066828,1.0,1.0,0.8894101113866344,1.0
2024-11-05,300884,2.4038461538461453,47.5218,47.8002,33.2652,38.0174,38.0174,0.510863067399277,0.0,0.0,0.978273865201446,1.0
2024-11-05,300885,1.1659192825111964,4.923,7.0953,19.7599,23.9384,20.5168,0.8421535093720068,1.0,1.0,0.3156929812559863,1.0
2024-11-05,300929,2.215189873417711,40.8908,39.4247,52.0476,52.7127,51.0687,0.6643990929705216,1.0,1.0,0.6712018140589568,1.0
2024-11-05,300948,1.1650485436893065,4.856,15.0091,3.3992,3.8848,3.8848,0.44378698224852087,0.0,0.0,1.0,1.0
2024-11-05,300961,3.9836567926455624,85.365,78.9285,59.7555,68.292,68.292,0.46817538896746796,0.0,0.0,1.0,1.0
2024-11-05,300978,2.839931153184172,60.5157,56.9174,69.3707,68.4126,67.665,0.5747572815533977,1.0,1.0,0.8504854368932047,1.0
2024-11-05,301037,1.217228464419473,6.8654,13.7379,31.297,25.4923,24.6151,0.5877192982456139,1.0,1.0,0.8245614035087723,1.0
2024-11-05,301066,2.014098690835864,33.1212,35.7506,51.6922,46.497,46.1238,0.537316989289262,1.0,1.0,0.9253660214214761,1.0
2024-11-05,301082,2.1897810218977964,40.1206,42.4612,58.0844,52.0965,52.0965,0.48176291793313086,1.0,1.0,1.0,1.0
2024-11-05,301098,2.517162471395884,52.0764,51.7096,66.4534,61.6611,61.6611,0.49757281553398053,1.0,1.0,1.0,1.0
2024-11-05,301102,3.596403596403608,77.7294,72.3796,84.4106,82.1835,82.1835,0.49019607843137253,1.0,1.0,1.0,1.0
2024-11-05,301120,1.9832985386221358,31.8486,35.0294,51.3951,45.4789,45.2542,0.522473937624223,1.0,1.0,0.955052124751554,1.0
2024-11-05,301125,1.5755329008341201,18.5867,20.5028,34.2776,34.8694,32.6861,0.7183275965265603,1.0,1.0,0.5633448069468794,1.0
2024-11-05,301126,2.5884383088869756,53.8848,51.2119,63.9275,63.1078,62.1599,0.5947955390334573,1.0,1.0,0.8104089219330854,1.0
2024-11-05,301149,2.1739130434782483,39.2498,42.2294,57.4749,51.3999,51.3999,0.4585253456221198,1.0,1.0,1.0,1.0
2024-11-05,301198,4.5929018789143905,95.01,85.4244,95.3397,96.008,95.7162,0.5291828793774319,1.0,1.0,0.9416342412451362,1.0
2024-11-05,301256,2.1766965428937413,39.4173,39.8995,27.5921,31.5338,31.5338,0.5817161809329241,0.0,0.0,0.8365676381341518,1.0
2024-11-05,301265,1.1494252873563093,4.4541,11.2472,28.4857,23.5633,22.4053,0.6158038147138966,1.0,1.0,0.7683923705722069,1.0
2024-11-05,301355,1.3651877133105783,11.4869,17.6095,34.8808,29.1896,28.3995,0.5790014049497705,1.0,1.0,0.841997190100459,1.0
2024-11-05,600689,2.8602860286028653,61.1855,54.3843,63.7017,68.9484,66.6664,0.7282051282051281,1.0,1.0,0.5435897435897439,1.0
2024-11-05,600768,2.6178010471204383,54.6885,48.2741,57.3285,63.7508,61.0125,0.7738359201773837,1.0,1.0,0.45232815964523265,1.0
2024-11-05,600847,1.522842639593902,17.2472,18.8257,32.1289,33.7977,31.3117,0.7486033519553073,1.0,1.0,0.5027932960893855,1.0
2024-11-05,601133,2.166064981949467,38.9484,39.078,53.1025,51.1587,50.1184,0.6040349247260878,1.0,1.0,0.7919301505478245,1.0
2024-11-05,603291,3.7593984962405846,81.2793,80.0796,81.8955,80.0234,80.0234,0.24719254031475432,1.0,0.0,1.0,1.0
2024-11-05,603506,1.9296254256526701,30.643,37.1092,51.4501,44.5144,44.5144,0.37026249579876297,1.0,1.0,1.0,1.0
2024-11-05,603810,1.7970401691332016,25.7535,30.7464,48.0275,40.6028,40.6028,0.49282296650717716,1.0,1.0,1.0,1.0
2024-11-05,605069,1.8226002430133725,26.8252,31.3882,48.6337,41.4601,41.4242,0.5035971223021584,1.0,1.0,0.9928057553956833,1.0
2024-11-05,605122,4.028021015761829,85.8339,77.6597,88.0688,88.6671,88.1634,0.5503731343283581,1.0,1.0,0.8992537313432838,1.0
2024-11-05,605303,1.781170483460559,25.0837,31.5347,47.5586,40.067,40.067,0.4266144814090021,1.0,1.0,1.0,1.0
2024-11-06,002205,1.1248593925759165,3.8206,6.267,19.0955,23.0565,19.6617,0.8394736842105265,1.0,1.0,0.32105263157894703,1.0
2024-11-06,002633,2.0609318996415826,34.9834,34.8912,48.2973,47.9867,46.439,0.6547756041426926,1.0,1.0,0.6904487917146147,1.0
2024-11-06,002780,3.1021897810219023,67.8073,58.6966,66.3665,74.2458,71.4712,0.7774647887323947,1.0,1.0,0.4450704225352107,1.0
2024-11-06,002800,1.2875536480686733,9.4684,11.898,25.2744,27.5748,24.7364,0.7838383838383836,1.0,1.0,0.4323232323232329,1.0
2024-11-06,002826,1.1375387797311065,4.0864,8.6638,23.6499,23.2691,20.9665,0.7302631578947367,1.0,1.0,0.5394736842105265,1.0
2024-11-06,002853,1.1982570806100101,6.412,8.9606,22.1503,25.1296,22.0451,0.8084507042253521,1.0,1.0,0.3830985915492957,1.0
2024-11-06,002910,2.080783353733162,36.113,30.6047,38.7076,48.8904,44.7475,0.9142857142857143,1.0,1.0,0.17142857142857149,1.0
2024-11-06,002921,1.4010507880910739,13.5216,14.861,27.5525,30.8173,27.8391,0.7978143999873805,1.0,1.0,0.4043712000252391,1.0
2024-11-06,300313,2.7190332326283873,57.9402,60.6257,70.5581,66.3522,66.3522,0.28632478632478625,1.0,1.0,1.0,1.0
2024-11-06,300614,4.3438077634011085,91.196,82.7762,93.476,92.9568,92.8665,0.5090311986863711,1.0,1.0,0.9819376026272577,1.0
2024-11-06,300626,3.884462151394419,83.2226,73.0306,81.1609,86.5781,84.8043,0.677372696919318,1.0,1.0,0.645254606161364,1.0
2024-11-06,300635,2.6605504587155826,55.8472,51.7552,63.2478,64.6777,63.2164,0.6461295418641391,1.0,1.0,0.7077409162717219,1.0
2024-11-06,300703,2.6795284030010746,56.5116,50.966,61.0715,65.2093,63.0876,0.7121661721068246,1.0,1.0,0.5756676557863507,1.0
2024-11-06,300736,2.9750479846449185,64.2193,67.1878,74.9535,71.3754,71.3754,0.2093791281373844,1.0,1.0,1.0,1.0
2024-11-06,300885,2.2163120567375794,41.0299,35.4864,44.0459,52.8239,49.1552,0.8668764536872346,1.0,1.0,0.2662470926255307,1.0
2024-11-06,301009,1.1111111111111072,3.4219,11.2716,29.4634,22.7375,22.0046,0.5732984293193717,1.0,1.0,0.8534031413612566,1.0
2024-11-06,301056,3.218116805721083,70.5648,62.4518,71.3953,76.4518,74.4518,0.7,1.0,1.0,0.6000000000000001,1.0
2024-11-06,301066,2.8627838104639647,61.495,57.5556,69.7657,69.196,68.3758,0.5820206618217009,1.0,1.0,0.8359586763565983,1.0
2024-11-06,301081,2.016607354685651,33.3887,34.2334,48.4169,46.711,45.4722,0.6238805970149252,1.0,1.0,0.7522388059701497,1.0
2024-11-06,301102,1.060752169720347,1.8937,10.4276,29.1509,21.515,20.9713,0.554367201426025,1.0,1.0,0.89126559714795,1.0
2024-11-06,301265,1.0330578512396604,1.0963,7.9615,24.9364,20.8771,19.4193,0.6457765667574931,1.0,1.0,0.7084468664850139,1.0
2024-11-06,603161,4.007820136852391,85.814,77.6802,88.1278,88.6512,88.1657,0.5485493009623031,1.0,1.0,0.9029013980753937,1.0
2024-11-06,603506,1.8930957683741534,29.8671,35.889,50.907,43.8937,43.8937,0.4002361264110437,1.0,1.0,1.0,1.0
2024-11-06,603810,1.5576323987538832,18.3056,23.3534,40.2317,34.6445,33.9989,0.5645569620253167,1.0,1.0,0.8708860759493666,1.0
2024-11-06,605069,3.341288782816232,73.0565,67.8337,79.9165,78.4452,78.1394,0.5305755395683455,1.0,1.0,0.9388489208633091,1.0
2024-11-06,605303,1.2499999999999956,8.1395,17.4314,35.6977,26.5116,26.5116,0.45401174168297465,1.0,1.0,1.0,1.0
2024-11-07,000586,2.3493360572012234,44.158,43.0128,56.2834,55.3264,54.1696,0.6156787762906307,1.0,1.0,0.7686424474187386,1.0
2024-11-07,000880,2.6974951830443183,56.0379,53.2219,66.0097,64.8303,64.0261,0.5804195804195807,1.0,1.0,0.8391608391608385,1.0
2024-11-07,001217,4.513540621865597,94.0927,86.5799,95.8649,95.2742,95.2742,0.4347138754134223,1.0,1.0,1.0,1.0
2024-11-07,001318,3.971756398940851,84.7585,76.1591,86.0355,87.8068,86.9829,0.5823863636363636,1.0,1.0,0.8352272727272727,1.0
2024-11-07,001322,2.1517553793884314,37.2389,39.4228,55.3306,49.7911,49.607,0.5184159613446551,1.0,1.0,0.9631680773106899,1.0
2024-11-07,001331,3.6837376460017612,79.4713,70.2855,79.0468,83.577,81.9313,0.6645768025078377,1.0,1.0,0.6708463949843246,1.0
2024-11-07,001366,3.5211267605633756,75.2937,75.2189,82.7056,80.235,80.235,0.2508046649667774,1.0,1.0,1.0,1.0
2024-11-07,002144,1.85546875,27.6436,28.0344,41.1896,42.1149,40.0747,0.704022552544391,1.0,1.0,0.5919548949112181,1.0
2024-11-07,002205,2.8921023359288034,61.6514,52.0054,58.5244,69.3211,65.6633,0.8657894736842106,1.0,1.0,0.2684210526315789,1.0
2024-11-07,002209,1.7185821697099701,22.4217,21.797,33.4145,37.9373,34.8672,0.8070175438596497,1.0,1.0,0.3859649122807005,1.0
2024-11-07,002828,1.921132457027297,29.7977,28.414,40.0102,43.8381,41.1261,0.7712036866107594,1.0,1.0,0.4575926267784811,1.0
2024-11-07,002848,2.5612472160356337,52.0561,48.0522,59.2539,61.6449,59.8486,0.6796338672768879,1.0,1.0,0.6407322654462242,1.0
2024-11-07,002853,4.9515608180839665,98.923,82.3496,85.6686,99.1384,95.744,0.8394366197183097,1.0,1.0,0.3211267605633805,1.0
2024-11-07,002857,2.1626297577854503,37.7611,44.5435,56.4328,50.2089,50.2089,0.2832674571805009,1.0,1.0,1.0,1.0
2024-11-07,002871,2.2916666666666474,42.5261,38.8993,49.5251,54.0209,51.4601,0.7560789353180803,1.0,1.0,0.4878421293638393,1.0
2024-11-07,002910,2.7577937649880147,57.9961,46.8969,51.5973,66.3969,61.6469,0.9749999999999999,1.0,1.0,0.050000000000000266,1.0
2024-11-07,002921,1.8134715025906578,25.6854,23.7177,34.3186,40.5483,37.133,0.8415302575209356,1.0,1.0,0.31693948495812885,1.0
2024-11-07,002972,1.9102196752626588,29.2755,30.7471,20.4928,23.4204,23.4204,0.6336629161667834,0.0,0.0,0.7326741676664332,1.0
2024-11-07,002973,2.101241642788909,35.6723,36.0327,24.9706,28.5379,28.5379,0.6252587991718429,0.0,0.0,0.7494824016563142,1.0
2024-11-07,300313,3.088235294117636,66.8081,66.9507,76.7657,73.4465,73.4465,0.32478632478632463,1.0,1.0,1.0,1.0
2024-11-07,300371,2.529182879377423,51.2728,47.9477,59.7499,61.0183,59.483,0.6535269709543571,1.0,1.0,0.6929460580912858,1.0
2024-11-07,300437,4.257425742574261,89.1971,79.8001,89.3229,91.3577,90.5789,0.5778781038374716,1.0,1.0,0.8442437923250568,1.0
2024-11-07,300517,3.9378238341968963,83.9099,77.2338,83.7369,82.1279,82.1279,0.4947085038639597,1.0,0.0,1.0,1.0
2024-11-07,300610,2.208835341365445,39.7193,39.8344,53.9215,51.7755,50.8049,0.5970515970515972,1.0,1.0,0.8058968058968057,1.0
2024-11-07,300611,4.633920296570904,95.4634,81.8465,87.7759,96.3708,94.1086,0.7262135922330095,1.0,1.0,0.547572815533981,1.0
2024-11-07,300614,4.605845881310899,95.1371,83.0327,90.4421,96.1097,94.5712,0.6538461538461537,1.0,1.0,0.6923076923076925,1.0
2024-11-07,300626,3.547459252157248,76.4034,66.129,73.4949,81.1227,78.6259,0.7496857131270571,1.0,1.0,0.5006285737458858,1.0
2024-11-07,300635,2.4128686327077764,47.0953,43.8374,55.289,57.6762,55.7568,0.6919431279620852,1.0,1.0,0.6161137440758295,1.0
2024-11-07,300686,1.8438177874186445,27.3172,31.6115,19.1221,21.8538,21.8538,0.5121163166397417,0.0,0.0,0.9757673667205167,1.0
2024-11-07,300703,1.2526096033402823,7.9308,10.6176,24.0976,26.3446,23.4811,0.7863501483679524,1.0,1.0,0.4272997032640953,1.0
2024-11-07,300736,1.491146318732528,16.3512,28.4838,41.4458,33.0809,33.0809,0.2298546895640687,1.0,1.0,1.0,1.0
2024-11-07,300749,2.9895366218235964,63.7402,57.0636,66.761,70.9922,69.0279,0.6964285714285715,1.0,1.0,0.607142857142857,1.0
2024-11-07,300771,1.4977973568281788,16.547,18.4048,31.9172,33.2376,30.8212,0.7416421153113898,1.0,1.0,0.5167157693772204,1.0
2024-11-07,300774,2.759381898454749,58.0614,54.4292,66.6031,66.4491,65.4391,0.6009950117795946,1.0,1.0,0.7980099764408108,1.0
2024-11-07,300840,2.086956521739136,35.2807,36.8287,51.9047,48.2245,47.5266,0.5697935068212174,1.0,1.0,0.8604129863575651,1.0
2024-11-07,300871,4.070796460176984,86.3251,79.7902,90.4275,89.0601,89.0601,0.46349507121175715,1.0,1.0,1.0,1.0
2024-11-07,300884,4.123711340206171,87.0431,78.5249,88.7109,89.6345,89.0797,0.5554802876027213,1.0,1.0,0.8890394247945574,1.0
2024-11-07,300929,4.024767801857587,85.6723,74.2975,81.4899,88.5379,86.4177,0.7120181405895689,1.0,1.0,0.5759637188208622,1.0
2024-11-07,300961,4.339250493096647,90.9595,82.414,92.9645,92.7676,92.5908,0.5176803394625177,1.0,1.0,0.9646393210749646,1.0
2024-11-07,301009,3.296703296703307,71.5078,65.2167,76.0764,77.2063,76.2115,0.5994764397905757,1.0,1.0,0.8010471204188485,1.0
2024-11-07,301066,2.0153550863723613,32.4086,32.9901,46.8124,45.9269,44.4585,0.6468409869937364,1.0,1.0,0.7063180260125272,1.0
2024-11-07,301082,3.4666666666666623,74.5104,69.0916,81.1239,79.6084,79.35,0.5258358662613982,1.0,1.0,0.9483282674772036,1.0
2024-11-07,301098,3.543743078626793,76.2728,69.6591,80.6725,81.0183,80.3387,0.5679611650485434,1.0,1.0,0.8640776699029131,1.0
2024-11-07,301102,3.5305343511450316,75.6201,69.0166,79.9751,80.4961,79.7563,0.5739750445632799,1.0,1.0,0.8520499108734403,1.0
2024-11-07,301120,2.4615384615384706,48.8577,47.8329,61.6938,59.0862,58.4595,0.562664240518394,1.0,1.0,0.8746715189632119,1.0
2024-11-07,301125,2.1857923497267784,38.7402,35.741,46.6159,50.9922,48.3666,0.7625571474851998,1.0,1.0,0.4748857050296005,1.0
2024-11-07,301256,1.7610062893081535,23.5966,26.5074,41.7779,38.8773,37.6923,0.6184942359877423,1.0,1.0,0.7630115280245153,1.0
2024-11-07,301265,2.3517382413087873,44.2232,41.9181,54.0353,55.3786,53.6483,0.6730245231607628,1.0,1.0,0.6539509536784744,1.0
2024-11-07,600768,2.553626149131749,51.795,44.895,53.1745,61.436,58.1655,0.8270509977827049,1.0,1.0,0.3458980044345903,1.0
2024-11-07,600847,1.6048144433299827,19.158,19.9074,32.5726,35.3264,32.6169,0.7709497206703912,1.0,1.0,0.4581005586592175,1.0
2024-11-07,601083,1.310483870967749,9.4974,15.5004,32.4532,27.5979,26.5492,0.6048754344204748,1.0,1.0,0.7902491311590505,1.0
2024-11-07,603176,3.9920159680638667,85.2154,71.5387,76.3835,88.1723,84.8555,0.8316831683168318,1.0,1.0,0.3366336633663365,1.0
2024-11-07,603291,3.0000000000000027,64.0013,65.1978,69.8009,66.201,66.201,0.3001623703822017,1.0,0.0,1.0,1.0
2024-11-07,603790,2.050326188257201,33.6488,35.1651,50.0462,46.9191,46.0421,0.5876993166287019,1.0,1.0,0.8246013667425962,1.0
2024-11-07,603810,2.658486707566454,54.765,50.3276,61.3667,63.812,62.0698,0.6742209631728043,1.0,1.0,0.6515580736543913,1.0
2024-11-07,605069,3.002309468822162,64.0666,59.6346,71.6092,71.2533,70.4439,0.5809352517985612,1.0,1.0,0.8381294964028776,1.0
2024-11-07,605169,2.4319066147859836,47.9439,42.8933,52.6372,58.3551,55.6242,0.7730870712401055,1.0,1.0,0.4538258575197891,1.0
2024-11-07,605303,2.716049382716057,56.8211,55.9853,69.7748,65.4569,65.4569,0.47358121330724073,1.0,1.0,1.0,1.0
2024-11-11,000586,3.3132530120481674,72.3701,64.9324,74.7317,77.8961,76.4143,0.6481835564053537,1.0,1.0,0.7036328871892925,1.0
2024-11-11,000929,2.9612756264236983,63.539,50.8312,54.4773,70.8312,65.8312,1.0,1.0,1.0,0.0,1.0
2024-11-11,001217,2.669208770257381,55.1623,52.662,65.6778,64.1299,63.3959,0.5733956025391768,1.0,1.0,0.8532087949216465,1.0
2024-11-11,001331,3.169014084507049,69.6429,60.9807,69.2829,75.7143,73.3475,0.7366771159874609,1.0,1.0,0.5266457680250782,1.0
2024-11-11,001366,3.1951640759930955,70.1623,69.6889,79.1136,76.1299,76.1299,0.3220463969246145,1.0,1.0,1.0,1.0
2024-11-11,002209,2.0452099031216475,33.539,30.8312,41.4773,46.8312,43.8312,0.8000000000000002,1.0,1.0,0.3999999999999997,1.0
2024-11-11,002826,1.3215859030837107,9.8377,7.8701,16.8864,27.8701,22.8701,1.0,1.0,1.0,0.0,1.0
2024-11-11,002853,4.999999999999982,99.9675,81.7969,83.6231,99.974,95.8855,0.9088541666666667,1.0,1.0,0.18229166666666652,1.0
2024-11-11,002887,1.0695187165775222,2.1104,7.6167,23.334,21.6883,19.6525,0.7035830618892509,1.0,1.0,0.5928338762214982,1.0
2024-11-11,002900,1.1565836298932375,4.8052,10.0413,25.758,23.8442,21.9427,0.6901408450704227,1.0,1.0,0.6197183098591545,1.0
2024-11-11,002972,3.4547152194210895,75.0325,66.0001,74.471,80.026,78.013,0.7012943777975312,1.0,1.0,0.5974112444049375,1.0
2024-11-11,003003,1.2565445026177846,8.0844,7.9729,18.6698,26.4675,22.2202,0.9247311827956993,1.0,1.0,0.15053763440860135,1.0
2024-11-11,300313,1.7391304347825987,22.7597,31.2847,45.9318,38.2078,38.2078,0.34615384615384615,1.0,1.0,1.0,1.0
2024-11-11,300340,2.5352112676056304,51.3961,45.6863,55.1161,61.1169,58.4016,0.771528998242531,1.0,1.0,0.4569420035149381,1.0
2024-11-11,300371,2.8708133971292016,60.8117,54.8734,65.0163,68.6494,66.7614,0.6887966804979253,1.0,1.0,0.6224066390041494,1.0
2024-11-11,300437,2.1967526265520343,39.6104,38.4603,51.2713,51.6883,50.0743,0.6613995485327314,1.0,1.0,0.6772009029345372,1.0
2024-11-11,300517,2.010050251256268,32.3052,34.5008,49.9268,45.8442,45.1725,0.5671702577140286,1.0,1.0,0.8656594845719428,1.0
2024-11-11,300610,1.4591439688715901,15.2922,18.7203,33.6775,32.2338,30.477,0.6756756756756754,1.0,1.0,0.6486486486486491,1.0
2024-11-11,300611,3.076923076923088,66.4935,57.6608,65.4775,73.1948,70.4278,0.7766990291262137,1.0,1.0,0.4466019417475726,1.0
2024-11-11,300614,2.5460930640913038,51.7208,46.9562,57.3637,61.3766,59.1664,0.7210216110019647,1.0,1.0,0.5579567779960706,1.0
2024-11-11,300626,1.8095238095237942,25.7468,25.3441,37.5161,40.5974,37.9708,0.762664972446395,1.0,1.0,0.47467005510721005,1.0
2024-11-11,300635,1.7841213202497652,24.5779,25.7603,39.4004,39.6623,37.7113,0.6951026856240128,1.0,1.0,0.6097946287519744,1.0
2024-11-11,300665,1.9553072625698276,30.6818,27.0039,36.3942,44.5455,40.7747,0.8770764119601329,1.0,1.0,0.24584717607973428,1.0
2024-11-11,300686,2.883625128733258,61.2987,57.2134,42.9091,49.039,49.039,0.5912762520193863,0.0,0.0,0.8174474959612275,1.0
2024-11-11,300703,1.3569937369519947,11.0065,13.0782,26.2505,28.8052,25.9417,0.7863501483679524,1.0,1.0,0.4272997032640953,1.0
2024-11-11,300736,3.1305903398926693,68.7987,69.8474,78.1591,75.039,75.039,0.25957727873183617,1.0,1.0,1.0,1.0
2024-11-11,300749,3.6818851251841034,79.7727,69.1753,76.5552,83.8182,81.4968,0.7321428571428571,1.0,1.0,0.5357142857142858,1.0
2024-11-11,300771,2.4013722126929427,46.2013,40.8467,50.1123,56.961,53.9039,0.8057148707141654,1.0,1.0,0.38857025857166927,1.0
2024-11-11,300774,3.9707419017763534,85.2273,74.2422,81.7798,88.1818,86.212,0.6969820608326168,1.0,1.0,0.6060358783347664,1.0
2024-11-11,300929,2.284011916583917,42.2403,37.8285,47.6407,53.7922,50.8103,0.7981859410430838,1.0,1.0,0.40362811791383235,1.0
2024-11-11,300948,2.481617647058809,49.3182,48.2908,62.1953,59.4545,58.8727,0.5581854043392507,1.0,1.0,0.8836291913214986,1.0
2024-11-11,300961,2.0076481835563875,32.1104,34.4295,49.9596,45.6883,45.0589,0.562942008486563,1.0,1.0,0.8741159830268741,1.0
2024-11-11,301032,1.4617368873602876,15.3571,17.1142,30.407,32.2857,29.7,0.758575197889182,1.0,1.0,0.4828496042216359,1.0
2024-11-11,301037,3.919781221513219,84.1883,74.3243,82.8792,87.3506,85.8375,0.6513157894736843,1.0,1.0,0.6973684210526314,1.0
2024-11-11,301056,1.8046709129511562,25.4221,20.4519,28.024,40.3377,35.3948,0.9942857142857142,1.0,1.0,0.011428571428571566,1.0
2024-11-11,301120,2.020202020202011,32.8571,33.6673,47.7631,46.2857,44.9765,0.6309226932668329,1.0,1.0,0.7381546134663342,1.0
2024-11-11,301125,3.760071620411809,81.3961,68.9811,74.7058,85.1169,82.049,0.8067866984438391,1.0,1.0,0.3864266031123218,1.0
2024-11-11,301256,2.8368794326240954,59.6429,52.6649,61.6511,67.7143,65.1896,0.7524714365445796,1.0,1.0,0.4950571269108408,1.0
2024-11-11,600615,3.0973451327433787,67.3052,58.6268,66.6789,73.8442,71.2355,0.7608695652173915,1.0,1.0,0.4782608695652171,1.0
2024-11-11,600768,2.4489795918366974,48.4091,42.1419,50.7156,58.7273,55.4346,0.8292682926829271,1.0,1.0,0.34146341463414576,1.0
2024-11-11,600847,3.103103103103111,67.6299,58.6104,66.3539,74.1039,71.3572,0.7746741154562385,1.0,1.0,0.4506517690875229,1.0
2024-11-11,601083,2.3976023976024052,46.0065,43.2884,55.171,56.8052,55.0468,0.6758395348722614,1.0,1.0,0.6483209302554771,1.0
2024-11-11,603065,2.70588235294118,56.5909,54.5669,68.2019,65.2727,64.9198,0.5352926798459225,1.0,1.0,0.9294146403081549,1.0
2024-11-11,603122,3.363518758085382,73.474,63.2122,70.2978,78.7792,75.9957,0.7783505154639176,1.0,1.0,0.4432989690721647,1.0
2024-11-11,603176,3.5785288270377746,77.3701,65.0644,70.4957,81.8961,78.4803,0.8415841584158419,1.0,1.0,0.3168316831683162,1.0
2024-11-11,603810,3.093812375249505,67.2403,58.948,67.3798,73.7922,71.3701,0.7422096317280452,1.0,1.0,0.5155807365439096,1.0
2024-11-11,605069,2.0713463751438344,35.0325,36.2994,51.0695,48.026,47.1627,0.5863309352517985,1.0,1.0,0.8273381294964031,1.0
2024-11-13,000586,4.261645193260644,90.0195,78.5548,86.092,92.0156,90.2852,0.673040152963671,1.0,1.0,0.6539196940726579,1.0
2024-11-13,000668,1.73469387755103,23.0494,22.2403,33.7361,38.4395,35.3399,0.8099630996309964,1.0,1.0,0.3800738007380071,1.0
2024-11-13,001217,1.0261194029850706,0.7152,7.8775,25.1112,20.5722,19.2248,0.6347355972294143,1.0,1.0,0.7305288055411714,1.0
2024-11-13,002144,1.7126546146527089,22.5293,22.3121,34.3478,38.0234,35.1677,0.7855673594964465,1.0,1.0,0.42886528100710697,1.0
2024-11-13,002828,2.1008403361344685,36.2484,36.0124,49.4013,48.9987,47.5055,0.6493150684931505,1.0,1.0,0.7013698630136991,1.0
2024-11-13,002871,1.9114688128772706,29.6814,26.4971,36.2808,43.7451,40.1211,0.8624035019743016,1.0,1.0,0.2751929960513968,1.0
2024-11-13,003003,1.9587628865979534,31.0468,26.6979,35.4537,44.8375,40.7677,0.906976744186046,1.0,1.0,0.18604651162790797,1.0
2024-11-13,300774,1.239669421487588,7.7048,11.8101,26.686,26.1638,23.987,0.7176851498440527,1.0,1.0,0.5646297003118945,1.0
2024-11-13,300948,2.734731084776665,58.0299,54.9052,67.5835,66.4239,65.6646,0.5759368836291915,1.0,1.0,0.848126232741617,1.0
2024-11-13,300961,1.7790262172284521,24.6749,27.8587,43.5101,39.7399,38.7993,0.5940594059405939,1.0,1.0,0.8118811881188122,1.0
2024-11-13,301032,3.0355594102341676,65.5072,57.4981,66.0397,72.4057,69.9519,0.7453825857519787,1.0,1.0,0.5092348284960426,1.0
2024-11-13,301037,1.040763226366015,1.1378,5.4278,19.8316,20.9103,18.169,0.7741228070175437,1.0,1.0,0.4517543859649127,1.0
2024-11-13,301120,3.093812375249505,67.6853,60.9313,70.9458,74.1482,72.5398,0.6608478802992515,1.0,1.0,0.6783042394014971,1.0
2024-11-13,301125,1.5693112467306092,18.433,17.214,27.8382,34.7464,30.9802,0.8766228315364275,1.0,1.0,0.246754336927145,1.0
2024-11-13,301265,1.1190233977619535,3.6086,9.1539,25.0601,22.8869,21.0204,0.6866485013623977,1.0,1.0,0.6267029972752045,1.0
2024-11-13,600768,2.3622047244094446,45.1235,37.917,45.2228,56.0988,52.0079,0.9090909090909092,1.0,1.0,0.18181818181818166,1.0
2024-11-13,601083,1.2795275590551158,8.8752,12.4632,26.9387,27.1001,24.7816,0.7318483361047697,1.0,1.0,0.5363033277904605,1.0
2024-11-13,603291,1.2635379061371799,8.42,20.4974,35.894,26.736,26.736,0.31193344373052334,1.0,1.0,1.0,1.0
2024-11-13,603810,3.588290840415498,77.9909,66.2816,72.3714,82.3927,79.3372,0.8055555555555556,1.0,1.0,0.38888888888888884,1.0
2024-11-19,000586,3.2223415682062218,70.2093,65.6894,49.1465,56.1674,56.1674,0.5239005736137667,0.0,0.0,0.9521988527724665,1.0
2024-11-19,000929,1.0113780025284402,0.1635,8.0315,25.9158,20.1308,19.0811,0.6049661399548533,1.0,1.0,0.7900677200902935,1.0
2024-11-19,001217,2.034883720930214,33.2243,35.1674,50.4328,46.5795,45.8734,0.570605187319885,1.0,1.0,0.8587896253602301,1.0
2024-11-19,001300,2.170138888888906,38.2276,42.5821,26.7593,30.5821,30.5821,0.39999999999999986,0.0,0.0,1.0,1.0
2024-11-19,002144,2.526724975704586,51.1772,46.5593,57.0591,60.9418,58.7506,0.7191234427206975,1.0,1.0,0.561753114558605,1.0
2024-11-19,002205,1.0428736964078755,1.0791,7.4229,0.7554,0.8633,0.8633,0.6720183486238533,0.0,0.0,0.6559633027522933,1.0
2024-11-19,002209,3.7844036697247674,81.6547,73.3237,57.1583,65.3237,65.3237,0.6000000000000004,0.0,0.0,0.7999999999999992,1.0
2024-11-19,002800,2.393162393162407,45.8143,41.1484,32.07,36.6514,36.6514,0.7751479289940828,0.0,0.0,0.4497041420118344,1.0
2024-11-19,002826,1.626794258373221,19.915,23.458,38.9925,35.932,34.695,0.6237006237006235,1.0,1.0,0.752598752598753,1.0
2024-11-19,002848,3.378378378378377,73.2832,67.7759,51.2982,58.6266,58.6266,0.5425330812854443,0.0,0.0,0.9149338374291114,1.0
2024-11-19,002853,1.2565445026177846,8.1099,13.5538,29.8086,26.4879,25.0208,0.6467065868263474,1.0,1.0,0.7065868263473052,1.0
2024-11-19,002887,1.3947001394700065,12.5899,18.0198,34.7087,30.0719,29.0459,0.6026058631921823,1.0,1.0,0.7947882736156353,1.0
2024-11-19,002900,1.4591439688716124,15.4676,22.4345,10.8273,12.3741,12.3741,0.4969818913480885,0.0,0.0,1.0,1.0
2024-11-19,002921,3.409090909090917,74.068,67.3996,78.1379,79.2544,78.327,0.5927419354838708,1.0,1.0,0.8145161290322585,1.0
2024-11-19,002973,2.5227043390514625,51.1118,50.7031,35.7783,40.8895,40.8895,0.5093167701863355,0.0,0.0,0.981366459627329,1.0
2024-11-19,003018,3.9908779931584926,85.775,74.6001,82.0026,88.62,86.61,0.7009966777408639,1.0,1.0,0.5980066445182721,1.0
2024-11-19,300306,4.2608695652173845,89.6991,80.2483,62.7894,71.7593,71.7593,0.5755517826825127,0.0,0.0,0.8488964346349746,1.0
2024-11-19,300371,4.304304304304307,90.8437,80.8077,89.8561,92.675,91.7413,0.5933609958506224,1.0,1.0,0.8132780082987552,1.0
2024-11-19,300437,1.8090452261306789,25.8666,29.8129,18.1066,20.6933,20.6933,0.5440180586907447,0.0,0.0,0.9119638826185106,1.0
2024-11-19,300478,4.4878048780487845,94.1465,83.0149,91.298,95.3172,94.1661,0.6151142355008787,1.0,1.0,0.7697715289982425,1.0
2024-11-19,300500,1.6115351993214677,19.4572,25.2883,13.62,15.5657,15.5657,0.51387367551953,0.0,0.0,0.97225264896094,1.0
2024-11-19,300517,2.7233115468409563,56.9326,57.9224,39.8528,45.5461,45.5461,0.3811850894988521,0.0,0.0,1.0,1.0
2024-11-19,300610,1.8943170488534555,28.8751,30.8151,45.6425,43.1001,41.9576,0.6142506142506139,1.0,1.0,0.7714987714987722,1.0
2024-11-19,300611,3.4253092293054177,74.395,66.0791,75.2027,79.516,77.7976,0.6718446601941747,1.0,1.0,0.6563106796116507,1.0
2024-11-19,300626,2.4819027921406445,49.346,47.3014,34.5422,39.4768,39.4768,0.6087680405171042,0.0,0.0,0.7824639189657916,1.0
2024-11-19,300665,2.259036144578319,41.2361,39.3115,28.8653,32.9889,32.9889,0.6838709677419355,0.0,0.0,0.6322580645161291,1.0
2024-11-19,300703,1.396348012889348,12.6553,15.9996,30.6095,30.1243,28.0619,0.7062314540059346,1.0,1.0,0.5875370919881309,1.0
2024-11-19,300736,3.383084577114426,73.4794,75.0847,51.4356,58.7835,58.7835,0.1849405548216645,0.0,0.0,0.9247027741083225,1.0
2024-11-19,300771,3.564727954971847,77.0111,69.6283,53.9078,61.6089,61.6089,0.5990285629632768,0.0,0.0,0.8019428740734464,1.0
2024-11-19,300774,4.591265397536404,95.3891,84.7808,93.7113,96.3113,95.546,0.5765277247660792,1.0,1.0,0.8469445504678417,1.0
2024-11-19,300884,3.3050047214353118,71.9097,66.6826,50.3368,57.5278,57.5278,0.5422603705054044,0.0,0.0,0.9154792589891911,1.0
2024-11-19,300948,1.7608897126969447,23.6429,28.1056,44.9327,38.9143,38.51,0.5404339250493095,1.0,1.0,0.9191321499013809,1.0
2024-11-19,300961,4.056795131845847,86.756,79.8433,60.7292,69.4048,69.4048,0.47807637906647793,0.0,0.0,1.0,1.0
2024-11-19,301032,1.7612524461839474,23.7737,27.5678,16.6416,19.019,19.019,0.5725593667546173,0.0,0.0,0.8548812664907655,1.0
2024-11-19,301066,2.034883720930214,33.2243,34.0897,48.2775,46.5795,45.3346,0.6244891507275171,1.0,1.0,0.7510216985449658,1.0
2024-11-19,301098,1.931818181818179,30.1177,33.8515,50.597,44.0942,43.9728,0.5121359223300972,1.0,1.0,0.9757281553398056,1.0
2024-11-19,301102,2.782931354359941,58.1753,53.9912,65.6247,66.5402,65.2657,0.6274509803921567,1.0,1.0,0.7450980392156865,1.0
2024-11-19,301116,3.0981067125645634,67.07,63.1648,46.949,53.656,53.656,0.5245616917615922,0.0,0.0,0.9508766164768157,1.0
2024-11-19,301120,4.449152542372881,93.5579,84.5221,94.8421,94.8463,94.6842,0.5162094763092264,1.0,1.0,0.9675810473815472,1.0
2024-11-19,301126,1.7937219730941534,25.2126,29.9098,17.6488,20.17,20.17,0.513011152416357,0.0,0.0,0.973977695167286,1.0
2024-11-19,301198,2.471482889733845,49.019,47.6876,61.2582,59.2152,58.4514,0.5763779527559053,1.0,1.0,0.8472440944881894,1.0
2024-11-19,301256,3.6553524804177506,79.0386,72.3846,55.327,63.2309,63.2309,0.5423111219456194,0.0,0.0,0.9153777561087613,1.0
2024-11-19,601083,1.5432098765431945,17.6913,21.9929,38.0637,34.153,33.073,0.6080047618292931,1.0,1.0,0.7839904763414138,1.0
2024-11-19,601133,3.7374658158614293,80.6082,73.0103,83.4732,84.4866,83.7484,0.5738154463991967,1.0,1.0,0.8523691072016066,1.0
2024-11-19,603122,2.7027027027026973,56.0824,53.4934,39.2577,44.8659,44.8659,0.5686274509803924,0.0,0.0,0.8627450980392153,1.0
2024-11-19,603161,1.4285714285714235,13.7345,17.9154,33.4698,30.9876,29.4515,0.6536082474226802,1.0,1.0,0.6927835051546396,1.0
2024-11-19,603291,4.477611940298498,93.9503,89.981,95.7652,95.1602,95.1602,0.25896361366307596,1.0,1.0,1.0,1.0
2024-11-19,603790,4.383561643835643,92.7077,81.8313,90.2258,94.1661,92.9987,0.6167400881057266,1.0,1.0,0.7665198237885469,1.0
2024-11-19,603810,3.293413173652704,71.5173,63.9815,73.5975,77.2139,75.5977,0.6616161616161615,1.0,1.0,0.6767676767676769,1.0
2024-11-19,605069,1.4598540145985384,15.533,22.3905,10.8731,12.4264,12.4264,0.5017985611510792,0.0,0.0,0.9964028776978415,1.0
2024-11-19,605169,2.5515210991167825,51.8967,46.6092,56.5114,61.5173,59.0633,0.7454068241469815,1.0,1.0,0.5091863517060371,1.0
2024-11-20,000668,2.054794520547931,34.387,35.148,24.0709,27.5096,27.5096,0.6180811808118081,0.0,0.0,0.7638376383763839,1.0
2024-11-20,000929,1.5018773466833446,16.6986,20.8984,36.768,33.3589,32.1286,0.6230248306997742,1.0,1.0,0.7539503386004516,1.0
2024-11-20,001217,2.1842355175688555,38.857,38.4631,51.9549,51.0856,49.7743,0.6311239193083571,1.0,1.0,0.7377521613832858,1.0
2024-11-20,001331,2.005231037489108,32.0243,30.1962,41.5706,45.6194,42.9078,0.7711598746081508,1.0,1.0,0.45768025078369834,1.0
2024-11-20,001366,3.257042253521125,71.2324,71.1833,79.8627,76.986,76.986,0.29013188912127424,1.0,1.0,1.0,1.0
2024-11-20,002144,1.8009478672985635,25.5747,24.5068,35.9964,40.4598,37.4833,0.7976480716374922,1.0,1.0,0.40470385672501563,1.0
2024-11-20,002205,3.66972477064218,79.3423,69.6206,77.8332,83.4738,81.5472,0.6926605504587157,1.0,1.0,0.6146788990825687,1.0
2024-11-20,002209,4.972375690607733,99.4253,85.2244,90.9661,99.5402,97.3823,0.7157894736842112,1.0,1.0,0.5684210526315776,1.0
2024-11-20,002809,3.125,68.5824,59.6751,67.626,74.8659,72.2705,0.7595419847328249,1.0,1.0,0.4809160305343503,1.0
2024-11-20,002826,3.766478342749524,81.4496,71.9788,80.6529,85.1596,83.5692,0.6590436590436591,1.0,1.0,0.6819126819126817,1.0
2024-11-20,002853,3.1023784901758056,67.6564,60.712,70.5332,74.1252,72.4186,0.6706586826347305,1.0,1.0,0.658682634730539,1.0
2024-11-20,002887,2.3383768913342484,44.0932,42.571,55.4581,55.2746,53.9228,0.6351791530944625,1.0,1.0,0.729641693811075,1.0
2024-11-20,002900,2.5886864813039256,53.3525,52.1387,37.3467,42.682,42.682,0.5271629778672033,0.0,0.0,0.9456740442655933,1.0
2024-11-20,002972,2.7079303675048516,56.8008,53.5,39.7605,45.4406,45.4406,0.5970292077834614,0.0,0.0,0.8059415844330773,1.0
2024-11-20,300313,1.6819571865443583,21.4879,31.8057,15.0415,17.1903,17.1903,0.26923076923076916,0.0,0.0,1.0,1.0
2024-11-20,300371,1.7274472168905985,22.5734,24.4073,38.4985,38.0587,36.233,0.6825726141078841,1.0,1.0,0.6348547717842319,1.0
2024-11-20,300478,2.334267040149385,43.9017,41.2022,52.8928,55.1213,53.1618,0.6959578207381373,1.0,1.0,0.6080843585237254,1.0
2024-11-20,300517,1.4846235418876086,16.092,24.0422,11.2644,12.8736,12.8736,0.4415698843739092,0.0,0.0,1.0,1.0
2024-11-20,300611,1.5639374425022945,18.0396,19.5967,32.9578,34.4317,32.0142,0.7417475728155339,1.0,1.0,0.5165048543689321,1.0
2024-11-20,300621,1.6378525932666088,20.1469,26.7944,14.1028,16.1175,16.1175,0.4661572052401747,0.0,0.0,1.0,1.0
2024-11-20,300626,2.4217961654894093,47.8608,45.2233,57.3718,58.2886,56.7559,0.6532683581834051,1.0,1.0,0.6934632836331898,1.0
2024-11-20,300635,2.196836555360271,39.6871,37.7527,49.7871,51.7497,49.7512,0.6998468606431855,1.0,1.0,0.6003062787136291,1.0
2024-11-20,300665,2.209131075110471,39.9425,37.3089,48.6694,51.954,49.6314,0.7322580645161291,1.0,1.0,0.5354838709677419,1.0
2024-11-20,300686,1.8104366347177825,26.0217,30.0258,18.2152,20.8174,20.8174,0.5395799676898224,0.0,0.0,0.9208400646203552,1.0
2024-11-20,300736,2.3099133782483072,43.1354,50.3603,30.1948,34.5083,34.5083,0.20739762219286662,0.0,0.0,1.0,1.0
2024-11-20,300771,2.6268115942029047,54.1188,49.7436,60.7804,63.295,61.5193,0.6775693599086142,1.0,1.0,0.6448612801827716,1.0
2024-11-20,300884,1.7367458866544894,23.0204,26.4144,42.1104,38.4163,37.4154,0.6000975078061656,1.0,1.0,0.7998049843876689,1.0
2024-11-20,300885,1.2820512820512997,8.7484,11.2653,24.657,26.9987,24.132,0.7866716687698231,1.0,1.0,0.42665666246035383,1.0
2024-11-20,300948,4.098360655737698,87.1648,78.1736,87.899,89.7318,88.9527,0.5779092702169626,1.0,1.0,0.8441814595660748,1.0
2024-11-20,300961,2.826510721247577,59.2912,56.7399,41.5038,47.433,47.433,0.5346534653465346,0.0,0.0,0.9306930693069309,1.0
2024-11-20,301032,2.019230769230762,32.7586,34.2808,22.931,26.2069,26.2069,0.5963060686015831,0.0,0.0,0.8073878627968338,1.0
2024-11-20,301037,4.339963833634708,91.3474,79.6569,87.1011,93.0779,91.3674,0.6710526315789475,1.0,1.0,0.6578947368421051,1.0
2024-11-20,301066,3.038936372269707,65.166,58.7043,68.7591,72.1328,70.4185,0.6714280068865772,1.0,1.0,0.6571439862268456,1.0
2024-11-20,301098,1.4492753623188248,14.4636,20.5029,37.9886,31.5709,31.0369,0.5533980582524273,1.0,1.0,0.8932038834951455,1.0
2024-11-20,301102,4.602888086642598,95.4342,82.7288,89.5669,96.3474,94.5381,0.680926916221034,1.0,1.0,0.6381461675579321,1.0
2024-11-20,301120,4.665314401622744,96.2005,84.5415,92.5025,96.9604,95.7509,0.6209476309226927,1.0,1.0,0.7581047381546147,1.0
2024-11-20,301126,2.3788546255506526,45.8174,45.6502,32.0722,36.6539,36.6539,0.5501858736059478,0.0,0.0,0.8996282527881043,1.0
2024-11-20,301198,1.57699443413728,18.6143,22.545,38.3371,34.8914,33.7182,0.6173228346456691,1.0,1.0,0.7653543307086619,1.0
2024-11-20,301256,4.1561712846347465,87.8352,77.9509,86.85,90.2682,89.1095,0.6158672320552554,1.0,1.0,0.7682655358894892,1.0
2024-11-20,301355,1.8453427065026506,27.5543,31.924,19.288,22.0434,22.0434,0.5059710364206487,0.0,0.0,0.9880579271587027,1.0
2024-11-20,600689,2.3809523809523947,45.9451,43.6993,32.1616,36.7561,36.7561,0.6528384279475983,0.0,0.0,0.6943231441048034,1.0
2024-11-20,600768,2.335456475583886,43.9655,40.9652,30.7759,35.1724,35.1724,0.7103594080338266,0.0,0.0,0.5792811839323468,1.0
2024-11-20,601133,1.1423550087873435,4.2465,9.6682,25.5145,23.3972,21.5327,0.6864516837994282,1.0,1.0,0.6270966324011435,1.0
2024-11-20,603065,1.5204678362572999,16.954,21.4338,37.609,33.5632,32.4985,0.6064711863177449,1.0,1.0,0.7870576273645102,1.0
2024-11-20,603122,1.939058171745156,30.4278,32.0384,21.2995,24.3423,24.3423,0.6151960784313726,0.0,0.0,0.7696078431372548,1.0
2024-11-20,603216,1.7224880382775254,22.4457,25.7723,41.3435,37.9566,36.8645,0.609212722702505,1.0,1.0,0.7815745545949899,1.0
2024-11-20,603291,4.642857142857149,96.0089,89.4826,97.2063,96.8072,96.8072,0.36622818433478965,1.0,1.0,1.0,1.0
2024-11-20,603790,2.3622047244094446,45.0511,41.5915,52.6371,56.0409,53.8162,0.7224669603524231,1.0,1.0,0.5550660792951538,1.0
2024-11-20,603810,2.3188405797101463,43.5185,39.9158,50.665,54.8148,52.3653,0.7449494949494949,1.0,1.0,0.5101010101010102,1.0
2024-11-20,605169,3.349282296650724,73.0843,62.1945,68.6131,78.4674,75.331,0.8136482939632544,1.0,1.0,0.3727034120734911,1.0
2024-11-20,605303,3.699284009546533,80.0447,68.4738,74.9074,84.0358,81.2548,0.7780979827089339,1.0,1.0,0.44380403458213213,1.0
2024-11-21,000929,2.2194821208384674,41.4739,40.1769,53.0272,53.1791,51.678,0.6501128668171555,1.0,1.0,0.699774266365689,1.0
2024-11-21,001318,1.3157894736842257,10.2115,16.1237,33.0571,28.1692,27.1465,0.6022727272727271,1.0,1.0,0.7954545454545459,1.0
2024-11-21,002144,1.4897579143389184,16.9531,16.4618,27.6659,33.5625,30.0121,0.8550314543074568,1.0,1.0,0.2899370913850865,1.0
2024-11-21,002209,3.0526315789473735,66.3913,55.6393,61.5265,73.113,69.3762,0.8736842105263162,1.0,1.0,0.25263157894736765,1.0
2024-11-21,002826,2.177858439201441,39.7555,36.9603,48.1407,51.8044,49.3823,0.7422037422037423,1.0,1.0,0.5155925155925154,1.0
2024-11-21,002853,2.7081243731193583,57.7991,51.6285,61.2378,66.2393,63.9339,0.7305389221556887,1.0,1.0,0.5389221556886226,1.0
2024-11-21,002910,1.3110846245530272,10.0132,9.6607,20.3096,28.0106,23.8357,0.9174917491749175,1.0,1.0,0.16501650165016502,1.0
2024-11-21,003018,1.9650655021834273,32.0886,29.0596,39.2394,45.6709,42.3652,0.8305647840531563,1.0,1.0,0.3388704318936875,1.0
2024-11-21,300686,1.673640167364021,22.1084,26.3458,15.4759,17.6867,17.6867,0.5670436187399032,0.0,0.0,0.8659127625201937,1.0
2024-11-21,300703,2.897102897102921,62.8883,52.0317,57.4639,70.3106,66.1712,0.9139465875370916,1.0,1.0,0.17210682492581686,1.0
2024-11-21,300771,1.2356575463371655,7.6999,11.4098,25.8896,26.1599,23.7849,0.7375083891563721,1.0,1.0,0.5249832216872559,1.0
2024-11-21,300774,1.2779552715654896,8.8896,13.8496,29.6986,27.1117,25.4807,0.6631042788139029,1.0,1.0,0.6737914423721942,1.0
2024-11-21,300961,2.4644549763033208,50.1322,48.5923,35.0925,40.1058,40.1058,0.5756718528995757,0.0,0.0,0.8486562942008486,1.0
2024-11-21,301066,3.041474654377896,66.1269,58.0424,66.5707,72.9015,70.472,0.7429538829384789,1.0,1.0,0.5140922341230423,1.0
2024-11-21,603161,1.0600706713780772,1.6193,7.7284,23.9995,21.2954,19.5119,0.6783505154639176,1.0,1.0,0.6432989690721649,1.0
2024-11-21,603176,3.3530571992110403,73.4633,61.5429,66.9689,78.7707,75.1568,0.8613861386138617,1.0,1.0,0.2772277227722766,1.0
2024-11-21,603238,2.6501766784452263,55.7171,49.5162,58.887,64.5737,62.045,0.7528735632183912,1.0,1.0,0.4942528735632177,1.0
2024-11-21,603716,2.211874272409764,41.2756,39.3446,51.5411,53.0205,51.1825,0.6837944664031621,1.0,1.0,0.6324110671936758,1.0
2024-11-21,603790,1.5384615384615552,18.2089,18.9283,31.4687,34.5671,31.7477,0.7819383259911894,1.0,1.0,0.4361233480176212,1.0
2024-11-25,000586,3.2734952481520363,71.3395,65.9817,49.9376,57.0716,57.0716,0.5544933078393882,0.0,0.0,0.8910133843212236,1.0
2024-11-25,000668,4.744958481613293,96.6842,86.2034,67.6789,77.3473,77.3473,0.5571955719557194,0.0,0.0,0.8856088560885611,1.0
2024-11-25,000929,2.5423728813559476,52.4294,48.2641,59.3417,61.9435,60.1038,0.6839729119638825,1.0,1.0,0.6320541760722349,1.0
2024-11-25,001322,1.3580246913580396,11.0637,19.0493,7.7446,8.851,8.851,0.49008498583569393,0.0,0.0,1.0,1.0
2024-11-25,002144,3.996194100856343,85.8503,72.9689,78.6725,88.6802,85.8246,0.7855673594964465,1.0,1.0,0.42886528100710697,1.0
2024-11-25,002209,2.2411953041622246,41.5299,38.5199,49.6628,53.2239,50.8719,0.7352024922118374,1.0,1.0,0.5295950155763252,1.0
2024-11-25,002826,3.8009049773755743,82.042,70.6648,77.4918,85.6336,83.1492,0.7484407484407486,1.0,1.0,0.5031185031185028,1.0
2024-11-25,002828,1.9480519480519431,30.5647,32.9997,21.3953,24.4517,24.4517,0.5726027397260273,0.0,0.0,0.8547945205479455,1.0
2024-11-25,002848,2.5236593059936974,51.9041,48.2908,59.8679,61.5233,59.9071,0.661625708884688,1.0,1.0,0.6767485822306241,1.0
2024-11-25,002887,1.237964236588729,7.3867,13.2058,5.1707,5.9094,5.9094,0.6351791530944625,0.0,0.0,0.729641693811075,1.0
2024-11-25,002900,2.2482893450635366,41.7925,43.6956,29.2548,33.434,33.434,0.4869215291750505,0.0,0.0,1.0,1.0
2024-11-25,002910,4.074074074074074,87.065,73.3241,78.2898,89.652,86.4881,0.8163934426229507,1.0,1.0,0.3672131147540987,1.0
2024-11-25,002921,2.859618717504331,60.8995,56.4616,68.1135,68.7196,67.5906,0.6129032258064513,1.0,1.0,0.7741935483870974,1.0
2024-11-25,300371,2.2637795275590733,42.1865,41.1766,54.3853,53.7492,52.4629,0.6286307053941911,1.0,1.0,0.7427385892116178,1.0
2024-11-25,300517,2.6200873362445476,54.4977,56.0711,38.1484,43.5982,43.5982,0.3763543059088474,0.0,0.0,1.0,1.0
2024-11-25,300539,1.2690355329949332,8.4373,15.7498,5.9061,6.7498,6.7498,0.55,0.0,0.0,0.8999999999999999,1.0
2024-11-25,300610,1.9569471624266033,30.7617,31.3907,45.0958,44.6093,43.0,0.6609336609336609,1.0,1.0,0.6781326781326782,1.0
2024-11-25,300611,3.6786060019361244,79.5469,70.8997,55.6829,63.6376,63.6376,0.6368932038834951,0.0,0.0,0.7262135922330097,1.0
2024-11-25,300615,2.227934875749771,41.0046,44.0399,28.7032,32.8037,32.8037,0.43818849449204383,0.0,0.0,1.0,1.0
2024-11-25,300626,4.066736183524511,86.7695,77.5369,60.7387,69.4156,69.4156,0.5939346012950039,0.0,0.0,0.8121307974099923,1.0
2024-11-25,300635,3.318385650224198,72.193,64.4619,73.9501,77.7544,76.1082,0.6646248085758041,1.0,1.0,0.6707503828483918,1.0
2024-11-25,300665,4.103343465045595,87.4918,76.7031,61.2443,69.9934,69.9934,0.6645161290322581,0.0,0.0,0.6709677419354838,1.0
2024-11-25,300686,1.0729613733905463,2.0026,11.0367,1.4018,1.6021,1.6021,0.5282714054927302,0.0,0.0,0.9434571890145396,1.0
2024-11-25,300749,2.8831562974203306,61.6218,56.2232,66.9868,69.2974,67.7603,0.6537102473498232,1.0,1.0,0.6925795053003536,1.0
2024-11-25,300771,2.5362318840579823,52.3309,48.3134,36.6316,41.8647,41.8647,0.6775693599086142,0.0,0.0,0.6448612801827716,1.0
2024-11-25,300961,4.506232023010548,94.3204,84.2824,66.0243,75.4563,75.4563,0.5586987270155586,0.0,0.0,0.8826025459688829,1.0
2024-11-25,300978,2.1739130434782705,38.5095,39.7785,26.9567,30.8076,30.8076,0.5514563106796115,0.0,0.0,0.8970873786407769,1.0
2024-11-25,301032,3.861386138613865,82.7643,75.0769,57.935,66.2114,66.2114,0.5567282321899735,0.0,0.0,0.8865435356200531,1.0
2024-11-25,301037,4.820333041191938,97.5378,83.642,89.5001,98.0302,95.8361,0.7194092827004219,1.0,1.0,0.5611814345991561,1.0
2024-11-25,301098,2.178899082568808,38.7722,41.1634,27.1405,31.0177,31.0177,0.4927184466019418,0.0,0.0,1.0,1.0
2024-11-25,301102,3.587443946188329,77.3802,68.036,76.4299,81.9041,79.9701,0.6934046345811054,1.0,1.0,0.6131907308377893,1.0
2024-11-25,301116,3.5996488147497896,77.9054,72.6582,54.5338,62.3244,62.3244,0.4833066494244826,0.0,0.0,1.0,1.0
2024-11-25,301120,4.825462012320325,97.7347,86.3673,94.7734,98.1878,97.2776,0.5910224438902743,1.0,1.0,0.8179551122194515,1.0
2024-11-25,301126,2.4977698483496846,50.7223,50.0945,35.5056,40.5778,40.5778,0.5241635687732343,0.0,0.0,0.9516728624535313,1.0
2024-11-25,301198,3.404669260700399,74.1628,68.5586,51.914,59.3303,59.3303,0.5385826771653541,0.0,0.0,0.9228346456692917,1.0
2024-11-25,301256,1.383647798742138,12.1142,17.3215,8.48,9.6914,9.6914,0.6184942359877423,0.0,0.0,0.7630115280245153,1.0
2024-11-25,301355,2.3642732049036663,45.6664,46.2419,31.9665,36.5332,36.5332,0.5145628444828984,0.0,0.0,0.9708743110342033,1.0
2024-11-25,600272,2.3725834797891032,45.9291,46.7977,32.1504,36.7433,36.7433,0.4972799820581646,0.0,0.0,1.0,1.0
2024-11-25,600768,3.3333333333333215,72.5213,64.3173,50.7649,58.0171,58.0171,0.684989429175476,0.0,0.0,0.630021141649048,1.0
2024-11-25,601083,1.3598326359832713,11.1293,17.8768,7.7905,8.9035,8.9035,0.551332739142619,0.0,0.0,0.8973345217147619,1.0
2024-11-25,603216,2.6264591439688845,54.5962,52.4842,65.8319,63.677,63.0806,0.5596352322990917,1.0,1.0,0.8807295354018165,1.0
2024-11-25,605155,4.192229038854811,88.6737,77.1342,84.4621,90.9389,89.0366,0.6902356902356899,1.0,1.0,0.6195286195286203,1.0
2024-11-25,605169,2.198852772466542,39.954,35.6378,45.3169,51.9632,48.8005,0.8162729658792655,1.0,1.0,0.3674540682414691,1.0
2024-11-27,000586,2.9682702149437246,63.8244,58.8224,70.2029,71.0595,69.941,0.6118546845124281,1.0,1.0,0.7762906309751438,1.0
2024-11-27,001318,1.298701298701288,9.9782,15.0849,31.1893,27.9826,26.5337,0.6448863636363636,1.0,1.0,0.7102272727272727,1.0
2024-11-27,001331,1.0126582278481289,0.3266,2.4556,14.6173,20.2612,16.3584,0.890282131661442,1.0,1.0,0.21943573667711602,1.0
2024-11-27,002209,3.1914893617021045,69.4848,60.6968,68.8574,75.5878,73.1423,0.7445482866043613,1.0,1.0,0.5109034267912773,1.0
2024-11-27,002848,1.2295081967213184,7.4383,11.773,26.8514,25.9507,23.8618,0.7088846880907371,1.0,1.0,0.5822306238185257,1.0
2024-11-27,002900,2.455146364494798,49.4557,48.3775,34.619,39.5646,39.5646,0.5593561368209257,0.0,0.0,0.8812877263581487,1.0
2024-11-27,300371,2.046783625731008,34.3614,34.5016,48.0779,47.4891,45.9953,0.649377593360996,1.0,1.0,0.701244813278008,1.0
2024-11-27,300437,3.085299455535395,66.6546,62.5162,75.0433,73.3237,72.9199,0.5403726708074533,1.0,1.0,0.9192546583850933,1.0
2024-11-27,300539,1.2100259291270454,6.4949,14.7641,4.5464,5.1959,5.1959,0.5215909090909092,0.0,0.0,0.9568181818181816,1.0
2024-11-27,300611,1.4191106906338735,13.7518,17.3315,9.6263,11.0015,11.0015,0.6834951456310681,0.0,0.0,0.6330097087378639,1.0
2024-11-27,300626,1.642710472279263,21.0087,24.372,14.7061,16.807,16.807,0.621747299836442,0.0,0.0,0.7565054003271161,1.0
2024-11-27,300686,2.1762785636561643,39.0058,41.0592,27.3041,31.2046,31.2046,0.5072697899838449,0.0,0.0,0.9854604200323103,1.0
2024-11-27,300771,1.5165031222123204,17.6705,19.8823,33.8611,34.1364,32.0094,0.7127060322262655,1.0,1.0,0.574587935547469,1.0
2024-11-27,300871,3.771929824561404,81.4586,71.4978,79.6829,85.1669,83.3324,0.6834532374100719,1.0,1.0,0.6330935251798562,1.0
2024-11-27,300884,1.85185185185186,28.3745,29.3756,43.2142,42.6996,41.0376,0.6661970932927498,1.0,1.0,0.6676058134145004,1.0
2024-11-27,300978,1.4731369150779994,16.3643,21.907,11.455,13.0914,13.0914,0.5592233009708735,0.0,0.0,0.8815533980582531,1.0
2024-11-27,301056,3.524229074889873,75.6531,66.5669,75.0461,80.5225,78.5447,0.6977777777777778,1.0,1.0,0.6044444444444443,1.0
2024-11-27,301102,3.220035778175312,69.9202,61.9611,70.994,75.9361,73.9486,0.6987522281639927,1.0,1.0,0.6024955436720145,1.0
2024-11-27,301120,1.6145307769929174,20.1379,23.442,38.7599,36.1103,34.7761,0.6334164588528678,1.0,1.0,0.7331670822942644,1.0
2024-11-27,603137,2.3679417122040025,46.1176,44.4526,57.3994,56.894,55.6733,0.6220735785953181,1.0,1.0,0.7558528428093638,1.0
2024-11-27,603291,4.503676470588225,94.0856,87.532,95.8599,95.2685,95.2685,0.3868235255737898,1.0,1.0,1.0,1.0
2024-11-28,000668,1.8099547511312153,27.3873,29.253,19.1711,21.9099,21.9099,0.6328413284132841,0.0,0.0,0.7343173431734318,1.0
2024-11-28,000929,1.4527845036319764,16.1574,19.2464,33.9512,32.9259,31.0862,0.6839729119638825,1.0,1.0,0.6320541760722349,1.0
2024-11-28,001318,1.3675213675213627,12.4141,16.1812,31.1898,29.9312,28.0562,0.6874999999999993,1.0,1.0,0.6250000000000013,1.0
2024-11-28,002144,2.42763772175536,48.7013,42.0416,50.2521,58.961,55.5013,0.8459709202016729,1.0,1.0,0.3080581595966543,1.0
2024-11-28,002205,2.5142857142857133,51.5279,47.2315,36.0695,41.2223,41.2223,0.6995412844036696,0.0,0.0,0.6009174311926608,1.0
2024-11-28,002209,3.402061855670091,73.9114,62.369,68.2177,79.1291,75.749,0.8380062305295946,1.0,1.0,0.3239875389408109,1.0
2024-11-28,002887,2.57452574525745,53.5141,49.3911,60.6195,62.8113,61.1012,0.6710097719869706,1.0,1.0,0.6579804560260587,1.0
2024-11-28,002910,1.4150943396226356,14.3239,12.8228,22.754,31.4591,27.1409,0.9318181818181821,1.0,1.0,0.1363636363636358,1.0
2024-11-28,300313,2.2935779816513735,43.8885,46.5973,30.7219,35.1108,35.1108,0.4256756756756756,0.0,0.0,1.0,1.0
2024-11-28,300371,1.8147086914995114,27.6929,28.2954,41.6672,42.1543,40.2249,0.6929460580912867,1.0,1.0,0.6141078838174265,1.0
2024-11-28,300614,1.7025089605734678,23.644,25.3985,39.5174,38.9152,37.1569,0.6758349705304518,1.0,1.0,0.6483300589390963,1.0
2024-11-28,300635,1.4184397163120588,14.4003,17.8296,32.6989,31.5202,29.6749,0.6845329249617151,1.0,1.0,0.6309341500765697,1.0
2024-11-28,300665,1.5873015873015817,20.3591,20.7389,33.1546,36.2872,33.513,0.7774193548387096,1.0,1.0,0.4451612903225808,1.0
2024-11-28,300749,1.304347826086949,10.3514,13.0161,26.716,28.2811,25.6486,0.7632508833922261,1.0,1.0,0.47349823321554774,1.0
2024-11-28,300771,3.3391915641476144,72.3835,62.9499,70.7547,77.9068,75.4284,0.7478427045439167,1.0,1.0,0.5043145909121667,1.0
2024-11-28,300961,1.6965127238454336,23.4912,27.1098,43.0775,38.793,37.9514,0.584158415841584,1.0,1.0,0.831683168316832,1.0
2024-11-28,301009,1.9210245464247766,31.0542,33.0189,48.089,44.8434,43.9312,0.5912240184757503,1.0,1.0,0.8175519630484993,1.0
2024-11-28,301081,4.231625835189301,88.6555,75.1632,80.5364,90.9244,88.0438,0.7880597014925375,1.0,1.0,0.4238805970149251,1.0
2024-11-28,301125,1.2367491166077826,7.9068,10.793,24.4699,26.3254,23.5592,0.7766212915362197,1.0,1.0,0.44675741692756055,1.0
2024-11-28,301126,2.753872633390708,58.4034,54.7153,40.8824,46.7227,46.7227,0.6003717472118958,0.0,0.0,0.7992565055762084,1.0
2024-11-28,301256,1.6476552598225558,22.0397,25.5771,15.4278,17.6318,17.6318,0.6027322123928203,0.0,0.0,0.7945355752143595,1.0
2024-11-28,600689,3.0243902439024417,64.3621,56.7567,65.5875,71.4897,69.1232,0.7366482504604052,1.0,1.0,0.5267034990791897,1.0
2024-11-28,600768,2.4390243902439046,48.8923,44.8644,34.2246,39.1138,39.1138,0.7124735729386893,0.0,0.0,0.5750528541226214,1.0
2024-11-28,600847,2.471678681771361,50.1528,45.6716,35.107,40.1222,40.1222,0.7225325884543764,0.0,0.0,0.5549348230912472,1.0
2024-11-28,603041,2.8003613369467217,59.2437,51.9291,60.5389,67.395,64.662,0.7732919254658384,1.0,1.0,0.4534161490683233,1.0
2024-11-28,603122,2.0408163265306145,35.1031,35.1413,24.5722,28.0825,28.0825,0.6470588235294118,0.0,0.0,0.7058823529411764,1.0
2024-11-28,603137,2.0462633451957313,35.4087,34.1464,46.4249,48.327,46.2367,0.7090301003344485,1.0,1.0,0.5819397993311031,1.0
2024-11-28,603161,1.8245004344048743,28.304,28.2927,41.1118,42.6432,40.468,0.7175257731958762,1.0,1.0,0.5649484536082476,1.0
2024-11-28,603291,2.462620932277937,49.618,49.9835,64.7326,59.6944,59.6944,0.48554411282960036,1.0,1.0,1.0,1.0
2024-11-28,603559,4.985888993414855,99.5798,87.2267,69.7059,79.6639,79.6639,0.6218560277536861,0.0,0.0,0.7562879444926278,1.0
2024-11-28,605155,1.0880316518298905,2.712,6.1427,19.8445,22.1696,19.1561,0.8013468013468014,1.0,1.0,0.3973063973063973,1.0
2024-11-29,000668,1.4444444444444482,17.3445,20.6284,12.1411,13.8756,13.8756,0.6623616236162362,0.0,0.0,0.6752767527675276,1.0
2024-11-29,002144,3.281677301731989,75.7177,62.0843,66.0226,80.5742,76.3292,0.9244955491184671,1.0,1.0,0.1510089017630658,1.0
2024-11-29,002205,1.0033444816053505,0.1196,5.0957,20.0837,20.0957,17.5957,0.75,1.0,1.0,0.5,1.0
2024-11-29,002209,2.7916251246261403,63.437,51.9334,56.7735,70.7496,66.3415,0.9408099688473512,1.0,1.0,0.11838006230529752,1.0
2024-11-29,002809,1.3698630136986356,14.3939,12.9655,22.9765,31.5152,27.2403,0.9274809160305346,1.0,1.0,0.14503816793893076,1.0
2024-11-29,002853,1.1616650532429773,5.3828,8.2583,21.6721,24.3062,21.2823,0.8023952095808383,1.0,1.0,0.39520958083832336,1.0
2024-11-29,002871,2.114803625377659,41.2679,36.35,45.5588,53.0144,49.6822,0.8332199129052975,1.0,1.0,0.333560174189405,1.0
2024-11-29,002910,2.4418604651162967,53.2695,43.2,48.4575,62.6156,57.9078,0.9707792207792209,1.0,1.0,0.058441558441558294,1.0
2024-11-29,003003,1.4000000000000012,15.3509,12.9197,22.0236,32.2807,27.6002,0.9680511182108629,1.0,1.0,0.06389776357827426,1.0
2024-11-29,300371,1.31332082551594,12.1611,15.0816,29.2182,29.7289,27.4052,0.7323651452282159,1.0,1.0,0.5352697095435681,1.0
2024-11-29,300517,1.166489925768821,5.7018,15.73,3.9912,4.5614,4.5614,0.4415698843739092,0.0,0.0,1.0,1.0
2024-11-29,300539,3.642671292281019,82.4163,75.5921,57.6914,65.933,65.933,0.5170454545454545,0.0,0.0,0.965909090909091,1.0
2024-11-29,300610,1.2487992315081575,9.2105,13.2161,28.1427,27.3684,25.2923,0.7076167076167076,1.0,1.0,0.5847665847665848,1.0
2024-11-29,300611,1.9571295433364222,35.5263,34.1298,46.2859,48.4211,46.2754,0.7145631067961168,1.0,1.0,0.5708737864077664,1.0
2024-11-29,300626,2.8169014084507227,63.8357,57.892,68.3318,71.0686,69.4803,0.6588308978916927,1.0,1.0,0.6823382042166146,1.0
2024-11-29,300665,1.1363636363636465,4.1069,7.0274,20.3587,23.2855,20.1565,0.8129032258064516,1.0,1.0,0.37419354838709684,1.0
2024-11-29,300686,1.4989293361884481,20.2153,25.5422,14.1507,16.1722,16.1722,0.531502423263328,0.0,0.0,0.9369951534733441,1.0
2024-11-29,300749,1.2875536480686733,10.925,12.839,25.8454,28.74,25.7895,0.7950530035335689,1.0,1.0,0.4098939929328622,1.0
2024-11-29,300884,1.3215859030837107,12.5997,16.7228,32.1058,30.0797,28.4012,0.6678495829299144,1.0,1.0,0.6643008341401713,1.0
2024-11-29,300978,1.6421780466724156,24.5215,28.3163,17.1651,19.6172,19.6172,0.5650485436893203,0.0,0.0,0.8699029126213593,1.0
2024-11-29,301037,1.504424778761071,20.5343,22.5034,36.5259,36.4274,34.4654,0.6962025316455698,1.0,1.0,0.6075949367088604,1.0
2024-11-29,301098,1.2141280353200834,7.6156,14.5876,32.3212,26.0925,25.3401,0.5752427184466019,1.0,1.0,0.8495145631067962,1.0
2024-11-29,301102,3.10008857395927,71.6507,62.9534,71.4211,77.3206,75.137,0.7183600713012477,1.0,1.0,0.5632798573975046,1.0
2024-11-29,301120,1.501501501501501,20.2951,23.1687,38.0719,36.236,34.7024,0.653366583541147,1.0,1.0,0.6932668329177061,1.0
2024-11-29,301125,1.3089005235601858,11.7624,13.2761,25.966,29.4099,26.343,0.8066915022909596,1.0,1.0,0.3866169954180807,1.0
2024-11-29,301198,1.03969754253308,0.9968,9.0809,0.6978,0.7974,0.7974,0.5858267716535432,0.0,0.0,0.8283464566929135,1.0
2024-11-29,600768,1.449275362318847,17.7033,18.9407,31.9484,34.1627,31.5517,0.7610993657505286,1.0,1.0,0.4778012684989428,1.0
2024-11-29,603137,1.5693112467306092,22.1691,22.0162,34.0802,37.7352,34.8757,0.7859531772575254,1.0,1.0,0.4280936454849491,1.0
2024-11-29,603176,2.7504911591355707,62.7193,53.8791,61.3109,70.1754,67.0273,0.8148148148148147,1.0,1.0,0.3703703703703707,1.0
2024-11-29,603216,1.2950971322849059,11.2839,14.7431,29.3307,29.0271,26.8851,0.7142003494391461,1.0,1.0,0.5715993011217078,1.0
2024-11-29,603506,1.5991471215351716,23.0861,23.5109,36.2443,38.4689,35.9899,0.7478991596638659,1.0,1.0,0.5042016806722682,1.0
2024-11-29,603709,2.0335985853227045,38.3174,35.3238,46.1619,50.6539,47.9889,0.7665056360708921,1.0,1.0,0.4669887278582159,1.0
2024-11-29,603810,1.7224880382775254,26.9537,26.159,38.0595,41.563,38.861,0.7702020202020201,1.0,1.0,0.4595959595959598,1.0
2024-11-29,605155,1.1741682974559575,5.941,7.9851,20.6233,24.7528,21.369,0.8383838383838388,1.0,1.0,0.3232323232323224,1.0
2024-12-02,000586,4.212637913741224,90.8218,79.6555,63.5753,72.6575,72.6575,0.6500956022944551,0.0,0.0,0.6998087954110899,1.0
2024-12-02,002205,2.759381898454749,63.1336,55.0941,63.3679,70.5069,67.8005,0.7706422018348624,1.0,1.0,0.45871559633027514,1.0
2024-12-02,002828,2.347918890074707,49.7312,47.6206,34.8118,39.7849,39.7849,0.6082191780821914,0.0,0.0,0.7835616438356172,1.0
2024-12-02,002887,1.5810276679841806,22.8495,23.4913,36.4181,38.2796,35.8854,0.7394136807817591,1.0,1.0,0.5211726384364819,1.0
2024-12-02,002900,2.2058823529411686,44.8925,43.5599,56.7165,55.914,54.7369,0.6177062374245476,1.0,1.0,0.7645875251509049,1.0
2024-12-02,002910,2.951191827468791,67.8571,55.3508,59.6302,74.2857,69.8183,0.9467455621301776,1.0,1.0,0.10650887573964485,1.0
2024-12-02,002972,1.0185185185185075,0.7296,6.0506,0.5108,0.5837,0.5837,0.7266561759090617,0.0,0.0,0.5466876481818765,1.0
2024-12-02,002973,1.6048144433299827,23.5023,28.3671,16.4516,18.8018,18.8018,0.5217391304347828,0.0,0.0,0.9565217391304344,1.0
2024-12-02,003018,2.69709543568466,60.7143,49.0943,53.5458,68.5714,63.8329,0.9738562091503264,1.0,1.0,0.05228758169934711,1.0
2024-12-02,300313,1.6516516516516422,25.1536,30.7986,17.6075,20.1229,20.1229,0.4662162162162162,0.0,0.0,1.0,1.0
2024-12-02,300371,2.777777777777768,63.4025,55.4938,63.9253,70.722,68.1079,0.7614107883817429,1.0,1.0,0.47717842323651416,1.0
2024-12-02,300517,3.2494758909853427,75.3072,70.883,82.7151,80.2458,80.2458,0.4681391941189343,1.0,1.0,1.0,1.0
2024-12-02,300610,1.4231499051233332,16.5515,18.45,32.0037,33.2412,30.8456,0.7395577395577392,1.0,1.0,0.5208845208845216,1.0
2024-12-02,300611,2.742230347349195,62.6344,55.0007,63.6305,70.1075,67.5541,0.7553398058252426,1.0,1.0,0.48932038834951475,1.0
2024-12-02,300614,2.589285714285716,58.1029,52.8085,63.3243,66.4823,64.6454,0.6836935166994104,1.0,1.0,0.6326129666011793,1.0
2024-12-02,300626,3.228962818003911,74.7696,65.6007,73.9088,79.8157,77.7082,0.710747935169044,1.0,1.0,0.578504129661912,1.0
2024-12-02,300635,1.9332161687170446,34.9078,33.9293,46.4416,47.9263,45.9278,0.6998468606431855,1.0,1.0,0.6003062787136291,1.0
2024-12-02,300665,3.08988764044944,71.3902,60.3379,66.4247,77.1121,73.725,0.8387096774193549,1.0,1.0,0.32258064516129026,1.0
2024-12-02,300749,1.1299435028248705,4.3395,6.9345,19.9634,23.4716,20.203,0.8268551236749115,1.0,1.0,0.3462897526501769,1.0
2024-12-02,300771,1.9624573378839605,36.0599,32.4856,42.5173,48.8479,45.6668,0.8181160491792187,1.0,1.0,0.3637679016415627,1.0
2024-12-02,300774,2.1621621621621623,42.7035,41.4277,54.4223,54.1628,52.7953,0.6367548927993478,1.0,1.0,0.7264902144013043,1.0
2024-12-02,300884,2.086956521739136,40.8602,38.8354,50.8967,52.6882,50.7618,0.6926369274873835,1.0,1.0,0.614726145025233,1.0
2024-12-02,300929,2.7411167512690238,62.5576,55.0801,63.8583,70.0461,67.5631,0.748299319727891,1.0,1.0,0.503401360544218,1.0
2024-12-02,300978,1.7857142857142794,29.4163,31.4942,20.5914,23.533,23.533,0.6019417475728154,0.0,0.0,0.7961165048543692,1.0
2024-12-02,301009,3.649635036496357,82.7573,73.3652,82.2488,86.2058,84.7855,0.6420323325635103,1.0,1.0,0.7159353348729793,1.0
2024-12-02,301037,3.4001743679162866,78.6866,68.308,75.7979,82.9493,80.6286,0.7320675105485233,1.0,1.0,0.5358649789029535,1.0
2024-12-02,301056,2.9787234042553123,68.5484,59.4609,67.2283,74.8387,72.1498,0.7688888888888888,1.0,1.0,0.4622222222222223,1.0
2024-12-02,301081,1.1777301927194728,6.4516,7.2508,18.6952,25.1613,21.2061,0.8955223880597012,1.0,1.0,0.20895522388059762,1.0
2024-12-02,301120,1.0848126232741562,3.2642,8.7959,24.654,22.6114,20.7036,0.6907730673316709,1.0,1.0,0.6184538653366582,1.0
2024-12-02,301125,1.033591731266159,1.1905,4.1742,17.2769,20.9524,17.5633,0.8389095852424661,1.0,1.0,0.3221808295150679,1.0
2024-12-02,301198,2.1515434985968307,42.2811,41.7619,29.5968,33.8249,33.8249,0.6031496062992124,0.0,0.0,0.7937007874015751,1.0
2024-12-02,301256,2.109181141439209,41.3594,40.1397,28.9516,33.0876,33.0876,0.6473912792450994,0.0,0.0,0.7052174415098011,1.0
2024-12-02,301265,4.943357363542722,98.9631,86.0915,93.1162,99.1705,97.631,0.6539509536784743,1.0,1.0,0.6920980926430513,1.0
2024-12-02,600689,2.7831094049904026,63.6329,55.5472,63.8248,70.9063,68.2267,0.7679558011049724,1.0,1.0,0.4640883977900552,1.0
2024-12-02,600768,3.1632653061224314,73.6943,63.1415,69.9581,78.9555,76.0485,0.7906976744186051,1.0,1.0,0.4186046511627899,1.0
2024-12-02,600847,3.79241516966069,85.5223,72.8126,59.8656,68.4178,68.4178,0.7802607076350093,0.0,0.0,0.43947858472998136,1.0
2024-12-02,601083,1.0384215991692702,1.2673,9.455,0.8871,1.0138,1.0138,0.5779418150238111,0.0,0.0,0.8441163699523777,1.0
2024-12-02,603041,1.5775635407537125,22.6959,20.8478,31.2694,38.1567,34.5022,0.8654434250764532,1.0,1.0,0.26911314984709356,1.0
2024-12-02,603065,1.3937282229965264,15.169,17.1538,30.6556,32.1352,29.6445,0.7490668159761209,1.0,1.0,0.5018663680477582,1.0
2024-12-02,603122,4.111405835543769,89.7465,77.9247,85.0775,91.7972,89.861,0.6936274509803924,1.0,1.0,0.6127450980392153,1.0
2024-12-02,603137,1.716738197424883,26.9969,24.6745,35.0517,41.5975,38.136,0.8461538461538465,1.0,1.0,0.30769230769230704,1.0
2024-12-02,603161,1.0318142734307756,0.9601,5.9227,20.9813,20.768,18.3454,0.7422680412371134,1.0,1.0,0.5154639175257731,1.0
2024-12-02,603176,4.780114722753348,97.6575,80.5334,83.175,98.126,94.3297,0.8796296296296298,1.0,1.0,0.24074074074074048,1.0
2024-12-02,603291,3.5650623885918,81.1444,75.809,86.8011,84.9155,84.9155,0.45532352489414807,1.0,1.0,1.0,1.0
2024-12-02,603709,1.8197573656845822,31.2212,28.6592,39.2193,44.977,41.8181,0.8158883521202769,1.0,1.0,0.36822329575944623,1.0
2024-12-02,603716,2.7180067950169917,61.8664,56.1115,66.5433,69.4931,67.8023,0.6690777576853526,1.0,1.0,0.6618444846292948,1.0
2024-12-02,605069,2.3153252480705433,48.6559,45.8312,57.8721,58.9247,57.378,0.6546762589928058,1.0,1.0,0.6906474820143884,1.0
2024-12-02,605122,1.0273972602739878,0.8833,8.729,0.6183,0.7066,0.7066,0.5988805970149252,0.0,0.0,0.8022388059701495,1.0
2024-12-02,605169,1.225259189443939,8.7174,9.861,21.8764,26.9739,23.4175,0.8556430446194225,1.0,1.0,0.28871391076115493,1.0
2024-12-03,000586,1.443695861405181,18.5257,20.2126,12.968,14.8206,14.8206,0.7304015296367112,0.0,0.0,0.5391969407265775,1.0
2024-12-03,002871,1.4778325123152802,20.6318,18.5068,28.445,36.5055,32.5061,0.8999319477431786,1.0,1.0,0.20013610451364272,1.0
2024-12-03,002973,1.6781836130306038,27.1451,30.6188,19.0016,21.7161,21.7161,0.554865424430642,0.0,0.0,0.890269151138716,1.0
2024-12-03,003018,2.020202020202011,39.7036,32.2448,38.7564,51.7629,47.0038,0.9759036144578315,1.0,1.0,0.04819277108433706,1.0
2024-12-03,300243,3.339350180505418,78.9002,72.2645,55.2301,63.1201,63.1201,0.5427807486631017,0.0,0.0,0.9144385026737967,1.0
2024-12-03,300313,1.0339734121122657,1.3651,11.0245,0.9555,1.092,1.092,0.5033783783783782,0.0,0.0,0.9932432432432436,1.0
2024-12-03,300611,3.736654804270456,85.7644,72.3397,77.4914,88.6115,85.4756,0.8135922330097088,1.0,1.0,0.3728155339805823,1.0
2024-12-03,300621,3.0088495575221197,70.3978,66.3183,49.2785,56.3183,56.3183,0.5000000000000001,0.0,0.0,0.9999999999999998,1.0
2024-12-03,300665,1.2261580381471404,9.3214,9.2635,20.1379,27.4571,23.3603,0.9096774193548386,1.0,1.0,0.18064516129032282,1.0
2024-12-03,300749,1.9553072625698276,36.8955,32.4139,41.6219,49.5164,45.9651,0.8551236749116607,1.0,1.0,0.2897526501766785,1.0
2024-12-03,300774,2.3280423280423346,50.741,47.1049,58.5428,60.5928,58.8489,0.6743968728201407,1.0,1.0,0.6512062543597186,1.0
2024-12-03,300948,1.1274934952298477,4.6802,10.0163,25.8205,23.7441,21.8802,0.6863905325443787,1.0,1.0,0.6272189349112427,1.0
2024-12-03,300961,1.399253731343264,16.3417,21.079,37.4505,33.0733,32.0762,0.5997171145685998,1.0,1.0,0.8005657708628005,1.0
2024-12-03,301009,1.4084507042253502,16.7317,18.9281,32.7976,33.3853,31.1567,0.7228637413394917,1.0,1.0,0.5542725173210166,1.0
2024-12-03,301098,2.711496746203901,62.9095,58.0461,69.4736,70.3276,69.1868,0.6140776699029127,1.0,1.0,0.7718446601941746,1.0
2024-12-03,301125,1.278772378516635,11.3885,11.8171,23.3846,29.1108,25.4639,0.8646840516036716,1.0,1.0,0.27063189679265687,1.0
2024-12-03,600689,1.1204481792717047,4.4072,7.0985,20.2305,23.5257,20.3121,0.821362799263352,1.0,1.0,0.35727440147329603,1.0
2024-12-03,603122,1.0191082802547768,0.819,5.2631,19.789,20.6552,17.9591,0.7696078431372549,1.0,1.0,0.4607843137254901,1.0
2024-12-03,603559,3.7104072398190135,85.6084,75.3211,59.9259,68.4867,68.4867,0.6582827406764961,0.0,0.0,0.6834345186470079,1.0
2024-12-03,605169,1.1173184357541777,4.2122,5.5745,17.358,23.3697,19.4721,0.8897637795275595,1.0,1.0,0.22047244094488105,1.0
2024-12-05,000929,1.5204678362572999,22.0096,22.6189,35.4293,37.6077,35.1133,0.7494356659142213,1.0,1.0,0.5011286681715574,1.0
2024-12-05,002205,2.0540540540540553,41.4274,36.8575,46.4304,53.1419,49.9997,0.8142201834862385,1.0,1.0,0.37155963302752304,1.0
2024-12-05,002809,1.7045454545454364,28.11,23.8465,32.394,42.488,38.1673,0.9320754716981133,1.0,1.0,0.13584905660377333,1.0
2024-12-05,002861,2.8350515463917425,66.4673,61.6971,46.5271,53.1738,53.1738,0.5738396624472576,0.0,0.0,0.8523206751054848,1.0
2024-12-05,002900,1.846722068328721,34.0112,35.056,49.502,47.2089,46.1325,0.6076458752515091,1.0,1.0,0.7847082494969817,1.0
2024-12-05,002910,1.2141280353200834,8.453,7.2156,16.8236,26.7624,21.989,0.9773371104815863,1.0,1.0,0.04532577903682733,1.0
2024-12-05,002973,2.689243027888466,62.0813,58.9404,43.4569,49.6651,49.6651,0.5362318840579708,0.0,0.0,0.9275362318840583,1.0
2024-12-05,003018,2.0325203252032464,40.1515,36.7589,47.3814,52.1212,49.4401,0.768115942028985,1.0,1.0,0.46376811594202993,1.0
2024-12-05,300243,2.2935779816513735,49.6013,49.3067,34.7209,39.681,39.681,0.518716577540107,0.0,0.0,0.962566844919786,1.0
2024-12-05,300371,1.2081784386617223,8.0144,11.3492,25.4856,26.4115,23.8804,0.753112033195021,1.0,1.0,0.4937759336099581,1.0
2024-12-05,300437,1.5789473684210575,24.0431,27.2469,42.855,39.2344,38.2407,0.5993788819875776,1.0,1.0,0.8012422360248448,1.0
2024-12-05,300478,2.383134738771764,52.9904,47.7702,57.849,62.3923,60.0813,0.7311072056239016,1.0,1.0,0.5377855887521967,1.0
2024-12-05,300614,1.504424778761071,21.6108,23.2219,36.994,37.2887,35.2553,0.7033398821218075,1.0,1.0,0.5933202357563849,1.0
2024-12-05,300626,2.717391304347827,63.5167,56.1744,65.1836,70.8134,68.4939,0.7319520599377477,1.0,1.0,0.5360958801245046,1.0
2024-12-05,300665,1.7931034482758568,31.4593,27.5546,36.7957,45.1675,41.361,0.8806451612903226,1.0,1.0,0.2387096774193549,1.0
2024-12-05,300686,1.0235414534288667,0.9171,8.7143,0.6419,0.7337,0.7337,0.6009693053311792,0.0,0.0,0.7980613893376416,1.0
2024-12-05,300736,1.5111111111111075,21.7305,32.1004,45.2113,37.3844,37.3844,0.2642007926023778,1.0,1.0,1.0,1.0
2024-12-05,300885,1.5280135823429797,22.2887,21.9949,33.9299,37.8309,34.9129,0.7918032786885244,1.0,1.0,0.4163934426229512,1.0
2024-12-05,301032,1.2252591894439169,9.2903,14.952,6.5032,7.4322,7.4322,0.6240105540897096,0.0,0.0,0.7519788918205808,1.0
2024-12-05,301120,2.2727272727272707,48.7241,45.2636,56.6754,58.9793,57.1214,0.6857855361596007,1.0,1.0,0.6284289276807986,1.0
2024-12-05,301125,1.8755328218243772,34.8884,30.7358,40.0721,47.9107,44.3232,0.858744394618834,1.0,1.0,0.282511210762332,1.0
2024-12-05,301256,1.026225769669331,1.0766,6.0429,21.1168,20.8612,18.4521,0.7409188064635693,1.0,1.0,0.5181623870728613,1.0
2024-12-05,601083,1.7763845350052154,30.3828,33.2035,21.2679,24.3062,24.3062,0.5551340356970754,0.0,0.0,0.8897319286058492,1.0
2024-12-05,603559,3.60685302073942,83.6124,73.6549,58.5287,66.89,66.89,0.6617519514310494,0.0,0.0,0.6764960971379013,1.0
2024-12-05,603709,3.8053097345132736,87.2807,73.6427,78.7329,89.8246,86.7337,0.8090909090909092,1.0,1.0,0.3818181818181816,1.0
2024-12-05,603810,2.865329512893977,67.5837,58.5619,66.2985,74.067,71.3145,0.7752525252525255,1.0,1.0,0.44949494949494895,1.0
2024-12-05,605069,2.3945267958951133,53.3892,50.6969,63.3436,62.7113,61.7041,0.6007194244604316,1.0,1.0,0.7985611510791368,1.0
2024-12-06,000929,4.608294930875578,96.9637,81.9954,86.7234,97.571,94.7832,0.7787810383747177,1.0,1.0,0.44243792325056464,1.0
2024-12-06,002809,1.6759776536312776,27.4054,22.1507,29.6366,41.9243,37.0375,0.9886792452830186,1.0,1.0,0.022641509433962703,1.0
2024-12-06,002828,2.5000000000000133,57.571,52.6321,63.4504,66.0568,64.3445,0.6712328767123285,1.0,1.0,0.6575342465753431,1.0
2024-12-06,002848,1.0546500479386323,2.4054,7.0671,21.9695,21.9243,19.4957,0.7428571428571427,1.0,1.0,0.5142857142857147,1.0
2024-12-06,002887,1.298701298701288,12.6183,14.5898,27.823,30.0946,27.3422,0.7752442996742673,1.0,1.0,0.44951140065146533,1.0
2024-12-06,002973,1.3579049466537318,14.8659,20.0501,10.4062,11.8927,11.8927,0.5921325051759836,0.0,0.0,0.8157349896480328,1.0
2024-12-06,003003,1.783944499504475,31.112,26.9069,35.813,44.8896,40.8982,0.8991354466858787,1.0,1.0,0.2017291066282425,1.0
2024-12-06,300313,1.9519519519519468,37.4211,40.6126,26.1948,29.9369,29.9369,0.4662162162162162,0.0,0.0,1.0,1.0
2024-12-06,300621,1.4209591474245054,17.6262,24.1883,12.3383,14.1009,14.1009,0.4956331877729258,0.0,0.0,1.0,1.0
2024-12-06,300665,1.4905149051490652,21.0962,18.4254,27.8641,36.877,32.6512,0.9225806451612902,1.0,1.0,0.15483870967741953,1.0
2024-12-06,300736,2.189141856392296,46.3328,51.5577,62.433,57.0662,57.0662,0.27542932628797884,1.0,1.0,1.0,1.0
2024-12-06,300749,1.253481894150421,10.6861,11.3051,22.9927,28.5489,24.927,0.8621908127208479,1.0,1.0,0.2756183745583043,1.0
2024-12-06,301126,1.7964071856287456,31.9401,33.2844,22.358,25.5521,25.5521,0.6133828996282527,0.0,0.0,0.7732342007434947,1.0
2024-12-06,601083,1.0266940451745254,1.1435,8.5197,0.8005,0.9148,0.9148,0.6197560771228264,0.0,0.0,0.7604878457543471,1.0
2024-12-06,603122,1.6731016731016846,27.2476,26.7981,19.0733,21.7981,21.7981,0.75,0.0,0.0,0.5,1.0
2024-12-06,603291,1.8372703412073532,33.9511,37.2082,53.7658,47.1609,47.1609,0.49763234800378137,1.0,1.0,1.0,1.0
2024-12-06,603559,2.001740644038308,39.1562,37.396,27.4093,31.3249,31.3249,0.6964440589765829,0.0,0.0,0.6071118820468342,1.0
2024-12-06,603810,3.8997214484679743,88.0521,73.4214,77.596,90.4416,86.9315,0.851010101010101,1.0,1.0,0.297979797979798,1.0
2024-12-09,002144,3.9250669045495234,88.7552,73.0315,76.1834,91.0041,87.0178,0.8986301369863016,1.0,1.0,0.20273972602739687,1.0
2024-12-09,002809,2.1978021978022344,47.7593,38.2794,43.5754,58.2075,53.2434,0.9964028776978419,1.0,1.0,0.00719424460431628,1.0
2024-12-09,002848,3.4155597722960174,81.8672,70.2669,76.8533,85.4938,82.8803,0.7613445378151258,1.0,1.0,0.4773109243697484,1.0
2024-12-09,002871,1.363193768257065,15.3942,13.6572,23.4596,32.3154,27.9863,0.9329073482428115,1.0,1.0,0.13418530351437696,1.0
2024-12-09,002973,3.2535885167464196,78.1328,70.0839,54.6929,62.5062,62.5062,0.6211180124223602,0.0,0.0,0.7577639751552796,1.0
2024-12-09,003003,1.5579357351509282,23.7759,20.0006,28.6028,39.0207,34.5107,0.9510086455331412,1.0,1.0,0.09798270893371752,1.0
2024-12-09,300371,2.4770642201835003,57.7178,50.5311,59.1162,66.1743,63.3527,0.7821576763485479,1.0,1.0,0.4356846473029041,1.0
2024-12-09,300610,1.789077212806034,32.3237,30.6746,42.258,45.8589,43.2668,0.759213759213759,1.0,1.0,0.481572481572482,1.0
2024-12-09,300948,3.160667251975413,76.473,68.0846,77.3435,81.1784,79.6315,0.6546906187624753,1.0,1.0,0.6906187624750495,1.0
2024-12-09,301032,2.4976873265494914,58.2158,53.5647,40.751,46.5726,46.5726,0.6503957783641161,0.0,0.0,0.6992084432717678,1.0
2024-12-09,600689,4.829545454545459,98.7967,83.1626,87.4081,99.0373,96.1,0.7937384898710866,1.0,1.0,0.4125230202578267,1.0
2024-12-09,603122,1.3924050632911245,16.473,17.5412,11.5311,13.1784,13.1784,0.7818627450980394,0.0,0.0,0.43627450980392113,1.0
2024-12-09,603161,1.2345679012345734,10.0,14.3505,7.0,8.0,8.0,0.6824742268041236,0.0,0.0,0.6350515463917528,1.0
2024-12-09,605155,1.4705882352941124,21.0373,24.8754,40.8172,36.8299,35.8526,0.5977229601518028,1.0,1.0,0.8045540796963944,1.0
2024-12-10,000668,1.2127894156560126,8.4992,13.2938,5.9494,6.7993,6.7993,0.6752767527675277,0.0,0.0,0.6494464944649445,1.0
2024-12-10,001322,1.068883610451321,3.0265,10.8065,2.1186,2.4212,2.4212,0.580736543909348,0.0,0.0,0.8385269121813039,1.0
2024-12-10,002205,1.7148981779206984,29.1459,26.6654,37.0994,43.3167,39.9911,0.8325688073394495,1.0,1.0,0.334862385321101,1.0
2024-12-10,002853,1.449275362318847,19.6103,15.6882,23.7272,35.6882,30.6882,1.0,1.0,1.0,0.0,1.0
2024-12-10,002910,4.79910714285714,98.3831,80.3503,82.1558,98.7065,94.5284,0.9178082191780824,1.0,1.0,0.16438356164383516,1.0
2024-12-10,002973,2.9657089898053712,71.3516,63.251,49.9461,57.0813,57.0813,0.691511387163561,0.0,0.0,0.616977225672878,1.0
2024-12-10,300626,2.4390243902439046,56.3433,50.3537,59.9985,65.0746,62.7142,0.736044223590962,1.0,1.0,0.527911552818076,1.0
2024-12-11,000668,2.614379084967333,62.0216,55.7059,43.4151,49.6173,49.6173,0.6955719557195571,0.0,0.0,0.6088560885608858,1.0
2024-12-11,000929,1.7957351290684542,32.8203,29.6422,39.7462,46.2562,42.9492,0.8306997742663657,1.0,1.0,0.3386004514672687,1.0
2024-12-11,001322,1.8801410105758087,36.6473,37.1932,25.6531,29.3178,29.3178,0.6062322946175634,0.0,0.0,0.7875354107648731,1.0
2024-12-11,002828,1.0183299389002087,0.7903,6.0021,21.293,20.6323,18.3172,0.7315068493150684,1.0,1.0,0.5369863013698633,1.0
2024-12-11,002848,2.0408163265306145,42.4293,37.9098,47.6333,53.9434,50.9266,0.8016806722689074,1.0,1.0,0.39663865546218524,1.0
2024-12-11,002972,1.3673655423883213,15.6822,17.0545,29.9951,32.5458,29.8001,0.7745617945641747,1.0,1.0,0.45087641087165053,1.0
2024-12-11,002973,2.7902790279027867,67.0965,58.5219,46.9676,53.6772,53.6772,0.7577639751552795,0.0,0.0,0.484472049689441,1.0
2024-12-11,300313,1.0144927536231751,0.4576,9.4201,0.3203,0.3661,0.3661,0.5472972972972974,0.0,0.0,0.9054054054054053,1.0
2024-12-11,300478,2.7397260273972712,65.7654,57.8496,46.0358,52.6123,52.6123,0.7381370826010544,0.0,0.0,0.5237258347978913,1.0
2024-12-11,300610,2.521008403361358,59.6922,52.1272,60.5315,67.7537,64.9405,0.7813267813267815,1.0,1.0,0.4373464373464371,1.0
2024-12-11,300611,2.3972602739726234,54.7837,45.8464,52.3874,63.827,59.8367,0.8990291262135922,1.0,1.0,0.20194174757281558,1.0
2024-12-11,300614,1.650738488271064,27.2463,26.9051,39.2885,41.797,39.351,0.7445972495088408,1.0,1.0,0.5108055009823185,1.0
2024-12-11,300621,1.8356643356643332,34.9834,37.681,24.4884,27.9867,27.9867,0.5152838427947599,0.0,0.0,0.9694323144104802,1.0
2024-12-11,300665,1.2032085561497263,7.9451,7.971,18.7914,26.3561,22.1635,0.9192546583850932,1.0,1.0,0.16149068322981353,1.0
2024-12-11,300749,1.224489795918382,9.4426,10.7154,22.9324,27.5541,24.1347,0.8419354838709676,1.0,1.0,0.31612903225806477,1.0
2024-12-11,300774,2.9288702928870203,71.0067,62.9033,71.9007,76.8053,74.8543,0.6950999618315771,1.0,1.0,0.6098000763368459,1.0
2024-12-11,301098,1.4069264069263898,17.5125,21.6313,37.5015,34.01,32.8207,0.6189320388349514,1.0,1.0,0.7621359223300972,1.0
2024-12-11,301120,2.152641878669259,45.6323,42.2914,53.5137,56.5058,54.3986,0.7107231920199499,1.0,1.0,0.5785536159601001,1.0
2024-12-11,600689,3.296703296703285,79.4925,66.3933,71.2433,83.594,79.9936,0.860036832412523,1.0,1.0,0.2799263351749539,1.0
2024-12-11,600768,1.8999999999999906,36.98,32.9244,42.5668,49.584,46.2542,0.8329809725158563,1.0,1.0,0.3340380549682873,1.0
2024-12-11,600847,1.4677103718199414,21.2978,20.6882,32.2083,37.0383,33.8632,0.8175046554934825,1.0,1.0,0.364990689013035,1.0
2024-12-11,601083,3.0612244897959107,74.0849,66.4166,51.8594,59.2679,59.2679,0.6425638564495629,0.0,0.0,0.7148722871008741,1.0
2024-12-11,603216,2.5711662075298403,61.1065,54.1346,63.2733,68.8852,66.5099,0.7375309331583993,1.0,1.0,0.5249381336832013,1.0
2024-12-11,603506,4.23553719008265,92.8037,77.6043,81.6853,94.2429,90.9236,0.8319327731092437,1.0,1.0,0.3361344537815125,1.0
2024-12-11,603559,1.2378426171529622,10.3577,14.7198,7.2504,8.2862,8.2862,0.6783216783216783,0.0,0.0,0.6433566433566433,1.0
2024-12-11,603716,4.432989690721656,95.2995,80.6423,85.5151,96.2396,93.441,0.7798634812286688,1.0,1.0,0.44027303754266245,1.0
2024-12-12,000586,2.9053420805998265,70.3507,60.6018,67.888,76.2806,73.4412,0.7839388145315487,1.0,1.0,0.43212237093690264,1.0
2024-12-12,000668,4.24628450106157,93.0261,79.6238,65.1183,74.4209,74.4209,0.7398523985239852,0.0,0.0,0.5202952029520296,1.0
2024-12-12,000929,2.094818081587646,44.168,37.9981,46.2449,55.3344,51.6662,0.8668171557562077,1.0,1.0,0.2663656884875847,1.0
2024-12-12,002144,1.8372703412073754,34.7879,31.9213,42.5334,47.8303,44.8758,0.7954545454545452,1.0,1.0,0.4090909090909096,1.0
2024-12-12,002633,1.9759450171821236,39.6003,39.0884,27.7202,31.6803,31.6803,0.6295918367346939,0.0,0.0,0.7408163265306122,1.0
2024-12-12,002809,1.8558951965065518,35.7259,30.7259,39.2984,48.5808,44.6533,0.8927444794952681,1.0,1.0,0.21451104100946372,1.0
2024-12-12,002848,3.8181818181818095,88.54,74.0589,78.4318,90.832,87.4454,0.8386554621848739,1.0,1.0,0.3226890756302523,1.0
2024-12-12,002871,1.6425120772946888,26.7945,23.7885,33.462,41.4356,37.612,0.8823529411764705,1.0,1.0,0.2352941176470591,1.0
2024-12-12,002887,2.5673940949935803,60.8075,52.5548,60.3828,68.646,65.6004,0.8045602605863191,1.0,1.0,0.39087947882736174,1.0
2024-12-12,002900,1.6157989228007263,25.9788,27.3826,18.1852,20.783,20.783,0.6700201207243464,0.0,0.0,0.6599597585513073,1.0
2024-12-12,002910,2.9094827586207073,70.5139,59.1405,64.8185,76.4111,72.7758,0.8635294117647059,1.0,1.0,0.27294117647058824,1.0
2024-12-12,002972,3.597122302158273,84.8287,71.5263,76.7068,87.863,84.6947,0.8168314580833914,1.0,1.0,0.36633708383321717,1.0
2024-12-12,003003,2.6615969581749166,63.1729,51.9519,57.0483,70.5383,66.2451,0.9293193717277489,1.0,1.0,0.14136125654450216,1.0
2024-12-12,003018,2.657480314960625,62.8467,53.3691,60.1762,70.2773,66.8232,0.8454106280193235,1.0,1.0,0.3091787439613529,1.0
2024-12-12,300313,1.865136298421799,36.0114,37.3902,25.208,28.8091,28.8091,0.5709459459459458,0.0,0.0,0.8581081081081083,1.0
2024-12-12,300621,1.6309012875536544,26.3051,30.2799,18.4135,21.044,21.044,0.5382096069868996,0.0,0.0,0.9235807860262009,1.0
2024-12-12,300665,2.774108322324964,66.354,54.1391,58.5596,73.0832,68.6111,0.9472049689440994,1.0,1.0,0.10559006211180111,1.0
2024-12-12,300929,3.048180924287114,73.6949,62.5387,68.752,78.956,75.7473,0.820861678004535,1.0,1.0,0.35827664399092995,1.0
2024-12-12,300948,1.2886597938144284,12.5204,15.9245,30.5806,30.0163,27.9704,0.7045908183632738,1.0,1.0,0.5908183632734525,1.0
2024-12-12,301009,2.5125628140703515,58.8499,52.5765,62.188,67.0799,64.8282,0.7251732101616626,1.0,1.0,0.5496535796766748,1.0
2024-12-12,301032,1.0999083409715782,4.0375,9.9582,2.8263,3.23,3.23,0.6635883905013191,0.0,0.0,0.6728232189973617,1.0
2024-12-12,301098,2.0277481323372593,41.8026,40.4324,53.2424,53.4421,51.9372,0.6504854368932036,1.0,1.0,0.6990291262135928,1.0
2024-12-12,600689,2.039007092198575,42.292,35.341,42.6191,53.8336,49.5873,0.9246323529411764,1.0,1.0,0.1507352941176472,1.0
2024-12-12,600768,3.238469087340534,78.2626,65.1471,69.8578,82.6101,78.8786,0.8731501057082454,1.0,1.0,0.2536997885835093,1.0
2024-12-12,600847,2.2179363548698205,48.3279,41.7536,50.012,58.6623,55.2079,0.845437616387337,1.0,1.0,0.3091247672253259,1.0
2024-12-12,603122,3.0000000000000027,72.4307,61.8171,50.7015,57.9445,57.9445,0.806372549019608,0.0,0.0,0.38725490196078405,1.0
2024-12-12,603161,2.7850304612706767,66.7618,59.1414,68.1972,73.4095,71.2754,0.7134020618556701,1.0,1.0,0.5731958762886598,1.0
2024-12-12,603176,2.9520295202952074,71.3295,58.2348,62.273,77.0636,72.6492,0.9414414414414415,1.0,1.0,0.11711711711711703,1.0
2024-12-12,603506,1.5857284440039754,25.0816,21.1297,29.6859,40.0653,35.5975,0.9467787114845939,1.0,1.0,0.10644257703081217,1.0
2024-12-12,603716,4.935834155972363,99.1436,82.25,85.2708,99.3148,95.7824,0.8532423208191128,1.0,1.0,0.29351535836177445,1.0
2024-12-12,603810,1.0714285714285898,3.3034,5.5641,18.1551,22.6427,19.1034,0.8539325842696628,1.0,1.0,0.2921348314606744,1.0
2024-12-12,605069,3.4065934065934167,82.0962,72.4756,81.0645,85.677,84.0763,0.6600719424460431,1.0,1.0,0.6798561151079139,1.0
2024-12-12,605155,3.5486806187443154,83.8907,74.7406,83.9797,87.1126,85.9266,0.618595825426945,1.0,1.0,0.76280834914611,1.0
2024-12-12,605169,3.075489282385835,74.5922,61.931,66.729,79.6737,75.8023,0.8871391076115489,1.0,1.0,0.2257217847769022,1.0
2024-12-12,605303,4.972972972972989,99.633,80.8175,81.9653,99.7064,95.2619,0.9444444444444442,1.0,1.0,0.1111111111111116,1.0
2024-12-18,000880,1.6784452296819685,28.3862,31.7718,19.8703,22.7089,22.7089,0.546854942233633,0.0,0.0,0.9062901155327341,1.0
2024-12-18,002848,1.9083969465648831,37.9923,35.3686,46.5442,50.3939,47.8812,0.7512605042016807,1.0,1.0,0.49747899159663866,1.0
2024-12-18,300437,3.581800580832528,84.1018,78.6169,58.8713,67.2815,67.2815,0.43322981366459623,0.0,0.0,1.0,1.0
2024-12-18,300518,1.1894647408666081,7.829,15.0355,5.4803,6.2632,6.2632,0.5613839285714286,0.0,0.0,0.8772321428571428,1.0
2024-12-18,300686,1.848049281314168,36.2632,37.1672,51.6975,49.0106,48.0889,0.5921696574225123,1.0,1.0,0.8156606851549755,1.0
2024-12-18,300736,2.5086505190311303,59.414,61.8377,41.5898,47.5312,47.5312,0.2846763540290621,0.0,0.0,1.0,1.0
2024-12-18,300978,1.5557476231633505,24.0634,27.7656,16.8444,19.2507,19.2507,0.5742559286966057,0.0,0.0,0.8514881426067886,1.0
2024-12-18,301120,1.6477857878475666,27.3295,30.1928,19.1306,21.8636,21.8636,0.5835411471321698,0.0,0.0,0.8329177057356605,1.0
2024-12-18,603122,2.244389027431426,50.7685,44.3893,53.087,60.6148,57.502,0.8112745098039217,1.0,1.0,0.37745098039215663,1.0
2024-12-18,603559,1.8551236749116518,36.5514,35.7252,25.586,29.2411,29.2411,0.6757950530035336,0.0,0.0,0.6484098939929328,1.0
2024-12-18,603716,4.136504653567741,91.9789,78.0882,83.3954,93.5831,90.8357,0.7747440273037542,1.0,1.0,0.4505119453924915,1.0
2024-12-19,000880,3.3883579496090555,81.1587,73.5021,56.8111,64.927,64.927,0.5712451861360718,0.0,0.0,0.8575096277278564,1.0
2024-12-19,002205,1.415929203539834,17.9649,14.372,22.5755,34.372,29.372,1.0,1.0,1.0,0.0,1.0
2024-12-19,002973,1.4665444546287931,20.4966,22.0702,35.6934,36.3973,34.2337,0.7163561076604557,1.0,1.0,0.5672877846790887,1.0
2024-12-19,300539,1.5789473684210353,24.5862,29.6235,17.2103,19.6689,19.6689,0.5022727272727274,0.0,0.0,0.9954545454545451,1.0
2024-12-19,300686,3.729838709677402,86.8062,77.0143,85.903,89.445,88.2297,0.6215334420880912,1.0,1.0,0.7569331158238175,1.0
2024-12-19,301265,1.783840503672618,31.889,33.4131,22.3223,25.5112,25.5112,0.6049046321525884,0.0,0.0,0.7901907356948232,1.0
2024-12-19,603790,3.5870516185476653,84.2746,73.1897,80.5323,87.4197,85.3047,0.7114967462039048,1.0,1.0,0.5770065075921904,1.0
2024-12-19,605155,3.358925143953928,80.6719,74.3288,56.4703,64.5375,64.5375,0.5104364326375711,0.0,0.0,0.9791271347248578,1.0
2024-12-20,000929,2.65486725663715,63.4945,59.4396,44.4461,50.7956,50.7956,0.5677966101694916,0.0,0.0,0.8644067796610169,1.0
2024-12-20,001366,3.7752414398595224,87.5629,79.0476,61.2941,70.0504,70.0504,0.5501355013550137,0.0,0.0,0.8997289972899727,1.0
2024-12-20,002209,2.1739130434782483,48.137,48.1983,33.6959,38.5096,38.5096,0.5155642023346305,0.0,0.0,0.968871595330739,1.0
2024-12-20,002633,3.119266055045866,75.6798,69.5079,52.9758,60.5438,60.5438,0.5517948717948719,0.0,0.0,0.8964102564102563,1.0
2024-12-20,002848,3.435114503816794,81.8228,70.433,77.2255,85.4582,82.9456,0.7512605042016807,1.0,1.0,0.49747899159663866,1.0
2024-12-20,002910,3.8036809815950923,88.2679,78.6614,61.7875,70.6143,70.6143,0.5976470588235295,0.0,0.0,0.8047058823529409,1.0
2024-12-20,002972,2.1998166819431786,49.5972,45.3713,56.1051,59.6777,57.5245,0.7153228882452759,1.0,1.0,0.5693542235094482,1.0
2024-12-20,002973,1.6260162601625883,26.7372,26.4001,38.7367,41.3897,38.8949,0.7494824016563149,1.0,1.0,0.5010351966873703,1.0
2024-12-20,300243,1.4634146341463428,20.6949,27.9195,14.4864,16.5559,16.5559,0.4318181818181818,0.0,0.0,1.0,1.0
2024-12-20,300340,2.3474178403755763,54.1289,52.9493,37.8902,43.3031,43.3031,0.5176886792452831,0.0,0.0,0.9646226415094339,1.0
2024-12-20,300371,3.122043519394513,75.7805,66.3505,74.4986,80.6244,78.4874,0.7136929460580916,1.0,1.0,0.5726141078838167,1.0
2024-12-20,300517,1.7204301075268713,30.3625,36.0866,21.2538,24.29,24.29,0.4101697910388799,0.0,0.0,1.0,1.0
2024-12-20,300539,1.5544041450777257,24.1188,28.8405,16.8832,19.2951,19.2951,0.5227272727272727,0.0,0.0,0.9545454545454546,1.0
2024-12-20,300610,1.4285714285714235,18.8822,20.5111,34.0283,35.1057,32.8084,0.7297297297297296,1.0,1.0,0.5405405405405408,1.0
2024-12-20,300611,2.8444444444444494,69.2346,61.3643,70.4175,75.3877,73.376,0.7011686143572622,1.0,1.0,0.5976627712854756,1.0
2024-12-20,300626,2.054794520547931,44.3102,43.5494,31.0171,35.4481,35.4481,0.5949357896616022,0.0,0.0,0.8101284206767956,1.0
2024-12-20,300665,3.9244186046511587,89.0735,77.2112,62.3515,71.2588,71.2588,0.7023809523809524,0.0,0.0,0.5952380952380951,1.0
2024-12-20,300749,2.298850574712641,52.6183,51.498,36.8328,42.0947,42.0947,0.5298329355608592,0.0,0.0,0.9403341288782816,1.0
2024-12-20,300771,1.5693112467306092,24.8238,25.6496,17.3766,19.859,19.859,0.7104722792607802,0.0,0.0,0.5790554414784397,1.0
2024-12-20,300774,2.134471718249742,46.4753,43.9935,56.1591,57.1803,55.5869,0.6593400808118235,1.0,1.0,0.681319838376353,1.0
2024-12-20,300885,1.4121800529567574,17.6737,20.3372,12.3716,14.139,14.139,0.69009009009009,0.0,0.0,0.6198198198198199,1.0
2024-12-20,300948,1.7657992565055736,32.0745,35.0808,22.4522,25.6596,25.6596,0.5289421157684632,0.0,0.0,0.9421157684630737,1.0
2024-12-20,300978,1.1007620660457018,4.4814,11.1641,3.137,3.5851,3.5851,0.6210488620087206,0.0,0.0,0.7579022759825589,1.0
2024-12-20,301098,1.1507479861910141,6.3948,15.4071,4.4763,5.1158,5.1158,0.4854368932038833,0.0,0.0,1.0,1.0
2024-12-20,301120,2.231237322515245,50.7049,48.145,35.4935,40.5639,40.5639,0.6209476309226927,0.0,0.0,0.7581047381546147,1.0
2024-12-20,301126,1.8953068592057587,38.2175,40.5926,26.7523,30.574,30.574,0.4990689013035382,0.0,0.0,1.0,1.0
2024-12-20,301256,3.0637254901960898,73.9678,67.2034,77.8358,79.1742,78.1888,0.5985408532588645,1.0,1.0,0.802918293482271,1.0
2024-12-20,603132,1.653611836379465,28.0463,36.4359,19.6324,22.4371,22.4371,0.3000577707851143,0.0,0.0,1.0,1.0
2024-12-20,603559,4.991243432574444,99.7482,86.106,69.8238,79.7986,79.7986,0.6846289752650176,0.0,0.0,0.6307420494699647,1.0
2024-12-20,603709,4.7244094488189115,97.6334,83.9417,90.0133,98.1067,96.0242,0.708253358925144,1.0,1.0,0.5834932821497121,1.0
2024-12-20,605169,2.146341463414636,46.6767,44.4238,32.6737,37.3414,37.3414,0.645879732739421,0.0,0.0,0.708240534521158,1.0
2024-12-24,001318,1.8025751072961338,36.0874,40.4508,25.2612,28.8699,28.8699,0.4209591474245115,0.0,0.0,1.0,1.0
2024-12-24,002209,1.7563117453348154,33.1023,38.3107,23.1716,26.4819,26.4819,0.4085603112840466,0.0,0.0,1.0,1.0
2024-12-24,002633,1.2357414448669335,11.0341,18.5709,7.7239,8.8273,8.8273,0.5128205128205128,0.0,0.0,0.9743589743589745,1.0
2024-12-24,002963,2.4347826086956514,59.3284,58.079,41.5299,47.4627,47.4627,0.4691848906560635,0.0,0.0,1.0,1.0
2024-12-24,002972,1.717557251908386,31.6098,33.2694,22.1269,25.2878,25.2878,0.6009199367924432,0.0,0.0,0.7981601264151137,1.0
2024-12-24,300610,1.598401598401611,26.919,29.3484,18.8433,21.5352,21.5352,0.609336609336609,0.0,0.0,0.7813267813267819,1.0
2024-12-24,300611,1.939058171745156,41.3646,40.4706,28.9552,33.0917,33.0917,0.631051752921536,0.0,0.0,0.7378964941569279,1.0
2024-12-24,300626,1.9916142557652172,42.9638,44.73,30.0746,34.371,34.371,0.482049042518114,0.0,0.0,1.0,1.0
2024-12-24,300650,1.043478260869568,2.7186,10.4996,1.903,2.1748,2.1748,0.5837631484515682,0.0,0.0,0.8324737030968636,1.0
2024-12-24,300885,4.070305272895469,92.3774,81.974,64.6642,73.9019,73.9019,0.5963963963963963,0.0,0.0,0.8072072072072074,1.0
2024-12-24,300978,1.4427412082957503,19.7761,26.2075,13.8433,15.8209,15.8209,0.4806700620723765,0.0,0.0,1.0,1.0
2024-12-24,301120,1.06609808102347,3.7846,13.0028,2.6493,3.0277,3.0277,0.5012468827930174,0.0,0.0,0.9975062344139651,1.0
2024-12-24,301408,1.6493055555555802,28.9446,34.6172,20.2612,23.1557,23.1557,0.4269230769230765,0.0,0.0,1.0,1.0
2024-12-24,601083,1.565762004175375,25.533,29.2477,17.8731,20.4264,20.4264,0.558935332251531,0.0,0.0,0.882129335496938,1.0
2024-12-24,601133,1.4604810996563522,21.2687,28.3922,14.8881,17.0149,17.0149,0.4311352573956773,0.0,0.0,1.0,1.0
2024-12-24,603291,2.358490566037741,56.5565,56.9213,39.5896,45.2452,45.2452,0.4161945902469337,0.0,0.0,1.0,1.0
2024-12-26,000586,4.020618556701039,91.5282,85.0821,64.0698,73.2226,73.2226,0.4070221066319895,0.0,0.0,1.0,1.0
2024-12-26,000929,2.3088023088023046,54.8726,56.6947,38.4109,43.8981,43.8981,0.36016949152542366,0.0,0.0,1.0,1.0
2024-12-26,001300,2.3519163763066064,56.423,58.9846,39.4961,45.1384,45.1384,0.3076923076923078,0.0,0.0,1.0,1.0
2024-12-26,002209,3.914988814317666,89.5349,84.1182,62.6744,71.6279,71.6279,0.37548638132295714,0.0,0.0,1.0,1.0
2024-12-26,002806,1.035375323554799,2.2702,10.9874,1.5891,1.8162,1.8162,0.5414364640883977,0.0,0.0,0.9171270718232045,1.0
2024-12-26,002826,1.055662188099804,3.3776,13.0917,2.3643,2.7021,2.7021,0.4805194805194805,0.0,0.0,1.0,1.0
2024-12-26,002828,1.3017751479290185,14.5626,24.5268,10.1938,11.6501,11.6501,0.3561643835616435,0.0,0.0,1.0,1.0
2024-12-26,002858,2.294792586054717,54.4297,56.6137,38.1008,43.5437,43.5437,0.3465045592705166,0.0,0.0,1.0,1.0
2024-12-26,002887,1.2949640287769792,14.0089,23.408,9.8062,11.2071,11.2071,0.3899521531100479,0.0,0.0,1.0,1.0
2024-12-26,002921,2.9684601113172615,73.9203,71.7216,51.7442,59.1362,59.1362,0.37073170731707306,0.0,0.0,1.0,1.0
2024-12-26,002972,1.2572533849129597,12.4585,18.6933,8.7209,9.9668,9.9668,0.5636724642264038,0.0,0.0,0.8726550715471924,1.0
2024-12-26,003003,2.905027932960924,72.8128,68.5681,50.969,58.2503,58.2503,0.4841075794621023,0.0,0.0,1.0,1.0
2024-12-26,300340,2.4109014675052443,58.7486,59.263,41.124,46.9989,46.9989,0.3867924528301886,0.0,0.0,1.0,1.0
2024-12-26,300478,1.2127894156560126,9.4131,20.2577,6.5891,7.5305,7.5305,0.36363636363636365,0.0,0.0,1.0,1.0
2024-12-26,300610,1.4098690835850913,18.3278,22.8686,12.8295,14.6622,14.6622,0.5896805896805897,0.0,0.0,0.8206388206388207,1.0
2024-12-26,300611,4.646840148698894,97.619,85.7079,68.3333,78.0952,78.0952,0.619365609348915,0.0,0.0,0.7612687813021699,1.0
2024-12-26,300626,1.7222820236813874,31.3953,36.3053,21.9767,25.1163,25.1163,0.4405465619506552,0.0,0.0,1.0,1.0
2024-12-26,300635,1.200000000000001,8.804,17.9935,6.1628,7.0432,7.0432,0.45248226950354614,0.0,0.0,1.0,1.0
2024-12-26,300649,2.5854108956602007,64.5072,63.8669,45.155,51.6058,51.6058,0.38694267515923564,0.0,0.0,1.0,1.0
2024-12-26,300650,2.3008849557522026,54.6512,52.7824,38.2558,43.7209,43.7209,0.5469280288455126,0.0,0.0,0.9061439423089748,1.0
2024-12-26,300686,2.3385300668151254,55.7586,55.2431,39.031,44.6069,44.6069,0.468189233278956,0.0,0.0,1.0,1.0
2024-12-26,300736,1.9960079840319445,42.691,46.958,29.8837,34.1528,34.1528,0.3597402597402597,0.0,0.0,1.0,1.0
2024-12-26,300749,2.4077046548956593,58.5271,59.7095,40.969,46.8217,46.8217,0.35560859188544164,0.0,0.0,1.0,1.0
2024-12-26,300771,2.0618556701030855,46.124,45.9752,32.2868,36.8992,36.8992,0.5462012320328542,0.0,0.0,0.9075975359342916,1.0
2024-12-26,300885,1.9503546099290725,41.1406,39.2909,28.7984,32.9125,32.9125,0.6810810810810809,0.0,0.0,0.6378378378378382,1.0
2024-12-26,300958,1.8103448275862188,36.0465,40.3342,25.2326,28.8372,28.8372,0.4251497005988022,0.0,0.0,1.0,1.0
2024-12-26,300961,1.1527377521613813,6.9214,17.0029,4.845,5.5371,5.5371,0.42671009771986973,0.0,0.0,1.0,1.0
2024-12-26,300978,2.6126126126126303,65.0609,62.3963,45.5426,52.0487,52.0487,0.4826197676270479,0.0,0.0,1.0,1.0
2024-12-26,301009,2.206531332744932,51.4396,49.8799,63.4641,61.1517,60.5158,0.5635910224438904,1.0,1.0,0.8728179551122193,1.0
2024-12-26,301032,4.162219850586979,93.4109,85.5202,65.3876,74.7287,74.7287,0.46042216358839033,0.0,0.0,1.0,1.0
2024-12-26,301125,3.928571428571437,89.9779,84.0591,62.9845,71.9823,71.9823,0.39615846338535404,0.0,0.0,1.0,1.0
2024-12-26,600768,2.2857142857142687,53.9867,51.8152,37.7907,43.1894,43.1894,0.5687103594080339,0.0,0.0,0.8625792811839321,1.0
2024-12-26,600847,2.8117359413202925,71.041,69.0843,49.7287,56.8328,56.8328,0.3874239350912779,0.0,0.0,1.0,1.0
2024-12-26,601133,1.5761821366024442,25.969,32.8401,18.1783,20.7752,20.7752,0.3967533224031081,0.0,0.0,1.0,1.0
2024-12-26,603216,1.28794848206073,13.5659,23.1434,9.4961,10.8527,10.8527,0.38546396444177006,0.0,0.0,1.0,1.0
2024-12-26,603291,2.365787079162862,56.9767,55.278,39.8837,45.5814,45.5814,0.5151676940251683,0.0,0.0,0.9696646119496635,1.0
2024-12-27,000586,1.3875123885034757,17.0588,24.4923,11.9412,13.6471,13.6471,0.4577373211963589,0.0,0.0,1.0,1.0
2024-12-27,000929,1.6925246826516194,30.6417,36.632,21.4492,24.5134,24.5134,0.39406779661016944,0.0,0.0,1.0,1.0
2024-12-27,001300,1.8723404255319265,39.4118,44.5767,27.5882,31.5294,31.5294,0.3476331360946745,0.0,0.0,1.0,1.0
2024-12-27,001318,1.1197243755383335,5.7219,16.3005,4.0053,4.5775,4.5775,0.4138543516873888,0.0,0.0,1.0,1.0
2024-12-27,001366,2.6923076923076827,67.9679,68.7375,47.5775,54.3743,54.3743,0.2818428184281844,0.0,0.0,1.0,1.0
2024-12-27,002144,1.036757775683328,2.4064,9.7611,1.6845,1.9251,1.9251,0.6082004555808654,0.0,0.0,0.7835990888382691,1.0
2024-12-27,002205,4.756511891279724,98.0214,89.1155,68.615,78.4171,78.4171,0.4650817236255572,0.0,0.0,1.0,1.0
2024-12-27,002209,1.9375672766415608,41.5508,44.369,29.0856,33.2406,33.2406,0.4435797665369649,0.0,0.0,1.0,1.0
2024-12-27,002800,1.5902712815715647,27.0053,32.6746,18.9037,21.6043,21.6043,0.4464831804281346,0.0,0.0,1.0,1.0
2024-12-27,002806,1.707941929974366,31.0695,33.6954,21.7487,24.8556,24.8556,0.558011049723757,0.0,0.0,0.8839779005524859,1.0
2024-12-27,002826,2.089268755935425,47.754,48.2357,33.4278,38.2032,38.2032,0.4983766233766234,0.0,0.0,1.0,1.0
2024-12-27,002828,2.4532710280373626,60.8021,60.9157,42.5615,48.6417,48.6417,0.3863013698630137,0.0,0.0,1.0,1.0
2024-12-27,002848,1.7434620174346271,33.2086,39.7769,23.246,26.5668,26.5668,0.3394957983193276,0.0,0.0,1.0,1.0
2024-12-27,002858,1.380500431406384,16.8449,25.7556,11.7914,13.4759,13.4759,0.38601823708206673,0.0,0.0,1.0,1.0
2024-12-27,002887,2.130681818181812,48.5027,50.5725,33.9519,38.8021,38.8021,0.4114832535885168,0.0,0.0,1.0,1.0
2024-12-27,002910,3.830369357045149,89.2513,83.4011,62.4759,71.4011,71.4011,0.3999999999999999,0.0,0.0,1.0,1.0
2024-12-27,002972,3.247373447946522,79.5187,71.6498,55.6631,63.615,63.615,0.5982594030377258,0.0,0.0,0.8034811939245483,1.0
2024-12-27,002973,4.941860465116288,99.0909,87.3887,95.5955,99.2727,98.3307,0.5942028985507247,1.0,1.0,0.8115942028985506,1.0
2024-12-27,300340,2.3541453428863823,57.2727,57.5399,40.0909,45.8182,45.8182,0.4139150943396226,0.0,0.0,1.0,1.0
2024-12-27,300437,1.4161220043573008,18.6631,29.8373,13.0642,14.9305,14.9305,0.2546583850931676,0.0,0.0,1.0,1.0
2024-12-27,300478,1.9607843137254832,42.7273,46.5643,29.9091,34.1818,34.1818,0.3808777429467084,0.0,0.0,1.0,1.0
2024-12-27,300610,4.6673286991062435,97.7005,85.6789,68.3904,78.1604,78.1604,0.624078624078624,0.0,0.0,0.751842751842752,1.0
2024-12-27,300614,2.302302302302306,55.4545,55.7652,38.8182,44.3636,44.3636,0.4299242424242425,0.0,0.0,1.0,1.0
2024-12-27,300621,2.585315408479816,65.1872,65.7087,45.631,52.1497,52.1497,0.32205240174672495,0.0,0.0,1.0,1.0
2024-12-27,300626,2.0105820105820182,44.2246,46.0375,30.9572,35.3797,35.3797,0.46710814951382884,0.0,0.0,1.0,1.0
2024-12-27,300635,2.2727272727272707,54.2781,54.0324,37.9947,43.4225,43.4225,0.46950354609929074,0.0,0.0,1.0,1.0
2024-12-27,300650,1.730103806228378,32.6738,34.2428,22.8717,26.139,26.139,0.5948136843333851,0.0,0.0,0.8103726313332298,1.0
2024-12-27,300665,1.5105740181268867,23.9037,26.623,16.7326,19.123,19.123,0.6250000000000001,0.0,0.0,0.7499999999999998,1.0
2024-12-27,300736,1.2720156555772855,12.5668,22.3392,8.7968,10.0535,10.0535,0.38571428571428584,0.0,0.0,1.0,1.0
2024-12-27,300961,1.804368471035156,36.3102,40.2533,25.4171,29.0481,29.0481,0.4397394136807817,0.0,0.0,1.0,1.0
2024-12-27,301032,1.2295081967213406,10.5348,18.1903,7.3743,8.4278,8.4278,0.5118733509234826,0.0,0.0,0.9762532981530347,1.0
2024-12-27,301126,1.5962441314554043,27.1123,33.31,18.9786,21.6898,21.6898,0.4189944134078213,0.0,0.0,1.0,1.0
2024-12-27,301408,1.489921121822979,22.8342,30.152,15.984,18.2674,18.2674,0.4057692307692305,0.0,0.0,1.0,1.0
2024-12-27,600689,1.735159817351617,32.8877,32.8431,23.0214,26.3102,26.3102,0.6733524355300858,0.0,0.0,0.6532951289398283,1.0
2024-12-27,600768,1.452513966480451,20.5882,24.2507,14.4118,16.4706,16.4706,0.6109936575052852,0.0,0.0,0.7780126849894295,1.0
2024-12-27,601083,1.4568158168574596,20.9091,25.3205,14.6364,16.7273,16.7273,0.5703392219148985,0.0,0.0,0.859321556170203,1.0
2024-12-27,603216,1.6348773841961872,28.5027,34.6627,19.9519,22.8021,22.8021,0.4069727256863082,0.0,0.0,1.0,1.0
2024-12-27,603291,1.5111111111111297,24.1176,27.6711,16.8824,19.2941,19.2941,0.5811497632106576,0.0,0.0,0.8377004735786848,1.0
2024-12-27,603716,1.0191082802547768,1.0695,11.5723,0.7487,0.8556,0.8556,0.4641638225255972,0.0,0.0,1.0,1.0
2024-12-27,605069,3.815789473684217,89.0374,83.4242,62.3262,71.2299,71.2299,0.3902877697841726,0.0,0.0,1.0,1.0
2025-01-06,002718,1.4860139860139787,25.0337,34.3799,17.5236,20.027,20.027,0.2823529411764705,0.0,0.0,1.0,1.0
2025-01-06,002729,1.1925042589437718,8.8394,17.0715,6.1876,7.0715,7.0715,0.5,0.0,0.0,1.0,1.0
2025-01-06,002857,2.0725388601036343,50.8097,53.2416,35.5668,40.6478,40.6478,0.37030716723549484,0.0,0.0,1.0,1.0
2025-01-06,002900,2.9787234042553123,76.2483,74.6003,53.3738,60.9987,60.9987,0.31991951710261585,0.0,0.0,1.0,1.0
2025-01-06,003003,1.9685039370078705,46.4912,41.594,32.5439,37.193,37.193,0.7799511002444989,0.0,0.0,0.44009779951100225,1.0
2025-01-06,300437,1.0688836104512989,4.5209,20.8838,3.1646,3.6167,3.6167,0.13664596273291924,0.0,0.0,0.6832298136645961,1.0
2025-01-06,300885,1.8627450980392313,42.5776,44.3323,29.8043,34.0621,34.0621,0.4864864864864862,0.0,0.0,1.0,1.0
2025-01-06,301081,2.8822055137844638,74.1565,69.927,51.9096,59.3252,59.3252,0.46991404011461346,0.0,0.0,1.0,1.0
2025-01-06,301120,2.9646522234891615,75.641,73.5303,52.9487,60.5128,60.5128,0.34912718204488746,0.0,0.0,1.0,1.0
2025-01-06,301125,1.5810276679841806,29.6896,38.4216,20.7827,23.7517,23.7517,0.26650660264105647,0.0,0.0,1.0,1.0
2025-01-06,301126,2.020202020202011,48.1107,52.9019,33.6775,38.4885,38.4885,0.2793296089385475,0.0,0.0,1.0,1.0
2025-01-06,301408,3.4515819750718935,85.4926,84.0479,59.8448,68.3941,68.3941,0.2173076923076921,0.0,0.0,1.0,1.0
2025-01-06,603122,1.0654490106544845,4.251,14.4456,2.9757,3.4008,3.4008,0.447761194029851,0.0,0.0,1.0,1.0
2025-01-06,603132,2.070207020702064,50.5398,56.0454,35.3779,40.4318,40.4318,0.21932347471149072,0.0,0.0,1.0,1.0
2025-01-06,603716,4.154302670623133,93.8596,89.5928,65.7018,75.0877,75.0877,0.2747440273037543,0.0,0.0,1.0,1.0
2025-01-07,001300,3.5414725069897512,84.2643,83.4765,58.985,67.4114,67.4114,0.19674556213017755,0.0,0.0,0.9837278106508877,1.0
2025-01-07,001331,3.4449760765550286,83.5831,79.5568,58.5082,66.8665,66.8665,0.3654822335025377,0.0,0.0,1.0,1.0
2025-01-07,001366,4.523580365736279,96.2534,91.4201,67.3774,77.0027,77.0027,0.27913279132791347,0.0,0.0,1.0,1.0
2025-01-07,002205,3.598971722365052,85.7629,82.4291,60.0341,68.6104,68.6104,0.30906389301634474,0.0,0.0,1.0,1.0
2025-01-07,002209,4.347826086956541,95.0272,90.1852,66.5191,76.0218,76.0218,0.2918287937743191,0.0,0.0,1.0,1.0
2025-01-07,002800,3.825717321997857,89.3052,86.4289,62.5136,71.4441,71.4441,0.25076452599388394,0.0,0.0,1.0,1.0
2025-01-07,002826,2.2222222222222143,54.2916,55.65,38.0041,43.4332,43.4332,0.3891625615763548,0.0,0.0,1.0,1.0
2025-01-07,002828,2.8430160692212603,71.7302,72.2335,50.2112,57.3842,57.3842,0.2575342465753423,0.0,0.0,1.0,1.0
2025-01-07,002853,4.166666666666674,93.1199,85.2543,65.1839,74.4959,74.4959,0.46207865168539325,0.0,0.0,1.0,1.0
2025-01-07,002858,2.9328287606433356,73.5014,74.181,51.451,58.8011,58.8011,0.23100303951367773,0.0,0.0,1.0,1.0
2025-01-07,002861,2.3235031277926588,57.2888,59.1376,40.1022,45.8311,45.8311,0.3346720214190095,0.0,0.0,1.0,1.0
2025-01-07,002871,4.186046511627928,93.2561,87.252,65.2793,74.6049,74.6049,0.36764705882352944,0.0,0.0,1.0,1.0
2025-01-07,002910,3.427719821162456,83.0381,81.254,58.1267,66.4305,66.4305,0.2588235294117647,0.0,0.0,1.0,1.0
2025-01-07,300306,3.965183752417789,90.8038,85.3957,63.5627,72.6431,72.6431,0.36236933797909426,0.0,0.0,1.0,1.0
2025-01-07,300313,1.244167962674969,12.4659,22.2025,8.7262,9.9728,9.9728,0.3885135135135133,0.0,0.0,1.0,1.0
2025-01-07,300417,3.219871205151814,78.2698,74.8089,54.7888,62.6158,62.6158,0.39034385349697315,0.0,0.0,1.0,1.0
2025-01-07,300437,3.4077555816686367,82.4932,82.9821,57.7452,65.9946,65.9946,0.1506211180124223,0.0,0.0,0.7531055900621115,1.0
2025-01-07,300515,4.814814814814805,98.297,89.5467,68.8079,78.6376,78.6376,0.45454545454545503,0.0,0.0,1.0,1.0
2025-01-07,300539,4.18794688457611,93.3924,88.3275,65.3747,74.7139,74.7139,0.3193181818181817,0.0,0.0,1.0,1.0
2025-01-07,300610,3.548387096774208,84.4005,78.8226,59.0804,67.5204,67.5204,0.43488943488943493,0.0,0.0,1.0,1.0
2025-01-07,300611,3.4447821681864443,83.4469,77.7644,58.4128,66.7575,66.7575,0.4496527777777777,0.0,0.0,1.0,1.0
2025-01-07,300616,2.1853146853146876,52.6567,57.7679,36.8597,42.1253,42.1253,0.2178714859437752,0.0,0.0,1.0,1.0
2025-01-07,300621,2.036199095022617,47.8883,53.6818,33.5218,38.3106,38.3106,0.23144104803493454,0.0,0.0,1.0,1.0
2025-01-07,300635,3.516483516483526,83.8556,80.588,58.6989,67.0845,67.0845,0.324822695035461,0.0,0.0,1.0,1.0
2025-01-07,300649,4.671968190854869,97.3433,92.588,68.1403,77.8747,77.8747,0.2643312101910828,0.0,0.0,1.0,1.0
2025-01-07,300686,4.109589041095885,92.3025,87.5777,64.6117,73.842,73.842,0.31321370309951047,0.0,0.0,1.0,1.0
2025-01-07,300771,4.791666666666683,98.0245,91.8898,68.6172,78.4196,78.4196,0.326488706365503,0.0,0.0,1.0,1.0
2025-01-07,300884,4.255319148936176,94.2098,88.0404,65.9469,75.3678,75.3678,0.36637120273698326,0.0,0.0,1.0,1.0
2025-01-07,300961,3.88768898488121,89.8501,85.8432,62.8951,71.8801,71.8801,0.3018458197611292,0.0,0.0,1.0,1.0
2025-01-07,300967,3.308823529411753,80.3134,76.6382,56.2193,64.2507,64.2507,0.3806228373702423,0.0,0.0,1.0,1.0
2025-01-07,300970,2.8751123090745567,72.4114,74.8356,50.688,57.9292,57.9292,0.15467625899280596,0.0,0.0,0.7733812949640297,1.0
2025-01-07,301009,3.235908141962418,78.8147,76.144,55.1703,63.0518,63.0518,0.3453865336658355,0.0,0.0,1.0,1.0
2025-01-07,301013,2.7332704995287394,68.8692,70.4486,48.2084,55.0954,55.0954,0.23233908948194645,0.0,0.0,1.0,1.0
2025-01-07,301102,2.450980392156854,61.5123,61.4628,43.0586,49.2098,49.2098,0.3873517786561264,0.0,0.0,1.0,1.0
2025-01-07,301116,1.9434628975264934,44.2098,49.4749,30.9469,35.3678,35.3678,0.2946490574048801,0.0,0.0,1.0,1.0
2025-01-07,301136,3.831775700934581,89.5777,89.2518,62.7044,71.6621,71.6621,0.12051792828685248,0.0,0.0,0.6025896414342624,1.0
2025-01-07,301198,3.665987780040725,86.5804,83.426,60.6063,69.2643,69.2643,0.29191321499013806,0.0,0.0,1.0,1.0
2025-01-07,600689,3.181336161187698,77.861,73.4653,54.5027,62.2888,62.2888,0.4411764705882352,0.0,0.0,1.0,1.0
2025-01-07,601133,2.57633587786259,65.327,67.2646,45.7289,52.2616,52.2616,0.2498486910712225,0.0,0.0,1.0,1.0
2025-01-07,603216,1.5799256505576231,29.0872,35.9745,20.361,23.2698,23.2698,0.364760432766615,0.0,0.0,1.0,1.0
2025-01-09,000586,2.1040974529346723,50.6148,54.0939,35.4303,40.4918,40.4918,0.3198959687906371,0.0,0.0,1.0,1.0
2025-01-09,000929,1.2158054711246313,9.9044,22.2032,6.9331,7.9235,7.9235,0.2860169491525424,0.0,0.0,1.0,1.0
2025-01-09,001366,1.7274472168905985,36.3388,43.3258,25.4372,29.071,29.071,0.2872628726287263,0.0,0.0,1.0,1.0
2025-01-09,002058,2.2770398481973375,56.6257,58.8183,39.638,45.3005,45.3005,0.3241140881590319,0.0,0.0,1.0,1.0
2025-01-09,002205,1.3597033374536327,17.1448,26.6133,12.0014,13.7158,13.7158,0.35512630014858837,0.0,0.0,1.0,1.0
2025-01-09,002209,1.229050279329602,10.9973,21.2492,7.6981,8.7978,8.7978,0.37743190661478604,0.0,0.0,1.0,1.0
2025-01-09,002806,2.1428571428571352,51.4344,52.39,36.0041,41.1475,41.1475,0.4378787878787877,0.0,0.0,1.0,1.0
2025-01-09,002848,1.5193370165745845,26.8443,37.341,18.791,21.4754,21.4754,0.2067226890756303,0.0,0.0,1.0,1.0
2025-01-09,002858,2.02578268876612,47.3361,52.3673,33.1352,37.8689,37.8689,0.2750759878419451,0.0,0.0,1.0,1.0
2025-01-09,002861,1.0009099181073733,0.0683,13.8967,0.0478,0.0546,0.0546,0.3078982597054886,0.0,0.0,1.0,1.0
2025-01-09,300306,1.0338345864661536,2.6639,13.8385,1.8648,2.1311,2.1311,0.41463414634146367,0.0,0.0,1.0,1.0
2025-01-09,300340,1.5184381778741818,26.7077,34.385,18.6954,21.3661,21.3661,0.349056603773585,0.0,0.0,1.0,1.0
2025-01-09,300626,1.3605442176870763,17.418,26.684,12.1926,13.9344,13.9344,0.36252189848383287,0.0,0.0,1.0,1.0
2025-01-09,300686,1.6908212560386549,34.3579,40.4064,24.0505,27.4863,27.4863,0.35399673735725923,0.0,0.0,1.0,1.0
2025-01-09,301013,1.388888888888884,18.5109,29.5654,12.9577,14.8087,14.8087,0.262166405023548,0.0,0.0,1.0,1.0
2025-01-09,301102,1.3371537726838412,16.5984,24.8202,11.6189,13.2787,13.2787,0.4229249011857708,0.0,0.0,1.0,1.0
2025-01-09,301198,1.5655577299412915,28.347,36.0504,19.8429,22.6776,22.6776,0.33136094674556216,0.0,0.0,1.0,1.0
2025-01-09,603122,2.2321428571428603,55.5328,54.9072,38.873,44.4262,44.4262,0.47594936708860763,0.0,0.0,1.0,1.0
2025-01-13,001300,2.077431539187913,50.1974,56.6372,35.1382,40.1579,40.1579,0.17603550295857986,0.0,0.0,0.8801775147928993,1.0
2025-01-13,001366,2.1868787276341894,54.0132,59.4165,37.8092,43.2105,43.2105,0.18970189701897042,0.0,0.0,0.948509485094852,1.0
2025-01-13,002209,1.1402508551881407,6.7763,18.5728,4.7434,5.4211,5.4211,0.3424124513618677,0.0,0.0,1.0,1.0
2025-01-13,002780,1.3986013986013957,19.0132,26.9028,13.3092,15.2105,15.2105,0.41538461538461535,0.0,0.0,1.0,1.0
2025-01-13,002802,1.3786764705882248,17.8289,24.4675,12.4803,14.2632,14.2632,0.48978228545688174,0.0,0.0,1.0,1.0
2025-01-13,002806,3.0000000000000027,75.6579,72.3748,52.9605,60.5263,60.5263,0.40757575757575754,0.0,0.0,1.0,1.0
2025-01-13,002828,4.677623261694053,97.5658,93.8882,68.2961,78.0526,78.0526,0.2082191780821917,0.0,0.0,1.0,1.0
2025-01-13,002857,4.221635883905028,94.0132,88.5211,65.8092,75.2105,75.2105,0.33447098976109185,0.0,0.0,1.0,1.0
2025-01-13,002858,1.4058106841612128,19.4079,30.6023,13.5855,15.5263,15.5263,0.24620060790273543,0.0,0.0,1.0,1.0
2025-01-13,002887,3.738317757009346,88.2237,85.3158,61.7566,70.5789,70.5789,0.2631578947368419,0.0,0.0,1.0,1.0
2025-01-13,300306,1.3513513513513598,16.3816,25.7882,11.4671,13.1053,13.1053,0.36585365853658536,0.0,0.0,1.0,1.0
2025-01-13,300340,2.8921023359288034,73.4868,72.3508,51.4408,58.7895,58.7895,0.321933962264151,0.0,0.0,1.0,1.0
2025-01-13,300515,3.141831238779158,78.0921,72.0675,54.6645,62.4737,62.4737,0.5203094777562868,0.0,0.0,0.9593810444874264,1.0
2025-01-13,300539,2.200000000000002,54.8026,56.9785,38.3618,43.8421,43.8421,0.34318181818181814,0.0,0.0,1.0,1.0
2025-01-13,300605,2.4621212121212155,63.2237,65.1665,44.2566,50.5789,50.5789,0.2706222865412447,0.0,0.0,1.0,1.0
2025-01-13,300611,1.5810276679841806,30.0658,34.1915,21.0461,24.0526,24.0526,0.49305555555555564,0.0,0.0,1.0,1.0
2025-01-13,300616,1.4519056261342866,22.1711,34.2228,15.5197,17.7368,17.7368,0.17570281124497994,0.0,0.0,0.8785140562248996,1.0
2025-01-13,300650,1.860465116279042,42.0395,44.7189,29.4276,33.6316,33.6316,0.4456314499288588,0.0,0.0,1.0,1.0
2025-01-13,300665,1.5126050420168013,26.5132,32.6986,18.5592,21.2105,21.2105,0.42559523809523825,0.0,0.0,1.0,1.0
2025-01-13,300686,2.6415094339622636,67.6974,68.1546,47.3882,54.1579,54.1579,0.300163132137031,0.0,0.0,1.0,1.0
2025-01-13,300730,2.037037037037037,48.4868,52.7685,33.9408,38.7895,38.7895,0.3010501750291716,0.0,0.0,1.0,1.0
2025-01-13,300771,1.0548523206751037,3.75,16.963,2.625,3.0,3.0,0.30184804928131403,0.0,0.0,1.0,1.0
2025-01-13,300845,1.938325991189438,44.2763,49.604,30.9934,35.4211,35.4211,0.2908545727136433,0.0,0.0,1.0,1.0
2025-01-13,300961,1.089324618736387,5.4605,18.5052,3.8224,4.3684,4.3684,0.29315960912052114,0.0,0.0,1.0,1.0
2025-01-13,301040,1.7761989342806483,37.9605,45.7096,26.5724,30.3684,30.3684,0.2329390354868062,0.0,0.0,1.0,1.0
2025-01-13,301116,1.9642857142857295,45.8553,51.1018,32.0987,36.6842,36.6842,0.2791183944486571,0.0,0.0,1.0,1.0
2025-01-13,600689,1.2889366272824887,14.0132,22.7569,9.8092,11.2105,11.2105,0.422680412371134,0.0,0.0,1.0,1.0
2025-01-13,600697,1.2195121951219523,9.9342,23.3683,6.9539,7.9474,7.9474,0.22895125553914333,0.0,0.0,1.0,1.0
2025-01-13,603042,1.5252621544328049,27.3026,38.0747,19.1118,21.8421,21.8421,0.18837209302325594,0.0,0.0,0.9418604651162796,1.0
2025-01-13,603810,2.3174971031286073,58.6184,61.3666,41.0329,46.8947,46.8947,0.27640449438202264,0.0,0.0,1.0,1.0
2025-01-14,000668,3.276353276353272,78.236,76.6479,54.7652,62.5888,62.5888,0.2970479704797047,0.0,0.0,1.0,1.0
2025-01-14,000929,4.99219968798752,99.9365,94.9492,69.9556,79.9492,79.9492,0.25,0.0,0.0,1.0,1.0
2025-01-14,001318,4.0719696969696795,90.4188,87.788,63.2931,72.335,72.335,0.22735346358792188,0.0,0.0,1.0,1.0
2025-01-14,001322,4.58115183246075,95.2411,88.9974,66.6688,76.1929,76.1929,0.35977337110481566,0.0,0.0,1.0,1.0
2025-01-14,001366,3.112840466926081,75.1904,75.1658,52.6332,60.1523,60.1523,0.24932249322493213,0.0,0.0,1.0,1.0
2025-01-14,002144,3.4979423868312987,82.297,77.7282,57.6079,65.8376,65.8376,0.40546697038724366,0.0,0.0,1.0,1.0
2025-01-14,002780,3.189655172413808,76.3325,72.348,53.4327,61.066,61.066,0.4358974358974359,0.0,0.0,1.0,1.0
2025-01-14,002828,2.4154589371980784,59.835,61.6762,41.8845,47.868,47.868,0.3095890410958901,0.0,0.0,1.0,1.0
2025-01-14,002858,4.805914972273562,97.3985,92.5388,68.1789,77.9188,77.9188,0.2689969604863221,0.0,0.0,1.0,1.0
2025-01-14,002887,2.8528528528528385,70.2411,69.7814,49.1688,56.1929,56.1929,0.32057416267942573,0.0,0.0,1.0,1.0
2025-01-14,002963,4.894433781190011,98.2868,94.3769,68.8008,78.6294,78.6294,0.21262458471760803,0.0,0.0,1.0,1.0
2025-01-14,003037,3.9215686274509665,88.6421,80.0853,62.0495,70.9137,70.9137,0.5414201183431953,0.0,0.0,0.9171597633136095,1.0
2025-01-14,300243,3.9018952062430223,88.3883,85.4968,61.8718,70.7107,70.7107,0.26069518716577555,0.0,0.0,1.0,1.0
2025-01-14,300313,3.767123287671237,86.231,85.201,60.3617,68.9848,68.9848,0.18918918918918906,0.0,0.0,0.9459459459459453,1.0
2025-01-14,300340,4.972972972972989,99.1117,92.2375,69.3782,79.2893,79.2893,0.35259433962264153,0.0,0.0,1.0,1.0
2025-01-14,300437,4.08878504672896,90.6726,89.3704,63.4708,72.5381,72.5381,0.1583850931677019,0.0,0.0,0.7919254658385095,1.0
2025-01-14,300616,4.651162790697683,96.0025,92.9667,67.2018,76.802,76.802,0.19176706827309234,0.0,0.0,0.9588353413654617,1.0
2025-01-14,300621,4.190919674039573,92.3223,89.7749,64.6256,73.8579,73.8579,0.2041484716157205,0.0,0.0,1.0,1.0
2025-01-14,300730,4.99092558983667,99.6193,93.161,69.7335,79.6954,79.6954,0.3267211201866977,0.0,0.0,1.0,1.0
2025-01-14,300967,4.857928505957831,98.1599,90.8117,68.7119,78.5279,78.5279,0.3858131487889273,0.0,0.0,1.0,1.0
2025-01-14,300970,4.99092558983667,99.6193,96.9976,69.7335,79.6954,79.6954,0.13489208633093525,0.0,0.0,0.6744604316546762,1.0
2025-01-14,301098,4.0322580645161255,89.9112,88.2882,62.9378,71.9289,71.9289,0.1820388349514563,0.0,0.0,0.9101941747572815,1.0
2025-01-14,301116,4.903677758318747,98.4137,92.5791,68.8896,78.731,78.731,0.30759127653506574,0.0,0.0,1.0,1.0
2025-01-14,301126,4.18794688457611,92.132,88.5287,64.4924,73.7056,73.7056,0.2588454376163872,0.0,0.0,1.0,1.0
2025-01-14,600689,4.984093319194072,99.302,90.6346,69.5114,79.4416,79.4416,0.44035346097201755,0.0,0.0,1.0,1.0
2025-01-14,600697,3.707136237256714,85.3426,83.311,59.7398,68.2741,68.2741,0.2481536189069423,0.0,0.0,1.0,1.0
2025-01-14,601083,2.2099447513811876,53.236,55.4395,37.2652,42.5888,42.5888,0.3574666148653651,0.0,0.0,1.0,1.0
2025-01-14,601133,3.2786885245901676,78.3629,78.0372,54.8541,62.6904,62.6904,0.23265772357493794,0.0,0.0,1.0,1.0
2025-01-14,603122,3.969465648854964,89.2766,82.7631,62.4937,71.4213,71.4213,0.4329113924050634,0.0,0.0,1.0,1.0
2025-01-14,603161,4.506232023010548,94.9239,86.0422,66.4467,75.9391,75.9391,0.4948453608247422,0.0,0.0,1.0,1.0
2025-01-16,000586,1.9501625135427858,44.4521,48.8862,31.1165,35.5617,35.5617,0.33377483443708617,0.0,0.0,1.0,1.0
2025-01-16,001322,2.0606060606060517,49.1678,48.6827,34.4175,39.3343,39.3343,0.5325779036827194,0.0,0.0,0.9348441926345612,1.0
2025-01-16,002205,1.692865779927466,35.1595,40.5827,24.6117,28.1276,28.1276,0.3772455089820359,0.0,0.0,1.0,1.0
2025-01-16,002633,2.2094140249759864,54.7157,54.0474,38.301,43.7725,43.7725,0.48625792811839325,0.0,0.0,1.0,1.0
2025-01-16,002800,1.4507772020725396,22.6768,32.9117,15.8738,18.1415,18.1415,0.2614896988906499,0.0,0.0,1.0,1.0
2025-01-16,002826,4.793863854266545,97.018,88.0906,67.9126,77.6144,77.6144,0.47619047619047616,0.0,0.0,1.0,1.0
2025-01-16,002828,2.1531100478468845,52.2191,55.1452,36.5534,41.7753,41.7753,0.3315068493150682,0.0,0.0,1.0,1.0
2025-01-16,002887,2.328966521106257,58.7379,59.574,41.1165,46.9903,46.9903,0.3708133971291866,0.0,0.0,1.0,1.0
2025-01-16,003037,1.7830609212481363,38.3495,39.2595,26.8447,30.6796,30.6796,0.5710059171597636,0.0,0.0,0.8579881656804729,1.0
2025-01-16,300417,1.0840108401083848,5.2011,15.9562,3.6408,4.1609,4.1609,0.41023475550359734,0.0,0.0,1.0,1.0
2025-01-16,300611,2.9569892473118253,73.7171,66.1219,51.6019,58.9736,58.9736,0.6425855513307985,0.0,0.0,0.7148288973384029,1.0
2025-01-16,300665,2.3659305993690927,60.1248,57.9088,42.0874,48.0999,48.0999,0.5095541401273884,0.0,0.0,0.9808917197452232,1.0
2025-01-16,300686,1.4117647058823346,20.4577,28.5684,14.3204,16.3662,16.3662,0.38988580750407825,0.0,0.0,1.0,1.0
2025-01-16,300730,1.668129938542573,34.0499,39.842,23.835,27.2399,27.2399,0.3698949824970829,0.0,0.0,1.0,1.0
2025-01-16,300736,1.6094420600858417,31.4147,39.7551,21.9903,25.1318,25.1318,0.26883116883116887,0.0,0.0,1.0,1.0
2025-01-16,300749,3.5031847133757843,83.4258,79.4201,58.3981,66.7406,66.7406,0.36602870813397137,0.0,0.0,1.0,1.0
2025-01-16,300961,1.6563146997929712,33.9112,40.2235,23.7379,27.129,27.129,0.34527687296416937,0.0,0.0,1.0,1.0
2025-01-16,301013,2.787769784172678,70.111,69.8407,49.0777,56.0888,56.0888,0.31240188383045503,0.0,0.0,1.0,1.0
2025-01-16,301102,2.9798422436459138,74.6879,68.8149,52.2816,59.7503,59.7503,0.546772068511199,0.0,0.0,0.9064558629776021,1.0
2025-01-16,600697,1.9642857142857295,45.6311,50.3306,31.9417,36.5049,36.5049,0.30871491875923185,0.0,0.0,1.0,1.0
2025-01-16,601133,3.7668161434977643,86.8932,82.4234,60.8252,69.5146,69.5146,0.3545573112758644,0.0,0.0,1.0,1.0
2025-01-16,603042,2.2261798753339335,55.5479,59.0862,38.8835,44.4383,44.4383,0.26760563380281704,0.0,0.0,1.0,1.0
2025-01-16,603132,1.9056261343012748,43.0652,49.6606,30.1456,34.4521,34.4521,0.23957768287745412,0.0,0.0,1.0,1.0
2025-01-16,603716,1.5602836879432758,28.6408,36.4988,20.0485,22.9126,22.9126,0.3206896551724137,0.0,0.0,1.0,1.0
2025-01-17,002887,2.4182076813655584,61.2926,60.8523,42.9048,49.0341,49.0341,0.40909090909090917,0.0,0.0,1.0,1.0
2025-01-17,301256,1.206434316353877,9.446,18.8537,6.6122,7.5568,7.5568,0.4351563167944488,0.0,0.0,1.0,1.0
2025-01-20,000586,1.4957264957265126,24.7347,32.7679,17.3143,19.7878,19.7878,0.35099337748344367,0.0,0.0,1.0,1.0
2025-01-20,001300,2.1795989537924942,52.4536,55.8386,36.7175,41.9629,41.9629,0.3062130177514794,0.0,0.0,1.0,1.0
2025-01-20,001366,3.5305343511450316,84.0186,81.1444,58.813,67.2149,67.2149,0.30352303523035246,0.0,0.0,1.0,1.0
2025-01-20,002144,1.2757605495584023,13.3289,20.4126,9.3302,10.6631,10.6631,0.5125284738041003,0.0,0.0,0.9749430523917995,1.0
2025-01-20,002205,3.6231884057971175,85.7427,81.0193,60.0199,68.5942,68.5942,0.3787425149700598,0.0,0.0,1.0,1.0
2025-01-20,002633,2.9107981220657386,72.7454,68.4402,50.9218,58.1963,58.1963,0.48780487804878053,0.0,0.0,1.0,1.0
2025-01-20,002800,3.6548223350254094,86.1406,83.0488,60.2984,68.9125,68.9125,0.29318541996830416,0.0,0.0,1.0,1.0
2025-01-20,002828,1.1614401858304424,7.2281,17.7825,5.0597,5.7825,5.7825,0.3999999999999997,0.0,0.0,1.0,1.0
2025-01-20,002853,1.3605442176870763,17.1088,22.5072,11.9761,13.687,13.687,0.5589887640449438,0.0,0.0,0.8820224719101124,1.0
2025-01-20,002858,2.1929824561403466,52.9841,55.2444,37.0889,42.3873,42.3873,0.3571428571428571,0.0,0.0,1.0,1.0
2025-01-20,002871,3.0139935414424057,75.3979,68.9065,52.7785,60.3183,60.3183,0.5705882352941176,0.0,0.0,0.8588235294117648,1.0
2025-01-20,002910,2.103786816269282,49.4032,52.3696,34.5822,39.5225,39.5225,0.3576470588235294,0.0,0.0,1.0,1.0
2025-01-20,002921,2.383053839364524,59.4828,58.383,41.6379,47.5862,47.5862,0.46016260162601624,0.0,0.0,1.0,1.0
2025-01-20,002963,3.0442804428044257,75.7958,74.9888,53.057,60.6366,60.6366,0.282392026578073,0.0,0.0,1.0,1.0
2025-01-20,003003,2.3809523809523947,59.3501,57.8212,41.5451,47.4801,47.4801,0.4829443447037704,0.0,0.0,1.0,1.0
2025-01-20,300243,1.8220793140407254,39.3236,45.2824,27.5265,31.4589,31.4589,0.3088235294117648,0.0,0.0,1.0,1.0
2025-01-20,300306,2.515723270440229,63.5942,61.1071,44.5159,50.8753,50.8753,0.48841354723707686,0.0,0.0,1.0,1.0
2025-01-20,300314,2.5328330206378924,64.2573,66.452,44.9801,51.4058,51.4058,0.24769230769230766,0.0,0.0,1.0,1.0
2025-01-20,300340,1.6580310880829119,33.0902,38.4769,23.1631,26.4721,26.4721,0.3997641509433963,0.0,0.0,1.0,1.0
2025-01-20,300417,2.4236983842010673,60.6764,60.1972,42.4735,48.5411,48.5411,0.41719657120591574,0.0,0.0,1.0,1.0
2025-01-20,300500,2.9352226720647634,73.2759,75.6577,51.2931,58.6207,58.6207,0.14814814814814803,0.0,0.0,0.7407407407407401,1.0
2025-01-20,300605,2.3978685612788597,60.0133,60.5903,42.0093,48.0106,48.0106,0.37101449275362325,0.0,0.0,1.0,1.0
2025-01-20,300610,1.7453798767967044,36.4058,38.2647,25.4841,29.1247,29.1247,0.5429975429975431,0.0,0.0,0.9140049140049138,1.0
2025-01-20,300611,2.157031924072461,51.3926,46.6274,35.9748,41.1141,41.1141,0.7243346007604564,0.0,0.0,0.5513307984790872,1.0
2025-01-20,300621,1.5873015873016039,29.6419,39.1284,20.7493,23.7135,23.7135,0.2292576419213974,0.0,0.0,1.0,1.0
2025-01-20,300626,2.957283680175249,73.8064,71.4432,51.6645,59.0451,59.0451,0.3800946803439598,0.0,0.0,1.0,1.0
2025-01-20,300635,2.6511134676564074,66.5119,65.9578,46.5584,53.2095,53.2095,0.3625899280575539,0.0,0.0,1.0,1.0
2025-01-20,300650,1.1986301369863117,8.687,14.6113,6.0809,6.9496,6.9496,0.6169147560970187,0.0,0.0,0.7661704878059625,1.0
2025-01-20,300686,3.383897316219353,81.4987,77.1728,57.0491,65.1989,65.1989,0.401305057096248,0.0,0.0,1.0,1.0
2025-01-20,300736,2.4838012958963374,62.6658,64.9118,43.866,50.1326,50.1326,0.261038961038961,0.0,0.0,1.0,1.0
2025-01-20,300749,2.898550724637672,72.2149,70.7862,50.5504,57.7719,57.7719,0.3492822966507177,0.0,0.0,1.0,1.0
2025-01-20,300771,2.4654832347139832,62.1353,60.9608,43.4947,49.7082,49.7082,0.4373716632443534,0.0,0.0,1.0,1.0
2025-01-20,300884,1.6068052930056753,30.4377,35.4469,21.3064,24.3501,24.3501,0.4451630503908814,0.0,0.0,1.0,1.0
2025-01-20,300885,2.372262773722622,59.0849,54.9517,41.3594,47.2679,47.2679,0.6158088235294119,0.0,0.0,0.7683823529411762,1.0
2025-01-20,300961,1.962809917355357,44.7613,48.8601,31.3329,35.809,35.809,0.3474484256243213,0.0,0.0,1.0,1.0
2025-01-20,300967,1.3043478260869712,15.1857,22.3908,10.63,12.1485,12.1485,0.4878892733564012,0.0,0.0,1.0,1.0
2025-01-20,301009,2.6794258373205926,67.0424,64.5566,46.9297,53.634,53.634,0.4538653366583541,0.0,0.0,1.0,1.0
2025-01-20,301013,2.5261324041811806,63.992,63.8153,44.7944,51.1936,51.1936,0.368916797488226,0.0,0.0,1.0,1.0
2025-01-20,301032,3.271537622682663,79.7745,75.1389,55.8422,63.8196,63.8196,0.43403693931398407,0.0,0.0,1.0,1.0
2025-01-20,301098,2.7237354085603016,68.1034,69.5313,47.6724,54.4828,54.4828,0.24757281553398047,0.0,0.0,1.0,1.0
2025-01-20,301120,4.678362573099393,96.3528,91.1969,67.4469,77.0822,77.0822,0.2942643391521197,0.0,0.0,1.0,1.0
2025-01-20,301125,2.9891304347826164,74.8674,72.3549,52.4072,59.8939,59.8939,0.37695078031212487,0.0,0.0,1.0,1.0
2025-01-20,301126,1.86092066601371,40.9151,45.9909,28.6406,32.7321,32.7321,0.3370577281191808,0.0,0.0,1.0,1.0
2025-01-20,301198,2.1072796934865856,49.8011,52.8438,34.8607,39.8408,39.8408,0.3498513379583746,0.0,0.0,1.0,1.0
2025-01-20,600689,4.702495201535517,96.4854,85.4652,67.5398,77.1883,77.1883,0.5861561119293077,0.0,0.0,0.8276877761413846,1.0
2025-01-20,600697,1.9590382902938464,44.3634,49.2278,31.0544,35.4907,35.4907,0.31314623338257025,0.0,0.0,1.0,1.0
2025-01-20,600847,3.20591861898889,78.183,76.1888,54.7281,62.5464,62.5464,0.3178807947019867,0.0,0.0,1.0,1.0
2025-01-20,601083,1.396348012889348,18.7666,25.8873,13.1366,15.0133,15.0133,0.4563003252812202,0.0,0.0,1.0,1.0
2025-01-20,603122,2.7737226277372296,69.2971,65.4635,48.508,55.4377,55.4377,0.49870801033591733,0.0,0.0,1.0,1.0
2025-01-20,603506,3.9473684210526327,90.3846,83.1155,63.2692,72.3077,72.3077,0.459610027855153,0.0,0.0,1.0,1.0
2025-01-20,603716,1.859799713876975,40.6499,46.9343,28.4549,32.5199,32.5199,0.27927927927927926,0.0,0.0,1.0,1.0
2025-01-20,605155,3.824091778202665,88.6605,80.5679,62.0623,70.9284,70.9284,0.5180265654648959,0.0,0.0,0.9639468690702082,1.0
2025-01-20,605303,1.5706806282722585,28.183,33.8353,19.7281,22.5464,22.5464,0.43555555555555553,0.0,0.0,1.0,1.0
2025-01-23,002858,1.5111111111111075,25.7468,33.9105,18.0228,20.5974,20.5974,0.3343465045592704,0.0,0.0,1.0,1.0
2025-01-23,002921,3.4995625546806686,84.2817,77.8969,58.9972,67.4253,67.4253,0.4764227642276422,0.0,0.0,1.0,1.0
2025-01-23,300340,1.1689691817215575,8.4637,19.5528,5.9246,6.771,6.771,0.3609112709832134,0.0,0.0,1.0,1.0
2025-01-23,300517,1.8823529411764683,43.3144,50.0126,30.3201,34.6515,34.6515,0.23194441820134315,0.0,0.0,1.0,1.0
2025-01-23,300605,1.7825311942959,38.478,43.478,26.9346,30.7824,30.7824,0.365217391304348,0.0,0.0,1.0,1.0
2025-01-23,300730,1.5232974910394326,26.6714,34.476,18.67,21.3371,21.3371,0.34305717619603265,0.0,0.0,1.0,1.0
2025-01-23,300749,2.975206611570247,75.4623,74.557,52.8236,60.3698,60.3698,0.29064039408866993,0.0,0.0,1.0,1.0
2025-01-23,301098,1.538461538461533,27.3826,36.5178,19.1679,21.9061,21.9061,0.2694174757281552,0.0,0.0,1.0,1.0
2025-01-23,301102,2.3508137432187937,59.3883,57.4975,41.5718,47.5107,47.5107,0.500658761528327,0.0,0.0,0.998682476943346,1.0
2025-01-23,603151,1.9462465245597915,45.0213,43.9472,31.5149,36.0171,36.0171,0.6034912718204486,0.0,0.0,0.7930174563591028,1.0
2025-01-23,603810,3.947368421052655,90.9673,85.0989,63.6771,72.7738,72.7738,0.38374717832957095,0.0,0.0,1.0,1.0
2025-01-23,605069,1.7416545718432541,37.1977,44.5064,26.0384,29.7582,29.7582,0.26258992805755393,0.0,0.0,1.0,1.0
2025-01-24,002209,1.775147928994092,37.9828,38.7265,48.2685,45.3863,44.5564,0.58298755186722,1.0,0.0,0.8340248962655601,1.0
2025-01-24,002780,1.1294526498696777,6.7954,17.0234,4.7568,5.4363,5.4363,0.42064516129032253,0.0,0.0,1.0,1.0
2025-01-24,002828,2.080783353733162,50.1431,54.5254,35.1001,40.1144,40.1144,0.2794520547945204,0.0,0.0,1.0,1.0
2025-01-24,002858,2.626970227670755,66.8813,66.3014,46.8169,53.505,53.505,0.36018237082066856,0.0,0.0,1.0,1.0
2025-01-24,002875,1.1206896551724244,6.5093,23.2566,4.5565,5.2074,5.2074,0.09754028837998308,0.0,0.0,0.4877014418999154,1.0
2025-01-24,300306,2.0905923344947785,50.7153,49.854,35.5007,40.5722,40.5722,0.5359116022099448,0.0,0.0,0.9281767955801103,1.0
2025-01-24,300417,1.538461538461533,27.1817,33.9044,19.0272,21.7454,21.7454,0.3920484283696982,0.0,0.0,1.0,1.0
2025-01-24,300517,3.002309468822184,76.3233,75.6546,53.4263,61.0587,61.0587,0.2702032913067195,0.0,0.0,1.0,1.0
2025-01-24,300518,3.303571428571428,81.9027,76.1857,57.3319,65.5222,65.5222,0.466824644549763,0.0,0.0,1.0,1.0
2025-01-24,300605,2.889667250437822,72.7468,70.3134,50.9227,58.1974,58.1974,0.3942028985507247,0.0,0.0,1.0,1.0
2025-01-24,300610,2.5510204081632626,65.3076,61.0913,45.7153,52.2461,52.2461,0.5577395577395581,0.0,0.0,0.8845208845208838,1.0
2025-01-24,300621,2.5258323765786184,64.7353,67.7571,45.3147,51.7883,51.7883,0.2015590200445435,0.0,0.0,1.0,1.0
2025-01-24,300650,1.5652173913043521,28.2546,30.9285,19.7783,22.6037,22.6037,0.5837631484515682,0.0,0.0,0.8324737030968636,1.0
2025-01-24,300665,3.0206677265500748,76.7525,71.5617,53.7268,61.402,61.402,0.49201277955271566,0.0,0.0,1.0,1.0
2025-01-24,300686,1.5294117647058902,26.681,33.8531,18.6767,21.3448,21.3448,0.37458193979933113,0.0,0.0,1.0,1.0
2025-01-24,300736,1.541850220264318,27.3963,37.1638,19.1774,21.917,21.917,0.23766233766233769,0.0,0.0,1.0,1.0
2025-01-24,300771,2.3278370514064006,58.5837,57.4214,41.0086,46.867,46.867,0.4722792607802875,0.0,0.0,1.0,1.0
2025-01-24,300884,3.238469087340534,80.4006,77.2681,56.2804,64.3205,64.3205,0.3526174014900626,0.0,0.0,1.0,1.0
2025-01-24,300912,2.086956521739136,50.3577,52.9208,35.2504,40.2861,40.2861,0.36826783114992717,0.0,0.0,1.0,1.0
2025-01-24,300961,1.5873015873015817,30.4006,37.8709,21.2804,24.3205,24.3205,0.3224755700325732,0.0,0.0,1.0,1.0
2025-01-24,301009,2.4038461538461453,61.4449,60.2033,43.0114,49.1559,49.1559,0.44763092269326693,0.0,0.0,1.0,1.0
2025-01-24,301013,1.558441558441559,27.9685,34.7767,19.578,22.3748,22.3748,0.37990580847723715,0.0,0.0,1.0,1.0
2025-01-24,301102,2.8268551236749095,71.4592,66.4691,50.0215,57.1674,57.1674,0.5349143610013177,0.0,0.0,0.9301712779973645,1.0
2025-01-24,301125,1.253357206803929,13.0901,22.621,9.1631,10.4721,10.4721,0.39255702280912375,0.0,0.0,1.0,1.0
2025-01-24,301198,1.9267822736030782,43.9914,48.7866,30.794,35.1931,35.1931,0.32032854209445594,0.0,0.0,1.0,1.0
2025-01-24,603161,3.0470914127423754,77.1817,70.199,75.9344,76.7454,75.9722,0.5773195876288659,1.0,0.0,0.8453608247422681,1.0
2025-01-24,603810,1.8987341772151778,43.4192,45.4351,30.3934,34.7353,34.7353,0.4650112866817157,0.0,0.0,1.0,1.0
2025-02-05,000586,2.714440825190012,67.5898,67.4849,47.3129,54.0719,54.0719,0.3293492695883135,0.0,0.0,1.0,1.0
2025-02-05,001300,1.1255411255411074,6.0629,18.4894,4.244,4.8503,4.8503,0.31804733727810663,0.0,0.0,1.0,1.0
2025-02-05,002058,2.598870056497171,65.1946,68.6804,45.6362,52.1557,52.1557,0.1737619461337967,0.0,0.0,0.8688097306689835,1.0
2025-02-05,002205,1.585365853658538,28.8174,35.911,20.1722,23.0539,23.0539,0.3571428571428571,0.0,0.0,1.0,1.0
2025-02-05,002800,3.6742800397219444,85.4042,81.7623,59.7829,68.3234,68.3234,0.3280507131537243,0.0,0.0,1.0,1.0
2025-02-05,002826,3.079710144927561,76.4222,69.6106,53.4955,61.1377,61.1377,0.5763546798029555,0.0,0.0,0.847290640394089,1.0
2025-02-05,002828,1.5439429928741255,26.2725,34.0591,18.3907,21.018,21.018,0.3479452054794519,0.0,0.0,1.0,1.0
2025-02-05,002858,4.389815627743632,94.3862,88.3965,66.0704,75.509,75.509,0.35562310030395133,0.0,0.0,1.0,1.0
2025-02-05,002963,4.2592592592592515,93.7874,89.515,65.6512,75.0299,75.0299,0.27574750830564787,0.0,0.0,1.0,1.0
2025-02-05,002972,1.4150943396226356,18.7874,23.531,13.1512,15.0299,15.0299,0.5749472254507153,0.0,0.0,0.8501055490985694,1.0
2025-02-05,300306,2.864583333333326,70.4341,65.4817,49.3039,56.3473,56.3473,0.5432780847145487,0.0,0.0,0.9134438305709025,1.0
2025-02-05,300340,3.6055143160127257,84.506,80.3386,59.1542,67.6048,67.6048,0.3633093525179855,0.0,0.0,1.0,1.0
2025-02-05,300437,4.6875,96.7814,96.9904,67.747,77.4251,77.4251,0.021739130434782556,0.0,0.0,0.10869565217391278,1.0
2025-02-05,300478,3.6677454153182243,85.2545,80.3229,59.6781,68.2036,68.2036,0.39403453689167967,0.0,0.0,1.0,1.0
2025-02-05,300626,2.3153252480705433,56.3623,57.9007,39.4536,45.0898,45.0898,0.35945517799224075,0.0,0.0,1.0,1.0
2025-02-05,300635,3.9572192513369187,90.0449,85.0518,63.0314,72.0359,72.0359,0.3492063492063492,0.0,0.0,1.0,1.0
2025-02-05,300650,2.763385146804831,68.3383,62.7007,47.8368,54.6707,54.6707,0.5984971962939908,0.0,0.0,0.8030056074120184,1.0
2025-02-05,300665,3.875968992248069,88.2485,79.7362,61.774,70.5988,70.5988,0.5431309904153355,0.0,0.0,0.913738019169329,1.0
2025-02-05,300686,2.923976608187129,72.2305,70.1256,50.5614,57.7844,57.7844,0.38294314381270916,0.0,0.0,1.0,1.0
2025-02-05,300736,4.451682953311598,94.8353,90.7774,66.3847,75.8683,75.8683,0.2545454545454547,0.0,0.0,1.0,1.0
2025-02-05,300771,1.7191977077363862,34.3563,37.3824,24.0494,27.485,27.485,0.5051334702258727,0.0,0.0,0.9897330595482545,1.0
2025-02-05,300871,4.24300867888141,93.3383,85.468,65.3368,74.6707,74.6707,0.46013289036544835,0.0,0.0,1.0,1.0
2025-02-05,300885,1.0238907849829282,1.5719,6.2294,16.0442,16.2575,13.7435,0.7514018691588785,1.0,0.0,0.49719626168224296,1.0
2025-02-05,300958,1.9469026548672552,43.6377,47.6048,30.5464,34.9102,34.9102,0.36526946107784436,0.0,0.0,1.0,1.0
2025-02-05,300961,4.281009879253572,93.9371,89.4385,65.756,75.1497,75.1497,0.28555917480998905,0.0,0.0,1.0,1.0
2025-02-05,301013,4.283216783216792,94.0868,88.0167,65.8608,75.2695,75.2695,0.36263736263736235,0.0,0.0,1.0,1.0
2025-02-05,301032,2.386117136659416,59.3563,58.8068,41.5494,47.485,47.485,0.4339118825100134,0.0,0.0,1.0,1.0
2025-02-05,301120,1.674641148325362,32.5599,41.1102,22.7919,26.0479,26.0479,0.246882793017456,0.0,0.0,1.0,1.0
2025-02-05,301125,3.886925795053009,88.3982,82.5073,61.8787,70.7186,70.7186,0.41056422569027623,0.0,0.0,1.0,1.0
2025-02-05,301288,1.1884550084889645,8.009,24.9096,5.6063,6.4072,6.4072,0.0748775367389782,0.0,0.0,0.374387683694891,1.0
2025-02-05,301355,1.140350877192975,6.8114,17.0361,4.768,5.4491,5.4491,0.4206500956022945,0.0,0.0,1.0,1.0
2025-02-05,600671,1.3655462184874123,16.0928,16.3054,11.265,12.8743,12.8743,0.8284424379232506,0.0,0.0,0.3431151241534989,1.0
2025-02-05,601133,1.2773722627737127,12.7994,23.7422,8.9596,10.2395,10.2395,0.32486382196410035,0.0,0.0,1.0,1.0
2025-02-05,603122,2.328966521106257,57.1856,55.671,40.0299,45.7485,45.7485,0.5038759689922482,0.0,0.0,0.9922480620155036,1.0
2025-02-05,603506,4.004576659038905,90.494,81.086,63.3458,72.3952,72.3952,0.565459610027855,0.0,0.0,0.8690807799442899,1.0
2025-02-05,603716,3.1165311653116534,76.7216,74.3863,53.7051,61.3772,61.3772,0.3495495495495495,0.0,0.0,1.0,1.0
2025-02-05,603810,2.9821073558647937,74.1766,67.4226,51.9237,59.3413,59.3413,0.5959367945823929,0.0,0.0,0.8081264108352142,1.0
2025-02-06,000586,2.74841437632134,68.5022,67.5508,47.9515,54.8018,54.8018,0.3625498007968128,0.0,0.0,1.0,1.0
2025-02-06,001300,1.5410958904109373,25.1836,33.4013,17.6285,20.1468,20.1468,0.3372781065088757,0.0,0.0,1.0,1.0
2025-02-06,002058,1.982378854625555,44.8605,52.0135,31.4023,35.8884,35.8884,0.19374456993918335,0.0,0.0,0.9687228496959167,1.0
2025-02-06,002144,2.5176233635448186,63.5095,61.9445,44.4567,50.8076,50.8076,0.443155452436195,0.0,0.0,1.0,1.0
2025-02-06,002209,1.2560386473430052,11.5272,16.6906,28.0068,24.2217,22.9562,0.6265560165975105,1.0,0.0,0.746887966804979,1.0
2025-02-06,002780,1.5301530153015275,24.3025,32.0614,17.0117,19.442,19.442,0.36903225806451606,0.0,0.0,1.0,1.0
2025-02-06,002848,2.6533996683250516,66.5932,71.6337,46.6153,53.2746,53.2746,0.0820433436532508,0.0,0.0,0.410216718266254,1.0
2025-02-06,002910,3.5374149659864074,83.627,78.7134,58.5389,66.9016,66.9016,0.40941176470588225,0.0,0.0,1.0,1.0
2025-02-06,003018,1.3527575442247475,14.6109,17.8069,27.4641,26.6887,24.7478,0.6940874035989715,1.0,0.0,0.611825192802057,1.0
2025-02-06,300243,2.0386266094420513,46.6226,51.1484,32.6358,37.2981,37.2981,0.30748663101604284,0.0,0.0,1.0,1.0
2025-02-06,300340,2.3541453428863823,57.7093,58.0859,40.3965,46.1674,46.1674,0.40407673860911264,0.0,0.0,1.0,1.0
2025-02-06,300621,1.3407821229050487,14.3172,26.888,10.022,11.4537,11.4537,0.22828507795100214,0.0,0.0,1.0,1.0
2025-02-06,300626,2.9094827586207073,72.0999,69.7414,50.4699,57.6799,57.6799,0.39692437370857186,0.0,0.0,1.0,1.0
2025-02-06,300635,2.9835390946501894,74.8164,71.8012,52.3715,59.8532,59.8532,0.40259740259740273,0.0,0.0,1.0,1.0
2025-02-06,300665,1.044776119402968,2.5698,9.5957,1.7988,2.0558,2.0558,0.623003194888179,0.0,0.0,0.753993610223642,1.0
2025-02-06,300686,4.43181818181817,94.6402,87.2172,66.2482,75.7122,75.7122,0.42474916387959877,0.0,0.0,1.0,1.0
2025-02-06,300736,2.910602910602922,72.3201,71.7002,50.6241,57.8561,57.8561,0.30779220779220773,0.0,0.0,1.0,1.0
2025-02-06,300749,1.5105740181268867,22.3201,29.2354,15.6241,17.8561,17.8561,0.4310344827586207,0.0,0.0,1.0,1.0
2025-02-06,300771,2.3474178403755985,57.1953,54.9144,40.0367,45.7562,45.7562,0.542094455852156,0.0,0.0,0.915811088295688,1.0
2025-02-06,300961,2.421052631578946,60.5727,61.9001,42.4009,48.4581,48.4581,0.3279044516829533,0.0,0.0,1.0,1.0
2025-02-06,301009,2.473834443387246,61.7474,60.171,43.2232,49.3979,49.3979,0.4613466334164589,0.0,0.0,1.0,1.0
2025-02-06,301032,1.2711864406779627,11.8209,20.191,8.2746,9.4567,9.4567,0.46328437917222953,0.0,0.0,1.0,1.0
2025-02-06,301037,1.2081784386617223,8.5169,16.8316,5.9618,6.8135,6.8135,0.4990958408679928,0.0,0.0,1.0,1.0
2025-02-06,301102,1.8502202643171817,38.9868,40.4121,27.2907,31.1894,31.1894,0.538866930171278,0.0,0.0,0.9222661396574441,1.0
2025-02-06,301120,1.8823529411764683,40.9692,47.1394,28.6784,32.7753,32.7753,0.28179551122194507,0.0,0.0,1.0,1.0
2025-02-06,301125,1.9557823129251695,43.5389,45.5634,30.4772,34.8311,34.8311,0.4633853541416567,0.0,0.0,1.0,1.0
2025-02-06,301198,3.207547169811309,78.4875,75.9317,54.9413,62.79,62.79,0.34291581108829566,0.0,0.0,1.0,1.0
2025-02-06,600689,2.1072796934865856,49.7797,48.0418,34.8458,39.8238,39.8238,0.589101620029455,0.0,0.0,0.82179675994109,1.0
2025-02-06,601133,2.3423423423423406,56.9016,58.5864,39.8311,45.5213,45.5213,0.3467432351411895,0.0,0.0,1.0,1.0
2025-02-06,603122,1.5647226173541862,26.3583,30.1822,18.4508,21.0866,21.0866,0.5452196382428942,0.0,0.0,0.9095607235142116,1.0
2025-02-06,603716,2.4967148488830526,62.4816,62.1655,43.7372,49.9853,49.9853,0.390990990990991,0.0,0.0,1.0,1.0
2025-02-06,603810,1.640926640926632,30.3231,30.9853,39.6799,39.2584,37.6219,0.6636568848758464,1.0,0.0,0.6726862302483072,1.0
2025-02-06,603813,1.9895287958115127,45.0073,52.5107,31.5051,36.0059,36.0059,0.17475728155339826,0.0,0.0,0.8737864077669912,1.0
2025-02-07,000586,1.5432098765431945,26.2074,33.0243,18.3452,20.9659,20.9659,0.3970783532536521,0.0,0.0,1.0,1.0
2025-02-07,000929,1.760000000000006,36.4347,44.8257,25.5043,29.1477,29.1477,0.2161016949152542,0.0,0.0,1.0,1.0
2025-02-07,001300,1.0118043844856928,0.2131,12.8923,0.1491,0.1705,0.1705,0.36390532544378673,0.0,0.0,1.0,1.0
2025-02-07,001318,1.1839708561020013,7.5994,20.0405,5.3196,6.0795,6.0795,0.3019538188277087,0.0,0.0,1.0,1.0
2025-02-07,001366,1.6869728209934376,33.1676,39.4338,48.2173,41.5341,41.5341,0.35501355013550134,1.0,0.0,1.0,1.0
2025-02-07,002058,2.807775377969768,69.8153,71.6646,48.8707,55.8523,55.8523,0.20938314509122505,0.0,0.0,1.0,1.0
2025-02-07,002144,2.6522593320235544,66.6903,63.3291,46.6832,53.3523,53.3523,0.5011600928074247,0.0,0.0,0.9976798143851506,1.0
2025-02-07,002848,3.554119547657497,84.304,85.307,59.0128,67.4432,67.4432,0.10681114551083595,0.0,0.0,0.5340557275541797,1.0
2025-02-07,002910,3.285151116951379,80.4688,74.9632,56.3281,64.375,64.375,0.47058823529411775,0.0,0.0,1.0,1.0
2025-02-07,003003,1.6210739614994862,30.4688,33.9621,50.5023,44.375,44.1685,0.5206463195691203,1.0,1.0,0.9587073608617593,1.0
2025-02-07,300243,2.103049421661418,49.929,53.2854,34.9503,39.9432,39.9432,0.33288770053475936,0.0,0.0,1.0,1.0
2025-02-07,300437,1.6209476309227089,30.3267,42.7707,21.2287,24.2614,24.2614,0.07453416149068315,0.0,0.0,0.37267080745341574,1.0
2025-02-07,300478,1.0548523206751037,3.125,13.96,2.1875,2.5,2.5,0.42700156985871274,0.0,0.0,1.0,1.0
2025-02-07,300500,1.3618677042801508,16.1222,28.4533,11.2855,12.8977,12.8977,0.22222222222222204,0.0,0.0,1.0,1.0
2025-02-07,300621,1.4332965821389099,19.8153,31.0193,13.8707,15.8523,15.8523,0.24164810690423166,0.0,0.0,1.0,1.0
2025-02-07,300665,1.3293943870014813,14.4176,18.6267,10.0923,11.5341,11.5341,0.6453674121405749,0.0,0.0,0.7092651757188502,1.0
2025-02-07,300871,2.889095992544255,71.5199,66.8172,50.0639,57.2159,57.2159,0.5199335548172759,0.0,0.0,0.9601328903654482,1.0
2025-02-07,300884,1.0327022375215211,1.9176,9.9768,1.3423,1.5341,1.5341,0.5778624418475347,0.0,0.0,0.8442751163049307,1.0
2025-02-07,301009,2.042711234911798,47.6562,48.2497,33.3594,38.125,38.125,0.4937655860349127,0.0,0.0,1.0,1.0
2025-02-07,301032,1.3598326359832713,15.696,22.9707,10.9872,12.5568,12.5568,0.47930574098798384,0.0,0.0,1.0,1.0
2025-02-07,301037,1.3774104683195398,16.6903,22.9002,11.6832,13.3523,13.3523,0.522603978300181,0.0,0.0,0.954792043399638,1.0
2025-02-07,301102,1.211072664359869,9.1619,15.9988,6.4134,7.3295,7.3295,0.5665349143610013,0.0,0.0,0.8669301712779973,1.0
2025-02-07,301120,1.3856812933025209,17.1165,27.2593,11.9815,13.6932,13.6932,0.3216957605985038,0.0,0.0,1.0,1.0
2025-02-07,301126,1.1183597390493905,5.4688,15.6972,3.8281,4.375,4.375,0.4338919925512105,0.0,0.0,1.0,1.0
2025-02-07,301408,1.7132551848512145,34.1619,40.4449,23.9134,27.3295,27.3295,0.3442307692307692,0.0,0.0,1.0,1.0
2025-02-07,603122,3.7815126050420256,87.1449,78.243,61.0014,69.7159,69.7159,0.5736434108527132,0.0,0.0,0.8527131782945736,1.0
2025-02-07,603137,4.29104477611939,94.2472,87.7239,65.973,75.3977,75.3977,0.3836930455635495,0.0,0.0,1.0,1.0
2025-02-10,000586,3.0395136778115672,75.3129,71.9104,52.7191,60.2503,60.2503,0.4169986719787515,0.0,0.0,1.0,1.0
2025-02-10,000929,4.088050314465397,91.3074,88.2578,63.9152,73.0459,73.0459,0.23940677966101698,0.0,0.0,1.0,1.0
2025-02-10,001318,2.6102610261026227,65.0209,65.5158,45.5146,52.0167,52.0167,0.3250444049733568,0.0,0.0,1.0,1.0
2025-02-10,001322,1.3106159895150737,13.4214,23.8966,9.395,10.7371,10.7371,0.3420289855072463,0.0,0.0,1.0,1.0
2025-02-10,001366,1.935483870967758,41.7942,45.3594,54.2559,48.4353,48.4353,0.4037940379403793,1.0,0.0,1.0,1.0
2025-02-10,002780,2.566371681415913,63.9082,63.2556,44.7357,51.1266,51.1266,0.3935483870967743,0.0,0.0,1.0,1.0
2025-02-10,002800,1.2404580152671763,10.3616,20.4288,7.2531,8.2893,8.2893,0.39302694136291605,0.0,0.0,1.0,1.0
2025-02-10,002809,2.1479713603818507,50.8345,47.7338,54.7166,55.6676,54.2007,0.6466876971608834,1.0,0.0,0.7066246056782333,1.0
2025-02-10,002826,1.7969451931716174,37.4826,38.1634,47.5925,44.9861,44.0748,0.5911330049261084,1.0,0.0,0.8177339901477831,1.0
2025-02-10,002828,1.6203703703703498,29.2768,35.257,20.4937,23.4214,23.4214,0.4082191780821918,0.0,0.0,1.0,1.0
2025-02-10,002853,1.5873015873015817,27.9555,28.44,19.5688,22.3644,22.3644,0.6962209302325582,0.0,0.0,0.6075581395348837,1.0
2025-02-10,002910,3.0534351145037997,75.8693,70.1072,76.932,75.6954,75.4013,0.5294117647058825,1.0,0.0,0.9411764705882351,1.0
2025-02-10,002963,2.015775635407535,45.5494,48.898,31.8846,36.4395,36.4395,0.37707641196013275,0.0,0.0,1.0,1.0
2025-02-10,002972,1.4692378328741817,20.9318,23.4601,33.0815,31.7455,30.1028,0.6642699099574496,1.0,0.0,0.6714601800851008,1.0
2025-02-10,003003,2.193419740777691,52.6426,51.1266,64.8749,62.114,61.6203,0.5493716337522441,1.0,1.0,0.9012567324955119,1.0
2025-02-10,300243,1.6477857878475666,30.7371,37.3972,21.516,24.5897,24.5897,0.359625668449198,0.0,0.0,1.0,1.0
2025-02-10,300314,3.7803780378037777,86.9958,83.2582,60.8971,69.5967,69.5967,0.3169230769230767,0.0,0.0,1.0,1.0
2025-02-10,300340,2.01005025125629,45.2712,47.7038,31.6898,36.217,36.217,0.42565947242206226,0.0,0.0,1.0,1.0
2025-02-10,300437,1.7177914110429349,33.7274,45.0875,23.6092,26.9819,26.9819,0.09472049689440998,0.0,0.0,0.4736024844720499,1.0
2025-02-10,300610,1.598401598401611,28.6509,30.734,20.0556,22.9207,22.9207,0.609336609336609,0.0,0.0,0.7813267813267819,1.0
2025-02-10,300626,2.105263157894721,49.3046,50.7201,34.5132,39.4437,39.4437,0.4361778168399667,0.0,0.0,1.0,1.0
2025-02-10,300635,3.1936127744510934,77.8164,73.3354,54.4715,62.2531,62.2531,0.4458874458874459,0.0,0.0,1.0,1.0
2025-02-10,300649,3.532608695652173,83.2406,78.1848,58.2684,66.5925,66.5925,0.4203821656050954,0.0,0.0,1.0,1.0
2025-02-10,300686,1.6322089227421177,30.1113,34.3068,21.0779,24.089,24.089,0.4891122278056951,0.0,0.0,1.0,1.0
2025-02-10,300736,3.4068136272545013,81.1544,77.8326,56.8081,64.9235,64.9235,0.3545454545454546,0.0,0.0,1.0,1.0
2025-02-10,300749,2.5487256371814038,63.63,62.037,69.541,65.904,65.904,0.4433497536945813,1.0,0.0,1.0,1.0
2025-02-10,300771,2.643573381950759,65.8554,60.5282,46.0987,52.6843,52.6843,0.6078028747433264,0.0,0.0,0.7843942505133472,1.0
2025-02-10,300961,4.693877551020398,97.0097,90.3982,67.9068,77.6078,77.6078,0.3604777415852335,0.0,0.0,1.0,1.0
2025-02-10,300978,1.7793594306049876,36.2309,38.7864,25.3616,28.9847,28.9847,0.509915645392448,0.0,0.0,0.9801687092151039,1.0
2025-02-10,301009,2.0018198362147466,45.1321,45.6818,31.5925,36.1057,36.1057,0.5211970074812968,0.0,0.0,0.9576059850374063,1.0
2025-02-10,301032,2.1671826625387025,51.5299,51.2907,36.0709,41.2239,41.2239,0.49666221628838436,0.0,0.0,1.0,1.0
2025-02-10,301037,2.1739130434782705,51.8081,50.4519,36.2656,41.4465,41.4465,0.5497287522603977,0.0,0.0,0.9005424954792045,1.0
2025-02-10,301120,1.4806378132118603,21.7663,30.3807,15.2364,17.4131,17.4131,0.3516209476309223,0.0,0.0,1.0,1.0
2025-02-10,301126,2.764976958525356,68.2197,65.451,47.7538,54.5758,54.5758,0.45623836126629413,0.0,0.0,1.0,1.0
2025-02-10,301408,2.393617021276606,58.7622,59.3944,41.1335,47.0097,47.0097,0.3807692307692306,0.0,0.0,1.0,1.0
2025-02-10,600689,3.5547240411599734,84.0751,74.7417,58.8526,67.2601,67.2601,0.6259204712812959,0.0,0.0,0.7481590574374082,1.0
2025-02-10,600697,3.733333333333322,86.1613,82.6071,60.3129,68.9291,68.9291,0.31610044313146235,0.0,0.0,1.0,1.0
2025-02-10,601133,1.3134851138353776,13.5605,22.9133,9.4924,10.8484,10.8484,0.3967533224031081,0.0,0.0,1.0,1.0
2025-02-10,603065,2.24274406332452,54.3115,56.9775,38.0181,43.4492,43.4492,0.3235891071037498,0.0,0.0,1.0,1.0
2025-02-10,603122,4.048582995951411,90.8901,79.8439,63.6231,72.7121,72.7121,0.6434108527131784,0.0,0.0,0.7131782945736431,1.0
2025-02-10,603137,3.75670840787119,86.4395,79.2715,85.5076,84.1516,84.1516,0.4940047961630697,1.0,0.0,1.0,1.0
2025-02-10,603810,2.8735632183908066,70.306,62.6105,66.9456,71.2448,69.4276,0.6817155756207675,1.0,0.0,0.6365688487584651,1.0
2025-02-12,001322,4.0051679586563305,90.2422,84.7155,63.1695,72.1937,72.1937,0.37391304347826093,0.0,0.0,1.0,1.0
2025-02-12,002205,4.407135362014691,94.5157,84.4271,88.7901,90.6125,90.0198,0.5592705167173252,1.0,0.0,0.8814589665653496,1.0
2025-02-12,300243,3.480040941658147,81.9801,78.2311,57.386,65.584,65.584,0.3676470588235294,0.0,0.0,1.0,1.0
2025-02-12,300649,1.380500431406384,16.0969,22.7183,35.9493,27.8775,27.7979,0.5079617834394905,1.0,0.0,0.984076433121019,1.0
2025-02-12,603137,3.0120481927710996,74.4302,67.5538,73.1203,74.5442,73.549,0.5995203836930456,1.0,0.0,0.8009592326139088,1.0
2025-02-12,603716,2.8477546549835697,69.1595,62.0303,66.8171,70.3276,68.679,0.664864864864865,1.0,0.0,0.6702702702702701,1.0
2025-02-12,605069,1.4959723820483495,22.0085,25.8802,36.9527,32.6068,31.7435,0.5863309352517985,1.0,0.0,0.8273381294964031,1.0
2025-02-14,002828,1.7361111111110938,34.0943,39.111,48.866,42.2754,42.2754,0.4082191780821918,1.0,0.0,1.0,1.0
2025-02-14,300314,2.676181980374648,65.9057,66.0784,71.134,67.7246,67.7246,0.33230769230769236,1.0,0.0,1.0,1.0
2025-02-14,300340,3.828197945844991,87.8498,79.9441,85.8234,85.2798,85.112,0.5167865707434054,1.0,0.0,0.9664268585131892,1.0
2025-02-14,300884,2.319587628865971,55.1546,52.6226,60.606,59.1237,58.3732,0.5750550072706017,1.0,0.0,0.8498899854587967,1.0
2025-02-14,300961,3.07234886025769,75.4786,72.5436,52.8351,60.3829,60.3829,0.3919652551574375,0.0,0.0,1.0,1.0
2025-02-14,603151,1.777777777777767,35.567,34.0895,46.1687,48.4536,46.2716,0.7182044887780548,1.0,1.0,0.5635910224438905,1.0
2025-02-14,603216,1.6652059596844904,31.0015,35.6817,46.701,39.8012,39.8012,0.4559748427672957,1.0,0.0,1.0,1.0
2025-02-17,000586,2.888446215139462,70.0295,67.2321,74.0206,71.0236,71.0236,0.4395750332005311,1.0,0.0,1.0,1.0
2025-02-17,000668,2.941176470588225,71.944,75.7863,50.3608,57.5552,57.5552,0.08844765342960292,0.0,0.0,0.4422382671480146,1.0
2025-02-17,000929,3.154574132492116,76.3623,76.3864,53.4536,61.0898,61.0898,0.23516949152542366,0.0,0.0,1.0,1.0
2025-02-17,002209,2.314368370298947,55.0074,51.3918,63.2769,64.0059,62.6988,0.6307053941908713,1.0,1.0,0.7385892116182573,1.0
2025-02-17,002633,4.604051565377532,95.9499,86.6589,91.9629,91.7599,91.7094,0.505050505050505,1.0,0.0,0.9898989898989901,1.0
2025-02-17,002780,1.6319129646418906,29.676,36.5666,20.7732,23.7408,23.7408,0.3587096774193548,0.0,0.0,1.0,1.0
2025-02-17,002800,1.928640308582441,41.0162,45.3011,53.7113,47.813,47.813,0.375594294770206,1.0,0.0,1.0,1.0
2025-02-17,002963,2.1071115013169495,48.8218,51.5824,34.1753,39.0574,39.0574,0.37375415282392016,0.0,0.0,1.0,1.0
2025-02-17,002972,1.0204081632653406,1.1046,8.2759,20.5576,15.8837,14.5798,0.630388891696274,1.0,0.0,0.739222216607452,1.0
2025-02-17,003003,2.008032128514037,44.5508,44.9046,31.1856,35.6406,35.6406,0.5368043087971279,0.0,0.0,0.9263913824057441,1.0
2025-02-17,300243,2.7551020408163263,67.2312,66.3518,72.0619,68.785,68.785,0.37165775401069534,1.0,0.0,1.0,1.0
2025-02-17,300314,1.2163336229365829,9.2047,19.7945,31.4433,22.3638,22.3638,0.3784615384615381,1.0,0.0,1.0,1.0
2025-02-17,300437,3.1746031746031633,76.6568,79.3068,53.6598,61.3255,61.3255,0.10093167701863345,0.0,0.0,0.5046583850931672,1.0
2025-02-17,300500,3.731343283582089,85.6406,82.4384,84.9485,83.5125,83.5125,0.30370370370370364,1.0,0.0,1.0,1.0
2025-02-17,300517,2.824858757062154,68.4094,68.4148,72.8866,69.7275,69.7275,0.3156357031193536,1.0,0.0,1.0,1.0
2025-02-17,300614,1.8199233716475138,37.7761,39.9179,50.8372,45.2209,45.0694,0.515151515151515,1.0,0.0,0.96969696969697,1.0
2025-02-17,300621,3.3076074972436587,79.4551,78.7311,55.6186,63.5641,63.5641,0.24164810690423166,0.0,0.0,1.0,1.0
2025-02-17,300626,3.177966101694918,76.8041,72.9339,78.7629,76.4433,76.4433,0.42547233234958626,1.0,0.0,1.0,1.0
2025-02-17,300635,2.4557956777996104,60.7511,59.2214,67.5258,63.6009,63.6009,0.468975468975469,1.0,0.0,1.0,1.0
2025-02-17,300665,3.463203463203457,81.5169,71.2838,74.2024,80.2135,78.2487,0.6964856230031948,1.0,0.0,0.6070287539936103,1.0
2025-02-17,300736,1.67322834645669,31.5906,37.714,47.1134,40.2725,40.2725,0.377922077922078,1.0,0.0,1.0,1.0
2025-02-17,300771,1.1648745519713177,6.8483,12.5423,23.9211,20.4786,19.0105,0.6468172484599587,1.0,0.0,0.7063655030800826,1.0
2025-02-17,300885,1.0398613518197708,2.1355,7.4065,22.8911,21.7084,19.5575,0.7150943396226411,1.0,1.0,0.5698113207547177,1.0
2025-02-17,300994,1.2152777777777901,8.9102,17.1944,31.2371,22.1281,22.1281,0.49668874172185423,1.0,0.0,1.0,1.0
2025-02-17,301009,1.0830324909747224,3.7555,12.356,31.3321,23.0044,22.6802,0.532418952618454,1.0,1.0,0.9351620947630921,1.0
2025-02-17,301032,3.7696335078533982,86.6716,79.7778,85.6701,84.3373,84.3373,0.4779706275033377,1.0,0.0,1.0,1.0
2025-02-17,301098,2.3543990086740907,57.3638,59.192,65.1546,60.891,60.891,0.3349514563106796,1.0,0.0,1.0,1.0
2025-02-17,301120,3.5838150289017268,83.8733,80.7146,58.7113,67.0987,67.0987,0.319201995012469,0.0,0.0,1.0,1.0
2025-02-17,301125,2.480752780153983,61.4875,60.0903,68.0412,64.19,64.19,0.4549819927971188,1.0,0.0,1.0,1.0
2025-02-17,301198,1.7452006980802626,34.9779,39.3581,49.4845,42.9823,42.9823,0.4312114989733061,1.0,0.0,1.0,1.0
2025-02-17,600615,1.0998307952622577,4.1973,14.3236,2.9381,3.3579,3.3579,0.4517138230398997,0.0,0.0,1.0,1.0
2025-02-17,600689,2.0128087831656094,44.9926,42.7688,55.0442,55.9941,54.3814,0.6612665684830632,1.0,1.0,0.6774668630338736,1.0
2025-02-17,603161,4.7315741583257465,97.57,85.8498,88.8866,93.056,91.9529,0.6103092783505155,1.0,0.0,0.779381443298969,1.0
2025-02-17,603709,3.75670840787119,86.1561,75.7195,83.8985,88.9249,87.3222,0.6602687140115163,1.0,1.0,0.6794625719769674,1.0
2025-02-17,605069,1.5494636471990342,24.9632,29.3231,41.1793,34.9705,34.6468,0.5323741007194246,1.0,0.0,0.9352517985611508,1.0
2025-02-19,000586,3.2193158953722323,77.8336,73.741,79.4835,77.2669,77.2669,0.4262948207171314,1.0,0.0,1.0,1.0
2025-02-19,000929,1.6742770167427645,30.9182,39.0566,21.6428,24.7346,24.7346,0.2838983050847458,0.0,0.0,1.0,1.0
2025-02-19,001318,4.6363636363636385,95.911,90.6187,92.1377,91.7288,91.7288,0.3055062166962701,1.0,0.0,1.0,1.0
2025-02-19,001322,2.244389027431426,52.5108,52.9072,61.7575,57.0086,57.0086,0.45507246376811566,1.0,0.0,1.0,1.0
2025-02-19,002209,2.9807692307692424,72.8121,65.5111,75.4913,78.2496,76.8803,0.6369294605809128,1.0,1.0,0.7261410788381744,1.0
2025-02-19,002800,2.3278370514064006,55.0933,56.7529,63.5653,59.0746,59.0746,0.36608557844690975,1.0,0.0,1.0,1.0
2025-02-19,002853,1.8916595012897552,38.6657,36.1651,47.5311,50.9326,48.5488,0.738372093023256,1.0,1.0,0.523255813953488,1.0
2025-02-19,002875,1.3536379018612488,14.4189,29.3016,10.0933,11.5352,11.5352,0.11167945439045189,0.0,0.0,0.5583972719522594,1.0
2025-02-19,002910,3.62694300518136,84.5768,77.732,84.2037,82.6614,82.6614,0.4964705882352941,1.0,0.0,1.0,1.0
2025-02-19,002972,2.262016965127245,52.726,50.6202,63.7871,62.1808,61.4005,0.5780273180199128,1.0,1.0,0.8439453639601744,1.0
2025-02-19,003003,2.0429009193054126,44.9785,45.8571,31.4849,35.9828,35.9828,0.5062836624775584,0.0,0.0,0.9874326750448832,1.0
2025-02-19,300243,2.3711340206185705,57.604,58.9174,65.3228,61.0832,61.0832,0.35828877005347587,1.0,0.0,1.0,1.0
2025-02-19,300518,1.0318142734307756,1.2195,10.9146,0.8537,0.9756,0.9756,0.5030525030525032,0.0,0.0,0.9938949938949937,1.0
2025-02-19,300626,4.957805907172985,99.0674,90.6018,94.3472,94.2539,94.2539,0.43260932200984,1.0,0.0,1.0,1.0
2025-02-19,300635,2.309236947791149,54.1607,54.584,62.9125,58.3286,58.3286,0.4372294372294374,1.0,0.0,1.0,1.0
2025-02-19,300650,2.765773552290396,67.3601,61.955,68.2859,68.8881,67.9215,0.5966554403136879,1.0,0.0,0.8066891193726242,1.0
2025-02-19,300665,2.0143884892086295,43.8307,41.0071,47.5665,50.0646,48.0358,0.7028753993610224,1.0,0.0,0.5942492012779552,1.0
2025-02-19,300686,2.6936026936027035,66.2123,64.5727,71.3486,67.9699,67.9699,0.41986062717770034,1.0,0.0,1.0,1.0
2025-02-19,300736,3.0364372469635414,74.2468,72.5662,76.9727,74.3974,74.3974,0.34155844155844167,1.0,0.0,1.0,1.0
2025-02-19,300749,1.9461077844311392,40.5308,43.5084,53.3716,47.4247,47.4247,0.44581280788177335,1.0,0.0,1.0,1.0
2025-02-19,300771,2.477064220183478,60.9039,56.8545,63.8955,63.7231,62.7888,0.5934291581108831,1.0,0.0,0.8131416837782337,1.0
2025-02-19,300958,2.2026431718061623,51.1478,53.4132,60.8034,55.9182,55.9182,0.3752495009980038,1.0,0.0,1.0,1.0
2025-02-19,300961,1.5075376884422065,21.1621,29.3944,39.8135,31.9297,31.9297,0.3767643865363734,1.0,0.0,1.0,1.0
2025-02-19,300978,3.054806828391743,74.9641,70.2019,77.4749,74.9713,74.9713,0.48846888429106244,1.0,0.0,1.0,1.0
2025-02-19,301009,1.2081784386617223,8.3214,16.8067,35.825,26.6571,26.6571,0.4925187032418953,1.0,1.0,1.0,1.0
2025-02-19,301032,1.0582010582010692,2.9412,13.0606,27.0588,17.3529,17.3529,0.4646194926568757,1.0,0.0,1.0,1.0
2025-02-19,301102,2.3642732049036663,57.1736,54.7771,40.0215,45.7389,45.7389,0.5480895915678524,0.0,0.0,0.9038208168642952,1.0
2025-02-19,301120,3.0786773090079933,75.3945,73.3331,52.7762,60.3156,60.3156,0.34912718204488746,0.0,0.0,1.0,1.0
2025-02-19,301198,2.0683453237410054,45.5524,48.5158,56.8867,51.4419,51.4419,0.3963039014373716,1.0,0.0,1.0,1.0
2025-02-19,301256,3.7323037323037322,86.0115,78.7745,85.1387,83.8092,83.7919,0.5017328873767478,1.0,0.0,0.9965342252465044,1.0
2025-02-19,600689,1.5755329008341201,25.8967,27.9044,42.5018,40.7174,39.3109,0.6406480117820322,1.0,1.0,0.7187039764359355,1.0
2025-02-19,603506,2.11193241816261,48.2783,43.2466,48.0427,53.6227,50.9346,0.7688022284122563,1.0,0.0,0.46239554317548737,1.0
2025-02-19,605069,1.346389228886169,13.9885,21.3347,34.792,26.1908,26.1908,0.49280575539568344,1.0,0.0,1.0,1.0
2025-02-20,001318,1.563857515204159,25.551,32.5189,42.8857,35.4408,35.4408,0.3960923623445826,1.0,0.0,1.0,1.0
2025-02-20,001322,2.682926829268273,66.3223,62.9129,71.1358,68.0579,67.9854,0.507246376811594,1.0,0.0,0.985507246376812,1.0
2025-02-20,001366,1.2635379061371799,11.3636,19.7684,32.9545,24.0909,24.0909,0.4661246612466125,1.0,0.0,1.0,1.0
2025-02-20,002205,1.0857763300760048,3.7879,12.8175,27.226,18.0303,17.9239,0.5106382978723406,1.0,0.0,0.9787234042553188,1.0
2025-02-20,002800,1.42180094786728,18.5262,26.7385,37.9683,29.8209,29.8209,0.4041204437400952,1.0,0.0,1.0,1.0
2025-02-20,002828,2.183406113537112,50.6198,49.4822,58.4065,55.4959,54.989,0.5506849315068492,1.0,0.0,0.8986301369863017,1.0
2025-02-20,002910,1.8750000000000044,38.7741,39.7722,49.6478,46.0193,45.3958,0.5623529411764706,1.0,0.0,0.8752941176470588,1.0
2025-02-20,003003,1.401401401401392,17.1488,22.8752,12.0041,13.719,13.719,0.5421903052064633,0.0,0.0,0.9156193895870735,1.0
2025-02-20,300243,1.4098690835850913,17.6309,26.3239,37.3416,29.1047,29.1047,0.3890374331550802,1.0,0.0,1.0,1.0
2025-02-20,300314,2.27670753064797,53.6501,55.6278,62.5551,57.9201,57.9201,0.3646153846153845,1.0,0.0,1.0,1.0
2025-02-20,300437,1.213592233009697,8.8843,24.9335,6.219,7.1074,7.1074,0.10869565217391307,0.0,0.0,0.5434782608695653,1.0
2025-02-20,300610,4.075546719681911,91.3912,80.6805,84.109,88.1129,86.8967,0.6216216216216218,1.0,0.0,0.7567567567567564,1.0
2025-02-20,300614,1.526717557251911,23.2094,28.1129,40.3375,33.5675,33.3402,0.5227272727272728,1.0,0.0,0.9545454545454544,1.0
2025-02-20,300665,2.538787023977429,63.292,55.6815,59.4003,65.6336,63.1576,0.7476038338658146,1.0,0.0,0.5047923322683707,1.0
2025-02-20,300686,4.480874316939887,95.2479,86.9649,91.6736,91.1983,91.1983,0.46167247386759586,1.0,0.0,1.0,1.0
2025-02-20,300749,1.7621145374449254,35.0551,38.4874,49.5386,43.0441,43.0441,0.47783251231527085,1.0,0.0,1.0,1.0
2025-02-20,300771,1.8800358102059267,39.0496,38.2623,46.3799,46.2397,44.751,0.648870636550308,1.0,0.0,0.7022587268993841,1.0
2025-02-20,300961,3.168316831683171,77.0661,73.7919,78.9463,76.6529,76.6529,0.3930510314875135,1.0,0.0,1.0,1.0
2025-02-20,300994,2.2648083623693305,53.2369,52.7882,62.2658,57.5895,57.5895,0.490066225165563,1.0,0.0,1.0,1.0
2025-02-20,301032,1.1518324607329822,6.2672,15.4544,29.3871,20.0138,20.0138,0.4779706275033377,1.0,0.0,1.0,1.0
2025-02-20,301126,1.6605166051660403,30.9229,35.6508,46.646,39.7383,39.7383,0.45437616387337054,1.0,0.0,1.0,1.0
2025-02-20,301198,2.7312775330396555,67.1488,65.3207,72.0041,68.719,68.719,0.419917864476386,1.0,0.0,1.0,1.0
2025-02-20,301256,4.466501240694787,95.1102,84.6839,88.7685,91.0882,90.386,0.5702150971685693,1.0,0.0,0.8595698056628613,1.0
2025-02-20,301355,1.2820512820512775,12.0523,20.0816,8.4366,9.6419,9.6419,0.47801147227533447,0.0,0.0,1.0,1.0
2025-02-20,600689,1.3686131386861256,15.6336,19.1932,34.3161,32.5069,30.85,0.6656848306332843,1.0,1.0,0.6686303387334314,1.0
2025-02-20,600697,1.191567369385882,7.6446,20.7981,5.3512,6.1157,6.1157,0.2658788774002955,0.0,0.0,1.0,1.0
2025-02-20,603132,2.5044722719141266,62.0523,64.0226,68.4366,64.6419,64.6419,0.28096121033990595,1.0,0.0,1.0,1.0
2025-02-20,603716,3.3582089552238736,80.0964,67.3152,67.5437,79.0771,75.6962,0.8380952380952381,1.0,0.0,0.32380952380952377,1.0
2025-02-20,605155,1.7790262172284521,35.7438,37.3996,52.6298,48.595,47.9973,0.5597722960151802,1.0,1.0,0.8804554079696396,1.0
2025-02-21,001318,2.0530367835757124,45.3472,47.7165,56.7431,51.2778,51.2778,0.42806394316163393,1.0,0.0,1.0,1.0
2025-02-21,002848,1.0057471264367956,0.2083,15.6465,0.1458,0.1667,0.1667,0.22600619195046437,0.0,0.0,1.0,1.0
2025-02-21,300614,2.0676691729323293,45.9028,45.6616,55.0107,51.7222,51.1919,0.5530303030303032,1.0,0.0,0.8939393939393936,1.0
2025-02-21,300749,2.3088023088023046,54.5833,53.5189,62.9128,58.6667,58.5928,0.5073891625615763,1.0,0.0,0.9852216748768474,1.0
2025-02-21,301256,1.7814726840855055,35.9028,35.6177,43.9228,43.7222,42.1699,0.6552274955308304,1.0,0.0,0.6895450089383393,1.0
2025-02-24,000668,2.422145328719716,59.9864,66.2202,41.9905,47.9891,47.9891,0.08844765342960292,0.0,0.0,0.4422382671480146,1.0
2025-02-24,000929,1.9726858877086473,42.5951,48.3134,29.8166,34.0761,34.0761,0.28813559322033894,0.0,0.0,1.0,1.0
2025-02-24,002205,2.2900763358778775,53.8723,53.0066,62.5282,58.0978,58.0522,0.5045592705167173,1.0,0.0,0.9908814589665653,1.0
2025-02-24,002209,1.3035381750465591,13.3832,16.5571,31.0695,30.7065,28.6318,0.70746887966805,1.0,1.0,0.5850622406638999,1.0
2025-02-24,002800,2.186311787072226,50.7473,52.6105,60.5231,55.5978,55.5978,0.39936608557844694,1.0,0.0,1.0,1.0
2025-02-24,002828,4.83516483516484,98.3016,87.9564,92.4413,93.6413,93.2988,0.5342465753424656,1.0,0.0,0.9315068493150689,1.0
2025-02-24,002887,1.5580736543909346,25.2038,31.8377,42.6427,35.163,35.163,0.4162679425837319,1.0,0.0,1.0,1.0
2025-02-24,002963,1.128472222222232,5.6386,16.6039,28.947,19.5109,19.5109,0.39534883720930214,1.0,0.0,1.0,1.0
2025-02-24,300371,1.4605647517039966,20.3125,24.0458,34.8104,31.25,30.1479,0.6102088167053364,1.0,0.0,0.7795823665893271,1.0
2025-02-24,300437,1.9488428745432218,41.1005,50.7997,28.7704,32.8804,32.8804,0.10403726708074547,0.0,0.0,0.5201863354037273,1.0
2025-02-24,300517,4.157303370786503,91.7799,86.8721,89.2459,88.4239,88.4239,0.32759160096478396,1.0,0.0,1.0,1.0
2025-02-24,300610,2.8237585199610615,69.0897,61.8074,66.434,70.2717,68.5396,0.6732186732186728,1.0,0.0,0.6535626535626544,1.0
2025-02-24,300614,4.511970534069976,95.1766,84.2474,87.8358,91.1413,90.1943,0.5946969696969696,1.0,0.0,0.8106060606060608,1.0
2025-02-24,300621,2.510917030567694,62.4321,64.9122,68.7024,64.9457,64.9457,0.2516703786191536,1.0,0.0,1.0,1.0
2025-02-24,300626,4.522613065326642,95.3125,85.9206,91.06,91.25,91.0853,0.5164689505178194,1.0,0.0,0.9670620989643612,1.0
2025-02-24,300736,1.5810276679841806,27.106,34.2302,43.9742,36.6848,36.6848,0.3727272727272727,1.0,0.0,1.0,1.0
2025-02-24,300958,1.6365202411714241,29.8234,35.3158,45.8764,38.8587,38.8587,0.4271457085828341,1.0,0.0,1.0,1.0
2025-02-24,300994,1.899827288428324,39.4701,41.4436,52.3642,46.5761,46.5099,0.5066225165562914,1.0,0.0,0.9867549668874172,1.0
2025-02-24,301098,1.1029411764705843,4.4158,16.3967,28.091,18.5326,18.5326,0.3567961165048543,1.0,0.0,1.0,1.0
2025-02-24,600697,1.1070110701107083,4.5516,18.5305,3.1861,3.6413,3.6413,0.2555391432791728,0.0,0.0,1.0,1.0
2025-02-24,600847,2.6936026936027035,66.9837,64.3381,71.8886,68.587,68.587,0.4624413145539907,1.0,0.0,1.0,1.0
2025-02-24,603041,4.174067495559508,92.1875,79.8999,86.831,93.75,91.8249,0.6925064599483205,1.0,1.0,0.614987080103359,1.0
2025-02-24,603151,2.683363148479434,66.5082,59.1916,68.5258,73.2065,71.199,0.7007481296758103,1.0,1.0,0.5985037406483793,1.0
2025-02-24,603810,4.182156133828996,92.3234,78.7797,84.4683,93.8587,91.3192,0.7539503386004515,1.0,1.0,0.49209932279909707,1.0
2025-02-26,000929,1.7777777777777892,36.0354,42.3877,50.2248,43.8283,43.8283,0.3220338983050847,1.0,0.0,1.0,1.0
2025-02-26,001322,3.361344537815114,80.7221,73.6791,79.7083,79.5777,79.1284,0.5449275362318841,1.0,0.0,0.9101449275362319,1.0
2025-02-26,002633,1.2367491166077826,11.2398,18.2969,31.478,23.9918,23.6444,0.5347467608951709,1.0,0.0,0.9305064782096581,1.0
2025-02-26,002780,1.7690875232774683,35.3542,41.8576,24.748,28.2834,28.2834,0.3212903225806452,0.0,0.0,1.0,1.0
2025-02-26,002972,1.3761467889908285,16.9619,20.2225,35.1793,33.5695,31.896,0.6673500025266471,1.0,1.0,0.6652999949467058,1.0
2025-02-26,300313,1.0909090909090757,4.564,20.993,3.1948,3.6512,3.6512,0.13291139240506325,0.0,0.0,0.6645569620253162,1.0
2025-02-26,300340,2.3444544634806164,56.6076,54.0919,62.2369,60.2861,59.689,0.5597104945717732,1.0,0.0,0.8805790108564535,1.0
2025-02-26,300517,1.8640350877193068,38.624,43.2952,52.0368,45.8992,45.8992,0.3801975514846759,1.0,0.0,1.0,1.0
2025-02-26,300518,3.0864197530864113,76.4986,72.0989,53.549,61.1989,61.1989,0.455,0.0,0.0,1.0,1.0
2025-02-26,300626,4.390243902439028,94.2098,83.9679,88.147,90.3678,89.6679,0.5699963729697215,1.0,0.0,0.860007254060557,1.0
2025-02-26,300771,1.7436791630339954,34.4005,33.311,40.6615,42.5204,40.4157,0.7104722792607802,1.0,0.0,0.5790554414784397,1.0
2025-02-26,300978,1.038961038961017,2.1117,10.2822,23.6639,16.6894,15.9858,0.5703565175872629,1.0,0.0,0.8592869648254742,1.0
2025-02-26,301009,1.17647058823529,8.1063,15.9114,34.5273,26.485,26.1982,0.5286783042394017,1.0,1.0,0.9426433915211967,1.0
2025-02-26,301032,1.7707362534948645,35.4905,35.6821,44.4228,43.3924,42.0372,0.6355140186915886,1.0,0.0,0.7289719626168227,1.0
2025-02-26,301120,1.088139281828071,4.2916,14.3559,28.0041,18.4332,18.4332,0.4538653366583537,1.0,0.0,1.0,1.0
2025-02-26,301256,1.696969696969708,32.6294,33.8019,43.2373,41.1035,39.9527,0.6150827518597625,1.0,0.0,0.7698344962804751,1.0
2025-02-26,301265,2.657807308970095,66.1444,63.6593,71.3011,67.9155,67.9155,0.46280991735537175,1.0,0.0,1.0,1.0
2025-02-26,600689,3.1362007168458828,76.9074,67.6231,76.0296,81.5259,79.5745,0.695139911634757,1.0,1.0,0.6097201767304861,1.0
2025-02-26,603161,2.3214285714285854,55.5177,51.342,57.7181,59.4142,57.8781,0.6536082474226802,1.0,0.0,0.6927835051546396,1.0
2025-03-03,002144,2.752293577981635,67.5279,60.736,65.6968,69.0223,67.3792,0.6643192488262912,1.0,0.0,0.6713615023474175,1.0
2025-03-03,002800,1.0526315789473717,3.0028,15.3989,27.102,17.4022,17.4022,0.35016835016835024,1.0,0.0,1.0,1.0
2025-03-03,002826,4.813359528487249,98.1145,89.7888,68.6802,78.4916,78.4916,0.43513957307060736,0.0,0.0,1.0,1.0
2025-03-03,002848,1.2893982808023008,13.8966,26.5353,34.7277,26.1173,26.1173,0.22910216718266257,1.0,0.0,1.0,1.0
2025-03-03,002858,1.534526854219953,24.7905,31.6865,17.3534,19.8324,19.8324,0.40729483282674767,0.0,0.0,1.0,1.0
2025-03-03,002963,1.5611448395490113,26.6061,33.3447,43.6243,36.2849,36.2849,0.3970099667774084,1.0,0.0,1.0,1.0
2025-03-03,003003,1.0224948875255713,1.3268,10.9717,0.9288,1.0615,1.0615,0.5044883303411131,0.0,0.0,0.9910233393177739,1.0
2025-03-03,003018,1.0341261633919352,2.1648,7.9406,23.9329,21.7318,19.8362,0.6895604395604391,1.0,1.0,0.6208791208791218,1.0
2025-03-03,300340,3.781882145998261,87.5,78.1303,82.5106,85.0,84.0651,0.5934861278648974,1.0,0.0,0.8130277442702052,1.0
2025-03-03,300371,1.9057171514543558,40.433,41.5343,51.6789,47.3464,46.9403,0.5406032482598612,1.0,0.0,0.9187935034802777,1.0
2025-03-03,300437,2.3514851485148425,56.2151,63.295,39.3506,44.9721,44.9721,0.08385093167701864,0.0,0.0,0.4192546583850932,1.0
2025-03-03,300610,1.1822660098522064,8.5894,13.9968,25.2632,21.8715,20.4342,0.6437346437346438,1.0,0.0,0.7125307125307123,1.0
2025-03-03,300621,1.3333333333333197,15.1536,27.4458,10.6075,12.1229,12.1229,0.23385300668151443,0.0,0.0,1.0,1.0
2025-03-03,300749,2.406015037593967,58.5894,58.1866,41.0126,46.8715,46.8715,0.4342431761786601,0.0,0.0,1.0,1.0
2025-03-03,300961,3.703703703703698,85.6844,77.9937,83.8716,83.5475,83.2706,0.5276872964169381,1.0,0.0,0.9446254071661238,1.0
2025-03-03,300994,2.400000000000002,58.1704,57.4966,40.7193,46.5363,46.5363,0.4519867549668874,0.0,0.0,1.0,1.0
2025-03-03,301126,1.217228464419473,10.7542,20.3748,7.5279,8.6034,8.6034,0.4114285714285715,0.0,0.0,1.0,1.0
2025-03-03,301408,1.2864493996569637,13.6173,21.8169,9.5321,10.8939,10.8939,0.4538461538461537,0.0,0.0,1.0,1.0
2025-03-03,600847,3.9911308203991247,89.8743,82.1825,87.912,86.8994,86.8994,0.4858490566037736,1.0,0.0,1.0,1.0
2025-03-03,603810,2.6979982593559715,66.5503,54.9108,59.9263,73.2402,69.0755,0.9164733178654294,1.0,1.0,0.1670533642691412,1.0
2025-03-03,605069,1.412066752246477,19.6229,27.2091,13.736,15.6983,15.6983,0.4244604316546763,0.0,0.0,1.0,1.0
2025-03-03,605155,2.891791044776104,70.7402,65.2449,76.8237,76.5922,75.9186,0.5673624288425048,1.0,1.0,0.8652751423149905,1.0
2025-03-04,002058,3.289473684210531,79.416,77.0411,80.5912,78.5328,78.5328,0.32458442694663175,1.0,0.0,1.0,1.0
2025-03-04,002205,2.2826086956521774,52.0655,51.9884,66.4459,61.6524,61.6524,0.4831999999999999,1.0,1.0,1.0,1.0
2025-03-04,002209,2.3076923076923217,52.3504,51.4204,36.6453,41.8803,41.8803,0.5229982964224872,0.0,0.0,0.9540034071550256,1.0
2025-03-04,002780,3.2110091743119185,77.849,76.0444,54.4943,62.2792,62.2792,0.31174089068825916,0.0,0.0,1.0,1.0
2025-03-04,002800,3.3143939393939226,79.9858,76.6149,80.99,78.9886,78.9886,0.36868686868686884,1.0,0.0,1.0,1.0
2025-03-04,002871,3.0239833159541263,73.5755,66.0878,70.9577,73.8604,72.4741,0.6386292834890964,1.0,0.0,0.7227414330218072,1.0
2025-03-04,002963,1.1955593509820561,9.4729,19.0401,31.6311,22.5783,22.5783,0.42691029900332234,1.0,0.0,1.0,1.0
2025-03-04,002972,2.891791044776104,69.6581,63.4883,74.2844,75.7265,74.6074,0.6119083362810884,1.0,1.0,0.7761833274378231,1.0
2025-03-04,003003,1.6194331983805599,28.8462,32.6281,44.2946,38.0769,37.8525,0.5224416517055657,1.0,0.0,0.9551166965888687,1.0
2025-03-04,300626,1.990049751243772,42.2365,43.2205,58.4282,53.7892,53.5048,0.5284338558687517,1.0,1.0,0.9431322882624966,1.0
2025-03-04,300635,2.004008016032066,42.6638,45.8708,54.8647,49.1311,49.1311,0.4130105900151287,1.0,0.0,1.0,1.0
2025-03-04,300665,2.1897810218978186,49.5014,46.1826,34.651,39.6011,39.6011,0.6709265175718849,0.0,0.0,0.6581469648562301,1.0
2025-03-04,300686,1.4444444444444482,20.1567,28.3518,14.1097,16.1254,16.1254,0.3886792452830188,0.0,0.0,1.0,1.0
2025-03-04,300736,2.792140641158225,67.3077,67.5604,47.1154,53.8462,53.8462,0.3142857142857143,0.0,0.0,1.0,1.0
2025-03-04,300749,3.96475770925111,89.5299,82.145,92.6709,91.6239,91.6239,0.47394540942928026,1.0,1.0,1.0,1.0
2025-03-04,300771,2.50671441360788,60.3276,55.2847,66.2745,68.2621,66.7734,0.648870636550308,1.0,1.0,0.7022587268993841,1.0
2025-03-04,300884,3.046127067014792,74.2877,68.4084,52.0014,59.4302,59.4302,0.5510919437708236,0.0,0.0,0.8978161124583528,1.0
2025-03-04,300961,1.5306122448979664,24.1453,27.8504,38.9701,34.3162,33.5833,0.5732899022801303,1.0,0.0,0.8534201954397393,1.0
2025-03-04,300978,2.7703306523682025,66.7379,63.387,71.7098,68.3903,68.3886,0.5001671176190907,1.0,0.0,0.9996657647618186,1.0
2025-03-04,300994,3.385416666666674,80.5556,74.5107,81.3889,79.4444,79.4444,0.49668874172185423,1.0,0.0,1.0,1.0
2025-03-04,301120,1.81818181818183,35.8262,41.5288,50.0783,43.661,43.661,0.3566084788029924,1.0,0.0,1.0,1.0
2025-03-04,301408,1.1854360711261336,8.6182,17.2407,31.0328,21.8946,21.8946,0.48269230769230775,1.0,0.0,1.0,1.0
2025-03-04,601133,1.191489361702125,9.0456,18.2699,31.3319,22.2365,22.2365,0.4483262248919616,1.0,0.0,1.0,1.0
2025-03-04,603716,4.695304695304703,97.2222,83.2698,89.0397,97.7778,95.5238,0.7253968253968254,1.0,1.0,0.5492063492063493,1.0
2025-03-04,605069,1.5189873417721378,23.0057,29.5197,16.104,18.4046,18.4046,0.44424460431654683,0.0,0.0,1.0,1.0
2025-03-04,605155,3.89845874886674,88.6752,78.4165,87.0252,90.9402,89.6783,0.6261859582542691,1.0,1.0,0.7476280834914617,1.0
2025-03-05,002633,2.5869759143621662,61.9829,59.3225,67.8604,64.5863,64.4544,0.5131894484412471,1.0,0.0,0.9736211031175057,1.0
2025-03-05,002887,2.2535211267605604,50.8559,52.168,60.5991,55.6847,55.6847,0.42583732057416257,1.0,0.0,1.0,1.0
2025-03-05,300626,3.121951219512198,75.8203,69.6235,81.0088,80.6562,80.1399,0.5516344951838934,1.0,1.0,0.8967310096322132,1.0
2025-03-06,002058,1.2003693444136765,9.9168,21.3559,6.9417,7.9334,7.9334,0.3288770053475937,0.0,0.0,1.0,1.0
2025-03-06,002209,2.052238805970119,44.3135,44.0321,58.182,55.4508,54.7414,0.5709342560553636,1.0,1.0,0.8581314878892727,1.0
2025-03-06,002826,1.051625239005749,2.7046,12.5413,1.8932,2.1637,2.1637,0.4811165845648605,0.0,0.0,1.0,1.0
2025-03-06,002871,1.3091641490433181,14.4938,16.704,25.3637,26.595,24.1495,0.7445482866043611,1.0,0.0,0.5109034267912778,1.0
2025-03-06,002887,1.6528925619834656,30.0277,34.7399,46.0194,39.0222,39.0222,0.4641148325358851,1.0,0.0,1.0,1.0
2025-03-06,002963,1.3605442176870763,16.8516,24.777,36.7961,28.4813,28.4813,0.43521594684385373,1.0,0.0,1.0,1.0
2025-03-06,002972,1.5412511332729029,24.896,25.769,39.1315,39.9168,37.8429,0.7073912059262172,1.0,1.0,0.5852175881475656,1.0
2025-03-06,300340,1.17647058823529,8.1831,15.8412,29.3176,21.5465,21.1938,0.5352644836272041,1.0,0.0,0.9294710327455917,1.0
2025-03-06,300500,4.3867502238137845,94.1054,87.5436,90.8738,90.2843,90.2843,0.38703703703703685,1.0,0.0,1.0,1.0
2025-03-06,300518,1.8034265103696878,35.853,40.4878,25.0971,28.6824,28.6824,0.4097311139564661,0.0,0.0,1.0,1.0
2025-03-06,300621,2.094818081587646,46.1165,52.0602,57.2816,51.8932,51.8932,0.24164810690423166,1.0,0.0,1.0,1.0
2025-03-06,300635,4.166666666666674,91.9556,85.0017,89.3689,88.5645,88.5645,0.42813918305597587,1.0,0.0,1.0,1.0
2025-03-06,300665,2.3054755043227626,52.4965,48.0036,58.7604,61.9972,60.0004,0.6996805111821087,1.0,1.0,0.6006389776357826,1.0
2025-03-06,300686,2.6344676180021898,63.1761,62.5103,69.2233,65.5409,65.5409,0.40152963671128095,1.0,0.0,1.0,1.0
2025-03-06,300736,1.323828920570258,15.0485,26.3285,10.534,12.0388,12.0388,0.28551532033426197,0.0,0.0,1.0,1.0
2025-03-06,300771,1.2205754141237923,11.4424,14.9445,24.5908,24.154,22.0492,0.7104722792607802,1.0,0.0,0.5790554414784397,1.0
2025-03-06,300978,1.036269430051795,2.0804,10.1402,23.4081,16.6644,15.9023,0.5762056342512771,1.0,0.0,0.8475887314974457,1.0
2025-03-06,301056,3.9325842696628976,88.9736,78.0234,80.9704,86.1789,84.6011,0.657777777777778,1.0,0.0,0.684444444444444,1.0
2025-03-06,301098,2.0782396088019572,45.423,49.1054,56.7961,51.3384,51.3384,0.36165048543689304,1.0,0.0,1.0,1.0
2025-03-06,301102,3.5152636447733476,82.4549,76.6095,57.7184,65.9639,65.9639,0.46772068511198966,0.0,0.0,1.0,1.0
2025-03-06,301198,3.1588447653429608,76.6297,73.4598,53.6408,61.3037,61.3037,0.39219712525667355,0.0,0.0,1.0,1.0
2025-03-06,600697,1.194852941176472,9.5007,22.3716,6.6505,7.6006,7.6006,0.2614475627769573,0.0,0.0,1.0,1.0
2025-03-06,603065,2.617801047120416,62.7601,63.2684,68.932,65.208,65.208,0.34698109074980354,1.0,0.0,1.0,1.0
2025-03-06,603137,1.6589861751151957,30.4438,36.0577,46.3107,39.3551,39.3551,0.4148681055155876,1.0,0.0,1.0,1.0
2025-03-06,603709,3.5650623885917776,83.7032,73.6036,81.8744,86.9626,85.2831,0.667946257197697,1.0,1.0,0.6641074856046061,1.0
2025-03-06,603716,1.7874875868917561,35.5756,33.7621,45.5061,48.4605,46.1113,0.734920634920635,1.0,1.0,0.53015873015873,1.0
2025-03-10,001366,1.2544802867383575,12.8223,20.9358,33.9756,25.2578,25.2578,0.4661016949152542,1.0,0.0,1.0,1.0
2025-03-10,002058,2.145522388059695,48.2361,52.2074,33.7653,38.5889,38.5889,0.31907308377896626,0.0,0.0,1.0,1.0
2025-03-10,002209,1.7288444040036266,32.9037,33.97,48.3267,46.3229,45.1465,0.6176470588235294,1.0,1.0,0.7647058823529411,1.0
2025-03-10,002826,1.2609117361784605,13.0936,21.3452,9.1655,10.4749,10.4749,0.45648604269293946,0.0,0.0,1.0,1.0
2025-03-10,002848,1.5105740181268867,22.3881,34.443,15.6716,17.9104,17.9104,0.17337461300309598,0.0,0.0,0.8668730650154799,1.0
2025-03-10,002887,1.8567639257294433,36.7028,38.7403,49.448,44.3623,44.0513,0.5311004784688996,1.0,0.0,0.9377990430622007,1.0
2025-03-10,002910,1.1969532100108982,9.8372,20.1346,6.886,7.8697,7.8697,0.38675958188153303,0.0,0.0,1.0,1.0
2025-03-10,300268,4.768583450210384,97.6255,91.2504,93.3379,93.1004,93.1004,0.3425,1.0,0.0,1.0,1.0
2025-03-10,300314,1.191489361702125,9.0909,19.1477,31.3636,22.2727,22.2727,0.40624999999999994,1.0,0.0,1.0,1.0
2025-03-10,300340,2.1296296296296147,47.829,48.5236,33.4803,38.2632,38.2632,0.4869791666666668,0.0,0.0,1.0,1.0
2025-03-10,300437,1.1335012594458238,6.445,23.9138,4.5115,5.156,5.156,0.06211180124223608,0.0,0.0,0.3105590062111804,1.0
2025-03-10,300621,1.3348164627363657,15.8073,27.9911,11.0651,12.6459,12.6459,0.23273942093541197,0.0,0.0,1.0,1.0
2025-03-10,300626,3.0245746691871522,73.8806,66.8439,77.1953,79.1045,77.9742,0.6130289419014515,1.0,1.0,0.773942116197097,1.0
2025-03-10,300871,2.5996533795493937,62.7544,57.1138,62.7487,65.2035,63.6587,0.654485049833887,1.0,0.0,0.691029900332226,1.0
2025-03-10,301098,1.2106537530266248,10.6513,20.8997,32.4559,23.521,23.521,0.3810679611650484,1.0,0.0,1.0,1.0
2025-03-10,301126,1.9553072625698276,40.7734,44.2279,53.5414,47.6187,47.6187,0.41954022988505746,1.0,0.0,1.0,1.0
2025-03-10,301256,4.091456077015665,91.1126,80.34,88.6787,92.8901,91.6151,0.6275029548772935,1.0,1.0,0.7449940902454131,1.0
2025-03-10,600847,2.210526315789485,50.9498,48.8167,56.7786,55.7598,54.7883,0.5971563981042655,1.0,0.0,0.8056872037914691,1.0
2025-03-10,603065,3.6316472114137577,84.7354,80.3029,84.3148,82.7883,82.7883,0.374271738336867,1.0,0.0,1.0,1.0
2025-03-11,000929,3.682719546742219,85.4336,80.5926,84.8035,83.3469,83.3469,0.38771186440677957,1.0,0.0,1.0,1.0
2025-03-11,001322,2.0310633213858953,44.1057,45.417,60.874,55.2846,55.2846,0.49337748344370813,1.0,1.0,1.0,1.0
2025-03-11,002205,1.3358778625954137,15.9214,18.9771,33.625,32.7371,30.8571,0.6880000000000002,1.0,1.0,0.6239999999999997,1.0
2025-03-11,002209,1.4311270125223707,20.7995,23.6292,38.5389,36.6396,35.1344,0.6505190311418684,1.0,1.0,0.6989619377162632,1.0
2025-03-11,002780,1.3181019332161537,15.2439,24.6648,10.6707,12.1951,12.1951,0.3765182186234819,0.0,0.0,1.0,1.0
2025-03-11,002800,1.585820895522394,28.1165,34.8939,44.6816,37.4932,37.4932,0.3799654576856651,1.0,0.0,1.0,1.0
2025-03-11,002848,1.3392857142857206,16.1924,29.1768,11.3347,12.9539,12.9539,0.18885448916408662,0.0,0.0,0.944272445820433,1.0
2025-03-11,300313,2.9090909090909056,70.393,73.6561,49.2751,56.3144,56.3144,0.13291139240506325,0.0,0.0,0.6645569620253162,1.0
2025-03-11,300371,1.2241054613935987,11.4499,15.3316,25.3583,24.1599,22.2457,0.6914153132250582,1.0,0.0,0.6171693735498835,1.0
2025-03-11,300517,1.7167381974249052,32.9946,37.8352,48.0962,41.3957,41.3957,0.4280211428663965,1.0,0.0,1.0,1.0
2025-03-11,300626,4.220183486238516,92.8862,80.8577,88.1178,94.3089,92.5833,0.6725629508396899,1.0,1.0,0.6548740983206203,1.0
2025-03-11,300665,1.5647226173541862,26.8293,26.8947,34.6431,36.4634,34.1791,0.7284345047923324,1.0,0.0,0.5431309904153352,1.0
2025-03-11,301098,1.3157894736842257,15.1084,23.9799,35.5759,27.0867,27.0867,0.4053398058252425,1.0,0.0,1.0,1.0
2025-03-11,600697,1.538461538461533,25.0,34.2688,17.5,20.0,20.0,0.28655834564254073,0.0,0.0,1.0,1.0
2025-03-11,603137,2.14861235452104,48.8482,49.2465,59.1938,54.0786,54.0786,0.4916067146282975,1.0,0.0,1.0,1.0
2025-03-11,603506,2.0153550863723613,43.6992,34.9593,40.5894,54.9593,49.9593,1.0,1.0,1.0,0.0,1.0
2025-03-12,000586,1.7751479289940697,36.6852,40.4983,25.6796,29.3481,29.3481,0.44248985115020306,0.0,0.0,1.0,1.0
2025-03-12,001322,2.693208430913363,67.7531,63.2091,75.4404,74.2025,73.7058,0.5496688741721847,1.0,1.0,0.9006622516556306,1.0
2025-03-12,002209,1.2345679012345734,12.4133,16.3666,31.5613,29.9307,28.1486,0.6782006920415226,1.0,1.0,0.6435986159169549,1.0
2025-03-12,002633,2.495697074010339,62.344,58.6282,66.1468,64.8752,64.2517,0.5623501199040767,1.0,0.0,0.8752997601918466,1.0
2025-03-12,002780,1.647875108412844,31.6921,37.4185,22.1845,25.3537,25.3537,0.3967611336032388,0.0,0.0,1.0,1.0
2025-03-12,002800,3.581267217630857,85.2288,79.9966,84.6602,83.1831,83.1831,0.4093264248704664,1.0,0.0,1.0,1.0
2025-03-12,002826,2.3099133782483072,55.6865,55.1568,38.9806,44.5492,44.5492,0.46962233169129736,0.0,0.0,1.0,1.0
2025-03-12,002828,2.020202020202011,45.8391,47.0275,57.0874,51.6713,51.6713,0.4821917808219177,1.0,0.0,1.0,1.0
2025-03-12,002848,2.7900146842878115,70.3883,72.255,74.2718,71.3107,71.3107,0.20278637770897823,1.0,0.0,1.0,1.0
2025-03-12,002887,2.5815217391304435,64.7018,62.0007,70.2913,66.7614,66.7614,0.4880382775119617,1.0,0.0,1.0,1.0
2025-03-12,002972,2.6501766784452263,66.3662,57.1586,64.5878,73.0929,70.1258,0.7967138904329509,1.0,1.0,0.40657221913409813,1.0
2025-03-12,300268,3.0585106382978733,77.4619,73.1695,79.2233,76.9695,76.9695,0.43999999999999995,1.0,0.0,1.0,1.0
2025-03-12,300371,1.023255813953483,1.1789,6.5116,16.9621,15.9431,13.7274,0.7215777262180979,1.0,0.0,0.5568445475638042,1.0
2025-03-12,300518,2.8518859245630246,71.3592,69.6983,49.9515,57.0874,57.0874,0.36945169712793735,0.0,0.0,1.0,1.0
2025-03-12,300614,2.7877697841726556,70.0416,63.1545,68.2716,71.0333,69.5939,0.6439393939393938,1.0,0.0,0.7121212121212124,1.0
2025-03-12,300635,3.1884057971014457,79.9584,74.587,80.9709,78.9667,78.9667,0.4689863842662632,1.0,0.0,1.0,1.0
2025-03-12,300686,1.4099783080260275,21.1512,27.4966,39.8058,31.9209,31.9209,0.47121535181236696,1.0,0.0,1.0,1.0
2025-03-12,300771,1.384083044982698,19.7642,21.2323,29.6768,30.8114,28.5218,0.7289527720739221,1.0,0.0,0.5420944558521559,1.0
2025-03-12,300774,3.5995500562429728,85.5062,78.7997,84.8544,83.405,83.405,0.48026409763998845,1.0,0.0,1.0,1.0
2025-03-12,300978,1.7094017094017255,34.3273,35.4698,45.045,42.4619,41.4658,0.5996021009073341,1.0,0.0,0.8007957981853318,1.0
2025-03-12,301102,1.0948905109489093,4.785,14.0783,3.3495,3.828,3.828,0.487483530961792,0.0,0.0,1.0,1.0
2025-03-12,301120,3.931451612903225,90.0832,79.3484,82.6218,87.0666,85.7075,0.6359102244389027,1.0,0.0,0.7281795511221947,1.0
2025-03-12,600847,1.0460251046024993,2.8433,10.0656,22.5722,17.2746,16.1701,0.6104513064133019,1.0,0.0,0.7790973871733962,1.0
2025-03-14,000586,1.0858835143139123,3.9095,14.3048,2.7366,3.1276,3.1276,0.4411366711772667,0.0,0.0,1.0,1.0
2025-03-14,000668,2.9565217391304355,73.7311,77.3243,51.6118,58.9849,58.9849,0.08303249097472923,0.0,0.0,0.4151624548736461,1.0
2025-03-14,000929,1.7881705639614998,36.8313,40.821,50.7819,44.465,44.465,0.4322033898305084,1.0,0.0,1.0,1.0
2025-03-14,001366,2.5134649910233398,62.4829,60.7772,68.738,64.9863,64.9863,0.46045197740113003,1.0,0.0,1.0,1.0
2025-03-14,002144,2.1621621621621623,49.8628,45.7196,51.5627,54.8903,52.805,0.7085308056872036,1.0,0.0,0.5829383886255928,1.0
2025-03-14,002209,2.2163120567375794,52.0576,48.2897,59.7275,61.6461,59.9679,0.6678200692041523,1.0,1.0,0.6643598615916955,1.0
2025-03-14,002780,2.480752780153983,60.9053,60.3572,67.6337,63.7243,63.7243,0.41835357624831304,1.0,0.0,1.0,1.0
2025-03-14,002800,1.3428827215756334,16.8038,24.2894,36.7627,28.4431,28.4431,0.4576856649395511,1.0,0.0,1.0,1.0
2025-03-14,002809,1.403508771929829,19.8217,21.9471,31.0547,30.8573,28.9022,0.6955128205128206,1.0,0.0,0.6089743589743588,1.0
2025-03-14,002828,1.2127894156560126,10.631,17.9843,31.4006,23.5048,23.2445,0.5260273972602739,1.0,0.0,0.9479452054794522,1.0
2025-03-14,002848,2.460202604920414,60.0137,63.6456,67.0096,63.011,63.011,0.21826625386996903,1.0,0.0,1.0,1.0
2025-03-14,002900,3.665987780040725,86.4883,81.1021,85.5418,84.1907,84.1907,0.4044265593561369,1.0,0.0,1.0,1.0
2025-03-14,002972,1.6799292661361598,32.3045,29.9709,40.8678,45.8436,42.9073,0.7936337978637534,1.0,1.0,0.41273240427249314,1.0
2025-03-14,300243,1.9685039370078705,43.0041,46.0076,55.1029,49.4033,49.4033,0.41978609625668456,1.0,0.0,1.0,1.0
2025-03-14,300313,1.83486238532109,37.6543,47.7817,43.0669,45.1235,43.0507,0.11708860759493674,1.0,0.0,0.5854430379746837,1.0
2025-03-14,300437,3.08056872037914,77.8464,79.4821,73.4676,77.2771,75.7709,0.13975155279503096,1.0,0.0,0.6987577639751548,1.0
2025-03-14,300452,2.34375,55.7613,59.2506,39.0329,44.6091,44.6091,0.2679245283018867,0.0,0.0,1.0,1.0
2025-03-14,300500,1.9677996422182487,42.8669,46.5158,30.0069,34.2936,34.2936,0.38888888888888884,0.0,0.0,1.0,1.0
2025-03-14,300517,2.449414270500516,59.6022,58.7866,66.7215,62.6818,62.6818,0.44475939984999857,1.0,0.0,1.0,1.0
2025-03-14,300518,3.656307129798897,86.3512,81.5091,60.4458,69.0809,69.0809,0.3785900783289818,0.0,0.0,1.0,1.0
2025-03-14,300610,1.0597302504816941,3.0864,8.4642,19.1507,17.4691,15.4667,0.7002457002457005,1.0,0.0,0.5995085995085989,1.0
2025-03-14,300614,1.3123359580052618,15.0206,17.9634,27.4083,27.0165,24.9899,0.7026515151515151,1.0,0.0,0.5946969696969697,1.0
2025-03-14,300621,3.2474804031355164,80.8642,80.1702,81.6049,79.6914,79.6914,0.22605790645879723,1.0,0.0,1.0,1.0
2025-03-14,300665,2.571428571428558,63.8546,56.7067,60.9442,66.0837,63.8952,0.7188498402555911,1.0,0.0,0.5623003194888179,1.0
2025-03-14,300686,1.7448200654307522,34.225,38.1689,48.9575,42.38,42.38,0.46055437100213226,1.0,0.0,1.0,1.0
2025-03-14,300749,1.28571428571429,13.786,20.607,33.8065,26.0288,25.8179,0.5210918114143921,1.0,0.0,0.9578163771712158,1.0
2025-03-14,300771,2.157031924072461,49.6571,45.0234,50.3554,54.7257,52.3745,0.7351129363449691,1.0,0.0,0.5297741273100618,1.0
2025-03-14,300978,2.0654044750430423,46.1591,45.2472,53.9512,51.9273,51.0873,0.5840044564699627,1.0,0.0,0.8319910870600746,1.0
2025-03-14,301098,1.904761904761898,40.1235,43.7978,53.0864,47.0988,47.0988,0.41504854368932037,1.0,0.0,1.0,1.0
2025-03-14,301102,2.6556776556776684,66.3237,63.4147,46.4266,53.059,53.059,0.4822134387351778,0.0,0.0,1.0,1.0
2025-03-14,301198,2.7247956403269713,68.2442,66.8951,47.7709,54.5953,54.5953,0.38501026694045176,0.0,0.0,1.0,1.0
2025-03-14,301265,1.5233949945593128,23.6626,28.7923,41.2883,33.93,33.8612,0.5068870523415977,1.0,0.0,0.9862258953168046,1.0
2025-03-14,600697,2.4107142857142883,58.7791,60.849,41.1454,47.0233,47.0233,0.30871491875923185,0.0,0.0,1.0,1.0
2025-03-14,600768,1.3415892672858698,16.6667,18.3525,26.705,28.3333,25.8429,0.7490413217216677,1.0,0.0,0.5019173565566646,1.0
2025-03-14,601083,2.106430155210659,47.8052,51.3229,33.4636,38.2442,38.2442,0.3460627252019961,0.0,0.0,1.0,1.0
2025-03-17,000586,1.3671875,18.6406,25.8961,38.0485,29.9125,29.9125,0.45081967213114754,1.0,0.0,1.0,1.0
2025-03-17,000668,3.040540540540526,76.6487,79.0446,53.6541,61.319,61.319,0.11371841155234655,0.0,0.0,0.5685920577617327,1.0
2025-03-17,001366,1.3134851138353776,15.4778,21.5913,34.2525,27.3822,26.9868,0.5395480225988699,1.0,0.0,0.9209039548022602,1.0
2025-03-17,002058,1.6528925619834656,31.0902,38.5035,21.7631,24.8721,24.8721,0.3184306569343066,0.0,0.0,1.0,1.0
2025-03-17,002800,1.5017667844522853,23.2167,29.0646,41.2517,33.5734,33.5734,0.47543859649122805,1.0,0.0,1.0,1.0
2025-03-17,002826,1.181818181818195,8.4118,15.3337,5.8883,6.7295,6.7295,0.5697865353037767,0.0,0.0,0.8604269293924467,1.0
2025-03-17,002887,1.726427622841964,34.1184,36.7206,47.7346,42.2948,42.0077,0.5287081339712919,1.0,0.0,0.9425837320574162,1.0
2025-03-17,002972,1.1304347826087024,6.393,8.0713,20.3889,25.1144,21.5928,0.8521555566785096,1.0,1.0,0.29568888664298076,1.0
2025-03-17,300371,1.9444444444444375,41.79,38.7685,44.9259,48.432,46.1002,0.7331786542923436,1.0,0.0,0.5336426914153127,1.0
2025-03-17,300517,2.7027027027027195,68.1696,64.5405,72.7187,69.5357,69.5357,0.49975652993897657,1.0,0.0,1.0,1.0
2025-03-17,300621,2.1691973969631295,50.6729,55.3713,60.4711,55.5384,55.5384,0.25835189309576834,1.0,0.0,1.0,1.0
2025-03-17,300665,1.1142061281337101,5.3163,8.7259,17.6671,19.253,16.4894,0.7763578274760383,1.0,0.0,0.44728434504792336,1.0
2025-03-17,300686,3.4297963558413747,83.3782,76.8092,83.3647,81.7026,81.7026,0.4946695095948828,1.0,0.0,1.0,1.0
2025-03-17,301256,1.0575793184488758,2.8937,8.8158,20.0274,17.3149,15.5654,0.6749548077591669,1.0,0.0,0.6500903844816661,1.0
2025-03-17,301265,1.8220793140407254,38.0888,39.562,49.844,45.4711,45.0165,0.5454545454545454,1.0,0.0,0.9090909090909092,1.0
2025-03-17,601083,1.411509229098784,20.9287,28.3772,14.6501,16.7429,16.7429,0.41828735973666054,0.0,0.0,1.0,1.0
2025-03-17,605069,3.370786516853941,82.7052,71.5823,78.7298,86.1642,83.8732,0.729096989966555,1.0,1.0,0.5418060200668899,1.0
2025-03-18,000586,1.445086705202292,22.0165,28.421,40.4115,32.6132,32.6132,0.4596100278551533,1.0,0.0,1.0,1.0
2025-03-18,002144,1.5246636771300448,24.4856,25.1809,33.3248,34.5885,32.3847,0.7203791469194315,1.0,0.0,0.559241706161137,1.0
2025-03-18,002209,2.495697074010317,61.5226,54.6852,64.0001,69.2181,66.9517,0.7266435986159169,1.0,1.0,0.5467128027681663,1.0
2025-03-18,002809,1.3683010262257822,18.7243,19.6589,27.466,29.9794,27.3192,0.766025641025641,1.0,0.0,0.46794871794871806,1.0
2025-03-18,002828,1.5151515151515138,23.9369,27.6975,38.8517,34.1495,33.4235,0.5726027397260273,1.0,0.0,0.8547945205479455,1.0
2025-03-18,003003,2.0153550863723613,45.4047,43.9359,52.0077,51.3237,50.1298,0.6193895870736088,1.0,0.0,0.7612208258527824,1.0
2025-03-18,003018,3.053435114503822,77.1605,67.1989,74.9533,81.7284,79.4636,0.7264770240700219,1.0,1.0,0.5470459518599562,1.0
2025-03-18,300610,1.614434947768273,29.561,28.9068,36.2087,38.6488,36.2778,0.737100737100737,1.0,0.0,0.525798525798526,1.0
2025-03-18,300614,3.0146425495262807,75.3772,65.5669,68.2944,75.3018,72.9344,0.7367424242424242,1.0,0.0,0.5265151515151516,1.0
2025-03-18,300626,1.46520146520146,22.5652,24.9354,34.5621,33.0521,31.4938,0.6558367304561565,1.0,0.0,0.6883265390876869,1.0
2025-03-18,300736,1.2060301507537785,10.2195,22.1032,7.1536,8.1756,8.1756,0.3036211699164345,0.0,0.0,1.0,1.0
2025-03-18,300749,1.2676056338028374,13.3745,19.7815,32.5259,25.6996,25.2405,0.5459057071960297,1.0,0.0,0.9081885856079406,1.0
2025-03-18,301120,1.0934393638170947,4.321,10.0403,21.1918,18.4568,16.7486,0.6708229426433913,1.0,0.0,0.6583541147132175,1.0
2025-03-18,301198,1.4010507880910739,19.9588,27.425,13.9712,15.9671,15.9671,0.4271047227926078,0.0,0.0,1.0,1.0
2025-03-18,600847,3.4663865546218586,83.6077,75.0813,79.9156,81.8861,80.9837,0.5902439024390245,1.0,0.0,0.8195121951219511,1.0
2025-03-18,603506,1.7431192660550376,34.9108,29.3144,37.2089,47.9287,43.6215,0.9307159353348732,1.0,1.0,0.13856812933025364,1.0
2025-03-25,000929,1.4836795252225476,25.5538,35.1341,17.8877,20.443,20.443,0.265446224256293,0.0,0.0,1.0,1.0
2025-03-25,001366,1.4354066985645897,24.288,34.1196,17.0016,19.4304,19.4304,0.2655367231638416,0.0,0.0,1.0,1.0
2025-03-25,002826,1.5180265654649139,26.8196,31.7224,18.7737,21.4557,21.4557,0.4866666666666664,0.0,0.0,1.0,1.0
2025-03-25,300243,2.6530612244897833,68.5918,67.8211,48.0142,54.8734,54.8734,0.35261707988980723,0.0,0.0,1.0,1.0
2025-03-25,300340,1.6096579476861272,32.3576,38.7375,22.6503,25.8861,25.8861,0.35742971887550196,0.0,0.0,1.0,1.0
2025-03-25,300610,2.995169082125626,76.9778,68.059,71.8379,76.5823,74.8206,0.676165803108808,1.0,0.0,0.6476683937823839,1.0
2025-03-25,300614,3.054101221640493,79.3513,69.6165,77.8168,83.481,81.5487,0.6932270916334663,1.0,1.0,0.6135458167330674,1.0
2025-03-25,300774,1.7421602787456525,38.212,42.8077,26.7484,30.5696,30.5696,0.3880952380952378,0.0,0.0,1.0,1.0
2025-03-25,301126,3.8528896672504365,91.3766,82.4452,92.6515,93.1013,92.7732,0.532803180914513,1.0,1.0,0.9343936381709741,1.0
2025-03-25,603506,3.4203420342034274,85.2057,72.8259,78.9667,88.1646,85.4952,0.7669322709163346,1.0,1.0,0.4661354581673307,1.0
2025-03-26,000586,3.1376518218623417,80.963,77.5961,56.6741,64.7704,64.7704,0.3587115666178625,0.0,0.0,1.0,1.0
2025-03-26,000929,2.631578947368407,66.5926,67.6059,71.6148,68.2741,68.2741,0.28341013824884786,1.0,0.0,1.0,1.0
2025-03-26,001366,3.490566037735854,85.8519,82.5233,60.0963,68.6815,68.6815,0.3079096045197739,0.0,0.0,1.0,1.0
2025-03-26,002058,2.6369168356997985,66.8889,69.9204,46.8222,53.5111,53.5111,0.17953667953667948,0.0,0.0,0.8976833976833973,1.0
2025-03-26,002205,1.8318965517241326,40.5185,43.3145,28.363,32.4148,32.4148,0.45501730103806215,0.0,0.0,1.0,1.0
2025-03-26,002209,3.0864197530864113,79.8519,70.5007,79.1347,83.8815,82.1911,0.6690391459074734,1.0,1.0,0.6619217081850532,1.0
2025-03-26,002780,1.9197207678882888,43.6296,47.4451,55.5407,49.9037,49.9037,0.37292817679558027,1.0,0.0,1.0,1.0
2025-03-26,002800,4.532019704433488,97.4074,92.9984,68.1852,77.9259,77.9259,0.24637681159420313,0.0,0.0,1.0,1.0
2025-03-26,002806,1.3628620102214661,19.1852,25.3167,13.4296,15.3481,15.3481,0.5015723270440251,0.0,0.0,0.9968553459119498,1.0
2025-03-26,002809,1.2471655328798015,12.7407,14.8184,23.1702,25.1926,22.5055,0.7687074829931971,1.0,0.0,0.46258503401360573,1.0
2025-03-26,002826,3.2710280373831946,83.037,76.163,82.5926,81.4296,81.2963,0.5133333333333333,1.0,0.0,0.9733333333333334,1.0
2025-03-26,002848,2.35294117647058,59.037,65.8364,41.3259,47.2296,47.2296,0.06965944272445822,0.0,0.0,0.34829721362229105,1.0
2025-03-26,002858,1.2173913043478368,11.6296,22.6694,8.1407,9.3037,9.3037,0.3317152103559871,0.0,0.0,1.0,1.0
2025-03-26,002871,1.6293279022403517,32.2222,32.2138,22.5556,25.7778,25.7778,0.6782006920415223,0.0,0.0,0.6435986159169553,1.0
2025-03-26,002887,1.0652463382157196,3.4815,12.7352,27.337,17.7852,17.7602,0.5025000000000002,1.0,0.0,0.9949999999999997,1.0
2025-03-26,002890,3.027522935779814,77.2593,71.6256,83.7178,81.8074,81.7165,0.5090909090909093,1.0,1.0,0.9818181818181815,1.0
2025-03-26,002900,2.898550724637672,74.2963,72.5188,52.0074,59.437,59.437,0.34591194968553457,0.0,0.0,1.0,1.0
2025-03-26,002963,3.125,80.5185,78.3585,56.363,64.4148,64.4148,0.3028169014084506,0.0,0.0,1.0,1.0
2025-03-26,002972,3.6771300448430466,89.2593,76.9948,83.6563,91.4074,89.2011,0.7206299145691952,1.0,1.0,0.5587401708616095,1.0
2025-03-26,003003,2.5252525252525304,64.2222,61.3778,44.9556,51.3778,51.3778,0.5000000000000001,0.0,0.0,0.9999999999999998,1.0
2025-03-26,300243,1.888667992047699,42.2963,46.0684,29.6074,33.837,33.837,0.38842975206611574,0.0,0.0,1.0,1.0
2025-03-26,300340,1.4851485148514865,24.5185,32.0378,17.163,19.6148,19.6148,0.3788487282463186,0.0,0.0,1.0,1.0
2025-03-26,300371,4.549854791868357,97.5556,85.9277,89.0553,93.0444,91.9861,0.6058394160583942,1.0,0.0,0.7883211678832116,1.0
2025-03-26,300417,2.4042742653606286,60.3704,60.9193,42.2593,48.2963,48.2963,0.36885100128132253,0.0,0.0,1.0,1.0
2025-03-26,300500,3.0741410488245746,79.1852,76.2538,55.4296,63.3481,63.3481,0.35471698113207567,0.0,0.0,1.0,1.0
2025-03-26,300517,1.6077170418006492,30.8889,36.1029,46.6222,39.7111,39.7111,0.43041232243548255,1.0,0.0,1.0,1.0
2025-03-26,300610,1.9699812382739212,46.1481,41.789,47.0446,51.9185,49.3538,0.7564766839378239,1.0,0.0,0.4870466321243523,1.0
2025-03-26,300621,1.439645625692143,23.1852,34.3498,16.2296,18.5481,18.5481,0.2099192618223758,0.0,0.0,1.0,1.0
2025-03-26,300635,3.1313131313131404,80.6667,78.9859,56.4667,64.5333,64.5333,0.2773722627737226,0.0,0.0,1.0,1.0
2025-03-26,300665,3.8461538461538547,91.3333,82.3596,63.9333,73.0667,73.0667,0.5353535353535354,0.0,0.0,0.9292929292929293,1.0
2025-03-26,300686,2.050663449939716,49.4074,54.6815,34.5852,39.5259,39.5259,0.24222222222222203,0.0,0.0,1.0,1.0
2025-03-26,300736,2.818489289740689,72.2222,75.927,50.5556,57.7778,57.7778,0.09253731343283571,0.0,0.0,0.4626865671641785,1.0
2025-03-26,300749,4.696969696969711,98.5926,91.1372,69.0148,78.8741,78.8741,0.3868421052631578,0.0,0.0,1.0,1.0
2025-03-26,300771,1.9337016574585641,44.2222,44.3756,30.9556,35.3778,35.3778,0.5501113585746099,0.0,0.0,0.8997772828507802,1.0
2025-03-26,300774,1.9406392694063967,44.5185,47.1386,31.163,35.6148,35.6148,0.42380952380952364,0.0,0.0,1.0,1.0
2025-03-26,300884,1.6365202411714241,32.7407,36.174,22.9185,26.1926,26.1926,0.5009276437847865,0.0,0.0,0.998144712430427,1.0
2025-03-26,300929,2.677532013969741,68.2222,66.1388,47.7556,54.5778,54.5778,0.42195121951219494,0.0,0.0,1.0,1.0
2025-03-26,300948,3.6093418259023347,87.7778,85.5749,61.4444,70.2222,70.2222,0.23236514522821566,0.0,0.0,1.0,1.0
2025-03-26,300978,3.285968028419184,83.3333,76.8449,58.3333,66.6667,66.6667,0.49108689857402904,0.0,0.0,1.0,1.0
2025-03-26,301098,2.743142144638422,70.1481,71.2405,49.1037,56.1185,56.1185,0.24390243902439007,0.0,0.0,1.0,1.0
2025-03-26,301102,1.1310084825636224,6.5926,17.2684,4.6148,5.2741,5.2741,0.4002828854314001,0.0,0.0,1.0,1.0
2025-03-26,301265,3.304904051172697,83.7778,76.4897,82.5794,82.0222,81.756,0.5266272189349115,1.0,0.0,0.946745562130177,1.0
2025-03-26,600697,1.9748653500897495,46.4444,52.0145,57.5111,52.1556,52.1556,0.2570532915360502,1.0,0.0,1.0,1.0
2025-03-26,600768,2.893890675241151,74.1481,67.0577,51.9037,59.3185,59.3185,0.6130392671213409,0.0,0.0,0.7739214657573181,1.0
2025-03-26,601133,1.807228915662673,39.9259,43.635,27.9481,31.9407,31.9407,0.41528621347718303,0.0,0.0,1.0,1.0
2025-03-26,603065,1.9305019305019266,44.0741,47.306,55.8519,50.2593,50.2593,0.3976637219829211,1.0,0.0,1.0,1.0
2025-03-26,603137,2.2336769759450092,54.7407,52.0015,59.7364,58.7926,57.8971,0.5895522388059704,1.0,0.0,0.8208955223880592,1.0
2025-03-26,603216,1.35938827527613,18.5926,25.0882,13.0148,14.8741,14.8741,0.48929159802306427,0.0,0.0,1.0,1.0
2025-03-26,603506,1.9147084421235805,43.3333,37.8522,46.7043,54.6667,51.2594,0.8407258064516131,1.0,1.0,0.3185483870967738,1.0
2025-04-01,001300,1.5410958904109373,28.1481,37.4022,19.7037,22.5185,22.5185,0.25581395348837194,0.0,0.0,1.0,1.0
2025-04-01,001322,2.111801242236022,50.963,54.1762,35.6741,40.7704,40.7704,0.3297101449275365,0.0,0.0,1.0,1.0
2025-04-01,001366,1.869158878504673,41.1111,47.1746,28.7778,32.8889,32.8889,0.2857142857142855,0.0,0.0,1.0,1.0
2025-04-01,002205,4.856512141280356,99.6296,92.1162,69.7407,79.7037,79.7037,0.37937384898710874,0.0,0.0,1.0,1.0
2025-04-01,002800,3.8076152304609145,91.1852,88.6366,63.8296,72.9481,72.9481,0.21557971014492783,0.0,0.0,1.0,1.0
2025-04-01,002806,1.2389380530973382,12.3704,22.563,8.6593,9.8963,9.8963,0.3666666666666667,0.0,0.0,1.0,1.0
2025-04-01,002826,3.6211699164345523,88.1481,81.1133,86.7037,85.5185,85.5185,0.47026022304832693,1.0,0.0,1.0,1.0
2025-04-01,002828,2.163461538461542,52.3704,58.0526,36.6593,41.8963,41.8963,0.19218241042345272,0.0,0.0,0.9609120521172635,1.0
2025-04-01,002848,2.4955436720142554,62.5926,69.4338,43.8148,50.0741,50.0741,0.03201219512195121,0.0,0.0,0.16006097560975605,1.0
2025-04-01,002858,2.8193832599118895,72.3704,73.6027,50.6593,57.8963,57.8963,0.21467889908256876,0.0,0.0,1.0,1.0
2025-04-01,002871,1.884816753926688,41.8519,43.1981,29.2963,33.4815,33.4815,0.5141700404858299,0.0,0.0,0.9716599190283401,1.0
2025-04-01,002890,2.3496240601503793,58.8889,58.8107,41.2222,47.1111,47.1111,0.41501976284585,0.0,0.0,1.0,1.0
2025-04-01,002910,1.2880562060890055,14.7407,26.5806,10.3185,11.7926,11.7926,0.26059850374064825,0.0,0.0,1.0,1.0
2025-04-01,002963,3.561643835616457,86.8889,85.8606,60.8222,69.5111,69.5111,0.1825242718446601,0.0,0.0,0.9126213592233005,1.0
2025-04-01,002972,1.6245487364620947,32.0741,31.9093,22.4519,25.6593,25.6593,0.6875000000000001,0.0,0.0,0.6249999999999998,1.0
2025-04-01,003003,2.2657054582904124,55.4815,56.5572,38.837,44.3852,44.3852,0.39139784946236583,0.0,0.0,1.0,1.0
2025-04-01,003018,2.431906614786006,61.1111,56.4214,42.7778,48.8889,48.8889,0.623376623376623,0.0,0.0,0.7532467532467539,1.0
2025-04-01,300517,1.4054054054054133,22.2963,29.6114,15.6074,17.837,17.837,0.4112828858827944,0.0,0.0,1.0,1.0
2025-04-01,300564,3.2900432900432763,83.6296,81.8676,58.5407,66.9037,66.9037,0.2518059855521157,0.0,0.0,1.0,1.0
2025-04-01,300610,2.6341463414633948,66.2963,63.8519,46.4074,53.037,53.037,0.4592592592592593,0.0,0.0,1.0,1.0
2025-04-01,300614,2.92553191489362,74.8889,67.0927,76.7855,79.9111,78.5019,0.6409185803757826,1.0,1.0,0.7181628392484347,1.0
2025-04-01,300635,2.0470829068577334,48.6667,54.1661,34.0667,38.9333,38.9333,0.2383612662942271,0.0,0.0,1.0,1.0
2025-04-01,300649,3.170289855072461,81.5556,79.0323,57.0889,65.2444,65.2444,0.3106060606060605,0.0,0.0,1.0,1.0
2025-04-01,300665,2.325581395348819,57.5556,57.2601,40.2889,46.0444,46.0444,0.43921568627450985,0.0,0.0,1.0,1.0
2025-04-01,300686,1.461632155907422,24.3704,36.155,17.0593,19.4963,19.4963,0.16706443914081173,0.0,0.0,0.8353221957040586,1.0
2025-04-01,300749,1.3717421124828544,19.9259,25.2063,42.4792,35.9407,35.5735,0.536723163841808,1.0,1.0,0.9265536723163841,1.0
2025-04-01,300884,1.5151515151515138,26.0741,33.7463,18.2519,20.8593,20.8593,0.3556485355648537,0.0,0.0,1.0,1.0
2025-04-01,300912,2.23752151462997,54.4444,57.6693,38.1111,43.5556,43.5556,0.294314381270903,0.0,0.0,1.0,1.0
2025-04-01,300929,2.1531100478468845,51.9259,56.3556,36.3481,41.5407,41.5407,0.259259259259259,0.0,0.0,1.0,1.0
2025-04-01,300931,3.5007610350076046,86.0,80.05,60.2,68.8,68.8,0.4375000000000001,0.0,0.0,1.0,1.0
2025-04-01,300948,1.3771186440677985,20.5185,31.6845,14.363,16.4148,16.4148,0.2365145228215766,0.0,0.0,1.0,1.0
2025-04-01,300970,2.6632302405498187,67.7778,70.1841,47.4444,54.2222,54.2222,0.201904761904762,0.0,0.0,1.0,1.0
2025-04-01,301098,2.933673469387754,75.037,76.1709,52.5259,60.0296,60.0296,0.19293478260869562,0.0,0.0,0.964673913043478,1.0
2025-04-01,301102,1.2357414448669335,11.8519,23.8669,8.2963,9.4815,9.4815,0.2807308970099666,0.0,0.0,1.0,1.0
2025-04-01,301120,4.413347685683533,96.3704,91.8889,67.4593,77.0963,77.0963,0.26036866359447003,0.0,0.0,1.0,1.0
2025-04-01,301125,1.725625539257969,36.0741,41.2989,25.2519,28.8593,28.8593,0.37801608579088486,0.0,0.0,1.0,1.0
2025-04-01,301126,2.2441651705565446,54.7407,55.8568,38.3185,43.7926,43.7926,0.39678899082568825,0.0,0.0,1.0,1.0
2025-04-01,600689,3.1588447653429608,81.1852,73.3989,56.8296,64.9481,64.9481,0.5774647887323945,0.0,0.0,0.845070422535211,1.0
2025-04-01,601083,2.002107481559512,46.5926,50.1089,57.6148,52.2741,52.2741,0.35825631689106413,1.0,0.0,1.0,1.0
2025-04-01,601133,2.0689655172413834,49.7037,53.4577,34.7926,39.763,39.763,0.3152631365278844,0.0,0.0,1.0,1.0
2025-04-01,603065,2.6281208935611033,66.0,66.0943,46.2,52.8,52.8,0.3352850989267768,0.0,0.0,1.0,1.0
2025-04-01,603137,1.5397775876817787,27.9259,31.3043,47.4753,42.3407,41.8225,0.5518207282913165,1.0,1.0,0.8963585434173671,1.0
2025-04-01,603709,2.6078234704112413,65.4074,67.8501,45.7852,52.3259,52.3259,0.22379032258064538,0.0,0.0,1.0,1.0
2025-04-01,603716,3.182256509161041,82.0,75.7311,57.4,65.6,65.6,0.49344457687723475,0.0,0.0,1.0,1.0
2025-04-02,002209,2.515723270440251,65.4083,60.5573,45.7858,52.3267,52.3267,0.5884691848906564,0.0,0.0,0.8230616302186873,1.0
2025-04-02,002780,2.2935779816513735,57.7042,62.4313,40.3929,46.1633,46.1633,0.18660287081339713,0.0,0.0,0.9330143540669856,1.0
2025-04-02,002806,1.660839160839167,34.4376,40.744,24.1063,27.5501,27.5501,0.34030418250950556,0.0,0.0,1.0,1.0
2025-04-02,300610,2.6615969581749166,69.4145,66.1101,78.5901,75.5316,75.5316,0.4710743801652891,1.0,1.0,1.0,1.0
2025-04-02,300614,1.8949181739879473,42.9122,40.1335,51.646,54.3297,52.2316,0.7098121085594988,1.0,1.0,0.5803757828810023,1.0
2025-04-02,300626,1.9114688128772706,43.6826,46.7722,30.5778,34.9461,34.9461,0.40869565217391285,0.0,0.0,1.0,1.0
2025-04-02,300978,1.6949152542372836,35.5162,40.8099,24.8613,28.4129,28.4129,0.3801509861845352,0.0,0.0,1.0,1.0
2025-04-02,301125,1.6115351993214677,31.2018,37.7569,21.8413,24.9615,24.9615,0.36023054755043243,0.0,0.0,1.0,1.0
2025-04-02,600689,1.5748031496062964,29.661,31.4337,20.7627,23.7288,23.7288,0.6147540983606558,0.0,0.0,0.7704918032786885,1.0
2025-04-02,603709,1.9550342130987275,45.5316,51.833,31.8721,36.4253,36.4253,0.22961373390557946,0.0,0.0,1.0,1.0
2025-04-02,605069,2.7716186252771724,73.1125,70.033,51.1787,58.49,58.49,0.42284866468842724,0.0,0.0,1.0,1.0
2025-04-08,002910,4.469987228607919,95.6053,93.0428,66.9237,76.4842,76.4842,0.17206982543640897,0.0,0.0,0.8603491271820448,1.0
2025-04-08,300243,4.714640198511155,97.927,97.6231,68.5489,78.3416,78.3416,0.035928143712574884,0.0,0.0,0.17964071856287442,1.0
2025-04-08,300306,3.006012024048088,72.8856,77.7802,51.0199,58.3085,58.3085,0.0264150943396228,0.0,0.0,0.13207547169811398,1.0
2025-04-08,300313,4.638218923933213,97.2637,95.2059,68.0846,77.8109,77.8109,0.13025210084033598,0.0,0.0,0.6512605042016798,1.0
2025-04-08,300314,4.261363636363624,93.9469,93.1493,65.7629,75.1575,75.1575,0.100409836065574,0.0,0.0,0.50204918032787,1.0
2025-04-08,300417,4.390779363337005,94.7761,95.4234,66.3433,75.8209,75.8209,0.019875776397515543,0.0,0.0,0.0993788819875777,1.0
2025-04-08,300437,4.6511627906976605,97.4295,97.6042,68.2007,77.9436,77.9436,0.01697127937336813,0.0,0.0,0.08485639686684064,1.0
2025-04-08,300452,2.2935779816513735,53.5655,60.3524,37.4959,42.8524,42.8524,0.12500000000000044,0.0,0.0,0.6250000000000022,1.0
2025-04-08,300478,3.9583333333333526,90.9619,89.5687,63.6733,72.7695,72.7695,0.1600370027752081,0.0,0.0,0.8001850138760405,1.0
2025-04-08,300500,3.429203539822989,83.4992,85.7877,58.4494,66.7993,66.7993,0.05058365758754883,0.0,0.0,0.2529182879377441,1.0
2025-04-08,300517,4.125000000000001,92.7861,90.9421,64.9502,74.2289,74.2289,0.16433566433566438,0.0,0.0,0.8216783216783219,1.0
2025-04-08,300518,4.303797468354431,94.2786,95.4229,65.995,75.4229,75.4229,0.0,0.0,0.0,0.0,1.0
2025-04-08,300539,4.219030520646294,93.6153,90.3682,65.5307,74.8922,74.8922,0.22620266120777907,0.0,0.0,1.0,1.0
2025-04-08,300560,4.861111111111116,99.4196,99.5357,69.5937,79.5357,79.5357,0.0,0.0,0.0,0.0,1.0
2025-04-08,300588,4.268292682926833,94.1128,95.2902,65.8789,75.2902,75.2902,0.0,0.0,0.0,0.0,1.0
2025-04-08,300605,3.0303030303030276,74.2123,77.3816,51.9486,59.3698,59.3698,0.09940944881889763,0.0,0.0,0.49704724409448814,1.0
2025-04-08,300610,3.6257309941520433,86.4842,88.8339,60.539,69.1874,69.1874,0.01767676767676763,0.0,0.0,0.08838383838383815,1.0
2025-04-08,300614,2.8895768833849367,70.7297,70.4042,49.5108,56.5837,56.5837,0.3089770354906052,0.0,0.0,1.0,1.0
2025-04-08,300615,2.106318956870612,47.6783,58.1426,33.3748,38.1426,38.1426,0.0,0.0,0.0,0.0,1.0
2025-04-08,300621,4.591104734576756,96.6003,97.2803,67.6202,77.2803,77.2803,0.0,0.0,0.0,0.0,1.0
2025-04-08,300626,1.6414141414141437,30.7629,44.6103,21.534,24.6103,24.6103,0.0,0.0,0.0,0.0,1.0
2025-04-08,300635,2.4242424242424176,58.4577,65.9457,40.9204,46.7662,46.7662,0.04102564102564107,0.0,0.0,0.20512820512820532,1.0
2025-04-08,300651,3.916449086161866,90.2985,91.2375,63.209,72.2388,72.2388,0.050064184852374925,0.0,0.0,0.25032092426187463,1.0
2025-04-08,300665,3.290676416819016,81.5091,83.8895,57.0564,65.2073,65.2073,0.06589147286821702,0.0,0.0,0.3294573643410851,1.0
2025-04-08,300686,2.7272727272727337,67.2471,73.7196,47.073,53.7977,53.7977,0.003906249999999917,0.0,0.0,0.019531249999999584,1.0
2025-04-08,300703,2.171945701357436,50.1658,56.0383,35.1161,40.1327,40.1327,0.2047184170471843,0.0,0.0,1.0,1.0
2025-04-08,300730,2.1032504780114536,47.5124,57.591,33.2587,38.01,38.01,0.020949720670391116,0.0,0.0,0.10474860335195557,1.0
2025-04-08,300749,3.8848920863309377,89.9668,83.1599,92.9768,91.9735,91.9735,0.4406779661016951,1.0,1.0,1.0,1.0
2025-04-08,300771,3.868698710433782,89.801,91.8408,62.8607,71.8408,71.8408,0.0,0.0,0.0,0.0,1.0
2025-04-08,300774,3.82513661202184,89.1376,90.3132,62.3964,71.3101,71.3101,0.04984423676012455,0.0,0.0,0.24922118380062272,1.0
2025-04-08,300787,1.31332082551594,15.34,32.272,10.738,12.272,12.272,0.0,0.0,0.0,0.0,1.0
2025-04-08,300845,3.308823529411753,82.0066,84.3385,57.4046,65.6053,65.6053,0.06333973128598841,0.0,0.0,0.31669865642994205,1.0
2025-04-08,300884,3.0066815144766057,73.0514,78.4411,51.136,58.4411,58.4411,0.0,0.0,0.0,0.0,1.0
2025-04-08,300929,3.0555555555555447,75.3731,79.831,52.7612,60.2985,60.2985,0.023376623376623336,0.0,0.0,0.11688311688311667,1.0
2025-04-08,300943,4.068716094032543,91.9569,91.9335,64.3698,73.5655,73.5655,0.0816023738872403,0.0,0.0,0.4080118694362015,1.0
2025-04-08,300978,2.3622047244094224,56.7993,65.4395,39.7595,45.4395,45.4395,0.0,0.0,0.0,0.0,1.0
2025-04-08,301066,4.070305272895469,92.2886,91.493,64.602,73.8308,73.8308,0.11689189189189192,0.0,0.0,0.5844594594594595,1.0
2025-04-08,301120,3.3591731266150004,82.5041,86.0033,57.7529,66.0033,66.0033,0.0,0.0,0.0,0.0,1.0
2025-04-08,301125,3.9832285115304122,91.2935,92.7403,63.9055,73.0348,73.0348,0.014727540500736467,0.0,0.0,0.07363770250368233,1.0
2025-04-08,301126,4.408602150537644,95.1078,95.6486,66.5755,76.0862,76.0862,0.021881838074398557,0.0,0.0,0.10940919037199279,1.0
2025-04-08,301198,2.421307506053272,58.126,66.5008,40.6882,46.5008,46.5008,0.0,0.0,0.0,0.0,1.0
2025-04-08,301292,4.624781849912729,96.932,97.5456,67.8524,77.5456,77.5456,0.0,0.0,0.0,0.0,1.0
2025-04-08,301303,3.5026269702276736,84.66,86.8399,59.262,67.728,67.728,0.044404973357015896,0.0,0.0,0.22202486678507946,1.0
2025-04-08,301355,3.0558482613276983,75.539,79.4312,52.8773,60.4312,60.4312,0.05000000000000002,0.0,0.0,0.25000000000000006,1.0
2025-04-08,301408,3.2352941176470695,80.5141,83.0243,56.3599,64.4113,64.4113,0.06935123042505566,0.0,0.0,0.34675615212527827,1.0
2025-04-08,301519,3.7545787545787634,88.3085,89.4886,61.8159,70.6468,70.6468,0.057906458797327344,0.0,0.0,0.2895322939866367,1.0
2025-04-08,601083,2.705749718151096,66.9154,72.7554,46.8408,53.5323,53.5323,0.038845028575870556,0.0,0.0,0.19422514287935277,1.0
2025-04-08,603810,1.316944688323085,15.8375,22.0624,11.0862,12.67,12.67,0.5303776683087029,0.0,0.0,0.9392446633825942,1.0
2025-04-08,605069,2.3809523809523725,57.2968,60.4666,40.1078,45.8375,45.8375,0.26854599406528196,0.0,0.0,1.0,1.0
2025-04-09,000020,2.0895522388059584,43.6296,54.2647,30.5407,34.9037,34.9037,0.03194888178913755,0.0,0.0,0.15974440894568775,1.0
2025-04-09,000586,2.7638190954773822,64.6667,71.0585,45.2667,51.7333,51.7333,0.03374233128834352,0.0,0.0,0.1687116564417176,1.0
2025-04-09,001300,1.3725490196078383,17.4074,33.1828,12.1852,13.9259,13.9259,0.03715670436187381,0.0,0.0,0.18578352180936902,1.0
2025-04-09,001322,1.6393442622950838,28.0741,40.3281,19.6519,22.4593,22.4593,0.10655737704918086,0.0,0.0,0.5327868852459042,1.0
2025-04-09,001366,3.9548022598870025,89.1111,85.631,62.3778,71.2889,71.2889,0.282894736842105,0.0,0.0,1.0,1.0
2025-04-09,002144,1.4659685863874339,21.4074,34.8629,14.9852,17.1259,17.1259,0.11314984709480157,0.0,0.0,0.5657492354740078,1.0
2025-04-09,002205,2.5149700598802394,58.0,62.7855,40.6,46.4,46.4,0.18072289156626498,0.0,0.0,0.9036144578313249,1.0
2025-04-09,002209,4.746136865342154,97.8519,94.7427,68.4963,78.2815,78.2815,0.176938369781312,0.0,0.0,0.8846918489065599,1.0
2025-04-09,002633,2.8692879914983926,67.1852,70.2595,47.0296,53.7481,53.7481,0.17443120260021672,0.0,0.0,0.8721560130010836,1.0
2025-04-09,002729,2.113970588235281,44.963,55.869,31.4741,35.9704,35.9704,0.0050675675675677595,0.0,0.0,0.025337837837838797,1.0
2025-04-09,002780,4.801670146137771,98.5926,98.2992,69.0148,78.8741,78.8741,0.02874432677760961,0.0,0.0,0.14372163388804804,1.0
2025-04-09,002809,3.03030303030305,71.1852,75.5374,49.8296,56.9481,56.9481,0.0705394190871366,0.0,0.0,0.35269709543568295,1.0
2025-04-09,002826,4.092920353982321,91.1852,91.0509,63.8296,72.9481,72.9481,0.09486166007905104,0.0,0.0,0.4743083003952552,1.0
2025-04-09,002848,1.6666666666666607,29.5556,43.101,20.6889,23.6444,23.6444,0.02717391304347828,0.0,0.0,0.1358695652173914,1.0
2025-04-09,002858,3.1809145129224614,76.2222,80.3517,53.3556,60.9778,60.9778,0.03130434782608691,0.0,0.0,0.15652173913043455,1.0
2025-04-09,002861,4.371584699453557,93.7037,91.9992,65.5926,74.963,74.963,0.14818652849740932,0.0,0.0,0.7409326424870466,1.0
2025-04-09,002871,2.2864019253910683,50.0,58.1413,35.0,40.0,40.0,0.09293680297397793,0.0,0.0,0.4646840148698896,1.0
2025-04-09,002887,3.49761526232113,82.0,84.8216,57.4,65.6,65.6,0.03892215568862282,0.0,0.0,0.19461077844311409,1.0
2025-04-09,002910,3.0562347188264116,72.5185,73.7006,50.763,58.0148,58.0148,0.2157107231920199,0.0,0.0,1.0,1.0
2025-04-09,002921,2.9783393501805033,69.1111,72.9836,48.3778,55.2889,55.2889,0.11526479750778809,0.0,0.0,0.5763239875389404,1.0
2025-04-09,002972,3.8461538461538547,87.2593,88.0019,61.0815,69.8074,69.8074,0.09027777777777794,0.0,0.0,0.45138888888888967,1.0
2025-04-09,003003,3.391812865497079,80.2222,82.9985,56.1556,64.1778,64.1778,0.058962264150943355,0.0,0.0,0.2948113207547168,1.0
2025-04-09,300243,2.1327014218009532,45.2593,54.3511,31.6815,36.2074,36.2074,0.09281437125748492,0.0,0.0,0.46407185628742453,1.0
2025-04-09,300306,3.30739299610896,78.7407,81.3322,55.1185,62.9926,62.9926,0.0830188679245282,0.0,0.0,0.415094339622641,1.0
2025-04-09,300313,1.9503546099290947,38.8889,42.7778,27.2222,31.1111,31.1111,0.4166666666666666,0.0,0.0,1.0,1.0
2025-04-09,300314,4.3596730245231585,93.5556,90.992,65.4889,74.8444,74.8444,0.19262295081967218,0.0,0.0,0.9631147540983609,1.0
2025-04-09,300371,3.197353914002199,76.6667,76.9908,53.6667,61.3333,61.3333,0.21712538226299705,0.0,0.0,1.0,1.0
2025-04-09,300417,4.837013669821255,99.037,97.8383,69.3259,79.2296,79.2296,0.0695652173913044,0.0,0.0,0.347826086956522,1.0
2025-04-09,300437,1.6296296296296253,27.4815,40.8625,19.237,21.9852,21.9852,0.056135770234986906,0.0,0.0,0.2806788511749345,1.0
2025-04-09,300478,3.9078156312625234,88.2222,86.674,61.7556,70.5778,70.5778,0.19518963922294177,0.0,0.0,0.9759481961147088,1.0
2025-04-09,300500,4.17112299465241,91.9259,91.3228,64.3481,73.5407,73.5407,0.11089494163424123,0.0,0.0,0.5544747081712061,1.0
2025-04-09,300518,4.975728155339798,99.7778,98.9504,69.8444,79.8222,79.8222,0.04358974358974358,0.0,0.0,0.2179487179487179,1.0
2025-04-09,300539,3.273040482342804,77.8519,76.7953,54.4963,62.2815,62.2815,0.2743091095189355,0.0,0.0,1.0,1.0
2025-04-09,300564,3.917910447761197,88.5185,88.8104,61.963,70.8148,70.8148,0.10022271714922058,0.0,0.0,0.5011135857461029,1.0
2025-04-09,300588,4.385964912280715,93.8519,94.0767,65.6963,75.0815,75.0815,0.05023923444976076,0.0,0.0,0.25119617224880375,1.0
2025-04-09,300605,3.743315508021383,85.8519,86.0437,60.0963,68.6815,68.6815,0.13188976377952757,0.0,0.0,0.6594488188976378,1.0
2025-04-09,300610,2.257336343115135,48.6667,57.0141,34.0667,38.9333,38.9333,0.09595959595959584,0.0,0.0,0.47979797979797917,1.0
2025-04-09,300614,4.613841524573714,96.5185,89.8662,67.563,77.2148,77.2148,0.3674321503131524,0.0,0.0,1.0,1.0
2025-04-09,300615,2.8487229862475427,66.7407,72.8091,46.7185,53.3926,53.3926,0.02917505030181083,0.0,0.0,0.14587525150905414,1.0
2025-04-09,300616,2.2727272727272707,49.4815,56.7147,34.637,39.5852,39.5852,0.14352574102964127,0.0,0.0,0.7176287051482063,1.0
2025-04-09,300626,3.2298136645962705,77.1111,80.5823,53.9778,61.6889,61.6889,0.05532786885245911,0.0,0.0,0.27663934426229553,1.0
2025-04-09,300635,3.4319526627219155,81.1111,83.3846,56.7778,64.8889,64.8889,0.07521367521367513,0.0,0.0,0.3760683760683756,1.0
2025-04-09,300703,2.3914968999114494,54.0,58.7403,37.8,43.2,43.2,0.22298325722983253,0.0,0.0,1.0,1.0
2025-04-09,300749,4.432132963988922,95.037,85.6906,95.848,96.0296,95.8601,0.516949152542373,1.0,1.0,0.9661016949152541,1.0
2025-04-09,300771,4.063205417607252,90.2963,90.7198,63.2074,72.237,72.237,0.0758620689655174,0.0,0.0,0.379310344827587,1.0
2025-04-09,300845,4.181494661921725,92.2222,91.129,64.5556,73.7778,73.7778,0.1324376199616121,0.0,0.0,0.6621880998080605,1.0
2025-04-09,300884,3.0270270270270183,70.5926,75.459,49.4148,56.4741,56.4741,0.050751879699248034,0.0,0.0,0.25375939849624013,1.0
2025-04-09,300885,2.7700831024930928,64.963,68.5699,45.4741,51.9704,51.9704,0.17002237136465326,0.0,0.0,0.8501118568232663,1.0
2025-04-09,300912,4.129793510324475,91.4815,90.6582,64.037,73.1852,73.1852,0.12634822804314333,0.0,0.0,0.6317411402157166,1.0
2025-04-09,300943,3.9965247610773247,89.8519,88.9141,62.8963,71.8815,71.8815,0.14836795252225504,0.0,0.0,0.7418397626112752,1.0
2025-04-09,300958,3.2504780114722687,77.5556,78.7344,54.2889,62.0444,62.0444,0.16550116550116573,0.0,0.0,0.8275058275058286,1.0
2025-04-09,300978,1.9780219780219932,40.0741,50.5984,28.0519,32.0593,32.0593,0.0730442041660161,0.0,0.0,0.3652210208300805,1.0
2025-04-09,301009,3.501544799176104,82.2963,82.1688,57.6074,65.837,65.837,0.18341307814992033,0.0,0.0,0.9170653907496016,1.0
2025-04-09,301027,4.766633565044698,98.0,95.7256,68.6,78.4,78.4,0.13372093023255818,0.0,0.0,0.6686046511627909,1.0
2025-04-09,301088,2.411714039621038,54.7407,61.2308,38.3185,43.7926,43.7926,0.12808970151122012,0.0,0.0,0.6404485075561006,1.0
2025-04-09,301098,3.4626038781163437,81.2593,82.5701,56.8815,65.0074,65.0074,0.12186379928315406,0.0,0.0,0.6093189964157703,1.0
2025-04-09,301102,2.857142857142847,67.037,71.8547,46.9259,53.6296,53.6296,0.08874801901743277,0.0,0.0,0.44374009508716383,1.0
2025-04-09,301120,2.499999999999991,57.1111,64.5965,39.9778,45.6889,45.6889,0.05462184873949585,0.0,0.0,0.27310924369747924,1.0
2025-04-09,301125,3.729838709677402,85.4074,86.9121,59.7852,68.3259,68.3259,0.07069219440353489,0.0,0.0,0.3534609720176744,1.0
2025-04-09,301126,1.2358393408856694,10.7407,26.3606,7.5185,8.5926,8.5926,0.11159737417943141,0.0,0.0,0.557986870897157,1.0
2025-04-09,301265,4.249999999999998,92.8148,91.1844,64.9704,74.2519,74.2519,0.15337423312883436,0.0,0.0,0.7668711656441718,1.0
2025-04-09,301321,1.1226252158894612,4.8148,23.1351,3.3704,3.8519,3.8519,0.03583617747440273,0.0,0.0,0.17918088737201363,1.0
2025-04-09,301355,1.942740286298572,38.2963,48.5217,26.8074,30.637,30.637,0.10576923076923048,0.0,0.0,0.5288461538461523,1.0
2025-04-09,301395,3.397612488521573,80.3704,79.5658,56.2593,64.2963,64.2963,0.2365269461077847,0.0,0.0,1.0,1.0
2025-04-09,301408,2.1842355175688555,46.8889,54.6476,32.8222,37.5111,37.5111,0.14317673378076046,0.0,0.0,0.7158836689038023,1.0
2025-04-09,301507,2.6678141135972666,61.2593,64.7574,42.8815,49.0074,49.0074,0.21249999999999958,0.0,0.0,1.0,1.0
2025-04-09,301519,2.471315092674309,55.9259,61.7563,39.1481,44.7407,44.7407,0.14922048997772827,0.0,0.0,0.7461024498886413,1.0
2025-04-09,600689,3.31262939958592,79.1852,76.8563,55.4296,63.3481,63.3481,0.3245901639344263,0.0,0.0,1.0,1.0
2025-04-09,601133,2.0242914979756943,41.8519,52.5965,29.2963,33.4815,33.4815,0.04424778761061941,0.0,0.0,0.22123893805309705,1.0
2025-04-09,603137,3.7701974865349985,86.4444,81.2004,60.5111,69.1556,69.1556,0.3977591036414567,0.0,0.0,1.0,1.0
2025-04-09,603216,3.0303030303030054,70.8889,75.0149,49.6222,56.7111,56.7111,0.08481262327416189,0.0,0.0,0.42406311637080946,1.0
2025-04-09,603291,1.2692656391659174,12.0741,26.5875,8.4519,9.6593,9.6593,0.15358931552587649,0.0,0.0,0.7679465776293823,1.0
2025-04-09,603356,2.2727272727272707,49.4815,59.1856,34.637,39.5852,39.5852,0.01997896950578333,0.0,0.0,0.09989484752891666,1.0
2025-04-09,603679,2.6871401151631336,62.1481,69.3689,43.5037,49.7185,49.7185,0.017479300827966834,0.0,0.0,0.08739650413983416,1.0
2025-04-09,603716,3.888888888888875,87.9259,84.0147,61.5481,70.3407,70.3407,0.31630170316301703,0.0,0.0,1.0,1.0
2025-04-09,603810,1.3864818024263537,18.2963,23.5369,12.8074,14.637,14.637,0.5550082101806239,0.0,0.0,0.8899835796387523,1.0
2025-04-09,605155,2.367424242424221,53.5556,58.1953,37.4889,42.8444,42.8444,0.2324561403508773,0.0,0.0,1.0,1.0
2025-04-09,605180,1.5845070422535024,25.8519,38.556,18.0963,20.6815,20.6815,0.10627177700348432,0.0,0.0,0.5313588850174216,1.0
2025-04-09,605287,4.2572463768115965,92.963,92.7296,65.0741,74.3704,74.3704,0.08203991130820382,0.0,0.0,0.4101995565410191,1.0
2025-04-09,605298,4.424778761061954,94.8889,89.3105,66.4222,75.9111,75.9111,0.33003300330033,0.0,0.0,1.0,1.0
2025-04-10,000586,2.322738386308054,49.5973,56.9261,34.7181,39.6779,39.6779,0.13758865248226948,0.0,0.0,0.6879432624113474,1.0
2025-04-10,001300,4.061895551257244,89.1946,88.3236,62.4362,71.3557,71.3557,0.15160349854227398,0.0,0.0,0.7580174927113699,1.0
2025-04-10,001322,3.629032258064502,82.4832,82.1434,57.7383,65.9866,65.9866,0.1921568627450982,0.0,0.0,0.9607843137254909,1.0
2025-04-10,001387,2.1052631578947434,41.5436,50.359,29.0805,33.2349,33.2349,0.14379281153194698,0.0,0.0,0.7189640576597348,1.0
2025-04-10,002058,2.6709401709401615,59.5302,65.4636,41.6711,47.6242,47.6242,0.10802775024777006,0.0,0.0,0.5401387512388502,1.0
2025-04-10,002205,1.635514018691575,25.4362,35.8912,17.8054,20.349,20.349,0.22289156626506032,0.0,0.0,1.0,1.0
2025-04-10,002209,1.8967334035827177,33.8926,41.8656,23.7248,27.1141,27.1141,0.2624254473161032,0.0,0.0,1.0,1.0
2025-04-10,002633,4.6487603305785274,96.5772,93.2053,67.604,77.2617,77.2617,0.202819956616052,0.0,0.0,1.0,1.0
2025-04-10,002729,2.7002700270027047,61.1409,65.224,42.7987,48.9128,48.9128,0.18443804034582126,0.0,0.0,0.9221902017291063,1.0
2025-04-10,002780,3.6852589641434452,83.4228,83.157,58.396,66.7383,66.7383,0.17906336088154257,0.0,0.0,0.8953168044077128,1.0
2025-04-10,002809,2.4064171122994527,52.5503,56.068,36.7852,42.0403,42.0403,0.2986111111111111,0.0,0.0,1.0,1.0
2025-04-10,002826,4.888416578108368,99.396,94.9947,69.5772,79.5168,79.5168,0.2261029411764708,0.0,0.0,1.0,1.0
2025-04-10,002828,1.9680196801967753,36.7114,42.6197,25.698,29.3691,29.3691,0.33746898263027314,0.0,0.0,1.0,1.0
2025-04-10,002861,3.054101221640493,70.2013,72.2025,49.1409,56.1611,56.1611,0.19792746113989632,0.0,0.0,0.9896373056994815,1.0
2025-04-10,002871,4.941176470588249,99.5302,93.9099,69.6711,79.6242,79.6242,0.28571428571428564,0.0,0.0,1.0,1.0
2025-04-10,002921,4.294478527607359,92.8188,91.2644,64.9732,74.255,74.255,0.14953271028037377,0.0,0.0,0.7476635514018688,1.0
2025-04-10,002963,4.870775347912515,99.2617,95.9678,69.4832,79.4094,79.4094,0.17207792207792222,0.0,0.0,0.860389610389611,1.0
2025-04-10,002972,3.9094650205761194,86.9128,82.7853,60.8389,69.5302,69.5302,0.33724340175953066,0.0,0.0,1.0,1.0
2025-04-10,003003,3.1674208144796268,73.7584,74.7514,51.6309,59.0067,59.0067,0.2127659574468087,0.0,0.0,1.0,1.0
2025-04-10,003018,3.1868131868131977,74.698,74.5753,52.2886,59.7584,59.7584,0.25915492957746444,0.0,0.0,1.0,1.0
2025-04-10,300243,2.6682134570765736,59.396,65.0429,41.5772,47.5168,47.5168,0.12369597615499242,0.0,0.0,0.6184798807749621,1.0
2025-04-10,300306,2.730696798493426,61.9463,65.1433,43.3624,49.557,49.557,0.22068965517241365,0.0,0.0,1.0,1.0
2025-04-10,300313,3.826086956521735,85.302,79.2031,59.7114,68.2416,68.2416,0.4519230769230769,0.0,0.0,1.0,1.0
2025-04-10,300371,3.9529914529914834,87.9866,83.6254,61.5906,70.3893,70.3893,0.33819241982507264,0.0,0.0,1.0,1.0
2025-04-10,300417,3.9117352056168286,87.047,86.1982,60.9329,69.6376,69.6376,0.1719670200235572,0.0,0.0,0.859835100117786,1.0
2025-04-10,300437,2.915451895043719,66.6443,71.761,46.651,53.3154,53.3154,0.07772020725388608,0.0,0.0,0.3886010362694304,1.0
2025-04-10,300452,1.3501350135013634,14.5638,27.1942,10.1946,11.651,11.651,0.2228412256267405,0.0,0.0,1.0,1.0
2025-04-10,300500,2.977412731006157,67.4497,69.8835,47.2148,53.9597,53.9597,0.20380952380952366,0.0,0.0,1.0,1.0
2025-04-10,300517,4.209328782707633,91.745,84.5848,64.2215,73.396,73.396,0.4405594405594403,0.0,0.0,1.0,1.0
2025-04-10,300560,2.2522522522522515,46.3758,53.3885,32.4631,37.1007,37.1007,0.18560606060606047,0.0,0.0,0.9280303030303023,1.0
2025-04-10,300564,3.7701974865349985,84.698,84.8185,59.2886,67.7584,67.7584,0.14699331848552347,0.0,0.0,0.7349665924276173,1.0
2025-04-10,300588,3.361344537815114,78.1208,79.347,54.6846,62.4966,62.4966,0.15748031496062997,0.0,0.0,0.7874015748031499,1.0
2025-04-10,300610,1.7660044150110243,30.1342,39.4362,21.094,24.1074,24.1074,0.23356009070294806,0.0,0.0,1.0,1.0
2025-04-10,300614,4.122722914669219,90.4027,83.0528,63.2819,72.3221,72.3221,0.463465553235908,0.0,0.0,1.0,1.0
2025-04-10,300615,3.3428844317096473,77.651,79.4863,54.3557,62.1208,62.1208,0.13172541743970312,0.0,0.0,0.6586270871985156,1.0
2025-04-10,300616,2.1333333333333426,43.1544,50.7968,30.2081,34.5235,34.5235,0.186335403726708,0.0,0.0,0.93167701863354,1.0
2025-04-10,300621,2.0779220779220786,40.8725,50.5193,28.6107,32.698,32.698,0.10893246187363835,0.0,0.0,0.5446623093681917,1.0
2025-04-10,300626,3.8507821901323736,85.9732,84.4542,60.1812,68.7785,68.7785,0.21621621621621626,0.0,0.0,1.0,1.0
2025-04-10,300635,4.233409610983974,92.1477,90.3685,64.5034,73.7181,73.7181,0.16747967479674802,0.0,0.0,0.8373983739837401,1.0
2025-04-10,300649,3.0067895247332554,68.255,69.5187,47.7785,54.604,54.604,0.25426621160409585,0.0,0.0,1.0,1.0
2025-04-10,300730,2.123893805309729,42.6174,49.9756,29.8322,34.094,34.094,0.2059202059202061,0.0,0.0,1.0,1.0
2025-04-10,300771,2.060737527114953,39.9329,47.133,27.953,31.9463,31.9463,0.2406639004149379,0.0,0.0,1.0,1.0
2025-04-10,300787,4.678899082568799,96.8456,94.052,67.7919,77.4765,77.4765,0.1712230215827338,0.0,0.0,0.856115107913669,1.0
2025-04-10,300884,2.833158447009465,64.8993,68.0343,45.4295,51.9195,51.9195,0.19425675675675652,0.0,0.0,0.9712837837837826,1.0
2025-04-10,300929,3.924050632911391,87.5839,85.0671,61.3087,70.0671,70.0671,0.25000000000000006,0.0,0.0,1.0,1.0
2025-04-10,300931,4.778156996587013,98.0537,92.7287,68.6376,78.443,78.443,0.28571428571428586,0.0,0.0,1.0,1.0
2025-04-10,300948,2.774566473988438,63.557,66.8639,44.4899,50.8456,50.8456,0.1990846681922197,0.0,0.0,0.9954233409610985,1.0
2025-04-10,300958,2.1296296296296147,42.8188,49.3599,29.9732,34.255,34.255,0.24475524475524496,0.0,0.0,1.0,1.0
2025-04-10,300978,2.478448275862055,54.2953,58.7822,38.0067,43.4362,43.4362,0.2327007097587857,0.0,0.0,1.0,1.0
2025-04-10,301027,4.1706161137440745,91.0738,89.2206,63.7517,72.8591,72.8591,0.18192488262910808,0.0,0.0,0.9096244131455403,1.0
2025-04-10,301037,1.6964285714285765,27.9866,34.8617,19.5906,22.3893,22.3893,0.37637795275590535,0.0,0.0,1.0,1.0
2025-04-10,301098,1.7402945113788482,29.0604,38.0631,20.3423,23.2483,23.2483,0.25925925925925913,0.0,0.0,1.0,1.0
2025-04-10,301102,2.350427350427342,50.6711,57.3774,35.4698,40.5369,40.5369,0.15797546012269928,0.0,0.0,0.7898773006134964,1.0
2025-04-10,301120,2.073170731707319,40.7383,48.8785,28.5168,32.5906,32.5906,0.18560606060606044,0.0,0.0,0.9280303030303022,1.0
2025-04-10,301125,3.109815354713308,72.1477,73.8594,50.5034,57.7181,57.7181,0.19293478260869576,0.0,0.0,0.9646739130434787,1.0
2025-04-10,301198,4.454342984409809,94.698,92.8769,66.2886,75.7584,75.7584,0.14407684098185702,0.0,0.0,0.7203842049092851,1.0
2025-04-10,301288,2.3622047244094446,51.3423,58.586,35.9396,41.0738,41.0738,0.12439024390243898,0.0,0.0,0.6219512195121949,1.0
2025-04-10,301355,2.206619859578729,45.1678,52.776,31.6174,36.1342,36.1342,0.1679104477611941,0.0,0.0,0.8395522388059704,1.0
2025-04-10,301395,1.5097690941385356,20.3356,28.9429,14.2349,16.2685,16.2685,0.36627906976744184,0.0,0.0,1.0,1.0
2025-04-10,301408,3.438661710037172,79.5302,79.3447,55.6711,63.6242,63.6242,0.2139737991266378,0.0,0.0,1.0,1.0
2025-04-10,301519,3.1869078380706295,74.8322,74.994,52.3826,59.8658,59.8658,0.24358974358974333,0.0,0.0,1.0,1.0
2025-04-10,600768,4.091456077015643,90.0,87.2672,63.0,72.0,72.0,0.2366421974186915,0.0,0.0,1.0,1.0
2025-04-10,601133,2.8769841269841168,65.5705,69.6465,45.8993,52.4564,52.4564,0.14049586776859505,0.0,0.0,0.7024793388429752,1.0
2025-04-10,603042,3.849518810148722,85.8389,85.0137,60.0872,68.6711,68.6711,0.1828703703703704,0.0,0.0,0.914351851851852,1.0
2025-04-10,603137,2.249134948096887,46.2416,46.6852,61.7529,56.9933,56.8392,0.5154061624649862,1.0,1.0,0.9691876750700277,1.0
2025-04-10,603161,2.5746652935118464,56.8456,61.3223,39.7919,45.4765,45.4765,0.20770877944325497,0.0,0.0,1.0,1.0
2025-04-10,603191,1.2195121951219523,8.9262,23.5491,6.2483,7.1409,7.1409,0.1795918367346938,0.0,0.0,0.897959183673469,1.0
2025-04-10,603216,3.6053130929791344,81.5436,81.5745,57.0805,65.2349,65.2349,0.1830188679245282,0.0,0.0,0.915094339622641,1.0
2025-04-10,603291,4.29722470904208,92.953,90.633,65.0671,74.3624,74.3624,0.1864686468646865,0.0,0.0,0.9323432343234325,1.0
2025-04-10,603506,4.365482233502527,93.3557,85.413,65.349,74.6846,74.6846,0.46357615894039733,0.0,0.0,1.0,1.0
2025-04-10,603679,2.4299065420560817,53.3557,60.5233,37.349,42.6846,42.6846,0.1080617495711835,0.0,0.0,0.5403087478559174,1.0
2025-04-10,603681,4.017467248908302,89.0604,87.8663,62.3423,71.2483,71.2483,0.16910229645093922,0.0,0.0,0.8455114822546961,1.0
2025-04-10,603716,2.566844919786093,56.5772,58.0841,39.604,45.2617,45.2617,0.35888077858880774,0.0,0.0,1.0,1.0
2025-04-10,605069,2.0656136087484844,40.2013,46.5833,28.1409,32.1611,32.1611,0.2788906009244993,0.0,0.0,1.0,1.0
2025-04-10,605155,2.775208140610541,63.6913,65.5729,44.5839,50.953,50.953,0.26900584795321636,0.0,0.0,1.0,1.0
2025-04-10,605287,1.303214596003488,12.2819,24.3028,8.5973,9.8255,9.8255,0.2761341222879685,0.0,0.0,1.0,1.0
2025-04-10,605303,2.2673031026252843,47.1812,53.0493,33.0268,37.745,37.745,0.23478260869565232,0.0,0.0,1.0,1.0
2025-04-11,000586,2.1505376344086224,43.6352,51.6174,30.5446,34.9081,34.9081,0.16453900709219849,0.0,0.0,0.8226950354609924,1.0
2025-04-11,002209,1.0341261633919352,1.1811,14.9807,0.8268,0.9449,0.9449,0.298210735586481,0.0,0.0,1.0,1.0
2025-04-11,002633,1.7769002961500524,31.168,39.9018,21.8176,24.9344,24.9344,0.2516268980477224,0.0,0.0,1.0,1.0
2025-04-11,002729,1.4022787028922012,17.7822,29.6724,12.4475,14.2257,14.2257,0.22766570605187322,0.0,0.0,1.0,1.0
2025-04-11,002858,1.559633027522933,23.294,33.3475,16.3058,18.6352,18.6352,0.2643856920684293,0.0,0.0,1.0,1.0
2025-04-11,300306,1.0999083409715782,4.1339,17.8933,2.8937,3.3071,3.3071,0.27068965517241383,0.0,0.0,1.0,1.0
2025-04-11,300517,3.7117903930131035,83.5302,75.4255,58.4711,66.8241,66.8241,0.5699300699300698,0.0,0.0,0.8601398601398604,1.0
2025-04-11,300615,3.512014787430684,80.5118,81.1256,56.3583,64.4094,64.4094,0.16419294990723562,0.0,0.0,0.820964749536178,1.0
2025-04-11,300616,4.351610095735414,93.2415,90.1211,65.269,74.5932,74.5932,0.22360248447204967,0.0,0.0,1.0,1.0
2025-04-11,300884,1.122448979591839,4.6588,18.9297,3.2612,3.727,3.727,0.23986486486486486,0.0,0.0,1.0,1.0
2025-04-11,301037,1.7559262510974394,30.2493,36.0735,21.1745,24.1995,24.1995,0.4062992125984252,0.0,0.0,1.0,1.0
2025-04-11,301355,2.060843964671255,40.2231,47.9994,28.1562,32.1785,32.1785,0.20895522388059698,0.0,0.0,1.0,1.0
2025-04-11,600671,3.730664240218373,83.7927,70.8369,76.2605,87.0341,83.9355,0.8098591549295774,1.0,1.0,0.38028169014084523,1.0
2025-04-11,600768,2.4277456647398665,53.3465,55.74,37.3425,42.6772,42.6772,0.34685911128493124,0.0,0.0,1.0,1.0
2025-04-11,601133,1.5429122468659573,22.769,34.4466,15.9383,18.2152,18.2152,0.18842975206611556,0.0,0.0,0.9421487603305778,1.0
2025-04-11,603042,1.0109519797809607,0.1969,15.4816,0.1378,0.1575,0.1575,0.23379629629629628,0.0,0.0,1.0,1.0
2025-04-11,603161,3.0120481927710774,68.3071,69.4208,47.815,54.6457,54.6457,0.2612419700214134,0.0,0.0,1.0,1.0
2025-04-11,603191,1.5490533562822817,22.9003,34.1569,16.0302,18.3202,18.3202,0.20816326530612217,0.0,0.0,1.0,1.0
2025-04-11,603506,4.085603112840475,89.9606,80.7985,62.9724,71.9685,71.9685,0.5584988962472406,0.0,0.0,0.8830022075055188,1.0
2025-04-11,603716,2.9197080291970767,66.601,65.5193,46.6207,53.2808,53.2808,0.38807785888077856,0.0,0.0,1.0,1.0
2025-04-14,000586,3.157894736842093,73.139,74.7097,51.1973,58.5112,58.5112,0.1900709219858157,0.0,0.0,0.9503546099290785,1.0
2025-04-14,001322,4.485488126649084,95.3474,91.3367,66.7432,76.2779,76.2779,0.2470588235294117,0.0,0.0,1.0,1.0
2025-04-14,001366,2.310536044362288,48.4491,51.7856,33.9144,38.7593,38.7593,0.3486842105263159,0.0,0.0,1.0,1.0
2025-04-14,001387,2.487135506003413,54.2804,59.7357,37.9963,43.4243,43.4243,0.18442991044314933,0.0,0.0,0.9221495522157466,1.0
2025-04-14,002205,2.5142857142857133,55.5211,59.196,38.8648,44.4169,44.4169,0.2610441767068273,0.0,0.0,1.0,1.0
2025-04-14,002209,2.3541453428863823,50.4342,53.9856,35.304,40.3474,40.3474,0.31809145129224653,0.0,0.0,1.0,1.0
2025-04-14,002729,2.3336214347450257,49.4417,54.5389,34.6092,39.5533,39.5533,0.25072046109510093,0.0,0.0,1.0,1.0
2025-04-14,002780,4.259438528557591,92.6179,89.7141,64.8325,74.0943,74.0943,0.2190082644628099,0.0,0.0,1.0,1.0
2025-04-14,002806,1.7873941674506177,30.8313,41.0321,21.5819,24.665,24.665,0.18164435946462734,0.0,0.0,0.9082217973231367,1.0
2025-04-14,002826,4.225352112676051,92.1216,87.2267,64.4851,73.6973,73.6973,0.3235294117647059,0.0,0.0,1.0,1.0
2025-04-14,002828,1.2345679012345734,9.4293,20.9429,6.6005,7.5434,7.5434,0.3300248138957816,0.0,0.0,1.0,1.0
2025-04-14,002848,2.316602316602312,48.6973,56.8943,34.0881,38.9578,38.9578,0.10317460317460309,0.0,0.0,0.5158730158730154,1.0
2025-04-14,002858,3.703703703703698,83.4988,80.9825,58.4491,66.799,66.799,0.2908242612752722,0.0,0.0,1.0,1.0
2025-04-14,002890,1.8026565464895672,31.2035,37.0576,21.8424,24.9628,24.9628,0.39525691699604737,0.0,0.0,1.0,1.0
2025-04-14,002910,4.587155963302725,95.9677,91.1133,67.1774,76.7742,76.7742,0.2830423940149627,0.0,0.0,1.0,1.0
2025-04-14,003003,2.519167579408532,55.8933,59.2253,39.1253,44.7146,44.7146,0.2744680851063833,0.0,0.0,1.0,1.0
2025-04-14,300243,2.681564245810053,59.9876,64.5325,41.9913,47.9901,47.9901,0.1728763040238449,0.0,0.0,0.8643815201192245,1.0
2025-04-14,300306,1.9945602901178638,37.2829,43.9987,26.098,29.8263,29.8263,0.29137931034482767,0.0,0.0,1.0,1.0
2025-04-14,300478,2.5962399283796067,57.3821,59.8002,40.1675,45.9057,45.9057,0.3052728954671601,0.0,0.0,1.0,1.0
2025-04-14,300518,4.0348964013086075,89.1439,87.4386,62.4007,71.3151,71.3151,0.1938271604938272,0.0,0.0,0.969135802469136,1.0
2025-04-14,300560,1.8551236749116518,32.196,41.4891,22.5372,25.7568,25.7568,0.21338383838383831,0.0,0.0,1.0,1.0
2025-04-14,300588,1.8817204301075252,33.0645,42.2896,23.1452,26.4516,26.4516,0.20809898762654666,0.0,0.0,1.0,1.0
2025-04-14,300610,2.155172413793127,43.1141,48.8224,30.1799,34.4913,34.4913,0.2834467120181404,0.0,0.0,1.0,1.0
2025-04-14,300615,1.2500000000000178,10.6079,24.4975,7.4256,8.4864,8.4864,0.19944341372912794,0.0,0.0,0.9972170686456396,1.0
2025-04-14,300621,3.8461538461538325,85.5459,86.0402,59.8821,68.4367,68.4367,0.11982570806100218,0.0,0.0,0.5991285403050108,1.0
2025-04-14,300649,3.2535885167463974,75.9926,75.2309,53.1948,60.794,60.794,0.27815699658703064,0.0,0.0,1.0,1.0
2025-04-14,300665,3.9123630672926346,87.1588,80.603,61.0112,69.727,69.727,0.45620437956204374,0.0,0.0,1.0,1.0
2025-04-14,300686,1.0457516339869244,1.9231,16.1331,1.3462,1.5385,1.5385,0.27027027027027034,0.0,0.0,1.0,1.0
2025-04-14,300730,2.413793103448292,52.2953,56.9456,36.6067,41.8362,41.8362,0.24453024453024458,0.0,0.0,1.0,1.0
2025-04-14,300736,2.586206896551735,57.134,62.6761,39.9938,45.7072,45.7072,0.1515527950310558,0.0,0.0,0.7577639751552789,1.0
2025-04-14,300749,1.4925373134328401,19.7891,24.6448,41.4795,35.8313,35.238,0.5593220338983051,1.0,1.0,0.8813559322033897,1.0
2025-04-14,300771,3.3898305084745672,78.4739,77.053,54.9318,62.7792,62.7792,0.2863070539419085,0.0,0.0,1.0,1.0
2025-04-14,300787,1.7482517482517501,29.3424,38.4955,20.5397,23.4739,23.4739,0.2489208633093524,0.0,0.0,1.0,1.0
2025-04-14,300884,1.4127144298688332,18.1762,29.372,12.7233,14.5409,14.5409,0.25844594594594583,0.0,0.0,1.0,1.0
2025-04-14,300931,3.4596375617792496,79.5906,76.5628,55.7134,63.6725,63.6725,0.35548172757475094,0.0,0.0,1.0,1.0
2025-04-14,300958,2.8492647058823373,64.9504,66.6922,45.4653,51.9603,51.9603,0.26340326340326364,0.0,0.0,1.0,1.0
2025-04-14,300978,3.157894736842115,73.263,73.0256,51.2841,58.6104,58.6104,0.2792408517105428,0.0,0.0,1.0,1.0
2025-04-14,301009,3.142857142857136,72.8908,72.1245,51.0236,58.3127,58.3127,0.30940988835725675,0.0,0.0,1.0,1.0
2025-04-14,301056,3.1862745098039325,74.6278,71.8947,52.2395,59.7022,59.7022,0.39037433155080203,0.0,0.0,1.0,1.0
2025-04-14,301102,2.3060796645702375,47.8288,54.5514,33.4801,38.263,38.263,0.18558282208588947,0.0,0.0,0.9279141104294473,1.0
2025-04-14,301120,2.1428571428571352,42.4938,49.5253,29.7457,33.995,33.995,0.2234848484848485,0.0,0.0,1.0,1.0
2025-04-14,301125,2.537593984962405,56.1414,60.1034,39.299,44.9132,44.9132,0.2404891304347829,0.0,0.0,1.0,1.0
2025-04-14,301126,3.1853281853281956,74.5037,73.0812,52.1526,59.603,59.603,0.3260869565217389,0.0,0.0,1.0,1.0
2025-04-14,301355,1.2499999999999956,10.4839,23.4244,7.3387,8.3871,8.3871,0.248134328358209,0.0,0.0,1.0,1.0
2025-04-14,301408,1.9178082191780854,34.6154,42.5831,24.2308,27.6923,27.6923,0.2554585152838429,0.0,0.0,1.0,1.0
2025-04-14,601133,1.5194681861348647,20.9057,32.427,14.634,16.7246,16.7246,0.21487603305785102,0.0,0.0,1.0,1.0
2025-04-14,603191,1.5254237288135464,21.2779,32.1244,14.8945,17.0223,17.0223,0.24489795918367346,0.0,0.0,1.0,1.0
2025-04-14,603216,2.5688073394495303,56.5136,60.1921,39.5596,45.2109,45.2109,0.2509433962264151,0.0,0.0,1.0,1.0
2025-04-14,603291,2.577319587628857,56.8859,60.2282,39.8201,45.5087,45.5087,0.26402640264026417,0.0,0.0,1.0,1.0
2025-04-14,605069,2.721893491124261,61.6005,63.0246,43.1203,49.2804,49.2804,0.31278890600924486,0.0,0.0,1.0,1.0
2025-04-14,605155,2.9490616621983934,67.1836,67.2953,47.0285,53.7469,53.7469,0.3225806451612902,0.0,0.0,1.0,1.0
2025-04-15,002209,1.6000000000000014,24.1401,32.0358,16.8981,19.3121,19.3121,0.36381709741550694,0.0,0.0,1.0,1.0
2025-04-15,002633,2.398523985239853,51.6561,54.7522,36.1592,41.3248,41.3248,0.32863340563991317,0.0,0.0,1.0,1.0
2025-04-15,002809,3.1565656565656575,73.1847,69.52,51.2293,58.5478,58.5478,0.45138888888888873,0.0,0.0,1.0,1.0
2025-04-15,002910,1.0964912280701844,3.6306,16.2461,2.5414,2.9045,2.9045,0.33291770573566076,0.0,0.0,1.0,1.0
2025-04-15,300518,2.3060796645702375,48.0255,53.6303,33.6178,38.4204,38.4204,0.23950617283950612,0.0,0.0,1.0,1.0
2025-04-15,300610,1.6877637130801704,27.5796,35.4877,19.3057,22.0637,22.0637,0.32879818594104343,0.0,0.0,1.0,1.0
2025-04-15,300771,1.7418032786885362,28.8535,36.0289,20.1975,23.0828,23.0828,0.3526970954356844,0.0,0.0,1.0,1.0
2025-04-15,301009,1.846722068328699,32.293,38.7376,22.6051,25.8344,25.8344,0.35483870967741926,0.0,0.0,1.0,1.0
2025-04-15,301037,3.397212543554007,78.6624,74.5205,55.0637,62.9299,62.9299,0.4204724409448819,0.0,0.0,1.0,1.0
2025-04-15,301056,4.51306413301662,95.4777,87.1843,66.8344,76.3822,76.3822,0.45989304812834225,0.0,0.0,1.0,1.0
2025-04-15,301102,1.434426229508201,18.4076,30.3396,12.8854,14.7261,14.7261,0.219325153374233,0.0,0.0,1.0,1.0
2025-04-15,600671,4.649122807017547,96.879,79.3811,81.5712,97.5032,93.4422,0.9061032863849765,1.0,1.0,0.187793427230047,1.0
2025-04-15,603161,2.9636711281070705,67.3248,66.4937,47.1274,53.8599,53.8599,0.3683083511777303,0.0,0.0,1.0,1.0
2025-04-15,603716,1.2072434607645954,7.5796,17.4506,5.3057,6.0637,6.0637,0.4306569343065693,0.0,0.0,1.0,1.0
2025-04-17,001322,3.756476683937837,83.7855,80.9892,58.6499,67.0284,67.0284,0.3019607843137252,0.0,0.0,1.0,1.0
2025-04-17,002058,1.217038539553772,8.2041,23.4117,5.7429,6.5633,6.5633,0.15758176412289393,0.0,0.0,0.7879088206144697,1.0
2025-04-17,002205,1.6949152542372836,27.7778,36.5997,19.4444,22.2222,22.2222,0.2811244979919678,0.0,0.0,1.0,1.0
2025-04-17,002858,2.0928116469517866,40.7623,47.0422,28.5336,32.6098,32.6098,0.27838258164852264,0.0,0.0,1.0,1.0
2025-04-17,003003,3.1016042780748876,71.5116,70.7838,50.0581,57.2093,57.2093,0.3212765957446807,0.0,0.0,1.0,1.0
2025-04-17,003018,2.857142857142847,64.9871,63.4098,45.491,51.9897,51.9897,0.428994082840237,0.0,0.0,1.0,1.0
2025-04-17,300306,1.3850415512465464,16.3437,27.937,11.4406,13.0749,13.0749,0.25689655172413817,0.0,0.0,1.0,1.0
2025-04-17,300371,2.9743589743589594,67.2481,64.7605,47.0736,53.7984,53.7984,0.45189504373177836,0.0,0.0,1.0,1.0
2025-04-17,300478,2.1496130696474713,42.8295,47.307,29.9806,34.2636,34.2636,0.34782608695652184,0.0,0.0,1.0,1.0
2025-04-17,300517,4.361054766734274,93.4755,78.4867,65.4328,74.7804,74.7804,0.8146853146853145,0.0,0.0,0.37062937062937107,1.0
2025-04-17,300560,1.1545293072824148,5.3618,20.1732,3.7532,4.2894,4.2894,0.2058080808080807,0.0,0.0,1.0,1.0
2025-04-17,300621,3.9042821158690177,86.2403,86.2907,60.3682,68.9922,68.9922,0.13507625272331159,0.0,0.0,0.6753812636165579,1.0
2025-04-17,300649,1.9157088122605526,35.0775,42.533,24.5543,28.062,28.062,0.2764505119453925,0.0,0.0,1.0,1.0
2025-04-17,300665,2.8273809523809534,64.2765,59.8883,44.9935,51.4212,51.4212,0.5766423357664233,0.0,0.0,0.8467153284671534,1.0
2025-04-17,300787,1.5831134564644023,23.8372,34.2928,16.686,19.0698,19.0698,0.23884892086330906,0.0,0.0,1.0,1.0
2025-04-17,300884,2.443991853360483,53.0362,57.5641,37.1253,42.4289,42.4289,0.24324324324324317,0.0,0.0,1.0,1.0
2025-04-17,300931,3.7828947368421018,84.4315,80.3691,59.1021,67.5452,67.5452,0.35880398671096353,0.0,0.0,1.0,1.0
2025-04-17,301009,1.0204081632653184,0.4522,13.4263,0.3165,0.3618,0.3618,0.3467741935483869,0.0,0.0,1.0,1.0
2025-04-17,301027,1.777777777777767,30.814,39.3695,21.5698,24.6512,24.6512,0.26408450704225356,0.0,0.0,1.0,1.0
2025-04-17,301408,2.3919043238270543,51.0982,56.1187,35.7687,40.8786,40.8786,0.237991266375546,0.0,0.0,1.0,1.0
2025-04-17,603679,2.1857923497267784,44.3798,52.8624,31.0659,35.5039,35.5039,0.13207547169811326,0.0,0.0,0.6603773584905662,1.0
2025-04-17,605069,2.259887005649719,46.1886,49.8194,32.332,36.9509,36.9509,0.3565768621236133,0.0,0.0,1.0,1.0
2025-04-18,000586,1.9495412844036775,35.8278,44.3786,25.0795,28.6623,28.6623,0.21418439716312068,0.0,0.0,1.0,1.0
2025-04-18,000668,3.378378378378377,77.4172,76.5035,54.1921,61.9338,61.9338,0.271513353115727,0.0,0.0,1.0,1.0
2025-04-18,002200,4.727272727272713,97.5497,91.254,68.2848,78.0397,78.0397,0.33928571428571436,0.0,0.0,1.0,1.0
2025-04-18,002633,1.3047530288909481,12.2517,23.9111,8.5762,9.8013,9.8013,0.29451287793952974,0.0,0.0,1.0,1.0
2025-04-18,002828,1.2406947890818865,9.8675,21.4921,6.9073,7.894,7.894,0.3200992555831267,0.0,0.0,1.0,1.0
2025-04-18,002910,1.5086206896551824,19.9338,28.8897,13.9536,15.947,15.947,0.35286783042394004,0.0,0.0,1.0,1.0
2025-04-18,300306,1.3661202185792476,15.0331,26.3713,10.5232,12.0265,12.0265,0.28275862068965546,0.0,0.0,1.0,1.0
2025-04-18,300564,1.1935208866155067,6.8212,21.2031,4.7748,5.457,5.457,0.21269487750556798,0.0,0.0,1.0,1.0
2025-04-18,300615,4.076086956521752,89.4702,87.8841,62.6291,71.5762,71.5762,0.18460111317254158,0.0,0.0,0.9230055658627079,1.0
2025-04-18,600689,1.5496809480401108,22.7152,28.1015,15.9007,18.1722,18.1722,0.5035335689045939,0.0,0.0,0.9929328621908122,1.0
2025-04-21,000586,1.012373453318327,0.1935,15.3889,0.1355,0.1548,0.1548,0.23829787234042563,0.0,0.0,1.0,1.0
2025-04-21,001322,3.875000000000006,85.7419,80.3583,60.0194,68.5935,68.5935,0.4117647058823529,0.0,0.0,1.0,1.0
2025-04-21,002209,2.7327935222672073,61.3548,62.2847,42.9484,49.0839,49.0839,0.3399602385685884,0.0,0.0,1.0,1.0
2025-04-21,002633,2.2079116835326706,44.0645,49.2357,30.8452,35.2516,35.2516,0.3007945516458568,0.0,0.0,1.0,1.0
2025-04-21,002729,2.1739130434782705,43.1613,49.7164,30.2129,34.529,34.529,0.24063400576368876,0.0,0.0,1.0,1.0
2025-04-21,002826,3.323558162267859,76.5806,73.7278,53.6065,61.2645,61.2645,0.3768382352941177,0.0,0.0,1.0,1.0
2025-04-21,002828,3.6764705882353033,82.2581,78.9082,57.5806,65.8065,65.8065,0.3449131513647643,0.0,0.0,1.0,1.0
2025-04-21,002848,4.642166344294019,96.5806,95.2275,67.6065,77.2645,77.2645,0.10185185185185179,0.0,0.0,0.509259259259259,1.0
2025-04-21,002900,2.5086505190311303,54.129,57.4184,37.8903,43.3032,43.3032,0.29424307036247344,0.0,0.0,1.0,1.0
2025-04-21,002910,3.5031847133758065,79.9355,76.5419,55.9548,63.9484,63.9484,0.3703241895261845,0.0,0.0,1.0,1.0
2025-04-21,300243,1.8743109151047488,32.1935,41.9396,22.5355,25.7548,25.7548,0.19076005961251866,0.0,0.0,0.9538002980625933,1.0
2025-04-21,300306,2.605570530098822,56.5806,59.0921,39.6065,45.2645,45.2645,0.3086206896551727,0.0,0.0,1.0,1.0
2025-04-21,300560,2.1872265966754068,43.6774,50.3965,30.5742,34.9419,34.9419,0.22727272727272713,0.0,0.0,1.0,1.0
2025-04-21,300588,2.729754322111,61.0968,65.0979,42.7677,48.8774,48.8774,0.1889763779527559,0.0,0.0,0.9448818897637795,1.0
2025-04-21,300730,3.59019264448337,80.7097,80.1405,56.4968,64.5677,64.5677,0.22136422136422146,0.0,0.0,1.0,1.0
2025-04-21,300736,1.9393939393939519,34.7742,44.4653,24.3419,27.8194,27.8194,0.16770186335403725,0.0,0.0,0.8385093167701863,1.0
2025-04-21,300771,2.2869022869022926,46.5161,50.7399,32.5613,37.2129,37.2129,0.3236514522821574,0.0,0.0,1.0,1.0
2025-04-21,300884,1.2845849802371578,10.9032,22.8442,7.6323,8.7226,8.7226,0.29391891891891864,0.0,0.0,1.0,1.0
2025-04-21,301027,2.152466367713002,42.0,48.5531,29.4,33.6,33.6,0.2523474178403756,0.0,0.0,1.0,1.0
2025-04-21,301125,1.9230769230769384,34.3871,41.939,24.071,27.5097,27.5097,0.2785326086956523,0.0,0.0,1.0,1.0
2025-04-21,301198,2.659574468085113,58.2581,62.8284,40.7806,46.6065,46.6065,0.1889007470651014,0.0,0.0,0.944503735325507,1.0
2025-04-21,603506,2.8735632183908066,64.7097,59.8914,45.2968,51.7677,51.7677,0.5938189845474613,0.0,0.0,0.8123620309050774,1.0
2025-04-21,603679,2.2084805653710182,44.1935,52.1301,30.9355,35.3548,35.3548,0.1612349914236707,0.0,0.0,0.8061749571183535,1.0
2025-04-21,603716,2.385892116182564,50.129,52.22,35.0903,40.1032,40.1032,0.3941605839416059,0.0,0.0,1.0,1.0
2025-04-21,605069,1.0332950631458004,0.9677,14.2573,0.6774,0.7742,0.7742,0.32584269662921367,0.0,0.0,1.0,1.0
2025-04-22,001322,2.2864019253910683,46.4844,46.5208,32.5391,37.1875,37.1875,0.5333333333333339,0.0,0.0,0.9333333333333322,1.0
2025-04-22,001366,3.438914027149309,79.2318,74.8986,55.4622,63.3854,63.3854,0.4243421052631581,0.0,0.0,1.0,1.0
2025-04-22,002205,3.3333333333333437,76.888,75.2855,53.8216,61.5104,61.5104,0.3112449799196787,0.0,0.0,1.0,1.0
2025-04-22,002828,1.3002364066193817,11.9141,21.1442,8.3398,9.5312,9.5312,0.4193548387096776,0.0,0.0,1.0,1.0
2025-04-22,002848,2.402957486136792,50.8464,58.0051,35.5924,40.6771,40.6771,0.13359788359788355,0.0,0.0,0.6679894179894177,1.0
2025-04-22,002890,1.4184397163120588,17.9036,23.4929,12.5326,14.3229,14.3229,0.541501976284585,0.0,0.0,0.9169960474308301,1.0
2025-04-22,300306,1.0507880910682887,2.2786,14.6505,1.5951,1.8229,1.8229,0.3586206896551726,0.0,0.0,1.0,1.0
2025-04-22,300621,1.5931372549019551,23.763,35.8296,16.6341,19.0104,19.0104,0.15904139433551195,0.0,0.0,0.7952069716775597,1.0
2025-04-22,300749,4.432855280312897,95.1172,83.2124,90.8193,96.0938,94.6531,0.6440677966101696,1.0,1.0,0.7118644067796609,1.0
2025-04-22,300774,1.449275362318847,18.8151,27.4556,13.1706,15.0521,15.0521,0.3798219584569733,0.0,0.0,1.0,1.0
2025-04-22,300978,1.0162601626016121,0.3255,13.2371,0.2279,0.2604,0.2604,0.3511665256359857,0.0,0.0,1.0,1.0
2025-04-22,301198,1.5544041450777257,22.7214,33.8655,15.9049,18.1771,18.1771,0.21558164354322307,0.0,0.0,1.0,1.0
2025-04-22,600689,1.704035874439458,27.7995,31.8032,19.4596,22.2396,22.2396,0.521818181818182,0.0,0.0,0.9563636363636361,1.0
2025-04-22,601083,2.5495750708215192,55.4036,53.163,66.4628,64.3229,63.743,0.5579937304075235,1.0,1.0,0.8840125391849529,1.0
2025-04-22,603161,2.5257249766136747,55.1432,55.7634,38.6003,44.1146,44.1146,0.41755888650963585,0.0,0.0,1.0,1.0
2025-04-22,603216,2.654109589041087,58.2682,58.6523,40.7878,46.6146,46.6146,0.3981132075471699,0.0,0.0,1.0,1.0
2025-04-22,603709,1.610017889087656,24.4141,34.2527,17.0898,19.5312,19.5312,0.2639296187683283,0.0,0.0,1.0,1.0
2025-04-23,000586,2.1040974529346723,40.1148,46.9287,28.0804,32.0918,32.0918,0.25815602836879425,0.0,0.0,1.0,1.0
2025-04-23,000668,4.0322580645161255,89.477,89.0,62.6339,71.5816,71.5816,0.12908011869436203,0.0,0.0,0.6454005934718101,1.0
2025-04-23,002209,3.0571992110453694,70.0893,68.2384,49.0625,56.0714,56.0714,0.3916500994035784,0.0,0.0,1.0,1.0
2025-04-23,002633,3.0330062444246186,68.9413,68.7671,48.2589,55.1531,55.1531,0.31929824561403514,0.0,0.0,1.0,1.0
2025-04-23,002729,1.0118043844856706,0.1913,14.3029,0.1339,0.1531,0.1531,0.2925072046109509,0.0,0.0,1.0,1.0
2025-04-23,002972,2.629016553067176,57.4617,55.9987,40.2232,45.9694,45.9694,0.4985337243401755,0.0,0.0,1.0,1.0
2025-04-23,300306,1.6464471403812908,26.0842,33.2811,18.2589,20.8673,20.8673,0.37931034482758613,0.0,0.0,1.0,1.0
2025-04-23,300417,2.5092936802973975,54.273,58.118,37.9911,43.4184,43.4184,0.26501766784452296,0.0,0.0,1.0,1.0
2025-04-23,300478,1.049868766404205,2.4872,15.4033,1.7411,1.9898,1.9898,0.32932469935245146,0.0,0.0,1.0,1.0
2025-04-23,300615,1.1294526498696777,4.9107,19.3646,3.4375,3.9286,3.9286,0.22820037105751395,0.0,0.0,1.0,1.0
2025-04-23,300626,3.146067415730336,72.5128,71.5598,50.7589,58.0102,58.0102,0.32252252252252256,0.0,0.0,1.0,1.0
2025-04-23,300686,3.407601572739183,78.6352,77.5748,55.0446,62.9082,62.9082,0.2666666666666666,0.0,0.0,1.0,1.0
2025-04-23,300771,2.7217741935483764,60.7781,60.9046,42.5446,48.6224,48.6224,0.38589211618257235,0.0,0.0,1.0,1.0
2025-04-23,300884,1.0752688172043001,3.3801,16.4541,2.3661,2.7041,2.7041,0.31249999999999994,0.0,0.0,1.0,1.0
2025-04-23,300931,3.301886792452824,76.0842,71.8308,53.2589,60.8673,60.8673,0.45182724252491707,0.0,0.0,1.0,1.0
2025-04-23,300978,3.6217303822937863,82.0791,78.2168,57.4554,65.6633,65.6633,0.372321135614057,0.0,0.0,1.0,1.0
2025-04-23,301027,1.5761821366024442,23.4056,33.0437,16.3839,18.7245,18.7245,0.284037558685446,0.0,0.0,1.0,1.0
2025-04-23,301098,2.360248447204971,49.5536,50.5519,34.6875,39.6429,39.6429,0.45454545454545475,0.0,0.0,1.0,1.0
2025-04-23,301102,1.816347124117046,31.5689,40.4085,22.0982,25.2551,25.2551,0.2423312883435581,0.0,0.0,1.0,1.0
2025-04-23,301125,2.2301516503122176,44.5791,49.3046,31.2054,35.6633,35.6633,0.31793478260869595,0.0,0.0,1.0,1.0
2025-04-23,301198,1.4285714285714235,18.0485,29.807,12.6339,14.4388,14.4388,0.2315901814300961,0.0,0.0,1.0,1.0
2025-04-23,301265,1.245753114382775,9.8852,19.7487,6.9196,7.9082,7.9082,0.4079754601226994,0.0,0.0,1.0,1.0
2025-04-23,600689,1.4991181657848296,19.8342,25.0231,13.8839,15.8673,15.8673,0.5422138836772984,0.0,0.0,0.9155722326454032,1.0
2025-04-23,603161,4.014598540145986,89.2219,81.8701,62.4554,71.3776,71.3776,0.47537473233404726,0.0,0.0,1.0,1.0
2025-04-23,603291,1.7086330935251803,27.9974,38.8336,19.5982,22.398,22.398,0.17821782178217818,0.0,0.0,0.8910891089108909,1.0
2025-04-23,603716,1.0362694300518172,1.7219,13.47,1.2054,1.3776,1.3776,0.39537712895377136,0.0,0.0,1.0,1.0
2025-04-23,605069,4.387990762124705,94.4515,89.2049,66.1161,75.5612,75.5612,0.31781701444622795,0.0,0.0,1.0,1.0
2025-04-25,002209,3.875968992248069,86.2403,80.4435,60.3682,68.9922,68.9922,0.4274353876739562,0.0,0.0,1.0,1.0
2025-04-25,002729,1.5241320914479273,21.3824,31.3999,14.9677,17.1059,17.1059,0.2853025936599424,0.0,0.0,1.0,1.0
2025-04-25,002858,1.9400352733686121,34.9483,41.3024,24.4638,27.9587,27.9587,0.3328149300155521,0.0,0.0,1.0,1.0
2025-04-25,002972,1.0506208213944435,2.261,10.6651,1.5827,1.8088,1.8088,0.5571847507331378,0.0,0.0,0.8856304985337244,1.0
2025-04-25,300417,1.455868971792551,18.9276,29.3,13.2494,15.1421,15.1421,0.2921083627797409,0.0,0.0,1.0,1.0
2025-04-25,300518,2.098635886673672,39.8579,47.1209,27.9005,31.8863,31.8863,0.23827160493827157,0.0,0.0,1.0,1.0
2025-04-25,300686,2.3225806451612874,47.9974,52.6322,33.5982,38.3979,38.3979,0.2882882882882883,0.0,0.0,1.0,1.0
2025-04-25,300736,1.3431013431013605,14.1473,28.1129,9.9031,11.3178,11.3178,0.16024844720496886,0.0,0.0,0.8012422360248442,1.0
2025-04-25,301027,1.1324041811846541,4.845,18.0544,3.3915,3.876,3.876,0.2910798122065728,0.0,0.0,1.0,1.0
2025-04-25,601083,3.4782608695652195,79.3928,73.859,85.5749,83.5142,83.5142,0.4827586206896548,1.0,1.0,1.0,1.0
2025-04-25,603161,2.601908065915004,56.7829,53.4777,39.7481,45.4264,45.4264,0.5974304068522482,0.0,0.0,0.8051391862955035,1.0
2025-04-25,603506,1.0934393638170947,3.4884,12.592,2.4419,2.7907,2.7907,0.5099337748344372,0.0,0.0,0.9801324503311255,1.0
2025-04-29,000586,2.759381898454749,61.5337,63.9787,43.0736,49.2269,49.2269,0.2624113475177306,0.0,0.0,1.0,1.0
2025-04-29,001366,3.249767873723308,74.7506,73.1558,77.3254,74.8005,74.8005,0.332236842105263,1.0,0.0,1.0,1.0
2025-04-29,002144,1.7077798861480087,27.1197,32.1045,18.9838,21.6958,21.6958,0.4795640326975478,0.0,0.0,1.0,1.0
2025-04-29,002209,2.7624309392265234,61.783,58.7306,43.2481,49.4264,49.4264,0.5347912524850893,0.0,0.0,0.9304174950298214,1.0
2025-04-29,002806,1.3661202185792476,13.9651,26.2008,9.7756,11.1721,11.1721,0.24856596558317412,0.0,0.0,1.0,1.0
2025-04-29,002848,2.213279678068414,43.7032,53.4547,30.5923,34.9626,34.9626,0.07539682539682531,0.0,0.0,0.37698412698412653,1.0
2025-04-29,002871,2.7083333333333126,60.0374,55.3315,42.0262,48.0299,48.0299,0.6349206349206351,0.0,0.0,0.7301587301587298,1.0
2025-04-29,002890,3.009458297506451,67.2693,61.602,47.0885,53.8155,53.8155,0.6106719367588935,0.0,0.0,0.7786561264822129,1.0
2025-04-29,002910,2.297460701330123,46.9451,53.0175,32.8616,37.5561,37.5561,0.226932668329177,0.0,0.0,1.0,1.0
2025-04-29,002972,4.0903406602755155,90.4613,81.6359,63.3229,72.3691,72.3691,0.5366568914956011,0.0,0.0,0.9266862170087977,1.0
2025-04-29,300306,1.5611448395490113,22.1322,30.154,15.4925,17.7057,17.7057,0.3775862068965517,0.0,0.0,1.0,1.0
2025-04-29,300314,1.6579406631762605,25.7481,34.9018,18.0237,20.5985,20.5985,0.2848360655737707,0.0,0.0,1.0,1.0
2025-04-29,300371,3.057199211045347,69.8878,64.5983,48.9214,55.9102,55.9102,0.5655976676384841,0.0,0.0,0.8688046647230319,1.0
2025-04-29,300417,2.2222222222222143,43.9526,49.7675,30.7668,35.1621,35.1621,0.2697290930506479,0.0,0.0,1.0,1.0
2025-04-29,300478,2.2667829119441985,45.3242,49.5989,31.7269,36.2594,36.2594,0.3330249768732656,0.0,0.0,1.0,1.0
2025-04-29,300500,4.6673286991062435,97.4439,92.6218,68.2107,77.9551,77.9551,0.26666666666666655,0.0,0.0,1.0,1.0
2025-04-29,300517,1.8930957683741756,32.4813,36.6902,22.7369,25.985,25.985,0.46474358974359,0.0,0.0,1.0,1.0
2025-04-29,300560,3.0195381882770933,67.6434,69.9986,47.3504,54.1147,54.1147,0.2058080808080807,0.0,0.0,1.0,1.0
2025-04-29,300610,3.1067961165048397,71.01,66.5132,49.707,56.808,56.808,0.5147392290249436,0.0,0.0,0.9705215419501128,1.0
2025-04-29,300615,2.012248468941391,36.596,44.8612,25.6172,29.2768,29.2768,0.22077922077922077,0.0,0.0,1.0,1.0
2025-04-29,300621,1.8450184501844769,31.2344,41.8721,21.8641,24.9875,24.9875,0.15577342047930295,0.0,0.0,0.7788671023965147,1.0
2025-04-29,300626,2.483069977426644,52.6808,55.8383,36.8766,42.1446,42.1446,0.31531531531531515,0.0,0.0,1.0,1.0
2025-04-29,300635,2.2727272727272707,45.8229,51.6827,32.0761,36.6584,36.6584,0.2487804878048781,0.0,0.0,1.0,1.0
2025-04-29,300665,3.801169590643272,84.7257,75.3718,79.4905,82.7805,81.5762,0.6204379562043796,1.0,0.0,0.7591240875912408,1.0
2025-04-29,300686,1.233045622688067,8.0424,19.3709,5.6297,6.4339,6.4339,0.35315315315315304,0.0,0.0,1.0,1.0
2025-04-29,300736,4.357798165137594,93.7032,90.4409,65.5923,74.9626,74.9626,0.22608695652173919,0.0,0.0,1.0,1.0
2025-04-29,300749,2.2900763358778553,46.5711,43.3021,54.6901,57.2569,55.2795,0.6977401129943505,1.0,1.0,0.6045197740112991,1.0
2025-04-29,300929,3.37995337995336,77.7431,73.8612,54.4202,62.1945,62.1945,0.41666666666666663,0.0,0.0,1.0,1.0
2025-04-29,300948,2.333333333333343,48.4414,53.1696,33.909,38.7531,38.7531,0.27917620137299765,0.0,0.0,1.0,1.0
2025-04-29,300958,1.4388489208633004,17.2693,27.4285,12.0885,13.8155,13.8155,0.31934731934731925,0.0,0.0,1.0,1.0
2025-04-29,300978,2.783300198807148,62.6559,62.1706,43.8591,50.1247,50.1247,0.3977066675877432,0.0,0.0,1.0,1.0
2025-04-29,301009,2.6979982593559715,59.5387,58.4051,41.6771,47.6309,47.6309,0.4612903225806451,0.0,0.0,1.0,1.0
2025-04-29,301098,2.085889570552135,38.7157,41.2083,27.101,30.9726,30.9726,0.4882154882154883,0.0,0.0,1.0,1.0
2025-04-29,301125,3.8938053097345104,86.596,82.6735,60.6172,69.2768,69.2768,0.33016304347826114,0.0,0.0,1.0,1.0
2025-04-29,301126,1.921132457027297,33.6035,41.3944,23.5224,26.8828,26.8828,0.2744186046511628,0.0,0.0,1.0,1.0
2025-04-29,301198,1.5511892450879028,21.7581,33.0522,15.2307,17.4065,17.4065,0.21771611526147278,0.0,0.0,1.0,1.0
2025-04-29,301265,2.63736263736265,57.419,56.1192,40.1933,45.9352,45.9352,0.4907975460122699,0.0,0.0,1.0,1.0
2025-04-29,301355,2.738432483474984,61.1596,63.256,42.8117,48.9277,48.9277,0.28358208955223874,0.0,0.0,1.0,1.0
2025-04-29,301408,4.448563484708079,95.4489,91.9486,66.8142,76.3591,76.3591,0.22052401746724873,0.0,0.0,1.0,1.0
2025-04-29,600697,1.6129032258064724,23.8778,33.0716,16.7145,19.1022,19.1022,0.30153321976149905,0.0,0.0,1.0,1.0
2025-04-29,600768,4.24628450106157,92.4564,82.0357,64.7195,73.9651,73.9651,0.5964680044525918,0.0,0.0,0.8070639910948163,1.0
2025-04-29,603506,1.3658536585365866,13.7781,19.9849,9.6446,11.0224,11.0224,0.5518763796909493,0.0,0.0,0.8962472406181015,1.0
2025-04-29,603679,3.0493273542600896,69.015,72.2789,48.3105,55.212,55.212,0.146655231560892,0.0,0.0,0.73327615780446,1.0
2025-04-29,603709,3.314917127071837,76.6209,76.9566,53.6347,61.2968,61.2968,0.2170087976539588,0.0,0.0,1.0,1.0
2025-04-29,605287,1.098901098901095,3.4289,15.9581,2.4002,2.7431,2.7431,0.33925049309664707,0.0,0.0,1.0,1.0
2025-04-29,605303,3.218116805721083,74.2519,74.6769,51.9763,59.4015,59.4015,0.2362318840579711,0.0,0.0,1.0,1.0
2025-04-30,000586,3.007518796992481,67.303,67.8849,47.1121,53.8424,53.8424,0.297872340425532,0.0,0.0,1.0,1.0
2025-04-30,000668,4.946236559139772,99.4458,97.8949,69.6121,79.5567,79.5567,0.08308605341246297,0.0,0.0,0.41543026706231484,1.0
2025-04-30,001366,1.1690647482014427,5.234,15.2398,28.6638,19.1872,19.1872,0.44736842105263125,1.0,0.0,1.0,1.0
2025-04-30,002058,4.982206405693956,99.6921,99.0352,69.7845,79.7537,79.7537,0.035922330097087306,0.0,0.0,0.1796116504854365,1.0
2025-04-30,002209,1.971326164874565,36.1453,37.0276,25.3017,28.9163,28.9163,0.5944333996023856,0.0,0.0,0.8111332007952288,1.0
2025-04-30,002848,2.3622047244094446,50.0,58.2011,35.0,40.0,40.0,0.0899470899470899,0.0,0.0,0.4497354497354495,1.0
2025-04-30,002858,1.6450216450216493,24.9384,32.6413,17.4569,19.9507,19.9507,0.36547433903577,0.0,0.0,1.0,1.0
2025-04-30,300306,1.707941929974366,27.032,33.4532,18.9224,21.6256,21.6256,0.4086206896551728,0.0,0.0,1.0,1.0
2025-04-30,300417,1.5398550724637916,20.8744,30.7396,14.6121,16.6995,16.6995,0.29799764428739683,0.0,0.0,1.0,1.0
2025-04-30,300437,3.3873343151693547,77.5246,80.6466,54.2672,62.0197,62.0197,0.06865284974093266,0.0,0.0,0.3432642487046633,1.0
2025-04-30,300478,1.534526854219953,20.3818,29.1639,14.2672,16.3054,16.3054,0.357076780758557,0.0,0.0,1.0,1.0
2025-04-30,300500,3.6053130929791344,81.2808,77.9008,56.8966,65.0246,65.0246,0.3561904761904759,0.0,0.0,1.0,1.0
2025-04-30,300560,1.8965517241379404,32.9433,41.3799,23.0603,26.3547,26.3547,0.2487373737373736,0.0,0.0,1.0,1.0
2025-04-30,300588,2.564102564102555,55.1108,59.5892,38.5776,44.0887,44.0887,0.22497187851518563,0.0,0.0,1.0,1.0
2025-04-30,300615,2.0583190394511064,37.9926,45.5518,26.5948,30.3941,30.3941,0.2421150278293136,0.0,0.0,1.0,1.0
2025-04-30,300621,3.019323671497598,67.7956,70.5188,47.4569,54.2365,54.2365,0.18588235294117633,0.0,0.0,0.9294117647058816,1.0
2025-04-30,300626,2.643171806167399,57.8202,59.1571,40.4741,46.2562,46.2562,0.35495495495495494,0.0,0.0,1.0,1.0
2025-04-30,300635,2.1164021164021385,40.5788,46.8045,28.4052,32.4631,32.4631,0.2829268292682926,0.0,0.0,1.0,1.0
2025-04-30,300649,3.084112149532703,70.7512,70.1846,49.5259,56.601,56.601,0.3208191126279864,0.0,0.0,1.0,1.0
2025-04-30,300665,1.8309859154929775,30.9729,30.4718,38.0679,39.7783,37.625,0.7153284671532846,1.0,0.0,0.5693430656934308,1.0
2025-04-30,300730,2.864583333333326,64.4704,66.8917,45.1293,51.5764,51.5764,0.23423423423423428,0.0,0.0,1.0,1.0
2025-04-30,300736,1.758241758241752,28.8793,37.6376,20.2155,23.1034,23.1034,0.27329192546583847,0.0,0.0,1.0,1.0
2025-04-30,300771,2.213279678068414,44.0887,47.4701,30.8621,35.2709,35.2709,0.39004149377593333,0.0,0.0,1.0,1.0
2025-04-30,300929,3.6076662908681056,81.4655,74.5307,57.0259,65.1724,65.1724,0.5320855614973261,0.0,0.0,0.9358288770053478,1.0
2025-04-30,300931,1.8604651162790642,31.835,35.8334,22.2845,25.468,25.468,0.48172757475083067,0.0,0.0,1.0,1.0
2025-04-30,301027,1.2216404886561838,7.5739,20.2845,5.3017,6.0591,6.0591,0.2887323943661973,0.0,0.0,1.0,1.0
2025-04-30,301125,1.959114139693341,35.5296,40.6247,24.8707,28.4236,28.4236,0.38994565217391325,0.0,0.0,1.0,1.0
2025-04-30,301126,1.388888888888884,15.3941,25.9432,10.7759,12.3153,12.3153,0.3186046511627906,0.0,0.0,1.0,1.0
2025-04-30,301198,1.4256619144602967,16.6872,28.6753,11.681,13.3498,13.3498,0.2337246531483458,0.0,0.0,1.0,1.0
2025-04-30,301408,1.7746228926353247,29.3719,36.991,20.5603,23.4975,23.4975,0.3253275109170307,0.0,0.0,1.0,1.0
2025-04-30,600768,2.3421588594704668,48.83,44.5413,34.181,39.064,39.064,0.7261349619422859,0.0,0.0,0.5477300761154282,1.0
2025-04-30,600847,4.751131221719462,97.8448,89.9595,68.4914,78.2759,78.2759,0.4158163265306121,0.0,0.0,1.0,1.0
2025-04-30,603709,1.0695187165775222,2.6478,16.7223,1.8534,2.1182,2.1182,0.26979472140762467,0.0,0.0,1.0,1.0
2025-04-30,603716,3.8872691933916403,86.2685,79.5501,60.3879,69.0148,69.0148,0.47323600973236,0.0,0.0,1.0,1.0
2025-04-30,603813,4.99092558983667,99.8153,94.5573,69.8707,79.8522,79.8522,0.26474622770919065,0.0,0.0,1.0,1.0
2025-04-30,605303,4.503464203233265,95.5049,90.8967,66.8534,76.4039,76.4039,0.27536231884057977,0.0,0.0,1.0,1.0
2025-05-06,000586,3.44108446298228,78.0702,75.7044,54.6491,62.4561,62.4561,0.3375886524822695,0.0,0.0,1.0,1.0
2025-05-06,001299,2.528089887640439,54.4444,46.8029,54.6059,63.5556,60.1792,0.8376308361774332,1.0,1.0,0.32473832764513366,1.0
2025-05-06,001322,2.278481012658218,45.7895,49.1806,32.0526,36.6316,36.6316,0.37254901960784315,0.0,0.0,1.0,1.0
2025-05-06,001366,1.4222222222222136,15.9649,22.9693,36.1754,27.7719,27.7719,0.49013157894736836,1.0,0.0,1.0,1.0
2025-05-06,002144,2.0522388059701413,37.2515,39.229,26.076,29.8012,29.8012,0.5286103542234335,0.0,0.0,0.942779291553133,1.0
2025-05-06,002205,2.2975929978118037,46.7251,50.593,32.7076,37.3801,37.3801,0.3393574297188756,0.0,0.0,1.0,1.0
2025-05-06,002209,4.393673110720564,94.2105,82.605,65.9474,75.3684,75.3684,0.6381709741550697,0.0,0.0,0.7236580516898605,1.0
2025-05-06,002858,1.5332197614991383,19.5906,27.772,13.7135,15.6725,15.6725,0.3950233281493002,0.0,0.0,1.0,1.0
2025-05-06,002871,1.8981018981018893,32.1053,30.3826,22.4737,25.6842,25.6842,0.7650793650793651,0.0,0.0,0.4698412698412697,1.0
2025-05-06,002900,3.3913840513290383,76.7836,76.928,53.7485,61.4269,61.4269,0.22494669509594883,0.0,0.0,1.0,1.0
2025-05-06,002910,3.1615925058548155,71.9883,72.3787,50.3918,57.5906,57.5906,0.26059850374064825,0.0,0.0,1.0,1.0
2025-05-06,002972,2.69516728624537,59.2398,53.6281,41.4678,47.3918,47.3918,0.6881836269771283,0.0,0.0,0.6236327460457434,1.0
2025-05-06,003018,1.6071428571428736,22.3977,23.2274,36.2969,37.9181,35.5728,0.7345360824742263,1.0,1.0,0.5309278350515474,1.0
2025-05-06,300314,1.9624573378839605,34.7953,41.074,24.3567,27.8363,27.8363,0.3381147540983607,0.0,0.0,1.0,1.0
2025-05-06,300371,3.7001897533206707,82.1637,72.0867,57.5146,65.731,65.731,0.6822157434402332,0.0,0.0,0.6355685131195337,1.0
2025-05-06,300417,3.9250669045495012,87.076,83.3004,60.9532,69.6608,69.6608,0.31802120141342766,0.0,0.0,1.0,1.0
2025-05-06,300500,3.3882783882783762,76.5497,72.6683,53.5848,61.2398,61.2398,0.4285714285714286,0.0,0.0,1.0,1.0
2025-05-06,300517,2.505446623093688,53.2749,52.043,37.2924,42.6199,42.6199,0.528846153846154,0.0,0.0,0.9423076923076921,1.0
2025-05-06,300610,1.6361886429258954,23.8012,28.338,16.6608,19.0409,19.0409,0.5351473922902495,0.0,0.0,0.9297052154195009,1.0
2025-05-06,300626,4.184549356223188,91.1696,84.9717,63.8187,72.9357,72.9357,0.3981981981981982,0.0,0.0,1.0,1.0
2025-05-06,300635,3.937823834196874,87.4269,83.6326,61.1988,69.9415,69.9415,0.3154471544715448,0.0,0.0,1.0,1.0
2025-05-06,300665,4.149377593361003,90.5848,77.2124,77.8984,87.4678,84.8401,0.7627737226277375,1.0,0.0,0.4744525547445251,1.0
2025-05-06,300686,3.7575757575757596,83.0994,78.912,58.1696,66.4795,66.4795,0.3783783783783784,0.0,0.0,1.0,1.0
2025-05-06,300736,2.3758099352051865,49.6491,53.8559,34.7544,39.7193,39.7193,0.293167701863354,0.0,0.0,1.0,1.0
2025-05-06,300749,3.995006242197263,88.0117,75.6071,82.0037,90.4094,88.0082,0.7401129943502825,1.0,1.0,0.5197740112994349,1.0
2025-05-06,300771,2.4606299212598604,52.1053,52.9705,36.4737,41.6842,41.6842,0.4356846473029043,0.0,0.0,1.0,1.0
2025-05-06,300929,2.1762785636561643,42.3977,41.5652,29.6784,33.9181,33.9181,0.6176470588235294,0.0,0.0,0.7647058823529411,1.0
2025-05-06,300931,4.414003044140036,94.5614,85.2172,66.193,75.6491,75.6491,0.5215946843853821,0.0,0.0,0.9568106312292357,1.0
2025-05-06,300948,3.1512605042016917,71.2865,69.0659,49.9006,57.0292,57.0292,0.3981693363844392,0.0,0.0,1.0,1.0
2025-05-06,300958,3.8732394366197243,85.0877,80.5643,59.5614,68.0702,68.0702,0.37529137529137524,0.0,0.0,1.0,1.0
2025-05-06,300978,2.1842355175688555,42.5731,44.1158,29.8012,34.0585,34.0585,0.49713333448467867,0.0,0.0,1.0,1.0
2025-05-06,301027,2.758620689655178,61.2281,62.8792,42.8596,48.9825,48.9825,0.30516431924882625,0.0,0.0,1.0,1.0
2025-05-06,301056,4.277456647398847,92.5731,83.6307,64.8012,74.0585,74.0585,0.5213903743315507,0.0,0.0,0.9572192513368987,1.0
2025-05-06,301098,2.1454112038140627,40.6433,41.1341,50.6893,47.5146,46.8244,0.5690235690235692,1.0,0.0,0.8619528619528616,1.0
2025-05-06,301102,1.9019019019018923,32.2222,40.6858,22.5556,25.7778,25.7778,0.25460122699386506,0.0,0.0,1.0,1.0
2025-05-06,301126,2.446183953033265,51.7544,54.3803,36.2281,41.4035,41.4035,0.3511627906976745,0.0,0.0,1.0,1.0
2025-05-06,301198,4.1164658634538,90.117,87.1202,63.0819,72.0936,72.0936,0.248665955176094,0.0,0.0,1.0,1.0
2025-05-06,301288,4.809619238476959,98.538,97.8647,68.9766,78.8304,78.8304,0.04828660436137079,0.0,0.0,0.24143302180685394,1.0
2025-05-06,301355,2.20994475138121,43.3333,47.9876,30.3333,34.6667,34.6667,0.33395522388059706,0.0,0.0,1.0,1.0
2025-05-06,301408,1.1333914559720881,4.386,16.1289,3.0702,3.5088,3.5088,0.3689956331877733,0.0,0.0,1.0,1.0
2025-05-06,600689,2.8545941123996332,63.5673,60.952,44.4971,50.8538,50.8538,0.49508840864440107,0.0,0.0,1.0,1.0
2025-05-06,600768,4.477611940298498,95.3801,80.2902,66.7661,76.3041,76.3041,0.80069346249886,0.0,0.0,0.39861307500228005,1.0
2025-05-06,603291,2.0484171322160405,36.9006,47.2102,25.8304,29.5205,29.5205,0.11551155115511556,0.0,0.0,0.5775577557755778,1.0
2025-05-06,603506,3.923444976076551,86.8421,77.5532,60.7895,69.4737,69.4737,0.5960264900662251,0.0,0.0,0.8079470198675498,1.0
2025-05-06,603709,1.9400352733686121,33.6842,41.1996,23.5789,26.9474,26.9474,0.2873900293255131,0.0,0.0,1.0,1.0
2025-05-06,603716,3.835360149672584,84.152,76.8837,58.9064,67.3216,67.3216,0.5218978102189781,0.0,0.0,0.9562043795620438,1.0
2025-05-07,001366,1.0517090271691343,1.9366,10.694,24.6451,16.5493,16.1217,0.5427631578947368,1.0,0.0,0.9144736842105263,1.0
2025-05-07,002058,3.336921420882666,75.5282,78.0342,52.8697,60.4225,60.4225,0.11941747572815523,0.0,0.0,0.5970873786407761,1.0
2025-05-07,002144,4.204753199268763,91.1385,81.1397,63.7969,72.9108,72.9108,0.5885558583106266,0.0,0.0,0.8228882833787468,1.0
2025-05-07,002205,3.529411764705892,79.6948,76.1253,55.7864,63.7559,63.7559,0.3815261044176706,0.0,0.0,1.0,1.0
2025-05-07,002848,3.1135531135531025,70.3638,73.4868,49.2547,56.2911,56.2911,0.14021164021164015,0.0,0.0,0.7010582010582007,1.0
2025-05-07,002871,1.4705882352941346,17.4296,17.4357,12.2007,13.9437,13.9437,0.8253968253968249,0.0,0.0,0.3492063492063502,1.0
2025-05-07,002887,1.6194331983805599,23.1808,29.9342,16.2265,18.5446,18.5446,0.43051771117166215,0.0,0.0,1.0,1.0
2025-05-07,002910,1.7026106696935273,25.9977,34.9128,18.1984,20.7981,20.7981,0.29426433915211975,0.0,0.0,1.0,1.0
2025-05-07,300437,2.902374670184704,64.3779,68.0827,45.0646,51.5023,51.5023,0.17098445595854925,0.0,0.0,0.8549222797927462,1.0
2025-05-07,300517,1.0626992561105109,2.2887,9.7797,27.4995,21.831,20.8053,0.6025641025641029,1.0,1.0,0.7948717948717943,1.0
2025-05-07,300610,4.924242424242409,99.2371,87.9157,69.466,79.3897,79.3897,0.5736961451247167,0.0,0.0,0.8526077097505667,1.0
2025-05-07,300686,1.2850467289719614,9.5657,18.9679,6.696,7.6526,7.6526,0.43423423423423435,0.0,0.0,1.0,1.0
2025-05-07,300749,1.6806722689075793,25.4108,23.7185,34.5672,40.3286,37.0236,0.8305084745762713,1.0,1.0,0.3389830508474574,1.0
2025-05-07,300771,1.152737752161359,4.8709,14.1457,3.4096,3.8967,3.8967,0.48755186721991695,0.0,0.0,1.0,1.0
2025-05-07,600689,1.3876843018213458,14.0258,20.0615,9.8181,11.2207,11.2207,0.5579567779960707,0.0,0.0,0.8840864440078586,1.0
2025-05-07,600847,1.7382413087934534,27.2887,28.7187,19.1021,21.831,21.831,0.6556122448979589,0.0,0.0,0.6887755102040822,1.0
2025-05-07,603065,1.5476190476190421,20.4812,24.5403,35.6475,31.385,30.4626,0.592233009708738,1.0,0.0,0.8155339805825239,1.0
2025-05-07,603506,1.6574585635359185,24.8239,26.1285,17.3768,19.8592,19.8592,0.6865342163355408,0.0,0.0,0.6269315673289184,1.0
2025-05-07,603709,1.8166089965397925,29.9883,37.5976,20.9918,23.9906,23.9906,0.3196480938416423,0.0,0.0,1.0,1.0
2025-05-07,603716,3.3333333333333437,75.3521,68.8462,52.7465,60.2817,60.2817,0.5717761557177615,0.0,0.0,0.856447688564477,1.0
2025-05-07,605069,3.529411764705892,79.6948,72.4557,55.7864,63.7559,63.7559,0.5650080256821829,0.0,0.0,0.8699839486356342,1.0
2025-05-07,605155,1.4629948364887957,17.0775,26.4559,11.9542,13.662,13.662,0.3603053435114504,0.0,0.0,1.0,1.0
2025-05-07,605303,1.4537902388369606,16.7254,25.0614,11.7077,13.3803,13.3803,0.41594202898550736,0.0,0.0,1.0,1.0
2025-05-08,000586,2.7054108216432837,59.8295,60.0055,41.8807,47.8636,47.8636,0.3929078014184398,0.0,0.0,1.0,1.0
2025-05-08,000929,4.94752623688155,99.375,94.7558,69.5625,79.5,79.5,0.23720930232558135,0.0,0.0,1.0,1.0
2025-05-08,001366,1.2142237640936804,6.6477,13.6734,31.3639,25.3182,24.4958,0.5822368421052628,1.0,1.0,0.8355263157894743,1.0
2025-05-08,002058,3.750000000000009,83.125,83.5097,58.1875,66.5,66.5,0.14951456310679606,0.0,0.0,0.7475728155339803,1.0
2025-05-08,002205,1.0330578512396604,0.8523,11.726,25.5966,15.6818,15.6818,0.4477911646586345,1.0,0.0,1.0,1.0
2025-05-08,002848,4.973357015985802,99.4886,96.3369,69.642,79.5909,79.5909,0.16269841269841262,0.0,0.0,0.813492063492063,1.0
2025-05-08,002871,2.415458937198056,51.4205,43.676,46.0737,56.1364,52.4062,0.8730158730158729,1.0,0.0,0.2539682539682542,1.0
2025-05-08,002887,1.9920318725099584,36.3068,39.7811,25.4148,29.0455,29.0455,0.4632152588555859,0.0,0.0,1.0,1.0
2025-05-08,002910,2.0089285714285587,36.875,43.2406,50.8125,44.5,44.5,0.31296758104738165,1.0,0.0,1.0,1.0
2025-05-08,002972,3.4050179211469356,77.5568,65.9016,54.2898,62.0455,62.0455,0.8071940399107917,0.0,0.0,0.3856119201784165,1.0
2025-05-08,003018,1.4991181657848296,18.0682,19.0422,31.823,34.4545,31.7484,0.770618556701031,1.0,1.0,0.45876288659793807,1.0
2025-05-08,300371,2.100456621004576,39.6023,35.6468,40.6516,46.6818,43.6643,0.8017492711370259,1.0,0.0,0.39650145772594825,1.0
2025-05-08,300518,1.513802315227064,18.6932,25.9916,38.0852,29.9545,29.9545,0.44814814814814824,1.0,0.0,1.0,1.0
2025-05-08,300686,3.3448673587082034,75.9659,71.6916,78.1761,75.7727,75.7727,0.4540540540540541,1.0,0.0,1.0,1.0
2025-05-08,300736,2.827225130890043,63.125,63.9161,69.1875,65.5,65.5,0.329192546583851,1.0,0.0,1.0,1.0
2025-05-08,300771,1.8993352326685864,32.7841,35.9783,22.9489,26.2273,26.2273,0.5124481327800825,0.0,0.0,0.975103734439835,1.0
2025-05-08,300929,1.7951425554382228,29.7159,29.9225,38.1006,38.7727,36.8476,0.6925133689839575,1.0,0.0,0.6149732620320849,1.0
2025-05-08,300931,1.3005780346820872,10.2841,15.4698,26.6839,23.2273,21.8485,0.637873754152824,1.0,0.0,0.724252491694352,1.0
2025-05-08,301056,1.870187018701852,31.5341,32.4465,41.5124,40.2273,38.8369,0.6390374331550802,1.0,0.0,0.7219251336898396,1.0
2025-05-08,301102,2.04878048780488,37.8977,44.4286,26.5284,30.3182,30.3182,0.294478527607362,0.0,0.0,1.0,1.0
2025-05-08,301126,1.3320647002854402,11.4205,20.7643,7.9943,9.1364,9.1364,0.41860465116279055,0.0,0.0,1.0,1.0
2025-05-08,301198,2.0076481835563875,36.7614,43.3685,25.733,29.4091,29.4091,0.3020277481323373,0.0,0.0,1.0,1.0
2025-05-08,301288,3.280141843971651,74.2614,76.4184,51.983,59.4091,59.4091,0.14953271028037382,0.0,0.0,0.747663551401869,1.0
2025-05-08,301408,1.5544041450777035,21.1932,29.0943,14.8352,16.9545,16.9545,0.3930131004366815,0.0,0.0,1.0,1.0
2025-05-08,600689,1.0265183917878673,0.7386,8.8031,0.517,0.5909,0.5909,0.5893909626719057,0.0,0.0,0.8212180746561886,1.0
2025-05-08,600768,1.0436432637571214,1.3068,2.8301,9.484,16.0455,11.9378,0.9107692307692304,1.0,0.0,0.17846153846153912,1.0
2025-05-08,600847,1.407035175879412,15.1705,18.1568,10.6193,12.1364,12.1364,0.6989795918367344,0.0,0.0,0.6020408163265312,1.0
2025-05-08,601133,2.4215246636771326,51.6477,54.9711,36.1534,41.3182,41.3182,0.3173553719008264,0.0,0.0,1.0,1.0
2025-05-08,603291,2.266545784224827,45.625,53.2327,31.9375,36.5,36.5,0.1633663366336634,0.0,0.0,0.816831683168317,1.0
2025-05-08,603709,1.7841971112999122,29.375,36.4912,20.5625,23.5,23.5,0.3504398826979471,0.0,0.0,1.0,1.0
2025-05-08,605303,2.149437052200631,41.6477,44.5935,29.1534,33.3182,33.3182,0.436231884057971,0.0,0.0,1.0,1.0
2025-05-12,000668,1.6071428571428736,22.1709,32.9507,40.5196,32.7367,32.7367,0.23930269413629154,1.0,0.0,1.0,1.0
2025-05-12,002058,3.2835820895522394,74.0762,75.3969,51.8533,59.261,59.261,0.19320388349514567,0.0,0.0,0.9660194174757283,1.0
2025-05-12,002826,4.690265486725664,97.0554,86.1738,89.9976,92.6443,91.909,0.5735294117647063,1.0,0.0,0.8529411764705874,1.0
2025-05-12,002828,1.497695852534564,17.6097,23.1107,35.3728,29.0878,28.5993,0.5488505747126436,1.0,0.0,0.9022988505747127,1.0
2025-05-12,002972,2.5261324041811806,54.4457,45.5085,47.0159,58.5566,54.5326,0.9024023702577226,1.0,0.0,0.19519525948455474,1.0
2025-05-12,003003,2.170138888888884,41.9746,45.6401,29.3822,33.5797,33.5797,0.3969795037756204,0.0,0.0,1.0,1.0
2025-05-12,300437,1.17647058823529,5.6005,20.8793,3.9203,4.4804,4.4804,0.18005181347150265,0.0,0.0,0.9002590673575132,1.0
2025-05-12,300518,4.3710972346119314,93.3603,85.7746,90.3522,89.6882,89.6882,0.4456790123456792,1.0,0.0,1.0,1.0
2025-05-12,300610,1.4311270125223485,15.5312,18.1392,32.3004,32.4249,30.2821,0.7142857142857143,1.0,1.0,0.5714285714285714,1.0
2025-05-12,300626,3.435114503816794,78.1178,70.3501,75.3942,77.4942,76.4222,0.6072072072072072,1.0,0.0,0.7855855855855856,1.0
2025-05-12,300686,2.0571428571428463,37.5866,40.6999,51.3106,45.0693,45.0693,0.4684684684684685,1.0,0.0,1.0,1.0
2025-05-12,300736,1.148225469728592,5.0231,17.3601,28.5162,19.0185,19.0185,0.3329192546583851,1.0,0.0,1.0,1.0
2025-05-12,300978,1.5726179463459777,21.1894,25.8242,14.8326,16.9515,16.9515,0.5563662424232787,0.0,0.0,0.8872675151534426,1.0
2025-05-12,301126,1.4312977099236734,15.6467,24.2848,10.9527,12.5173,12.5173,0.4116279069767442,0.0,0.0,1.0,1.0
2025-05-12,603506,2.027649769585249,36.8938,35.8285,25.8256,29.515,29.515,0.6843267108167771,0.0,0.0,0.6313465783664458,1.0
2025-05-12,603716,1.731996353691878,26.8476,30.3588,41.5549,36.4781,35.9184,0.5559610705596109,1.0,0.0,0.8880778588807783,1.0
2025-05-12,605069,2.917505030181089,64.8383,61.4052,45.3868,51.8707,51.8707,0.523274478330658,0.0,0.0,0.953451043338684,1.0
2025-05-12,605303,1.2121212121211977,6.5242,16.118,29.567,20.2194,20.2194,0.455072463768116,1.0,0.0,1.0,1.0
2025-05-14,000929,1.96629213483146,34.9941,41.1581,49.4959,42.9953,42.9953,0.3418604651162791,1.0,0.0,1.0,1.0
2025-05-14,002900,1.1433597185576128,4.9824,18.5062,3.4877,3.9859,3.9859,0.2739872068230277,0.0,0.0,1.0,1.0
2025-05-14,300771,1.0332950631450455,0.8792,10.6204,25.4495,15.7034,15.6619,0.5041493775933609,1.0,0.0,0.9917012448132783,1.0
2025-05-14,603065,3.477218225419665,78.8394,71.6152,82.275,83.0715,82.3434,0.5728155339805827,1.0,1.0,0.8543689320388346,1.0
2025-05-14,603506,2.1857923497267784,42.9074,40.0654,51.5142,54.3259,52.1957,0.7130242825607066,1.0,1.0,0.5739514348785868,1.0
2025-05-14,605069,2.686567164179099,58.7925,56.2154,69.5175,67.034,66.6247,0.5409309791332264,1.0,1.0,0.9181380417335472,1.0
2025-05-16,000668,4.9342105263157965,98.9722,92.7893,94.2805,94.1778,94.1778,0.31942215088282505,1.0,0.0,1.0,1.0
2025-05-16,001299,1.8484288354898348,30.1693,26.3711,35.5899,44.1354,40.2533,0.8882142893635574,1.0,1.0,0.2235714212728852,1.0
2025-05-16,002200,2.839506172839501,61.971,54.7637,63.7535,69.5768,67.1702,0.7406542056074764,1.0,1.0,0.5186915887850472,1.0
2025-05-16,002806,1.283147989734812,9.3712,19.8106,31.5599,22.497,22.497,0.38432122370936894,1.0,0.0,1.0,1.0
2025-05-16,002972,2.189141856392296,42.3821,37.7173,42.2906,48.9057,45.8115,0.8094211239599671,1.0,0.0,0.38115775208006575,1.0
2025-05-16,003018,1.814882032667886,29.3229,28.1752,39.9599,43.4583,40.8167,0.76415341604058,1.0,1.0,0.4716931679188401,1.0
2025-05-16,300437,2.7878787878787836,61.0036,63.6475,67.7025,63.8029,63.8029,0.25777202072538863,1.0,0.0,1.0,1.0
2025-05-16,300665,1.775956284153013,28.2346,26.6753,37.9394,42.5877,39.6315,0.7956204379562045,1.0,1.0,0.40875912408759096,1.0
2025-05-16,300749,1.4851485148514865,17.1705,18.5387,31.6239,33.7364,31.1375,0.7598870056497176,1.0,1.0,0.4802259887005649,1.0
2025-05-16,300771,3.402646502835527,76.2394,69.9117,76.2079,75.9915,75.4516,0.5539914284474783,1.0,0.0,0.8920171431050434,1.0
2025-05-16,300931,1.479289940828421,16.8682,21.8002,33.419,28.4946,27.6474,0.5847176079734219,1.0,0.0,0.8305647840531563,1.0
2025-05-16,300978,2.0503261882572232,36.9407,38.0141,47.7816,44.5526,43.7834,0.5769230769230771,1.0,0.0,0.8461538461538458,1.0
2025-05-16,301098,1.1750881316098694,5.5018,12.2129,29.4742,24.4015,23.3072,0.6094276094276093,1.0,1.0,0.7811447811447814,1.0
2025-05-16,301126,1.0348071495766664,1.2696,12.0855,25.8888,16.0157,16.0157,0.44651162790697685,1.0,0.0,1.0,1.0
2025-05-16,603065,1.4285714285714235,14.873,20.0538,36.7218,31.8984,30.9761,0.592233009708738,1.0,1.0,0.8155339805825239,1.0
2025-05-16,605069,2.046783625731008,36.4571,37.6729,52.5344,49.1657,48.4193,0.5746388443017656,1.0,1.0,0.8507223113964688,1.0
2025-05-19,000586,2.1696252465483123,40.8764,44.389,53.6134,47.7011,47.7011,0.4156028368794327,1.0,0.0,1.0,1.0
2025-05-19,001322,1.396973224679865,13.5054,17.9416,33.7283,30.8043,29.3729,0.6431372549019609,1.0,1.0,0.7137254901960781,1.0
2025-05-19,002058,3.006012024048088,65.5462,68.7088,45.8824,52.437,52.437,0.18640776699029127,0.0,0.0,0.9320388349514563,1.0
2025-05-19,002205,2.2564102564102573,43.9976,45.9611,60.7983,55.1981,55.1981,0.46184738955823296,1.0,1.0,1.0,1.0
2025-05-19,002848,2.4653312788905923,51.9208,56.0075,61.3445,56.5366,56.5366,0.2764550264550264,1.0,0.0,1.0,1.0
2025-05-19,002887,2.075226977950706,37.515,39.7668,55.77,50.012,49.8894,0.5122615803814713,1.0,1.0,0.9754768392370574,1.0
2025-05-19,002910,2.425578831312003,51.0804,54.3307,60.7563,55.8643,55.8643,0.3266832917705736,1.0,0.0,1.0,1.0
2025-05-19,002963,1.6379310344827536,23.1092,30.0867,41.1765,33.4874,33.4874,0.4200323101777059,1.0,0.0,1.0,1.0
2025-05-19,300268,3.7291462217860616,81.3325,67.9232,72.6471,85.066,81.4946,0.857142857142857,1.0,1.0,0.28571428571428603,1.0
2025-05-19,300517,2.6399155227032844,56.3625,52.6541,64.582,65.09,63.8721,0.621794871794872,1.0,1.0,0.7564102564102559,1.0
2025-05-19,300610,1.4196983141082642,14.2257,16.6867,30.5702,31.3806,29.0336,0.7346938775510203,1.0,1.0,0.5306122448979593,1.0
2025-05-19,300621,2.8835063437139485,63.4454,63.67,69.4118,65.7563,65.7563,0.35431654676259,1.0,0.0,1.0,1.0
2025-05-19,300635,2.400000000000002,49.88,52.4568,59.916,54.904,54.904,0.3723577235772358,1.0,0.0,1.0,1.0
2025-05-19,300649,1.2121212121211977,6.3625,15.7726,29.4538,20.09,20.09,0.46587030716723565,1.0,0.0,1.0,1.0
2025-05-19,300665,2.0134228187919323,35.4742,31.518,41.1093,48.3794,44.9487,0.8430656934306571,1.0,1.0,0.31386861313868586,1.0
2025-05-19,300736,2.494802494802495,52.521,55.259,61.7647,57.0168,57.0168,0.3378881987577639,1.0,0.0,1.0,1.0
2025-05-19,300929,2.085505735140769,37.7551,35.2317,46.4838,50.2041,47.7179,0.7486187845303867,1.0,1.0,0.5027624309392267,1.0
2025-05-19,300931,1.1661807580174877,5.102,11.7228,23.8538,19.0816,17.9022,0.6179401993355483,1.0,0.0,0.7641196013289033,1.0
2025-05-19,301098,1.7421602787456525,26.2905,28.1705,42.6795,41.0324,39.6014,0.643097643097643,1.0,1.0,0.7138047138047141,1.0
2025-05-19,301355,1.80342651036971,28.2713,35.0797,44.7899,37.617,37.617,0.3768656716417911,1.0,0.0,1.0,1.0
2025-05-19,600768,1.9102196752626588,31.5126,27.5881,36.8149,45.2101,41.3991,0.8810975609756101,1.0,1.0,0.2378048780487798,1.0
2025-05-19,605303,2.219979818365303,43.0372,45.2993,55.1261,49.4298,49.4298,0.4565217391304348,1.0,0.0,1.0,1.0
2025-05-20,000586,2.6061776061776287,55.9884,55.8545,64.1919,59.7907,59.7907,0.4468085106382978,1.0,0.0,1.0,1.0
2025-05-20,000929,1.1597938144329856,4.9419,14.1395,28.4593,18.9535,18.9535,0.4906976744186046,1.0,0.0,1.0,1.0
2025-05-20,001366,3.100775193798455,69.2442,63.2243,74.1288,75.3953,74.3098,0.608552631578947,1.0,1.0,0.782894736842106,1.0
2025-05-20,002058,3.5019455252918386,79.0116,78.8986,80.3081,78.2093,78.2093,0.21553398058252418,1.0,0.0,1.0,1.0
2025-05-20,002200,2.65379975874549,57.2674,50.113,58.6853,65.814,62.9635,0.7850467289719623,1.0,1.0,0.4299065420560755,1.0
2025-05-20,002205,2.106318956870612,39.3023,41.3214,57.2707,51.4419,51.3816,0.5060240963855424,1.0,1.0,0.9879518072289153,1.0
2025-05-20,002828,1.3513513513513375,11.4535,16.8596,28.411,24.1628,23.0112,0.6151603498542279,1.0,0.0,0.7696793002915443,1.0
2025-05-20,002848,4.060150375939853,88.1977,84.6058,86.7384,85.5581,85.5581,0.2976190476190476,1.0,0.0,1.0,1.0
2025-05-20,002910,2.4757804090419944,52.6163,55.0107,61.8314,57.093,57.093,0.3541147132169575,1.0,0.0,1.0,1.0
2025-05-20,300517,2.377411364809423,49.4767,45.5429,56.5568,59.5814,57.5622,0.7019230769230774,1.0,1.0,0.5961538461538451,1.0
2025-05-20,300621,1.2331838565022402,7.2674,17.6522,30.0872,20.814,20.814,0.4080882352941174,1.0,0.0,1.0,1.0
2025-05-20,300626,1.363193768257065,11.9186,18.1475,30.5682,24.5349,23.8412,0.5693693693693692,1.0,0.0,0.8612612612612616,1.0
2025-05-20,300635,3.515625,79.4767,75.3538,80.6337,78.5814,78.5814,0.41138211382113826,1.0,0.0,1.0,1.0
2025-05-20,300649,2.138579982891353,40.2907,42.4373,53.2035,47.2326,47.2326,0.4897610921501707,1.0,0.0,1.0,1.0
2025-05-20,300665,3.157894736842115,71.0465,58.881,63.8201,76.8372,72.8591,0.8978102189781021,1.0,1.0,0.20437956204379581,1.0
2025-05-20,300686,2.0270270270270174,36.1047,39.0459,50.2733,43.8837,43.8837,0.4918918918918921,1.0,0.0,1.0,1.0
2025-05-20,300736,1.9269776876267963,32.7326,38.832,47.9128,41.186,41.186,0.3677018633540372,1.0,0.0,1.0,1.0
2025-05-20,300771,1.5625,20.2907,23.8902,34.5189,31.2326,30.0614,0.617115925571447,1.0,0.0,0.765768148857106,1.0
2025-05-20,300774,1.8648018648018683,30.0581,34.6697,46.0407,39.0465,39.0465,0.46884272997032667,1.0,0.0,1.0,1.0
2025-05-20,300929,1.9407558733401498,33.5465,30.7599,41.3279,46.8372,43.7985,0.8038674033149169,1.0,1.0,0.3922651933701662,1.0
2025-05-20,300931,1.7291066282420609,25.9884,27.9003,37.4111,35.7907,34.3455,0.6445182724252494,1.0,0.0,0.7109634551495012,1.0
2025-05-20,301098,1.255707762557079,9.0116,13.3372,28.564,27.2093,25.2733,0.6936026936026936,1.0,1.0,0.6127946127946129,1.0
2025-05-20,301102,4.3010752688172005,92.2674,87.9857,89.5872,88.814,88.814,0.29141104294478515,1.0,0.0,1.0,1.0
2025-05-20,301126,2.7001862197392867,59.1279,57.8605,66.3895,62.3023,62.3023,0.4720930232558139,1.0,0.0,1.0,1.0
2025-05-20,301198,2.3430178069353325,48.0814,51.9763,58.657,53.4651,53.4651,0.3244397011739594,1.0,0.0,1.0,1.0
2025-05-20,600768,1.6869728209934376,24.593,23.5386,34.9436,39.6744,36.6065,0.8067885117493472,1.0,1.0,0.38642297650130564,1.0
2025-05-20,601133,1.449275362318847,15.6977,26.5747,35.9884,27.5581,27.5581,0.2991735537190081,1.0,0.0,1.0,1.0
2025-05-20,603506,1.305483028720622,10.407,11.8134,24.2606,28.3256,25.0695,0.8256070640176602,1.0,1.0,0.3487858719646797,1.0
2025-05-20,605303,1.6781836130306038,24.2442,29.6272,41.9709,34.3953,34.3953,0.4884057971014494,1.0,0.0,1.0,1.0
2025-05-26,000668,4.874446085672091,98.669,89.6778,99.0683,98.9352,98.9352,0.4628670120898099,1.0,1.0,1.0,1.0
2025-05-26,002205,2.2845275181723634,46.1227,48.1431,62.2859,56.8981,56.8981,0.4377510040160644,1.0,1.0,1.0,1.0
2025-05-26,002806,1.8584070796460184,30.0347,37.8327,21.0243,24.0278,24.0278,0.309751434034417,0.0,0.0,1.0,1.0
2025-05-26,002848,1.3740458015267132,12.7894,24.5437,33.9525,25.2315,25.2315,0.2843915343915343,1.0,0.0,1.0,1.0
2025-05-26,002910,1.5607580824972045,20.1968,29.8731,14.1377,16.1574,16.1574,0.3142144638403991,0.0,0.0,1.0,1.0
2025-05-26,002963,1.1333914559720881,4.1667,14.7214,32.9167,23.3333,23.3333,0.4305977933304791,1.0,1.0,1.0,1.0
2025-05-26,002972,3.730017761989335,82.1181,70.3772,76.8482,85.6944,83.0358,0.7658602380079594,1.0,1.0,0.4682795239840811,1.0
2025-05-26,300306,1.5665796344647598,20.544,27.9377,14.3808,16.4352,16.4352,0.4248717948717787,0.0,0.0,1.0,1.0
2025-05-26,300313,3.2549728752260254,73.4375,70.3697,76.4062,73.75,73.75,0.4190140845070424,1.0,0.0,1.0,1.0
2025-05-26,300417,2.690972222222232,59.3171,60.363,66.522,62.4537,62.4537,0.35453474676089514,1.0,0.0,1.0,1.0
2025-05-26,300500,1.8469656992084582,29.6875,32.9042,49.0896,43.75,43.3271,0.5422906403940475,1.0,1.0,0.915418719211905,1.0
2025-05-26,300665,1.3698630136986356,12.3264,14.2089,27.3241,29.8611,27.035,0.7826086956521737,1.0,1.0,0.43478260869565255,1.0
2025-05-26,300736,1.0460251046024993,1.9097,14.9191,26.3368,16.5278,16.5278,0.3304347826086957,1.0,0.0,1.0,1.0
2025-05-26,300931,1.17647058823529,5.787,12.6695,30.1307,24.6296,23.6496,0.5980066445182725,1.0,1.0,0.8039867109634551,1.0
2025-05-26,301102,1.3847675568743778,13.0208,24.9565,34.1146,25.4167,25.4167,0.27300613496932513,1.0,0.0,1.0,1.0
2025-05-26,601083,2.3316062176165886,48.0903,48.3627,63.4442,58.4722,58.4175,0.5054744525547445,1.0,1.0,0.9890510948905109,1.0
2025-05-26,603291,1.4517506404782443,16.0301,27.3125,36.2211,27.8241,27.8241,0.27557755775577575,1.0,0.0,1.0,1.0
2025-05-27,002848,4.8192771084337505,97.9976,92.4721,93.5983,93.3981,93.3981,0.29629629629629617,1.0,0.0,1.0,1.0
2025-05-27,002910,2.524698133918779,55.0364,57.3957,38.5255,44.0291,44.0291,0.33167082294264333,0.0,0.0,1.0,1.0
2025-05-27,300437,2.8606965174129417,64.2597,65.3739,69.9818,66.4078,66.4078,0.30169491525423714,1.0,0.0,1.0,1.0
2025-05-27,300517,1.9447287615148579,33.7985,32.0371,23.659,27.0388,27.0388,0.7500844213888812,0.0,0.0,0.4998311572222376,1.0
2025-05-27,300610,1.6333938294010864,23.1189,24.9351,39.0631,38.4951,36.7151,0.6780045351473925,1.0,1.0,0.6439909297052151,1.0
2025-05-27,300749,1.374999999999993,12.9248,15.594,9.0473,10.3398,10.3398,0.7372881355932204,0.0,0.0,0.5254237288135593,1.0
2025-05-27,300931,1.0174418604651292,0.6675,8.0423,25.4838,20.534,19.2881,0.6245847176079734,1.0,1.0,0.7508305647840532,1.0
2025-05-27,301126,1.4995313964386137,17.7791,25.107,37.4454,29.2233,29.2233,0.455813953488372,1.0,0.0,1.0,1.0
2025-05-27,301355,2.7703306523682025,62.0752,61.7497,68.4527,64.6602,64.6602,0.39552238805970136,1.0,0.0,1.0,1.0
2025-05-29,000929,3.821656050955413,83.2155,76.3399,87.7858,86.5724,86.4562,0.5116279069767441,1.0,1.0,0.9767441860465118,1.0
2025-05-29,001299,1.1039558417663464,3.828,5.5114,17.5776,23.0624,19.2869,0.8775501831778455,1.0,1.0,0.244899633644309,1.0
2025-05-29,002200,4.955527318932651,99.2344,85.6492,69.4641,79.3875,79.3875,0.6869158878504672,0.0,0.0,0.6261682242990656,1.0
2025-05-29,002205,1.0101010101010166,0.1767,10.302,30.1237,20.1413,20.1413,0.49196787148594384,1.0,1.0,1.0,1.0
2025-05-29,002828,2.1468926553672274,40.8127,40.1201,48.5087,47.6502,46.3851,0.6265060240963856,1.0,0.0,0.7469879518072289,1.0
2025-05-29,002848,3.7552155771905404,82.1555,78.3434,82.5088,80.7244,80.7244,0.369047619047619,1.0,0.0,1.0,1.0
2025-05-29,002871,3.1109878756730547,69.788,58.1161,63.423,75.8304,71.9732,0.8857142857142856,1.0,1.0,0.22857142857142887,1.0
2025-05-29,002963,1.2875536480686733,10.1885,18.9473,37.1319,28.1508,28.1508,0.46017233929542267,1.0,1.0,1.0,1.0
2025-05-29,300243,4.625984251968518,95.583,84.0255,87.0262,91.4664,90.246,0.6220472440944883,1.0,0.0,0.7559055118110234,1.0
2025-05-29,300306,3.2900432900432763,73.4982,70.0886,76.4488,73.7986,73.7986,0.43549955791333483,1.0,0.0,1.0,1.0
2025-05-29,300417,2.478632478632492,53.6514,55.4064,62.5559,57.9211,57.9211,0.37573616018845696,1.0,0.0,1.0,1.0
2025-05-29,300500,3.505696757230492,78.9753,72.18,83.2824,83.1802,82.6801,0.5500082101805829,1.0,1.0,0.8999835796388342,1.0
2025-05-29,300635,2.0211742059672577,35.7479,39.8829,55.0236,48.5984,48.5984,0.43577235772357736,1.0,1.0,1.0,1.0
2025-05-29,300649,2.0000000000000018,34.9234,38.6243,49.4464,42.9388,42.9388,0.4657244537790451,1.0,0.0,1.0,1.0
2025-05-29,300665,2.985074626865658,66.2544,56.8441,64.0593,73.0035,69.9238,0.8079710144927535,1.0,1.0,0.3840579710144929,1.0
2025-05-29,300686,2.424942263279428,52.1201,52.6511,61.4841,56.6961,56.6961,0.4522522522522523,1.0,0.0,1.0,1.0
2025-05-29,300736,1.532175689479054,18.9046,27.9436,38.2332,30.1237,30.1237,0.3590062111801241,1.0,0.0,1.0,1.0
2025-05-29,300774,2.058111380141514,37.0436,40.9702,50.9305,44.6349,44.6349,0.4332344213649855,1.0,0.0,1.0,1.0
2025-05-29,300845,1.7110266159695797,26.0895,28.0389,42.5972,40.8716,39.4552,0.6416374460821612,1.0,1.0,0.7167251078356776,1.0
2025-05-29,300929,1.7435897435897463,27.1496,25.8633,37.292,41.7197,38.7915,0.7928176795580111,1.0,1.0,0.41436464088397784,1.0
2025-05-29,300931,2.0172910662824117,35.6302,35.6138,49.1604,48.5041,47.0589,0.6445182724252494,1.0,1.0,0.7109634551495012,1.0
2025-05-29,300978,2.5072324011572,54.4759,52.3369,60.6455,58.5807,57.9588,0.5621903883681175,1.0,0.0,0.875619223263765,1.0
2025-05-29,301098,2.0905923344947785,38.457,37.9037,51.196,50.7656,49.3346,0.643097643097643,1.0,1.0,0.7138047138047141,1.0
2025-05-29,301102,1.4634146341463428,16.7845,27.538,36.7491,28.4276,28.4276,0.294478527607362,1.0,0.0,1.0,1.0
2025-05-29,301126,2.434456928838946,52.7091,53.0045,61.8963,57.1673,57.1673,0.4581395348837208,1.0,0.0,1.0,1.0
2025-05-29,301198,2.157598499061919,41.6372,46.8423,54.1461,48.3098,48.3098,0.32337246531483455,1.0,0.0,1.0,1.0
2025-05-29,301265,1.2578616352201255,9.5995,15.1643,31.689,27.6796,26.422,0.625766871165644,1.0,1.0,0.748466257668712,1.0
2025-05-29,301355,1.2334801762114544,8.0683,17.9472,30.6478,21.4547,21.4547,0.42537313432835827,1.0,0.0,1.0,1.0
2025-05-29,601133,1.1659192825111964,5.7126,14.9701,28.9988,19.5701,19.5701,0.4799999999999998,1.0,0.0,1.0,1.0
2025-06-03,000586,1.3712047012732542,13.1515,22.0106,34.2061,25.5212,25.5212,0.42553191489361714,1.0,0.0,1.0,1.0
2025-06-03,002144,1.752848378615246,27.8182,31.5199,19.4727,22.2545,22.2545,0.5367346938775513,0.0,0.0,0.9265306122448973,1.0
2025-06-03,002200,2.3086269744835963,47.8182,42.834,52.6316,58.2545,55.5443,0.7710280373831775,1.0,1.0,0.457943925233645,1.0
2025-06-03,002828,1.5659955257270708,21.0303,23.752,33.5766,31.8242,30.2881,0.6536144578313252,1.0,0.0,0.6927710843373496,1.0
2025-06-03,003018,2.0220588235293935,36.5455,34.6943,46.4976,49.2364,46.9653,0.7271053091404446,1.0,1.0,0.5457893817191108,1.0
2025-06-03,300243,4.906771344455341,98.3636,86.0925,88.6577,93.6909,92.3917,0.6299212598425196,1.0,0.0,0.7401574803149609,1.0
2025-06-03,300306,1.3816925734024155,13.6364,22.0928,9.5455,10.9091,10.9091,0.4408134394341128,0.0,0.0,1.0,1.0
2025-06-03,300313,3.821656050955413,82.6667,73.1567,81.9135,86.1333,84.645,0.6488294314381272,1.0,1.0,0.7023411371237456,1.0
2025-06-03,300610,1.0082493125572967,0.1818,7.0842,0.1273,0.1455,0.1455,0.6530612244897959,0.0,0.0,0.6938775510204083,1.0
2025-06-03,300736,1.838610827374887,30.2424,37.0138,46.1697,39.1939,39.1939,0.3590062111801241,1.0,0.0,1.0,1.0
2025-06-03,300749,1.2422360248447228,9.2727,12.3899,6.4909,7.4182,7.4182,0.7514124293785314,0.0,0.0,0.49717514124293727,1.0
2025-06-03,300774,1.696969696969708,25.5152,31.8082,42.8606,35.4121,35.4121,0.4301952134270283,1.0,0.0,1.0,1.0
2025-06-03,300929,1.2244897959183598,8.303,10.5098,23.5469,26.6424,23.5761,0.8066298342541438,1.0,1.0,0.3867403314917124,1.0
2025-06-03,301056,1.9999999999999796,35.4545,33.7605,45.6118,48.3636,46.062,0.7301587301587303,1.0,1.0,0.5396825396825393,1.0
2025-06-03,301126,1.4585232452142272,16.9091,23.0156,35.8131,28.5273,28.2715,0.5255813953488373,1.0,0.0,0.9488372093023254,1.0
2025-06-03,301355,3.631532329495113,79.9394,75.6679,80.9576,78.9515,78.9515,0.41417910447761197,1.0,0.0,1.0,1.0
2025-06-03,600768,1.4272121788772685,15.3333,16.9664,30.1328,32.2667,29.6165,0.7650130548302871,1.0,1.0,0.4699738903394257,1.0
2025-06-03,605303,1.4409221902017322,16.1818,22.3657,40.1679,32.9455,32.6556,0.5289855072463768,1.0,1.0,0.9420289855072463,1.0
2025-06-04,002144,1.2058570198105079,7.6414,14.5621,5.349,6.1131,6.1131,0.5775510204081633,0.0,0.0,0.8448979591836734,1.0
2025-06-04,002806,1.0452961672473782,2.2864,14.9458,1.6005,1.8291,1.8291,0.344168260038241,0.0,0.0,1.0,1.0
2025-06-04,002828,1.541850220264318,20.5174,22.4983,31.5309,31.414,29.4561,0.6957831325301206,1.0,0.0,0.6084337349397588,1.0
2025-06-04,002848,2.8610354223433276,63.8387,63.2932,74.6871,71.071,71.071,0.3888888888888888,1.0,1.0,1.0,1.0
2025-06-04,002910,3.1317494600431983,70.0963,69.0695,74.0674,71.077,71.077,0.35037406483790523,1.0,0.0,1.0,1.0
2025-06-04,002963,1.4529914529914478,17.2684,24.4469,42.0878,33.8147,33.8147,0.46838749095235127,1.0,1.0,1.0,1.0
2025-06-04,003018,1.531531531531538,19.9158,20.2261,32.5281,35.9326,33.0794,0.7853237628406575,1.0,1.0,0.42935247431868495,1.0
2025-06-04,300268,2.9013539651837617,64.8014,54.0861,59.8508,71.8412,67.9636,0.8877551020408162,1.0,1.0,0.2244897959183676,1.0
2025-06-04,300306,1.27768313458263,10.7702,19.233,32.5391,23.6161,23.6161,0.4691541408782623,1.0,0.0,1.0,1.0
2025-06-04,300500,1.7196904557179593,27.136,29.8597,45.297,41.7088,40.7842,0.5924548440065264,1.0,1.0,0.8150903119869473,1.0
2025-06-04,300635,1.8129770992366456,30.3851,35.2999,51.2696,44.3081,44.3081,0.4504065040650408,1.0,1.0,1.0,1.0
2025-06-04,300665,1.342281879194629,12.5752,13.321,25.3244,30.0602,26.6906,0.8369565217391304,1.0,1.0,0.32608695652173925,1.0
2025-06-04,300686,3.092783505154628,69.1336,66.0096,73.3935,70.3069,70.3069,0.46486486486486495,1.0,0.0,1.0,1.0
2025-06-04,300736,1.7051153460381219,26.414,33.5038,43.4898,36.1312,36.1312,0.3813664596273293,1.0,0.0,1.0,1.0
2025-06-04,300929,1.1088709677419262,4.3923,6.7183,19.4834,23.5138,20.116,0.8397790055248618,1.0,1.0,0.3204419889502763,1.0
2025-06-04,301355,1.7948717948718107,29.9037,34.1096,45.9326,38.923,38.923,0.49067164179104455,1.0,0.0,1.0,1.0
2025-06-04,601133,1.1433597185576128,5.6558,12.8307,25.5711,19.5247,18.6777,0.5846994535519122,1.0,0.0,0.8306010928961756,1.0
2025-06-05,000586,1.4354066985645897,16.4868,23.998,36.5408,28.1894,28.1894,0.4595744680851063,1.0,0.0,1.0,1.0
2025-06-05,000668,3.884711779448602,84.3525,74.0451,82.1728,87.482,85.7635,0.6718480138169257,1.0,1.0,0.6563039723661486,1.0
2025-06-05,002058,1.5219337511190645,19.6043,29.6446,38.723,30.6835,30.6835,0.3019417475728155,1.0,0.0,1.0,1.0
2025-06-05,300313,2.8391167192429068,63.0096,57.0297,67.3509,70.4077,68.7187,0.6688963210702341,1.0,1.0,0.6622073578595318,1.0
2025-06-05,300371,3.0027297543220977,66.247,57.6257,65.6291,72.9976,70.3117,0.7685950413223143,1.0,1.0,0.46280991735537147,1.0
2025-06-05,300517,2.3430178069353325,49.2806,40.7592,47.1658,59.4245,55.0918,0.9332654517365169,1.0,1.0,0.13346909652696626,1.0
2025-06-05,300686,1.7777777777777892,29.5564,33.3748,45.1489,38.6451,38.5099,0.5135135135135136,1.0,0.0,0.9729729729729728,1.0
2025-06-05,300845,2.117420596727615,40.9472,40.4237,53.9948,52.7578,51.5907,0.6167066544097882,1.0,1.0,0.7665866911804236,1.0
2025-06-05,300929,1.1964107676969205,7.3741,8.496,20.3552,25.8993,22.1976,0.8701657458563534,1.0,1.0,0.25966850828729315,1.0
2025-06-06,000586,2.358490566037741,50.0591,50.4303,60.0414,55.0473,55.0473,0.4808510638297872,1.0,0.0,1.0,1.0
2025-06-06,002205,2.634146341463417,58.0969,55.2326,68.1779,66.4775,65.8551,0.5622489959839357,1.0,1.0,0.8755020080321285,1.0
2025-06-06,002806,2.3175965665235942,48.6407,51.3791,59.0485,53.9125,53.9125,0.37667304015296377,1.0,0.0,1.0,1.0
2025-06-06,002828,1.9758507135016368,35.6383,34.4143,41.754,43.5106,41.4624,0.7048192771084336,1.0,0.0,0.5903614457831328,1.0
2025-06-06,002887,2.6109660574417326,57.7423,54.8587,67.7493,66.1939,65.5263,0.5667574931880109,1.0,1.0,0.8664850136239781,1.0
2025-06-06,002972,1.5437392795883298,20.6265,19.5594,30.555,36.5012,33.0303,0.8470875400939295,1.0,1.0,0.305824919812141,1.0
2025-06-06,300313,1.9938650306748684,35.9929,34.2124,46.0312,48.7943,46.5034,0.729096989966555,1.0,1.0,0.5418060200668899,1.0
2025-06-06,300437,1.0935601458080146,3.6052,15.7205,32.5236,22.8842,22.8842,0.3581818181818183,1.0,1.0,1.0,1.0
2025-06-06,300610,1.5482695810564717,20.8629,23.3116,14.604,16.6903,16.6903,0.6689342403628121,0.0,0.0,0.6621315192743757,1.0
2025-06-06,300736,1.6666666666666607,25.0591,31.8485,42.5414,35.0473,35.0473,0.4099378881987577,1.0,0.0,1.0,1.0
2025-06-06,301098,4.199772985244032,90.13,77.8473,84.5775,92.104,89.9756,0.7128378378378379,1.0,1.0,0.5743243243243241,1.0
2025-06-06,301265,1.975051975051989,35.5201,32.9416,43.9152,48.4161,45.6788,0.7737226277372259,1.0,1.0,0.4525547445255482,1.0
2025-06-06,600768,2.985074626865658,66.5485,56.8419,63.7902,73.2388,70.0403,0.8198433420365536,1.0,1.0,0.36031331592689275,1.0
2025-06-09,001299,2.1758839528558394,45.9805,38.1139,44.8453,56.7844,52.4491,0.9335272422965445,1.0,1.0,0.13294551540691102,1.0
2025-06-09,001322,1.297169811320753,12.1194,16.6804,32.4534,29.6955,28.188,0.6507538576605711,1.0,1.0,0.6984922846788577,1.0
2025-06-09,002058,1.7513134851138368,30.3898,37.7875,46.2728,39.3118,39.3118,0.32621359223300966,1.0,0.0,1.0,1.0
2025-06-09,002848,4.967320261437891,99.3301,90.7626,99.5311,99.4641,99.4641,0.43507362784471226,1.0,1.0,1.0,1.0
2025-06-09,002887,2.1628498727735312,45.4933,43.934,56.924,56.3946,55.1643,0.6230319932271504,1.0,1.0,0.7539360135456992,1.0
2025-06-09,002910,1.3874066168623411,15.5298,25.1421,35.8709,27.4239,27.4239,0.3640897755610972,1.0,0.0,1.0,1.0
2025-06-09,003018,2.7192982456140324,63.3983,53.4244,59.7903,70.7186,67.0715,0.8647125633409485,1.0,1.0,0.27057487331810304,1.0
2025-06-09,300371,1.243339253996445,10.4141,11.4718,23.5709,28.3313,24.9016,0.8429752066115701,1.0,1.0,0.3140495867768598,1.0
2025-06-09,300437,1.3221153846153744,13.0938,22.9841,39.1657,30.475,30.475,0.3745454545454546,1.0,1.0,1.0,1.0
2025-06-09,300517,2.2181146025878062,47.8076,39.577,46.1272,58.246,53.9115,0.9334533151689781,1.0,1.0,0.13309336966204377,1.0
2025-06-09,300610,2.780269058295959,65.3471,58.1281,67.4437,72.2777,70.2029,0.7074829931972793,1.0,1.0,0.5850340136054415,1.0
2025-06-09,300626,1.4792899408283988,19.5493,22.1428,31.6912,30.6395,28.8911,0.6748329621380847,1.0,0.0,0.6503340757238305,1.0
2025-06-09,300635,1.3914656771799594,15.8952,22.7325,41.1267,32.7162,32.7162,0.49918699186991866,1.0,1.0,1.0,1.0
2025-06-09,300665,1.832460732984309,33.1912,28.437,37.002,46.553,42.495,0.9057971014492752,1.0,1.0,0.18840579710144967,1.0
2025-06-09,300929,1.1730205278592365,7.2473,7.2895,18.0565,25.7978,21.5437,0.9254143646408841,1.0,1.0,0.14917127071823177,1.0
2025-06-09,300978,4.5757864632983924,95.5542,84.6411,88.2835,91.4434,90.5422,0.5901117282493111,1.0,0.0,0.8197765435013777,1.0
2025-06-09,301056,2.2900763358778553,50.5481,44.503,53.5127,60.4385,57.4707,0.7967741935483872,1.0,1.0,0.4064516129032256,1.0
2025-06-09,301098,3.703703703703698,82.704,69.4065,74.3793,86.1632,82.7848,0.8378378378378377,1.0,1.0,0.32432432432432456,1.0
2025-06-09,301102,1.4367816091954033,17.8441,27.8029,37.4909,29.2753,29.2753,0.3236196319018404,1.0,0.0,1.0,1.0
2025-06-09,601083,1.0471204188481575,2.6188,12.4235,1.8331,2.095,2.095,0.4835766423357668,0.0,0.0,1.0,1.0
2025-06-09,601133,2.0210896309314386,39.6468,39.0867,47.4913,46.7174,45.4021,0.6315350928186797,1.0,0.0,0.7369298143626406,1.0
2025-06-09,603065,1.925254813137034,36.1145,38.6654,54.8277,48.8916,48.7785,0.5113122171945701,1.0,1.0,0.9773755656108598,1.0
2025-06-09,605069,1.1701170117011772,7.1255,11.4789,26.5448,25.7004,23.5896,0.71107544141252,1.0,1.0,0.57784911717496,1.0
2025-06-09,605155,1.1082693947144007,4.5676,15.3402,3.1973,3.6541,3.6541,0.4156949197156528,0.0,0.0,1.0,1.0
2025-06-11,001331,1.4329580348004134,20.7533,23.1684,14.5273,16.6027,16.6027,0.6717117117117117,0.0,0.0,0.6565765765765765,1.0
2025-06-11,002200,1.9305019305019266,42.6145,40.8206,29.8301,34.0916,34.0916,0.6635514018691586,0.0,0.0,0.6728971962616828,1.0
2025-06-11,002887,1.6497461928933976,31.2408,32.4194,46.7222,44.9926,43.706,0.6286594432310632,1.0,1.0,0.7426811135378737,1.0
2025-06-11,002972,1.4480408858603022,21.6396,19.9481,30.4206,37.3117,33.6299,0.8681789138740772,1.0,1.0,0.2636421722518456,1.0
2025-06-11,300749,1.2224938875305513,11.1521,13.159,7.8065,8.9217,8.9217,0.788135593220339,0.0,0.0,0.423728813559322,1.0
2025-06-11,300978,1.5740740740740833,29.0251,29.9753,38.8279,38.2201,36.5977,0.6622418562757274,1.0,0.0,0.6755162874485452,1.0
2025-06-11,301098,3.415154749199578,83.3826,71.7481,78.4518,86.7061,84.2271,0.7478991596638654,1.0,1.0,0.5042016806722691,1.0
2025-06-11,301102,1.5137180700094621,24.5938,32.4023,42.2157,34.675,34.675,0.3636363636363637,1.0,0.0,1.0,1.0
2025-06-11,301265,2.373581011351922,59.6012,51.6955,59.75,67.6809,64.6882,0.7992700729927005,1.0,1.0,0.40145985401459905,1.0
2025-06-11,603065,1.3131313131313105,15.4357,17.2807,30.6693,32.3486,29.8147,0.7533936651583713,1.0,1.0,0.4932126696832575,1.0
2025-06-12,300517,2.3550724637681375,59.0498,48.3461,53.5474,67.2398,62.793,0.9446857594130685,1.0,1.0,0.11062848117386292,1.0
2025-06-12,300635,1.4638609332113361,23.1523,26.5738,42.3105,38.5219,37.5478,0.5974025974025974,1.0,1.0,0.8051948051948052,1.0
2025-06-12,300736,1.2707722385141729,13.3484,22.4054,39.3439,30.6787,30.6787,0.413664596273292,1.0,1.0,1.0,1.0
2025-06-12,300978,1.8231540565177617,38.537,36.7936,43.904,45.8296,43.8116,0.7017970877740847,1.0,0.0,0.5964058244518307,1.0
2025-06-12,301098,3.50877192982455,85.2941,71.4846,76.2045,88.2353,84.8599,0.8375350140056022,1.0,1.0,0.3249299719887957,1.0
2025-06-12,301102,1.3047530288909703,15.0075,24.2138,35.5053,27.006,27.006,0.3896103896103895,1.0,0.0,1.0,1.0
2025-06-16,000929,4.964539007092195,98.9379,86.0806,93.117,99.1503,97.6154,0.6534883720930236,1.0,1.0,0.6930232558139529,1.0
2025-06-16,001366,1.4505119453924964,22.9575,25.4713,40.2808,38.366,36.9186,0.6447368421052633,1.0,1.0,0.7105263157894735,1.0
2025-06-16,002200,4.993429697766105,99.7549,87.2806,69.8284,79.8039,79.8039,0.6261682242990654,0.0,0.0,0.7476635514018692,1.0
2025-06-16,002209,1.112061591103508,5.8007,10.4403,4.0605,4.6405,4.6405,0.710009918525722,0.0,0.0,0.5799801629485559,1.0
2025-06-16,002848,1.9736842105263275,45.6699,47.9683,61.969,56.5359,56.5359,0.428380187416332,1.0,1.0,1.0,1.0
2025-06-16,003003,1.5544041450777257,28.7582,34.5254,20.1307,23.0065,23.0065,0.4240592752868214,0.0,0.0,1.0,1.0
2025-06-16,300243,4.924623115577886,97.9575,86.1626,94.1635,98.366,97.2643,0.6101694915254235,1.0,1.0,0.7796610169491529,1.0
2025-06-16,300500,1.2121212121211977,10.7026,17.0217,7.4918,8.5621,8.5621,0.5770197044334561,0.0,0.0,0.8459605911330879,1.0
2025-06-16,300635,2.5547445255474477,66.585,59.9755,70.0246,73.268,71.6218,0.6646216768916158,1.0,1.0,0.6707566462167684,1.0
2025-06-16,300686,1.9015659955257336,42.5654,42.7567,52.2047,49.0523,48.4045,0.5647773279352225,1.0,0.0,0.870445344129555,1.0
2025-06-16,300736,1.5825914935707175,30.4739,36.4039,51.3317,44.3791,44.3791,0.3987577639751552,1.0,1.0,1.0,1.0
2025-06-16,300845,2.909796314257984,75.0817,68.0381,78.5026,80.0654,79.0517,0.601364628765251,1.0,1.0,0.797270742469498,1.0
2025-06-16,301102,2.192564346997128,54.8203,56.6801,63.3742,58.8562,58.8562,0.3588039867109636,1.0,0.0,1.0,1.0
2025-06-16,605069,1.8286814244465877,39.951,40.0507,27.9657,31.9608,31.9608,0.5955056179775282,0.0,0.0,0.8089887640449436,1.0
2025-06-17,000668,3.802281368821281,88.6623,77.8038,85.8115,90.9299,89.3668,0.6563039723661483,1.0,1.0,0.6873920552677033,1.0
2025-06-17,001299,3.116651825467498,78.8744,64.8202,68.6534,83.0995,78.9598,0.9139665380611828,1.0,1.0,0.17206692387763445,1.0
2025-06-17,002200,1.001251564455563,0.0816,5.7662,0.0571,0.0653,0.0653,0.7149532710280373,0.0,0.0,0.5700934579439254,1.0
2025-06-23,000586,2.448579823702257,64.0306,62.7139,44.8214,51.2245,51.2245,0.42553191489361714,0.0,0.0,1.0,1.0
2025-06-23,001299,1.7070979335130243,35.119,33.6329,45.6587,48.0952,45.8641,0.7231156957975038,1.0,1.0,0.5537686084049924,1.0
2025-06-23,001331,2.7184466019417375,70.4932,62.8162,72.1885,76.3946,74.6054,0.6789185905224788,1.0,1.0,0.6421628189550423,1.0
2025-06-23,001366,1.6435986159169413,32.2279,31.3823,22.5595,25.7823,25.7823,0.7200000000000003,0.0,0.0,0.5599999999999994,1.0
2025-06-23,002200,1.9631901840490906,45.4932,41.3478,31.8452,36.3946,36.3946,0.7523364485981308,0.0,0.0,0.4953271028037385,1.0
2025-06-23,002205,2.0408163265306145,49.0646,47.8461,61.534,59.2517,58.5489,0.5702811244979918,1.0,1.0,0.8594377510040163,1.0
2025-06-23,002209,1.5775635407537125,30.3571,31.2037,21.25,24.2857,24.2857,0.6540993941739436,0.0,0.0,0.6918012116521128,1.0
2025-06-23,002887,3.5110533159947943,85.7993,78.429,60.0595,68.6395,68.6395,0.5105213473639045,0.0,0.0,0.9789573052721909,1.0
2025-06-23,002910,2.1714285714285575,53.9966,57.4616,37.7976,43.1973,43.1973,0.286783042394015,0.0,0.0,1.0,1.0
2025-06-23,002972,1.6157989228007263,31.2075,30.7661,21.8452,24.966,24.966,0.7099936105229699,0.0,0.0,0.5800127789540601,1.0
2025-06-23,003003,1.6559337626494974,33.0782,39.5385,23.1548,26.4626,26.4626,0.3462046349707305,0.0,0.0,1.0,1.0
2025-06-23,300243,4.079601990049753,91.7517,80.633,88.6895,93.4014,92.0172,0.6384180790960454,1.0,1.0,0.7231638418079092,1.0
2025-06-23,300371,2.764537654909427,71.8537,64.4039,50.2976,57.483,57.483,0.6539558643630262,0.0,0.0,0.6920882712739476,1.0
2025-06-23,300417,3.051438535309492,77.551,72.3991,54.2857,62.0408,62.0408,0.48208469055374603,0.0,0.0,1.0,1.0
2025-06-23,300437,1.3683010262257822,17.9422,23.0219,39.8959,34.3537,33.6878,0.5665914221218962,1.0,1.0,0.8668171557562077,1.0
2025-06-23,300610,3.1775700934579376,80.3571,72.1769,56.25,64.2857,64.2857,0.6054421768707484,0.0,0.0,0.7891156462585032,1.0
2025-06-23,300626,2.628918099089983,67.9422,61.943,47.5595,54.3537,54.3537,0.6205357142857144,0.0,0.0,0.7589285714285712,1.0
2025-06-23,300665,3.1207598371777445,79.3367,67.31,73.2169,83.4694,80.3897,0.8079710144927535,1.0,1.0,0.3840579710144929,1.0
2025-06-23,300686,1.4054054054054133,19.983,21.7988,30.6128,30.9864,28.8926,0.7093821510297483,1.0,0.0,0.5812356979405033,1.0
2025-06-23,300736,3.412616339193386,84.0986,77.5936,58.869,67.2789,67.2789,0.48426573426573427,0.0,0.0,1.0,1.0
2025-06-23,300845,2.952755905511828,75.4252,68.8882,52.7976,60.3401,60.3401,0.5725983306817434,0.0,0.0,0.8548033386365133,1.0
2025-06-23,300929,2.393340270551514,62.1599,54.645,43.5119,49.7279,49.7279,0.7541436464088396,0.0,0.0,0.49171270718232085,1.0
2025-06-23,301032,1.018675721561979,1.1054,14.9727,0.7738,0.8844,0.8844,0.29558427946443977,0.0,0.0,1.0,1.0
2025-06-23,301056,1.2903225806451424,15.051,16.9404,30.335,32.0408,29.4906,0.7550184084198068,1.0,1.0,0.48996318316038634,1.0
2025-06-23,301098,2.2538552787663146,56.8878,56.2835,39.8214,45.5102,45.5102,0.4613333333333333,0.0,0.0,1.0,1.0
2025-06-23,301102,1.644100580270802,32.398,38.1424,47.6786,40.9184,40.9184,0.3887984399365408,1.0,0.0,1.0,1.0
2025-06-23,301126,2.3483365949119372,60.2891,61.208,42.2024,48.2313,48.2313,0.3511627906976745,0.0,0.0,1.0,1.0
2025-06-23,301198,2.519379844961245,65.9014,64.0716,46.131,52.7211,52.7211,0.43247588424437305,0.0,0.0,1.0,1.0
2025-06-23,301265,2.5316455696202445,66.5816,61.5493,46.6071,53.2653,53.2653,0.5857988165680473,0.0,0.0,0.8284023668639053,1.0
2025-06-23,600689,3.051438535309492,77.551,71.1174,54.2857,62.0408,62.0408,0.5461689587426328,0.0,0.0,0.9076620825147343,1.0
2025-06-23,600697,3.2173913043478164,80.5272,79.0717,56.369,64.4218,64.4218,0.26750448833034113,0.0,0.0,1.0,1.0
2025-06-23,600768,2.1967526265520343,55.1871,49.0583,38.631,44.1497,44.1497,0.7545691906005223,0.0,0.0,0.4908616187989554,1.0
2025-06-23,600847,2.901554404145079,74.7449,67.3469,52.3214,59.7959,59.7959,0.6224489795918368,0.0,0.0,0.7551020408163265,1.0
2025-06-23,601133,1.6187050359712352,31.3776,33.9123,44.5847,40.102,39.5071,0.5594892066814081,1.0,0.0,0.8810215866371838,1.0
2025-06-23,603065,1.2396694214876103,12.6701,15.5854,29.7677,30.1361,27.8607,0.7275345348979934,1.0,1.0,0.5449309302040133,1.0
2025-06-23,605069,2.114803625377659,52.1259,51.2673,36.4881,41.7007,41.7007,0.521669341894061,0.0,0.0,0.956661316211878,1.0
2025-06-24,000586,2.1988527724665197,54.0472,54.0179,67.8331,63.2378,63.2378,0.46099290780141855,1.0,1.0,1.0,1.0
2025-06-24,001322,3.5670356703566997,85.5818,75.6803,59.9073,68.4654,68.4654,0.6392552025579293,0.0,0.0,0.7214895948841413,1.0
2025-06-24,002144,2.5962399283796067,66.0202,62.855,46.2142,52.8162,52.8162,0.4980606709229722,0.0,0.0,1.0,1.0
2025-06-24,002871,3.1548757170172026,78.3305,66.3026,72.1078,82.6644,79.4835,0.818089714634282,1.0,1.0,0.3638205707314359,1.0
2025-06-24,002910,2.3489932885906173,59.5278,61.4128,41.6695,47.6223,47.6223,0.31047381546134656,0.0,0.0,1.0,1.0
2025-06-24,002972,3.445229681978801,83.5582,71.6976,78.1928,86.8465,84.2721,0.7574492015283021,1.0,1.0,0.48510159694339583,1.0
2025-06-24,003003,2.35294117647058,59.7808,60.5058,41.8465,47.8246,47.8246,0.36594243110720437,0.0,0.0,1.0,1.0
2025-06-24,300243,3.2504780114722687,79.511,68.524,75.4882,83.6088,81.0664,0.7542372881355934,1.0,1.0,0.49152542372881314,1.0
2025-06-24,300371,4.267161410018572,92.4958,79.3069,64.747,73.9966,73.9966,0.7344843314171784,0.0,0.0,0.5310313371656432,1.0
2025-06-24,300500,3.64444444444445,86.2563,78.3794,60.3794,69.0051,69.0051,0.5312815083685811,0.0,0.0,0.9374369832628378,1.0
2025-06-24,300610,2.6268115942029047,67.032,59.9748,46.9224,53.6256,53.6256,0.6825396825396822,0.0,0.0,0.6349206349206356,1.0
2025-06-24,300626,3.4482758620689724,83.7268,73.41,58.6088,66.9815,66.9815,0.6785714285714286,0.0,0.0,0.6428571428571428,1.0
2025-06-24,300665,3.421052631578947,82.8836,68.4808,72.3664,86.3069,82.3939,0.8913043478260867,1.0,1.0,0.2173913043478266,1.0
2025-06-24,300686,1.492537313432818,24.199,24.5766,37.3741,39.3592,36.9679,0.739130434782609,1.0,1.0,0.521739130434782,1.0
2025-06-24,300736,4.600000000000004,95.0253,85.1811,94.8394,96.0202,95.6007,0.541958041958042,1.0,1.0,0.916083916083916,1.0
2025-06-24,300749,4.609475032010257,95.1939,82.1667,66.6358,76.1551,76.1551,0.6994219653179191,0.0,0.0,0.6011560693641618,1.0
2025-06-24,300845,1.7208413001912115,34.9916,35.3906,24.4941,27.9933,27.9933,0.6301309268487585,0.0,0.0,0.739738146302483,1.0
2025-06-24,300929,4.878048780487809,97.2175,81.4204,85.3451,97.774,94.5972,0.8176795580110497,1.0,1.0,0.3646408839779005,1.0
2025-06-24,300931,3.4285714285714253,83.0523,70.7555,71.764,81.4418,78.5987,0.7843137254901962,1.0,0.0,0.43137254901960764,1.0
2025-06-24,300978,4.861773117254531,96.8803,84.8733,87.5543,92.5042,91.1887,0.6315481450028945,1.0,0.0,0.7369037099942111,1.0
2025-06-24,301098,2.2041763341067444,54.2159,53.1327,37.9511,43.3727,43.3727,0.5119999999999999,0.0,0.0,0.9760000000000002,1.0
2025-06-24,301102,1.3320647002854402,15.5143,23.9829,35.86,27.4115,27.4115,0.4214269950326168,1.0,0.0,1.0,1.0
2025-06-24,301126,4.0152963671128195,90.4722,84.2382,63.3305,72.3777,72.3777,0.4069767441860466,0.0,0.0,1.0,1.0
2025-06-24,301198,3.875236294896034,88.7858,81.5431,87.1501,86.0287,86.0287,0.47427652733118975,1.0,0.0,1.0,1.0
2025-06-24,301265,1.8518518518518379,40.5565,39.3091,52.1174,52.4452,50.8771,0.6568047337278107,1.0,1.0,0.6863905325443787,1.0
2025-06-24,301355,1.5358361774743923,26.3912,31.2249,48.4739,41.113,41.113,0.4944029850746272,1.0,1.0,1.0,1.0
2025-06-24,301408,1.6170212765957315,30.2698,34.1648,21.1889,24.2159,24.2159,0.5025510204081635,0.0,0.0,0.9948979591836731,1.0
2025-06-24,600768,3.2710280373831946,79.8482,67.5862,73.3089,83.8786,80.7324,0.8146214099216708,1.0,1.0,0.3707571801566585,1.0
2025-06-24,600847,4.733131923464251,96.0371,82.9521,67.226,76.8297,76.8297,0.6938775510204079,0.0,0.0,0.6122448979591841,1.0
2025-06-24,601133,1.415929203539834,19.3086,23.2595,34.1413,30.4469,29.3532,0.6093671278533656,1.0,0.0,0.7812657442932689,1.0
2025-06-24,605069,1.972386587771191,44.7723,44.7103,31.3406,35.8179,35.8179,0.5553772070626004,0.0,0.0,0.8892455858747992,1.0
2025-06-24,605155,2.3076923076923217,57.7572,57.9854,65.43,61.2057,61.2057,0.4110160568570058,1.0,0.0,1.0,1.0
2025-06-25,002205,1.2333965844402384,11.402,13.3964,26.531,29.1216,26.259,0.7862595419847325,1.0,1.0,0.42748091603053506,1.0
2025-06-25,002871,1.8535681186283792,40.625,34.3982,42.2339,52.5,48.4491,0.9050902858961468,1.0,1.0,0.18981942820770636,1.0
2025-06-25,300313,4.047976011994003,90.4561,76.7796,82.1487,92.3649,89.5722,0.7792642140468227,1.0,1.0,0.44147157190635467,1.0
2025-06-25,300845,1.1278195488721776,5.3209,10.9637,3.7247,4.2568,4.2568,0.6646504845489675,0.0,0.0,0.6706990309020651,1.0
2025-06-25,301102,1.4084507042253502,19.3412,26.1498,38.5389,30.473,30.473,0.4661580307665302,1.0,0.0,1.0,1.0
2025-06-25,605069,1.1605415860735047,7.348,14.1288,5.1436,5.8784,5.8784,0.5874799357945425,0.0,0.0,0.825040128410915,1.0
