origin,col,signal_date,code,yin_volume,yin_close,anchor_low,opportunity_net_pct,status,last_date,base_day,trigger,base_low,last_volume,contraction,base_date,prior_origin,confirm_date,confirm_close,risk,clv,confirm_rank,entry_idx,entry_date,entry_price,entry_factor,basis,stop_price,hold_days_target,exit_date,exit_reason,exit_price
242,797,2024-01-02,002347,119419400.0,24.974115745934547,22.22106361646145,0.0,expired,2024-01-09,,,,,,,,,,,,,,,,,,,,,,
242,1614,2024-01-02,600319,41467600.0,8.504502968965086,7.724678302260675,0.0,expired,2024-01-09,,,,,,,,,,,,,,,,,,,,,,
242,2981,2024-01-02,605389,6887000.0,38.80111737010588,34.37871796880457,0.0,failed_first_breakout,2024-01-05,244.0,38.72861901926487,37.713642107490806,2128700.0,0.3314142587483665,2024-01-04,,,,,,,,,,,,,,,,
243,209,2024-01-03,000705,121921700.0,61.59505521128647,55.1530035653354,0.0,expired,2024-01-10,,,,,,,,,,,,,,,,,,,,,,
243,465,2024-01-03,001339,38007400.0,32.627132007232895,32.45688607594899,0.0,expired,2024-01-10,,,,,,,,,,,,,,,,,,,,,,
243,954,2024-01-03,002529,30238600.0,16.060189559035415,15.527448643242169,0.0,expired,2024-01-10,,,,,,,,,,,,,,,,,,,,,,
243,2158,2024-01-03,601166,103228700.0,75.39183986749065,74.78179126438216,0.0,impulse_support_broken,2024-01-03,,,,,,,,,,,,,,,,,,,,,,
243,2744,2024-01-03,603711,10894200.0,17.63657453207034,17.0097324252076,0.0,expired,2024-01-10,,,,,,,,,,,,,,,,,,,,,,
244,191,2024-01-04,000678,60043900.0,30.988705201035692,28.71798111302877,0.0,expired,2024-01-11,,,,,,,,,,,,,,,,,,,,,,
244,716,2024-01-04,002255,154760000.0,24.327373194267974,22.081769514797084,0.0,expired,2024-01-11,249.0,23.869935407709093,22.372866288061832,37460500.0,0.2550252003101577,2024-01-11,,,,,,,,,,,,,,,,
244,931,2024-01-04,002495,168332200.0,33.59597835007389,31.265621470299983,0.0,impulse_support_broken,2024-01-05,,,,,,,,,,,,,,,,,,,,,,
244,1800,2024-01-04,600592,78399500.0,44.13789503696595,39.693095302564224,0.0,impulse_support_broken,2024-01-05,,,,,,,,,,,,,,,,,,,,,,
244,2520,2024-01-04,603261,6188800.0,36.1696555671179,34.351069533017,0.0,expired,2024-01-11,,,,,,,,,,,,,,,,,,,,,,
244,2668,2024-01-04,603586,20971500.0,19.98206484079526,18.706862810557155,0.0,expired,2024-01-11,,,,,,,,,,,,,,,,,,,,,,
245,357,2024-01-05,000953,53333000.0,15.356080816808777,14.469651703444605,0.0,impulse_support_broken,2024-01-08,,,,,,,,,,,,,,,,,,,,,,
245,1453,2024-01-05,600088,59992700.0,57.85423592272326,53.05110647345847,0.0,impulse_support_broken,2024-01-10,247.0,56.87916453076725,53.73726782335344,19267400.0,0.3642568179128461,2024-01-09,,,,,,,,,,,,,,,,
245,1895,2024-01-05,600716,60319600.0,19.27619882354971,17.60208726319179,0.0,expired,2024-01-12,,,,,,,,,,,,,,,,,,,,,,
245,1981,2024-01-05,600825,64100600.0,61.72700907461313,57.12623821190904,0.0,expired,2024-01-12,,,,,,,,,,,,,,,,,,,,,,
245,2984,2024-01-05,605488,33077500.0,28.086175761297966,26.21580816147354,0.0,impulse_support_broken,2024-01-05,,,,,,,,,,,,,,,,,,,,,,
246,174,2024-01-08,000635,36591100.0,41.833227211070714,46.10285083521908,0.0,impulse_support_broken,2024-01-08,,,,,,,,,,,,,,,,,,,,,,
246,201,2024-01-08,000691,28818600.0,18.344077936333903,16.38530351262367,0.0,impulse_support_broken,2024-01-10,,,,,,,,,,,,,,,,,,,,,,
246,283,2024-01-08,000820,105364100.0,9.066298850574773,9.605272030651406,0.0,impulse_support_broken,2024-01-08,,,,,,,,,,,,,,,,,,,,,,
246,1163,2024-01-08,002780,38577100.0,28.426043661214266,25.628435785403088,0.0,expired,2024-01-15,,,,,,,,,,,,,,,,,,,,,,
246,1255,2024-01-08,002888,39637200.0,52.10718894881678,50.41722606399029,0.0,impulse_support_broken,2024-01-08,,,,,,,,,,,,,,,,,,,,,,
246,2359,2024-01-08,603048,14949500.0,20.250403082252,18.817108627491997,0.0,expired,2024-01-15,,,,,,,,,,,,,,,,,,,,,,
246,2611,2024-01-08,603390,48230400.0,10.89311616961249,10.048136130287409,0.0,expired,2024-01-15,,,,,,,,,,,,,,,,,,,,,,
246,2836,2024-01-08,603908,4653500.0,45.162636454102675,41.67157978411277,0.0,expired,2024-01-15,,,,,,,,,,,,,,,,,,,,,,
247,147,2024-01-09,000590,49434400.0,53.699540867100005,47.76731493077291,0.0,impulse_support_broken,2024-01-10,,,,,,,,,,,,,,,,,,,,,,
247,642,2024-01-09,002172,144270400.0,12.470693877551087,11.687510204081695,0.0,expired,2024-01-16,,,,,,,,,,,,,,,,,,,,,,
247,2743,2024-01-09,603709,12543700.0,23.450354412059458,23.166929214225842,0.0,impulse_support_broken,2024-01-09,,,,,,,,,,,,,,,,,,,,,,
248,1560,2024-01-10,600234,21870400.0,19.6392,18.157439999999998,0.0,expired,2024-01-17,,,,,,,,,,,,,,,,,,,,,,
248,1941,2024-01-10,600775,117506200.0,17.546174730632465,16.224705504057635,0.0,impulse_support_broken,2024-01-10,,,,,,,,,,,,,,,,,,,,,,
248,1981,2024-01-10,600825,155973700.0,66.45557912794789,59.426623643261095,0.0,duplicate_active_origin,2024-01-10,,,,,,,2024-01-05,,,,,,,,,,,,,,,
248,2964,2024-01-10,605303,21711100.0,13.313515987585486,12.547784623268836,0.0,impulse_support_broken,2024-01-10,,,,,,,,,,,,,,,,,,,,,,
249,541,2024-01-11,002058,12577600.0,32.36229736952047,30.406727447412376,0.0,impulse_support_broken,2024-01-18,,,,,,,,,,,,,,,,,,,,,,
249,797,2024-01-11,002347,214608400.0,27.530521294731,27.17655744951303,0.0,impulse_support_broken,2024-01-11,,,,,,,,,,,,,,,,,,,,,,
249,953,2024-01-11,002527,67899100.0,27.751806764546195,25.655748851816117,0.0,impulse_support_broken,2024-01-17,,,,,,,,,,,,,,,,,,,,,,
249,1027,2024-01-11,002611,175401400.0,35.73724588952475,33.164720407204875,0.0,expired,2024-01-18,252.0,37.058272488553875,35.73724588952475,44932800.0,0.28700483576527897,2024-01-16,,,,,,,,,,,,,,,,
249,1245,2024-01-11,002877,61991200.0,30.810152176325502,28.23330308521464,0.0,impulse_support_broken,2024-01-18,,,,,,,,,,,,,,,,,,,,,,
249,1254,2024-01-11,002887,29855800.0,39.65255618894585,38.30323759195648,0.0,impulse_support_broken,2024-01-17,,,,,,,,,,,,,,,,,,,,,,
249,1614,2024-01-11,600319,38704400.0,8.72520806331539,8.151374818004598,0.0,expired,2024-01-18,,,,,,,,,,,,,,,,,,,,,,
249,1733,2024-01-11,600506,38750200.0,20.083816350123413,19.168503715936808,0.0,impulse_support_broken,2024-01-16,,,,,,,,,,,,,,,,,,,,,,
249,2488,2024-01-11,603211,28842600.0,19.55799337149692,18.58360952093955,0.0,impulse_support_broken,2024-01-18,,,,,,,,,,,,,,,,,,,,,,
249,2610,2024-01-11,603389,24961100.0,8.927583292451144,8.325861722533531,0.0,impulse_support_broken,2024-01-17,,,,,,,,,,,,,,,,,,,,,,
249,2705,2024-01-11,603656,35587400.0,32.45981195269966,31.082479843243753,0.0,expired,2024-01-18,,,,,,,,,,,,,,,,,,,,,,
249,2981,2024-01-11,605389,11810100.0,40.6280758112992,36.321673771343505,0.0,expired,2024-01-18,,,,,,,,,,,,,,,,,,,,,,
250,655,2024-01-12,002186,64370600.0,32.29918675414155,27.664645608403802,0.0,expired,2024-01-19,,,,,,,,,,,,,,,,,,,,,,
250,1829,2024-01-12,600628,50971200.0,377.16341021919783,348.4503247960589,0.0,impulse_support_broken,2024-01-17,,,,,,,,,,,,,,,,,,,,,,
250,1895,2024-01-12,600716,81806200.0,19.467525859019183,17.984741334130742,0.0,duplicate_active_origin,2024-01-12,,,,,,,2024-01-05,,,,,,,,,,,,,,,
250,2390,2024-01-12,603085,29485500.0,27.88429696600894,25.119564972212014,0.0,impulse_support_broken,2024-01-17,,,,,,,,,,,,,,,,,,,,,,
251,20,2024-01-15,000032,48216700.0,74.57140874249842,70.8805853626672,0.0,impulse_support_broken,2024-01-22,,,,,,,,,,,,,,,,,,,,,,
251,169,2024-01-15,000628,59028100.0,143.72030512186382,142.7984097782376,0.0,expired,2024-01-22,,,,,,,,,,,,,,,,,,,,,,
251,565,2024-01-15,002085,151137500.0,42.28918313165332,37.61723528091828,0.0,expired,2024-01-22,,,,,,,,,,,,,,,,,,,,,,
251,605,2024-01-15,002132,138858100.0,19.91094506176712,18.95138144433256,0.0,impulse_support_broken,2024-01-18,,,,,,,,,,,,,,,,,,,,,,
251,1017,2024-01-15,002599,69558900.0,24.87539457099329,22.808284317910747,0.0,impulse_support_broken,2024-01-18,,,,,,,,,,,,,,,,,,,,,,
251,1381,2024-01-15,003029,24370200.0,22.571703768692405,19.9203920298856,0.0,impulse_support_broken,2024-01-22,,,,,,,,,,,,,,,,,,,,,,
251,1384,2024-01-15,003032,54782600.0,15.20313584408564,14.010536526059147,0.0,impulse_support_broken,2024-01-19,,,,,,,,,,,,,,,,,,,,,,
251,2813,2024-01-15,603877,23949800.0,23.2252069312941,22.237678447601276,0.0,impulse_support_broken,2024-01-16,,,,,,,,,,,,,,,,,,,,,,
251,2973,2024-01-15,605365,28257900.0,22.221781111585617,20.389693553520658,0.0,impulse_support_broken,2024-01-17,,,,,,,,,,,,,,,,,,,,,,
252,399,2024-01-16,001212,7700500.0,34.40080072048356,31.592572090240004,0.0,expired,2024-01-23,,,,,,,,,,,,,,,,,,,,,,
252,1060,2024-01-16,002651,52918200.0,22.153462384236732,20.745403334391177,0.0,impulse_support_broken,2024-01-17,,,,,,,,,,,,,,,,,,,,,,
252,1375,2024-01-16,003022,36272700.0,24.88176422448673,23.058875615527008,0.0,impulse_support_broken,2024-01-22,,,,,,,,,,,,,,,,,,,,,,
252,2411,2024-01-16,603109,29451200.0,26.994301096033627,24.271191774942515,0.0,impulse_support_broken,2024-01-19,,,,,,,,,,,,,,,,,,,,,,
253,99,2024-01-17,000523,102883600.0,22.0105294829871,21.343543741078403,0.0,impulse_support_broken,2024-01-17,,,,,,,,,,,,,,,,,,,,,,
253,396,2024-01-17,001209,19628100.0,29.098242926376624,27.28599675717989,0.0,impulse_support_broken,2024-01-22,,,,,,,,,,,,,,,,,,,,,,
253,806,2024-01-17,002356,66526600.0,29.93428829753047,28.390715420309746,0.0,impulse_support_broken,2024-01-18,,,,,,,,,,,,,,,,,,,,,,
253,2472,2024-01-17,603192,12514100.0,30.11787052128281,26.937379143920527,0.0,impulse_support_broken,2024-01-19,,,,,,,,,,,,,,,,,,,,,,
253,2490,2024-01-17,603213,32152300.0,13.4225601900973,11.835867771459599,0.0,impulse_support_broken,2024-01-22,,,,,,,,,,,,,,,,,,,,,,
253,2705,2024-01-17,603656,26482700.0,34.12494480144487,31.884210474121073,0.0,duplicate_active_origin,2024-01-17,,,,,,,2024-01-11,,,,,,,,,,,,,,,
254,575,2024-01-18,002097,152809200.0,33.79994579283078,29.7831406406393,0.0,expired,2024-01-25,,,,,,,,,,,,,,,,,,,,,,
254,2341,2024-01-18,603026,7679500.0,48.4715036940435,45.2400701144406,0.0,impulse_support_broken,2024-01-22,,,,,,,,,,,,,,,,,,,,,,
254,2964,2024-01-18,605303,16492000.0,13.660647539409036,12.905125926616607,0.0,impulse_support_broken,2024-01-19,,,,,,,,,,,,,,,,,,,,,,
255,24,2024-01-19,000037,49899600.0,52.356877623141,48.30230460855433,0.0,expired,2024-01-26,,,,,,,,,,,,,,,,,,,,,,
255,568,2024-01-19,002090,46936100.0,60.060133610654546,56.04837250790995,0.0,impulse_support_broken,2024-01-19,,,,,,,,,,,,,,,,,,,,,,
255,1030,2024-01-19,002614,100272400.0,45.37210203073468,41.64871733888073,0.0,impulse_support_broken,2024-01-23,,,,,,,,,,,,,,,,,,,,,,
255,2165,2024-01-19,601188,122495000.0,6.023470125495375,5.389420638601125,0.0,impulse_support_broken,2024-01-23,,,,,,,,,,,,,,,,,,,,,,
255,2684,2024-01-19,603610,37683700.0,34.042179781802325,31.086421657035057,0.0,impulse_support_broken,2024-01-22,,,,,,,,,,,,,,,,,,,,,,
255,2929,2024-01-19,605155,17100100.0,25.19217942208583,22.58558975933822,0.0,impulse_support_broken,2024-01-22,,,,,,,,,,,,,,,,,,,,,,
256,399,2024-01-22,001212,11131200.0,36.75865306097107,34.45378616633721,0.0,duplicate_active_origin,2024-01-22,,,,,,,2024-01-16,,,,,,,,,,,,,,,
256,785,2024-01-22,002333,114666000.0,26.74825070854142,26.0414123727107,0.0,impulse_support_broken,2024-01-22,,,,,,,,,,,,,,,,,,,,,,
256,2490,2024-01-22,603213,23283200.0,12.97228261183525,12.5220050335732,0.0,duplicate_active_origin,2024-01-22,,,,,,,2024-01-17,,,,,,,,,,,,,,,
256,2529,2024-01-22,603276,15042300.0,24.9,26.0,0.0,impulse_support_broken,2024-01-22,,,,,,,,,,,,,,,,,,,,,,
256,2721,2024-01-22,603679,38702800.0,22.26979720551595,20.02863290075702,0.0,impulse_support_broken,2024-01-23,,,,,,,,,,,,,,,,,,,,,,
257,174,2024-01-23,000635,65514400.0,45.46694944438847,46.32995847480144,0.0,impulse_support_broken,2024-01-23,,,,,,,,,,,,,,,,,,,,,,
257,517,2024-01-23,002033,78781100.0,51.58235460120076,46.84578900512186,0.0,expired,2024-01-30,,,,,,,,,,,,,,,,,,,,,,
257,992,2024-01-23,002571,47327600.0,25.551863780131367,25.79329871348694,0.0,impulse_support_broken,2024-01-23,,,,,,,,,,,,,,,,,,,,,,
257,2389,2024-01-23,603083,70966400.0,82.09553671407267,82.38476218217103,0.0,impulse_support_broken,2024-01-30,,,,,,,,,,,,,,,,,,,,,,
257,2676,2024-01-23,603600,48982523.0,39.29532823226131,34.6926085110323,0.0,impulse_support_broken,2024-01-30,,,,,,,,,,,,,,,,,,,,,,
258,11,2024-01-24,000020,36808100.0,37.66070523299329,33.71415209675629,0.0,expired,2024-01-31,,,,,,,,,,,,,,,,,,,,,,
259,349,2024-01-25,000936,123541000.0,57.05431580113723,49.54016931450727,0.0,impulse_support_broken,2024-01-30,,,,,,,,,,,,,,,,,,,,,,
259,2284,2024-01-25,601886,42162200.0,16.65681736985536,15.90906550650272,0.0,expired,2024-02-01,,,,,,,,,,,,,,,,,,,,,,
260,642,2024-01-26,002172,73235700.0,11.446530612244958,10.332000000000056,0.0,impulse_support_broken,2024-01-31,,,,,,,,,,,,,,,,,,,,,,
260,1874,2024-01-26,600689,32765800.0,30.81898027340966,27.425373147055417,0.0,impulse_support_broken,2024-02-01,,,,,,,,,,,,,,,,,,,,,,
260,2249,2024-01-26,601700,38553800.0,29.781042980385536,28.844532194838823,0.0,impulse_support_broken,2024-01-29,,,,,,,,,,,,,,,,,,,,,,
261,535,2024-01-29,002051,70069400.0,45.09031375571396,39.550019729768565,0.0,impulse_support_broken,2024-02-05,,,,,,,,,,,,,,,,,,,,,,
261,1267,2024-01-29,002902,29362600.0,31.305296082871976,28.535049862772574,0.0,impulse_support_broken,2024-01-30,,,,,,,,,,,,,,,,,,,,,,
261,1592,2024-01-29,600284,138090800.0,26.622122606625346,23.025540583167604,0.0,impulse_support_broken,2024-02-02,,,,,,,,,,,,,,,,,,,,,,
261,1632,2024-01-29,600345,10545500.0,35.5632805148083,31.507468186434092,0.0,impulse_support_broken,2024-02-02,,,,,,,,,,,,,,,,,,,,,,
261,1693,2024-01-29,600444,14911600.0,29.82422379561568,27.078367497152485,0.0,impulse_support_broken,2024-01-31,,,,,,,,,,,,,,,,,,,,,,
261,1954,2024-01-29,600791,31402000.0,37.18679364951314,32.98114436772296,0.0,impulse_support_broken,2024-01-31,,,,,,,,,,,,,,,,,,,,,,
261,2414,2024-01-29,603112,9587100.0,11.532406865981786,11.218457495764497,0.0,impulse_support_broken,2024-01-30,,,,,,,,,,,,,,,,,,,,,,
261,2724,2024-01-29,603682,54878000.0,7.287514728450934,6.386680895140042,0.0,impulse_support_broken,2024-01-31,,,,,,,,,,,,,,,,,,,,,,
261,2955,2024-01-29,605277,18258800.0,28.77179570172178,26.067450240005172,0.0,impulse_support_broken,2024-01-30,,,,,,,,,,,,,,,,,,,,,,
262,8,2024-01-30,000014,56378900.0,146.0976236121472,133.92282164446826,0.0,impulse_support_broken,2024-02-01,,,,,,,,,,,,,,,,,,,,,,
262,234,2024-01-30,000736,91421200.0,48.18041331573467,46.949693202655354,0.0,impulse_support_broken,2024-01-31,,,,,,,,,,,,,,,,,,,,,,
262,283,2024-01-30,000820,73718400.0,8.585072796934924,7.9306053639847285,0.0,impulse_support_broken,2024-02-05,,,,,,,,,,,,,,,,,,,,,,
262,352,2024-01-30,000948,24889200.0,35.16860150652333,34.048095738031634,0.0,impulse_support_broken,2024-01-30,,,,,,,,,,,,,,,,,,,,,,
262,774,2024-01-30,002320,86903100.0,82.51589586852904,78.65227532618988,0.0,impulse_support_broken,2024-01-31,,,,,,,,,,,,,,,,,,,,,,
262,825,2024-01-30,002377,92596200.0,10.540578002930614,10.583954867140204,0.0,impulse_support_broken,2024-01-30,,,,,,,,,,,,,,,,,,,,,,
262,1015,2024-01-30,002596,95899700.0,13.659291214607775,12.665888217181754,0.0,impulse_support_broken,2024-01-31,,,,,,,,,,,,,,,,,,,,,,
262,1357,2024-01-30,003003,14284700.0,10.450235804980391,10.562603931915662,0.0,impulse_support_broken,2024-01-30,,,,,,,,,,,,,,,,,,,,,,
262,2772,2024-01-30,603779,50563100.0,13.461668990337806,13.240744444544514,0.0,impulse_support_broken,2024-01-30,,,,,,,,,,,,,,,,,,,,,,
262,2956,2024-01-30,605286,8060300.0,23.483914684320798,23.61567596653753,0.0,impulse_support_broken,2024-01-30,,,,,,,,,,,,,,,,,,,,,,
263,1527,2024-01-31,600189,61689200.0,24.768964164678312,21.9680391704464,0.0,impulse_support_broken,2024-02-02,,,,,,,,,,,,,,,,,,,,,,
263,2307,2024-01-31,601968,60832300.0,5.376708237879511,5.280885714828193,0.0,impulse_support_broken,2024-02-02,,,,,,,,,,,,,,,,,,,,,,
264,323,2024-02-01,000899,75115900.0,30.89691034777449,28.27395166656517,0.0,impulse_support_broken,2024-02-02,,,,,,,,,,,,,,,,,,,,,,
264,785,2024-02-01,002333,49853300.0,23.437271135439627,22.24680656983,0.0,impulse_support_broken,2024-02-02,,,,,,,,,,,,,,,,,,,,,,
265,1010,2024-02-02,002590,34342600.0,50.517978477378556,48.58765497544704,0.0,impulse_support_broken,2024-02-05,,,,,,,,,,,,,,,,,,,,,,
265,1768,2024-02-02,600551,33288400.0,39.286422831483634,41.349952111521155,0.0,impulse_support_broken,2024-02-05,,,,,,,,,,,,,,,,,,,,,,
265,1981,2024-02-02,600825,108859200.0,63.26059936218116,59.043226071369084,0.0,impulse_support_broken,2024-02-05,,,,,,,,,,,,,,,,,,,,,,
265,2422,2024-02-02,603122,24319800.0,7.686290108724769,7.448676301600212,0.0,impulse_support_broken,2024-02-02,,,,,,,,,,,,,,,,,,,,,,
265,2506,2024-02-02,603230,41237900.0,14.85121565382428,13.549191267735576,0.0,impulse_support_broken,2024-02-06,,,,,,,,,,,,,,,,,,,,,,
265,2829,2024-02-02,603897,12129700.0,19.11525319613461,19.355624643511156,0.0,impulse_support_broken,2024-02-02,,,,,,,,,,,,,,,,,,,,,,
266,360,2024-02-05,000958,95380200.0,18.177545516767648,17.33858187753222,0.0,impulse_support_broken,2024-02-05,,,,,,,,,,,,,,,,,,,,,,
266,1238,2024-02-05,002868,8092100.0,23.89248331110723,22.80332798417274,0.0,impulse_support_broken,2024-02-05,,,,,,,,,,,,,,,,,,,,,,
266,2498,2024-02-05,603221,11728800.0,8.695657393961296,9.208373042190146,0.0,impulse_support_broken,2024-02-05,,,,,,,,,,,,,,,,,,,,,,
266,2771,2024-02-05,603778,77224800.0,28.63342641008041,25.984519121042137,0.0,impulse_support_broken,2024-02-05,,,,,,,,,,,,,,,,,,,,,,
266,2772,2024-02-05,603779,35887200.0,13.653136930025322,12.165578321683835,0.0,impulse_support_broken,2024-02-07,,,,,,,,,,,,,,,,,,,,,,
266,2879,2024-02-05,603990,33656500.0,34.808484253357,31.2463952005,0.0,impulse_support_broken,2024-02-06,,,,,,,,,,,,,,,,,,,,,,
267,17,2024-02-06,000029,21174200.0,24.233373303464163,23.292494226341027,-1.058176420695501,closed,2024-02-27,271.0,26.597045131358865,24.669390436765127,6148300.0,0.34265521247555986,2024-02-20,,2024-02-21,27.17075188570224,0.09206081081081079,0.808219178082191,1.0,273.0,2024-02-22,11.79,2.2948270173735,27.056010534833565,25.43264990274355,3.0,2024-02-27,hold_expired,11.69
267,191,2024-02-06,000678,28296400.0,21.68318884037986,21.950332850733616,0.0,impulse_support_broken,2024-02-06,,,,,,,,,,,,,,,,,,,,,,
267,1694,2024-02-06,600446,158072000.0,194.31244733994802,174.8977963247696,0.0,expired,2024-02-21,,,,,,,,,,,,,,,,,,,,,,
267,2947,2024-02-06,605218,16218000.0,17.117086548886768,17.526831289733845,0.0,impulse_support_broken,2024-02-06,,,,,,,,,,,,,,,,,,,,,,
268,1789,2024-02-07,600579,37696700.0,11.084480847457698,9.97415084745769,0.0,impulse_support_broken,2024-02-08,,,,,,,,,,,,,,,,,,,,,,
269,1438,2024-02-08,600060,26743000.0,152.17739791030854,139.41890403933493,0.0,expired,2024-02-23,,,,,,,,,,,,,,,,,,,,,,
270,264,2024-02-19,000795,41891500.0,22.800529558631734,19.530512549240544,0.0,failed_first_breakout,2024-02-23,273.0,22.934913819291648,21.725455473352437,12137800.0,0.3569662103290644,2024-02-22,,,,,,,,,,,,,,,,
270,370,2024-02-19,000970,48908100.0,164.18481248370733,145.62165585821683,0.0,entry_below_trigger,2024-02-27,273.0,165.26616141334756,158.95829265711293,13468700.0,0.32635391683586157,2024-02-22,,2024-02-26,165.80683587816767,0.041304347826086885,0.45833333333333415,1.0,276.0,,,,,,,,,
270,850,2024-02-19,002402,48558800.0,137.23655480132672,124.2897100087487,0.0,failed_first_breakout,2024-02-26,274.0,151.66303899877076,145.62117809556767,17327000.0,0.4272644711154312,2024-02-23,,,,,,,,,,,,,,,,
270,1194,2024-02-19,002819,15068700.0,29.191106960088256,26.781682258620656,0.0,expired,2024-02-26,,,,,,,,,,,,,,,,,,,,,,
270,1575,2024-02-19,600259,13660900.0,30.59473342002639,27.945292587776677,0.0,failed_first_breakout,2024-02-26,273.0,31.015279583875547,29.795695708712984,3933000.0,0.3513604520932003,2024-02-22,,,,,,,,,,,,,,,,
270,1666,2024-02-19,600392,97663800.0,94.38238835322865,80.87059362609624,0.0,expired,2024-02-26,273.0,91.7801167761513,88.27705888393179,19491500.0,0.26707439194460997,2024-02-22,,,,,,,,,,,,,,,,
270,2183,2024-02-19,601279,36433900.0,4.506859756097549,3.9059451219512096,0.0,failed_first_breakout,2024-02-26,274.0,4.817332317073158,4.516874999999988,14183300.0,0.41887912081879786,2024-02-23,,,,,,,,,,,,,,,,
270,2460,2024-02-19,603178,25098400.0,28.245780290371055,26.094925800174828,0.0,expired,2024-02-26,,,,,,,,,,,,,,,,,,,,,,
270,2522,2024-02-19,603267,10568500.0,49.595239641826176,43.854587083227244,0.0,failed_first_breakout,2024-02-23,273.0,51.09466381757964,48.28145845926125,5547600.0,0.5346170222832001,2024-02-22,,,,,,,,,,,,,,,,
270,2613,2024-02-19,603392,28439600.0,180.51376850889534,166.10373058299405,0.0,failed_first_breakout,2024-02-22,271.0,180.62881871189654,170.9933642105454,12954000.0,0.50684257162548,2024-02-20,,,,,,,,,,,,,,,,
270,2874,2024-02-19,603985,40932500.0,72.63314510742083,63.77996660358077,0.0,expired,2024-02-26,,,,,,,,,,,,,,,,,,,,,,
271,281,2024-02-20,000818,28098100.0,56.887257110260535,50.536174242018475,1.6379776847977858,closed,2024-02-29,273.0,58.58507134236484,54.518701453127356,12404200.0,0.4705905381502664,2024-02-22,,2024-02-23,60.72305963464434,0.10217466344494297,0.9872611464968157,1.0,275.0,2024-02-26,28.68,2.0960669532152,60.11520021821194,56.50828820511922,3.0,2024-02-29,hold_expired,29.21
271,308,2024-02-20,000880,23188600.0,29.829851658896697,25.80202409532909,0.0,failed_first_breakout,2024-02-23,273.0,32.58153583598743,30.70720023709954,8027600.0,0.42565743511898085,2024-02-22,,,,,,,,,,,,,,,,
271,493,2024-02-20,002006,14263300.0,88.18615235517606,77.71941682320654,0.0,expired,2024-02-27,,,,,,,,,,,,,,,,,,,,,,
271,499,2024-02-20,002012,34529600.0,19.038945953385632,16.04110087232767,0.0,expired,2024-02-27,,,,,,,,,,,,,,,,,,,,,,
271,766,2024-02-20,002312,63661500.0,121.94180630625277,118.00819965121237,0.0,expired,2024-02-27,276.0,131.68216564254334,126.81198597439804,23497600.0,0.4197018606221971,2024-02-27,,,,,,,,,,,,,,,,
271,1037,2024-02-20,002625,81405600.0,95.97288330768372,88.48231680562061,0.0,failed_first_breakout,2024-02-26,274.0,94.16712174022207,91.09063906973186,20495300.0,0.2628971471250135,2024-02-23,,,,,,,,,,,,,,,,
271,1076,2024-02-20,002669,14236800.0,17.90540737766152,15.648423254426874,0.0,expired,2024-02-27,,,,,,,,,,,,,,,,,,,,,,
271,1960,2024-02-20,600797,44334200.0,66.4474059894659,58.585308334223754,0.0,origin_quota,2024-02-27,275.0,72.66099929764115,68.0959103365328,24176200.0,0.5654968399114002,2024-02-26,,2024-02-27,76.3384320718673,0.10797342192691026,0.7796610169491507,1.0,,,,,,,,,,
271,2548,2024-02-20,603301,5358100.0,46.49910729715329,42.23706496972265,-6.210000000000005,closed,2024-02-29,273.0,48.03254051548812,45.21372945237262,1455000.0,0.4155577536813423,2024-02-22,,2024-02-26,48.303146377547215,0.06395891690009353,0.6413043478260915,2.0,276.0,2024-02-27,21.39,2.2550488504924,48.235494912032436,45.34136521731049,3.0,2024-02-29,stop_loss,20.1066
271,2686,2024-02-20,603612,10756800.0,17.98610842923547,16.17478655561988,0.0,expired,2024-02-27,,,,,,,,,,,,,,,,,,,,,,
271,2924,2024-02-20,605128,2137700.0,42.5967280559714,36.10970826527889,0.0,expired,2024-02-27,,,,,,,,,,,,,,,,,,,,,,
271,2970,2024-02-20,605338,4956200.0,17.119417805084808,15.641482455005544,0.0,expired,2024-02-27,276.0,18.26892307736868,17.45811132281131,1698700.0,0.38397360881320364,2024-02-27,,,,,,,,,,,,,,,,
271,2977,2024-02-20,605376,5731000.0,19.07711555869135,17.62061394369249,0.0,failed_first_breakout,2024-02-27,275.0,21.236404666242105,19.75953239928522,2688900.0,0.497879951142907,2024-02-26,,,,,,,,,,,,,,,,
272,224,2024-02-21,000722,17178300.0,38.24933962253666,35.29675902009523,0.0,failed_first_breakout,2024-02-28,276.0,39.18879708694983,38.29407569227062,6903100.0,0.4225418114714494,2024-02-27,,,,,,,,,,,,,,,,
272,557,2024-02-21,002076,38164000.0,10.146928658732715,9.340550222277134,0.0,expired,2024-02-28,,,,,,,,,,,,,,,,,,,,,,
272,720,2024-02-21,002261,130997100.0,134.94966005427472,126.43292718834002,0.0,expired,2024-02-28,,,,,,,,,,,,,,,,,,,,,,
272,731,2024-02-21,002272,25722000.0,14.538589751427418,13.226317992391214,0.0,expired,2024-02-28,,,,,,,,,,,,,,,,,,,,,,
272,872,2024-02-21,002427,21601800.0,7.054796161777441,6.17294664155526,0.0,expired,2024-02-28,,,,,,,,,,,,,,,,,,,,,,
272,912,2024-02-21,002474,33898100.0,29.384876592979595,26.684984085504976,0.0,expired,2024-02-28,,,,,,,,,,,,,,,,,,,,,,
272,1048,2024-02-21,002638,58833000.0,9.44319401113891,8.18073491874066,0.0,expired,2024-02-28,,,,,,,,,,,,,,,,,,,,,,
272,1068,2024-02-21,002659,37583500.0,6.963199211500106,6.4962791477552,0.0,expired,2024-02-28,,,,,,,,,,,,,,,,,,,,,,
272,1241,2024-02-21,002871,8293600.0,26.9570595642255,25.682063503755373,0.0,expired,2024-02-28,,,,,,,,,,,,,,,,,,,,,,
272,1327,2024-02-21,002970,5324800.0,48.76891836892608,46.3387104434475,0.0,expired,2024-02-28,,,,,,,,,,,,,,,,,,,,,,
272,1350,2024-02-21,002996,11178100.0,7.763292066327252,6.878093626261104,0.0,expired,2024-02-28,,,,,,,,,,,,,,,,,,,,,,
272,2332,2024-02-21,603015,18804200.0,14.278003299371267,13.097280208764762,0.0,expired,2024-02-28,,,,,,,,,,,,,,,,,,,,,,
272,2355,2024-02-21,603041,7014400.0,14.471029702141465,13.286354731707085,0.0,expired,2024-02-28,,,,,,,,,,,,,,,,,,,,,,
272,2467,2024-02-21,603186,13795200.0,20.302400040174668,18.637921290144682,0.0,expired,2024-02-28,,,,,,,,,,,,,,,,,,,,,,
272,2631,2024-02-21,603496,40887400.0,66.61785517078319,59.73713773530324,0.0,expired,2024-02-28,,,,,,,,,,,,,,,,,,,,,,
272,2752,2024-02-21,603725,13152700.0,11.068912486148076,10.175785949567345,0.0,expired,2024-02-28,,,,,,,,,,,,,,,,,,,,,,
272,2822,2024-02-21,603887,32085700.0,11.749041383985439,10.448942542314919,0.0,expired,2024-02-28,,,,,,,,,,,,,,,,,,,,,,
272,2880,2024-02-21,603991,2923900.0,34.566689015113724,30.385071392605823,0.0,expired,2024-02-28,,,,,,,,,,,,,,,,,,,,,,
272,2906,2024-02-21,605068,2850600.0,17.077072067485982,16.755059151371587,0.0,expired,2024-02-28,,,,,,,,,,,,,,,,,,,,,,
273,747,2024-02-22,002290,11844800.0,26.381798433087084,23.93756333153219,0.0,expired,2024-02-29,,,,,,,,,,,,,,,,,,,,,,
273,1096,2024-02-22,002693,30412900.0,17.591120481147716,15.733890629552443,0.0,expired,2024-02-29,,,,,,,,,,,,,,,,,,,,,,
273,1155,2024-02-22,002771,46707600.0,50.46230621771947,46.798641166406505,0.0,expired,2024-02-29,,,,,,,,,,,,,,,,,,,,,,
273,1168,2024-02-22,002787,18225600.0,12.690447925035295,11.061268799524008,0.0,expired,2024-02-29,,,,,,,,,,,,,,,,,,,,,,
273,1359,2024-02-22,003005,10161600.0,33.359590745027454,31.6715840092156,0.0,expired,2024-02-29,,,,,,,,,,,,,,,,,,,,,,
273,1818,2024-02-22,600613,19430300.0,180.2484773684119,161.5921859210444,0.0,expired,2024-02-29,,,,,,,,,,,,,,,,,,,,,,
273,2352,2024-02-22,603038,21924400.0,29.512187640980653,26.602121329768423,0.0,expired,2024-02-29,,,,,,,,,,,,,,,,,,,,,,
273,2437,2024-02-22,603139,5258500.0,12.296768518297498,11.164848403642498,0.0,expired,2024-02-29,,,,,,,,,,,,,,,,,,,,,,
274,2124,2024-02-23,601068,55095600.0,4.746639325480328,4.163365849044186,0.0,raw_entry_price_not_above_six,2024-02-29,276.0,4.756695764729228,4.565623419000146,27052500.0,0.5026689971612979,2024-02-27,,2024-02-28,4.82709083947152,0.054166666666666634,0.3469387755102036,1.0,278.0,,,,,,,,,
274,2339,2024-02-23,603023,53310800.0,22.248255721861472,18.65536970466645,0.0,expired,2024-03-01,,,,,,,,,,,,,,,,,,,,,,
274,2413,2024-02-23,603111,41335900.0,13.710099922335376,12.060764593332623,0.0,expired,2024-03-01,,,,,,,,,,,,,,,,,,,,,,
275,145,2024-02-26,000586,14514100.0,35.97418739508819,31.0792115724304,0.0,expired,2024-03-04,,,,,,,,,,,,,,,,,,,,,,
275,1276,2024-02-26,002912,14594500.0,66.26683932112292,58.89800889621647,0.0,expired,2024-03-04,,,,,,,,,,,,,,,,,,,,,,
275,2805,2024-02-26,603860,11618200.0,29.95445103704207,27.355992633828784,0.0,expired,2024-03-04,,,,,,,,,,,,,,,,,,,,,,
275,2841,2024-02-26,603917,16477500.0,22.13208429660228,19.750222283398426,0.0,expired,2024-03-04,,,,,,,,,,,,,,,,,,,,,,
276,95,2024-02-27,000518,80424400.0,20.488303018359588,19.480681558440264,0.0,expired,2024-03-05,280.0,21.076082203312524,19.984492288399924,38141500.0,0.48192339638219245,2024-03-04,,,,,,,,,,,,,,,,
276,1120,2024-02-27,002725,25462600.0,23.661130620044748,21.605992417618005,0.0,expired,2024-03-05,,,,,,,,,,,,,,,,,,,,,,
276,1238,2024-02-27,002868,7544300.0,26.084580741266524,24.52667502046149,0.0,expired,2024-03-05,,,,,,,,,,,,,,,,,,,,,,
276,1809,2024-02-27,600602,110404600.0,6586.918659948884,6626.804845606014,0.0,impulse_support_broken,2024-02-28,,,,,,,,,,,,,,,,,,,,,,
276,1948,2024-02-27,600783,14043900.0,73.78149230175104,68.00728855639662,0.0,expired,2024-03-05,,,,,,,,,,,,,,,,,,,,,,
276,2361,2024-02-27,603051,7594400.0,27.899135465046154,27.107238606867988,0.0,impulse_support_broken,2024-02-28,,,,,,,,,,,,,,,,,,,,,,
276,2523,2024-02-27,603268,3065300.0,26.740563480311252,24.644103303454852,0.0,failed_first_breakout,2024-03-05,280.0,27.38233700383872,25.842080547372795,1146400.0,0.445600756859035,2024-03-04,,,,,,,,,,,,,,,,
276,2879,2024-02-27,603990,38474300.0,34.4647739061515,35.308426576565004,0.0,impulse_support_broken,2024-02-27,,,,,,,,,,,,,,,,,,,,,,
277,68,2024-02-28,000410,35358500.0,20.84798851464024,19.863500168115564,0.0,impulse_support_broken,2024-02-28,,,,,,,,,,,,,,,,,,,,,,
277,1268,2024-02-28,002903,22625500.0,30.80488743672662,28.74080360847895,0.0,impulse_support_broken,2024-02-28,,,,,,,,,,,,,,,,,,,,,,
277,2575,2024-02-28,603331,7675400.0,16.93891518173633,15.6487648318729,0.0,impulse_support_broken,2024-02-28,,,,,,,,,,,,,,,,,,,,,,
277,2829,2024-02-28,603897,11714900.0,20.48880432400057,18.49715518859493,0.0,expired,2024-03-06,,,,,,,,,,,,,,,,,,,,,,
278,26,2024-02-29,000042,36340400.0,56.33255065163769,56.19746060211338,0.0,impulse_support_broken,2024-03-04,,,,,,,,,,,,,,,,,,,,,,
278,1903,2024-02-29,600725,48403600.0,20.99510727283662,20.418770994758752,0.0,failed_first_breakout,2024-03-07,282.0,21.406776042892243,20.33643724074763,14566500.0,0.3517403664190267,2024-03-06,,,,,,,,,,,,,,,,
278,2650,2024-02-29,603535,5511900.0,22.33884398389306,22.562979542259882,0.0,impulse_support_broken,2024-03-05,,,,,,,,,,,,,,,,,,,,,,
278,2815,2024-02-29,603879,30541200.0,11.518161405147314,11.647870429980053,0.0,impulse_support_broken,2024-03-04,,,,,,,,,,,,,,,,,,,,,,
278,2906,2024-02-29,605068,5818100.0,18.46899886617401,18.26124859771311,0.0,impulse_support_broken,2024-03-05,,,,,,,,,,,,,,,,,,,,,,
280,121,2024-03-04,000550,25421600.0,101.36784352946731,89.27197347434053,0.0,expired,2024-03-11,,,,,,,,,,,,,,,,,,,,,,
280,125,2024-03-04,000554,69082300.0,32.62317783958834,29.456459111569686,0.0,expired,2024-03-11,,,,,,,,,,,,,,,,,,,,,,
281,1133,2024-03-05,002741,20794500.0,39.41548206259894,39.23158401254017,0.0,impulse_support_broken,2024-03-05,,,,,,,,,,,,,,,,,,,,,,
281,2480,2024-03-05,603200,8574608.0,46.40293793306441,43.25076363429384,0.0,expired,2024-03-12,,,,,,,,,,,,,,,,,,,,,,
281,2955,2024-03-05,605277,21891100.0,27.470456532173937,25.437114079755435,0.0,expired,2024-03-12,286.0,27.28745571145627,25.945449692860063,4693700.0,0.21847006317635934,2024-03-12,,,,,,,,,,,,,,,,
282,85,2024-03-06,000504,11736800.0,29.748959534214492,26.69778419737198,0.0,expired,2024-03-13,,,,,,,,,,,,,,,,,,,,,,
282,186,2024-03-06,000665,82318800.0,26.284907377237083,24.731708304945798,0.0,failed_first_breakout,2024-03-12,285.0,25.568046266948798,24.55249302737373,20356400.0,0.25832920304960716,2024-03-11,,,,,,,,,,,,,,,,
282,1114,2024-03-06,002716,176396200.0,11.257778958790741,9.998434193909064,0.0,expired,2024-03-13,,,,,,,,,,,,,,,,,,,,,,
282,2471,2024-03-06,603191,33763300.0,15.997061855670676,15.845670103093351,0.0,expired,2024-03-13,,,,,,,,,,,,,,,,,,,,,,
283,2080,2024-03-07,600979,224651100.0,19.802537603597653,17.014249262861203,0.0,expired,2024-03-14,,,,,,,,,,,,,,,,,,,,,,
284,443,2024-03-08,001306,7914300.0,67.55,59.7,0.0,expired,2024-03-15,,,,,,,,,,,,,,,,,,,,,,
284,460,2024-03-08,001332,2988800.0,39.168093795923824,35.956196409175355,0.0,failed_first_breakout,2024-03-15,285.0,40.006597980959924,38.628040253019215,1139400.0,0.44882561563169165,2024-03-11,,,,,,,,,,,,,,,,
284,475,2024-03-08,001378,6400400.0,30.17,28.27,0.0,expired,2024-03-15,289.0,30.24,29.1,1524600.0,0.28483376038997565,2024-03-15,,,,,,,,,,,,,,,,
284,582,2024-03-08,002105,38389900.0,8.069561386035623,7.641240717987023,0.0,expired,2024-03-15,,,,,,,,,,,,,,,,,,,,,,
284,797,2024-03-08,002347,103577800.0,18.36679063519911,16.43965414456794,0.0,failed_first_breakout,2024-03-12,285.0,18.56343721587576,17.776850893169158,40843800.0,0.4624900316477083,2024-03-11,,,,,,,,,,,,,,,,
284,828,2024-03-08,002380,31760600.0,53.90353889361117,50.618372966015464,0.0,expired,2024-03-15,287.0,53.501273677987214,51.99277911939734,8249200.0,0.26800343822219985,2024-03-13,,,,,,,,,,,,,,,,
284,891,2024-03-08,002451,49494200.0,18.075008566268423,16.8495842566909,0.0,expired,2024-03-15,,,,,,,,,,,,,,,,,,,,,,
284,1128,2024-03-08,002735,31400800.0,35.46999363110764,31.631694803393582,0.0,expired,2024-03-15,,,,,,,,,,,,,,,,,,,,,,
284,2400,2024-03-08,603097,17375900.0,23.425784756605918,21.035398556952252,0.0,expired,2024-03-15,289.0,23.9954087020553,22.98839494135014,4670900.0,0.29471566940417476,2024-03-15,,,,,,,,,,,,,,,,
284,2907,2024-03-08,605069,21040200.0,9.278496199032192,8.434996544574721,0.0,failed_first_breakout,2024-03-12,285.0,9.265316516931295,8.883105736005252,7034800.0,0.3829336223039705,2024-03-11,,,,,,,,,,,,,,,,
285,122,2024-03-11,000551,43539100.0,72.80822329777705,65.89303178368687,-0.321234705228036,closed,2024-03-22,289.0,69.70830986042627,67.80067082205656,10310000.0,0.24820908103291064,2024-03-15,,2024-03-18,71.13903913920355,0.046927374301676046,0.8823529411764657,1.0,291.0,2024-03-19,8.99,7.948495993207101,71.45697897893184,67.16956024019593,3.0,2024-03-22,hold_expired,8.98
285,296,2024-03-11,000856,37406900.0,14.860536981805444,13.751831997560798,0.0,industry_conflict,2024-03-18,289.0,14.724380229354347,14.121400325642345,8054900.0,0.24188318197979516,2024-03-15,,2024-03-18,14.918889875713056,0.0534550195567145,1.0,3.0,,,,,,,,,,
285,1329,2024-03-11,002972,23350300.0,14.74651952378303,13.539025601671831,0.0,expired,2024-03-18,,,,,,,,,,,,,,,,,,,,,,
285,1762,2024-03-11,600545,72926000.0,9.775884660905719,9.223334658332787,0.0,expired,2024-03-18,,,,,,,,,,,,,,,,,,,,,,
285,1774,2024-03-11,600560,62191300.0,82.94362628262783,81.97108795100573,0.0,impulse_support_broken,2024-03-11,,,,,,,,,,,,,,,,,,,,,,
285,2201,2024-03-11,601388,111944600.0,13.112776411797121,12.074681612529849,0.0,expired,2024-03-18,,,,,,,,,,,,,,,,,,,,,,
285,2576,2024-03-11,603332,20110600.0,15.367675814737114,14.600275870083149,0.0,expired,2024-03-18,290.0,15.957983464470933,14.954460459923439,8569400.0,0.4698044812188597,2024-03-18,,,,,,,,,,,,,,,,
286,85,2024-03-12,000504,12818000.0,30.546425815434695,27.772630054668774,0.0,duplicate_active_origin,2024-03-12,,,,,,,2024-03-06,,,,,,,,,,,,,,,
286,395,2024-03-12,001208,53760000.0,9.192584657262353,8.726367574314095,0.0,impulse_support_broken,2024-03-13,,,,,,,,,,,,,,,,,,,,,,
286,996,2024-03-12,002575,53248200.0,31.584107179855998,27.59122999376625,0.0,expired,2024-03-19,,,,,,,,,,,,,,,,,,,,,,
286,1358,2024-03-12,003004,7646000.0,23.919934927201396,21.248464531551754,0.0,expired,2024-03-19,,,,,,,,,,,,,,,,,,,,,,
286,1589,2024-03-12,600281,73813400.0,7.615266383344966,7.1502119477208455,0.0,impulse_support_broken,2024-03-12,,,,,,,,,,,,,,,,,,,,,,
286,2361,2024-03-12,603051,9755000.0,28.670727275578724,25.553902461980048,0.0,expired,2024-03-19,291.0,29.02606560937662,27.797610226818183,3213700.0,0.33227063044592514,2024-03-19,,,,,,,,,,,,,,,,
286,2934,2024-03-12,605168,11853200.0,151.57145173678617,131.95924334499534,0.0,expired,2024-03-19,,,,,,,,,,,,,,,,,,,,,,
287,605,2024-03-13,002132,65953500.0,17.21217238773242,16.25260877029786,0.0,expired,2024-03-20,292.0,17.75192692253936,17.3920905660014,20241600.0,0.325824254967515,2024-03-20,,,,,,,,,,,,,,,,
287,796,2024-03-13,002346,17151500.0,23.46900603463168,21.36046252370774,-5.258543689320417,closed,2024-03-22,289.0,23.33149232739751,22.254301620729848,3714100.0,0.31213304958749966,2024-03-15,,2024-03-18,23.491924985837375,0.05268292682926819,0.6153846153846168,2.0,291.0,2024-03-19,10.3,2.2918951205695,23.606519741865853,22.1901285573539,3.0,2024-03-22,hold_expired,9.78
287,855,2024-03-13,002407,91627200.0,115.9478807177086,108.27188861444567,0.0,failed_first_breakout,2024-03-20,291.0,119.58387697714895,115.54388113332635,29212500.0,0.37891313932980597,2024-03-19,,,,,,,,,,,,,,,,
287,1095,2024-03-13,002692,53805600.0,16.457009296104435,14.670010811931476,0.0,expired,2024-03-20,291.0,17.03882275606772,16.37389308753825,13981800.0,0.29682876875269487,2024-03-19,,,,,,,,,,,,,,,,
287,1113,2024-03-13,002715,14381200.0,18.1177037489904,16.607895103241198,0.0,expired,2024-03-20,,,,,,,,,,,,,,,,,,,,,,
287,1222,2024-03-13,002850,10460595.0,128.63078586157306,112.4492530938321,0.0,expired,2024-03-20,,,,,,,,,,,,,,,,,,,,,,
287,2085,2024-03-13,600984,63721800.0,7.05522434214528,6.374899137724128,0.0,industry_conflict,2024-03-18,289.0,7.05522434214528,6.752857584624769,24501200.0,0.410951197235483,2024-03-15,,2024-03-18,7.281999410285665,0.07266435986159171,0.8571428571428582,5.0,,,,,,,,,,
287,2641,2024-03-13,603516,42146000.0,62.66866168081932,54.46552124818051,0.0,expired,2024-03-20,,,,,,,,,,,,,,,,,,,,,,
287,2771,2024-03-13,603778,86555500.0,26.55214211155034,25.101550024696046,0.0,failed_first_breakout,2024-03-19,290.0,26.362934448047604,25.479965351701512,24808900.0,0.2873012113614964,2024-03-18,,,,,,,,,,,,,,,,
287,2786,2024-03-13,603810,26669400.0,22.88093605706068,20.55546887158809,0.0,expired,2024-03-20,292.0,23.316961154336795,22.79788365757952,7387200.0,0.2870761996895318,2024-03-20,,,,,,,,,,,,,,,,
287,2947,2024-03-13,605218,28802500.0,22.22865219095409,20.896981783201078,0.0,expired,2024-03-20,,,,,,,,,,,,,,,,,,,,,,
288,2775,2024-03-14,603788,13566300.0,24.160718713275784,22.4402960185224,0.0,daily_capacity,2024-03-18,289.0,24.422522166825214,23.412708845991702,4904900.0,0.44428104936497054,2024-03-15,,2024-03-18,24.964829320606167,0.06217228464419474,0.9718309859154912,4.0,,,,,,,,,,
288,2780,2024-03-14,603800,4619028.0,25.686808564201055,24.491308080213894,0.0,expired,2024-03-21,,,,,,,,,,,,,,,,,,,,,,
288,2872,2024-03-14,603982,26890100.0,11.76492706413571,10.67877762853388,0.0,failed_first_breakout,2024-03-18,289.0,11.76492706413571,11.186324093768379,8674600.0,0.41359645371344844,2024-03-15,,,,,,,,,,,,,,,,
289,377,2024-03-15,000981,194608000.0,8.176101039783909,7.944154910995714,0.0,expired,2024-03-22,,,,,,,,,,,,,,,,,,,,,,
289,1156,2024-03-15,002772,52117500.0,17.92379878984107,15.4888676334853,0.0,expired,2024-03-22,,,,,,,,,,,,,,,,,,,,,,
289,1758,2024-03-15,600536,78082000.0,311.7101106875513,315.62012666175343,0.0,impulse_support_broken,2024-03-15,,,,,,,,,,,,,,,,,,,,,,
289,2183,2024-03-15,601279,80331800.0,5.979100609756083,5.40823170731706,0.0,expired,2024-03-22,290.0,5.969085365853644,5.5584603658536444,45235400.0,0.5798220629937335,2024-03-18,,,,,,,,,,,,,,,,
290,412,2024-03-18,001229,11222600.0,38.67084046004088,36.404417575935916,0.0,failed_first_breakout,2024-03-21,292.0,39.0553229135944,37.112674727218725,3792700.0,0.404215600662948,2024-03-20,,,,,,,,,,,,,,,,
290,1142,2024-03-18,002755,19455000.0,17.79587240191259,17.885479010180024,0.0,impulse_support_broken,2024-03-18,,,,,,,,,,,,,,,,,,,,,,
290,1564,2024-03-18,600241,39115500.0,19.2630995878167,16.874072876533948,0.0,expired,2024-03-25,,,,,,,,,,,,,,,,,,,,,,
290,2632,2024-03-18,603499,11128200.0,35.0738771035784,29.897069155796235,0.0,expired,2024-03-25,,,,,,,,,,,,,,,,,,,,,,
291,201,2024-03-19,000691,41933200.0,12.46775466520321,11.00644676180034,0.0,failed_first_breakout,2024-03-26,293.0,12.654304610318471,11.845921514819011,16064200.0,0.39521787032709166,2024-03-21,,,,,,,,,,,,,,,,
291,564,2024-03-19,002084,56036400.0,10.439471803393758,9.438883451630778,0.0,expired,2024-03-26,,,,,,,,,,,,,,,,,,,,,,
291,1083,2024-03-19,002676,61542300.0,19.913422219658152,18.226638219875344,0.0,failed_first_breakout,2024-03-25,294.0,20.007132441868304,19.444871108607373,13640400.0,0.23751306012287485,2024-03-22,,,,,,,,,,,,,,,,
291,1188,2024-03-19,002811,20118000.0,12.904115367797639,13.009455085085785,0.0,impulse_support_broken,2024-03-20,,,,,,,,,,,,,,,,,,,,,,
291,2496,2024-03-19,603219,35909800.0,20.8138350454404,20.331830444388096,0.0,impulse_support_broken,2024-03-19,,,,,,,,,,,,,,,,,,,,,,
292,947,2024-03-20,002520,101023000.0,52.738482208476036,49.453425235894194,0.0,impulse_support_broken,2024-03-27,,,,,,,,,,,,,,,,,,,,,,
292,1110,2024-03-20,002712,86889900.0,27.07526048702956,24.68014129010002,0.0,expired,2024-03-27,,,,,,,,,,,,,,,,,,,,,,
292,1336,2024-03-20,002981,7250100.0,32.96446100909101,31.076450531694377,0.0,impulse_support_broken,2024-03-26,,,,,,,,,,,,,,,,,,,,,,
292,1358,2024-03-20,003004,12052600.0,27.516145075191297,25.99546192689842,0.0,impulse_support_broken,2024-03-26,,,,,,,,,,,,,,,,,,,,,,
292,1560,2024-03-20,600234,19404600.0,13.31232,12.630239999999999,0.0,expired,2024-03-27,,,,,,,,,,,,,,,,,,,,,,
292,1859,2024-03-20,600667,203066000.0,38.96471242966418,35.94158818943162,0.0,expired,2024-03-27,,,,,,,,,,,,,,,,,,,,,,
292,1967,2024-03-20,600807,87951400.0,21.57885790488912,19.486362592899873,0.0,expired,2024-03-27,,,,,,,,,,,,,,,,,,,,,,
292,1994,2024-03-20,600843,112006000.0,16.33154941013653,14.675553141276533,0.0,expired,2024-03-27,,,,,,,,,,,,,,,,,,,,,,
292,2394,2024-03-20,603089,18542100.0,21.68083327069797,20.7002930725257,0.0,impulse_support_broken,2024-03-25,,,,,,,,,,,,,,,,,,,,,,
292,2422,2024-03-20,603122,45953500.0,7.469338371784957,6.890800406612124,0.0,expired,2024-03-27,,,,,,,,,,,,,,,,,,,,,,
292,2437,2024-03-20,603139,5627700.0,15.3220822792845,14.015229056000997,0.0,expired,2024-03-27,,,,,,,,,,,,,,,,,,,,,,
292,2847,2024-03-20,603928,12890300.0,13.40721382707015,11.930443526950542,0.0,impulse_support_broken,2024-03-25,,,,,,,,,,,,,,,,,,,,,,
293,291,2024-03-21,000833,22963300.0,9.71308930984239,9.03146900739731,0.0,expired,2024-03-28,,,,,,,,,,,,,,,,,,,,,,
293,470,2024-03-21,001366,15475400.0,13.999590006405679,12.340679051889397,0.0,expired,2024-03-28,,,,,,,,,,,,,,,,,,,,,,
293,614,2024-03-21,002141,147109700.0,17.756589477652962,15.819506989181729,0.0,expired,2024-03-28,,,,,,,,,,,,,,,,,,,,,,
293,1239,2024-03-21,002869,24379300.0,31.89094091932344,28.400801638214915,0.0,expired,2024-03-28,,,,,,,,,,,,,,,,,,,,,,
293,2778,2024-03-21,603798,32501100.0,28.27771397537705,26.381378126929675,0.0,expired,2024-03-28,298.0,28.333488559154915,26.632363753930065,11939700.0,0.3795733067496177,2024-03-28,,,,,,,,,,,,,,,,
293,2927,2024-03-21,605138,16692400.0,7.032845878151366,6.291997128375777,0.0,expired,2024-03-28,,,,,,,,,,,,,,,,,,,,,,
294,793,2024-03-22,002343,98226300.0,26.8323207793466,24.97519117886676,0.0,expired,2024-03-29,,,,,,,,,,,,,,,,,,,,,,
294,1046,2024-03-22,002636,37026100.0,20.449507274387468,18.975427457754034,0.0,impulse_support_broken,2024-03-27,,,,,,,,,,,,,,,,,,,,,,
294,1051,2024-03-22,002641,113203000.0,34.89396914286113,31.865197861021464,0.0,expired,2024-03-29,299.0,33.56888170705628,32.36999307466141,21492100.0,0.21743372525463106,2024-03-29,,,,,,,,,,,,,,,,
294,1218,2024-03-22,002846,34016900.0,23.596815487458166,21.777619656581503,0.0,expired,2024-03-29,,,,,,,,,,,,,,,,,,,,,,
294,1335,2024-03-22,002980,8008900.0,26.84140485592723,24.553031377683023,0.0,expired,2024-03-29,,,,,,,,,,,,,,,,,,,,,,
294,1494,2024-03-22,600148,14098700.0,43.357728741068286,40.0401188901686,0.0,impulse_support_broken,2024-03-27,,,,,,,,,,,,,,,,,,,,,,
294,1653,2024-03-22,600375,69335600.0,22.350947607894078,19.87584267144943,0.0,impulse_support_broken,2024-03-25,,,,,,,,,,,,,,,,,,,,,,
294,1956,2024-03-22,600793,11876800.0,25.73154414147188,23.862365934968732,0.0,expired,2024-03-29,,,,,,,,,,,,,,,,,,,,,,
294,2800,2024-03-22,603848,7656200.0,16.376889324883287,15.394930604537189,0.0,expired,2024-03-29,299.0,15.973195184296559,15.0567003786402,1537200.0,0.27159687573469865,2024-03-29,,,,,,,,,,,,,,,,
295,597,2024-03-25,002124,355959300.0,57.07287129829105,49.32019802944804,0.0,expired,2024-04-01,,,,,,,,,,,,,,,,,,,,,,
295,2091,2024-03-25,600990,30788500.0,92.95247570551591,84.09068527555999,0.0,impulse_support_broken,2024-03-26,,,,,,,,,,,,,,,,,,,,,,
295,2476,2024-03-25,603196,15982700.0,13.736003270683572,13.0553402328999,0.0,impulse_support_broken,2024-03-25,,,,,,,,,,,,,,,,,,,,,,
295,2606,2024-03-25,603383,20523700.0,90.85178153001182,82.98573463441453,0.0,impulse_support_broken,2024-03-27,,,,,,,,,,,,,,,,,,,,,,
296,52,2024-03-26,000156,122269300.0,15.4041383253285,14.17180725930222,0.0,expired,2024-04-02,,,,,,,,,,,,,,,,,,,,,,
296,73,2024-03-26,000420,260309200.0,24.368134307717746,24.640403964787218,0.0,impulse_support_broken,2024-03-26,,,,,,,,,,,,,,,,,,,,,,
296,1568,2024-03-26,600250,67542868.0,25.7761407619148,24.473767333944366,0.0,impulse_support_broken,2024-03-27,,,,,,,,,,,,,,,,,,,,,,
296,2076,2024-03-26,600973,118560500.0,38.75299076662287,36.01019918268381,0.0,failed_first_breakout,2024-03-29,298.0,39.7262393931819,37.24887925284984,43981200.0,0.43192631610021887,2024-03-28,,,,,,,,,,,,,,,,
296,2662,2024-03-26,603577,29954500.0,18.86826690810624,17.946793407942913,0.0,impulse_support_broken,2024-03-27,,,,,,,,,,,,,,,,,,,,,,
297,393,2024-03-27,001206,14188800.0,30.247084881407925,29.1653167685385,0.0,impulse_support_broken,2024-03-27,,,,,,,,,,,,,,,,,,,,,,
297,1120,2024-03-27,002725,49519000.0,29.15051292389513,27.014250845056807,0.0,impulse_support_broken,2024-03-27,,,,,,,,,,,,,,,,,,,,,,
297,1956,2024-03-27,600793,11733900.0,26.362695224187224,24.833367600684653,0.0,duplicate_active_origin,2024-03-27,,,,,,,2024-03-22,,,,,,,,,,,,,,,
298,836,2024-03-28,002388,135006300.0,21.575602115407026,18.333472280533698,0.0,raw_entry_price_not_above_six,2024-04-03,300.0,20.224714684209808,18.91242403676108,36052500.0,0.3259744174901468,2024-04-01,,2024-04-02,20.803666440437187,0.09090909090909081,0.7014925373134332,2.0,302.0,,,,,,,,,
298,1088,2024-03-28,002682,115390700.0,13.54153312970095,12.96529767737325,0.0,raw_entry_price_not_above_six,2024-04-03,300.0,14.0915760614683,13.593918170821652,45015200.0,0.4533042957534706,2024-04-01,,2024-04-02,14.11776858202865,0.03710575139146546,0.3846153846153828,1.0,302.0,,,,,,,,,
298,1183,2024-03-28,002805,41111300.0,27.0550165557663,23.935732294042655,0.0,expired,2024-04-08,,,,,,,,,,,,,,,,,,,,,,
298,1312,2024-03-28,002953,20372600.0,21.34480327181958,20.258839596586654,0.0,failed_first_breakout,2024-04-02,300.0,22.131190760781354,21.363526783461527,11267600.0,0.5557096296005419,2024-04-01,,,,,,,,,,,,,,,,
298,1504,2024-03-28,600159,175650000.0,16.803670531063908,14.820628667149531,0.0,failed_first_breakout,2024-04-02,300.0,16.438373345605996,15.342481789232261,56568700.0,0.45553515513805865,2024-04-01,,,,,,,,,,,,,,,,
298,2472,2024-03-28,603192,8266300.0,21.005071313970884,20.327488368358917,0.0,expired,2024-04-08,,,,,,,,,,,,,,,,,,,,,,
298,2516,2024-03-28,603256,33845200.0,7.880061027179506,8.056790628052925,0.0,impulse_support_broken,2024-03-28,,,,,,,,,,,,,,,,,,,,,,
298,2907,2024-03-28,605069,25281300.0,9.937480304077093,9.331214927435784,0.0,expired,2024-04-08,,,,,,,,,,,,,,,,,,,,,,
298,2979,2024-03-28,605378,12130700.0,23.03832252129895,21.00614873399973,0.0,expired,2024-04-08,,,,,,,,,,,,,,,,,,,,,,
299,1038,2024-03-29,002626,33110600.0,125.34533094704973,109.43361795118074,0.0,expired,2024-04-09,301.0,127.37488617611466,122.50395362635885,17863400.0,0.5580750575344452,2024-04-02,,,,,,,,,,,,,,,,
299,1110,2024-03-29,002712,96816200.0,29.938989961619225,27.283531721545174,0.0,impulse_support_broken,2024-04-02,,,,,,,,,,,,,,,,,,,,,,
299,2827,2024-03-29,603895,8938800.0,33.11795365993699,30.928920475591468,0.0,impulse_support_broken,2024-04-03,,,,,,,,,,,,,,,,,,,,,,
300,131,2024-04-01,000561,46277000.0,20.95064258243055,20.719852150065954,0.0,impulse_support_broken,2024-04-02,,,,,,,,,,,,,,,,,,,,,,
300,1017,2024-04-01,002599,38088700.0,23.544035424940127,21.96742590987717,0.0,impulse_support_broken,2024-04-09,,,,,,,,,,,,,,,,,,,,,,
300,1046,2024-04-01,002636,25156600.0,19.35064777471527,18.198185372620042,0.0,impulse_support_broken,2024-04-08,,,,,,,,,,,,,,,,,,,,,,
300,1048,2024-04-01,002638,63283300.0,11.614623650063898,10.65515473984123,0.0,expired,2024-04-10,,,,,,,,,,,,,,,,,,,,,,
300,2508,2024-04-01,603232,15351200.0,44.491915198301825,40.85776193468162,0.0,expired,2024-04-10,,,,,,,,,,,,,,,,,,,,,,
300,2681,2024-04-01,603607,26898700.0,35.72554165020107,33.126108582369284,0.0,impulse_support_broken,2024-04-10,,,,,,,,,,,,,,,,,,,,,,
300,2881,2024-04-01,603992,6042900.0,19.070612889054647,17.181492962579398,0.0,expired,2024-04-10,,,,,,,,,,,,,,,,,,,,,,
300,2961,2024-04-01,605298,10055800.0,18.01040054221926,16.150556598603604,0.0,expired,2024-04-10,303.0,18.84459525222334,17.50441358697088,4655800.0,0.5081196921179817,2024-04-08,,,,,,,,,,,,,,,,
301,888,2024-04-02,002446,207547000.0,39.3090711229406,34.233722699472324,0.0,impulse_support_broken,2024-04-10,,,,,,,,,,,,,,,,,,,,,,
301,1069,2024-04-02,002660,70047900.0,25.05360256944012,22.16280227296626,0.0,expired,2024-04-11,,,,,,,,,,,,,,,,,,,,,,
301,1967,2024-04-02,600807,63511400.0,22.428934125384753,20.59800072739416,0.0,expired,2024-04-11,,,,,,,,,,,,,,,,,,,,,,
301,2092,2024-04-02,600992,24130100.0,21.306280291026912,19.092436870957055,0.0,expired,2024-04-11,,,,,,,,,,,,,,,,,,,,,,
301,2400,2024-04-02,603097,15759400.0,25.836514668597058,23.049426078362572,0.0,impulse_support_broken,2024-04-10,,,,,,,,,,,,,,,,,,,,,,
301,2778,2024-04-02,603798,26241200.0,30.062500656268696,27.608418970042685,0.0,expired,2024-04-11,,,,,,,,,,,,,,,,,,,,,,
302,810,2024-04-03,002362,29684900.0,44.32,41.7,0.0,impulse_support_broken,2024-04-08,,,,,,,,,,,,,,,,,,,,,,
302,1048,2024-04-03,002638,103482500.0,12.52359419659064,11.76611874115169,0.0,duplicate_active_origin,2024-04-03,,,,,,,2024-04-01,,,,,,,,,,,,,,,
302,1120,2024-04-03,002725,35279900.0,28.66376966542564,28.420398036190893,0.0,impulse_support_broken,2024-04-03,,,,,,,,,,,,,,,,,,,,,,
302,1161,2024-04-03,002778,26397200.0,18.710622990917,17.28573708622409,0.0,impulse_support_broken,2024-04-08,,,,,,,,,,,,,,,,,,,,,,
302,1800,2024-04-03,600592,54869900.0,36.247514113105524,32.87084454743599,0.0,expired,2024-04-12,,,,,,,,,,,,,,,,,,,,,,
302,1887,2024-04-03,600707,155252400.0,19.22682410333309,17.317777738463136,0.0,impulse_support_broken,2024-04-10,,,,,,,,,,,,,,,,,,,,,,
302,1976,2024-04-03,600819,64683800.0,17.548037033335547,16.131758453873427,0.0,expired,2024-04-12,,,,,,,,,,,,,,,,,,,,,,
302,2439,2024-04-03,603151,6298100.0,15.38475865985265,13.677626348665791,0.0,impulse_support_broken,2024-04-10,,,,,,,,,,,,,,,,,,,,,,
302,2618,2024-04-03,603408,13885100.0,16.06717222601088,14.81210106690658,0.0,expired,2024-04-12,307.0,18.057194964770847,16.802123805666547,5409800.0,0.4030291463511246,2024-04-12,,,,,,,,,,,,,,,,
302,2845,2024-04-03,603926,23245400.0,20.965849298140228,22.064153845096122,0.0,impulse_support_broken,2024-04-03,,,,,,,,,,,,,,,,,,,,,,
302,2880,2024-04-03,603991,2929500.0,38.26230749505412,34.88056346135524,0.0,impulse_support_broken,2024-04-08,,,,,,,,,,,,,,,,,,,,,,
302,2916,2024-04-03,605100,16536599.0,32.40402610649235,29.834908947154084,0.0,expired,2024-04-12,,,,,,,,,,,,,,,,,,,,,,
303,752,2024-04-08,002295,62324700.0,11.88499122214064,11.09371351094619,0.0,expired,2024-04-15,,,,,,,,,,,,,,,,,,,,,,
303,941,2024-04-08,002513,30644400.0,14.928911963184426,14.24355273134163,0.0,impulse_support_broken,2024-04-11,,,,,,,,,,,,,,,,,,,,,,
303,1138,2024-04-08,002748,43234400.0,19.57922590047131,17.528270271588248,0.0,impulse_support_broken,2024-04-15,,,,,,,,,,,,,,,,,,,,,,
303,1614,2024-04-08,600319,29080800.0,7.003708327383012,6.680007522335898,0.0,impulse_support_broken,2024-04-15,,,,,,,,,,,,,,,,,,,,,,
303,1780,2024-04-08,600569,124618800.0,5.734364596720729,5.930172168316072,0.0,impulse_support_broken,2024-04-08,,,,,,,,,,,,,,,,,,,,,,
303,2140,2024-04-08,601113,85154000.0,7.457019563170497,6.99095584047234,0.0,expired,2024-04-15,,,,,,,,,,,,,,,,,,,,,,
303,2173,2024-04-08,601218,67999800.0,8.358669850788576,8.002476533283382,0.0,impulse_support_broken,2024-04-11,304.0,8.54863962012468,8.002476533283382,24978700.0,0.4764190482913185,2024-04-09,,,,,,,,,,,,,,,,
303,2794,2024-04-08,603823,27459400.0,17.910373723772107,15.709098740962128,0.0,impulse_support_broken,2024-04-12,,,,,,,,,,,,,,,,,,,,,,
303,2869,2024-04-08,603978,14935200.0,27.606836546550507,24.924799102656262,0.0,impulse_support_broken,2024-04-12,,,,,,,,,,,,,,,,,,,,,,
304,508,2024-04-09,002023,130869600.0,106.11395524056732,94.44858311190323,0.0,impulse_support_broken,2024-04-15,,,,,,,,,,,,,,,,,,,,,,
304,1571,2024-04-09,600255,219352800.0,29.036917632939865,26.85574072154532,0.0,impulse_support_broken,2024-04-15,,,,,,,,,,,,,,,,,,,,,,
304,1803,2024-04-09,600595,320796300.0,31.193753564535506,28.474298125576002,0.0,expired,2024-04-16,,,,,,,,,,,,,,,,,,,,,,
304,1891,2024-04-09,600712,88968100.0,29.086993260517175,26.795676504765275,0.0,impulse_support_broken,2024-04-15,,,,,,,,,,,,,,,,,,,,,,
304,2491,2024-04-09,603214,14963200.0,20.763176361858555,21.541047522389277,0.0,impulse_support_broken,2024-04-09,,,,,,,,,,,,,,,,,,,,,,
304,2493,2024-04-09,603216,15108400.0,11.479217642211355,10.665976065378944,0.0,impulse_support_broken,2024-04-10,,,,,,,,,,,,,,,,,,,,,,
304,2792,2024-04-09,603818,69105900.0,8.622367875757968,8.052966223585273,0.0,impulse_support_broken,2024-04-10,,,,,,,,,,,,,,,,,,,,,,
305,783,2024-04-10,002331,41448500.0,42.35568963758703,39.17226837820151,0.0,impulse_support_broken,2024-04-15,,,,,,,,,,,,,,,,,,,,,,
305,805,2024-04-10,002355,132650300.0,10.25020067675611,9.078749170841125,0.0,impulse_support_broken,2024-04-12,,,,,,,,,,,,,,,,,,,,,,
305,851,2024-04-10,002403,43929200.0,13.653881473295346,12.688012044316254,0.0,impulse_support_broken,2024-04-11,,,,,,,,,,,,,,,,,,,,,,
305,1190,2024-04-10,002813,6645500.0,31.513403685260638,29.725624053116043,0.0,impulse_support_broken,2024-04-11,,,,,,,,,,,,,,,,,,,,,,
305,1256,2024-04-10,002889,9991700.0,32.76471204660782,31.38756127757351,0.0,impulse_support_broken,2024-04-12,,,,,,,,,,,,,,,,,,,,,,
305,1332,2024-04-10,002976,17604100.0,35.87897154953058,36.96695399174803,0.0,impulse_support_broken,2024-04-10,,,,,,,,,,,,,,,,,,,,,,
305,1392,2024-04-10,003041,9574400.0,20.718329556650826,20.095444917152374,0.0,impulse_support_broken,2024-04-10,,,,,,,,,,,,,,,,,,,,,,
305,1732,2024-04-10,600505,75428800.0,32.9118028364825,27.874281994163756,0.0,impulse_support_broken,2024-04-15,,,,,,,,,,,,,,,,,,,,,,
305,1816,2024-04-10,600611,140471100.0,2916.0267162681785,2580.637062000912,0.0,impulse_support_broken,2024-04-16,,,,,,,,,,,,,,,,,,,,,,
305,2412,2024-04-10,603110,20570600.0,37.47361018788188,36.73883351753125,0.0,impulse_support_broken,2024-04-10,,,,,,,,,,,,,,,,,,,,,,
306,147,2024-04-11,000590,29278900.0,39.823290633430545,36.88296995194669,0.0,impulse_support_broken,2024-04-15,,,,,,,,,,,,,,,,,,,,,,
306,895,2024-04-11,002455,35640900.0,36.70655802600532,34.36493277262222,0.0,expired,2024-04-18,,,,,,,,,,,,,,,,,,,,,,
306,1183,2024-04-11,002805,44514500.0,31.93552934621826,28.561609634557993,0.0,impulse_support_broken,2024-04-17,,,,,,,,,,,,,,,,,,,,,,
306,1218,2024-04-11,002846,52754300.0,26.259696341350097,22.93768656322749,0.0,impulse_support_broken,2024-04-12,,,,,,,,,,,,,,,,,,,,,,
306,1231,2024-04-11,002861,13522900.0,14.445635981274352,13.749296250608008,0.0,impulse_support_broken,2024-04-12,,,,,,,,,,,,,,,,,,,,,,
306,1974,2024-04-11,600816,75209400.0,91.60488996796228,85.10808926101461,0.0,expired,2024-04-18,,,,,,,,,,,,,,,,,,,,,,
306,2480,2024-04-11,603200,21258169.0,60.844294604176085,54.97978428088201,0.0,impulse_support_broken,2024-04-15,,,,,,,,,,,,,,,,,,,,,,
306,2578,2024-04-11,603335,48973600.0,9.809749297694337,8.561865994807425,0.0,impulse_support_broken,2024-04-16,,,,,,,,,,,,,,,,,,,,,,
306,2922,2024-04-11,605122,10017400.0,16.875188623586567,16.119157349664263,0.0,impulse_support_broken,2024-04-15,,,,,,,,,,,,,,,,,,,,,,
306,2974,2024-04-11,605366,30937900.0,14.461528508477924,14.269985084524576,0.0,impulse_support_broken,2024-04-12,,,,,,,,,,,,,,,,,,,,,,
307,9,2024-04-12,000017,126509500.0,31.483860589601463,29.337233731219545,0.0,impulse_support_broken,2024-04-15,,,,,,,,,,,,,,,,,,,,,,
308,475,2024-04-15,001378,9501900.0,31.55,28.33,0.0,impulse_support_broken,2024-04-16,,,,,,,,,,,,,,,,,,,,,,
308,1693,2024-04-15,600444,32997500.0,30.204419283095206,28.725881276230403,0.0,impulse_support_broken,2024-04-16,,,,,,,,,,,,,,,,,,,,,,
308,2333,2024-04-15,603016,9026700.0,20.63469338885852,18.827604750534842,0.0,impulse_support_broken,2024-04-16,,,,,,,,,,,,,,,,,,,,,,
308,2574,2024-04-15,603330,60225800.0,34.176629231304254,36.733354166165185,0.0,impulse_support_broken,2024-04-15,,,,,,,,,,,,,,,,,,,,,,
308,2633,2024-04-15,603500,10123225.0,23.6080413447711,21.80021835891025,0.0,expired,2024-04-22,,,,,,,,,,,,,,,,,,,,,,
309,390,2024-04-16,001202,12195100.0,14.764636826803265,14.15426695085559,0.0,impulse_support_broken,2024-04-16,,,,,,,,,,,,,,,,,,,,,,
309,1202,2024-04-16,002828,67322000.0,18.24427775755459,16.731251829734248,0.0,expired,2024-04-23,,,,,,,,,,,,,,,,,,,,,,
309,2302,2024-04-16,601956,63806100.0,5.272443251452143,5.158050991558704,0.0,impulse_support_broken,2024-04-16,,,,,,,,,,,,,,,,,,,,,,
309,2564,2024-04-16,603320,10293000.0,16.86192616000977,17.150046948748752,0.0,impulse_support_broken,2024-04-16,,,,,,,,,,,,,,,,,,,,,,
309,2979,2024-04-16,605378,6503500.0,22.406558649599713,21.385207057019272,0.0,impulse_support_broken,2024-04-16,,,,,,,,,,,,,,,,,,,,,,
310,1342,2024-04-17,002987,26262400.0,43.42567312660803,41.6208977089421,0.0,expired,2024-04-24,,,,,,,,,,,,,,,,,,,,,,
310,2209,2024-04-17,601518,181375400.0,4.427303824494915,4.2164798328523005,0.0,impulse_support_broken,2024-04-22,,,,,,,,,,,,,,,,,,,,,,
311,2864,2024-04-18,603968,18616000.0,32.24091190832737,27.16067598118893,0.0,expired,2024-04-25,,,,,,,,,,,,,,,,,,,,,,
312,396,2024-04-19,001209,3763000.0,20.68006717268856,18.9993549996432,0.0,origin_quota,2024-04-25,315.0,20.738526726533614,19.77394408809019,1755400.0,0.5115067765081053,2024-04-24,,2024-04-25,21.26466271113912,0.0701030927835053,0.9743589743589751,2.0,,,,,,,,,,
312,731,2024-04-19,002272,34960900.0,17.888336083704043,16.265263118580318,0.0,failed_first_breakout,2024-04-24,314.0,17.853802616360987,16.8523320634123,13449000.0,0.4246944443649906,2024-04-23,,,,,,,,,,,,,,,,
312,786,2024-04-19,002334,65828700.0,83.37656963939223,86.48674296883873,0.0,impulse_support_broken,2024-04-19,,,,,,,,,,,,,,,,,,,,,,
312,1043,2024-04-19,002632,37831300.0,43.879955999591424,41.265830961317896,0.0,expired,2024-04-26,,,,,,,,,,,,,,,,,,,,,,
312,1161,2024-04-19,002778,5275700.0,15.42906757404848,13.845861013278578,0.0,expired,2024-04-26,,,,,,,,,,,,,,,,,,,,,,
312,1195,2024-04-19,002820,11848800.0,14.967645626083229,14.013391949804014,0.0,failed_first_breakout,2024-04-24,314.0,15.073673812336473,14.31380514418821,4733700.0,0.4496953277969077,2024-04-23,,,,,,,,,,,,,,,,
312,1265,2024-04-19,002900,37935686.0,20.87908526445431,21.23584750249625,0.0,impulse_support_broken,2024-04-19,,,,,,,,,,,,,,,,,,,,,,
312,1355,2024-04-19,003001,5188000.0,18.41373349724892,16.66576314352457,2.2935765379113118,closed,2024-04-30,314.0,18.226927505247843,17.359613970957135,1371600.0,0.2976387818041635,2024-04-23,,2024-04-24,18.6805992001076,0.07071428571428572,0.9176470588235291,1.0,316.0,2024-04-25,13.98,1.3343285142934,18.653912629821733,17.53467787203243,3.0,2024-04-30,hold_expired,14.33
312,1815,2024-04-19,600610,37935900.0,375.783408,335.3510160000001,0.0,raw_entry_price_not_above_six,2024-04-26,315.0,382.918536,367.855488,12995200.0,0.3580434364282909,2024-04-24,,2024-04-25,389.260872,0.054989816700611066,0.4999999999999978,1.0,317.0,,,,,,,,,
312,1962,2024-04-19,600800,25857490.0,32.22244146073901,30.192681368723957,0.0,expired,2024-04-26,314.0,31.841861443486188,29.938961357222077,8688174.0,0.4371864593199108,2024-04-23,,,,,,,,,,,,,,,,
312,2006,2024-04-19,600858,33923100.0,32.41372108459911,29.973978637371218,0.0,expired,2024-04-26,,,,,,,,,,,,,,,,,,,,,,
312,2322,2024-04-19,603002,52746700.0,8.46677221825649,8.503345748356951,0.0,impulse_support_broken,2024-04-19,,,,,,,,,,,,,,,,,,,,,,
312,2359,2024-04-19,603048,3501800.0,14.097474744318,12.766558464898,0.0,expired,2024-04-26,,,,,,,,,,,,,,,,,,,,,,
312,2697,2024-04-19,603633,14748600.0,19.31983862869081,17.8939171090624,0.0,failed_first_breakout,2024-04-25,315.0,19.96290127479774,18.64881673710097,5178700.0,0.4022585194526938,2024-04-24,,,,,,,,,,,,,,,,
312,2799,2024-04-19,603839,6970300.0,9.613935336313425,8.9655967298183,0.0,failed_first_breakout,2024-04-26,316.0,10.095558301138375,9.632459296499,2592600.0,0.40219933144914854,2024-04-25,,,,,,,,,,,,,,,,
312,2906,2024-04-19,605068,3889800.0,15.633207701682727,14.407481117763416,0.0,failed_first_breakout,2024-04-26,316.0,16.651184017141137,15.892895537258852,1498100.0,0.4176821430407733,2024-04-25,,,,,,,,,,,,,,,,
312,2951,2024-04-19,605258,2222500.0,19.302807588389456,17.841101965423338,0.0,expired,2024-04-26,,,,,,,,,,,,,,,,,,,,,,
312,2982,2024-04-19,605398,2886300.0,41.80017865192346,37.5181115233875,0.0,expired,2024-04-26,317.0,43.6210576645252,42.08031388463142,1384200.0,0.5130443820808648,2024-04-26,,,,,,,,,,,,,,,,
313,1314,2024-04-22,002956,15825100.0,42.1638431324953,37.75688777683901,0.0,expired,2024-04-29,,,,,,,,,,,,,,,,,,,,,,
313,1374,2024-04-22,003021,8696700.0,98.09284576922953,86.4815230447588,0.0,expired,2024-04-29,,,,,,,,,,,,,,,,,,,,,,
313,1577,2024-04-22,600262,16819800.0,24.99732664216124,25.47596600343795,0.0,impulse_support_broken,2024-04-23,,,,,,,,,,,,,,,,,,,,,,
313,1657,2024-04-22,600379,25265600.0,25.677530841726238,24.393654299639927,0.0,impulse_support_broken,2024-04-22,,,,,,,,,,,,,,,,,,,,,,
313,2382,2024-04-22,603076,3539400.0,33.60917674521415,32.7510701049108,0.0,expired,2024-04-29,,,,,,,,,,,,,,,,,,,,,,
313,2665,2024-04-22,603580,26416000.0,43.32556481998913,42.8360104152435,0.0,impulse_support_broken,2024-04-22,,,,,,,,,,,,,,,,,,,,,,
314,75,2024-04-23,000422,86313200.0,138.4072892819985,124.0468491885105,0.0,expired,2024-04-30,,,,,,,,,,,,,,,,,,,,,,
314,440,2024-04-23,001299,8571700.0,11.84,11.32,0.0,expired,2024-04-30,,,,,,,,,,,,,,,,,,,,,,
314,988,2024-04-23,002566,19097800.0,21.087738799292175,21.682200278797442,0.0,impulse_support_broken,2024-04-23,,,,,,,,,,,,,,,,,,,,,,
314,1347,2024-04-23,002992,6969000.0,59.50584705882565,52.96311176470777,0.0,failed_first_breakout,2024-04-30,317.0,62.175811764708094,58.34269411764914,2083600.0,0.36422729229444684,2024-04-26,,,,,,,,,,,,,,,,
314,1905,2024-04-23,600727,35318300.0,32.1369688182777,29.643583306514774,0.0,expired,2024-04-30,,,,,,,,,,,,,,,,,,,,,,
314,2554,2024-04-23,603309,12664800.0,32.78701719735288,30.10187354756967,0.0,expired,2024-04-30,319.0,35.783072217110984,34.03066267725247,3174600.0,0.38340123807719034,2024-04-30,,,,,,,,,,,,,,,,
314,2633,2024-04-23,603500,11430023.0,25.288253296335892,22.77856962184671,0.0,expired,2024-04-30,319.0,25.7348919163721,24.73527214771963,3728899.0,0.3654711368472312,2024-04-30,,,,,,,,,,,,,,,,
314,2935,2024-04-23,605169,10735500.0,15.898875995554002,15.458304733026601,0.0,expired,2024-04-30,,,,,,,,,,,,,,,,,,,,,,
315,252,2024-04-24,000777,76258700.0,133.90424860491635,136.4820844069361,0.0,impulse_support_broken,2024-04-25,,,,,,,,,,,,,,,,,,,,,,
315,1124,2024-04-24,002730,37935700.0,17.657552070598648,16.3929528506884,-1.2543864229765065,closed,2024-05-08,317.0,17.02525246064352,16.627137891412517,17111800.0,0.5060009437021065,2024-04-26,,2024-04-29,17.961992623540002,0.0743155149934812,0.8947368421052617,1.0,319.0,2024-04-30,7.66,2.3418504072412,17.938574119467592,16.862259672299537,3.0,2024-05-08,hold_expired,7.58
315,1659,2024-04-24,600382,28730500.0,30.095129100581225,28.36781484756773,0.0,impulse_support_broken,2024-04-26,,,,,,,,,,,,,,,,,,,,,,
315,2800,2024-04-24,603848,8136500.0,15.820446050020498,15.01305776884704,0.0,expired,2024-05-06,,,,,,,,,,,,,,,,,,,,,,
316,1183,2024-04-25,002805,30843700.0,26.991357693282144,25.145250681241617,0.0,expired,2024-05-07,,,,,,,,,,,,,,,,,,,,,,
316,1376,2024-04-25,003023,12068300.0,22.776336591866453,22.10764845945096,0.0,failed_first_breakout,2024-05-06,319.0,24.127359553277344,22.407875784208937,5552000.0,0.5290223146590655,2024-04-30,,,,,,,,,,,,,,,,
316,2004,2024-04-25,600855,54134400.0,15.612059237958157,14.065659271290016,-1.5115184381778843,closed,2024-05-13,320.0,14.624995429446578,14.0985613982404,13111400.0,0.2933772240941065,2024-05-06,,2024-05-07,15.381744349305453,0.08342245989304804,0.843749999999999,2.0,322.0,2024-05-08,9.22,1.6451063475193,15.167880524127947,14.257807692680268,3.0,2024-05-13,hold_expired,9.1
316,2469,2024-04-25,603188,15769500.0,5.07683487035394,4.709574475477272,0.0,expired,2024-05-07,,,,,,,,,,,,,,,,,,,,,,
316,2689,2024-04-25,603616,35787000.0,7.17189362100548,6.567520563055579,0.0,expired,2024-05-07,,,,,,,,,,,,,,,,,,,,,,
316,2935,2024-04-25,605169,15878900.0,17.23974505542,15.764789089567401,0.0,duplicate_active_origin,2024-04-25,,,,,,,2024-04-23,,,,,,,,,,,,,,,
317,2332,2024-04-26,603015,29298200.0,16.901832389607947,16.18027938979286,0.0,failed_first_breakout,2024-05-07,320.0,18.060690237795814,17.27354151072481,9781700.0,0.4061563509021032,2024-05-06,,,,,,,,,,,,,,,,
317,2339,2024-04-26,603023,55626700.0,19.691779132703477,16.928020657938077,0.0,expired,2024-05-08,,,,,,,,,,,,,,,,,,,,,,
317,2412,2024-04-26,603110,23648400.0,32.35116711458038,28.8032454777445,0.0,expired,2024-05-08,,,,,,,,,,,,,,,,,,,,,,
317,2949,2024-04-26,605228,14283300.0,10.55553601146539,9.749068559912425,0.0,expired,2024-05-08,,,,,,,,,,,,,,,,,,,,,,
318,139,2024-04-29,000571,46704900.0,36.59955090558894,32.71599727252001,0.0,expired,2024-05-09,,,,,,,,,,,,,,,,,,,,,,
318,213,2024-04-29,000710,33552200.0,28.605098805194444,26.57686441558408,0.0,expired,2024-05-09,,,,,,,,,,,,,,,,,,,,,,
318,508,2024-04-29,002023,165517500.0,115.32345955267057,104.47671002952677,0.0,entry_below_trigger,2024-05-08,320.0,113.78854216732003,107.7512004516079,46769000.0,0.36588970954732886,2024-05-06,,2024-05-07,114.50483694715028,0.05898123324396787,1.0,1.0,322.0,,,,,,,,,
318,1138,2024-04-29,002748,16779300.0,15.752184984720442,15.01214944852552,0.0,expired,2024-05-09,,,,,,,,,,,,,,,,,,,,,,
318,1350,2024-04-29,002996,15690500.0,9.035128905502752,8.577267643399571,0.0,failed_first_breakout,2024-05-09,321.0,9.56421303059976,9.1572252420636,4691300.0,0.37587712309996496,2024-05-07,,,,,,,,,,,,,,,,
319,755,2024-04-30,002298,105867800.0,16.92489584339828,15.257573390424099,0.0,expired,2024-05-10,323.0,16.8305191007771,16.26425864505002,33312400.0,0.4538594360135943,2024-05-09,,,,,,,,,,,,,,,,
319,1155,2024-04-30,002771,36548800.0,52.066831057710544,49.17868634572661,0.0,expired,2024-05-10,,,,,,,,,,,,,,,,,,,,,,
319,1334,2024-04-30,002979,35412000.0,30.570649463268435,28.023095341329398,0.0,expired,2024-05-10,,,,,,,,,,,,,,,,,,,,,,
319,2497,2024-04-30,603220,43318100.0,33.06223277806878,30.74902266879325,0.0,expired,2024-05-10,,,,,,,,,,,,,,,,,,,,,,
319,2586,2024-04-30,603348,13527400.0,29.932699147944405,27.94615292035874,0.0,expired,2024-05-10,,,,,,,,,,,,,,,,,,,,,,
319,2607,2024-04-30,603385,16195000.0,8.81286656896062,8.42841265823415,0.0,expired,2024-05-10,324.0,9.744427968028605,9.241680546309375,4105400.0,0.27213337449830194,2024-05-10,,,,,,,,,,,,,,,,
319,2968,2024-04-30,605333,12016000.0,27.816527240771922,24.61195079085995,0.0,expired,2024-05-10,,,,,,,,,,,,,,,,,,,,,,
320,130,2024-05-06,000560,222184600.0,10.476155066851387,9.36504771127624,0.0,expired,2024-05-13,,,,,,,,,,,,,,,,,,,,,,
320,187,2024-05-06,000668,10325900.0,27.65925618564867,24.992385754525518,0.0,failed_first_breakout,2024-05-13,323.0,30.211832169723685,28.573611762033753,3127900.0,0.32141508246254563,2024-05-09,,,,,,,,,,,,,,,,
320,340,2024-05-06,000926,62790000.0,12.776648842007429,12.070756640791547,0.0,raw_entry_price_not_above_six,2024-05-13,323.0,12.917827282250604,12.458997351460281,16680100.0,0.287366618888358,2024-05-09,,2024-05-10,13.023711112432986,0.04336043360433609,0.7499999999999969,1.0,325.0,,,,,,,,,
320,496,2024-05-06,002009,42107200.0,79.21730087037675,78.02931135493823,0.0,impulse_support_broken,2024-05-08,,,,,,,,,,,,,,,,,,,,,,
320,1044,2024-05-06,002633,12539900.0,9.97263335837685,9.05910969196065,0.0,failed_first_breakout,2024-05-10,323.0,11.312468069120609,10.59687453042792,6441100.0,0.5512962623306406,2024-05-09,,,,,,,,,,,,,,,,
320,1554,2024-05-06,600228,27522800.0,12.36478167653982,11.952622287321825,0.0,expired,2024-05-13,,,,,,,,,,,,,,,,,,,,,,
320,2375,2024-05-06,603068,6424000.0,21.490417529398098,20.293123257222,0.0,failed_first_breakout,2024-05-10,323.0,21.865840309656704,21.186020680539766,1996300.0,0.32419053549190535,2024-05-09,,,,,,,,,,,,,,,,
320,2958,2024-05-06,605288,2452900.0,53.94917563561761,51.268292208360094,0.0,impulse_support_broken,2024-05-13,323.0,53.56001513811248,51.988959796332544,1148900.0,0.4893187655428269,2024-05-09,,,,,,,,,,,,,,,,
321,365,2024-05-07,000965,155988000.0,9.24577576130364,8.759155984392924,0.0,impulse_support_broken,2024-05-08,,,,,,,,,,,,,,,,,,,,,,
321,813,2024-05-07,002365,23710200.0,28.289773277540753,26.220617198488014,0.0,expired,2024-05-14,326.0,27.71312322272278,26.966870210605396,4047400.0,0.1994816576831912,2024-05-14,,,,,,,,,,,,,,,,
321,2596,2024-05-07,603365,8462100.0,23.54965063524444,21.764072670854222,0.0,expired,2024-05-14,,,,,,,,,,,,,,,,,,,,,,
322,161,2024-05-08,000608,57361900.0,22.838523249847537,22.838523249847537,0.0,impulse_support_broken,2024-05-08,,,,,,,,,,,,,,,,,,,,,,
322,376,2024-05-08,000980,203971000.0,4.453652497627418,4.245537894934548,0.0,impulse_support_broken,2024-05-08,,,,,,,,,,,,,,,,,,,,,,
322,1032,2024-05-08,002616,62579300.0,24.067422316258874,22.673556158946585,0.0,factor_changed_observation,2024-05-10,,,,,,,,,,,,,,,,,,,,,,
322,1274,2024-05-08,002910,20004900.0,8.389178991996069,7.81485866980563,0.0,impulse_support_broken,2024-05-13,,,,,,,,,,,,,,,,,,,,,,
322,1325,2024-05-08,002968,16541800.0,32.48449965066694,30.799139038068756,0.0,expired,2024-05-15,,,,,,,,,,,,,,,,,,,,,,
322,1551,2024-05-08,600223,50153700.0,16.70021971083025,15.803179337791367,0.0,expired,2024-05-15,326.0,16.94833726081973,16.299414437770324,14905800.0,0.33236331516916995,2024-05-14,,,,,,,,,,,,,,,,
322,2192,2024-05-08,601333,255599000.0,4.553926178899953,4.715127105586676,0.0,impulse_support_broken,2024-05-08,,,,,,,,,,,,,,,,,,,,,,
322,2496,2024-05-08,603219,24534600.0,23.3699200510208,21.719419447417454,0.0,expired,2024-05-15,,,,,,,,,,,,,,,,,,,,,,
322,2771,2024-05-08,603778,32500100.0,21.948088966317144,21.948088966317144,0.0,impulse_support_broken,2024-05-08,,,,,,,,,,,,,,,,,,,,,,
322,2864,2024-05-08,603968,17610500.0,33.70302858979648,29.83709295743747,0.0,expired,2024-05-15,325.0,34.66951249788623,32.88523451372053,6433700.0,0.3943698361772806,2024-05-13,,,,,,,,,,,,,,,,
322,2961,2024-05-08,605298,6816400.0,17.49073826385606,18.02407586533408,0.0,impulse_support_broken,2024-05-08,,,,,,,,,,,,,,,,,,,,,,
323,1174,2024-05-09,002795,67086800.0,19.55022335877788,19.26150698006175,0.0,impulse_support_broken,2024-05-09,,,,,,,,,,,,,,,,,,,,,,
323,1554,2024-05-09,600228,38243100.0,13.05894485838065,13.232485653840858,0.0,duplicate_active_origin,2024-05-09,,,,,,,2024-05-06,,,,,,,,,,,,,,,
323,2520,2024-05-09,603261,12338700.0,38.725779270604164,35.07850394665736,0.0,expired,2024-05-16,328.0,36.86678021352325,34.856232320267246,3295200.0,0.2892727759002164,2024-05-16,,,,,,,,,,,,,,,,
324,941,2024-05-10,002513,31206600.0,13.856175774213092,13.200614769841717,0.0,impulse_support_broken,2024-05-10,,,,,,,,,,,,,,,,,,,,,,
324,1011,2024-05-10,002591,79202900.0,17.55714784511006,15.926345574912089,0.0,impulse_support_broken,2024-05-13,,,,,,,,,,,,,,,,,,,,,,
324,1967,2024-05-10,600807,56349400.0,21.251905512390802,18.897848286402898,0.0,expired,2024-05-17,,,,,,,,,,,,,,,,,,,,,,
325,449,2024-05-13,001316,8843300.0,34.67735354927668,30.557574086836944,0.0,expired,2024-05-20,,,,,,,,,,,,,,,,,,,,,,
325,1183,2024-05-13,002805,49204900.0,29.877226125897216,28.6464881178702,0.0,impulse_support_broken,2024-05-14,,,,,,,,,,,,,,,,,,,,,,
325,2275,2024-05-13,601866,384151800.0,3.1962966597465305,2.888505129548716,0.0,expired,2024-05-20,,,,,,,,,,,,,,,,,,,,,,
325,2704,2024-05-13,603655,6920200.0,17.272617277574447,16.350044247911715,0.0,expired,2024-05-20,330.0,18.102933004270902,17.11885510596399,2342100.0,0.41134649287592845,2024-05-20,,,,,,,,,,,,,,,,
326,2017,2024-05-14,600869,106157600.0,47.958953277918596,46.56728722297898,0.0,impulse_support_broken,2024-05-20,,,,,,,,,,,,,,,,,,,,,,
327,1096,2024-05-15,002693,56350100.0,21.48079054769632,19.763728986787477,0.0,impulse_support_broken,2024-05-17,,,,,,,,,,,,,,,,,,,,,,
327,1223,2024-05-15,002851,32568000.0,59.564232825331814,56.32704625873769,0.0,expired,2024-05-22,,,,,,,,,,,,,,,,,,,,,,
328,359,2024-05-16,000957,151617800.0,60.07973944066678,55.17109689913145,0.0,impulse_support_broken,2024-05-17,,,,,,,,,,,,,,,,,,,,,,
328,441,2024-05-16,001300,24537123.0,14.046203630623284,12.629526440410206,0.0,expired,2024-05-23,,,,,,,,,,,,,,,,,,,,,,
328,753,2024-05-16,002296,75508900.0,55.030328663351625,52.77162114358718,0.0,failed_first_breakout,2024-05-22,330.0,54.67098883066183,51.334261812828004,35594400.0,0.5018620321577986,2024-05-20,,,,,,,,,,,,,,,,
328,2498,2024-05-16,603221,28205700.0,11.443813268467931,10.500416475726848,0.0,factor_changed_observation,2024-05-22,,,,,,,,,,,,,,,,,,,,,,
329,766,2024-05-17,002312,157293200.0,152.6614011360922,132.43142405302723,0.0,factor_changed_observation,2024-05-24,,,,,,,,,,,,,,,,,,,,,,
329,872,2024-05-17,002427,40414300.0,7.6700400130952415,6.9317473915138805,0.0,expired,2024-05-24,,,,,,,,,,,,,,,,,,,,,,
329,884,2024-05-17,002442,87617500.0,13.5398405151695,12.325389171251624,0.0,expired,2024-05-24,,,,,,,,,,,,,,,,,,,,,,
329,1083,2024-05-17,002676,106691000.0,21.647061330546038,19.351160886397214,0.0,expired,2024-05-24,,,,,,,,,,,,,,,,,,,,,,
329,1238,2024-05-17,002868,7216200.0,24.636969230783972,22.761967655301813,0.0,expired,2024-05-24,,,,,,,,,,,,,,,,,,,,,,
329,1589,2024-05-17,600281,37535900.0,6.93706199805979,6.258857612774615,0.0,expired,2024-05-24,,,,,,,,,,,,,,,,,,,,,,
329,1967,2024-05-17,600807,68641000.0,21.709638861888447,20.07487689939685,0.0,duplicate_active_origin,2024-05-17,,,,,,,2024-05-10,,,,,,,,,,,,,,,
329,1995,2024-05-17,600844,71157200.0,21.50373549541094,18.86779372500573,0.0,expired,2024-05-24,,,,,,,,,,,,,,,,,,,,,,
329,2576,2024-05-17,603332,39411900.0,17.61084488372563,15.83992193452417,0.0,expired,2024-05-24,,,,,,,,,,,,,,,,,,,,,,
330,2560,2024-05-20,603316,32880500.0,6.933953547522034,6.196298914806924,0.0,impulse_support_broken,2024-05-23,332.0,6.531596475131974,6.276770329284935,10956900.0,0.3860236310275087,2024-05-22,,,,,,,,,,,,,,,,
331,73,2024-05-21,000420,370475800.0,29.26898813496824,26.001752250134576,0.0,expired,2024-05-28,,,,,,,,,,,,,,,,,,,,,,
331,1331,2024-05-21,002975,4961300.0,67.27729618100071,61.974551290288844,0.0,expired,2024-05-28,,,,,,,,,,,,,,,,,,,,,,
331,1775,2024-05-21,600561,46400600.0,14.08907729041848,12.69135136874998,0.0,impulse_support_broken,2024-05-24,,,,,,,,,,,,,,,,,,,,,,
331,2023,2024-05-21,600876,18976000.0,17.88780966433045,16.00488233124304,0.0,expired,2024-05-28,,,,,,,,,,,,,,,,,,,,,,
331,2356,2024-05-21,603042,40083300.0,11.472262179350531,11.624683731777687,0.0,impulse_support_broken,2024-05-23,,,,,,,,,,,,,,,,,,,,,,
332,2080,2024-05-22,600979,211720300.0,23.956518192858077,21.68036444531812,0.0,expired,2024-05-29,,,,,,,,,,,,,,,,,,,,,,
332,2328,2024-05-22,603010,28319400.0,52.571133891899464,48.319056885937,0.0,expired,2024-05-29,,,,,,,,,,,,,,,,,,,,,,
332,2880,2024-05-22,603991,5037900.0,31.205194945688486,27.620951269253144,0.0,expired,2024-05-29,,,,,,,,,,,,,,,,,,,,,,
332,2980,2024-05-22,605388,24987900.0,10.200598960880559,9.828163299022851,0.0,impulse_support_broken,2024-05-23,,,,,,,,,,,,,,,,,,,,,,
332,2990,2024-05-22,605567,18179500.0,9.919785932322828,9.390187504724485,0.0,impulse_support_broken,2024-05-28,,,,,,,,,,,,,,,,,,,,,,
334,2799,2024-05-24,603839,34937000.0,11.373711553943048,11.392235514128625,0.0,impulse_support_broken,2024-05-24,,,,,,,,,,,,,,,,,,,,,,
335,1076,2024-05-27,002669,56429700.0,22.139939494587473,19.77547993691308,0.0,factor_changed_observation,2024-05-29,,,,,,,,,,,,,,,,,,,,,,
336,224,2024-05-28,000722,69977500.0,51.89384089139476,46.97287322065905,0.0,impulse_support_broken,2024-06-03,,,,,,,,,,,,,,,,,,,,,,
336,360,2024-05-28,000958,143929900.0,19.7592292765615,20.041909159513047,0.0,factor_changed_anchor,2024-05-28,,,,,,,,,,,,,,,,,,,,,,
336,731,2024-05-28,002272,94130800.0,20.443812667090334,17.715668746988754,0.0,impulse_support_broken,2024-06-03,,,,,,,,,,,,,,,,,,,,,,
336,2385,2024-05-28,603079,15982700.0,24.57671137324409,24.267958717801324,0.0,impulse_support_broken,2024-05-28,,,,,,,,,,,,,,,,,,,,,,
337,1050,2024-05-29,002640,210959300.0,29.33836838787052,28.72459499063473,0.0,impulse_support_broken,2024-05-30,,,,,,,,,,,,,,,,,,,,,,
337,1154,2024-05-29,002769,33822300.0,33.001539079838516,30.999890519786106,0.0,impulse_support_broken,2024-06-03,,,,,,,,,,,,,,,,,,,,,,
337,2038,2024-05-29,600895,148539100.0,408.007410447884,349.0083755358682,0.0,expired,2024-06-05,,,,,,,,,,,,,,,,,,,,,,
337,2333,2024-05-29,603016,6714400.0,20.21680414124617,18.805016142555793,0.0,expired,2024-06-05,,,,,,,,,,,,,,,,,,,,,,
337,2703,2024-05-29,603650,43273446.0,32.344255011966176,28.272437795249402,0.0,factor_changed_observation,2024-06-05,,,,,,,,,,,,,,,,,,,,,,
337,2798,2024-05-29,603836,12660800.0,14.535952519548989,14.234018787688921,0.0,expired,2024-06-05,,,,,,,,,,,,,,,,,,,,,,
339,1824,2024-05-31,600620,35396000.0,2544.835287953574,2291.2115008095525,0.0,impulse_support_broken,2024-06-04,,,,,,,,,,,,,,,,,,,,,,
340,2459,2024-06-03,603177,24106000.0,9.728756197254226,8.706275056856018,0.0,impulse_support_broken,2024-06-04,,,,,,,,,,,,,,,,,,,,,,
341,2825,2024-06-04,603890,110527800.0,33.858415930142186,29.21582090740654,0.0,impulse_support_broken,2024-06-06,,,,,,,,,,,,,,,,,,,,,,
343,1188,2024-06-06,002811,28430400.0,14.804087731936638,14.316636062714334,0.0,impulse_support_broken,2024-06-06,,,,,,,,,,,,,,,,,,,,,,
343,1847,2024-06-06,600653,197522800.0,18555.721157972985,17369.01806066076,0.0,impulse_support_broken,2024-06-06,,,,,,,,,,,,,,,,,,,,,,
343,1986,2024-06-06,600830,57029800.0,76.54391410939851,67.58544119881707,0.0,expired,2024-06-14,,,,,,,,,,,,,,,,,,,,,,
343,2743,2024-06-06,603709,12926400.0,18.348700851054403,15.415866195210919,0.0,impulse_support_broken,2024-06-07,,,,,,,,,,,,,,,,,,,,,,
343,2766,2024-06-06,603767,28044700.0,22.759204970754148,20.26596860090099,0.0,expired,2024-06-14,,,,,,,,,,,,,,,,,,,,,,
343,2769,2024-06-06,603776,17737900.0,26.73580072289342,24.26166618951896,0.0,expired,2024-06-14,,,,,,,,,,,,,,,,,,,,,,
344,1638,2024-06-07,600353,61619600.0,69.17863466301985,65.6879696112161,-2.022688821752262,closed,2024-06-20,347.0,69.70752330723255,67.48619100153924,20278100.0,0.3430134243000604,2024-06-13,,2024-06-14,69.91907876491763,0.03479576399394877,0.5957446808510655,1.0,349.0,2024-06-17,6.62,10.5777728842538,70.02485649376015,65.82336510413454,3.0,2024-06-20,hold_expired,6.5
344,2646,2024-06-07,603528,85218000.0,20.958198124713984,19.82532255040512,0.0,impulse_support_broken,2024-06-07,,,,,,,,,,,,,,,,,,,,,,
345,2972,2024-06-11,605358,34873200.0,34.33633406536057,35.01761053491138,0.0,expired,2024-06-18,,,,,,,,,,,,,,,,,,,,,,
346,657,2024-06-12,002188,29528300.0,8.96130424179324,8.130454841891881,0.0,expired,2024-06-19,350.0,8.862393598947842,8.545879541842561,8658700.0,0.332687625091861,2024-06-18,,,,,,,,,,,,,,,,
346,806,2024-06-12,002356,69909400.0,20.23183021214306,18.74338493768022,0.0,impulse_support_broken,2024-06-19,,,,,,,,,,,,,,,,,,,,,,
346,1044,2024-06-12,002633,10355200.0,9.24181442524389,8.845954169796869,0.0,expired,2024-06-19,,,,,,,,,,,,,,,,,,,,,,
346,2564,2024-06-12,603320,6568700.0,18.904920224886503,16.859651077749657,0.0,expired,2024-06-19,,,,,,,,,,,,,,,,,,,,,,
346,2610,2024-06-12,603389,21480000.0,5.6488147380021,5.120773360319295,0.0,expired,2024-06-19,,,,,,,,,,,,,,,,,,,,,,
348,325,2024-06-14,000901,63988500.0,57.840722005330804,52.82829911775368,0.0,entry_below_trigger,2024-06-19,349.0,57.97262787079336,56.32380455251141,26207500.0,0.4212483493127671,2024-06-17,,2024-06-18,58.7640630635687,0.04152637485970821,0.9090909090909088,1.0,351.0,,,,,,,,,
348,1018,2024-06-14,002600,306749212.0,22.784676113486043,21.470175568477234,0.0,expired,2024-06-21,,,,,,,,,,,,,,,,,,,,,,
348,1256,2024-06-14,002889,37946100.0,36.17231543911548,36.5346424718946,0.0,expired,2024-06-21,,,,,,,,,,,,,,,,,,,,,,
348,2322,2024-06-14,603002,117367000.0,9.143382525115001,8.32047809785465,0.0,factor_changed_anchor,2024-06-14,,,,,,,,,,,,,,,,,,,,,,
348,2717,2024-06-14,603669,18342400.0,16.897419056553,16.12496561396772,0.0,impulse_support_broken,2024-06-19,,,,,,,,,,,,,,,,,,,,,,
349,593,2024-06-17,002119,96211500.0,46.94348363286389,41.89212172091332,0.0,factor_changed_observation,2024-06-19,,,,,,,,,,,,,,,,,,,,,,
349,1043,2024-06-17,002632,78084900.0,51.05612111788491,45.376046960648665,0.0,expired,2024-06-24,,,,,,,,,,,,,,,,,,,,,,
349,1255,2024-06-17,002888,18381900.0,25.16012680104684,23.91345385144542,0.0,impulse_support_broken,2024-06-20,,,,,,,,,,,,,,,,,,,,,,
349,2148,2024-06-17,601133,38285300.0,11.618647771993198,12.37406597782446,0.0,factor_changed_anchor,2024-06-17,,,,,,,,,,,,,,,,,,,,,,
350,1297,2024-06-18,002937,15983500.0,40.29261596429276,35.133510207020954,0.0,failed_first_breakout,2024-06-24,353.0,39.00283952497481,37.16275847154787,6162100.0,0.4546720055056777,2024-06-21,,,,,,,,,,,,,,,,
350,2389,2024-06-18,603083,43915900.0,79.87072542100836,69.41411234360615,0.0,expired,2024-06-25,,,,,,,,,,,,,,,,,,,,,,
351,26,2024-06-19,000042,37752500.0,61.87124268213444,59.574711840221156,0.0,impulse_support_broken,2024-06-20,,,,,,,,,,,,,,,,,,,,,,
351,1321,2024-06-19,002963,12960200.0,10.977000070594931,9.787573065700348,0.0,expired,2024-06-26,355.0,10.392366458019628,9.777493175828358,4330600.0,0.3781423126186324,2024-06-25,,,,,,,,,,,,,,,,
351,2520,2024-06-19,603261,8481700.0,32.31021187252599,28.10725748260391,0.0,impulse_support_broken,2024-06-24,,,,,,,,,,,,,,,,,,,,,,
352,190,2024-06-20,000676,144966900.0,73.9356458506565,66.50726071024518,0.0,expired,2024-06-27,,,,,,,,,,,,,,,,,,,,,,
352,192,2024-06-20,000679,21827700.0,15.2621788954353,14.493154377448251,0.0,impulse_support_broken,2024-06-24,,,,,,,,,,,,,,,,,,,,,,
352,1012,2024-06-20,002593,61490700.0,10.083619757249183,9.292072813847371,0.0,expired,2024-06-27,,,,,,,,,,,,,,,,,,,,,,
352,1044,2024-06-20,002633,8506000.0,9.57677310292983,9.18091284748281,0.0,impulse_support_broken,2024-06-20,,,,,,,,,,,,,,,,,,,,,,
352,1241,2024-06-20,002871,20841000.0,34.3689857096239,31.344212489855018,0.0,impulse_support_broken,2024-06-21,,,,,,,,,,,,,,,,,,,,,,
352,1371,2024-06-20,003018,17466400.0,8.992956284017254,8.18495437751862,0.0,expired,2024-06-27,,,,,,,,,,,,,,,,,,,,,,
352,1641,2024-06-20,600358,24771800.0,9.506397683397593,8.905621621621536,0.0,expired,2024-06-27,,,,,,,,,,,,,,,,,,,,,,
352,2516,2024-06-20,603256,20328400.0,7.443434954433412,6.902850292938248,0.0,impulse_support_broken,2024-06-24,,,,,,,,,,,,,,,,,,,,,,
352,2523,2024-06-20,603268,6561200.0,19.72383962307758,18.383246040597975,0.0,expired,2024-06-27,,,,,,,,,,,,,,,,,,,,,,
352,2611,2024-06-20,603390,35230400.0,7.882339468582909,7.011079579337724,0.0,expired,2024-06-27,,,,,,,,,,,,,,,,,,,,,,
352,2782,2024-06-20,603803,42232300.0,7.430826524962152,6.747532131862184,0.0,expired,2024-06-27,,,,,,,,,,,,,,,,,,,,,,
353,714,2024-06-21,002253,38464100.0,44.43067854069466,40.303870724848885,0.0,impulse_support_broken,2024-06-24,,,,,,,,,,,,,,,,,,,,,,
353,2324,2024-06-21,603005,126572400.0,59.44428568885,53.99452748042229,0.0,expired,2024-06-28,,,,,,,,,,,,,,,,,,,,,,
353,2455,2024-06-21,603171,13918400.0,24.05079281902572,21.98256797890516,0.0,expired,2024-06-28,,,,,,,,,,,,,,,,,,,,,,
353,2625,2024-06-21,603458,25346500.0,14.660915337603864,13.671885334670272,0.0,expired,2024-06-28,,,,,,,,,,,,,,,,,,,,,,
354,582,2024-06-24,002105,57566800.0,8.955754798846927,7.437245314649374,0.0,impulse_support_broken,2024-06-25,,,,,,,,,,,,,,,,,,,,,,
354,647,2024-06-24,002178,146278100.0,27.24697566524332,25.090740180943488,0.0,impulse_support_broken,2024-06-24,,,,,,,,,,,,,,,,,,,,,,
354,2217,2024-06-24,601579,59059200.0,14.30195217473101,13.678676437933394,0.0,impulse_support_broken,2024-06-24,,,,,,,,,,,,,,,,,,,,,,
355,1254,2024-06-25,002887,37721900.0,34.24961198635464,28.931909072683787,0.0,expired,2024-07-02,360.0,30.509193835213278,28.706582678036717,11084300.0,0.2968434781917136,2024-07-02,,,,,,,,,,,,,,,,
356,783,2024-06-26,002331,54289400.0,39.01039950060564,35.34137160843249,0.0,expired,2024-07-03,,,,,,,,,,,,,,,,,,,,,,
356,1656,2024-06-26,600378,8820500.0,121.45169768997361,107.30795568050833,0.0,expired,2024-07-03,,,,,,,,,,,,,,,,,,,,,,
356,2851,2024-06-26,603936,97516600.0,16.2412066750561,15.095477986345461,0.0,expired,2024-07-03,,,,,,,,,,,,,,,,,,,,,,
356,2930,2024-06-26,605158,34738400.0,9.433192831926103,8.68475088568047,0.0,expired,2024-07-03,,,,,,,,,,,,,,,,,,,,,,
357,693,2024-06-27,002232,23951700.0,39.92417736437592,37.357623105237465,0.0,expired,2024-07-04,,,,,,,,,,,,,,,,,,,,,,
357,788,2024-06-27,002337,25457700.0,20.273572115004672,18.742495054236088,0.0,expired,2024-07-04,,,,,,,,,,,,,,,,,,,,,,
357,1268,2024-06-27,002903,13326200.0,27.336441457855713,25.138774967027523,0.0,expired,2024-07-04,,,,,,,,,,,,,,,,,,,,,,
357,1789,2024-06-27,600579,33756600.0,10.896289322033967,9.767140169491588,0.0,expired,2024-07-04,,,,,,,,,,,,,,,,,,,,,,
357,1900,2024-06-27,600721,66440900.0,8.692241928053763,7.892788239018717,0.0,impulse_support_broken,2024-07-04,,,,,,,,,,,,,,,,,,,,,,
357,2325,2024-06-27,603006,12752600.0,23.939431938678563,21.810431074566836,0.0,impulse_support_broken,2024-07-04,,,,,,,,,,,,,,,,,,,,,,
358,430,2024-06-28,001278,10274200.0,16.22393207275051,14.537285669147735,0.0,entry_below_trigger,2024-07-04,360.0,15.972943024595336,15.440846242506366,3602100.0,0.39861497732183526,2024-07-02,,2024-07-03,16.02314083422637,0.036340852130325785,0.47422680412371226,1.0,362.0,,,,,,,,,
358,1782,2024-06-28,600571,74733600.0,118.06007735819648,104.43776073994303,0.0,expired,2024-07-05,,,,,,,,,,,,,,,,,,,,,,
358,2084,2024-06-28,600983,9291400.0,21.540697545209337,21.132214026652903,0.0,impulse_support_broken,2024-06-28,,,,,,,,,,,,,,,,,,,,,,
359,647,2024-07-01,002178,97057800.0,23.71859032729814,22.281100004431586,0.0,impulse_support_broken,2024-07-08,,,,,,,,,,,,,,,,,,,,,,
360,29,2024-07-02,000049,32171700.0,222.2353399677409,197.8312086894462,0.0,expired,2024-07-09,,,,,,,,,,,,,,,,,,,,,,
361,1055,2024-07-03,002645,34877100.0,37.73761370802134,38.18289528569711,0.0,impulse_support_broken,2024-07-03,,,,,,,,,,,,,,,,,,,,,,
362,187,2024-07-04,000668,21916600.0,27.125882099424043,23.658950538963946,0.0,impulse_support_broken,2024-07-05,,,,,,,,,,,,,,,,,,,,,,
362,283,2024-07-04,000820,33649100.0,4.196291187739492,3.888306513409988,0.0,expired,2024-07-11,,,,,,,,,,,,,,,,,,,,,,
362,974,2024-07-04,002552,19633200.0,45.1500545391552,41.26213317606128,0.0,expired,2024-07-11,,,,,,,,,,,,,,,,,,,,,,
362,2408,2024-07-04,603106,47793300.0,8.76805944237819,8.070385895350249,0.0,impulse_support_broken,2024-07-05,,,,,,,,,,,,,,,,,,,,,,
362,2842,2024-07-04,603918,50702200.0,41.63924174198945,37.2095351736927,0.0,factor_changed_anchor,2024-07-04,,,,,,,,,,,,,,,,,,,,,,
363,217,2024-07-05,000715,28745500.0,26.89891839321884,25.64293776785454,0.0,impulse_support_broken,2024-07-09,,,,,,,,,,,,,,,,,,,,,,
363,1133,2024-07-05,002741,24604300.0,29.362388659385527,27.06366303365075,0.0,expired,2024-07-12,,,,,,,,,,,,,,,,,,,,,,
363,1588,2024-07-05,600280,76464000.0,29.85421813581246,27.55773981767304,0.0,impulse_support_broken,2024-07-08,,,,,,,,,,,,,,,,,,,,,,
363,1760,2024-07-05,600539,23599700.0,4.746415305759668,4.5521885924804995,0.0,impulse_support_broken,2024-07-08,,,,,,,,,,,,,,,,,,,,,,
363,1891,2024-07-05,600712,39515100.0,22.78587218219945,21.449270741344176,0.0,expired,2024-07-12,,,,,,,,,,,,,,,,,,,,,,
363,2385,2024-07-05,603079,17497600.0,23.290408540013622,23.60094732054714,0.0,impulse_support_broken,2024-07-08,,,,,,,,,,,,,,,,,,,,,,
363,2688,2024-07-05,603615,12629100.0,13.88784887467776,14.0958199892736,0.0,impulse_support_broken,2024-07-05,,,,,,,,,,,,,,,,,,,,,,
364,953,2024-07-08,002527,66571800.0,18.529151948533865,16.852305618349806,0.0,impulse_support_broken,2024-07-15,,,,,,,,,,,,,,,,,,,,,,
365,9,2024-07-09,000017,43659800.0,19.872560764717456,18.376426893723995,0.0,expired,2024-07-16,,,,,,,,,,,,,,,,,,,,,,
365,222,2024-07-09,000720,49414600.0,19.50345826392417,17.38510511915338,0.0,impulse_support_broken,2024-07-10,,,,,,,,,,,,,,,,,,,,,,
365,317,2024-07-09,000890,43318400.0,9.83582995897796,9.244201089265,0.0,impulse_support_broken,2024-07-10,,,,,,,,,,,,,,,,,,,,,,
365,1225,2024-07-09,002853,23052700.0,22.542306261039837,20.426516217999016,0.0,factor_changed_anchor,2024-07-09,,,,,,,,,,,,,,,,,,,,,,
365,1349,2024-07-09,002995,19734200.0,40.33802438785301,35.81859368051527,-6.209999999999995,closed,2024-07-18,368.0,40.14152740057746,38.31691251873303,8113300.0,0.44238175350406905,2024-07-12,,2024-07-15,43.56618917880854,0.12048969072164954,1.0,1.0,370.0,2024-07-16,15.52,2.8070998182222,43.56618917880854,40.95221782808003,3.0,2024-07-18,stop_loss,14.5888
367,1255,2024-07-11,002888,17407100.0,25.424572578235022,22.38344614057095,0.0,expired,2024-07-18,,,,,,,,,,,,,,,,,,,,,,
367,2860,2024-07-11,603958,12359800.0,8.21739470338587,7.742520135099751,0.0,expired,2024-07-18,,,,,,,,,,,,,,,,,,,,,,
367,2906,2024-07-11,605068,10442600.0,15.487782513760097,13.680355178150265,0.0,expired,2024-07-18,,,,,,,,,,,,,,,,,,,,,,
368,121,2024-07-12,000550,50558884.0,83.03851896740403,84.93081765700975,0.0,factor_changed_observation,2024-07-19,,,,,,,,,,,,,,,,,,,,,,
368,1184,2024-07-12,002806,35765200.0,16.0036550986714,14.517354517153322,0.0,expired,2024-07-19,,,,,,,,,,,,,,,,,,,,,,
368,2722,2024-07-12,603680,18857400.0,13.7490317402319,12.17771382706254,0.0,factor_changed_observation,2024-07-19,,,,,,,,,,,,,,,,,,,,,,
368,2946,2024-07-12,605208,21600300.0,12.017967574275048,11.425153030252511,0.0,impulse_support_broken,2024-07-17,369.0,12.143716113916192,11.856290880450718,9879600.0,0.5234371744836878,2024-07-15,,,,,,,,,,,,,,,,
369,732,2024-07-15,002273,161615700.0,293.8095969728176,278.31426236544416,0.0,expired,2024-07-22,373.0,291.70343498734934,273.0488574017736,57464700.0,0.4187792398882039,2024-07-19,,,,,,,,,,,,,,,,
369,951,2024-07-15,002524,21552600.0,14.627335191087596,13.847822030434026,0.0,failed_first_breakout,2024-07-22,373.0,14.168798037761967,13.389284877108395,7701200.0,0.4444869760492934,2024-07-19,,,,,,,,,,,,,,,,
369,1123,2024-07-15,002729,25305600.0,27.05331925696219,26.24367399540192,0.0,impulse_support_broken,2024-07-18,,,,,,,,,,,,,,,,,,,,,,
369,1364,2024-07-15,003010,20567800.0,16.92093806948938,17.035656293689307,0.0,impulse_support_broken,2024-07-16,,,,,,,,,,,,,,,,,,,,,,
369,1444,2024-07-15,600067,73845600.0,41.373920906616775,39.36113556521379,0.0,failed_first_breakout,2024-07-17,370.0,41.373920906616775,39.80842119663668,17130300.0,0.3891430227393372,2024-07-16,,,,,,,,,,,,,,,,
369,2385,2024-07-15,603079,15533100.0,23.973593857187357,21.882632734928357,0.0,expired,2024-07-22,,,,,,,,,,,,,,,,,,,,,,
369,2427,2024-07-15,603127,30377600.0,108.34368769909125,102.08417364514948,-2.5959649122807025,closed,2024-07-23,370.0,109.6574128709062,105.87079325802783,9593700.0,0.3453712604024018,2024-07-16,,2024-07-17,110.50747033502176,0.04195804195804208,0.6250000000000036,1.0,372.0,2024-07-18,14.25,7.7277951283232,110.1210805786056,103.51381574388925,3.0,2024-07-23,hold_expired,13.91
369,2926,2024-07-15,605136,18828700.0,5.8634793752105026,5.483534126729261,0.0,failed_first_breakout,2024-07-17,370.0,5.976436070704926,5.719716308217601,7443800.0,0.47446716979929576,2024-07-16,,,,,,,,,,,,,,,,
370,185,2024-07-16,000663,28271700.0,18.491161039786522,17.126041768392888,0.0,impulse_support_broken,2024-07-23,371.0,18.739364543676277,17.746550528117268,14034600.0,0.5128573803485464,2024-07-17,,,,,,,,,,,,,,,,
370,925,2024-07-16,002489,58540400.0,31.190282516231168,32.40865292702145,0.0,impulse_support_broken,2024-07-16,,,,,,,,,,,,,,,,,,,,,,
370,959,2024-07-16,002534,26807700.0,23.62178662287606,24.687082882339098,0.0,impulse_support_broken,2024-07-16,,,,,,,,,,,,,,,,,,,,,,
370,1188,2024-07-16,002811,18333200.0,12.511259510039135,12.09602290292384,0.0,impulse_support_broken,2024-07-17,,,,,,,,,,,,,,,,,,,,,,
370,1993,2024-07-16,600841,68668500.0,11.40460917899184,10.1668996556904,0.0,expired,2024-07-23,,,,,,,,,,,,,,,,,,,,,,
371,1085,2024-07-17,002678,32069200.0,11.168003753516548,12.035693268200788,0.0,impulse_support_broken,2024-07-17,,,,,,,,,,,,,,,,,,,,,,
371,1269,2024-07-17,002905,15716800.0,14.307168779719111,13.376621216810552,0.0,expired,2024-07-24,,,,,,,,,,,,,,,,,,,,,,
372,1046,2024-07-18,002636,35235600.0,18.090261671759784,17.197916925619165,0.0,impulse_support_broken,2024-07-23,374.0,17.81985417292929,16.900468676905625,11976800.0,0.3872589086037984,2024-07-22,,,,,,,,,,,,,,,,
372,1231,2024-07-18,002861,28331700.0,13.062048897439308,12.229187118644028,0.0,expired,2024-07-25,,,,,,,,,,,,,,,,,,,,,,
372,1828,2024-07-18,600626,85928600.0,33.939541713493036,35.420125747974275,0.0,impulse_support_broken,2024-07-18,,,,,,,,,,,,,,,,,,,,,,
373,1979,2024-07-19,600822,42342400.0,24.692364974034998,22.236770667224885,0.0,impulse_support_broken,2024-07-22,,,,,,,,,,,,,,,,,,,,,,
373,2941,2024-07-19,605186,9341700.0,21.53846283819427,19.6787363425454,0.0,expired,2024-07-26,378.0,20.45699145213759,19.81013006234668,2445000.0,0.2630088741877817,2024-07-26,,,,,,,,,,,,,,,,
374,805,2024-07-22,002355,106375300.0,10.396632114995482,9.392530824211212,0.0,expired,2024-07-29,,,,,,,,,,,,,,,,,,,,,,
375,4,2024-07-23,000008,91737900.0,54.59341496829688,49.483686473727225,0.0,expired,2024-07-30,380.0,57.55167883357406,54.59341496829688,43154700.0,0.5299598094135576,2024-07-30,,,,,,,,,,,,,,,,
375,971,2024-07-23,002549,55136700.0,46.36337864469559,47.70724469236792,0.0,impulse_support_broken,2024-07-23,,,,,,,,,,,,,,,,,,,,,,
375,997,2024-07-23,002576,12071000.0,15.514583356658063,14.462747196884633,0.0,expired,2024-07-30,,,,,,,,,,,,,,,,,,,,,,
375,1184,2024-07-23,002806,36822800.0,16.919631038444166,15.104961723800002,0.0,expired,2024-07-30,,,,,,,,,,,,,,,,,,,,,,
375,1746,2024-07-23,600520,31391300.0,38.23819841827381,34.632146638473344,0.0,entry_below_trigger,2024-07-31,379.0,38.28503025956993,36.880075020686625,13003100.0,0.4713853838483911,2024-07-29,,2024-07-30,38.68310091058686,0.04661016949152538,1.0,1.0,381.0,,,,,,,,,
375,2421,2024-07-23,603121,40645500.0,14.77087444581299,13.10766606317453,0.0,failed_first_breakout,2024-07-29,378.0,14.196671551806855,13.147266262761159,10830700.0,0.30669323787381136,2024-07-26,,,,,,,,,,,,,,,,
376,788,2024-07-24,002337,44934100.0,20.220776354288514,18.425720489939142,0.0,expired,2024-07-31,380.0,21.540670372192466,20.06238907214004,16078500.0,0.474994491933743,2024-07-30,,,,,,,,,,,,,,,,
376,2408,2024-07-24,603106,29160700.0,7.976105686292419,7.504704641003268,0.0,expired,2024-07-31,,,,,,,,,,,,,,,,,,,,,,
376,2650,2024-07-24,603535,6323700.0,22.47332531891315,21.173339080385595,-3.2798889614631075,closed,2024-08-06,380.0,22.503210060028728,21.68137967935039,2657500.0,0.4964973037936651,2024-07-30,,2024-07-31,22.682518506722186,0.044137022397892,0.824561403508774,1.0,382.0,2024-08-01,15.31,1.4942370557788,22.87676932397343,21.504163164535022,3.0,2024-08-06,hold_expired,14.84
376,2807,2024-07-24,603863,19650200.0,19.90449999999934,17.77691666666608,0.0,expired,2024-07-31,,,,,,,,,,,,,,,,,,,,,,
377,84,2024-07-25,000503,78066200.0,72.63347351024943,65.4381896551511,0.0,expired,2024-08-01,,,,,,,,,,,,,,,,,,,,,,
377,1111,2024-07-25,002713,41713600.0,8.490258279861159,8.15215064924722,0.0,expired,2024-08-01,,,,,,,,,,,,,,,,,,,,,,
377,1866,2024-07-25,600679,26931600.0,23.958541435604424,22.26526899237078,0.0,expired,2024-08-01,,,,,,,,,,,,,,,,,,,,,,
378,418,2024-07-26,001239,18937600.0,15.21,13.76,0.0,expired,2024-08-02,,,,,,,,,,,,,,,,,,,,,,
378,731,2024-07-26,002272,60004100.0,16.87729108601781,15.54947108339115,0.0,expired,2024-08-02,,,,,,,,,,,,,,,,,,,,,,
378,2625,2024-07-26,603458,32386900.0,15.126341221337322,16.464440637071007,0.0,impulse_support_broken,2024-07-26,,,,,,,,,,,,,,,,,,,,,,
379,1057,2024-07-29,002647,40323400.0,11.46694459569698,10.54822796636814,0.0,expired,2024-08-05,,,,,,,,,,,,,,,,,,,,,,
379,1238,2024-07-29,002868,3752300.0,18.15718437433827,16.58549187724293,0.0,expired,2024-08-05,,,,,,,,,,,,,,,,,,,,,,
379,1498,2024-07-29,600152,33915400.0,14.998372016948208,13.49546766351168,0.0,failed_first_breakout,2024-07-31,380.0,15.427773260787218,14.630313807943343,16996100.0,0.5401882330740607,2024-07-30,,,,,,,,,,,,,,,,
379,1775,2024-07-29,600561,54061600.0,13.585895958617822,11.4613525576817,0.0,expired,2024-08-05,,,,,,,,,,,,,,,,,,,,,,
380,336,2024-07-30,000921,40617900.0,41.65622514952416,39.99286893695635,0.0,impulse_support_broken,2024-07-30,,,,,,,,,,,,,,,,,,,,,,
380,519,2024-07-30,002035,68046200.0,110.3156174605863,109.78010475446695,0.0,impulse_support_broken,2024-07-30,,,,,,,,,,,,,,,,,,,,,,
380,864,2024-07-30,002418,107690600.0,9.550775114568669,8.400681776165111,0.0,expired,2024-08-06,,,,,,,,,,,,,,,,,,,,,,
380,1075,2024-07-30,002668,53961300.0,42.25258769893196,39.5345849814568,0.0,expired,2024-08-06,,,,,,,,,,,,,,,,,,,,,,
380,1255,2024-07-30,002888,17151200.0,27.03013622544897,24.21567759680334,0.0,expired,2024-08-06,,,,,,,,,,,,,,,,,,,,,,
380,1693,2024-07-30,600444,18421200.0,25.988766467855903,23.067961704856515,0.0,expired,2024-08-06,,,,,,,,,,,,,,,,,,,,,,
380,2469,2024-07-30,603188,27117200.0,5.379284607311196,4.882402896595703,0.0,expired,2024-08-06,,,,,,,,,,,,,,,,,,,,,,
380,2706,2024-07-30,603657,11125100.0,17.55424691040893,16.14801110930507,0.0,expired,2024-08-06,385.0,18.075660184975536,17.22243846295746,4598900.0,0.4445263413362576,2024-08-06,,,,,,,,,,,,,,,,
381,737,2024-07-31,002278,100331800.0,10.821660499954334,9.97026692024778,0.0,impulse_support_broken,2024-08-02,,,,,,,,,,,,,,,,,,,,,,
381,1311,2024-07-31,002952,13854600.0,48.36108468309529,45.012251935182384,0.0,impulse_support_broken,2024-08-05,,,,,,,,,,,,,,,,,,,,,,
382,941,2024-08-01,002513,28018200.0,11.144537074313325,10.518774297413378,0.0,impulse_support_broken,2024-08-05,,,,,,,,,,,,,,,,,,,,,,
382,1239,2024-08-01,002869,58816100.0,53.900405296226936,53.46893653461921,0.0,impulse_support_broken,2024-08-02,,,,,,,,,,,,,,,,,,,,,,
382,1811,2024-08-01,600604,57772100.0,219.30108036484495,190.76551810050367,0.0,expired,2024-08-08,,,,,,,,,,,,,,,,,,,,,,
382,1814,2024-08-01,600609,83153700.0,119.13434050466442,105.28151021342437,0.0,expired,2024-08-08,,,,,,,,,,,,,,,,,,,,,,
382,1976,2024-08-01,600819,41424600.0,16.28869775464418,15.078284970328797,0.0,expired,2024-08-08,385.0,16.21953130982616,15.458700416827915,13517100.0,0.3812746532253782,2024-08-06,,,,,,,,,,,,,,,,
382,2760,2024-08-01,603739,26737000.0,19.18218670618313,17.34621937213038,0.0,expired,2024-08-08,,,,,,,,,,,,,,,,,,,,,,
382,2892,2024-08-01,605008,5434800.0,17.66526073381705,16.004177345109806,0.0,expired,2024-08-08,,,,,,,,,,,,,,,,,,,,,,
382,2937,2024-08-01,605178,14581600.0,18.96802424701605,16.930717939003216,0.0,expired,2024-08-08,,,,,,,,,,,,,,,,,,,,,,
382,2945,2024-08-01,605198,7074800.0,24.68766252992135,22.926439594797063,0.0,impulse_support_broken,2024-08-05,,,,,,,,,,,,,,,,,,,,,,
383,270,2024-08-02,000801,112209100.0,166.18797921085783,144.15945536595603,0.0,expired,2024-08-09,,,,,,,,,,,,,,,,,,,,,,
383,416,2024-08-02,001236,40897000.0,7.41654247391964,6.594709388971788,0.0,failed_first_breakout,2024-08-08,385.0,7.2561847988078645,6.935469448584311,11661300.0,0.3381849524414994,2024-08-06,,,,,,,,,,,,,,,,
383,748,2024-08-02,002291,79029000.0,7.939768492865019,7.094010544712007,0.0,expired,2024-08-09,,,,,,,,,,,,,,,,,,,,,,
383,767,2024-08-02,002313,34892100.0,19.646044227604524,18.866652596140046,0.0,impulse_support_broken,2024-08-05,,,,,,,,,,,,,,,,,,,,,,
383,1262,2024-08-02,002896,17367500.0,50.09266306201483,43.744391598351605,0.0,expired,2024-08-09,,,,,,,,,,,,,,,,,,,,,,
383,1825,2024-08-02,600621,107132500.0,5381.85063752546,4805.223783504875,0.0,expired,2024-08-09,,,,,,,,,,,,,,,,,,,,,,
383,2388,2024-08-02,603082,13546900.0,34.444579043004204,30.984857662022986,0.0,expired,2024-08-09,,,,,,,,,,,,,,,,,,,,,,
383,2750,2024-08-02,603721,15199400.0,29.612087187752763,27.60197284106704,0.0,expired,2024-08-09,,,,,,,,,,,,,,,,,,,,,,
384,119,2024-08-05,000547,145156500.0,84.00370451082884,77.60567906148503,0.0,expired,2024-08-12,,,,,,,,,,,,,,,,,,,,,,
384,168,2024-08-05,000626,33944900.0,49.364954006261584,47.54849465971083,0.0,impulse_support_broken,2024-08-05,,,,,,,,,,,,,,,,,,,,,,
384,1104,2024-08-05,002703,65910500.0,30.556249856522403,27.806187369435385,0.0,impulse_support_broken,2024-08-08,386.0,29.53770819463832,28.315458200377424,17236000.0,0.302087679504783,2024-08-07,,,,,,,,,,,,,,,,
384,1146,2024-08-05,002760,5248900.0,13.721273232125073,12.961262589028324,0.0,failed_first_breakout,2024-08-08,386.0,13.967763170426721,13.022885073603737,2416500.0,0.5153460725104307,2024-08-07,,,,,,,,,,,,,,,,
385,467,2024-08-06,001358,6998900.0,30.19193333333403,27.906200000000645,0.0,expired,2024-08-13,,,,,,,,,,,,,,,,,,,,,,
385,1937,2024-08-06,600770,74177500.0,53.51269995924307,52.25357760726089,0.0,impulse_support_broken,2024-08-07,,,,,,,,,,,,,,,,,,,,,,
385,2443,2024-08-06,603158,69973300.0,31.91147678370202,29.539677833562003,0.0,impulse_support_broken,2024-08-09,,,,,,,,,,,,,,,,,,,,,,
386,737,2024-08-07,002278,93797300.0,11.157736912996393,9.74621597821974,0.0,failed_first_breakout,2024-08-14,388.0,10.597609557926294,9.947861826044978,33131100.0,0.39795548485937227,2024-08-09,,,,,,,,,,,,,,,,
386,1067,2024-08-07,002658,23008400.0,31.140162055397195,28.01498450145052,0.0,expired,2024-08-14,,,,,,,,,,,,,,,,,,,,,,
386,1111,2024-08-07,002713,49914600.0,9.5797162007283,9.05377099755106,0.0,impulse_support_broken,2024-08-09,,,,,,,,,,,,,,,,,,,,,,
386,2869,2024-08-07,603978,14267400.0,18.99608475299531,17.685314573648498,0.0,expired,2024-08-14,,,,,,,,,,,,,,,,,,,,,,
387,102,2024-08-08,000526,10771300.0,152.23613468354367,140.84313824050574,0.0,impulse_support_broken,2024-08-14,,,,,,,,,,,,,,,,,,,,,,
387,675,2024-08-08,002209,22631100.0,12.623714724167705,11.951075649645757,0.0,failed_first_breakout,2024-08-14,390.0,12.185717187269692,11.73207688119675,5010400.0,0.3090216560396976,2024-08-13,,,,,,,,,,,,,,,,
387,1054,2024-08-08,002644,25990300.0,42.00852605905184,37.481004150913925,0.0,expired,2024-08-15,390.0,42.23776767465376,39.773420306933126,11341900.0,0.4761545653570755,2024-08-13,,,,,,,,,,,,,,,,
387,1583,2024-08-08,600272,39779300.0,14.269798880533902,12.648230825927776,0.0,expired,2024-08-15,,,,,,,,,,,,,,,,,,,,,,
387,2489,2024-08-08,603212,35616400.0,11.02922771463468,10.09991315719787,0.0,expired,2024-08-15,,,,,,,,,,,,,,,,,,,,,,
388,790,2024-08-09,002339,65727900.0,31.7642129382028,30.217433873385968,0.0,failed_first_breakout,2024-08-15,391.0,32.59284458006896,31.211791843625363,22470000.0,0.3759111427567289,2024-08-14,,,,,,,,,,,,,,,,
388,1175,2024-08-09,002796,41533200.0,20.13801587698208,18.886631691300803,0.0,expired,2024-08-16,393.0,20.671012844957442,19.32693353441088,20408700.0,0.5381393680236534,2024-08-16,,,,,,,,,,,,,,,,
388,1465,2024-08-09,600105,145796800.0,45.07620655096281,42.25894364152764,0.0,impulse_support_broken,2024-08-12,,,,,,,,,,,,,,,,,,,,,,
388,1632,2024-08-09,600345,32281000.0,36.62218718182225,33.08583850141716,0.0,impulse_support_broken,2024-08-12,,,,,,,,,,,,,,,,,,,,,,
388,2073,2024-08-09,600969,43833200.0,11.840370317944243,11.213895697947194,0.0,expired,2024-08-16,,,,,,,,,,,,,,,,,,,,,,
388,2356,2024-08-09,603042,27722500.0,10.05982246019223,9.765140792166395,0.0,impulse_support_broken,2024-08-09,,,,,,,,,,,,,,,,,,,,,,
388,2577,2024-08-09,603333,54453200.0,5.14309323330463,4.77352964767795,0.0,expired,2024-08-16,,,,,,,,,,,,,,,,,,,,,,
388,2621,2024-08-09,603421,55348500.0,6.654651213923284,6.097587650766809,0.0,impulse_support_broken,2024-08-13,,,,,,,,,,,,,,,,,,,,,,
388,2767,2024-08-09,603768,9573400.0,11.77343278148493,10.93991541642405,0.0,expired,2024-08-16,,,,,,,,,,,,,,,,,,,,,,
389,207,2024-08-12,000702,68228200.0,13.172868841896864,12.0483556480764,0.0,expired,2024-08-19,,,,,,,,,,,,,,,,,,,,,,
389,283,2024-08-12,000820,34554800.0,4.619770114942559,4.33103448275865,0.0,expired,2024-08-19,,,,,,,,,,,,,,,,,,,,,,
389,514,2024-08-12,002030,65748700.0,158.49683367297243,153.80063119377326,0.0,expired,2024-08-19,,,,,,,,,,,,,,,,,,,,,,
389,2385,2024-08-12,603079,23827000.0,25.298559320797022,26.292283418504265,0.0,impulse_support_broken,2024-08-12,,,,,,,,,,,,,,,,,,,,,,
390,2421,2024-08-13,603121,33351400.0,14.652073847053101,13.50366805904083,0.0,failed_first_breakout,2024-08-15,391.0,14.929275244159511,14.355072350153375,15088200.0,0.4921322643127425,2024-08-14,,,,,,,,,,,,,,,,
390,2602,2024-08-13,603375,9853900.0,40.53442176870645,37.52063492063397,0.0,expired,2024-08-20,,,,,,,,,,,,,,,,,,,,,,
391,95,2024-08-14,000518,91893100.0,18.55702855351422,17.297501728615064,0.0,impulse_support_broken,2024-08-21,,,,,,,,,,,,,,,,,,,,,,
391,213,2024-08-14,000710,43284900.0,27.800798961038613,26.297107948051615,0.0,impulse_support_broken,2024-08-20,,,,,,,,,,,,,,,,,,,,,,
391,514,2024-08-14,002030,153093800.0,185.7935105833177,164.66059942692138,0.0,duplicate_active_origin,2024-08-14,,,,,,,2024-08-12,,,,,,,,,,,,,,,
391,1079,2024-08-14,002672,28718200.0,24.47958255199982,22.42404508580136,0.0,impulse_support_broken,2024-08-21,,,,,,,,,,,,,,,,,,,,,,
391,1096,2024-08-14,002693,40724800.0,17.87145706252059,16.154395501611752,0.0,expired,2024-08-21,396.0,17.48599426313289,16.539858300999448,13914600.0,0.36109692374179864,2024-08-21,,,,,,,,,,,,,,,,
391,2950,2024-08-14,605255,8843000.0,14.34361994946834,12.975972465914381,0.0,expired,2024-08-21,,,,,,,,,,,,,,,,,,,,,,
392,1123,2024-08-15,002729,33185600.0,28.588853373714432,26.24367399540192,0.0,expired,2024-08-22,,,,,,,,,,,,,,,,,,,,,,
392,1355,2024-08-15,003001,15351400.0,24.8435479697098,21.63229433814645,0.0,expired,2024-08-22,,,,,,,,,,,,,,,,,,,,,,
392,1975,2024-08-15,600817,44924500.0,54.906817538254806,51.28276900272804,0.0,expired,2024-08-22,,,,,,,,,,,,,,,,,,,,,,
392,2862,2024-08-15,603966,44895200.0,17.78121604803342,15.3971423879619,0.0,expired,2024-08-22,,,,,,,,,,,,,,,,,,,,,,
392,2937,2024-08-15,605178,13648000.0,19.53003978026097,17.633237355559366,0.0,expired,2024-08-22,,,,,,,,,,,,,,,,,,,,,,
392,2947,2024-08-15,605218,21460600.0,18.069555442931005,16.07787971449829,0.0,expired,2024-08-22,,,,,,,,,,,,,,,,,,,,,,
393,110,2024-08-16,000536,319472700.0,8.40267873545945,7.595434490131466,0.0,impulse_support_broken,2024-08-22,,,,,,,,,,,,,,,,,,,,,,
393,954,2024-08-16,002529,28694300.0,7.01658767142324,6.5098341173760055,0.0,impulse_support_broken,2024-08-23,,,,,,,,,,,,,,,,,,,,,,
393,1111,2024-08-16,002713,44089900.0,9.65485122975362,9.0162034830384,0.0,expired,2024-08-23,,,,,,,,,,,,,,,,,,,,,,
394,2841,2024-08-19,603917,13809400.0,17.209271292163308,15.385872144744956,0.0,expired,2024-08-26,,,,,,,,,,,,,,,,,,,,,,
395,1255,2024-08-20,002888,22405400.0,29.22125837929389,27.124581145873318,0.0,expired,2024-08-27,,,,,,,,,,,,,,,,,,,,,,
396,572,2024-08-21,002094,100595100.0,12.100581536622503,11.14527246794178,0.0,impulse_support_broken,2024-08-22,,,,,,,,,,,,,,,,,,,,,,
396,1342,2024-08-21,002987,56209100.0,41.42429358030402,37.929732320922916,0.0,expired,2024-08-28,,,,,,,,,,,,,,,,,,,,,,
396,1750,2024-08-21,600525,31194200.0,50.11613010129236,46.681776008056595,0.0,expired,2024-08-28,401.0,51.388113098787095,49.09854370329658,12378400.0,0.41114694398317636,2024-08-28,,,,,,,,,,,,,,,,
396,2982,2024-08-21,605398,9661700.0,44.30282142950472,39.04941140584119,0.0,expired,2024-08-28,,,,,,,,,,,,,,,,,,,,,,
397,241,2024-08-22,000755,76277800.0,13.430235216664279,11.385302282439676,0.0,expired,2024-08-29,,,,,,,,,,,,,,,,,,,,,,
398,11,2024-08-23,000020,21548500.0,26.182011050157634,22.88519532049624,0.0,expired,2024-08-30,,,,,,,,,,,,,,,,,,,,,,
398,283,2024-08-23,000820,39028000.0,5.139494252873598,4.600521072796966,0.0,impulse_support_broken,2024-08-28,,,,,,,,,,,,,,,,,,,,,,
398,668,2024-08-23,002201,35221400.0,31.7567977785624,30.353590434858482,0.0,impulse_support_broken,2024-08-28,399.0,31.97835683283144,30.42744345294816,11864500.0,0.4609541358378713,2024-08-26,,,,,,,,,,,,,,,,
398,1052,2024-08-23,002642,163368700.0,29.920248096222345,26.956012990714253,0.0,expired,2024-08-30,,,,,,,,,,,,,,,,,,,,,,
398,1111,2024-08-23,002713,72613500.0,10.25593146195618,9.842688802316921,0.0,duplicate_active_origin,2024-08-23,,,,,,,2024-08-16,,,,,,,,,,,,,,,
398,2936,2024-08-23,605177,7970500.0,21.974342979402387,19.93094914011604,0.0,impulse_support_broken,2024-08-26,,,,,,,,,,,,,,,,,,,,,,
399,131,2024-08-26,000561,68066700.0,18.052940487186177,15.591175875297152,0.0,expired,2024-09-02,,,,,,,,,,,,,,,,,,,,,,
399,1178,2024-08-26,002799,27737900.0,16.567011911447313,15.016277567162073,0.0,expired,2024-09-02,,,,,,,,,,,,,,,,,,,,,,
400,127,2024-08-27,000557,75145600.0,35.119761299869836,30.375915546946242,0.0,expired,2024-09-03,,,,,,,,,,,,,,,,,,,,,,
400,306,2024-08-27,000877,63959700.0,40.937020102230846,37.143628278085906,0.0,impulse_support_broken,2024-08-28,,,,,,,,,,,,,,,,,,,,,,
400,1040,2024-08-27,002628,80813700.0,8.796446551737656,7.644073641029666,0.0,expired,2024-09-03,,,,,,,,,,,,,,,,,,,,,,
400,2352,2024-08-27,603038,20113900.0,29.53710797290298,26.425917146108254,0.0,expired,2024-09-03,,,,,,,,,,,,,,,,,,,,,,
401,1769,2024-08-28,600552,131321800.0,98.56021708385539,93.67432598055316,0.0,impulse_support_broken,2024-08-28,,,,,,,,,,,,,,,,,,,,,,
402,2352,2024-08-29,603038,36692600.0,33.109215959222844,28.807322470321502,0.0,duplicate_active_origin,2024-08-29,,,,,,,2024-08-27,,,,,,,,,,,,,,,
403,1294,2024-08-30,002933,11854200.0,26.749630063400335,23.33721118365675,0.0,expired,2024-09-06,,,,,,,,,,,,,,,,,,,,,,
403,1589,2024-08-30,600281,23248600.0,5.3093714733753705,4.941203378506275,0.0,expired,2024-09-06,,,,,,,,,,,,,,,,,,,,,,
404,1216,2024-09-02,002843,47117600.0,25.19133926165022,22.09951519606414,0.0,expired,2024-09-09,,,,,,,,,,,,,,,,,,,,,,
404,2859,2024-09-02,603956,21327100.0,5.222192305574646,4.856853749217571,0.0,expired,2024-09-09,,,,,,,,,,,,,,,,,,,,,,
405,248,2024-09-03,000766,76357900.0,54.60875692328523,51.22294694829946,0.0,impulse_support_broken,2024-09-04,,,,,,,,,,,,,,,,,,,,,,
405,832,2024-09-03,002384,106695700.0,172.95023505378094,163.11061555400346,0.0,impulse_support_broken,2024-09-06,,,,,,,,,,,,,,,,,,,,,,
405,1194,2024-09-03,002819,31347500.0,32.45797849523889,28.004780955671613,0.0,expired,2024-09-10,,,,,,,,,,,,,,,,,,,,,,
405,1256,2024-09-03,002889,25373200.0,33.313957736080205,32.1062009601498,0.0,impulse_support_broken,2024-09-06,,,,,,,,,,,,,,,,,,,,,,
405,1305,2024-09-03,002946,18841100.0,9.38887817145638,9.253411560769441,0.0,failed_first_breakout,2024-09-06,407.0,9.857801054603481,9.56602681620084,5950400.0,0.368614359034239,2024-09-05,,,,,,,,,,,,,,,,
405,1554,2024-09-03,600228,34611600.0,10.781221917965421,9.978595738961959,0.0,expired,2024-09-10,410.0,10.802914517397948,10.30398473044985,14608900.0,0.42849940482381627,2024-09-10,,,,,,,,,,,,,,,,
405,1678,2024-09-03,600410,74001100.0,50.63850546947506,45.68887711531584,0.0,failed_first_breakout,2024-09-06,407.0,51.27307320718778,50.003937731762335,23196900.0,0.31938376591699313,2024-09-05,,,,,,,,,,,,,,,,
405,2516,2024-09-03,603256,38633400.0,7.443434954433412,6.767704127564457,0.0,expired,2024-09-10,,,,,,,,,,,,,,,,,,,,,,
406,1309,2024-09-04,002950,20584642.0,11.587662589980761,11.57117942840184,0.0,failed_first_breakout,2024-09-11,410.0,12.164573245242961,11.538213105244001,7511150.0,0.4616293788349586,2024-09-10,,,,,,,,,,,,,,,,
406,2753,2024-09-04,603726,32727600.0,37.75774663765347,32.44618584394155,0.0,impulse_support_broken,2024-09-10,,,,,,,,,,,,,,,,,,,,,,
406,2937,2024-09-04,605178,20259500.0,21.159884826671238,18.50436143208899,0.0,expired,2024-09-11,410.0,21.35659026330696,19.97965220685691,6370700.0,0.36824946321478813,2024-09-10,,,,,,,,,,,,,,,,
407,2,2024-09-05,000006,93420800.0,213.83116890727612,196.22763442096283,0.0,expired,2024-09-12,,,,,,,,,,,,,,,,,,,,,,
407,691,2024-09-05,002229,73265600.0,46.53498335307791,42.85161231844186,0.0,expired,2024-09-12,,,,,,,,,,,,,,,,,,,,,,
407,831,2024-09-05,002383,64788600.0,28.54236056287389,26.239783576289103,0.0,expired,2024-09-12,,,,,,,,,,,,,,,,,,,,,,
407,2323,2024-09-05,603004,28580200.0,18.5330201101276,19.252453914293298,0.0,impulse_support_broken,2024-09-05,,,,,,,,,,,,,,,,,,,,,,
408,32,2024-09-06,000058,102077600.0,33.554857886776084,31.39306031984093,0.0,impulse_support_broken,2024-09-11,,,,,,,,,,,,,,,,,,,,,,
408,2869,2024-09-06,603978,20349400.0,22.82756681570137,20.22619215207462,0.0,expired,2024-09-13,,,,,,,,,,,,,,,,,,,,,,
409,573,2024-09-09,002095,20965800.0,56.74714140358346,50.769062041885206,0.0,expired,2024-09-18,,,,,,,,,,,,,,,,,,,,,,
409,831,2024-09-09,002383,108499600.0,32.04419639663824,28.302508793437973,0.0,duplicate_active_origin,2024-09-09,,,,,,,2024-09-05,,,,,,,,,,,,,,,
409,1015,2024-09-09,002596,89467300.0,8.493595627992471,7.500192630566452,0.0,expired,2024-09-18,,,,,,,,,,,,,,,,,,,,,,
409,1057,2024-09-09,002647,92131000.0,15.107784571185338,14.597386443780426,0.0,impulse_support_broken,2024-09-13,411.0,15.379996905801287,14.665439527434414,24738000.0,0.3422984663142699,2024-09-11,,,,,,,,,,,,,,,,
409,1293,2024-09-09,002931,25529600.0,20.47436934254081,19.114022730817936,0.0,impulse_support_broken,2024-09-11,,,,,,,,,,,,,,,,,,,,,,
409,1344,2024-09-09,002989,19769000.0,23.42500286420858,22.63583937636326,0.0,expired,2024-09-18,,,,,,,,,,,,,,,,,,,,,,
409,1489,2024-09-09,600135,36978200.0,15.567284013656549,14.89803628970496,0.0,impulse_support_broken,2024-09-18,412.0,15.50908855939989,14.956231743961618,8860200.0,0.2521499153555338,2024-09-12,,,,,,,,,,,,,,,,
409,2508,2024-09-09,603232,23031200.0,36.896535849320166,37.00296816427012,0.0,impulse_support_broken,2024-09-09,,,,,,,,,,,,,,,,,,,,,,
409,2792,2024-09-09,603818,60097900.0,5.002600229802972,4.656892083840978,0.0,impulse_support_broken,2024-09-11,,,,,,,,,,,,,,,,,,,,,,
410,1993,2024-09-10,600841,71613400.0,12.436033781743038,10.84469296606976,0.0,expired,2024-09-19,,,,,,,,,,,,,,,,,,,,,,
411,85,2024-09-11,000504,39137500.0,26.975163773448575,26.69778419737198,0.0,impulse_support_broken,2024-09-12,,,,,,,,,,,,,,,,,,,,,,
411,642,2024-09-11,002172,77136500.0,7.83183673469392,7.199265306122488,0.0,expired,2024-09-20,,,,,,,,,,,,,,,,,,,,,,
411,683,2024-09-11,002219,135984800.0,41.22390932765114,38.34266835313789,0.0,expired,2024-09-20,415.0,41.44554324876755,38.564302274254295,50566100.0,0.38264423670880865,2024-09-19,,,,,,,,,,,,,,,,
411,951,2024-09-11,002524,50233200.0,16.461483804390117,14.627335191087596,0.0,expired,2024-09-20,415.0,15.911239220399361,15.13172605974579,12691800.0,0.25637227968753734,2024-09-19,,,,,,,,,,,,,,,,
411,973,2024-09-11,002551,72914900.0,22.012252385247603,20.51708052511758,0.0,impulse_support_broken,2024-09-18,,,,,,,,,,,,,,,,,,,,,,
411,1494,2024-09-11,600148,26481300.0,42.89432025848121,41.317323190154696,0.0,impulse_support_broken,2024-09-11,,,,,,,,,,,,,,,,,,,,,,
411,1501,2024-09-11,600156,70793500.0,7.175911699985112,6.245700924061116,0.0,expired,2024-09-20,,,,,,,,,,,,,,,,,,,,,,
412,345,2024-09-12,000931,46525600.0,8.12186523214674,8.344659540260492,0.0,impulse_support_broken,2024-09-12,,,,,,,,,,,,,,,,,,,,,,
412,541,2024-09-12,002058,15423800.0,18.673307914763836,17.6478261263413,0.0,expired,2024-09-23,417.0,19.79418335792335,18.959488878974774,5562300.0,0.4775703782466059,2024-09-23,,,,,,,,,,,,,,,,
412,1854,2024-09-12,600662,96624100.0,313.6389571279988,268.92872281400753,0.0,impulse_support_broken,2024-09-18,,,,,,,,,,,,,,,,,,,,,,
412,2082,2024-09-12,600981,84268900.0,6.8407269693009525,6.38969002627012,0.0,expired,2024-09-23,,,,,,,,,,,,,,,,,,,,,,
413,2617,2024-09-13,603399,52089200.0,9.86593107341878,8.849887425559233,0.0,expired,2024-09-24,,,,,,,,,,,,,,,,,,,,,,
413,2621,2024-09-13,603421,79638200.0,7.497774444646597,7.166547461148151,0.0,expired,2024-09-24,,,,,,,,,,,,,,,,,,,,,,
414,358,2024-09-18,000955,42457900.0,8.168283215411636,8.143679952714612,0.0,impulse_support_broken,2024-09-18,,,,,,,,,,,,,,,,,,,,,,
414,634,2024-09-18,002163,44903100.0,28.644397473745105,26.311791816274006,0.0,failed_first_breakout,2024-09-25,415.0,28.78435381319337,27.71135521075667,18045700.0,0.4754604915918946,2024-09-19,,,,,,,,,,,,,,,,
414,724,2024-09-18,002265,18134500.0,8.914404357463857,8.342839623633216,0.0,expired,2024-09-25,,,,,,,,,,,,,,,,,,,,,,
414,1519,2024-09-18,600178,56298000.0,18.765031918971367,17.129547485666524,0.0,expired,2024-09-25,,,,,,,,,,,,,,,,,,,,,,
414,2469,2024-09-18,603188,54216000.0,5.768148554827667,5.163249080913156,0.0,failed_first_breakout,2024-09-23,416.0,6.027391186505316,5.768148554827667,19837200.0,0.4711976169396488,2024-09-20,,,,,,,,,,,,,,,,
415,1563,2024-09-19,600237,54524700.0,20.427527811849988,18.78828175287437,0.0,expired,2024-09-26,,,,,,,,,,,,,,,,,,,,,,
415,1696,2024-09-19,600449,23088600.0,43.480361942753106,40.658107212189016,0.0,expired,2024-09-26,,,,,,,,,,,,,,,,,,,,,,
417,86,2024-09-23,000505,51307900.0,20.228307683685806,18.181994634424054,0.0,expired,2024-09-30,,,,,,,,,,,,,,,,,,,,,,
417,272,2024-09-23,000803,28779500.0,20.02395891132,18.316033004178,0.0,failed_first_breakout,2024-09-27,419.0,21.378520837674,19.965064914522003,14041500.0,0.5124533087788182,2024-09-25,,,,,,,,,,,,,,,,
417,1091,2024-09-23,002686,63392500.0,22.55868903198358,22.55868903198358,0.0,expired,2024-09-30,,,,,,,,,,,,,,,,,,,,,,
417,1095,2024-09-23,002692,31688600.0,15.003888386284936,13.624700874453731,0.0,failed_first_breakout,2024-09-25,418.0,15.171062630143265,14.753127020497445,13834900.0,0.46078873790574526,2024-09-24,,,,,,,,,,,,,,,,
417,1220,2024-09-23,002848,24516400.0,7.123611997447245,6.57255902999352,0.0,expired,2024-09-30,,,,,,,,,,,,,,,,,,,,,,
417,1529,2024-09-23,600192,52579300.0,9.296482426151599,8.105537258747855,0.0,expired,2024-09-30,,,,,,,,,,,,,,,,,,,,,,
417,1657,2024-09-23,600379,29437600.0,25.408987922230647,23.07349955285618,0.0,expired,2024-09-30,,,,,,,,,,,,,,,,,,,,,,
417,1876,2024-09-23,600691,117438300.0,18.68036357624338,18.054206137933548,0.0,expired,2024-09-30,,,,,,,,,,,,,,,,,,,,,,
417,2375,2024-09-23,603068,12578400.0,19.90604475892047,17.912388768757765,0.0,expired,2024-09-30,,,,,,,,,,,,,,,,,,,,,,
418,767,2024-09-24,002313,41668100.0,17.576625068198847,16.125344099265,0.0,expired,2024-10-08,,,,,,,,,,,,,,,,,,,,,,
418,1182,2024-09-24,002803,35857800.0,35.130100229155374,31.261700651549187,0.0,expired,2024-10-08,,,,,,,,,,,,,,,,,,,,,,
418,1345,2024-09-24,002990,14215000.0,41.42770262855372,36.61486987451042,0.0,expired,2024-10-08,,,,,,,,,,,,,,,,,,,,,,
418,2982,2024-09-24,605398,14703300.0,48.03920395970392,42.30821120661643,0.0,expired,2024-10-08,,,,,,,,,,,,,,,,,,,,,,
419,727,2024-09-25,002268,67697800.0,123.54420678142897,111.44716986741405,0.0,expired,2024-10-09,,,,,,,,,,,,,,,,,,,,,,
419,1151,2024-09-25,002766,133157900.0,9.421973858755308,8.271968484132069,0.0,expired,2024-10-09,,,,,,,,,,,,,,,,,,,,,,
419,1238,2024-09-25,002868,5799100.0,17.205896810306882,15.454976221437512,0.0,expired,2024-10-09,,,,,,,,,,,,,,,,,,,,,,
420,126,2024-09-26,000555,89429300.0,31.62237899708276,27.42302886869752,0.0,expired,2024-10-10,,,,,,,,,,,,,,,,,,,,,,
420,204,2024-09-26,000697,34451600.0,23.56064083165058,21.21592216140606,0.0,expired,2024-10-10,,,,,,,,,,,,,,,,,,,,,,
420,246,2024-09-26,000761,55636400.0,6.8801137981871605,5.825322832611429,0.0,expired,2024-10-10,,,,,,,,,,,,,,,,,,,,,,
420,280,2024-09-26,000816,96991600.0,14.878274814046511,13.450561574314776,0.0,expired,2024-10-10,,,,,,,,,,,,,,,,,,,,,,
420,393,2024-09-26,001206,10666300.0,28.787042854629515,26.111252659001675,0.0,expired,2024-10-10,,,,,,,,,,,,,,,,,,,,,,
420,941,2024-09-26,002513,36856500.0,11.502115803970437,10.399581387527675,0.0,expired,2024-10-10,,,,,,,,,,,,,,,,,,,,,,
420,1079,2024-09-26,002672,20030600.0,23.233802269455296,21.427420859765743,0.0,expired,2024-10-10,,,,,,,,,,,,,,,,,,,,,,
420,1311,2024-09-26,002952,24493500.0,53.72906658783805,49.24754041048401,0.0,expired,2024-10-10,,,,,,,,,,,,,,,,,,,,,,
420,1780,2024-09-26,600569,95634500.0,4.447629126237054,3.8602064114510273,0.0,expired,2024-10-10,,,,,,,,,,,,,,,,,,,,,,
420,1974,2024-09-26,600816,173106100.0,89.00616968518322,76.33740830663524,0.0,expired,2024-10-10,,,,,,,,,,,,,,,,,,,,,,
420,1986,2024-09-26,600830,91034300.0,107.84187010079702,94.12066475674189,0.0,expired,2024-10-10,,,,,,,,,,,,,,,,,,,,,,
420,2133,2024-09-26,601099,1272043400.0,10.491672970099321,9.090877396434834,0.0,expired,2024-10-10,,,,,,,,,,,,,,,,,,,,,,
420,2578,2024-09-26,603335,25765000.0,7.643285230182337,7.002011866198784,0.0,raw_entry_price_not_above_six,2024-10-08,421.0,7.97258776844416,7.469968104781375,13193300.0,0.5363691053755094,2024-09-27,,2024-09-30,8.475207432106943,0.11860940695296525,0.8205128205128187,1.0,423.0,,,,,,,,,
421,1068,2024-09-27,002659,116325000.0,9.46020650891851,8.181251551704205,0.0,expired,2024-10-11,,,,,,,,,,,,,,,,,,,,,,
421,1170,2024-09-27,002790,26316800.0,24.267448591032053,21.588372109865485,0.0,expired,2024-10-11,,,,,,,,,,,,,,,,,,,,,,
422,89,2024-09-30,000509,72782300.0,32.943863797359,29.10041302100045,0.0,expired,2024-10-14,427.0,35.1401213838496,33.16348955600806,19910400.0,0.29734015000899944,2024-10-14,,,,,,,,,,,,,,,,
422,188,2024-09-30,000670,90736400.0,55.57877512009896,48.44791340657683,0.0,expired,2024-10-14,,,,,,,,,,,,,,,,,,,,,,
422,317,2024-09-30,000890,52882300.0,11.499786155045658,10.05769078512032,0.0,expired,2024-10-14,427.0,11.61071656811684,10.98211089404682,11425000.0,0.23520251577559978,2024-10-14,,,,,,,,,,,,,,,,
423,399,2024-10-08,001212,8925400.0,31.606957279159197,26.57918390606088,0.0,expired,2024-10-15,,,,,,,,,,,,,,,,,,,,,,
423,2790,2024-10-08,603816,36489000.0,66.80270106645803,60.2019835809728,0.0,failed_first_breakout,2024-10-14,426.0,65.34065289377726,60.84700483362608,10126700.0,0.32577352078708655,2024-10-11,,,,,,,,,,,,,,,,
424,271,2024-10-09,000802,51822100.0,21.309619580506908,20.33307400234947,0.0,impulse_support_broken,2024-10-09,,,,,,,,,,,,,,,,,,,,,,
424,1094,2024-10-09,002690,19956400.0,95.85594444171991,84.49072257326846,0.0,impulse_support_broken,2024-10-11,,,,,,,,,,,,,,,,,,,,,,
424,1139,2024-10-09,002749,23271300.0,100.44121275246279,94.34947132920873,0.0,impulse_support_broken,2024-10-09,,,,,,,,,,,,,,,,,,,,,,
424,1388,2024-10-09,003037,39347700.0,6.821463444313511,6.127930742084368,0.0,impulse_support_broken,2024-10-11,,,,,,,,,,,,,,,,,,,,,,
424,2637,2024-10-09,603507,17385200.0,34.708733123215346,31.333138686134014,0.0,impulse_support_broken,2024-10-16,425.0,34.708733123215346,32.149814759621435,7540900.0,0.4891315601776223,2024-10-10,,,,,,,,,,,,,,,,
427,49,2024-10-14,000151,50729700.0,34.707808694304745,31.286689236360555,0.0,expired,2024-10-21,,,,,,,,,,,,,,,,,,,,,,
427,344,2024-10-14,000930,112111100.0,37.93582065060519,35.06672497114765,0.0,expired,2024-10-21,431.0,38.2546090594338,35.51302874350771,42139300.0,0.434532352282691,2024-10-18,,,,,,,,,,,,,,,,
427,591,2024-10-14,002116,46664300.0,49.081315932016544,45.707866337463614,0.0,expired,2024-10-21,,,,,,,,,,,,,,,,,,,,,,
427,635,2024-10-14,002164,54447500.0,14.323281588418498,14.133987118086978,0.0,impulse_support_broken,2024-10-16,,,,,,,,,,,,,,,,,,,,,,
427,745,2024-10-14,002287,10756800.0,37.74754485809829,36.29257236248514,0.0,failed_first_breakout,2024-10-17,428.0,38.40146508084576,35.99830826224878,4943400.0,0.4751506024096386,2024-10-15,,,,,,,,,,,,,,,,
427,1344,2024-10-14,002989,17803000.0,28.75185640716449,26.59480954038728,0.0,expired,2024-10-21,,,,,,,,,,,,,,,,,,,,,,
427,1955,2024-10-14,600792,68770600.0,25.556599811108956,22.870056973822567,0.0,expired,2024-10-21,,,,,,,,,,,,,,,,,,,,,,
427,2124,2024-10-14,601068,65559700.0,4.706413568484732,4.374551073271065,0.0,expired,2024-10-21,429.0,4.857260157218217,4.585736297497944,24662000.0,0.44986172908051747,2024-10-16,,,,,,,,,,,,,,,,
427,2805,2024-10-14,603860,13329300.0,30.28795886084408,28.83579644970772,0.0,expired,2024-10-21,,,,,,,,,,,,,,,,,,,,,,
428,1679,2024-10-15,600415,418157900.0,466.59518314761243,451.47404295301385,0.0,expired,2024-10-22,,,,,,,,,,,,,,,,,,,,,,
429,139,2024-10-16,000571,82140700.0,42.95445685061081,43.54287406774247,0.0,impulse_support_broken,2024-10-17,,,,,,,,,,,,,,,,,,,,,,
429,1393,2024-10-16,003042,12111600.0,19.18152715661582,17.61380618708472,0.0,failed_first_breakout,2024-10-22,432.0,18.865348137550725,17.89046282876668,5139600.0,0.4593447603949932,2024-10-21,,,,,,,,,,,,,,,,
431,161,2024-10-18,000608,111049900.0,25.83752125235277,24.22267617408072,0.0,failed_first_breakout,2024-10-25,435.0,25.9528673293722,24.33802225110015,44564400.0,0.4473867153414816,2024-10-24,,,,,,,,,,,,,,,,
431,1533,2024-10-18,600198,151394300.0,15.529968261432321,14.786126323676802,0.0,expired,2024-10-25,,,,,,,,,,,,,,,,,,,,,,
431,1587,2024-10-18,600279,98840800.0,11.855755870018243,10.515979620314688,0.0,expired,2024-10-25,436.0,10.99627676643483,10.74348879479265,13259200.0,0.14986776715688258,2024-10-25,,,,,,,,,,,,,,,,
432,1475,2024-10-21,600117,50138900.0,7.824690639418708,6.832828445689576,0.0,raw_entry_price_not_above_six,2024-10-29,436.0,7.604276818590011,7.383862997761316,12799500.0,0.2580551228686708,2024-10-25,,2024-10-28,8.18286309826534,0.09764309764309777,1.0,2.0,438.0,,,,,,,,,
433,1217,2024-10-22,002845,69212200.0,42.98762115805728,37.21747066704288,0.0,expired,2024-10-29,,,,,,,,,,,,,,,,,,,,,,
433,2329,2024-10-22,603011,76288300.0,15.072467955320327,13.246138272711876,0.0,expired,2024-10-29,,,,,,,,,,,,,,,,,,,,,,
433,2489,2024-10-22,603212,46283200.0,12.499791409919304,11.110925697706048,0.0,expired,2024-10-29,,,,,,,,,,,,,,,,,,,,,,
434,565,2024-10-23,002085,486503700.0,141.98195638882964,125.70895279125604,0.0,expired,2024-10-30,,,,,,,,,,,,,,,,,,,,,,
434,817,2024-10-23,002369,149799000.0,29.212814498833517,26.63521321952468,0.0,failed_first_breakout,2024-10-28,436.0,29.29873454147715,27.75217377389184,53331200.0,0.377147377485831,2024-10-25,,,,,,,,,,,,,,,,
434,896,2024-10-23,002456,1270459400.0,273.77921433504736,254.55946366477517,0.0,expired,2024-10-30,,,,,,,,,,,,,,,,,,,,,,
434,1612,2024-10-23,600316,71087200.0,142.51033376978987,124.43821183847743,0.0,expired,2024-10-30,,,,,,,,,,,,,,,,,,,,,,
434,2004,2024-10-23,600855,53884100.0,19.905786804983528,18.754212361720022,0.0,expired,2024-10-30,,,,,,,,,,,,,,,,,,,,,,
435,275,2024-10-24,000810,196322700.0,74.72594637896141,65.10554010861608,0.0,expired,2024-10-31,,,,,,,,,,,,,,,,,,,,,,
435,390,2024-10-24,001202,11083400.0,14.353388260196711,13.316574661266023,0.0,failed_first_breakout,2024-10-29,437.0,14.52619052668516,13.878182027353478,3978100.0,0.38515257051085405,2024-10-28,,,,,,,,,,,,,,,,
435,515,2024-10-24,002031,569080000.0,54.69884977227937,47.69381996493024,0.0,raw_entry_price_not_above_six,2024-10-29,436.0,52.910331523594486,50.227554150567165,214018300.0,0.4424229458072679,2024-10-25,,2024-10-28,54.40076339749856,0.07671232876712322,0.9000000000000001,1.0,438.0,,,,,,,,,
435,814,2024-10-24,002366,324778400.0,11.25548257258257,10.136925298288649,0.0,expired,2024-10-31,,,,,,,,,,,,,,,,,,,,,,
435,1034,2024-10-24,002622,94940000.0,12.26253336016685,10.867742835787684,0.0,expired,2024-10-31,,,,,,,,,,,,,,,,,,,,,,
435,1501,2024-10-24,600156,65297000.0,9.131252718764124,8.846494317971064,0.0,expired,2024-10-31,,,,,,,,,,,,,,,,,,,,,,
435,1589,2024-10-24,600281,78305600.0,7.750907260402,6.646402975794715,0.0,failed_first_breakout,2024-10-28,436.0,8.02218901451607,7.576511847042956,38753900.0,0.5081424572444372,2024-10-25,,,,,,,,,,,,,,,,
435,2450,2024-10-24,603166,57994000.0,9.31152272993039,8.856919768368131,0.0,failed_first_breakout,2024-10-28,436.0,9.452606407656607,8.903947660943537,20442700.0,0.4551065627478705,2024-10-25,,,,,,,,,,,,,,,,
435,2696,2024-10-24,603630,17076500.0,16.814866142687123,15.146107349720697,0.0,expired,2024-10-31,437.0,18.398772793638308,17.267410900101748,5292500.0,0.32951424472227914,2024-10-28,,,,,,,,,,,,,,,,
435,2858,2024-10-24,603955,15122200.0,12.573975405065525,11.56428787253885,0.0,expired,2024-10-31,,,,,,,,,,,,,,,,,,,,,,
436,168,2024-10-25,000626,47201100.0,66.14049032440676,59.836307886377675,0.0,expired,2024-11-01,,,,,,,,,,,,,,,,,,,,,,
436,647,2024-10-25,002178,155084900.0,33.78102258736402,31.29808475695815,0.0,expired,2024-11-01,,,,,,,,,,,,,,,,,,,,,,
436,949,2024-10-25,002522,78724400.0,34.536394090197376,31.412499147365455,0.0,expired,2024-11-01,,,,,,,,,,,,,,,,,,,,,,
436,1041,2024-10-25,002629,113897700.0,9.757140826753782,8.639910961094952,0.0,expired,2024-11-01,,,,,,,,,,,,,,,,,,,,,,
436,1078,2024-10-25,002671,78690700.0,18.635227397588434,17.12646719253204,0.0,failed_first_breakout,2024-10-29,437.0,18.96144582030333,18.064345157837362,37336700.0,0.4795090144070392,2024-10-28,,,,,,,,,,,,,,,,
436,1083,2024-10-25,002676,151182600.0,25.263943454741778,23.620378360102446,0.0,expired,2024-11-01,,,,,,,,,,,,,,,,,,,,,,
436,1218,2024-10-25,002846,34117100.0,20.87159848126771,19.6282966705965,0.0,expired,2024-11-01,,,,,,,,,,,,,,,,,,,,,,
436,2085,2024-10-25,600984,122382500.0,8.138705223260448,7.05522434214528,0.0,expired,2024-11-01,,,,,,,,,,,,,,,,,,,,,,
436,2183,2024-10-25,601279,62980200.0,3.993606141980364,3.7320601477952517,0.0,failed_first_breakout,2024-10-29,437.0,4.12437913907292,3.97348721935074,28470000.0,0.5185590074340825,2024-10-28,,,,,,,,,,,,,,,,
436,2691,2024-10-25,603618,85398400.0,18.170390872404443,16.800271632474484,0.0,expired,2024-11-01,437.0,18.463987852389433,17.811550119089453,39580900.0,0.5188211957132687,2024-10-28,,,,,,,,,,,,,,,,
437,553,2024-10-28,002072,41880700.0,6.27792519685023,5.536089238845,0.0,impulse_support_broken,2024-11-01,,,,,,,,,,,,,,,,,,,,,,
437,1038,2024-10-28,002626,49143100.0,138.0092906818746,133.48034617859113,0.0,impulse_support_broken,2024-11-01,440.0,137.59756845430337,133.6450350696196,11034500.0,0.236160315486813,2024-10-31,,,,,,,,,,,,,,,,
437,1122,2024-10-28,002728,91044500.0,48.0894654892868,43.23924042920852,0.0,expired,2024-11-04,,,,,,,,,,,,,,,,,,,,,,
437,1798,2024-10-28,600589,97095400.0,21.3640350788649,18.1188651934677,0.0,expired,2024-11-04,,,,,,,,,,,,,,,,,,,,,,
437,2385,2024-10-28,603079,21076700.0,27.53443854063833,25.75401619891284,0.0,expired,2024-11-04,442.0,28.83870141887909,27.327412686949316,5445500.0,0.30978758534305656,2024-11-04,,,,,,,,,,,,,,,,
437,2760,2024-10-28,603739,45421400.0,20.63627283475291,19.329064092907352,0.0,impulse_support_broken,2024-10-30,,,,,,,,,,,,,,,,,,,,,,
438,5,2024-10-29,000009,136739900.0,103.15157840021838,94.89537499071476,0.0,expired,2024-11-05,,,,,,,,,,,,,,,,,,,,,,
438,551,2024-10-29,002068,89876200.0,42.76910726497958,38.36114913460564,0.0,expired,2024-11-05,,,,,,,,,,,,,,,,,,,,,,
438,936,2024-10-29,002506,446653500.0,24.926401164857342,21.81060101925018,0.0,expired,2024-11-05,,,,,,,,,,,,,,,,,,,,,,
438,1183,2024-10-29,002805,48136100.0,28.85868432615072,25.039152577101362,0.0,expired,2024-11-05,,,,,,,,,,,,,,,,,,,,,,
438,1293,2024-10-29,002931,28712500.0,26.507663233002692,23.52613344932576,0.0,expired,2024-11-05,,,,,,,,,,,,,,,,,,,,,,
438,2343,2024-10-29,603028,30330900.0,10.128160659905292,8.843743984408716,0.0,expired,2024-11-05,,,,,,,,,,,,,,,,,,,,,,
439,349,2024-10-30,000936,131962400.0,50.493290311422456,49.62271634053586,0.0,impulse_support_broken,2024-11-01,,,,,,,,,,,,,,,,,,,,,,
439,357,2024-10-30,000953,75502900.0,13.374651033994743,11.888578696884215,0.0,expired,2024-11-06,443.0,15.512509483873044,14.495723147955315,27701400.0,0.4602750357933271,2024-11-05,,,,,,,,,,,,,,,,
439,398,2024-10-30,001211,12235600.0,21.0982999076397,20.3191898667372,0.0,impulse_support_broken,2024-10-30,,,,,,,,,,,,,,,,,,,,,,
439,460,2024-10-30,001332,4963600.0,50.75682606114366,49.1052384612459,0.0,expired,2024-11-06,440.0,52.7918179253034,50.29969020760053,2242900.0,0.4959505197840277,2024-10-31,,,,,,,,,,,,,,,,
439,677,2024-10-30,002212,160397700.0,22.374452926791307,20.02386926372706,0.0,factor_changed_anchor,2024-10-30,,,,,,,,,,,,,,,,,,,,,,
439,708,2024-10-30,002247,160186200.0,15.183084586371624,13.30142025729138,0.0,expired,2024-11-06,,,,,,,,,,,,,,,,,,,,,,
439,872,2024-10-30,002427,67703200.0,8.08020258064044,7.75207252660428,0.0,expired,2024-11-06,443.0,8.65443017520372,8.223759479281261,18984400.0,0.3102748466837609,2024-11-05,,,,,,,,,,,,,,,,
439,1780,2024-10-30,600569,124002300.0,5.146941881934704,4.951134310339362,0.0,expired,2024-11-06,,,,,,,,,,,,,,,,,,,,,,
439,1811,2024-10-30,600604,139094300.0,278.48595024644163,261.5759874231283,0.0,expired,2024-11-06,,,,,,,,,,,,,,,,,,,,,,
439,2469,2024-10-30,603188,96566400.0,9.483959608873954,9.203113424556502,0.0,impulse_support_broken,2024-10-30,,,,,,,,,,,,,,,,,,,,,,
439,2775,2024-10-30,603788,31966100.0,30.293853632400623,26.507121928350546,0.0,expired,2024-11-06,,,,,,,,,,,,,,,,,,,,,,
439,2776,2024-10-30,603790,22433400.0,16.50759205889443,14.944006222637041,0.0,impulse_support_broken,2024-11-01,,,,,,,,,,,,,,,,,,,,,,
440,202,2024-10-31,000692,67313400.0,46.280374389938345,45.402426908286394,0.0,impulse_support_broken,2024-11-01,,,,,,,,,,,,,,,,,,,,,,
440,433,2024-10-31,001283,4859400.0,47.13576383979801,45.25440109754069,0.0,impulse_support_broken,2024-11-01,,,,,,,,,,,,,,,,,,,,,,
440,624,2024-10-31,002153,104773600.0,347.15838584956174,331.6206064317425,0.0,impulse_support_broken,2024-11-04,,,,,,,,,,,,,,,,,,,,,,
440,891,2024-10-31,002451,91374200.0,22.3403324215526,20.437721693343452,0.0,expired,2024-11-07,,,,,,,,,,,,,,,,,,,,,,
440,1066,2024-10-31,002657,88050200.0,64.72336982127452,64.25013933326744,0.0,impulse_support_broken,2024-11-04,,,,,,,,,,,,,,,,,,,,,,
440,1095,2024-10-31,002692,58123800.0,19.517592970459795,18.263786141522335,0.0,expired,2024-11-07,,,,,,,,,,,,,,,,,,,,,,
441,228,2024-11-01,000727,649117500.0,16.52465653410111,13.973481490239887,0.0,expired,2024-11-08,,,,,,,,,,,,,,,,,,,,,,
441,313,2024-11-01,000886,146484600.0,18.819004240989564,16.450840955630138,0.0,expired,2024-11-08,,,,,,,,,,,,,,,,,,,,,,
441,352,2024-11-01,000948,113803300.0,57.61484509517856,48.68968828802367,0.0,expired,2024-11-08,,,,,,,,,,,,,,,,,,,,,,
441,1848,2024-11-01,600654,240832300.0,6740.027565782926,6122.808924227713,0.0,failed_first_breakout,2024-11-07,444.0,6888.160039756178,6443.7626178364235,92890400.0,0.38932942134423,2024-11-06,,,,,,,,,,,,,,,,
441,1888,2024-11-01,600708,262141500.0,38.711561472137724,33.7123863151398,0.0,expired,2024-11-08,,,,,,,,,,,,,,,,,,,,,,
441,1993,2024-11-01,600841,70237200.0,15.82500033363984,13.555866207587199,0.0,expired,2024-11-08,,,,,,,,,,,,,,,,,,,,,,
441,2230,2024-11-01,601616,130002800.0,8.40131471596844,7.424417655972109,0.0,failed_first_breakout,2024-11-06,443.0,8.423023539523912,7.836885303526114,50644400.0,0.4595127951090284,2024-11-05,,,,,,,,,,,,,,,,
441,2444,2024-11-01,603159,10581300.0,19.298151109557303,17.336650214918954,0.0,expired,2024-11-08,445.0,21.410536688398604,19.871512909528516,4517600.0,0.4922882821581469,2024-11-07,,,,,,,,,,,,,,,,
441,2574,2024-11-01,603330,67937700.0,35.59650161461562,29.38039610877976,0.0,expired,2024-11-08,,,,,,,,,,,,,,,,,,,,,,
441,2964,2024-11-01,605303,13877400.0,8.504723019676925,8.06570370413538,0.0,impulse_support_broken,2024-11-01,,,,,,,,,,,,,,,,,,,,,,
442,129,2024-11-04,000559,155363200.0,261.5614095981984,247.03022017607628,0.0,expired,2024-11-11,,,,,,,,,,,,,,,,,,,,,,
442,132,2024-11-04,000563,760916000.0,74.20843622530454,66.31001355775975,0.0,expired,2024-11-11,,,,,,,,,,,,,,,,,,,,,,
442,172,2024-11-04,000631,74469600.0,64.95810452304775,58.95170444728648,0.0,expired,2024-11-11,,,,,,,,,,,,,,,,,,,,,,
442,557,2024-11-04,002076,180510200.0,13.910028028858754,13.238045998479105,0.0,expired,2024-11-11,447.0,16.329163338225495,15.388388495693986,93806800.0,0.5503869033439661,2024-11-11,,,,,,,,,,,,,,,,
442,666,2024-11-04,002199,48910200.0,25.727933384863327,25.938602235507037,0.0,impulse_support_broken,2024-11-06,,,,,,,,,,,,,,,,,,,,,,
442,685,2024-11-04,002222,128137400.0,93.41390046582431,83.60603895724866,0.0,expired,2024-11-11,,,,,,,,,,,,,,,,,,,,,,
442,975,2024-11-04,002553,69599600.0,56.470036935102954,54.12323020533244,0.0,expired,2024-11-11,,,,,,,,,,,,,,,,,,,,,,
442,992,2024-11-04,002571,57811500.0,19.07335973509019,19.11359889064945,0.0,impulse_support_broken,2024-11-04,,,,,,,,,,,,,,,,,,,,,,
442,1128,2024-11-04,002735,103448500.0,36.702723877044164,34.63496478537971,0.0,expired,2024-11-11,,,,,,,,,,,,,,,,,,,,,,
442,1282,2024-11-04,002919,34578300.0,51.13652766574687,45.71243967451689,0.0,failed_first_breakout,2024-11-06,443.0,53.01278451805913,51.170641426698005,18069400.0,0.5462052790333822,2024-11-05,,,,,,,,,,,,,,,,
442,1672,2024-11-04,600400,125241322.0,32.78773909543858,31.069026965435754,0.0,raw_entry_price_not_above_six,2024-11-08,444.0,35.03528572698074,32.523321844668914,59630315.0,0.49336359608213015,2024-11-06,,2024-11-07,36.489580606213906,0.10869565217391311,0.8518518518518526,1.0,446.0,,,,,,,,,
442,1872,2024-11-04,600686,170214800.0,189.23747289377008,179.71524711385678,0.0,impulse_support_broken,2024-11-08,,,,,,,,,,,,,,,,,,,,,,
442,2012,2024-11-04,600864,292967700.0,78.11004638596668,71.00913307815154,0.0,expired,2024-11-11,,,,,,,,,,,,,,,,,,,,,,
442,2481,2024-11-04,603201,8792400.0,37.12284508446416,34.14158249792303,0.0,factor_changed_observation,2024-11-05,,,,,,,,,,,,,,,,,,,,,,
442,2494,2024-11-04,603217,11029500.0,43.86519424635693,40.91462064234189,0.0,expired,2024-11-11,,,,,,,,,,,,,,,,,,,,,,
442,2520,2024-11-04,603261,12770100.0,35.7655253373177,32.59310303338613,0.0,expired,2024-11-11,,,,,,,,,,,,,,,,,,,,,,
442,2694,2024-11-04,603628,62315600.0,15.914636536286993,15.646470269311322,0.0,failed_first_breakout,2024-11-06,443.0,16.275629587985012,15.62584209492858,27414700.0,0.45741435531391816,2024-11-05,,,,,,,,,,,,,,,,
443,290,2024-11-05,000831,172023100.0,142.36246121169106,129.70615762442856,0.0,expired,2024-11-12,,,,,,,,,,,,,,,,,,,,,,
443,961,2024-11-05,002536,84669400.0,65.3549521920056,62.78982608208046,0.0,expired,2024-11-12,,,,,,,,,,,,,,,,,,,,,,
443,1470,2024-11-05,600111,301919500.0,481.21760793296124,436.02148878118624,0.0,expired,2024-11-12,,,,,,,,,,,,,,,,,,,,,,
443,1588,2024-11-05,600280,210670600.0,40.30319448334682,35.59541393116101,0.0,expired,2024-11-12,,,,,,,,,,,,,,,,,,,,,,
443,1646,2024-11-05,600366,149199100.0,98.80654698527653,86.87101142167525,0.0,expired,2024-11-12,,,,,,,,,,,,,,,,,,,,,,
444,281,2024-11-06,000818,45824400.0,41.69018030497458,35.7044365332276,0.0,expired,2024-11-13,,,,,,,,,,,,,,,,,,,,,,
444,953,2024-11-06,002527,88034200.0,23.000742162358026,20.289840595227126,0.0,expired,2024-11-13,,,,,,,,,,,,,,,,,,,,,,
444,1184,2024-11-06,002806,28062600.0,20.981033790266824,18.423214184863618,0.0,failed_first_breakout,2024-11-11,446.0,22.45005180688353,21.361250218097027,14698300.0,0.5359838361377777,2024-11-08,,,,,,,,,,,,,,,,
444,1198,2024-11-06,002824,34933000.0,41.49663038308661,36.99805331881757,0.0,expired,2024-11-13,,,,,,,,,,,,,,,,,,,,,,
444,1254,2024-11-06,002887,34945400.0,35.82689674888413,31.906217482025113,0.0,expired,2024-11-13,,,,,,,,,,,,,,,,,,,,,,
444,1334,2024-11-06,002979,61792200.0,47.25651198789036,44.0134180279371,0.0,expired,2024-11-13,,,,,,,,,,,,,,,,,,,,,,
444,1529,2024-11-06,600192,53169600.0,13.260374550495397,11.945002276049472,0.0,failed_first_breakout,2024-11-12,446.0,13.598105269609892,12.62046371427846,25553400.0,0.5389856233637267,2024-11-08,,,,,,,,,,,,,,,,
444,2389,2024-11-06,603083,92255600.0,103.472454847542,91.53074512448441,0.0,expired,2024-11-13,,,,,,,,,,,,,,,,,,,,,,
444,2947,2024-11-06,605218,28516400.0,26.995977749119078,23.188058869369485,0.0,expired,2024-11-13,,,,,,,,,,,,,,,,,,,,,,
445,3,2024-11-07,000007,58129000.0,97.60434032739698,85.07242502610157,0.0,expired,2024-11-14,,,,,,,,,,,,,,,,,,,,,,
445,255,2024-11-07,000782,54293700.0,18.020618209312236,16.014484128429107,0.0,expired,2024-11-14,,,,,,,,,,,,,,,,,,,,,,
445,358,2024-11-07,000955,53861600.0,11.760359569176995,10.604006222416912,0.0,expired,2024-11-14,448.0,12.227821560420429,11.514326942206763,15398900.0,0.34606008733494736,2024-11-12,,,,,,,,,,,,,,,,
445,386,2024-11-07,000997,74627700.0,251.4261707226015,221.69393467281478,0.0,expired,2024-11-14,,,,,,,,,,,,,,,,,,,,,,
445,878,2024-11-07,002436,321174700.0,161.45990703937503,139.27765503146753,-6.210000000000005,closed,2024-11-14,447.0,177.05470239038877,164.0142269675583,162367800.0,0.5421020086575935,2024-11-11,,2024-11-12,192.11174617757445,0.14625612316305112,1.0,1.0,449.0,2024-11-13,14.15,13.4437890957015,190.22961570417624,178.81583876192565,3.0,2024-11-14,stop_loss,13.300999999999998
445,982,2024-11-07,002560,83477300.0,29.5480091226738,27.053417377237,0.0,failed_first_breakout,2024-11-12,447.0,29.677039730196395,28.902856085060833,22219100.0,0.32377005485323557,2024-11-11,,,,,,,,,,,,,,,,
445,1174,2024-11-07,002795,104895600.0,20.870069661480183,18.147886662156683,0.0,expired,2024-11-14,,,,,,,,,,,,,,,,,,,,,,
445,1374,2024-11-07,003021,21980200.0,127.95608381253786,108.21389357496233,0.0,expired,2024-11-14,,,,,,,,,,,,,,,,,,,,,,
445,2450,2024-11-07,603166,65778800.0,11.600213501933482,10.048293046945084,0.0,expired,2024-11-14,,,,,,,,,,,,,,,,,,,,,,
446,204,2024-11-08,000697,69878600.0,36.41877547492698,36.83477394868004,0.0,impulse_support_broken,2024-11-11,,,,,,,,,,,,,,,,,,,,,,
446,309,2024-11-08,000881,87344300.0,42.532250560983044,38.800454538204484,0.0,expired,2024-11-15,,,,,,,,,,,,,,,,,,,,,,
446,663,2024-11-08,002195,847084400.0,103.05210154459884,93.02048104025737,0.0,expired,2024-11-15,,,,,,,,,,,,,,,,,,,,,,
446,1033,2024-11-08,002617,319685600.0,58.47902362500071,51.130055415441795,0.0,expired,2024-11-15,,,,,,,,,,,,,,,,,,,,,,
446,1111,2024-11-08,002713,71406500.0,18.33294708217808,15.552951008241239,0.0,impulse_support_broken,2024-11-15,,,,,,,,,,,,,,,,,,,,,,
446,1183,2024-11-08,002805,68184300.0,32.8904122834806,29.134539396915397,0.0,expired,2024-11-15,,,,,,,,,,,,,,,,,,,,,,
446,1865,2024-11-08,600676,95136700.0,71.32341796580602,61.551088714867355,0.0,expired,2024-11-15,,,,,,,,,,,,,,,,,,,,,,
446,2004,2024-11-08,600855,73994900.0,22.86697823051827,22.718918659241535,0.0,impulse_support_broken,2024-11-15,,,,,,,,,,,,,,,,,,,,,,
447,89,2024-11-11,000509,93719500.0,43.70552597116294,38.21488200493644,0.0,impulse_support_broken,2024-11-18,,,,,,,,,,,,,,,,,,,,,,
447,192,2024-11-11,000679,60864600.0,26.5017680044768,23.66229286114,0.0,raw_entry_price_not_above_six,2024-11-15,448.0,27.03416959385245,25.318653361419802,26966700.0,0.4519860477190354,2024-11-12,,2024-11-14,28.158128504756597,0.10084033613445362,1.0,1.0,451.0,,,,,,,,,
447,267,2024-11-11,000798,36648600.0,18.616547447063926,17.30325140191214,0.0,expired,2024-11-18,,,,,,,,,,,,,,,,,,,,,,
447,268,2024-11-11,000799,45024300.0,135.06115400328855,114.55884454057723,0.0,expired,2024-11-18,,,,,,,,,,,,,,,,,,,,,,
447,291,2024-11-11,000833,95092600.0,14.764367940106787,13.380853741523353,0.0,expired,2024-11-18,,,,,,,,,,,,,,,,,,,,,,
447,299,2024-11-11,000860,84463300.0,64.30129403327227,57.1968439434538,0.0,impulse_support_broken,2024-11-18,,,,,,,,,,,,,,,,,,,,,,
447,520,2024-11-11,002036,219428400.0,80.15924314728248,73.61563146179003,0.0,impulse_support_broken,2024-11-15,,,,,,,,,,,,,,,,,,,,,,
447,700,2024-11-11,002239,565458900.0,29.420035606225415,28.78046961478573,0.0,impulse_support_broken,2024-11-14,,,,,,,,,,,,,,,,,,,,,,
447,738,2024-11-11,002279,206315200.0,72.98971622670652,64.0909700018067,0.0,impulse_support_broken,2024-11-18,,,,,,,,,,,,,,,,,,,,,,
447,748,2024-11-11,002291,141604700.0,10.92581186083382,10.01101244752546,0.0,expired,2024-11-18,,,,,,,,,,,,,,,,,,,,,,
447,762,2024-11-11,002307,164699800.0,18.396968407693134,17.68129686780576,0.0,impulse_support_broken,2024-11-12,,,,,,,,,,,,,,,,,,,,,,
447,931,2024-11-11,002495,127104000.0,25.245532864217378,22.13839035785216,0.0,impulse_support_broken,2024-11-14,,,,,,,,,,,,,,,,,,,,,,
447,1071,2024-11-11,002662,195220900.0,19.456783375509534,18.30638230189329,0.0,expired,2024-11-18,,,,,,,,,,,,,,,,,,,,,,
447,1302,2024-11-11,002942,9945300.0,21.387568165493814,20.18666193160245,0.0,impulse_support_broken,2024-11-18,,,,,,,,,,,,,,,,,,,,,,
447,1337,2024-11-11,002982,11559400.0,27.97150257446521,26.27110728118465,0.0,impulse_support_broken,2024-11-18,,,,,,,,,,,,,,,,,,,,,,
447,1444,2024-11-11,600067,113767600.0,69.32927287054703,64.4091309248953,0.0,expired,2024-11-18,,,,,,,,,,,,,,,,,,,,,,
447,1573,2024-11-11,600257,117437500.0,38.38231584072327,35.769906909155715,0.0,impulse_support_broken,2024-11-14,,,,,,,,,,,,,,,,,,,,,,
447,1828,2024-11-11,600626,107467400.0,49.54261961533379,44.75919427316364,0.0,expired,2024-11-18,,,,,,,,,,,,,,,,,,,,,,
447,2325,2024-11-11,603006,27413000.0,28.433989318469994,25.548010369340762,0.0,expired,2024-11-18,,,,,,,,,,,,,,,,,,,,,,
447,2419,2024-11-11,603118,95469300.0,22.936147991929985,23.01294313029582,0.0,impulse_support_broken,2024-11-14,,,,,,,,,,,,,,,,,,,,,,
447,2632,2024-11-11,603499,20614000.0,57.695596047034336,50.375555279826074,0.0,expired,2024-11-18,,,,,,,,,,,,,,,,,,,,,,
447,2651,2024-11-11,603536,45669800.0,21.859430554314432,21.251097607533882,0.0,impulse_support_broken,2024-11-13,,,,,,,,,,,,,,,,,,,,,,
448,1175,2024-11-12,002796,60107000.0,29.894177769052803,26.232720336874245,0.0,impulse_support_broken,2024-11-18,,,,,,,,,,,,,,,,,,,,,,
448,1469,2024-11-12,600110,264623200.0,75.00348415011041,66.38239401791382,0.0,impulse_support_broken,2024-11-14,,,,,,,,,,,,,,,,,,,,,,
448,2058,2024-11-12,600936,75529100.0,3.5997581742319076,3.240807928938128,0.0,impulse_support_broken,2024-11-18,,,,,,,,,,,,,,,,,,,,,,
449,298,2024-11-13,000859,120964000.0,22.624978892158058,22.282752320680036,0.0,impulse_support_broken,2024-11-13,,,,,,,,,,,,,,,,,,,,,,
449,558,2024-11-13,002077,166715100.0,26.92640616945701,24.971596114578304,0.0,impulse_support_broken,2024-11-14,,,,,,,,,,,,,,,,,,,,,,
449,855,2024-11-13,002407,137125600.0,117.91169463133669,107.51500217259041,0.0,impulse_support_broken,2024-11-18,,,,,,,,,,,,,,,,,,,,,,
449,1188,2024-11-13,002811,24225400.0,17.64968815712115,16.7755729375377,0.0,impulse_support_broken,2024-11-13,,,,,,,,,,,,,,,,,,,,,,
449,1909,2024-11-13,600732,203492600.0,113.27919224900226,95.72889485831179,0.0,expired,2024-11-20,,,,,,,,,,,,,,,,,,,,,,
449,2272,2024-11-13,601858,54160700.0,29.01597699070689,26.317081171712566,0.0,expired,2024-11-20,,,,,,,,,,,,,,,,,,,,,,
449,2320,2024-11-13,603000,158925543.0,113.50163778181837,100.04637670634469,0.0,expired,2024-11-20,,,,,,,,,,,,,,,,,,,,,,
449,2436,2024-11-13,603138,29725800.0,56.49665278879356,52.91894625205829,0.0,impulse_support_broken,2024-11-14,,,,,,,,,,,,,,,,,,,,,,
449,2444,2024-11-13,603159,8522000.0,22.84394118832663,20.837174888427395,0.0,expired,2024-11-20,454.0,22.330933262036602,20.746644077905625,1952300.0,0.26177540483454587,2024-11-20,,,,,,,,,,,,,,,,
449,2621,2024-11-13,603421,58600300.0,11.111159719175076,9.921753732976118,0.0,impulse_support_broken,2024-11-18,,,,,,,,,,,,,,,,,,,,,,
449,2847,2024-11-13,603928,28362500.0,15.570689253259504,13.972118984415486,0.0,impulse_support_broken,2024-11-18,,,,,,,,,,,,,,,,,,,,,,
449,2859,2024-11-13,603956,27081200.0,6.543858259454648,6.1785197030975745,0.0,impulse_support_broken,2024-11-14,,,,,,,,,,,,,,,,,,,,,,
449,2981,2024-11-13,605389,6465200.0,36.52564197396973,32.38355886351955,0.0,expired,2024-11-20,,,,,,,,,,,,,,,,,,,,,,
450,93,2024-11-14,000516,150207900.0,277.50213378204904,281.0428308637977,0.0,impulse_support_broken,2024-11-14,,,,,,,,,,,,,,,,,,,,,,
450,121,2024-11-14,000550,42876492.0,107.92639399683287,107.69725090979075,0.0,impulse_support_broken,2024-11-14,,,,,,,,,,,,,,,,,,,,,,
450,1218,2024-11-14,002846,43512400.0,23.569827942724373,23.120123032481597,0.0,impulse_support_broken,2024-11-14,,,,,,,,,,,,,,,,,,,,,,
450,1225,2024-11-14,002853,13896000.0,28.625951806542663,27.503365461188043,0.0,impulse_support_broken,2024-11-15,,,,,,,,,,,,,,,,,,,,,,
450,1227,2024-11-14,002857,18306900.0,21.44551463349599,20.120505720213632,0.0,impulse_support_broken,2024-11-18,,,,,,,,,,,,,,,,,,,,,,
450,1975,2024-11-14,600817,31262400.0,61.50953610298165,62.55207061320168,0.0,impulse_support_broken,2024-11-14,,,,,,,,,,,,,,,,,,,,,,
450,2005,2024-11-14,600857,23827000.0,45.46265877445642,41.53233859653567,0.0,impulse_support_broken,2024-11-18,,,,,,,,,,,,,,,,,,,,,,
450,2860,2024-11-14,603958,25780600.0,15.361159948037907,15.072105862994182,0.0,impulse_support_broken,2024-11-14,,,,,,,,,,,,,,,,,,,,,,
451,699,2024-11-15,002238,105510500.0,35.439104497895514,30.962940302054957,0.0,impulse_support_broken,2024-11-19,,,,,,,,,,,,,,,,,,,,,,
451,748,2024-11-15,002291,216404800.0,11.529924680943115,11.460883215787767,0.0,duplicate_active_origin,2024-11-15,,,,,,,2024-11-11,,,,,,,,,,,,,,,
451,848,2024-11-15,002400,487144802.0,143.36444838216448,132.65439129463712,0.0,impulse_support_broken,2024-11-19,,,,,,,,,,,,,,,,,,,,,,
451,1464,2024-11-15,600104,345733600.0,184.1759002330242,174.15197264857133,0.0,expired,2024-11-22,,,,,,,,,,,,,,,,,,,,,,
451,1489,2024-11-15,600135,56714100.0,20.80487489675595,21.96878398188915,0.0,impulse_support_broken,2024-11-15,,,,,,,,,,,,,,,,,,,,,,
451,1976,2024-11-15,600819,71687000.0,19.36660454904616,18.95160588013803,0.0,impulse_support_broken,2024-11-18,,,,,,,,,,,,,,,,,,,,,,
451,2300,2024-11-15,601949,142642500.0,9.04781853123654,8.35714536091314,0.0,expired,2024-11-22,,,,,,,,,,,,,,,,,,,,,,
451,2353,2024-11-15,603039,10550800.0,197.70855746280043,169.89404557639884,0.0,expired,2024-11-22,,,,,,,,,,,,,,,,,,,,,,
451,2568,2024-11-15,603324,15964100.0,35.17402750133255,32.39876080168532,0.0,expired,2024-11-22,,,,,,,,,,,,,,,,,,,,,,
451,2650,2024-11-15,603535,19017900.0,26.203919056209216,24.24308157581261,0.0,expired,2024-11-22,,,,,,,,,,,,,,,,,,,,,,
451,2747,2024-11-15,603716,65460500.0,32.155953365604525,30.675087092188527,0.0,impulse_support_broken,2024-11-15,,,,,,,,,,,,,,,,,,,,,,
453,804,2024-11-19,002354,463109800.0,13.076840207136614,11.668565107906517,0.0,expired,2024-11-26,,,,,,,,,,,,,,,,,,,,,,
453,906,2024-11-19,002467,238227600.0,55.32117951736821,51.166155304690335,0.0,expired,2024-11-26,,,,,,,,,,,,,,,,,,,,,,
453,2385,2024-11-19,603079,33497000.0,34.78034341975368,33.74521415130863,0.0,impulse_support_broken,2024-11-26,,,,,,,,,,,,,,,,,,,,,,
453,2991,2024-11-19,605577,42779600.0,16.937398296043547,15.606163847140488,0.0,expired,2024-11-26,,,,,,,,,,,,,,,,,,,,,,
454,219,2024-11-20,000717,208672000.0,16.21484868956541,14.97584031793749,0.0,impulse_support_broken,2024-11-22,,,,,,,,,,,,,,,,,,,,,,
454,613,2024-11-20,002140,90355700.0,101.24483125981668,88.57783616970461,0.0,expired,2024-11-27,,,,,,,,,,,,,,,,,,,,,,
454,806,2024-11-20,002356,154897900.0,21.11387185626919,20.452340623174592,0.0,impulse_support_broken,2024-11-22,,,,,,,,,,,,,,,,,,,,,,
454,1111,2024-11-20,002713,32179700.0,15.891058638855181,15.32754592116528,0.0,expired,2024-11-27,,,,,,,,,,,,,,,,,,,,,,
454,1276,2024-11-20,002912,15383700.0,72.91891756175168,71.31981849241504,0.0,expired,2024-11-27,,,,,,,,,,,,,,,,,,,,,,
455,277,2024-11-21,000812,178535700.0,40.94710611976095,35.59648608233302,0.0,expired,2024-11-28,460.0,37.7515969307415,35.001972744841034,71159100.0,0.40787864835996385,2024-11-28,,,,,,,,,,,,,,,,
455,1191,2024-11-21,002815,120166500.0,24.93492814132277,22.093942919947956,0.0,expired,2024-11-28,,,,,,,,,,,,,,,,,,,,,,
455,1269,2024-11-21,002905,42461300.0,17.936304275062497,15.98215439295452,0.0,expired,2024-11-28,,,,,,,,,,,,,,,,,,,,,,
455,1320,2024-11-21,002962,59588300.0,26.5887897030862,23.357942582187935,0.0,expired,2024-11-28,,,,,,,,,,,,,,,,,,,,,,
456,441,2024-11-22,001300,23928364.0,13.242415153906643,11.785548539857734,0.0,expired,2024-11-29,,,,,,,,,,,,,,,,,,,,,,
456,493,2024-11-22,002006,87792200.0,130.95167021056233,120.76917144192909,0.0,expired,2024-11-29,,,,,,,,,,,,,,,,,,,,,,
456,1220,2024-11-22,002848,29367100.0,10.07925973197177,9.087364390555065,0.0,expired,2024-11-29,,,,,,,,,,,,,,,,,,,,,,
456,1278,2024-11-22,002915,44934700.0,27.297580743216358,24.927694312133266,0.0,expired,2024-11-29,,,,,,,,,,,,,,,,,,,,,,
456,1901,2024-11-22,600722,76900800.0,31.009008021991946,27.236048871027148,0.0,expired,2024-11-29,,,,,,,,,,,,,,,,,,,,,,
456,1995,2024-11-22,600844,152613200.0,23.584742156257157,20.46323216498783,0.0,failed_first_breakout,2024-11-29,460.0,22.4055050484443,21.226267940631445,36509700.0,0.26349293508032073,2024-11-28,,,,,,,,,,,,,,,,
456,2070,2024-11-22,600966,53023900.0,42.6316901275777,42.6316901275777,0.0,impulse_support_broken,2024-11-22,,,,,,,,,,,,,,,,,,,,,,
456,2340,2024-11-22,603025,47200200.0,47.73421892386139,43.86309019406044,0.0,impulse_support_broken,2024-11-25,,,,,,,,,,,,,,,,,,,,,,
456,2494,2024-11-22,603217,10085300.0,48.95493371328287,43.078374618619584,0.0,expired,2024-11-29,461.0,46.201065016202165,44.2586040602256,2159400.0,0.2713850852230474,2024-11-29,,,,,,,,,,,,,,,,
456,2711,2024-11-22,603662,42814700.0,115.10157757906161,110.80411693145912,0.0,expired,2024-11-29,,,,,,,,,,,,,,,,,,,,,,
456,2827,2024-11-22,603895,14234500.0,32.89198894413358,32.567164665166175,0.0,impulse_support_broken,2024-11-22,,,,,,,,,,,,,,,,,,,,,,
457,783,2024-11-25,002331,70887700.0,45.97076123722821,42.62547110024682,0.0,expired,2024-12-02,,,,,,,,,,,,,,,,,,,,,,
457,814,2024-11-25,002366,258017900.0,13.88875282248284,11.58172844425163,0.0,expired,2024-12-02,,,,,,,,,,,,,,,,,,,,,,
457,1127,2024-11-25,002734,45116300.0,29.78712274383373,27.853823911902214,0.0,expired,2024-12-02,462.0,33.04508929394054,30.78957399002044,22249000.0,0.5136813080859911,2024-12-02,,,,,,,,,,,,,,,,
457,1309,2024-11-25,002950,61150107.0,16.61502687155136,14.04365366523984,0.0,expired,2024-12-02,462.0,15.246924460501,14.53814851260744,14086903.0,0.23267090113186556,2024-12-02,,,,,,,,,,,,,,,,
457,2008,2024-11-25,600860,57844900.0,18.3922378978404,16.720216270764,0.0,expired,2024-12-02,,,,,,,,,,,,,,,,,,,,,,
457,2057,2024-11-25,600935,151565900.0,3.016789229237406,2.97574447781921,0.0,impulse_support_broken,2024-11-25,,,,,,,,,,,,,,,,,,,,,,
458,1906,2024-11-26,600728,416652600.0,75.1744367187977,64.52797072408022,0.0,expired,2024-12-03,463.0,69.72136877028387,66.86499984487187,96233700.0,0.2551560940697358,2024-12-03,,,,,,,,,,,,,,,,
459,120,2024-11-27,000548,134396500.0,22.794280854427615,22.984550310641534,0.0,impulse_support_broken,2024-11-27,,,,,,,,,,,,,,,,,,,,,,
459,566,2024-11-27,002086,163166600.0,13.451212792309915,12.08958695750554,0.0,expired,2024-12-04,,,,,,,,,,,,,,,,,,,,,,
459,638,2024-11-27,002167,228689800.0,75.20652461561521,69.7841106151163,0.0,expired,2024-12-04,,,,,,,,,,,,,,,,,,,,,,
459,997,2024-11-27,002576,40560000.0,20.372405620874815,18.836171229626782,0.0,failed_first_breakout,2024-12-03,462.0,20.829123953408015,19.638888298927554,14428300.0,0.35673939842209074,2024-12-02,,,,,,,,,,,,,,,,
459,1154,2024-11-27,002769,62087600.0,39.00648475999576,36.696890267627595,0.0,expired,2024-12-04,,,,,,,,,,,,,,,,,,,,,,
459,1177,2024-11-27,002798,57756300.0,13.585090639178269,12.537714036611236,0.0,failed_first_breakout,2024-12-03,462.0,14.139584134654932,13.215428308860492,25455400.0,0.48978033565169515,2024-12-02,,,,,,,,,,,,,,,,
459,1672,2024-11-27,600400,267318333.0,42.57117737391623,39.00154448852574,0.0,expired,2024-12-04,,,,,,,,,,,,,,,,,,,,,,
459,1874,2024-11-27,600689,30369100.0,26.595824738391048,25.891965482554614,0.0,impulse_support_broken,2024-11-27,,,,,,,,,,,,,,,,,,,,,,
459,2322,2024-11-27,603002,116382600.0,10.233199836189218,9.882241719063595,0.0,expired,2024-12-04,,,,,,,,,,,,,,,,,,,,,,
459,2421,2024-11-27,603121,35483300.0,18.2037759583041,17.455398502240488,0.0,upper_limit_opening,2024-12-04,462.0,18.466719388812937,17.192455071731647,10872200.0,0.32960293997457957,2024-12-02,,2024-12-03,20.00392713640306,0.1405460060667342,1.0,1.0,464.0,,,,,,,,,
459,2460,2024-11-27,603178,26156500.0,23.688453943779518,21.58398861573839,0.0,expired,2024-12-04,,,,,,,,,,,,,,,,,,,,,,
459,2644,2024-11-27,603520,49526800.0,31.355480525484772,28.294945584241283,0.0,expired,2024-12-04,,,,,,,,,,,,,,,,,,,,,,
459,2763,2024-11-27,603758,22708400.0,11.344293520799383,10.580368031183262,0.0,expired,2024-12-04,,,,,,,,,,,,,,,,,,,,,,
459,2934,2024-11-27,605168,30104700.0,117.94641770945323,100.98991770387941,0.0,expired,2024-12-04,,,,,,,,,,,,,,,,,,,,,,
460,590,2024-11-28,002115,209838000.0,41.49889541218519,40.188403978116185,0.0,impulse_support_broken,2024-11-29,,,,,,,,,,,,,,,,,,,,,,
460,663,2024-11-28,002195,724435500.0,111.56377954828253,99.70822804315168,0.0,expired,2024-12-05,,,,,,,,,,,,,,,,,,,,,,
460,775,2024-11-28,002321,199912700.0,5.443478186847623,4.948616533497839,0.0,expired,2024-12-05,,,,,,,,,,,,,,,,,,,,,,
460,1752,2024-11-28,600527,155083400.0,60.858726168036085,57.988031537468345,0.0,expired,2024-12-05,,,,,,,,,,,,,,,,,,,,,,
460,1903,2024-11-28,600725,73257100.0,29.1461489199379,27.087805069659797,0.0,expired,2024-12-05,,,,,,,,,,,,,,,,,,,,,,
460,2058,2024-11-28,600936,62229200.0,3.3946437483497482,3.210040765055804,0.0,expired,2024-12-05,,,,,,,,,,,,,,,,,,,,,,
460,2911,2024-11-28,605088,18637500.0,28.179547243345677,27.79048051612,0.0,impulse_support_broken,2024-11-29,,,,,,,,,,,,,,,,,,,,,,
461,600,2024-11-29,002127,426024300.0,45.14057938663452,39.71093422456292,0.0,expired,2024-12-06,,,,,,,,,,,,,,,,,,,,,,
461,953,2024-11-29,002527,122205100.0,27.500279815018587,24.87322056439689,0.0,expired,2024-12-06,,,,,,,,,,,,,,,,,,,,,,
461,1042,2024-11-29,002631,108437000.0,23.015219566139592,20.71803192582811,0.0,failed_first_breakout,2024-12-04,463.0,23.101905892189084,21.58489518632301,58781000.0,0.5607827586524895,2024-12-03,,,,,,,,,,,,,,,,
461,1115,2024-11-29,002718,16555200.0,42.080555480408016,43.486846537593884,0.0,impulse_support_broken,2024-11-29,,,,,,,,,,,,,,,,,,,,,,
461,1203,2024-11-29,002829,45328300.0,56.80819467118166,48.70672442725183,0.0,expired,2024-12-06,,,,,,,,,,,,,,,,,,,,,,
461,2740,2024-11-29,603706,23227200.0,27.961521959005577,25.185558587624158,0.0,expired,2024-12-06,463.0,26.409506074096875,24.98367034243278,10978300.0,0.48522206723152167,2024-12-03,,,,,,,,,,,,,,,,
461,2850,2024-11-29,603933,31735400.0,35.13248961862659,30.610071407885624,0.0,expired,2024-12-06,466.0,36.51433962746412,35.572169166893076,8674100.0,0.288069474466999,2024-12-06,,,,,,,,,,,,,,,,
462,32,2024-12-02,000058,95778800.0,44.128867725045865,41.49711416529872,0.0,expired,2024-12-09,,,,,,,,,,,,,,,,,,,,,,
462,704,2024-12-02,002243,90646600.0,16.1058021234813,16.070011452095788,0.0,impulse_support_broken,2024-12-04,,,,,,,,,,,,,,,,,,,,,,
462,1088,2024-12-02,002682,171300200.0,13.934420938106202,12.415254745605901,0.0,expired,2024-12-09,,,,,,,,,,,,,,,,,,,,,,
462,1661,2024-12-02,600386,107742500.0,30.215931157375227,26.507335985142053,0.0,expired,2024-12-09,,,,,,,,,,,,,,,,,,,,,,
462,2516,2024-12-02,603256,48856900.0,10.489421604781164,9.959232802160907,0.0,impulse_support_broken,2024-12-03,,,,,,,,,,,,,,,,,,,,,,
462,2926,2024-12-02,605136,65778800.0,9.517672050503961,9.27099372522092,0.0,impulse_support_broken,2024-12-02,,,,,,,,,,,,,,,,,,,,,,
463,585,2024-12-03,002108,234407600.0,76.59017475786018,65.6747104218231,0.0,expired,2024-12-10,,,,,,,,,,,,,,,,,,,,,,
463,1240,2024-12-03,002870,17479400.0,37.91526763621534,33.755742811675916,0.0,failed_first_breakout,2024-12-10,465.0,36.487059864381,35.09012671528755,5099600.0,0.33923933315788873,2024-12-05,,,,,,,,,,,,,,,,
463,1364,2024-12-03,003010,26077000.0,33.44036235427901,29.970136072231185,0.0,expired,2024-12-10,,,,,,,,,,,,,,,,,,,,,,
463,2833,2024-12-03,603901,98859400.0,38.13032345027254,33.460429904115564,0.0,expired,2024-12-10,,,,,,,,,,,,,,,,,,,,,,
463,2963,2024-12-03,605300,24877402.0,17.328233321279598,15.724725163191037,0.0,impulse_support_broken,2024-12-03,,,,,,,,,,,,,,,,,,,,,,
464,135,2024-12-04,000566,193724100.0,60.70266324589649,58.80570501946222,0.0,impulse_support_broken,2024-12-04,,,,,,,,,,,,,,,,,,,,,,
464,140,2024-12-04,000572,201070800.0,23.080056178313026,21.451423181859486,0.0,expired,2024-12-11,,,,,,,,,,,,,,,,,,,,,,
464,233,2024-12-04,000735,228465600.0,47.44443841429749,42.51119128777875,0.0,impulse_support_broken,2024-12-09,,,,,,,,,,,,,,,,,,,,,,
464,313,2024-12-04,000886,135948600.0,22.6396410080361,21.471347120592117,0.0,impulse_support_broken,2024-12-06,,,,,,,,,,,,,,,,,,,,,,
464,317,2024-12-04,000890,87330100.0,15.308397003822838,13.94025524261162,0.0,expired,2024-12-11,,,,,,,,,,,,,,,,,,,,,,
464,513,2024-12-04,002029,134684600.0,83.50681226554936,77.035804673016,0.0,impulse_support_broken,2024-12-04,,,,,,,,,,,,,,,,,,,,,,
464,520,2024-12-04,002036,110711300.0,75.39378681110864,70.98396154479852,0.5341860465116302,closed,2024-12-12,465.0,75.25153438316315,72.05085475438968,38474200.0,0.4341526113413897,2024-12-05,,2024-12-06,76.10504895083608,0.053271028037383115,0.7758620689655165,1.0,467.0,2024-12-09,10.75,7.1126213972744,76.4606800206998,71.87303921945781,3.0,2024-12-12,hold_expired,10.83
464,774,2024-12-04,002320,140887700.0,96.23399801493258,90.1841998941108,0.0,expired,2024-12-11,,,,,,,,,,,,,,,,,,,,,,
464,960,2024-12-04,002535,147341800.0,15.947809900100467,14.395368228409273,0.0,origin_quota,2024-12-06,465.0,16.406485848554688,15.594982247443378,59081900.0,0.4860793067547702,2024-12-05,,2024-12-06,16.829879031743193,0.07337526205450735,0.5283018867924529,3.0,,,,,,,,,,
464,973,2024-12-04,002551,106906700.0,31.06634864936832,28.408265342470493,0.0,failed_first_breakout,2024-12-06,465.0,31.06634864936832,29.48811168589773,29781200.0,0.37298176821471435,2024-12-05,,,,,,,,,,,,,,,,
464,1269,2024-12-04,002905,47583100.0,19.681080955516048,17.238393602881075,0.0,failed_first_breakout,2024-12-10,466.0,20.960583854515317,19.51823513200705,20055600.0,0.4345786634330256,2024-12-06,,,,,,,,,,,,,,,,
464,1278,2024-12-04,002915,58186100.0,28.943335209246282,25.673769670066832,0.0,failed_first_breakout,2024-12-09,465.0,29.404146459734662,27.758391993704738,24622300.0,0.4872057072049854,2024-12-05,,,,,,,,,,,,,,,,
464,1501,2024-12-04,600156,75279800.0,11.04862595077073,10.365205788867383,0.0,failed_first_breakout,2024-12-10,466.0,11.295416564791381,10.479109149184607,22742900.0,0.4080184857026719,2024-12-06,,,,,,,,,,,,,,,,
464,1549,2024-12-04,600221,3339566800.0,6.291867541624448,5.842448431508417,0.0,expired,2024-12-11,,,,,,,,,,,,,,,,,,,,,,
464,1789,2024-12-04,600579,56209300.0,14.67893898305094,13.36159830508483,0.0,expired,2024-12-11,465.0,14.660119830508568,13.982630338983139,21514100.0,0.4651143138235132,2024-12-05,,,,,,,,,,,,,,,,
464,2057,2024-12-04,600935,140274900.0,3.0680951685101516,2.698692405746387,0.0,raw_entry_price_not_above_six,2024-12-09,465.0,3.0783563563647003,2.914177350691916,60427200.0,0.4958467266774027,2024-12-05,,2024-12-06,3.109139919928347,0.06270627062706276,0.5882352941176454,2.0,467.0,,,,,,,,,
464,2258,2024-12-04,601789,214284500.0,12.950459866226783,12.172428362635639,0.0,impulse_support_broken,2024-12-05,,,,,,,,,,,,,,,,,,,,,,
464,2298,2024-12-04,601933,1255822200.0,54.40746633668641,48.168498864688644,0.0,expired,2024-12-11,,,,,,,,,,,,,,,,,,,,,,
465,473,2024-12-05,001373,9093400.0,30.885859946131824,29.2231627549045,0.0,factor_changed_observation,2024-12-11,,,,,,,,,,,,,,,,,,,,,,
465,738,2024-12-05,002279,274406500.0,77.18912455755813,67.29051920626506,0.0,expired,2024-12-12,,,,,,,,,,,,,,,,,,,,,,
465,1111,2024-12-05,002713,87304900.0,18.858892285355317,18.48321714022872,0.0,expired,2024-12-12,,,,,,,,,,,,,,,,,,,,,,
465,1973,2024-12-05,600815,215473100.0,18.880122478152284,17.28115445068662,0.0,expired,2024-12-12,,,,,,,,,,,,,,,,,,,,,,
465,2387,2024-12-05,603081,32804600.0,12.742607712303885,11.936113553297309,0.0,failed_first_breakout,2024-12-12,466.0,12.903906544105201,12.37699702688757,13060900.0,0.4599568353218756,2024-12-06,,,,,,,,,,,,,,,,
465,2829,2024-12-05,603897,19863700.0,30.93956699000601,29.85059672327702,0.0,expired,2024-12-12,,,,,,,,,,,,,,,,,,,,,,
465,2856,2024-12-05,603949,16373500.0,22.110513097118773,20.733387713907224,0.0,expired,2024-12-12,,,,,,,,,,,,,,,,,,,,,,
465,2928,2024-12-05,605151,11037200.0,19.35315454186315,18.283919484301652,0.0,expired,2024-12-12,,,,,,,,,,,,,,,,,,,,,,
465,2929,2024-12-05,605155,31861200.0,23.63866086834824,24.713145453273164,0.0,impulse_support_broken,2024-12-05,,,,,,,,,,,,,,,,,,,,,,
465,2979,2024-12-05,605378,18135600.0,30.004652352787826,26.867110025541994,0.0,failed_first_breakout,2024-12-10,467.0,29.07557428501115,28.22265015721617,6014600.0,0.3532830455016652,2024-12-09,,,,,,,,,,,,,,,,
465,2982,2024-12-05,605398,22661300.0,60.54063422991926,56.80425169972006,0.0,expired,2024-12-12,,,,,,,,,,,,,,,,,,,,,,
466,90,2024-12-06,000510,135401400.0,53.41109022780731,46.933575029966846,0.0,expired,2024-12-13,470.0,50.910996642675904,49.206387380086305,28882900.0,0.23149022092829172,2024-12-12,,,,,,,,,,,,,,,,
466,943,2024-12-06,002516,204590500.0,57.82531510083975,51.04963612433686,-6.209999999999995,closed,2024-12-17,469.0,56.15459973677054,53.83416173111887,34530000.0,0.21459818515522472,2024-12-11,,2024-12-13,57.268409979483344,0.05996758508914094,0.6571428571428568,1.0,472.0,2024-12-16,6.16,9.281752022606701,57.17559245925728,53.745056911701845,3.0,2024-12-17,stop_loss,5.7904
466,1993,2024-12-06,600841,89814400.0,18.06466518532816,16.26703944910464,0.0,expired,2024-12-13,,,,,,,,,,,,,,,,,,,,,,
466,2404,2024-12-06,603101,25377200.0,18.710492939700163,16.587167336430817,0.0,expired,2024-12-13,,,,,,,,,,,,,,,,,,,,,,
467,590,2024-12-09,002115,226005600.0,44.68151746635278,41.186873642168756,0.0,expired,2024-12-16,,,,,,,,,,,,,,,,,,,,,,
467,767,2024-12-09,002313,65741500.0,25.9080528528191,23.301122223437922,0.0,expired,2024-12-16,,,,,,,,,,,,,,,,,,,,,,
467,954,2024-12-09,002529,34983500.0,12.149091616260609,11.031635061182094,0.0,expired,2024-12-16,,,,,,,,,,,,,,,,,,,,,,
467,1733,2024-12-09,600506,52933700.0,23.917517093310774,24.06343649876081,0.0,impulse_support_broken,2024-12-09,,,,,,,,,,,,,,,,,,,,,,
467,1824,2024-12-09,600620,46387800.0,2881.9939304067098,2511.513395257267,0.0,expired,2024-12-16,,,,,,,,,,,,,,,,,,,,,,
467,2674,2024-12-09,603598,71640500.0,35.39292665951181,30.178610388286806,0.0,expired,2024-12-16,,,,,,,,,,,,,,,,,,,,,,
467,2750,2024-12-09,603721,33125500.0,45.27479025152542,40.080870630894516,0.0,expired,2024-12-16,,,,,,,,,,,,,,,,,,,,,,
467,2961,2024-12-09,605298,9288600.0,27.309587193884884,24.74539089137304,0.0,expired,2024-12-16,470.0,29.712400512322557,27.542695948658686,3348200.0,0.41232263204358033,2024-12-12,,,,,,,,,,,,,,,,
468,97,2024-12-10,000520,125208800.0,42.63621486452302,38.257748354866614,0.0,expired,2024-12-17,,,,,,,,,,,,,,,,,,,,,,
468,161,2024-12-10,000608,129761200.0,33.33501625861585,30.682056487168914,0.0,expired,2024-12-17,,,,,,,,,,,,,,,,,,,,,,
468,186,2024-12-10,000665,148608000.0,28.67444441153136,26.284907377237083,0.0,expired,2024-12-17,,,,,,,,,,,,,,,,,,,,,,
468,280,2024-12-10,000816,261016700.0,24.120839471257224,22.31741222106977,0.0,expired,2024-12-17,,,,,,,,,,,,,,,,,,,,,,
468,823,2024-12-10,002375,108407400.0,28.167267679298803,26.733977509776967,0.0,impulse_support_broken,2024-12-17,,,,,,,,,,,,,,,,,,,,,,
468,843,2024-12-10,002395,36334500.0,58.36493199300488,51.2953768501902,0.0,expired,2024-12-17,,,,,,,,,,,,,,,,,,,,,,
468,871,2024-12-10,002426,800756700.0,17.61352328239359,15.873264994013384,0.0,expired,2024-12-17,,,,,,,,,,,,,,,,,,,,,,
468,909,2024-12-10,002470,445665200.0,9.776515833181996,8.879979446732992,0.0,expired,2024-12-17,,,,,,,,,,,,,,,,,,,,,,
468,1111,2024-12-10,002713,119910200.0,23.02888639626058,21.75159090283014,0.0,duplicate_active_origin,2024-12-10,,,,,,,2024-12-05,,,,,,,,,,,,,,,
468,1502,2024-12-10,600157,5616134800.0,99.5977392609299,85.29652541833484,0.0,expired,2024-12-17,472.0,98.57622398645883,93.46864761410346,1738104000.0,0.3339508517494986,2024-12-16,,,,,,,,,,,,,,,,
468,1984,2024-12-10,600828,57032500.0,46.246297858789866,42.54659403008668,0.0,expired,2024-12-17,,,,,,,,,,,,,,,,,,,,,,
468,2002,2024-12-10,600853,151207000.0,14.06275372224555,13.344933346632088,0.0,expired,2024-12-17,,,,,,,,,,,,,,,,,,,,,,
468,2297,2024-12-10,601929,741498200.0,5.171311130675685,4.577160490129968,0.0,expired,2024-12-17,,,,,,,,,,,,,,,,,,,,,,
468,2450,2024-12-10,603166,57334400.0,12.023464535112135,11.537509645166272,0.0,impulse_support_broken,2024-12-17,,,,,,,,,,,,,,,,,,,,,,
468,2629,2024-12-10,603488,36013900.0,16.276860030256696,16.343705451325512,0.0,impulse_support_broken,2024-12-11,,,,,,,,,,,,,,,,,,,,,,
468,2764,2024-12-10,603759,30322500.0,12.37498600514223,11.227115638718615,0.0,expired,2024-12-17,469.0,12.626574030659732,11.95043121208144,11708900.0,0.49290790666996454,2024-12-11,,,,,,,,,,,,,,,,
469,170,2024-12-11,000629,728250500.0,27.75722019824292,25.31523601657932,0.0,expired,2024-12-18,474.0,26.373429161966882,25.31523601657932,95296900.0,0.15628379245877622,2024-12-18,,,,,,,,,,,,,,,,
469,213,2024-12-11,000710,70804400.0,38.53645340259692,36.19349298701253,0.0,impulse_support_broken,2024-12-17,,,,,,,,,,,,,,,,,,,,,,
469,357,2024-12-11,000953,60925200.0,17.415724933154948,15.929652596044422,0.0,expired,2024-12-18,472.0,17.93715382336917,17.076796154515705,29704100.0,0.5046827913572709,2024-12-16,,,,,,,,,,,,,,,,
469,390,2024-12-11,001202,15035600.0,17.096624240700823,16.09221106673672,0.0,impulse_support_broken,2024-12-17,,,,,,,,,,,,,,,,,,,,,,
469,403,2024-12-11,001217,35142400.0,13.55671024488842,12.509099124204617,0.0,expired,2024-12-18,,,,,,,,,,,,,,,,,,,,,,
469,675,2024-12-11,002209,42680400.0,17.723257475194558,15.939981789252652,0.0,impulse_support_broken,2024-12-17,,,,,,,,,,,,,,,,,,,,,,
469,755,2024-12-11,002298,157440900.0,20.542670977210182,18.78097178161482,0.0,expired,2024-12-18,,,,,,,,,,,,,,,,,,,,,,
469,812,2024-12-11,002364,78585500.0,54.650288654131,51.30980646255821,0.0,expired,2024-12-18,,,,,,,,,,,,,,,,,,,,,,
469,917,2024-12-11,002480,106567500.0,24.15285057910351,21.56504515991385,0.0,failed_first_breakout,2024-12-16,470.0,24.89222355601484,23.249172496211884,44000500.0,0.47438900227555303,2024-12-12,,,,,,,,,,,,,,,,
469,1208,2024-12-11,002835,39901500.0,43.95635044924527,43.85093953689696,0.0,impulse_support_broken,2024-12-11,,,,,,,,,,,,,,,,,,,,,,
469,1245,2024-12-11,002877,73194400.0,29.56909121758403,26.07379349500975,0.0,impulse_support_broken,2024-12-18,,,,,,,,,,,,,,,,,,,,,,
469,1388,2024-12-11,003037,59345000.0,7.401132568564735,6.707599866335593,0.0,expired,2024-12-18,,,,,,,,,,,,,,,,,,,,,,
469,1822,2024-12-11,600618,56297600.0,307.5466004600407,272.3824700989108,0.0,expired,2024-12-18,,,,,,,,,,,,,,,,,,,,,,
469,2071,2024-12-11,600967,130167300.0,50.31655468991028,46.09976528214882,0.0,expired,2024-12-18,474.0,49.746718283456026,48.43609454861125,19649400.0,0.17744126212958247,2024-12-18,,,,,,,,,,,,,,,,
469,2578,2024-12-11,603335,54350700.0,9.775085872614143,8.943163670689536,0.0,expired,2024-12-18,,,,,,,,,,,,,,,,,,,,,,
469,2584,2024-12-11,603344,18385800.0,26.39104250559255,23.36970917225925,0.0,expired,2024-12-18,,,,,,,,,,,,,,,,,,,,,,
469,2747,2024-12-11,603716,55438600.0,34.200959171750426,33.46052603504243,0.0,expired,2024-12-18,,,,,,,,,,,,,,,,,,,,,,
469,2983,2024-12-11,605399,28644300.0,24.910270751855105,21.60187541762435,0.0,expired,2024-12-18,472.0,25.2110339640579,24.167208698177607,9875700.0,0.3685899114308955,2024-12-16,,,,,,,,,,,,,,,,
470,73,2024-12-12,000420,333688600.0,29.064785892166135,26.88662863561036,0.0,expired,2024-12-19,,,,,,,,,,,,,,,,,,,,,,
470,451,2024-12-12,001318,28456800.0,13.911211337469746,12.83322079102375,0.0,impulse_support_broken,2024-12-17,,,,,,,,,,,,,,,,,,,,,,
470,912,2024-12-12,002474,176212200.0,48.91200612378441,44.45404407655887,0.0,impulse_support_broken,2024-12-17,,,,,,,,,,,,,,,,,,,,,,
471,188,2024-12-13,000670,148317300.0,88.92604019215834,80.53679111742642,0.0,expired,2024-12-20,,,,,,,,,,,,,,,,,,,,,,
471,1140,2024-12-13,002752,96895000.0,13.44140999238037,11.90879929987475,0.0,expired,2024-12-20,,,,,,,,,,,,,,,,,,,,,,
471,1178,2024-12-13,002799,58456200.0,25.612962253111213,22.563184709350242,0.0,impulse_support_broken,2024-12-18,,,,,,,,,,,,,,,,,,,,,,
471,1231,2024-12-13,002861,45996100.0,19.058653704765323,17.07366646530324,0.0,expired,2024-12-20,,,,,,,,,,,,,,,,,,,,,,
471,1811,2024-12-13,600604,129769100.0,301.208712790269,273.73002320238476,0.0,expired,2024-12-20,,,,,,,,,,,,,,,,,,,,,,
471,2832,2024-12-13,603900,62608643.0,12.669020384704558,11.25386385237054,0.0,expired,2024-12-20,,,,,,,,,,,,,,,,,,,,,,
471,2970,2024-12-13,605338,14829200.0,21.765616109254232,19.03309066820831,0.0,expired,2024-12-20,476.0,20.010493999043966,18.9174838226256,3923000.0,0.27469789334556144,2024-12-20,,,,,,,,,,,,,,,,
472,142,2024-12-16,000576,49171300.0,56.625329082517965,54.100230795672125,0.0,impulse_support_broken,2024-12-17,,,,,,,,,,,,,,,,,,,,,,
472,379,2024-12-16,000985,11009300.0,38.521938006728284,33.97155578952233,0.0,failed_first_breakout,2024-12-23,476.0,38.018269746045185,36.31621838235746,2952700.0,0.2839644664056752,2024-12-20,,,,,,,,,,,,,,,,
472,672,2024-12-16,002205,42651200.0,21.248518702869738,19.965192325765724,0.0,expired,2024-12-23,,,,,,,,,,,,,,,,,,,,,,
472,1234,2024-12-16,002864,25671400.0,33.231167396039524,29.560643305935592,0.0,expired,2024-12-23,,,,,,,,,,,,,,,,,,,,,,
472,1688,2024-12-16,600429,149446600.0,8.139721978509426,7.027738101663877,0.0,impulse_support_broken,2024-12-23,,,,,,,,,,,,,,,,,,,,,,
472,1879,2024-12-16,600694,74972200.0,186.7777024539064,172.92238855203217,0.0,impulse_support_broken,2024-12-17,,,,,,,,,,,,,,,,,,,,,,
472,1960,2024-12-16,600797,254536700.0,108.87930079308639,102.61010486022947,0.0,impulse_support_broken,2024-12-17,,,,,,,,,,,,,,,,,,,,,,
472,2085,2024-12-16,600984,122948800.0,10.15448360673053,9.27258056396237,0.0,impulse_support_broken,2024-12-23,,,,,,,,,,,,,,,,,,,,,,
472,2423,2024-12-16,603123,116009800.0,12.330062210839893,10.982194193495227,0.0,impulse_support_broken,2024-12-17,,,,,,,,,,,,,,,,,,,,,,
472,2498,2024-12-16,603221,24506400.0,11.612665071126834,10.66046793516991,0.0,impulse_support_broken,2024-12-18,,,,,,,,,,,,,,,,,,,,,,
472,2570,2024-12-16,603326,49249900.0,17.038998395412285,15.38646119847846,0.0,impulse_support_broken,2024-12-18,,,,,,,,,,,,,,,,,,,,,,
472,2788,2024-12-16,603813,7411000.0,15.187160409091456,14.419695363507476,0.0,impulse_support_broken,2024-12-23,,,,,,,,,,,,,,,,,,,,,,
472,2865,2024-12-16,603969,104656400.0,32.62179651832664,28.939451904101634,0.0,failed_first_breakout,2024-12-20,475.0,31.394348313584974,29.74201419181734,33827200.0,0.3452674657259375,2024-12-19,,,,,,,,,,,,,,,,
473,580,2024-12-17,002103,153376800.0,34.956608999293636,33.39032509301164,0.0,impulse_support_broken,2024-12-17,,,,,,,,,,,,,,,,,,,,,,
473,997,2024-12-17,002576,43211900.0,22.545277687775183,20.24784607563849,0.0,expired,2024-12-24,,,,,,,,,,,,,,,,,,,,,,
473,1140,2024-12-17,002752,125632100.0,13.97989483028775,13.793496232550579,0.0,duplicate_active_origin,2024-12-17,,,,,,,2024-12-13,,,,,,,,,,,,,,,
473,1178,2024-12-17,002799,58667500.0,25.38035210146843,26.207410418420555,0.0,duplicate_active_origin,2024-12-17,,,,,,,2024-12-13,,,,,,,,,,,,,,,
473,2087,2024-12-17,600986,395127300.0,46.35383521963531,41.991805556557956,0.0,impulse_support_broken,2024-12-17,,,,,,,,,,,,,,,,,,,,,,
473,2611,2024-12-17,603390,56748700.0,11.217556949671751,9.992887888193826,0.0,expired,2024-12-24,,,,,,,,,,,,,,,,,,,,,,
473,2859,2024-12-17,603956,44509300.0,7.328261630456602,6.565348762769771,0.0,impulse_support_broken,2024-12-19,,,,,,,,,,,,,,,,,,,,,,
473,2886,2024-12-17,603999,91567300.0,19.71064180448439,17.805618434205616,0.0,impulse_support_broken,2024-12-19,,,,,,,,,,,,,,,,,,,,,,
474,145,2024-12-18,000586,33556000.0,41.95693562278104,40.98571026114259,0.0,impulse_support_broken,2024-12-24,,,,,,,,,,,,,,,,,,,,,,
474,149,2024-12-18,000592,369827300.0,21.53233869360142,20.810217578876983,0.0,impulse_support_broken,2024-12-18,,,,,,,,,,,,,,,,,,,,,,
474,217,2024-12-18,000715,47080000.0,40.34837758982826,41.81368831941995,0.0,impulse_support_broken,2024-12-18,,,,,,,,,,,,,,,,,,,,,,
474,582,2024-12-18,002105,56459000.0,10.802124285314404,10.387985335078708,0.0,impulse_support_broken,2024-12-18,,,,,,,,,,,,,,,,,,,,,,
474,642,2024-12-18,002172,122416900.0,11.416408163265368,12.109224489795983,0.0,impulse_support_broken,2024-12-18,,,,,,,,,,,,,,,,,,,,,,
474,748,2024-12-18,002291,372536300.0,16.828857131616076,15.206382700465397,0.0,impulse_support_broken,2024-12-20,,,,,,,,,,,,,,,,,,,,,,
474,829,2024-12-18,002381,55189100.0,46.09471832230246,46.40701316188446,0.0,impulse_support_broken,2024-12-18,,,,,,,,,,,,,,,,,,,,,,
474,1254,2024-12-18,002887,38925300.0,37.22392039569596,37.08872455890773,0.0,impulse_support_broken,2024-12-18,,,,,,,,,,,,,,,,,,,,,,
474,1503,2024-12-18,600158,212159000.0,66.48364446797144,59.27141479195875,0.0,impulse_support_broken,2024-12-23,,,,,,,,,,,,,,,,,,,,,,
474,1774,2024-12-18,600560,31416900.0,84.79969375299858,79.30471085192563,0.0,impulse_support_broken,2024-12-20,,,,,,,,,,,,,,,,,,,,,,
474,1913,2024-12-18,600738,149736700.0,51.809998458476585,48.639535866241445,0.0,impulse_support_broken,2024-12-18,,,,,,,,,,,,,,,,,,,,,,
474,2026,2024-12-18,600880,313939500.0,235.19368630327037,224.07935051759753,0.0,impulse_support_broken,2024-12-20,,,,,,,,,,,,,,,,,,,,,,
474,2799,2024-12-18,603839,23752500.0,12.283038742898276,12.548823197922351,0.0,impulse_support_broken,2024-12-18,,,,,,,,,,,,,,,,,,,,,,
476,186,2024-12-20,000665,195126500.0,30.347120335537358,27.24072219095479,0.0,impulse_support_broken,2024-12-23,,,,,,,,,,,,,,,,,,,,,,
476,202,2024-12-20,000692,99947300.0,54.05648065599844,50.29384859177581,0.0,impulse_support_broken,2024-12-23,,,,,,,,,,,,,,,,,,,,,,
476,219,2024-12-20,000717,227815900.0,18.20803607001033,18.04642628240669,0.0,impulse_support_broken,2024-12-20,,,,,,,,,,,,,,,,,,,,,,
476,259,2024-12-20,000788,86007600.0,26.598109347221556,23.697885085544602,0.0,expired,2024-12-27,,,,,,,,,,,,,,,,,,,,,,
476,558,2024-12-20,002077,131066800.0,25.809371852383464,22.34068634147088,0.0,expired,2024-12-27,,,,,,,,,,,,,,,,,,,,,,
476,595,2024-12-20,002121,159786300.0,80.52036760462983,74.7689127757277,0.0,impulse_support_broken,2024-12-23,,,,,,,,,,,,,,,,,,,,,,
476,700,2024-12-20,002239,778009600.0,33.62289783568619,33.44016469527485,0.0,impulse_support_broken,2024-12-20,,,,,,,,,,,,,,,,,,,,,,
476,790,2024-12-20,002339,209182800.0,52.14855132811034,47.23200358637113,0.0,impulse_support_broken,2024-12-20,,,,,,,,,,,,,,,,,,,,,,
476,865,2024-12-20,002419,156317100.0,26.536429229183216,24.522112819047198,0.0,expired,2024-12-27,,,,,,,,,,,,,,,,,,,,,,
476,1287,2024-12-20,002925,62048800.0,33.804850340092514,30.24208425032786,0.0,expired,2024-12-27,481.0,33.74270907108499,31.567764655821684,23334100.0,0.3827092546511778,2024-12-27,,,,,,,,,,,,,,,,
476,1668,2024-12-20,600396,132600600.0,19.90272133617336,18.51875726975071,0.0,impulse_support_broken,2024-12-23,,,,,,,,,,,,,,,,,,,,,,
476,1828,2024-12-20,600626,178048300.0,54.667718196230396,47.606471262550635,0.0,impulse_support_broken,2024-12-23,,,,,,,,,,,,,,,,,,,,,,
476,1865,2024-12-20,600676,119897800.0,85.17970570967425,75.55323211919738,0.0,impulse_support_broken,2024-12-25,,,,,,,,,,,,,,,,,,,,,,
476,1904,2024-12-20,600726,198188500.0,9.311156143475994,8.7698098560646,0.0,impulse_support_broken,2024-12-25,,,,,,,,,,,,,,,,,,,,,,
476,1941,2024-12-20,600775,128446100.0,17.751736610321885,15.945728667336281,0.0,impulse_support_broken,2024-12-24,,,,,,,,,,,,,,,,,,,,,,
476,2259,2024-12-20,601798,46447700.0,7.541578442382426,7.09037289454758,0.0,expired,2024-12-27,,,,,,,,,,,,,,,,,,,,,,
476,2359,2024-12-20,603048,13807600.0,18.152366826411743,16.63527987167971,0.0,impulse_support_broken,2024-12-23,,,,,,,,,,,,,,,,,,,,,,
477,424,2024-12-23,001266,9677700.0,35.14642093171462,32.950672480575854,0.0,impulse_support_broken,2024-12-23,,,,,,,,,,,,,,,,,,,,,,
477,844,2024-12-23,002396,68682400.0,63.69712391540379,58.75625686116913,0.0,expired,2024-12-30,,,,,,,,,,,,,,,,,,,,,,
477,852,2024-12-23,002404,76380700.0,41.54982444486648,36.933177284325765,0.0,expired,2024-12-30,,,,,,,,,,,,,,,,,,,,,,
477,942,2024-12-23,002515,149350000.0,58.1439604875555,51.758207601639,0.0,expired,2024-12-30,480.0,55.4552224303275,52.0942998587925,39376700.0,0.2767820555741547,2024-12-26,,,,,,,,,,,,,,,,
477,1043,2024-12-23,002632,106419200.0,65.81191091272001,59.230719821448005,0.0,expired,2024-12-30,,,,,,,,,,,,,,,,,,,,,,
477,1272,2024-12-23,002908,73589100.0,33.00901395500199,29.92693982288229,0.0,impulse_support_broken,2024-12-25,,,,,,,,,,,,,,,,,,,,,,
477,2128,2024-12-23,601086,76489900.0,7.991703409575014,7.37695699345386,0.0,impulse_support_broken,2024-12-24,,,,,,,,,,,,,,,,,,,,,,
477,2356,2024-12-23,603042,46903500.0,14.774729148605557,13.291159371647916,0.0,expired,2024-12-30,,,,,,,,,,,,,,,,,,,,,,
477,2426,2024-12-23,603126,113440000.0,12.10883000665732,12.075655129926751,0.0,impulse_support_broken,2024-12-24,,,,,,,,,,,,,,,,,,,,,,
477,2577,2024-12-23,603333,77351000.0,8.22278978019363,7.560655022612496,0.0,expired,2024-12-30,,,,,,,,,,,,,,,,,,,,,,
477,2684,2024-12-23,603610,46590100.0,33.527267584338894,34.387652762413815,0.0,impulse_support_broken,2024-12-23,,,,,,,,,,,,,,,,,,,,,,
478,188,2024-12-24,000670,219406000.0,93.33039595639259,86.40926546973877,0.0,expired,2024-12-31,,,,,,,,,,,,,,,,,,,,,,
478,448,2024-12-24,001314,20327400.0,51.83811488245544,48.91966983198649,0.0,expired,2024-12-31,,,,,,,,,,,,,,,,,,,,,,
478,825,2024-12-24,002377,111674200.0,15.485540522823987,14.70475696705135,0.0,impulse_support_broken,2024-12-25,,,,,,,,,,,,,,,,,,,,,,
478,845,2024-12-24,002397,35437600.0,37.05131918770443,37.825911226471774,0.0,impulse_support_broken,2024-12-24,,,,,,,,,,,,,,,,,,,,,,
478,930,2024-12-24,002494,41438500.0,11.427266680140564,11.616370384067238,0.0,impulse_support_broken,2024-12-24,,,,,,,,,,,,,,,,,,,,,,
478,1648,2024-12-24,600368,175433500.0,27.992601177176404,25.898666443450608,0.0,expired,2024-12-31,,,,,,,,,,,,,,,,,,,,,,
478,1661,2024-12-24,600386,68382300.0,29.79035466220093,28.696015103181303,0.0,impulse_support_broken,2024-12-30,,,,,,,,,,,,,,,,,,,,,,
478,2441,2024-12-24,603155,18022000.0,32.029913541407566,29.574658844853676,0.0,expired,2024-12-31,,,,,,,,,,,,,,,,,,,,,,
478,2642,2024-12-24,603518,77580200.0,14.86529591506272,12.91053223204224,0.0,failed_first_breakout,2024-12-30,480.0,15.51688380940288,14.60769139869568,22005700.0,0.32425606018030373,2024-12-26,,,,,,,,,,,,,,,,
478,2702,2024-12-24,603648,34466100.0,12.684839846396015,11.92327347663115,0.0,failed_first_breakout,2024-12-27,480.0,13.006125658640567,12.25645876340328,15162100.0,0.5052950580425404,2024-12-26,,,,,,,,,,,,,,,,
478,2706,2024-12-24,603657,18488000.0,26.813282634531017,23.700603389391,0.0,expired,2024-12-31,,,,,,,,,,,,,,,,,,,,,,
478,2873,2024-12-24,603983,6371300.0,35.97946556211374,34.74534141354519,0.0,impulse_support_broken,2024-12-31,480.0,37.23468584997405,35.051235433275856,3013800.0,0.47357682105692717,2024-12-26,,,,,,,,,,,,,,,,
479,308,2024-12-25,000880,82316000.0,62.57975523363468,57.51124468564598,0.0,expired,2025-01-02,,,,,,,,,,,,,,,,,,,,,,
479,874,2024-12-25,002429,580795400.0,54.99572522085648,51.837186948037015,0.0,expired,2025-01-02,,,,,,,,,,,,,,,,,,,,,,
479,1281,2024-12-25,002918,57686300.0,31.668829885620806,27.763290543158192,0.0,expired,2025-01-02,,,,,,,,,,,,,,,,,,,,,,
480,403,2024-12-26,001217,25772500.0,12.612822997539647,12.322396152201565,0.0,expired,2025-01-03,,,,,,,,,,,,,,,,,,,,,,
480,421,2024-12-26,001258,109776500.0,8.373005168845069,7.924815111145333,0.0,impulse_support_broken,2024-12-26,,,,,,,,,,,,,,,,,,,,,,
480,796,2024-12-26,002346,15691300.0,24.013393390873624,22.20946042394946,0.0,expired,2025-01-03,,,,,,,,,,,,,,,,,,,,,,
480,800,2024-12-26,002350,75258196.0,34.645402885795725,33.12198800712953,0.0,expired,2025-01-03,,,,,,,,,,,,,,,,,,,,,,
480,1278,2024-12-26,002915,30083300.0,28.680014494681497,27.517014672020345,0.0,impulse_support_broken,2025-01-03,,,,,,,,,,,,,,,,,,,,,,
480,1289,2024-12-26,002927,23326900.0,36.089251719936755,33.6055813066265,0.0,expired,2025-01-03,,,,,,,,,,,,,,,,,,,,,,
480,1388,2024-12-26,003037,22439300.0,7.142351709524011,6.987083194099576,0.0,expired,2025-01-03,,,,,,,,,,,,,,,,,,,,,,
480,1790,2024-12-26,600580,244854000.0,128.28958324140518,116.28587954630294,0.0,expired,2025-01-03,,,,,,,,,,,,,,,,,,,,,,
480,1891,2024-12-26,600712,47994100.0,42.13476923077105,39.14332791076163,0.0,expired,2025-01-03,,,,,,,,,,,,,,,,,,,,,,
480,2291,2024-12-26,601908,383880500.0,16.57424679036304,14.39342484426264,0.0,impulse_support_broken,2024-12-30,,,,,,,,,,,,,,,,,,,,,,
480,2485,2024-12-26,603207,22529300.0,29.67,30.58,0.0,impulse_support_broken,2024-12-26,,,,,,,,,,,,,,,,,,,,,,
480,2577,2024-12-26,603333,98493900.0,8.422970055741414,7.668444401753611,0.0,duplicate_active_origin,2024-12-26,,,,,,,2024-12-23,,,,,,,,,,,,,,,
480,2587,2024-12-26,603350,10443364.0,37.71,34.58,0.0,impulse_support_broken,2025-01-02,,,,,,,,,,,,,,,,,,,,,,
480,2597,2024-12-26,603366,119226100.0,37.384447176641366,36.31559300276871,0.0,impulse_support_broken,2024-12-26,,,,,,,,,,,,,,,,,,,,,,
480,2766,2024-12-26,603767,20983000.0,21.546279169203963,19.524736166620325,0.0,impulse_support_broken,2025-01-02,,,,,,,,,,,,,,,,,,,,,,
481,1551,2024-12-27,600223,104978300.0,16.58783255472717,15.78677114749064,0.0,impulse_support_broken,2024-12-27,,,,,,,,,,,,,,,,,,,,,,
482,425,2024-12-30,001267,38853000.0,8.338724906314992,7.833034905808265,0.0,impulse_support_broken,2025-01-03,,,,,,,,,,,,,,,,,,,,,,
482,550,2024-12-30,002067,402238600.0,12.470136861175734,11.85639410738185,0.0,impulse_support_broken,2024-12-31,,,,,,,,,,,,,,,,,,,,,,
482,874,2024-12-30,002429,448769900.0,57.13238346423435,52.208779686015774,0.0,duplicate_active_origin,2024-12-30,,,,,,,2024-12-25,,,,,,,,,,,,,,,
482,927,2024-12-30,002491,174860300.0,22.48896645646429,20.09294573119613,0.0,impulse_support_broken,2025-01-02,,,,,,,,,,,,,,,,,,,,,,
482,1321,2024-12-30,002963,26769600.0,13.880008353727474,14.293283838478983,0.0,impulse_support_broken,2024-12-30,,,,,,,,,,,,,,,,,,,,,,
482,1379,2024-12-30,003027,7555600.0,24.480110492101943,23.99395839392439,0.0,impulse_support_broken,2024-12-31,,,,,,,,,,,,,,,,,,,,,,
482,1481,2024-12-30,600126,151642300.0,28.426033668525626,25.274193115320898,0.0,expired,2025-01-07,,,,,,,,,,,,,,,,,,,,,,
482,2356,2024-12-30,603042,64220900.0,15.770549957796304,14.276818744010185,0.0,duplicate_active_origin,2024-12-30,,,,,,,2024-12-23,,,,,,,,,,,,,,,
482,2450,2024-12-30,603166,47553600.0,11.819677000618709,10.65965565042536,0.0,expired,2025-01-07,,,,,,,,,,,,,,,,,,,,,,
482,2697,2024-12-30,603633,68430600.0,24.221170330457092,21.796233603542877,0.0,impulse_support_broken,2025-01-03,,,,,,,,,,,,,,,,,,,,,,
482,2744,2024-12-30,603711,37119700.0,20.203880996064886,20.421712597100626,0.0,impulse_support_broken,2024-12-30,,,,,,,,,,,,,,,,,,,,,,
483,1136,2024-12-31,002746,87691500.0,29.163636497666218,26.689146128167266,0.0,impulse_support_broken,2025-01-03,,,,,,,,,,,,,,,,,,,,,,
483,1311,2024-12-31,002952,18198500.0,68.89730903426712,63.036851725419524,0.0,impulse_support_broken,2025-01-06,,,,,,,,,,,,,,,,,,,,,,
483,2520,2024-12-31,603261,4893200.0,29.25902863753448,29.036757011144367,0.0,impulse_support_broken,2024-12-31,,,,,,,,,,,,,,,,,,,,,,
483,2778,2024-12-31,603798,13382900.0,25.248481616718088,23.17018613325075,0.0,expired,2025-01-08,,,,,,,,,,,,,,,,,,,,,,
483,2857,2024-12-31,603950,24614335.0,28.200478371547725,26.419077703537752,0.0,impulse_support_broken,2025-01-02,,,,,,,,,,,,,,,,,,,,,,
484,1347,2025-01-02,002992,6616600.0,82.74247058823825,81.9494117647088,0.0,impulse_support_broken,2025-01-03,,,,,,,,,,,,,,,,,,,,,,
484,1809,2025-01-02,600602,175859600.0,9049.816048931822,8609.33827663868,0.0,impulse_support_broken,2025-01-03,,,,,,,,,,,,,,,,,,,,,,
484,1830,2025-01-02,600629,103412500.0,83.50884362205674,74.72320606095099,0.0,impulse_support_broken,2025-01-03,,,,,,,,,,,,,,,,,,,,,,
484,1986,2025-01-02,600830,82481400.0,132.5627193983509,116.91374140265167,0.0,impulse_support_broken,2025-01-03,,,,,,,,,,,,,,,,,,,,,,
484,2764,2025-01-02,603759,61421700.0,14.041756674195693,12.626574030659732,0.0,impulse_support_broken,2025-01-03,,,,,,,,,,,,,,,,,,,,,,
485,800,2025-01-03,002350,99549974.0,37.24995090416051,34.79283013211826,0.0,duplicate_active_origin,2025-01-03,,,,,,,2024-12-26,,,,,,,,,,,,,,,
485,884,2025-01-03,002442,84903900.0,16.398395486493726,14.93899135743684,0.0,impulse_support_broken,2025-01-03,,,,,,,,,,,,,,,,,,,,,,
485,1159,2025-01-03,002775,42882500.0,18.01503175424282,16.68760836182493,0.0,impulse_support_broken,2025-01-03,,,,,,,,,,,,,,,,,,,,,,
485,1177,2025-01-03,002798,56108500.0,13.215428308860492,12.352882871452348,0.0,impulse_support_broken,2025-01-03,,,,,,,,,,,,,,,,,,,,,,
485,1238,2025-01-03,002868,18791800.0,24.89891798029986,25.229800611267304,0.0,impulse_support_broken,2025-01-03,,,,,,,,,,,,,,,,,,,,,,
485,1626,2025-01-03,600333,75129700.0,15.494427072287229,14.0061116073677,0.0,impulse_support_broken,2025-01-03,,,,,,,,,,,,,,,,,,,,,,
485,2992,2025-01-03,605580,21277500.0,17.552998360117332,15.822864113152361,0.0,expired,2025-01-10,,,,,,,,,,,,,,,,,,,,,,
486,9,2025-01-06,000017,59249700.0,20.360430505258797,18.799247335526495,0.0,impulse_support_broken,2025-01-10,,,,,,,,,,,,,,,,,,,,,,
486,1002,2025-01-06,002582,146245900.0,48.501685192110635,47.899519800335,0.0,impulse_support_broken,2025-01-06,,,,,,,,,,,,,,,,,,,,,,
486,1869,2025-01-06,600683,43611000.0,25.76518562703769,26.676076027993567,0.0,impulse_support_broken,2025-01-06,,,,,,,,,,,,,,,,,,,,,,
486,1944,2025-01-06,600778,76075200.0,37.5613501324842,40.1906446417581,0.0,impulse_support_broken,2025-01-06,,,,,,,,,,,,,,,,,,,,,,
486,2962,2025-01-06,605299,17247400.0,9.111904547002124,8.63698103727959,0.0,impulse_support_broken,2025-01-13,,,,,,,,,,,,,,,,,,,,,,
488,818,2025-01-08,002370,94000100.0,11.29845616950528,10.309841254673568,0.0,expired,2025-01-15,492.0,10.804148712089425,10.097995201495344,26665300.0,0.3085454164410463,2025-01-14,,,,,,,,,,,,,,,,
488,1971,2025-01-08,600812,66601800.0,24.94375177138922,23.077522168055356,0.0,impulse_support_broken,2025-01-10,,,,,,,,,,,,,,,,,,,,,,
488,2946,2025-01-08,605208,86038000.0,16.52695092426464,14.784435446380217,0.0,impulse_support_broken,2025-01-09,,,,,,,,,,,,,,,,,,,,,,
489,740,2025-01-09,002282,61675700.0,17.72883136288519,15.44557277827119,0.0,expired,2025-01-16,492.0,17.146824272689468,16.04996475655137,25402800.0,0.4627195151412955,2025-01-14,,,,,,,,,,,,,,,,
489,814,2025-01-09,002366,115225700.0,11.06905636020025,9.7873761500718,0.0,expired,2025-01-16,,,,,,,,,,,,,,,,,,,,,,
489,1956,2025-01-09,600793,12205900.0,48.84138378551078,46.1468541631491,0.0,impulse_support_broken,2025-01-10,,,,,,,,,,,,,,,,,,,,,,
489,2788,2025-01-09,603813,4392600.0,12.74424350342977,11.43631011588524,0.0,expired,2025-01-16,,,,,,,,,,,,,,,,,,,,,,
491,1095,2025-01-13,002692,71724600.0,17.84585053187651,17.59508916608902,0.0,expired,2025-01-20,,,,,,,,,,,,,,,,,,,,,,
491,1191,2025-01-13,002815,78506000.0,23.85488417286623,21.553920935719685,0.0,expired,2025-01-20,,,,,,,,,,,,,,,,,,,,,,
491,1393,2025-01-13,003042,17794300.0,20.248631345960522,19.695318062596602,0.0,expired,2025-01-20,,,,,,,,,,,,,,,,,,,,,,
491,1564,2025-01-13,600241,19284200.0,17.37702586838295,16.11964338876045,0.0,expired,2025-01-20,493.0,18.23204595452625,16.999811124496198,6196000.0,0.3829015463436388,2025-01-15,,,,,,,,,,,,,,,,
491,1967,2025-01-13,600807,120913800.0,17.720819673408943,18.832457807903232,0.0,impulse_support_broken,2025-01-13,,,,,,,,,,,,,,,,,,,,,,
491,2322,2025-01-13,603002,158984000.0,10.454857594373822,9.36504028329952,0.0,expired,2025-01-20,,,,,,,,,,,,,,,,,,,,,,
491,2903,2025-01-13,605058,11422400.0,21.422357796808814,19.538032467261502,0.0,expired,2025-01-20,,,,,,,,,,,,,,,,,,,,,,
492,131,2025-01-14,000561,39506700.0,21.284679241295176,20.77117672642678,0.0,expired,2025-01-21,,,,,,,,,,,,,,,,,,,,,,
492,961,2025-01-14,002536,123314600.0,73.70198378245667,72.351718430717,0.0,expired,2025-01-21,,,,,,,,,,,,,,,,,,,,,,
492,1069,2025-01-14,002660,64260600.0,25.71044813945021,26.11725902773265,0.0,expired,2025-01-21,,,,,,,,,,,,,,,,,,,,,,
492,1091,2025-01-14,002686,45288400.0,26.729202970669622,24.35959277823437,0.0,failed_first_breakout,2025-01-21,496.0,26.444849747577393,25.354829059057174,12994900.0,0.3037102216019996,2025-01-20,,,,,,,,,,,,,,,,
492,2715,2025-01-14,603667,121969200.0,45.474417943160816,43.47586072145502,0.0,expired,2025-01-21,,,,,,,,,,,,,,,,,,,,,,
493,173,2025-01-15,000633,38482500.0,35.761448264582334,32.76885845164657,0.0,failed_first_breakout,2025-01-21,496.0,35.46218928328876,34.26515335811445,10708100.0,0.29501721561748845,2025-01-20,,,,,,,,,,,,,,,,
493,1120,2025-01-15,002725,31977400.0,32.39546798035841,27.041292137194,0.0,expired,2025-01-22,,,,,,,,,,,,,,,,,,,,,,
493,1734,2025-01-15,600507,124732700.0,107.56317831797753,100.24080232919503,0.0,expired,2025-01-22,,,,,,,,,,,,,,,,,,,,,,
493,1962,2025-01-15,600800,82142767.0,40.2146218230483,35.013361587259716,0.0,expired,2025-01-22,,,,,,,,,,,,,,,,,,,,,,
493,2717,2025-01-15,603669,35169700.0,17.25146021773792,14.90191432987436,0.0,expired,2025-01-22,498.0,18.506697061939,17.60550137892284,15809600.0,0.45923906089616917,2025-01-22,,,,,,,,,,,,,,,,
494,54,2025-01-16,000158,204942400.0,59.33608390824429,54.3126106690005,0.0,expired,2025-01-23,,,,,,,,,,,,,,,,,,,,,,
494,201,2025-01-16,000691,31033100.0,10.664438529089031,9.73168880351273,0.0,impulse_support_broken,2025-01-20,,,,,,,,,,,,,,,,,,,,,,
494,675,2025-01-16,002209,22574700.0,15.329913791430423,14.015921180736386,0.0,failed_first_breakout,2025-01-20,495.0,15.642769174929,15.095272253806487,9526800.0,0.503727624287366,2025-01-17,,,,,,,,,,,,,,,,
494,796,2025-01-16,002346,54951300.0,29.870318608159874,27.222988409946485,0.0,impulse_support_broken,2025-01-23,,,,,,,,,,,,,,,,,,,,,,
494,883,2025-01-16,002441,69221400.0,45.939171445981245,41.103469188509536,0.0,failed_first_breakout,2025-01-21,496.0,45.61679129548313,43.2526701918303,17808300.0,0.33374938963962014,2025-01-20,,,,,,,,,,,,,,,,
494,1022,2025-01-16,002605,53513200.0,136.9840609270546,122.33827036216483,0.0,expired,2025-01-23,497.0,135.19563105609444,130.31370086779788,17751100.0,0.33674775569392223,2025-01-21,,,,,,,,,,,,,,,,
494,1357,2025-01-16,003003,26501100.0,10.286005176905947,9.603030990109374,0.0,failed_first_breakout,2025-01-21,496.0,10.337745645602658,9.747904302460164,11175800.0,0.43584228579191053,2025-01-20,,,,,,,,,,,,,,,,
494,2006,2025-01-16,600858,95528000.0,42.1093209398166,38.10893545053402,0.0,expired,2025-01-23,,,,,,,,,,,,,,,,,,,,,,
494,2408,2025-01-16,603106,85135100.0,16.838445337728437,15.443098243672553,0.0,expired,2025-01-23,,,,,,,,,,,,,,,,,,,,,,
494,2496,2025-01-16,603219,21526600.0,22.315218398491748,19.943480614160066,0.0,failed_first_breakout,2025-01-21,495.0,23.344463097352662,22.195885679783235,11222000.0,0.5592871145466539,2025-01-17,,,,,,,,,,,,,,,,
494,2719,2025-01-16,603677,7317000.0,37.25298260147386,33.4278995665011,0.0,expired,2025-01-23,,,,,,,,,,,,,,,,,,,,,,
494,2878,2025-01-16,603989,33619300.0,37.68786989985333,33.70232521656643,0.0,expired,2025-01-23,,,,,,,,,,,,,,,,,,,,,,
494,2896,2025-01-16,605018,15329000.0,9.96225154113695,9.04680139951896,0.0,expired,2025-01-23,,,,,,,,,,,,,,,,,,,,,,
495,1324,2025-01-17,002967,36884100.0,30.844951755457846,29.10248842978288,0.0,failed_first_breakout,2025-01-23,498.0,32.01776360927754,30.660652749857608,10870500.0,0.3169550022909601,2025-01-22,,,,,,,,,,,,,,,,
495,2676,2025-01-17,603600,40846440.0,44.70591310581061,40.05042289316712,0.0,expired,2025-01-24,499.0,42.69183577977335,39.98438757100195,14494916.0,0.36602020886030706,2025-01-23,,,,,,,,,,,,,,,,
496,160,2025-01-20,000607,77544300.0,15.030224250726251,14.19309783676175,0.0,impulse_support_broken,2025-01-22,,,,,,,,,,,,,,,,,,,,,,
496,464,2025-01-20,001338,32220500.0,10.923801392782124,10.417131569369223,0.0,expired,2025-01-27,,,,,,,,,,,,,,,,,,,,,,
496,872,2025-01-20,002427,42431400.0,7.526483114454421,7.054796161777441,0.0,impulse_support_broken,2025-01-22,,,,,,,,,,,,,,,,,,,,,,
496,1084,2025-01-20,002677,28158200.0,37.80100470706248,34.457069675283876,0.0,expired,2025-01-27,,,,,,,,,,,,,,,,,,,,,,
496,1824,2025-01-20,600620,15837200.0,2330.581040881958,2261.654429691364,0.0,impulse_support_broken,2025-01-22,,,,,,,,,,,,,,,,,,,,,,
496,2480,2025-01-20,603200,18272212.0,63.71904978441696,62.762896286305285,0.0,impulse_support_broken,2025-01-22,,,,,,,,,,,,,,,,,,,,,,
496,2642,2025-01-20,603518,34855200.0,14.89560232875296,14.89560232875296,0.0,impulse_support_broken,2025-01-20,,,,,,,,,,,,,,,,,,,,,,
496,2763,2025-01-20,603758,24260200.0,11.522542801709811,10.593100122676864,0.0,factor_changed_observation,2025-01-22,,,,,,,,,,,,,,,,,,,,,,
497,593,2025-01-21,002119,130381000.0,72.0652228883965,64.22294295442416,0.0,expired,2025-02-05,,,,,,,,,,,,,,,,,,,,,,
497,999,2025-01-21,002578,169947800.0,17.923007546622,18.5028695554833,0.0,impulse_support_broken,2025-01-21,,,,,,,,,,,,,,,,,,,,,,
498,11,2025-01-22,000020,12163300.0,31.04300942527881,31.09113812206219,0.0,impulse_support_broken,2025-01-22,,,,,,,,,,,,,,,,,,,,,,
498,1286,2025-01-22,002923,35786400.0,40.423160571998125,39.5582929504577,0.0,impulse_support_broken,2025-01-27,,,,,,,,,,,,,,,,,,,,,,
498,1571,2025-01-22,600255,611853100.0,51.93927520258258,46.75898003802054,0.0,expired,2025-02-06,,,,,,,,,,,,,,,,,,,,,,
498,1800,2025-01-22,600592,84828000.0,39.73447474949799,35.680649709091874,0.0,factor_changed_anchor,2025-01-22,,,,,,,,,,,,,,,,,,,,,,
498,1949,2025-01-22,600784,29235300.0,44.70505368014639,43.74126313646164,0.0,impulse_support_broken,2025-01-22,,,,,,,,,,,,,,,,,,,,,,
499,664,2025-01-23,002196,81792700.0,16.92512600382054,15.666232334114879,1.2702631578947567,closed,2025-02-12,502.0,16.701322684761756,15.834084823408968,16721600.0,0.26705439482985643,2025-02-05,,2025-02-06,17.009052248467583,0.06907894736842098,0.9310344827586194,1.0,504.0,2025-02-07,6.08,2.7975414882348,17.009052248467583,15.988509113559527,3.0,2025-02-12,hold_expired,6.17
499,969,2025-01-23,002546,116072500.0,52.00708592605214,52.5568437053973,0.0,impulse_support_broken,2025-01-23,,,,,,,,,,,,,,,,,,,,,,
499,2469,2025-01-23,603188,36529900.0,8.014918029367283,7.6260540818508105,0.0,expired,2025-02-07,,,,,,,,,,,,,,,,,,,,,,
500,395,2025-01-24,001208,76988700.0,10.082590971682738,9.368237360328697,0.0,impulse_support_broken,2025-02-05,,,,,,,,,,,,,,,,,,,,,,
500,619,2025-01-24,002148,130003100.0,73.78366266968378,69.96726632470013,0.0,expired,2025-02-10,,,,,,,,,,,,,,,,,,,,,,
500,1224,2025-01-24,002852,34431800.0,26.7354350682107,26.60887679569846,0.0,impulse_support_broken,2025-01-24,,,,,,,,,,,,,,,,,,,,,,
500,2358,2025-01-24,603045,24130700.0,22.292572298799303,19.92470840177658,0.0,expired,2025-02-10,,,,,,,,,,,,,,,,,,,,,,
501,1074,2025-01-27,002666,64336500.0,22.86888238387036,22.00771108071206,0.0,expired,2025-02-11,502.0,23.251625185274047,22.151239631238443,28617900.0,0.5020144086171924,2025-02-05,,,,,,,,,,,,,,,,
501,2001,2025-01-27,600851,42955300.0,128.67574995480257,120.23140386401866,0.0,expired,2025-02-11,505.0,134.70742573393395,130.08314096993323,17647200.0,0.4798627875954772,2025-02-10,,,,,,,,,,,,,,,,
501,2394,2025-01-27,603089,32541000.0,23.249697587773603,21.223247844884245,0.0,failed_first_breakout,2025-02-07,503.0,21.96410043905885,21.027139805249792,12866400.0,0.39844964813619743,2025-02-06,,,,,,,,,,,,,,,,
501,2728,2025-01-27,603687,85582200.0,8.068008252570435,7.23973364108982,0.0,impulse_support_broken,2025-02-05,,,,,,,,,,,,,,,,,,,,,,
502,1144,2025-02-05,002757,104868600.0,48.06444186361656,45.37129417771924,0.0,expired,2025-02-12,507.0,50.84003284602095,48.36673395080912,37064300.0,0.3534723453922337,2025-02-12,,,,,,,,,,,,,,,,
503,477,2025-02-06,001380,16569600.0,37.046730249208004,38.81086026107505,0.0,impulse_support_broken,2025-02-07,,,,,,,,,,,,,,,,,,,,,,
503,971,2025-02-06,002549,32825800.0,52.99871725507774,49.21909399599931,0.0,expired,2025-02-13,,,,,,,,,,,,,,,,,,,,,,
503,1528,2025-02-06,600191,50799000.0,20.6403857395015,19.259244686300658,0.0,expired,2025-02-13,,,,,,,,,,,,,,,,,,,,,,
503,1929,2025-02-06,600758,50457500.0,10.037231423386249,9.9238163790542,0.0,failed_first_breakout,2025-02-11,505.0,10.320769034216369,10.06558518446926,17448500.0,0.38852301441807463,2025-02-10,,,,,,,,,,,,,,,,
504,2827,2025-02-07,603895,7351900.0,34.44549636528201,31.0701484229686,0.0,expired,2025-02-14,,,,,,,,,,,,,,,,,,,,,,
505,742,2025-02-10,002284,110988000.0,61.211831696546454,54.484524839798695,0.0,expired,2025-02-17,,,,,,,,,,,,,,,,,,,,,,
505,997,2025-02-10,002576,33104800.0,22.116239254183395,19.8464875409881,0.0,expired,2025-02-17,,,,,,,,,,,,,,,,,,,,,,
505,1073,2025-02-10,002664,54450000.0,53.55721763364177,48.408096413077985,0.0,expired,2025-02-17,,,,,,,,,,,,,,,,,,,,,,
505,1191,2025-02-10,002815,105541600.0,27.259370595174897,24.700135974267003,0.0,expired,2025-02-17,,,,,,,,,,,,,,,,,,,,,,
505,1269,2025-02-10,002905,23779800.0,18.07588640949878,16.4474281744088,0.0,expired,2025-02-17,,,,,,,,,,,,,,,,,,,,,,
505,2663,2025-02-10,603578,9090000.0,25.11910312580992,23.15667319410602,0.0,failed_first_breakout,2025-02-13,507.0,25.53121341146774,25.07985452717584,2089200.0,0.2563146314631463,2025-02-12,,,,,,,,,,,,,,,,
505,2755,2025-02-10,603728,30041400.0,104.09984400550151,91.55753455598371,0.0,expired,2025-02-17,,,,,,,,,,,,,,,,,,,,,,
505,2901,2025-02-10,605055,31172800.0,5.751446540880496,5.123647798742131,0.0,expired,2025-02-17,,,,,,,,,,,,,,,,,,,,,,
506,254,2025-02-11,000779,39960900.0,22.254670915989603,20.838464584972083,0.0,expired,2025-02-18,,,,,,,,,,,,,,,,,,,,,,
506,1041,2025-02-11,002629,72388900.0,17.614990881887554,16.311556038618917,0.0,failed_first_breakout,2025-02-13,507.0,18.136364819195006,17.391544908755787,26324500.0,0.4681042259241403,2025-02-12,,,,,,,,,,,,,,,,
506,2473,2025-02-11,603193,8896100.0,29.87947233268748,26.39471918406055,0.0,expired,2025-02-18,,,,,,,,,,,,,,,,,,,,,,
506,2691,2025-02-11,603618,93139300.0,21.10636067225435,18.757584832374423,0.0,expired,2025-02-18,,,,,,,,,,,,,,,,,,,,,,
506,2950,2025-02-11,605255,8519500.0,15.974678643273112,15.059580361727763,0.0,expired,2025-02-18,,,,,,,,,,,,,,,,,,,,,,
507,643,2025-02-12,002173,121650400.0,30.195501938429313,27.821258842464104,0.0,expired,2025-02-19,,,,,,,,,,,,,,,,,,,,,,
507,691,2025-02-12,002229,100269900.0,69.25775114421293,63.70675535962059,0.0,expired,2025-02-19,,,,,,,,,,,,,,,,,,,,,,
507,1159,2025-02-12,002775,54035300.0,18.06243973254346,16.54538442692301,0.0,expired,2025-02-19,,,,,,,,,,,,,,,,,,,,,,
507,1848,2025-02-12,600654,256901100.0,9011.39216670611,8221.352305515438,0.0,expired,2025-02-19,,,,,,,,,,,,,,,,,,,,,,
507,2874,2025-02-12,603985,34913800.0,58.35681537347979,52.2847400645633,0.0,expired,2025-02-19,,,,,,,,,,,,,,,,,,,,,,
508,871,2025-02-13,002426,772009700.0,18.24634447816821,16.24241069154858,0.0,raw_entry_price_not_above_six,2025-02-21,510.0,18.08813917922456,17.033437186266855,340307400.0,0.4610096220293605,2025-02-17,,2025-02-20,19.037370972886485,0.10526315789473684,1.0,1.0,514.0,,,,,,,,,
508,883,2025-02-13,002441,88455500.0,51.95693425527937,45.992901471064265,0.0,expired,2025-02-20,,,,,,,,,,,,,,,,,,,,,,
508,1349,2025-02-13,002995,30402100.0,64.28258583728837,60.77371106451062,0.0,expired,2025-02-20,,,,,,,,,,,,,,,,,,,,,,
508,1710,2025-02-13,600477,215580700.0,101.68227038832916,88.84530602036735,0.0,expired,2025-02-20,510.0,96.27723275971367,92.22345453825204,74448500.0,0.36055709068576175,2025-02-17,,,,,,,,,,,,,,,,
508,2684,2025-02-13,603610,28183800.0,34.74845944999362,32.33383007926723,0.0,expired,2025-02-20,,,,,,,,,,,,,,,,,,,,,,
508,2709,2025-02-13,603660,91524500.0,16.521772046514997,15.252416389282748,0.0,failed_first_breakout,2025-02-20,510.0,16.42102953403625,15.85687146415525,36897600.0,0.4234707646586433,2025-02-17,,,,,,,,,,,,,,,,
508,2771,2025-02-13,603778,64961800.0,22.0742274086523,21.5066044181441,0.0,impulse_support_broken,2025-02-13,,,,,,,,,,,,,,,,,,,,,,
509,308,2025-02-14,000880,33517000.0,85.67131722981676,81.90554504389075,0.0,expired,2025-02-21,,,,,,,,,,,,,,,,,,,,,,
509,731,2025-02-14,002272,149633500.0,35.536656386087195,32.46170480105703,0.0,expired,2025-02-21,,,,,,,,,,,,,,,,,,,,,,
509,1369,2025-02-14,003016,24296600.0,9.067878084357307,8.438488088784949,0.0,expired,2025-02-21,510.0,9.044567343780551,8.74152771628275,9341800.0,0.42711120074413705,2025-02-17,,,,,,,,,,,,,,,,
509,1620,2025-02-14,600327,167059200.0,103.36129331961081,92.6812297366738,0.0,expired,2025-02-21,510.0,102.45620318546361,97.56871646106869,59937800.0,0.4346135980538635,2025-02-17,,,,,,,,,,,,,,,,
509,1661,2025-02-14,600386,94174000.0,30.27672779954299,26.932912480316347,0.0,expired,2025-02-21,,,,,,,,,,,,,,,,,,,,,,
509,1674,2025-02-14,600405,95427400.0,39.72469403990856,35.74511825057962,0.0,expired,2025-02-21,,,,,,,,,,,,,,,,,,,,,,
509,1799,2025-02-14,600590,80870300.0,24.50869136428363,22.155501794886835,0.0,expired,2025-02-21,,,,,,,,,,,,,,,,,,,,,,
509,2418,2025-02-14,603117,62296800.0,9.314303116031645,8.320579694416804,0.0,expired,2025-02-21,512.0,9.996560987588103,9.314303116031645,21272400.0,0.45632600711433013,2025-02-19,,,,,,,,,,,,,,,,
509,2496,2025-02-14,603219,37727100.0,25.805700420715723,22.867132222518613,0.0,failed_first_breakout,2025-02-21,513.0,24.91070503040188,23.4936289957383,12628300.0,0.35372318572060935,2025-02-20,,,,,,,,,,,,,,,,
509,2706,2025-02-14,603657,10222200.0,24.17461545717882,22.67357724251739,0.0,expired,2025-02-21,,,,,,,,,,,,,,,,,,,,,,
511,203,2025-02-18,000695,21104400.0,28.573860517708486,26.507956987320174,0.0,expired,2025-02-25,,,,,,,,,,,,,,,,,,,,,,
511,778,2025-02-18,002326,57026000.0,57.236856247658196,54.28463945172635,10.242261306532672,closed,2025-03-03,515.0,59.34558253046666,57.71885082658584,20838100.0,0.41606986286956826,2025-02-24,,2025-02-25,59.948075754126215,0.03718592964824121,0.6666666666666654,1.0,517.0,2025-02-26,9.95,6.0249322365956,59.948075754126215,56.35119120887864,3.0,2025-03-03,hold_expired,10.99
511,1669,2025-02-18,600397,94283200.0,20.661183747439463,18.547201626562455,0.0,expired,2025-02-25,,,,,,,,,,,,,,,,,,,,,,
511,2390,2025-02-18,603085,68781800.0,31.09665223499203,29.753782409433523,0.0,expired,2025-02-25,,,,,,,,,,,,,,,,,,,,,,
511,2517,2025-02-18,603258,34374500.0,29.433867934902445,25.258128885314207,0.0,expired,2025-02-25,,,,,,,,,,,,,,,,,,,,,,
512,455,2025-02-19,001324,18196300.0,19.113882624711852,17.703675785627482,0.0,failed_first_breakout,2025-02-24,514.0,19.58056978009229,18.586323231673095,7821400.0,0.43350846051120284,2025-02-21,,,,,,,,,,,,,,,,
512,550,2025-02-19,002067,353390200.0,12.609623850674343,11.354240945186856,0.0,expired,2025-02-26,,,,,,,,,,,,,,,,,,,,,,
512,1091,2025-02-19,002686,54762900.0,27.629654843795016,25.970927709090343,0.0,failed_first_breakout,2025-02-21,513.0,28.672283328466527,27.345301620702784,24623800.0,0.4620527766060599,2025-02-20,,,,,,,,,,,,,,,,
512,1167,2025-02-19,002786,78194700.0,32.03322175596793,30.641788138617105,0.0,expired,2025-02-26,,,,,,,,,,,,,,,,,,,,,,
512,1799,2025-02-19,600590,117075400.0,27.88307640719225,26.240283688934106,0.0,duplicate_active_origin,2025-02-19,,,,,,,2025-02-14,,,,,,,,,,,,,,,
512,2377,2025-02-19,603070,24282400.0,15.188749470851288,13.990446242200175,0.0,expired,2025-02-26,,,,,,,,,,,,,,,,,,,,,,
512,2411,2025-02-19,603109,24299700.0,30.557966313065958,27.391573175023918,0.0,expired,2025-02-26,,,,,,,,,,,,,,,,,,,,,,
512,2524,2025-02-19,603269,42763000.0,29.064614945074112,27.031287973608023,0.0,expired,2025-02-26,,,,,,,,,,,,,,,,,,,,,,
512,2748,2025-02-19,603717,33867100.0,11.700066420664404,10.851210332103504,0.0,impulse_support_broken,2025-02-26,,,,,,,,,,,,,,,,,,,,,,
512,2788,2025-02-19,603813,9257500.0,11.371453914849972,10.809366839211002,0.0,expired,2025-02-26,517.0,14.592645232934851,13.51170854901375,2784900.0,0.4130650823656495,2025-02-26,,,,,,,,,,,,,,,,
514,735,2025-02-21,002276,199012600.0,40.11509806184587,34.897816522010416,0.0,expired,2025-02-28,,,,,,,,,,,,,,,,,,,,,,
514,960,2025-02-21,002535,104165800.0,14.85404417686349,13.654430157829385,0.0,failed_first_breakout,2025-02-26,515.0,15.277437360051998,14.677630350534946,52058800.0,0.5094719188063644,2025-02-24,,,,,,,,,,,,,,,,
514,1170,2025-02-21,002790,24430300.0,24.66994550307618,24.826480690278437,0.0,impulse_support_broken,2025-02-21,,,,,,,,,,,,,,,,,,,,,,
514,1272,2025-02-21,002908,80287900.0,32.300136904614455,30.481713166663834,0.0,impulse_support_broken,2025-02-28,,,,,,,,,,,,,,,,,,,,,,
514,1465,2025-02-21,600105,215503900.0,66.90999409908542,65.97090646260703,0.0,impulse_support_broken,2025-02-28,,,,,,,,,,,,,,,,,,,,,,
514,2101,2025-02-21,601002,78437400.0,5.609084365524355,5.192739959011207,0.0,failed_first_breakout,2025-02-25,515.0,5.736300711958928,5.539693631105497,27786300.0,0.44414526743619753,2025-02-24,,,,,,,,,,,,,,,,
514,2329,2025-02-21,603011,92797900.0,16.96177452353597,15.177429431332309,0.0,failed_first_breakout,2025-02-25,515.0,16.982766818738366,16.47895173388086,30902400.0,0.3981253886133199,2025-02-24,,,,,,,,,,,,,,,,
514,2332,2025-02-21,603015,78444500.0,30.391304179780164,27.024402542841933,0.0,expired,2025-02-28,,,,,,,,,,,,,,,,,,,,,,
514,2373,2025-02-21,603066,46052000.0,39.095296834122635,34.983383937846796,0.0,expired,2025-02-28,,,,,,,,,,,,,,,,,,,,,,
514,2646,2025-02-21,603528,90473300.0,29.769452591560707,27.692514038661123,0.0,expired,2025-02-28,,,,,,,,,,,,,,,,,,,,,,
515,147,2025-02-24,000590,19931700.0,40.648643807180406,37.60515397897781,0.0,entry_gap_above_two_pct,2025-03-03,518.0,42.557273021476945,39.97804435350865,7812500.0,0.4806363732145276,2025-02-27,,2025-02-28,42.66044216819568,0.06287787182587659,0.42500000000000016,1.0,520.0,,,,,,,,,
515,255,2025-02-24,000782,44555400.0,16.014484128429107,15.184359681167123,0.0,expired,2025-03-03,,,,,,,,,,,,,,,,,,,,,,
515,871,2025-02-24,002426,1082047600.0,19.670192168661107,17.71899348168936,0.0,expired,2025-03-03,,,,,,,,,,,,,,,,,,,,,,
515,951,2025-02-24,002524,81114000.0,20.955147906981292,18.80002328635083,0.0,expired,2025-03-03,,,,,,,,,,,,,,,,,,,,,,
515,998,2025-02-24,002577,55588900.0,63.45699240365836,58.93439287119674,0.0,impulse_support_broken,2025-02-28,,,,,,,,,,,,,,,,,,,,,,
515,2492,2025-02-24,603215,29671400.0,20.540649949459198,21.1825452603798,0.0,impulse_support_broken,2025-02-24,,,,,,,,,,,,,,,,,,,,,,
515,2664,2025-02-24,603579,20580200.0,55.065800986953505,49.466967379961126,0.0,failed_first_breakout,2025-02-28,517.0,52.870803720575815,51.66196464633881,6012000.0,0.30293437381560917,2025-02-26,,,,,,,,,,,,,,,,
515,2974,2025-02-24,605366,35848000.0,11.851582958386308,10.732052320623431,0.0,expired,2025-03-03,520.0,11.890187463136753,11.38832890138098,7237700.0,0.24645168489176522,2025-03-03,,,,,,,,,,,,,,,,
516,797,2025-02-25,002347,133318400.0,37.205533064022184,34.21650503773709,0.0,impulse_support_broken,2025-02-28,,,,,,,,,,,,,,,,,,,,,,
516,1215,2025-02-25,002842,29948600.0,20.333695586277614,20.44572696691826,0.0,failed_first_breakout,2025-02-28,518.0,21.28596232172312,20.361703431437775,10393700.0,0.3825454278330206,2025-02-27,,,,,,,,,,,,,,,,
516,1331,2025-02-25,002975,11926400.0,75.81492019423177,70.08222301508381,0.0,expired,2025-03-04,,,,,,,,,,,,,,,,,,,,,,
516,1529,2025-02-25,600192,46269300.0,11.447293847880745,10.043045068404691,0.0,expired,2025-03-04,,,,,,,,,,,,,,,,,,,,,,
516,1533,2025-02-25,600198,139125300.0,18.16062877300672,16.5096625209152,0.0,impulse_support_broken,2025-02-28,,,,,,,,,,,,,,,,,,,,,,
516,2691,2025-02-25,603618,64889500.0,21.236848218914346,20.421301052289373,0.0,impulse_support_broken,2025-02-28,,,,,,,,,,,,,,,,,,,,,,
516,2904,2025-02-25,605060,14632700.0,25.44709269385261,23.782329620423003,0.0,impulse_support_broken,2025-02-27,,,,,,,,,,,,,,,,,,,,,,
517,38,2025-02-26,000065,113581800.0,217.68987193659137,209.627284087088,0.0,impulse_support_broken,2025-02-27,,,,,,,,,,,,,,,,,,,,,,
517,775,2025-02-26,002321,180159300.0,5.670289777966275,5.319762773510178,0.0,impulse_support_broken,2025-02-28,,,,,,,,,,,,,,,,,,,,,,
517,872,2025-02-26,002427,66606800.0,8.264775736035782,7.875121296867841,0.0,impulse_support_broken,2025-02-28,,,,,,,,,,,,,,,,,,,,,,
517,1461,2025-02-26,600100,611808348.0,199.4837715861366,193.08322276519107,0.0,impulse_support_broken,2025-02-27,,,,,,,,,,,,,,,,,,,,,,
517,1846,2025-02-26,600651,152445400.0,28475.766140745513,25499.009522482174,0.0,impulse_support_broken,2025-03-03,,,,,,,,,,,,,,,,,,,,,,
517,2416,2025-02-26,603115,16023300.0,18.38107945393171,17.09291755149984,0.0,expired,2025-03-05,522.0,18.083811322601278,17.724612330577006,3579400.0,0.225390525047899,2025-03-05,,,,,,,,,,,,,,,,
518,104,2025-02-27,000529,42120200.0,21.978850751956937,20.978187628290605,0.0,failed_first_breakout,2025-03-05,521.0,21.585733096230875,21.12113950310008,9215800.0,0.2487713733553022,2025-03-04,,,,,,,,,,,,,,,,
518,110,2025-02-27,000536,656067200.0,22.676224709667856,19.44724772835593,0.0,expired,2025-03-06,,,,,,,,,,,,,,,,,,,,,,
518,575,2025-02-27,002097,207068800.0,44.46434203092,38.6839775669004,0.0,expired,2025-03-06,523.0,44.1679130840472,41.104813966361604,97683300.0,0.4766507556908622,2025-03-06,,,,,,,,,,,,,,,,
518,755,2025-02-27,002298,176929700.0,20.38537640617488,17.96304001223126,0.0,expired,2025-03-06,,,,,,,,,,,,,,,,,,,,,,
518,2621,2025-02-27,603421,69781900.0,12.180119529556418,11.21655012301549,-3.560515463917525,closed,2025-03-11,521.0,11.66822328233155,11.00576931533466,18088100.0,0.32498398581867216,2025-03-04,,2025-03-05,11.713390598263155,0.06041131105398462,0.35294117647058765,1.0,523.0,2025-03-06,7.76,1.5055771977202,11.683279054308752,10.982282311050227,3.0,2025-03-11,hold_expired,7.5
518,2946,2025-02-27,605208,75490100.0,18.97006540872115,17.5149751643022,0.0,expired,2025-03-06,,,,,,,,,,,,,,,,,,,,,,
519,279,2025-02-28,000815,167538100.0,48.49862722121648,52.136024262807716,0.0,impulse_support_broken,2025-02-28,,,,,,,,,,,,,,,,,,,,,,
519,432,2025-02-28,001282,17974700.0,40.790331686761746,36.91638957125924,0.0,impulse_support_broken,2025-02-28,,,,,,,,,,,,,,,,,,,,,,
519,550,2025-02-28,002067,246036200.0,13.055982217069895,12.219060280078237,0.0,impulse_support_broken,2025-02-28,,,,,,,,,,,,,,,,,,,,,,
519,675,2025-02-28,002209,43354300.0,17.582472552620196,18.083041166217924,0.0,impulse_support_broken,2025-02-28,,,,,,,,,,,,,,,,,,,,,,
519,877,2025-02-28,002434,121089300.0,58.65373205521183,53.753355983760976,0.0,expired,2025-03-07,,,,,,,,,,,,,,,,,,,,,,
519,916,2025-02-28,002479,51421400.0,21.82375186730281,20.61381079868438,0.0,expired,2025-03-07,,,,,,,,,,,,,,,,,,,,,,
519,1284,2025-02-28,002921,21198400.0,19.64739420375232,18.809490627415823,0.0,impulse_support_broken,2025-02-28,,,,,,,,,,,,,,,,,,,,,,
519,2564,2025-02-28,603320,22104400.0,25.690238814374275,23.327123786263464,0.0,expired,2025-03-07,,,,,,,,,,,,,,,,,,,,,,
519,2693,2025-02-28,603626,187334900.0,21.56738568681155,21.083906280576986,0.0,impulse_support_broken,2025-03-03,,,,,,,,,,,,,,,,,,,,,,
520,32,2025-03-03,000058,64541600.0,39.42930779692596,37.97244421920879,0.0,expired,2025-03-10,,,,,,,,,,,,,,,,,,,,,,
520,164,2025-03-03,000619,40440100.0,55.873098164208635,55.21906524255401,0.0,expired,2025-03-10,,,,,,,,,,,,,,,,,,,,,,
520,854,2025-03-03,002406,190591500.0,31.46569543813248,30.3835418913184,0.0,impulse_support_broken,2025-03-03,,,,,,,,,,,,,,,,,,,,,,
520,1133,2025-03-03,002741,94671600.0,60.16531204423151,55.44526209272278,0.0,impulse_support_broken,2025-03-07,523.0,58.663477968751465,55.44526209272278,30591300.0,0.3430981413644641,2025-03-06,,,,,,,,,,,,,,,,
520,1449,2025-03-03,600076,221440000.0,8.064444723652839,7.933846428532954,0.0,impulse_support_broken,2025-03-03,,,,,,,,,,,,,,,,,,,,,,
520,1907,2025-03-03,600729,28246800.0,137.41301266757387,141.51950694073722,0.0,impulse_support_broken,2025-03-03,,,,,,,,,,,,,,,,,,,,,,
522,126,2025-03-05,000555,86251300.0,42.59795319627145,38.55766936062807,0.0,expired,2025-03-12,,,,,,,,,,,,,,,,,,,,,,
522,164,2025-03-05,000619,46537300.0,60.07759551770258,55.59279834064237,0.0,duplicate_active_origin,2025-03-05,,,,,,,2025-03-03,,,,,,,,,,,,,,,
522,372,2025-03-05,000973,142876100.0,27.95687937223844,25.99147465309973,0.0,expired,2025-03-12,,,,,,,,,,,,,,,,,,,,,,
522,521,2025-03-05,002037,31680000.0,34.467332262553576,33.381089063976134,0.0,entry_below_trigger,2025-03-13,525.0,34.383775093432234,33.4228676485368,9228500.0,0.368499053030303,2025-03-10,,2025-03-12,34.592668016235585,0.033816425120772826,0.7727272727272706,1.0,528.0,,,,,,,,,
522,1280,2025-03-05,002917,72949200.0,40.22951640743056,37.50380262323828,0.0,expired,2025-03-12,,,,,,,,,,,,,,,,,,,,,,
522,1529,2025-03-05,600192,36682200.0,12.656014316290513,11.802799868001264,0.0,expired,2025-03-12,,,,,,,,,,,,,,,,,,,,,,
522,1654,2025-03-05,600376,83249000.0,29.933069738824187,28.23473954087672,0.0,expired,2025-03-12,,,,,,,,,,,,,,,,,,,,,,
522,1711,2025-03-05,600478,155845000.0,50.439647486057254,48.795992985493264,0.0,expired,2025-03-12,,,,,,,,,,,,,,,,,,,,,,
522,2258,2025-03-05,601789,368100600.0,15.811607976207119,16.890812965059354,0.0,impulse_support_broken,2025-03-05,,,,,,,,,,,,,,,,,,,,,,
522,2391,2025-03-05,603086,88099500.0,35.7632645203396,33.35950411815284,0.0,expired,2025-03-12,527.0,34.82521168046184,33.06636260569103,22928300.0,0.34253429361120097,2025-03-12,,,,,,,,,,,,,,,,
522,2869,2025-03-05,603978,15245000.0,28.312635873891097,25.85242107573247,1.8791364902507093,closed,2025-03-13,523.0,28.43363004429234,27.445510986015513,8837800.0,0.5861856346343063,2025-03-06,,2025-03-07,29.07893228643231,0.056171983356449434,0.5624999999999997,1.0,525.0,2025-03-10,14.36,2.0165695066874,28.957938116031062,27.220461829069198,3.0,2025-03-13,hold_expired,14.66
522,2874,2025-03-05,603985,31588600.0,60.67440136924944,56.9199120561026,0.0,expired,2025-03-12,,,,,,,,,,,,,,,,,,,,,,
523,635,2025-03-06,002164,84938600.0,21.86351132329079,19.623526757701114,0.0,expired,2025-03-13,,,,,,,,,,,,,,,,,,,,,,
523,738,2025-03-06,002279,114877300.0,76.48922316908286,70.3900824980841,0.0,expired,2025-03-13,,,,,,,,,,,,,,,,,,,,,,
523,767,2025-03-06,002313,67939200.0,31.121914111581447,28.461232335202723,0.0,expired,2025-03-13,,,,,,,,,,,,,,,,,,,,,,
523,1010,2025-03-06,002590,39857900.0,65.58391800464895,59.41629901067263,0.0,expired,2025-03-13,,,,,,,,,,,,,,,,,,,,,,
523,1086,2025-03-06,002679,15999100.0,16.01831376655455,14.8986571109442,0.0,expired,2025-03-13,,,,,,,,,,,,,,,,,,,,,,
523,1167,2025-03-06,002786,61922900.0,32.638192893946545,30.30905401272886,-6.210000000000005,closed,2025-03-13,525.0,32.668441450845485,31.76098474387755,15778100.0,0.35073696483853306,2025-03-10,,2025-03-11,33.36415825952089,0.04805077062556659,1.0,2.0,527.0,2025-03-12,11.05,3.0248556898931,33.42465537331876,31.419176050919628,3.0,2025-03-13,stop_loss,10.386999999999999
523,1294,2025-03-06,002933,18549100.0,38.76051475258901,35.19251446495438,-6.210000000000016,closed,2025-03-13,525.0,39.93256135870155,38.40786356136931,8103800.0,0.5037818546452388,2025-03-10,,2025-03-11,40.26446836220244,0.04611025244719205,1.0,1.0,527.0,2025-03-12,38.8,1.0372093859403,40.24372417448364,37.829100724014616,3.0,2025-03-13,stop_loss,36.471999999999994
523,1998,2025-03-06,600847,18455500.0,18.587776595744277,17.285329787233664,0.0,failed_first_breakout,2025-03-13,525.0,18.066797872340032,17.508606382978343,6000100.0,0.3729809541870987,2025-03-10,,,,,,,,,,,,,,,,
523,2423,2025-03-06,603123,98158000.0,10.314120480550482,9.153781926488552,0.0,expired,2025-03-13,,,,,,,,,,,,,,,,,,,,,,
523,2564,2025-03-06,603320,20901100.0,26.85106724923573,23.86607984530628,0.0,duplicate_active_origin,2025-03-06,,,,,,,2025-02-28,,,,,,,,,,,,,,,
524,206,2025-03-07,000701,92048500.0,9.000513030191128,8.050362902243888,0.0,failed_first_breakout,2025-03-11,525.0,9.000513030191128,8.637728435884,27770200.0,0.4328370369968006,2025-03-10,,,,,,,,,,,,,,,,
524,288,2025-03-07,000829,164437500.0,222.25679615484847,209.5233338751436,0.0,impulse_support_broken,2025-03-07,,,,,,,,,,,,,,,,,,,,,,
524,292,2025-03-07,000837,109294400.0,49.20383220161485,45.235128040496946,0.0,expired,2025-03-14,,,,,,,,,,,,,,,,,,,,,,
524,664,2025-03-07,002196,116910900.0,20.366102034349346,18.407822992584983,0.0,expired,2025-03-14,,,,,,,,,,,,,,,,,,,,,,
524,1973,2025-03-07,600815,95986100.0,18.019139694132313,16.66616674781521,0.0,expired,2025-03-14,,,,,,,,,,,,,,,,,,,,,,
524,2874,2025-03-07,603985,62788500.0,66.79282839808131,61.46238060781112,0.0,duplicate_active_origin,2025-03-07,,,,,,,2025-03-05,,,,,,,,,,,,,,,
525,138,2025-03-10,000570,68364600.0,34.40363575304786,32.5120269143923,0.0,expired,2025-03-17,,,,,,,,,,,,,,,,,,,,,,
525,590,2025-03-10,002115,334689500.0,52.6068704247701,53.10610525679639,0.0,impulse_support_broken,2025-03-10,,,,,,,,,,,,,,,,,,,,,,
525,663,2025-03-10,002195,1860905800.0,190.90477808261969,180.56916907814664,0.0,expired,2025-03-17,,,,,,,,,,,,,,,,,,,,,,
525,808,2025-03-10,002358,140749100.0,52.890563074498104,50.40864344802489,0.0,impulse_support_broken,2025-03-11,,,,,,,,,,,,,,,,,,,,,,
525,1026,2025-03-10,002609,59911100.0,52.19529685302162,48.1193083785991,1.7878969505783262,closed,2025-03-21,529.0,53.497348726795465,51.11968878338234,15342500.0,0.2753730110113151,2025-03-14,,2025-03-17,54.23329109023287,0.05741127348643008,0.6140350877192977,1.0,531.0,2025-03-18,9.51,5.6610951033646,53.83701443299734,50.6067935670175,3.0,2025-03-21,hold_expired,9.7
525,1066,2025-03-10,002657,90136800.0,78.19223755686032,72.95029984355125,0.0,expired,2025-03-17,,,,,,,,,,,,,,,,,,,,,,
525,2496,2025-03-10,603219,24693600.0,29.072433595361236,27.536024841989146,0.0,impulse_support_broken,2025-03-13,,,,,,,,,,,,,,,,,,,,,,
525,2662,2025-03-10,603577,32010700.0,19.65875537014393,18.355534508527647,0.0,expired,2025-03-17,,,,,,,,,,,,,,,,,,,,,,
525,2666,2025-03-10,603583,49677000.0,149.76156870821484,144.0942629680489,0.0,impulse_support_broken,2025-03-13,,,,,,,,,,,,,,,,,,,,,,
526,89,2025-03-11,000509,79764200.0,39.75226231547986,36.12843729777037,0.0,expired,2025-03-18,,,,,,,,,,,,,,,,,,,,,,
526,426,2025-03-11,001268,16745000.0,22.271405409268414,20.583553982688,0.0,expired,2025-03-18,527.0,23.094747568575936,21.828858998640623,8225600.0,0.5149567034935801,2025-03-12,,,,,,,,,,,,,,,,
526,1647,2025-03-11,600367,72853500.0,64.7981994457728,63.0349831343232,0.0,expired,2025-03-18,531.0,68.06014962195455,66.3410137182912,14399100.0,0.24927011056435175,2025-03-18,,,,,,,,,,,,,,,,
526,2443,2025-03-11,603158,92731500.0,44.80543834900865,40.53620023875662,0.0,expired,2025-03-18,527.0,45.92665239816574,43.72734791712682,42284600.0,0.5038115419248044,2025-03-12,,,,,,,,,,,,,,,,
527,2896,2025-03-12,605018,32863500.0,14.959532314204568,14.227172200910175,0.0,impulse_support_broken,2025-03-13,,,,,,,,,,,,,,,,,,,,,,
528,1377,2025-03-13,003025,45827800.0,58.04007479558466,52.054300343124254,-6.210000000000005,closed,2025-03-24,531.0,55.94035286723468,54.68678753687647,11738900.0,0.2643199106219369,2025-03-18,,2025-03-19,56.786509465226466,0.03697571743929374,0.711864406779665,1.0,533.0,2025-03-20,18.05,3.1339133258955,56.56713553241378,53.17310740046895,3.0,2025-03-24,stop_loss,16.967
528,1774,2025-03-13,600560,55007000.0,93.41470931824004,96.34847137559257,0.0,impulse_support_broken,2025-03-13,,,,,,,,,,,,,,,,,,,,,,
528,1815,2025-03-13,600610,137464300.0,401.15275199999996,359.13477600000004,0.0,expired,2025-03-20,,,,,,,,,,,,,,,,,,,,,,
529,339,2025-03-14,000925,131594600.0,31.38347392874535,30.8931071486087,0.0,impulse_support_broken,2025-03-14,,,,,,,,,,,,,,,,,,,,,,
529,699,2025-03-14,002238,82906300.0,33.52074841396385,35.169861538747206,0.0,impulse_support_broken,2025-03-14,,,,,,,,,,,,,,,,,,,,,,
529,854,2025-03-14,002406,114164600.0,31.132725116035846,29.551116086076803,0.0,expired,2025-03-21,,,,,,,,,,,,,,,,,,,,,,
529,877,2025-03-14,002434,101469800.0,60.76466328599067,61.06622489038764,0.0,expired,2025-03-21,,,,,,,,,,,,,,,,,,,,,,
529,941,2025-03-14,002513,47432000.0,14.690526143413019,14.005166911570221,0.0,impulse_support_broken,2025-03-21,,,,,,,,,,,,,,,,,,,,,,
529,1696,2025-03-14,600449,43874600.0,69.05704543849022,64.33858831082838,0.0,expired,2025-03-21,,,,,,,,,,,,,,,,,,,,,,
529,1858,2025-03-14,600666,408031700.0,68.33578264937823,65.09135379955612,0.0,impulse_support_broken,2025-03-21,,,,,,,,,,,,,,,,,,,,,,
529,2065,2025-03-14,600959,178063300.0,4.968839103724152,4.800403879869096,0.0,expired,2025-03-21,,,,,,,,,,,,,,,,,,,,,,
529,2857,2025-03-14,603950,17860500.0,39.4094879678006,40.01578778268984,0.0,impulse_support_broken,2025-03-14,,,,,,,,,,,,,,,,,,,,,,
529,2877,2025-03-14,603988,20725900.0,74.46104645086045,67.91615005320082,0.0,expired,2025-03-21,,,,,,,,,,,,,,,,,,,,,,
530,2083,2025-03-17,600982,181329600.0,22.420842551662975,20.109415484481225,0.0,raw_entry_price_not_above_six,2025-03-20,531.0,22.420842551662975,21.86610005553936,53753000.0,0.3838573514748833,2025-03-18,,2025-03-19,23.160499213161135,0.055888223552894016,0.6296296296296299,2.0,533.0,,,,,,,,,
531,1286,2025-03-18,002923,32360200.0,42.75454285615057,38.354998868314496,0.0,expired,2025-03-25,,,,,,,,,,,,,,,,,,,,,,
531,1305,2025-03-18,002946,39374700.0,17.215192130056145,14.823032544022857,0.0,expired,2025-03-25,,,,,,,,,,,,,,,,,,,,,,
532,2259,2025-03-19,601798,61203800.0,7.939069044046457,7.5200924639141,0.0,expired,2025-03-26,,,,,,,,,,,,,,,,,,,,,,
533,141,2025-03-20,000573,113150800.0,40.214375810070095,37.823712279959764,0.0,expired,2025-03-27,,,,,,,,,,,,,,,,,,,,,,
533,845,2025-03-20,002397,78993800.0,52.41406128992334,48.92839711547031,0.0,failed_first_breakout,2025-03-27,537.0,53.705048021202245,50.993975885516555,22761900.0,0.3015648063518909,2025-03-26,,,,,,,,,,,,,,,,
533,2395,2025-03-20,603090,10039700.0,23.28749446447707,21.91262637023563,0.0,expired,2025-03-27,,,,,,,,,,,,,,,,,,,,,,
533,2611,2025-03-20,603390,38653500.0,11.8144544754341,11.248430959624976,0.0,impulse_support_broken,2025-03-24,,,,,,,,,,,,,,,,,,,,,,
533,2903,2025-03-20,605058,15906400.0,26.780578985298096,26.38055461366235,0.0,impulse_support_broken,2025-03-24,,,,,,,,,,,,,,,,,,,,,,
534,1211,2025-03-21,002838,53960800.0,85.6467889118895,75.8093247029454,0.0,expired,2025-03-28,,,,,,,,,,,,,,,,,,,,,,
535,151,2025-03-24,000595,164753200.0,40.05212305834117,35.87680521056043,0.0,impulse_support_broken,2025-03-25,,,,,,,,,,,,,,,,,,,,,,
535,884,2025-03-24,002442,47055600.0,17.380176446041084,16.26572238385219,0.0,expired,2025-03-31,,,,,,,,,,,,,,,,,,,,,,
535,1233,2025-03-24,002863,130229300.0,9.549714193190407,8.766950734732177,0.0,expired,2025-03-31,,,,,,,,,,,,,,,,,,,,,,
535,2066,2025-03-24,600960,111048800.0,18.788188719261314,18.166357414132097,0.0,impulse_support_broken,2025-03-24,,,,,,,,,,,,,,,,,,,,,,
535,2590,2025-03-24,603355,17992300.0,53.57594946818304,52.03192036892637,0.0,impulse_support_broken,2025-03-28,,,,,,,,,,,,,,,,,,,,,,
536,139,2025-03-25,000571,111764300.0,57.311836948623196,51.545348220732976,0.0,expired,2025-04-01,,,,,,,,,,,,,,,,,,,,,,
536,590,2025-03-25,002115,342340100.0,59.2841363031217,52.170039946747096,0.0,expired,2025-04-01,,,,,,,,,,,,,,,,,,,,,,
536,636,2025-03-25,002165,283006200.0,44.00819708524431,40.48112846639048,0.0,expired,2025-04-01,,,,,,,,,,,,,,,,,,,,,,
536,2259,2025-03-25,601798,84494900.0,9.174512805975201,8.250615731837184,0.0,duplicate_active_origin,2025-03-25,,,,,,,2025-03-19,,,,,,,,,,,,,,,
537,1390,2025-03-26,003039,29697500.0,14.562995476683035,13.626435343553595,0.0,expired,2025-04-02,541.0,14.635038563846837,13.729354039501885,12219800.0,0.41341527064567724,2025-04-01,,,,,,,,,,,,,,,,
537,2533,2025-03-26,603280,17493600.0,28.550726511845077,30.703360653611174,0.0,impulse_support_broken,2025-03-26,,,,,,,,,,,,,,,,,,,,,,
538,716,2025-03-27,002255,217332000.0,33.35137316547507,29.982967646268737,0.0,expired,2025-04-03,,,,,,,,,,,,,,,,,,,,,,
538,814,2025-03-27,002366,377626800.0,13.212957802596929,12.02449069865964,0.0,expired,2025-04-03,,,,,,,,,,,,,,,,,,,,,,
538,1465,2025-03-27,600105,343281000.0,81.7006243736201,76.41825641842914,0.0,impulse_support_broken,2025-03-27,,,,,,,,,,,,,,,,,,,,,,
538,1772,2025-03-27,600558,201258300.0,40.6828213018488,37.316976373998,0.0,impulse_support_broken,2025-03-28,,,,,,,,,,,,,,,,,,,,,,
538,2373,2025-03-27,603066,32298200.0,41.37612351877564,40.73363712873254,0.0,impulse_support_broken,2025-03-31,,,,,,,,,,,,,,,,,,,,,,
538,2667,2025-03-27,603585,15960300.0,31.882932058086492,28.53916430049158,0.0,failed_first_breakout,2025-04-02,541.0,32.1172087799562,30.03001616693517,7296000.0,0.4895114753482077,2025-04-01,,,,,,,,,,,,,,,,
539,709,2025-03-28,002248,86856400.0,19.048794780386643,17.283890471660722,0.0,impulse_support_broken,2025-04-03,,,,,,,,,,,,,,,,,,,,,,
539,811,2025-03-28,002363,42909800.0,23.43054168877095,22.33133109102614,0.0,impulse_support_broken,2025-04-01,,,,,,,,,,,,,,,,,,,,,,
539,960,2025-03-28,002535,164214400.0,16.68874797068036,15.771396073771923,0.0,expired,2025-04-07,,,,,,,,,,,,,,,,,,,,,,
539,1088,2025-03-28,002682,137668600.0,14.170153623149352,13.1486453212957,0.0,impulse_support_broken,2025-03-31,,,,,,,,,,,,,,,,,,,,,,
539,1108,2025-03-28,002708,68933600.0,39.92230755644859,37.38008514129738,0.0,impulse_support_broken,2025-04-07,,,,,,,,,,,,,,,,,,,,,,
539,1180,2025-03-28,002801,19315900.0,176.7151212169794,159.02171131074405,0.0,impulse_support_broken,2025-04-03,,,,,,,,,,,,,,,,,,,,,,
539,2325,2025-03-28,603006,11969200.0,28.694200535194764,26.51788854076944,0.0,impulse_support_broken,2025-04-07,,,,,,,,,,,,,,,,,,,,,,
539,2358,2025-03-28,603045,23142500.0,24.747065362786273,22.379201465763547,0.0,impulse_support_broken,2025-04-07,,,,,,,,,,,,,,,,,,,,,,
539,2537,2025-03-28,603285,29190100.0,29.907407407407902,29.382716049383202,0.0,impulse_support_broken,2025-03-28,,,,,,,,,,,,,,,,,,,,,,
539,2589,2025-03-28,603353,14022000.0,22.015574707080482,20.09269539722155,0.0,expired,2025-04-07,,,,,,,,,,,,,,,,,,,,,,
539,2645,2025-03-28,603527,40204300.0,23.19474879991425,22.136433265317404,0.0,impulse_support_broken,2025-03-31,,,,,,,,,,,,,,,,,,,,,,
539,2706,2025-03-28,603657,14715100.0,27.587502345251124,24.38002068655354,0.0,expired,2025-04-07,,,,,,,,,,,,,,,,,,,,,,
540,538,2025-03-31,002054,58404200.0,23.926639972242302,23.22497897598886,0.0,impulse_support_broken,2025-03-31,,,,,,,,,,,,,,,,,,,,,,
540,781,2025-03-31,002329,98084800.0,22.32505556898384,21.326303083002983,0.0,impulse_support_broken,2025-04-01,,,,,,,,,,,,,,,,,,,,,,
540,1920,2025-03-31,600746,70928700.0,72.05139783671622,64.88790625988662,0.0,expired,2025-04-08,,,,,,,,,,,,,,,,,,,,,,
540,1962,2025-03-31,600800,105624223.0,41.48322188055771,39.83404180579548,0.0,impulse_support_broken,2025-03-31,,,,,,,,,,,,,,,,,,,,,,
540,1995,2025-03-31,600844,63726600.0,19.49209572325959,18.451592392836485,0.0,expired,2025-04-08,,,,,,,,,,,,,,,,,,,,,,
540,2384,2025-03-31,603078,74873800.0,102.29687403804476,92.36774408157139,0.0,impulse_support_broken,2025-04-08,,,,,,,,,,,,,,,,,,,,,,
541,427,2025-04-01,001269,11188000.0,37.68625183824264,34.85247941319649,0.0,impulse_support_broken,2025-04-07,,,,,,,,,,,,,,,,,,,,,,
543,298,2025-04-03,000859,136468100.0,22.05460127302802,20.419518764855255,0.0,impulse_support_broken,2025-04-07,,,,,,,,,,,,,,,,,,,,,,
543,300,2025-04-03,000862,65531000.0,14.753221392677808,13.609777012526976,0.0,expired,2025-04-11,,,,,,,,,,,,,,,,,,,,,,
543,421,2025-04-03,001258,103637600.0,7.863698285095368,7.649789393920494,0.0,impulse_support_broken,2025-04-09,,,,,,,,,,,,,,,,,,,,,,
543,584,2025-04-03,002107,44032700.0,41.58162600578506,37.072774993109576,0.0,impulse_support_broken,2025-04-07,,,,,,,,,,,,,,,,,,,,,,
543,1995,2025-04-03,600844,90815900.0,20.60196594237758,18.72905994761598,0.0,duplicate_active_origin,2025-04-03,,,,,,,2025-03-31,,,,,,,,,,,,,,,
543,2001,2025-04-03,600851,49606200.0,137.924319482804,125.05674448732374,0.0,impulse_support_broken,2025-04-09,,,,,,,,,,,,,,,,,,,,,,
543,2472,2025-04-03,603192,11176400.0,25.688090685178764,23.183641756721794,0.0,impulse_support_broken,2025-04-08,,,,,,,,,,,,,,,,,,,,,,
544,2874,2025-04-07,603985,85512500.0,76.94385505955239,73.97734498496723,0.0,impulse_support_broken,2025-04-07,,,,,,,,,,,,,,,,,,,,,,
545,155,2025-04-08,000599,121495400.0,28.987546529888515,26.357874587303687,0.0,expired,2025-04-15,549.0,30.394115243364116,28.804081045522132,39174000.0,0.3649743117846437,2025-04-14,,,,,,,,,,,,,,,,
545,2558,2025-04-08,603313,62736600.0,12.367332849847738,11.47484491222986,0.0,expired,2025-04-15,,,,,,,,,,,,,,,,,,,,,,
547,2118,2025-04-10,601038,37560500.0,15.434976079823683,14.514792977832775,0.0,impulse_support_broken,2025-04-17,,,,,,,,,,,,,,,,,,,,,,
547,2344,2025-04-10,603029,14517300.0,23.65037592801247,21.885830818288,0.0,expired,2025-04-17,,,,,,,,,,,,,,,,,,,,,,
548,144,2025-04-11,000582,208599400.0,52.101044034565554,43.845789418385706,0.0,expired,2025-04-18,,,,,,,,,,,,,,,,,,,,,,
548,204,2025-04-11,000697,42499200.0,29.91407206715186,27.4180812246335,0.0,expired,2025-04-18,,,,,,,,,,,,,,,,,,,,,,
548,335,2025-04-11,000920,52650700.0,32.23832035686274,28.147657350855987,0.0,expired,2025-04-18,,,,,,,,,,,,,,,,,,,,,,
548,1871,2025-04-11,600685,46930100.0,49.7065562717346,46.16637917908932,0.0,expired,2025-04-18,549.0,50.55043569498144,48.7803471486588,20888500.0,0.4515566768449247,2025-04-14,,,,,,,,,,,,,,,,
549,393,2025-04-14,001206,9767200.0,36.824620937781575,35.287436024479454,7.695366416618587,closed,2025-04-25,552.0,38.1809605671658,36.530747351414995,3120300.0,0.3569395527889262,2025-04-17,,2025-04-21,39.2886379311629,0.07019562715765233,0.9365079365079338,1.0,555.0,2025-04-22,17.33,2.2605660489737,39.17560962871422,36.825073050991364,3.0,2025-04-25,hold_expired,18.7
549,407,2025-04-14,001223,1522000.0,48.524970530452016,45.272298624754555,0.0,expired,2025-04-21,552.0,49.044990176817436,46.516267190569884,273100.0,0.2500328515111695,2025-04-17,,,,,,,,,,,,,,,,
549,450,2025-04-14,001317,13500300.0,38.96927036878848,35.0114538469584,0.0,expired,2025-04-21,,,,,,,,,,,,,,,,,,,,,,
549,458,2025-04-14,001330,62265400.0,4.5,4.15,0.0,expired,2025-04-21,554.0,4.5,4.29,17459100.0,0.3393417532048296,2025-04-21,,,,,,,,,,,,,,,,
549,652,2025-04-14,002183,147099300.0,70.70637916379172,69.0373444625005,0.0,impulse_support_broken,2025-04-17,,,,,,,,,,,,,,,,,,,,,,
549,1586,2025-04-14,600278,69331400.0,16.766036004069623,14.962241785700753,0.0,impulse_support_broken,2025-04-18,,,,,,,,,,,,,,,,,,,,,,
549,1961,2025-04-14,600798,156845100.0,29.09377119824198,26.52667373957357,0.0,impulse_support_broken,2025-04-15,,,,,,,,,,,,,,,,,,,,,,
549,2007,2025-04-14,600859,197256900.0,78.33506879619388,75.36893645816295,0.0,impulse_support_broken,2025-04-15,,,,,,,,,,,,,,,,,,,,,,
549,2676,2025-04-14,603600,19768109.0,31.6639369781923,32.06014891118324,0.0,impulse_support_broken,2025-04-16,,,,,,,,,,,,,,,,,,,,,,
549,2895,2025-04-14,605016,11933400.0,45.92714916009035,43.51266364743439,0.0,expired,2025-04-21,,,,,,,,,,,,,,,,,,,,,,
550,213,2025-04-15,000710,43562400.0,46.71933007792149,43.781887168830615,0.0,expired,2025-04-22,,,,,,,,,,,,,,,,,,,,,,
550,352,2025-04-15,000948,57492900.0,46.81206163983258,41.87364634596013,0.0,expired,2025-04-22,,,,,,,,,,,,,,,,,,,,,,
550,427,2025-04-15,001269,10563500.0,34.41426718251925,32.42770507011576,0.0,impulse_support_broken,2025-04-18,,,,,,,,,,,,,,,,,,,,,,
550,438,2025-04-15,001296,10834600.0,33.705398303541386,29.94763742872664,0.0,expired,2025-04-22,554.0,32.618127390523924,31.759755617089077,1432700.0,0.1527836745242095,2025-04-21,,,,,,,,,,,,,,,,
550,558,2025-04-15,002077,53364900.0,21.693982263165147,19.121863769903694,0.0,failed_first_breakout,2025-04-22,554.0,21.370630224012277,20.665134865860566,12731300.0,0.33384396860108423,2025-04-21,,,,,,,,,,,,,,,,
550,893,2025-04-15,002453,32090500.0,21.718148313041773,19.318810023220017,0.0,expired,2025-04-22,,,,,,,,,,,,,,,,,,,,,,
550,1124,2025-04-15,002730,36693400.0,36.7688225410544,34.09819470409066,0.0,expired,2025-04-22,,,,,,,,,,,,,,,,,,,,,,
550,1181,2025-04-15,002802,16763800.0,32.607753620959805,28.6501954022765,0.0,expired,2025-04-22,,,,,,,,,,,,,,,,,,,,,,
550,1529,2025-04-15,600192,18291000.0,11.447293847880745,10.238573379470976,0.0,expired,2025-04-22,,,,,,,,,,,,,,,,,,,,,,
550,1924,2025-04-15,600751,162694000.0,13.82607018447832,12.20763387525845,0.0,failed_first_breakout,2025-04-18,551.0,14.011034334103446,13.224936698196652,82711100.0,0.510151265566032,2025-04-16,,,,,,,,,,,,,,,,
550,2404,2025-04-15,603101,38989400.0,16.145683795156994,15.641131176558337,0.0,impulse_support_broken,2025-04-16,,,,,,,,,,,,,,,,,,,,,,
550,2502,2025-04-15,603226,22386200.0,28.20472566448269,24.371882590431866,0.0,expired,2025-04-22,555.0,26.413288140741546,25.080125332376042,3440600.0,0.19088545621856323,2025-04-22,,,,,,,,,,,,,,,,
550,2602,2025-04-15,603375,7945500.0,36.569977324262105,32.47405895691527,0.0,expired,2025-04-22,554.0,34.48662131519187,33.42471655328713,1509200.0,0.23144547227990686,2025-04-21,,,,,,,,,,,,,,,,
550,2729,2025-04-15,603688,79384200.0,111.28328593882947,107.58978623837643,0.0,impulse_support_broken,2025-04-17,,,,,,,,,,,,,,,,,,,,,,
550,2850,2025-04-15,603933,11900700.0,31.594116111148708,28.369799423861167,0.0,expired,2025-04-22,,,,,,,,,,,,,,,,,,,,,,
551,128,2025-04-16,000558,253876300.0,32.66356478678843,31.02666632366919,0.0,impulse_support_broken,2025-04-22,,,,,,,,,,,,,,,,,,,,,,
551,441,2025-04-16,001300,9727000.0,11.65493291239128,11.15256511444338,0.0,expired,2025-04-23,,,,,,,,,,,,,,,,,,,,,,
551,541,2025-04-16,002058,11562100.0,24.373078785298393,23.08526444634916,0.0,impulse_support_broken,2025-04-21,552.0,25.160076436878477,23.32374858319161,5617600.0,0.5253543906383789,2025-04-17,,,,,,,,,,,,,,,,
551,573,2025-04-16,002095,16207400.0,76.77816851852762,72.94149071922874,0.0,expired,2025-04-23,,,,,,,,,,,,,,,,,,,,,,
551,580,2025-04-16,002103,84822000.0,22.378874600362455,20.124375038289887,0.0,expired,2025-04-23,,,,,,,,,,,,,,,,,,,,,,
551,610,2025-04-16,002137,39449400.0,24.0428225092146,24.5712361907358,0.0,impulse_support_broken,2025-04-16,,,,,,,,,,,,,,,,,,,,,,
551,910,2025-04-16,002471,284982600.0,23.863589830982,21.04782701906672,0.0,impulse_support_broken,2025-04-22,,,,,,,,,,,,,,,,,,,,,,
551,918,2025-04-16,002481,121686300.0,105.07463057564816,96.4435002069342,0.0,expired,2025-04-23,,,,,,,,,,,,,,,,,,,,,,
551,1231,2025-04-16,002861,22875200.0,17.726074858692876,17.628907651166756,0.0,impulse_support_broken,2025-04-16,,,,,,,,,,,,,,,,,,,,,,
551,1342,2025-04-16,002987,39307500.0,71.42254978442939,68.67401845682627,0.0,expired,2025-04-23,,,,,,,,,,,,,,,,,,,,,,
551,1673,2025-04-16,600403,49226500.0,22.619402591868802,20.760273611715203,0.0,expired,2025-04-23,552.0,22.805315489884162,21.503925203776642,18820700.0,0.46526464404335066,2025-04-17,,,,,,,,,,,,,,,,
551,1984,2025-04-16,600828,79936900.0,44.39644594443828,41.560006342432494,0.0,raw_entry_price_not_above_six,2025-04-21,552.0,45.38303363209246,42.66991749104345,40661000.0,0.5197768489896406,2025-04-17,,2025-04-18,46.49294478070342,0.08222811671087546,0.7428571428571435,1.0,554.0,,,,,,,,,
551,1993,2025-04-16,600841,37086100.0,15.94287743109712,14.911452828345919,0.0,expired,2025-04-23,,,,,,,,,,,,,,,,,,,,,,
551,2329,2025-04-16,603011,94222300.0,22.52473275217091,22.104886848122987,0.0,impulse_support_broken,2025-04-16,,,,,,,,,,,,,,,,,,,,,,
551,2492,2025-04-16,603215,9195200.0,16.17576183519912,15.512470013914498,0.0,expired,2025-04-23,,,,,,,,,,,,,,,,,,,,,,
551,2690,2025-04-16,603617,23522700.0,20.16519709266872,19.125753943562085,-0.6397994269340965,closed,2025-04-29,555.0,20.491879225245093,19.571229578893497,8434400.0,0.3881399669255655,2025-04-22,,2025-04-23,20.848259733510222,0.06125356125356133,0.75,1.0,557.0,2025-04-24,6.98,2.9698375688761,20.72946623075518,19.485698256909867,3.0,2025-04-29,hold_expired,6.95
551,2778,2025-04-16,603798,13682400.0,25.15199101930623,23.2846890988628,0.0,failed_first_breakout,2025-04-23,552.0,25.265160832666435,23.935415525683997,5318900.0,0.4417134420861837,2025-04-17,,,,,,,,,,,,,,,,
551,2792,2025-04-16,603818,40195100.0,5.830400150990115,5.584909618316847,0.0,failed_first_breakout,2025-04-23,555.0,5.769027517821797,5.52353698514853,13309600.0,0.3417618067873945,2025-04-22,,,,,,,,,,,,,,,,
551,2841,2025-04-16,603917,17426700.0,19.183364583996404,17.63121489652458,0.0,expired,2025-04-23,552.0,19.183364583996404,17.96274201423701,7354900.0,0.44920725094251923,2025-04-17,,,,,,,,,,,,,,,,
551,2962,2025-04-16,605299,16373900.0,9.56473859115617,9.244441340413063,0.0,expired,2025-04-23,552.0,9.664141186214374,9.145038745354858,7800900.0,0.5132833350637295,2025-04-17,,,,,,,,,,,,,,,,
552,156,2025-04-17,000600,218104262.0,48.635319437682206,45.130071189921324,0.0,failed_first_breakout,2025-04-22,554.0,47.6859813705803,45.64125322605312,82006485.0,0.41180351166177576,2025-04-21,,,,,,,,,,,,,,,,
552,738,2025-04-17,002279,199464500.0,70.89001206128071,60.49147714679102,0.0,expired,2025-04-24,,,,,,,,,,,,,,,,,,,,,,
552,1110,2025-04-17,002712,52799200.0,27.231463912916272,26.86698925251395,0.0,impulse_support_broken,2025-04-17,,,,,,,,,,,,,,,,,,,,,,
552,1483,2025-04-17,600128,81969100.0,32.979119910786764,29.244440304766766,0.0,failed_first_breakout,2025-04-22,554.0,32.88417042927778,30.953530971928455,28752300.0,0.43698235066628766,2025-04-21,,,,,,,,,,,,,,,,
552,2127,2025-04-17,601083,66761700.0,11.472794163240048,11.63906654241744,0.0,impulse_support_broken,2025-04-17,,,,,,,,,,,,,,,,,,,,,,
552,2183,2025-04-17,601279,35876000.0,3.5711087667582597,3.36991954046202,0.0,failed_first_breakout,2025-04-23,554.0,3.581168228073072,3.42021684703608,16361900.0,0.4735867989742446,2025-04-21,,,,,,,,,,,,,,,,
552,2728,2025-04-17,603687,26010300.0,6.943190878954784,7.024995778854104,0.0,impulse_support_broken,2025-04-18,,,,,,,,,,,,,,,,,,,,,,
552,2858,2025-04-17,603955,15178300.0,27.476963385159248,24.299813282808646,0.0,expired,2025-04-24,,,,,,,,,,,,,,,,,,,,,,
553,1830,2025-04-18,600629,64134600.0,74.17976456232589,68.38305524365818,0.0,failed_first_breakout,2025-04-22,554.0,76.71582488924302,72.64001364955477,33473700.0,0.5331139509718623,2025-04-21,,,,,,,,,,,,,,,,
554,441,2025-04-21,001300,13354200.0,12.287916337805633,11.30327545382775,0.0,duplicate_active_origin,2025-04-21,,,,,,,2025-04-16,,,,,,,,,,,,,,,
554,472,2025-04-21,001368,14970700.0,24.62710422581628,21.602723005102,0.0,expired,2025-04-28,,,,,,,,,,,,,,,,,,,,,,
554,657,2025-04-21,002188,58310800.0,9.45585745602024,8.6052259275498,0.0,expired,2025-04-28,,,,,,,,,,,,,,,,,,,,,,
554,1004,2025-04-21,002584,190637300.0,24.464396469516853,21.87214253897202,0.0,expired,2025-04-28,,,,,,,,,,,,,,,,,,,,,,
554,1568,2025-04-21,600250,77914414.0,27.05138141013585,24.012510078204837,0.0,expired,2025-04-28,,,,,,,,,,,,,,,,,,,,,,
554,1802,2025-04-21,600594,64748200.0,61.668908043345766,56.48664686323268,0.0,failed_first_breakout,2025-04-28,555.0,62.705360279368385,58.90503541395213,29185200.0,0.5192159782047995,2025-04-22,,,,,,,,,,,,,,,,
554,1962,2025-04-21,600800,168044839.0,41.48322188055771,37.4237016965276,0.0,expired,2025-04-28,,,,,,,,,,,,,,,,,,,,,,
554,2005,2025-04-21,600857,32256100.0,58.07488024091853,54.613852024540556,0.0,impulse_support_broken,2025-04-28,,,,,,,,,,,,,,,,,,,,,,
554,2469,2025-04-21,603188,62621100.0,9.07349210871768,8.598213950641991,0.0,impulse_support_broken,2025-04-25,555.0,9.483959608873954,8.943870792878855,30275200.0,0.5376135200435636,2025-04-22,,,,,,,,,,,,,,,,
554,2651,2025-04-21,603536,48268400.0,20.4197092469338,18.838043585304366,0.0,impulse_support_broken,2025-04-25,,,,,,,,,,,,,,,,,,,,,,
554,2847,2025-04-21,603928,25707400.0,15.970331820470507,14.248794607869257,0.0,expired,2025-04-28,,,,,,,,,,,,,,,,,,,,,,
555,222,2025-04-22,000720,35792700.0,20.81829814688535,19.28431828343064,0.0,raw_entry_price_not_above_six,2025-04-29,558.0,21.76790472902398,20.453064846062798,18537000.0,0.5205251350135642,2025-04-25,,2025-04-28,23.009697951820648,0.11111111111111113,1.0,1.0,560.0,,,,,,,,,
555,301,2025-04-22,000863,150850900.0,28.63897389907646,25.16758312343083,0.0,expired,2025-04-29,,,,,,,,,,,,,,,,,,,,,,
555,888,2025-04-22,002446,127899200.0,31.69604848773818,27.81489969332126,0.0,expired,2025-04-29,,,,,,,,,,,,,,,,,,,,,,
555,2124,2025-04-22,601068,136976700.0,5.500872269147753,5.32991280191647,0.0,impulse_support_broken,2025-04-22,,,,,,,,,,,,,,,,,,,,,,
556,300,2025-04-23,000862,136376800.0,17.123776814941728,15.394665801055103,0.0,expired,2025-04-30,,,,,,,,,,,,,,,,,,,,,,
556,738,2025-04-23,002279,138899800.0,67.890434682101,62.09125174902021,0.0,duplicate_active_origin,2025-04-23,,,,,,,2025-04-17,,,,,,,,,,,,,,,
556,839,2025-04-23,002391,51789400.0,34.77004709163821,31.254693065829194,0.0,expired,2025-04-30,560.0,35.02570920260614,33.23607442583064,9483500.0,0.2142899898434815,2025-04-29,,,,,,,,,,,,,,,,
556,916,2025-04-23,002479,118968500.0,24.01957084368441,22.047815028158077,0.0,expired,2025-04-30,,,,,,,,,,,,,,,,,,,,,,
556,1060,2025-04-23,002651,59941100.0,21.288845077684652,19.58573747146988,0.0,expired,2025-04-30,,,,,,,,,,,,,,,,,,,,,,
556,2069,2025-04-23,600963,112639800.0,21.99520391304977,20.06414746672206,0.0,expired,2025-04-30,,,,,,,,,,,,,,,,,,,,,,
556,2516,2025-04-23,603256,18156300.0,8.961230350169833,8.243916087801251,0.0,expired,2025-04-30,,,,,,,,,,,,,,,,,,,,,,
556,2717,2025-04-23,603669,32790800.0,14.06508976707364,12.874224043088,0.0,expired,2025-04-30,,,,,,,,,,,,,,,,,,,,,,
557,1039,2025-04-24,002627,154912400.0,20.048036838665638,18.17279529763399,0.0,expired,2025-05-06,,,,,,,,,,,,,,,,,,,,,,
557,1079,2025-04-24,002672,18856100.0,25.28933973565375,24.105848467236463,0.0,raw_entry_price_not_above_six,2025-05-07,560.0,25.912229876926016,25.102472693272077,5435300.0,0.32106055865210725,2025-04-29,,2025-05-06,27.84318931487002,0.09843400447427293,1.0,1.0,563.0,,,,,,,,,
557,1103,2025-04-24,002702,110529400.0,30.973629854798492,30.681425799564543,0.0,impulse_support_broken,2025-04-24,,,,,,,,,,,,,,,,,,,,,,
557,1782,2025-04-24,600571,167234600.0,207.70740661054487,197.205346725742,0.0,impulse_support_broken,2025-04-24,,,,,,,,,,,,,,,,,,,,,,
557,2718,2025-04-24,603676,21289800.0,12.308275009656796,10.80454910349963,0.0,expired,2025-05-06,,,,,,,,,,,,,,,,,,,,,,
558,191,2025-04-25,000678,143422600.0,55.20976213977624,48.753781889560464,0.0,expired,2025-05-07,,,,,,,,,,,,,,,,,,,,,,
558,635,2025-04-25,002164,92280800.0,24.166594045657643,22.746885518171226,0.0,expired,2025-05-07,,,,,,,,,,,,,,,,,,,,,,
558,817,2025-04-25,002369,93563700.0,36.2152979742892,35.18425746256566,0.0,expired,2025-05-07,,,,,,,,,,,,,,,,,,,,,,
558,975,2025-04-25,002553,107782000.0,101.15714841448312,92.16105595036282,0.0,expired,2025-05-07,,,,,,,,,,,,,,,,,,,,,,
558,1336,2025-04-25,002981,9995000.0,32.11762370234127,32.792122502167025,0.0,impulse_support_broken,2025-04-25,,,,,,,,,,,,,,,,,,,,,,
558,1371,2025-04-25,003018,16905600.0,11.827217331699892,11.115643636264894,0.0,expired,2025-05-07,,,,,,,,,,,,,,,,,,,,,,
558,1953,2025-04-25,600790,122831300.0,50.65083533596193,51.43409567620876,0.0,impulse_support_broken,2025-04-25,,,,,,,,,,,,,,,,,,,,,,
558,2161,2025-04-25,601177,80533900.0,19.33650609471457,17.427886561093878,0.0,expired,2025-05-07,,,,,,,,,,,,,,,,,,,,,,
558,2460,2025-04-25,603178,29601200.0,20.19863706813343,19.246868829320857,0.0,impulse_support_broken,2025-04-28,,,,,,,,,,,,,,,,,,,,,,
558,2825,2025-04-25,603890,32562500.0,32.43902382128034,32.43902382128034,0.0,expired,2025-05-07,,,,,,,,,,,,,,,,,,,,,,
558,2896,2025-04-25,605018,19388600.0,11.965471851030433,10.93155169108541,0.0,expired,2025-05-07,563.0,12.536281939333417,11.793151824372929,7980400.0,0.4401555553263258,2025-05-07,,,,,,,,,,,,,,,,
558,2909,2025-04-25,605080,10647700.0,33.525820754052205,32.94090217919427,0.0,expired,2025-05-07,,,,,,,,,,,,,,,,,,,,,,
559,309,2025-04-28,000881,64990900.0,37.67580368202464,34.09736913963424,0.0,failed_first_breakout,2025-05-07,562.0,37.36908072124832,35.579863450053125,24935700.0,0.42251761400442217,2025-05-06,,,,,,,,,,,,,,,,
559,357,2025-04-28,000953,81704000.0,16.242509930172954,14.86072337110527,0.0,impulse_support_broken,2025-04-30,,,,,,,,,,,,,,,,,,,,,,
559,813,2025-04-28,002365,100448300.0,40.76972611287415,38.877460343922195,0.0,expired,2025-05-08,,,,,,,,,,,,,,,,,,,,,,
559,1962,2025-04-28,600800,122826322.0,42.11752190931241,37.67742170802948,0.0,duplicate_active_origin,2025-04-28,,,,,,,2025-04-21,,,,,,,,,,,,,,,
559,2717,2025-04-28,603669,45465500.0,14.097275327181361,13.582306365457839,0.0,duplicate_active_origin,2025-04-28,,,,,,,2025-04-23,,,,,,,,,,,,,,,
560,573,2025-04-29,002095,43949100.0,89.53735282782391,78.78573248327703,0.0,expired,2025-05-09,,,,,,,,,,,,,,,,,,,,,,
560,2213,2025-04-29,601566,19028800.0,16.143888283433835,15.745720635187709,0.0,entry_gap_above_two_pct,2025-05-12,564.0,16.36107063702263,15.944804459310774,5541700.0,0.3160157235348524,2025-05-08,,2025-05-09,16.41536622541983,0.028665931642778336,0.13513513513513714,1.0,566.0,,,,,,,,,
560,2533,2025-04-29,603280,14747200.0,26.356893630523647,23.14339194520775,0.0,expired,2025-05-09,,,,,,,,,,,,,,,,,,,,,,
561,222,2025-04-30,000720,78438900.0,23.3749312526432,21.25657810787241,0.0,failed_first_breakout,2025-05-08,563.0,23.228837932314182,22.20618469001104,31170500.0,0.4153296387379221,2025-05-07,,,,,,,,,,,,,,,,
561,755,2025-04-30,002298,168018700.0,17.302402813883,16.3586353876712,0.0,expired,2025-05-12,,,,,,,,,,,,,,,,,,,,,,
561,1154,2025-04-30,002769,36921500.0,37.56940374252223,36.388944335311834,0.0,failed_first_breakout,2025-05-07,562.0,38.74986314973263,36.542917301469714,21117300.0,0.5736698129815961,2025-05-06,,,,,,,,,,,,,,,,
561,2874,2025-04-30,603985,43117300.0,79.72495825447596,71.65975898919758,0.0,expired,2025-05-12,,,,,,,,,,,,,,,,,,,,,,
562,1007,2025-05-06,002587,67715900.0,43.33492343510781,40.97396978574341,0.0,failed_first_breakout,2025-05-12,564.0,45.54355749419064,44.172681181656465,27395900.0,0.4384871204547233,2025-05-08,,,,,,,,,,,,,,,,
562,1044,2025-05-06,002633,12660400.0,18.28569872276427,17.37217505634807,0.0,failed_first_breakout,2025-05-09,564.0,19.67120961682884,19.0317430503375,5319400.0,0.4779706802312723,2025-05-08,,,,,,,,,,,,,,,,
563,493,2025-05-07,002006,83716900.0,145.0808739282782,123.4529308073053,0.0,expired,2025-05-14,566.0,153.60575661829674,146.65955590791125,29644400.0,0.3744865134757737,2025-05-12,,,,,,,,,,,,,,,,
564,663,2025-05-08,002195,1058285800.0,179.04922657748884,157.77003156827965,0.0,failed_first_breakout,2025-05-13,566.0,181.78512307867288,173.57743357512075,468969400.0,0.45487802066322724,2025-05-12,,,,,,,,,,,,,,,,
564,731,2025-05-08,002272,151895000.0,37.912755338155954,35.2920579645507,0.0,expired,2025-05-15,,,,,,,,,,,,,,,,,,,,,,
564,805,2025-05-08,002355,188423000.0,15.019681807981401,13.931905409631774,0.0,expired,2025-05-15,566.0,14.894169146633368,14.245687063001858,54240400.0,0.35980373945855865,2025-05-12,,,,,,,,,,,,,,,,
564,1049,2025-05-08,002639,166696700.0,25.907839676248656,23.80803860594483,0.0,expired,2025-05-15,,,,,,,,,,,,,,,,,,,,,,
564,1073,2025-05-08,002664,68041100.0,61.98016284011955,57.2124580062642,0.0,expired,2025-05-15,,,,,,,,,,,,,,,,,,,,,,
564,1170,2025-05-08,002790,15662400.0,22.760216219208605,21.445320646709618,0.0,expired,2025-05-15,567.0,23.01067251873222,22.384531769923182,5091100.0,0.33531578812953317,2025-05-13,,,,,,,,,,,,,,,,
564,1537,2025-05-08,600203,79029600.0,16.197498026905148,14.747982074445375,0.0,expired,2025-05-15,,,,,,,,,,,,,,,,,,,,,,
564,1731,2025-05-08,600503,227393900.0,8.624468390668794,7.710213790951253,0.0,expired,2025-05-15,,,,,,,,,,,,,,,,,,,,,,
564,1941,2025-05-08,600775,66231400.0,14.624259440761454,13.537718076688815,0.0,expired,2025-05-15,,,,,,,,,,,,,,,,,,,,,,
564,2329,2025-05-08,603011,154094000.0,23.6163321026955,22.20984832413497,0.0,expired,2025-05-15,,,,,,,,,,,,,,,,,,,,,,
564,2453,2025-05-08,603169,160632200.0,12.083765859978751,10.894931752460627,0.0,failed_first_breakout,2025-05-14,566.0,12.197763651110625,11.741772486583125,47703400.0,0.325283162404549,2025-05-12,,,,,,,,,,,,,,,,
565,301,2025-05-09,000863,101435100.0,28.71129454023575,27.1202404347315,0.0,expired,2025-05-16,,,,,,,,,,,,,,,,,,,,,,
565,365,2025-05-09,000965,209528500.0,11.704341454362158,11.81965516327213,0.0,impulse_support_broken,2025-05-12,,,,,,,,,,,,,,,,,,,,,,
565,747,2025-05-09,002290,20066200.0,77.52476115583899,79.11882752641827,0.0,impulse_support_broken,2025-05-09,,,,,,,,,,,,,,,,,,,,,,
565,1200,2025-05-09,002826,29642900.0,11.8928722378096,11.318589557318354,0.0,expired,2025-05-16,,,,,,,,,,,,,,,,,,,,,,
565,1331,2025-05-09,002975,9226800.0,66.04886107118328,61.36033373538013,0.0,expired,2025-05-16,570.0,65.6598566197411,64.02194313998454,2204700.0,0.2468515628386873,2025-05-16,,,,,,,,,,,,,,,,
565,1995,2025-05-09,600844,155849100.0,22.682972603223796,20.255131498903207,0.0,expired,2025-05-16,,,,,,,,,,,,,,,,,,,,,,
566,629,2025-05-12,002158,44573300.0,83.44792602867705,75.12899538635543,0.0,expired,2025-05-19,567.0,83.79275216929143,80.38759403072453,17817200.0,0.4516302360381663,2025-05-13,,,,,,,,,,,,,,,,
566,982,2025-05-12,002560,164449600.0,31.913570260588003,28.644794870015648,0.0,expired,2025-05-19,,,,,,,,,,,,,,,,,,,,,,
566,1003,2025-05-12,002583,299288400.0,72.24697725609089,65.53026608931368,0.0,expired,2025-05-19,,,,,,,,,,,,,,,,,,,,,,
566,1017,2025-05-12,002599,68519600.0,32.20592299455544,30.588594983911825,0.0,expired,2025-05-19,,,,,,,,,,,,,,,,,,,,,,
566,1034,2025-05-12,002622,61064600.0,15.749509671114772,15.749509671114772,0.0,failed_first_breakout,2025-05-14,567.0,16.27255611775696,15.575160855567377,25583100.0,0.4532683420508773,2025-05-13,,,,,,,,,,,,,,,,
566,2664,2025-05-12,603579,24950900.0,78.25642427955265,75.90236924024903,0.0,expired,2025-05-19,570.0,86.68648624462641,80.96040641929328,11093500.0,0.4502182286009723,2025-05-16,,,,,,,,,,,,,,,,
566,2904,2025-05-12,605060,16445000.0,21.955414299581417,19.198826093577843,0.0,expired,2025-05-19,,,,,,,,,,,,,,,,,,,,,,
567,357,2025-05-13,000953,69591800.0,16.425010041747928,15.356080816808777,0.0,expired,2025-05-20,,,,,,,,,,,,,,,,,,,,,,
567,616,2025-05-13,002144,50939700.0,14.837598433471616,13.29740398435531,0.0,expired,2025-05-20,569.0,14.296766794850623,13.75593515622963,16127200.0,0.3826514486736278,2025-05-15,,,,,,,,,,,,,,,,
567,1501,2025-05-13,600156,88864400.0,12.14969176717056,11.143545417701748,0.0,impulse_support_broken,2025-05-16,569.0,11.409319925108603,10.649964189660444,31599400.0,0.39916040619190585,2025-05-15,,,,,,,,,,,,,,,,
568,466,2025-05-14,001356,52707000.0,15.97,15.05,0.0,expired,2025-05-21,572.0,15.7,15.34,11300600.0,0.21647409262526798,2025-05-20,,,,,,,,,,,,,,,,
568,860,2025-05-14,002413,262064200.0,26.16408392338485,23.532781365625087,0.0,raw_entry_price_not_above_six,2025-05-20,570.0,25.766906178817344,24.52572572704387,85726800.0,0.3737421975225918,2025-05-16,,2025-05-19,26.064789487242976,0.059047619047618925,0.19230769230769199,1.0,572.0,,,,,,,,,
568,1128,2025-05-14,002735,42091700.0,36.3925600132945,33.945711754824885,0.0,expired,2025-05-21,,,,,,,,,,,,,,,,,,,,,,
568,1259,2025-05-14,002892,112801700.0,129.0964110824426,120.48056745440208,0.0,impulse_support_broken,2025-05-21,,,,,,,,,,,,,,,,,,,,,,
568,1749,2025-05-14,600523,86888400.0,33.69574974854635,29.58755031615883,0.0,expired,2025-05-21,,,,,,,,,,,,,,,,,,,,,,
568,2676,2025-05-14,603600,47523152.0,37.27693936223056,34.27233220371596,0.0,expired,2025-05-21,572.0,35.62605630810166,34.60250881454174,9321800.0,0.20065317847604047,2025-05-20,,,,,,,,,,,,,,,,
568,2745,2025-05-14,603712,69557900.0,21.876676380511096,19.969478952466538,0.0,impulse_support_broken,2025-05-21,,,,,,,,,,,,,,,,,,,,,,
569,417,2025-05-15,001238,3945500.0,35.986971034241854,33.668482704304694,0.0,expired,2025-05-22,,,,,,,,,,,,,,,,,,,,,,
569,566,2025-05-15,002086,202675000.0,11.553188901370481,10.769222511634627,0.0,expired,2025-05-22,,,,,,,,,,,,,,,,,,,,,,
570,852,2025-05-16,002404,70197100.0,40.25669612553154,36.74029796998812,0.0,expired,2025-05-23,572.0,39.71104813587825,38.37724193894799,21446600.0,0.3316568633177154,2025-05-20,,,,,,,,,,,,,,,,
570,2782,2025-05-16,603803,58799600.0,10.719180791755747,9.993180499087032,0.0,expired,2025-05-23,,,,,,,,,,,,,,,,,,,,,,
571,73,2025-05-19,000420,734212500.0,31.174875734454545,28.724448820829295,0.0,expired,2025-05-26,575.0,31.242943148721913,28.996718477898767,319018100.0,0.4375222432197763,2025-05-23,,,,,,,,,,,,,,,,
571,1038,2025-05-19,002626,73610200.0,157.93664649632188,138.1739795729031,0.0,expired,2025-05-26,,,,,,,,,,,,,,,,,,,,,,
571,1551,2025-05-19,600223,133294600.0,16.45106597300386,14.28233874853423,0.0,expired,2025-05-26,,,,,,,,,,,,,,,,,,,,,,
571,1673,2025-05-19,600403,99540400.0,24.72641543604288,21.31801230576128,0.0,expired,2025-05-26,,,,,,,,,,,,,,,,,,,,,,
572,742,2025-05-20,002284,146703100.0,88.38748711786414,76.26501337600185,0.0,expired,2025-05-27,,,,,,,,,,,,,,,,,,,,,,
572,1669,2025-05-20,600397,168033900.0,23.931873066532198,20.342092106552368,0.0,expired,2025-05-27,,,,,,,,,,,,,,,,,,,,,,
573,88,2025-05-21,000507,156982800.0,33.74188809643067,31.710603863200728,0.0,impulse_support_broken,2025-05-26,,,,,,,,,,,,,,,,,,,,,,
573,246,2025-05-21,000761,100005100.0,10.23626687047358,9.828733997410229,0.0,failed_first_breakout,2025-05-26,575.0,10.499964611867513,10.116404260749064,25357600.0,0.2923360908593662,2025-05-23,,,,,,,,,,,,,,,,
573,837,2025-05-21,002389,112170100.0,132.54364294593634,123.17439391582772,0.0,expired,2025-05-28,577.0,135.79164927637396,127.73409511048058,49368400.0,0.4456160777248126,2025-05-27,,,,,,,,,,,,,,,,
573,1177,2025-05-21,002798,56691500.0,15.310181513994555,14.324415299813822,0.0,expired,2025-05-28,576.0,15.340986708187705,14.540051659165854,13008500.0,0.25281214996957213,2025-05-26,,,,,,,,,,,,,,,,
573,1345,2025-05-21,002990,23577200.0,61.07202160245876,53.396188750368914,0.0,expired,2025-05-28,,,,,,,,,,,,,,,,,,,,,,
573,1851,2025-05-21,600658,116145300.0,34.150837859673985,31.623820259063855,0.0,impulse_support_broken,2025-05-22,,,,,,,,,,,,,,,,,,,,,,
573,1918,2025-05-21,600743,109341100.0,26.57812233743724,23.94662507630484,0.0,expired,2025-05-28,576.0,25.788673159097517,24.60449939158794,21697900.0,0.26258835881475495,2025-05-26,,,,,,,,,,,,,,,,
574,580,2025-05-22,002103,139931100.0,25.03681092617433,22.165290431324003,0.0,expired,2025-05-29,,,,,,,,,,,,,,,,,,,,,,
574,736,2025-05-22,002277,290024700.0,40.06840882023508,38.27621162060795,0.0,impulse_support_broken,2025-05-23,,,,,,,,,,,,,,,,,,,,,,
574,754,2025-05-22,002297,144010700.0,24.134567436001962,24.255089620451415,0.0,impulse_support_broken,2025-05-22,,,,,,,,,,,,,,,,,,,,,,
574,1533,2025-05-22,600198,137450800.0,16.727372356355843,15.076406104264322,0.0,expired,2025-05-29,576.0,16.110527822607363,15.43925582999872,35383300.0,0.28434938174241253,2025-05-26,,,,,,,,,,,,,,,,
574,1767,2025-05-22,600550,365595538.0,74.07074309483933,67.42728469354962,0.0,impulse_support_broken,2025-05-23,,,,,,,,,,,,,,,,,,,,,,
574,1967,2025-05-22,600807,146016000.0,20.924953119892482,19.290191157400884,0.0,expired,2025-05-29,579.0,20.924953119892482,20.07487689939685,29807700.0,0.21586778161297393,2025-05-29,,,,,,,,,,,,,,,,
574,2752,2025-05-22,603725,44700800.0,16.68473607704322,14.90005037725999,0.0,factor_changed_observation,2025-05-28,,,,,,,,,,,,,,,,,,,,,,
575,141,2025-05-23,000573,156862800.0,40.64128001187551,39.7020907679036,0.0,raw_entry_price_not_above_six,2025-05-28,576.0,42.26351597873609,39.44594824682034,67331400.0,0.4635111065211127,2025-05-26,,2025-05-27,43.97113278595775,0.10291262135922345,0.9166666666666692,1.0,578.0,,,,,,,,,
575,357,2025-05-23,000953,121550100.0,18.667154269669076,16.94643893196215,0.0,expired,2025-05-30,,,,,,,,,,,,,,,,,,,,,,
575,1001,2025-05-23,002580,136611300.0,57.46743582133024,51.56469112948414,0.0,expired,2025-05-30,,,,,,,,,,,,,,,,,,,,,,
575,1250,2025-05-23,002882,73727800.0,24.149193932217607,21.224432932886824,0.0,expired,2025-05-30,,,,,,,,,,,,,,,,,,,,,,
575,1673,2025-05-23,600403,112466300.0,27.762992770293764,24.10670577599168,0.0,duplicate_active_origin,2025-05-23,,,,,,,2025-05-19,,,,,,,,,,,,,,,
575,2565,2025-05-23,603321,48924700.0,9.382286239648181,8.366509033260193,0.0,expired,2025-05-30,577.0,8.93447048199326,8.486654724338342,13147900.0,0.3114684402765883,2025-05-27,,,,,,,,,,,,,,,,
575,2866,2025-05-23,603970,25377500.0,33.27161072623979,33.96804552199497,0.0,impulse_support_broken,2025-05-23,,,,,,,,,,,,,,,,,,,,,,
576,812,2025-05-26,002364,85765400.0,107.56352656864416,112.44063056834044,0.0,impulse_support_broken,2025-05-26,,,,,,,,,,,,,,,,,,,,,,
576,1311,2025-05-26,002952,16592400.0,50.724966622798526,47.96710435981142,0.0,factor_changed_observation,2025-05-30,,,,,,,,,,,,,,,,,,,,,,
576,1495,2025-05-26,600149,103291800.0,17.742699327052755,16.9624829071335,0.0,impulse_support_broken,2025-05-26,,,,,,,,,,,,,,,,,,,,,,
576,1723,2025-05-26,600495,288287300.0,36.59675238035314,33.10411626106632,0.0,expired,2025-06-03,,,,,,,,,,,,,,,,,,,,,,
576,2799,2025-05-26,603839,36541800.0,13.896730076973013,13.09937671190079,0.0,expired,2025-06-03,,,,,,,,,,,,,,,,,,,,,,
578,1208,2025-05-28,002835,36802300.0,40.75185871385664,35.96620329324337,0.0,expired,2025-06-05,581.0,40.37237942940273,37.73710662069497,8473400.0,0.30002880254766684,2025-06-03,,,,,,,,,,,,,,,,
578,2382,2025-05-28,603076,10992800.0,39.63454092564624,35.03089188891057,0.0,factor_changed_observation,2025-05-29,,,,,,,,,,,,,,,,,,,,,,
579,718,2025-05-29,002258,148908400.0,66.70972687987522,56.94329043840466,0.0,failed_first_breakout,2025-06-06,581.0,66.26830602376356,61.854097462646926,43663300.0,0.35223566971373005,2025-06-03,,,,,,,,,,,,,,,,
579,971,2025-05-29,002549,196111400.0,91.13091635778028,90.37499170596459,0.0,impulse_support_broken,2025-05-30,,,,,,,,,,,,,,,,,,,,,,
579,978,2025-05-29,002556,166548300.0,36.6288983967649,32.51193130423596,0.0,factor_changed_anchor,2025-05-29,,,,,,,,,,,,,,,,,,,,,,
579,1218,2025-05-29,002846,76622000.0,33.17235043790837,30.976732346723054,0.0,impulse_support_broken,2025-05-30,,,,,,,,,,,,,,,,,,,,,,
579,1527,2025-05-29,600189,86987000.0,22.077879366298628,20.759797016071847,0.0,expired,2025-06-06,,,,,,,,,,,,,,,,,,,,,,
579,1820,2025-05-29,600616,120555200.0,2572.060804969036,2429.5963591848226,0.0,impulse_support_broken,2025-05-30,,,,,,,,,,,,,,,,,,,,,,
579,2675,2025-05-29,603599,89062400.0,53.63054569803322,49.73351642585779,0.0,expired,2025-06-06,,,,,,,,,,,,,,,,,,,,,,
580,736,2025-05-30,002277,288575200.0,41.412556719955425,40.51645812014186,0.0,factor_changed_anchor,2025-05-30,,,,,,,,,,,,,,,,,,,,,,
580,1203,2025-05-30,002829,46114500.0,52.598367233248325,50.42002629152702,0.0,impulse_support_broken,2025-05-30,,,,,,,,,,,,,,,,,,,,,,
580,1529,2025-05-30,600192,112894600.0,15.393410671218517,14.18469020280875,0.0,impulse_support_broken,2025-06-04,,,,,,,,,,,,,,,,,,,,,,
580,2722,2025-05-30,603680,27275300.0,21.930839851628555,19.713787735480313,0.0,expired,2025-06-09,,,,,,,,,,,,,,,,,,,,,,
581,24,2025-06-03,000037,66090800.0,54.58983087755105,50.30021015197385,0.0,expired,2025-06-10,,,,,,,,,,,,,,,,,,,,,,
581,501,2025-06-03,002015,115117800.0,41.446804651229,38.1940174507528,0.0,expired,2025-06-10,,,,,,,,,,,,,,,,,,,,,,
581,805,2025-06-03,002355,137841500.0,15.668163891612911,14.559468716371944,0.0,failed_first_breakout,2025-06-05,582.0,15.940107991200318,15.438057345808181,57778900.0,0.44319526412582566,2025-06-04,,,,,,,,,,,,,,,,
581,1026,2025-06-03,002609,46999600.0,61.419895962992335,55.705175817107666,0.0,factor_changed_anchor,2025-06-03,,,,,,,,,,,,,,,,,,,,,,
581,1325,2025-06-03,002968,32327000.0,37.175119541193936,33.96798956222266,0.0,factor_changed_observation,2025-06-06,,,,,,,,,,,,,,,,,,,,,,
583,135,2025-06-05,000566,317662300.0,71.08601353795773,61.90074212574971,0.0,expired,2025-06-12,,,,,,,,,,,,,,,,,,,,,,
583,1054,2025-06-05,002644,57145200.0,53.75715885865025,47.68225604519937,0.0,failed_first_breakout,2025-06-10,585.0,51.69398431823296,49.97467220121857,17349700.0,0.30536772992307315,2025-06-09,,,,,,,,,,,,,,,,
583,1088,2025-06-05,002682,124230100.0,13.7248807736234,12.91291263625255,0.0,impulse_support_broken,2025-06-06,,,,,,,,,,,,,,,,,,,,,,
583,1203,2025-06-05,002829,46384400.0,53.11235779253089,50.42002629152702,0.0,impulse_support_broken,2025-06-10,,,,,,,,,,,,,,,,,,,,,,
583,1300,2025-06-05,002940,29191900.0,38.575221433123254,34.26872402847529,0.0,expired,2025-06-12,,,,,,,,,,,,,,,,,,,,,,
583,1325,2025-06-05,002968,35061100.0,38.83041243356621,36.278502557825625,0.0,duplicate_active_origin,2025-06-05,,,,,,,2025-06-03,,,,,,,,,,,,,,,
583,1775,2025-06-05,600561,37716800.0,18.81339090565801,18.31020957385735,0.0,expired,2025-06-12,,,,,,,,,,,,,,,,,,,,,,
583,1957,2025-06-05,600794,245634900.0,101.81818862925495,100.49587449121267,0.0,impulse_support_broken,2025-06-05,,,,,,,,,,,,,,,,,,,,,,
583,2636,2025-06-05,603506,23418600.0,37.10816977476234,35.08113937919994,0.0,impulse_support_broken,2025-06-10,,,,,,,,,,,,,,,,,,,,,,
584,464,2025-06-06,001338,95808900.0,13.467283906314881,11.987808021949215,0.0,expired,2025-06-13,587.0,13.011281065243272,12.61607860298121,18096700.0,0.24209650669196703,2025-06-11,,,,,,,,,,,,,,,,
584,864,2025-06-06,002418,288567900.0,19.101550229137338,17.451416308819194,0.0,impulse_support_broken,2025-06-13,585.0,19.50158269466901,18.70151776360567,110310100.0,0.42803808046563735,2025-06-09,,,,,,,,,,,,,,,,
584,1469,2025-06-06,600110,136179200.0,53.45075881961892,47.12862605600807,0.0,expired,2025-06-13,,,,,,,,,,,,,,,,,,,,,,
584,2249,2025-06-06,601700,76017313.0,29.90991326796926,27.638274285591844,0.0,expired,2025-06-13,,,,,,,,,,,,,,,,,,,,,,
584,2498,2025-06-06,603221,32304000.0,12.14051348345078,11.581615164519542,0.0,factor_changed_observation,2025-06-13,585.0,12.047363763628908,11.757564635294191,12258100.0,0.41990465577018327,2025-06-09,,,,,,,,,,,,,,,,
584,2513,2025-06-06,603238,24365500.0,29.5009510327398,25.837434237824397,0.0,expired,2025-06-13,,,,,,,,,,,,,,,,,,,,,,
584,2744,2025-06-06,603711,30555900.0,16.15221321680012,14.70363306991245,0.0,expired,2025-06-13,587.0,15.738333174832214,15.28088681265716,6073700.0,0.23797695371433994,2025-06-11,,,,,,,,,,,,,,,,
584,2807,2025-06-06,603863,24354600.0,14.419166666666191,13.23941666666623,0.0,expired,2025-06-13,587.0,14.983833333332838,14.368749999999524,9467600.0,0.4908210358618085,2025-06-11,,,,,,,,,,,,,,,,
584,2890,2025-06-06,605006,92947400.0,8.983015522246816,8.931830248615782,0.0,impulse_support_broken,2025-06-10,,,,,,,,,,,,,,,,,,,,,,
585,421,2025-06-09,001258,66566600.0,7.4849606524648316,7.250098312755839,0.0,failed_first_breakout,2025-06-12,587.0,7.55644049498496,7.342000967424576,14961300.0,0.2907035960977427,2025-06-11,,,,,,,,,,,,,,,,
585,568,2025-06-09,002090,88176700.0,58.08594022634106,59.84612023319987,0.0,impulse_support_broken,2025-06-09,,,,,,,,,,,,,,,,,,,,,,
585,653,2025-06-09,002184,59845400.0,43.35572315209468,39.08634278062887,0.0,expired,2025-06-16,590.0,43.98454661765941,42.1973641365807,15022200.0,0.3197889896299465,2025-06-16,,,,,,,,,,,,,,,,
585,790,2025-06-09,002339,105815700.0,42.37069795408965,40.0505293568644,0.0,factor_changed_observation,2025-06-10,,,,,,,,,,,,,,,,,,,,,,
585,2105,2025-06-09,601007,78576000.0,12.156844483927998,11.610469450942471,0.0,impulse_support_broken,2025-06-16,,,,,,,,,,,,,,,,,,,,,,
586,1995,2025-06-10,600844,140270800.0,23.723475933646906,21.087534163241695,0.0,failed_first_breakout,2025-06-13,587.0,24.070310377121277,22.891073269308418,42870300.0,0.44555851966339394,2025-06-11,,,,,,,,,,,,,,,,
586,2358,2025-06-10,603045,27568300.0,25.699986199392978,24.27060494448292,0.0,factor_changed_observation,2025-06-11,,,,,,,,,,,,,,,,,,,,,,
586,2852,2025-06-10,603937,32085600.0,11.37480388681599,10.374700356670816,0.0,impulse_support_broken,2025-06-13,,,,,,,,,,,,,,,,,,,,,,
586,2922,2025-06-10,605122,14007700.0,17.595615447080437,16.580758666623318,0.0,impulse_support_broken,2025-06-13,,,,,,,,,,,,,,,,,,,,,,
587,503,2025-06-11,002017,88244100.0,99.01352094294772,98.25122694082067,0.0,factor_changed_observation,2025-06-12,,,,,,,,,,,,,,,,,,,,,,
587,582,2025-06-11,002105,91704600.0,15.978861163260603,14.512119047842514,0.0,impulse_support_broken,2025-06-17,,,,,,,,,,,,,,,,,,,,,,
587,879,2025-06-11,002437,443352500.0,49.37889233325736,43.82178226359817,0.0,failed_first_breakout,2025-06-13,588.0,50.0139906269327,48.26747031932553,174224000.0,0.40642344409922126,2025-06-12,,,,,,,,,,,,,,,,
587,941,2025-06-11,002513,77238500.0,16.001648152155763,14.899113735713001,0.0,failed_first_breakout,2025-06-17,588.0,16.77640206641284,15.971849924684339,36534800.0,0.49683253817720435,2025-06-12,,,,,,,,,,,,,,,,
587,1173,2025-06-11,002793,166498800.0,19.445825630630527,16.898494228832064,0.0,expired,2025-06-18,,,,,,,,,,,,,,,,,,,,,,
587,2053,2025-06-11,600927,61211100.0,16.17777797264422,14.13219243951783,0.0,expired,2025-06-18,590.0,15.585908046815769,14.599458170435025,20076400.0,0.36953755119577986,2025-06-16,,,,,,,,,,,,,,,,
587,2302,2025-06-11,601956,107274100.0,8.228579736972891,7.458525483512862,0.0,impulse_support_broken,2025-06-18,,,,,,,,,,,,,,,,,,,,,,
587,2652,2025-06-11,603538,59823300.0,30.56076723512897,26.54281775800046,0.0,expired,2025-06-18,,,,,,,,,,,,,,,,,,,,,,
588,757,2025-06-12,002300,135776493.0,54.29744702557628,48.49945123929542,0.0,failed_first_breakout,2025-06-18,591.0,53.43558278707508,51.32009783802665,42924007.0,0.3241416612520696,2025-06-17,,,,,,,,,,,,,,,,
588,1379,2025-06-12,003027,26554900.0,29.7964189205597,26.863824005746718,0.0,factor_changed_observation,2025-06-13,,,,,,,,,,,,,,,,,,,,,,
588,2747,2025-06-12,603716,75136100.0,47.07039226215136,47.21142714533384,0.0,impulse_support_broken,2025-06-12,,,,,,,,,,,,,,,,,,,,,,
588,2794,2025-06-12,603823,63319100.0,26.19441798046255,23.706565095347973,0.0,impulse_support_broken,2025-06-17,,,,,,,,,,,,,,,,,,,,,,
589,871,2025-06-13,002426,477780800.0,15.50411929647819,14.343947104224723,0.0,raw_entry_price_not_above_six,2025-06-19,590.0,15.50411929647819,14.818563001055686,131394300.0,0.3844966143469976,2025-06-16,,2025-06-18,16.189675591900695,0.08469055374592825,0.692307692307691,1.0,593.0,,,,,,,,,
589,1215,2025-06-13,002842,61830100.0,25.375107715106775,23.974715457098675,0.0,impulse_support_broken,2025-06-18,,,,,,,,,,,,,,,,,,,,,,
589,1350,2025-06-13,002996,95894600.0,10.253519947165806,9.56635895202066,0.0,expired,2025-06-20,,,,,,,,,,,,,,,,,,,,,,
589,2668,2025-06-13,603586,30818100.0,24.47672930687296,21.56934115570125,0.0,impulse_support_broken,2025-06-19,,,,,,,,,,,,,,,,,,,,,,
589,2841,2025-06-13,603917,33787000.0,21.64340338683562,20.54599138412283,0.0,impulse_support_broken,2025-06-16,,,,,,,,,,,,,,,,,,,,,,
590,698,2025-06-16,002237,114661800.0,109.80184990191414,97.16524509205155,0.0,factor_changed_anchor,2025-06-16,,,,,,,,,,,,,,,,,,,,,,
590,1121,2025-06-16,002727,51578600.0,40.03336814377075,37.05946079594778,0.0,impulse_support_broken,2025-06-19,,,,,,,,,,,,,,,,,,,,,,
590,1142,2025-06-16,002755,34250100.0,33.602478100288124,30.824673243997637,0.0,factor_changed_anchor,2025-06-16,,,,,,,,,,,,,,,,,,,,,,
590,2399,2025-06-16,603096,17911200.0,29.94910097972994,26.97353207960774,0.0,impulse_support_broken,2025-06-20,,,,,,,,,,,,,,,,,,,,,,
590,2508,2025-06-16,603232,51334600.0,54.31595806279728,52.36469895538131,0.0,impulse_support_broken,2025-06-20,,,,,,,,,,,,,,,,,,,,,,
590,2514,2025-06-16,603239,26137400.0,58.34934809995895,55.32802263199992,0.0,expired,2025-06-23,592.0,59.74671112889001,56.08335399898968,6324700.0,0.3901841805229288,2025-06-18,,,,,,,,,,,,,,,,
590,2899,2025-06-16,605033,23276600.0,23.185474298599,20.667123858625498,0.0,expired,2025-06-23,595.0,21.57248124820275,20.65671745184875,5834900.0,0.2624373834666575,2025-06-23,,,,,,,,,,,,,,,,
590,2928,2025-06-16,605151,16783900.0,20.582774858058873,21.91931868001075,0.0,impulse_support_broken,2025-06-16,,,,,,,,,,,,,,,,,,,,,,
591,707,2025-06-17,002246,138612200.0,23.884598282734853,22.073911989763914,0.0,impulse_support_broken,2025-06-24,,,,,,,,,,,,,,,,,,,,,,
591,2816,2025-06-17,603880,38911800.0,18.183641917318855,16.2882785904322,0.0,impulse_support_broken,2025-06-19,,,,,,,,,,,,,,,,,,,,,,
