signal_date,opportunities,unresolved_positions,filled,net_sum,delta_net_sum,variant,control,segment
2024-01-02,2,0,1,-1.6616129032257962,0.0,corrected_low_open,corrected_low_open,train
2024-01-03,2,0,2,3.1561882378964383,0.0,corrected_low_open,corrected_low_open,train
2024-01-04,2,0,2,-3.777604227833244,0.0,corrected_low_open,corrected_low_open,train
2024-01-05,2,0,2,-16.88707934721439,0.0,corrected_low_open,corrected_low_open,train
2024-01-08,2,0,2,-17.548749439179826,0.0,corrected_low_open,corrected_low_open,train
2024-01-09,2,0,2,-12.420000000000021,0.0,corrected_low_open,corrected_low_open,train
2024-01-10,2,0,2,0.9632382369966201,0.0,corrected_low_open,corrected_low_open,train
2024-01-11,2,0,2,6.062773026229026,0.0,corrected_low_open,corrected_low_open,train
2024-01-12,2,0,2,-12.42000000000001,0.0,corrected_low_open,corrected_low_open,train
2024-01-15,2,0,2,-8.711237987563583,0.0,corrected_low_open,corrected_low_open,train
2024-01-16,2,0,2,-7.548425577646446,0.0,corrected_low_open,corrected_low_open,train
2024-01-17,2,0,2,-13.179906759906759,0.0,corrected_low_open,corrected_low_open,train
2024-01-18,2,0,1,-21.27072252113759,0.0,corrected_low_open,corrected_low_open,train
2024-01-19,2,0,2,-31.655454246313067,0.0,corrected_low_open,corrected_low_open,train
2024-01-22,2,0,2,-22.214421637893214,0.0,corrected_low_open,corrected_low_open,train
2024-01-23,2,0,2,-3.2587013251218178,0.0,corrected_low_open,corrected_low_open,train
2024-01-24,2,0,1,5.854880112834992,0.0,corrected_low_open,corrected_low_open,train
2024-01-25,2,0,1,-18.179661610268372,0.0,corrected_low_open,corrected_low_open,train
2024-01-26,2,0,1,-2.6246544546211457,0.0,corrected_low_open,corrected_low_open,train
2024-01-29,2,0,2,-13.639512195121963,0.0,corrected_low_open,corrected_low_open,train
2024-01-30,2,0,2,-12.420000000000021,0.0,corrected_low_open,corrected_low_open,train
2024-01-31,2,0,1,-6.210000000000005,0.0,corrected_low_open,corrected_low_open,train
2024-02-01,2,0,1,-6.210000000000016,0.0,corrected_low_open,corrected_low_open,train
2024-02-02,2,0,2,-9.310093055304705,0.0,corrected_low_open,corrected_low_open,train
2024-02-05,2,0,2,-31.502574048636227,0.0,corrected_low_open,corrected_low_open,train
2024-02-06,2,0,2,17.573636198473903,0.0,corrected_low_open,corrected_low_open,train
2024-02-07,2,0,0,0.0,0.0,corrected_low_open,corrected_low_open,train
2024-02-08,2,0,1,-0.1687968685620165,0.0,corrected_low_open,corrected_low_open,train
2024-02-19,2,0,2,11.627466727594669,0.0,corrected_low_open,corrected_low_open,train
2024-02-20,2,0,2,13.091774546390429,0.0,corrected_low_open,corrected_low_open,train
2024-02-21,2,0,2,31.760938374062704,0.0,corrected_low_open,corrected_low_open,train
2024-02-22,2,0,2,30.572985513497116,0.0,corrected_low_open,corrected_low_open,train
2024-02-23,2,0,0,0.0,0.0,corrected_low_open,corrected_low_open,train
2024-02-26,2,0,2,36.20150173866694,0.0,corrected_low_open,corrected_low_open,train
2024-02-27,2,0,2,-15.993241061130362,0.0,corrected_low_open,corrected_low_open,train
2024-02-28,2,0,2,-22.6256365423581,0.0,corrected_low_open,corrected_low_open,train
2024-02-29,2,0,2,0.2616880343450183,0.0,corrected_low_open,corrected_low_open,train
2024-03-01,2,0,0,0.0,0.0,corrected_low_open,corrected_low_open,train
2024-03-04,2,0,1,-2.7779196129512638,0.0,corrected_low_open,corrected_low_open,train
2024-03-05,2,0,2,-9.013965060878784,0.0,corrected_low_open,corrected_low_open,train
2024-03-06,2,0,2,7.360025284450042,0.0,corrected_low_open,corrected_low_open,train
2024-03-07,2,0,0,0.0,0.0,corrected_low_open,corrected_low_open,train
2024-03-08,2,0,2,0.5892949192711976,0.0,corrected_low_open,corrected_low_open,train
2024-03-11,2,0,2,-0.013073593073599898,0.0,corrected_low_open,corrected_low_open,train
2024-03-12,2,0,2,11.259711017459349,0.0,corrected_low_open,corrected_low_open,train
2024-03-13,2,0,2,11.575812675613115,0.0,corrected_low_open,corrected_low_open,train
2024-03-14,2,0,2,6.3512097667919525,0.0,corrected_low_open,corrected_low_open,train
2024-03-15,2,0,1,1.029669421487588,0.0,corrected_low_open,corrected_low_open,train
2024-03-18,2,0,2,-1.22329218106997,0.0,corrected_low_open,corrected_low_open,train
2024-03-19,2,0,1,3.382375366568912,0.0,corrected_low_open,corrected_low_open,train
2024-03-20,2,0,2,-5.494199966838,0.0,corrected_low_open,corrected_low_open,train
2024-03-21,2,0,2,3.920984587288843,0.0,corrected_low_open,corrected_low_open,train
2024-03-22,2,0,2,1.9537632325468772,0.0,corrected_low_open,corrected_low_open,train
2024-03-25,2,0,2,-14.807622149837144,0.0,corrected_low_open,corrected_low_open,train
2024-03-26,2,0,2,-14.55953488372096,0.0,corrected_low_open,corrected_low_open,train
2024-03-27,2,0,2,-13.889040482671202,0.0,corrected_low_open,corrected_low_open,train
2024-03-28,2,0,2,15.680125734268465,0.0,corrected_low_open,corrected_low_open,train
2024-03-29,2,0,2,-6.753333333333336,0.0,corrected_low_open,corrected_low_open,train
2024-04-01,2,0,2,-9.442670025188917,0.0,corrected_low_open,corrected_low_open,train
2024-04-02,2,0,2,-7.397873977873982,0.0,corrected_low_open,corrected_low_open,train
2024-04-03,2,0,2,-13.781376673040171,0.0,corrected_low_open,corrected_low_open,train
2024-04-08,2,0,2,-6.88511627906976,0.0,corrected_low_open,corrected_low_open,train
2024-04-09,2,0,2,-4.981695685087064,0.0,corrected_low_open,corrected_low_open,train
2024-04-10,2,0,2,-12.42000000000001,0.0,corrected_low_open,corrected_low_open,train
2024-04-11,2,0,2,-12.42000000000001,0.0,corrected_low_open,corrected_low_open,train
2024-04-12,2,0,1,-18.862849740932653,0.0,corrected_low_open,corrected_low_open,train
2024-04-15,2,0,2,-15.802385086507357,0.0,corrected_low_open,corrected_low_open,train
2024-04-16,2,0,2,11.71628183831673,0.0,corrected_low_open,corrected_low_open,train
2024-04-17,2,0,1,2.541119641714639,0.0,corrected_low_open,corrected_low_open,train
2024-04-18,2,0,1,-6.210000000000005,0.0,corrected_low_open,corrected_low_open,train
2024-04-19,2,0,2,11.769405864479985,0.0,corrected_low_open,corrected_low_open,train
2024-04-22,2,0,2,6.450707264897234,0.0,corrected_low_open,corrected_low_open,train
2024-04-23,2,0,2,6.494786907539816,0.0,corrected_low_open,corrected_low_open,train
2024-04-24,2,0,2,8.55862765443922,0.0,corrected_low_open,corrected_low_open,train
2024-04-25,2,0,2,-4.545618443770585,0.0,corrected_low_open,corrected_low_open,train
2024-04-26,2,0,2,28.133385416666652,0.0,corrected_low_open,corrected_low_open,train
2024-04-29,2,0,2,19.967398893146026,0.0,corrected_low_open,corrected_low_open,train
2024-04-30,2,0,2,9.82872836901034,0.0,corrected_low_open,corrected_low_open,train
2024-05-06,2,0,2,-2.6903071420670406,0.0,corrected_low_open,corrected_low_open,train
2024-05-07,2,0,1,-1.4280267965895441,0.0,corrected_low_open,corrected_low_open,train
2024-05-08,2,0,2,-2.0811570247933915,0.0,corrected_low_open,corrected_low_open,train
2024-05-09,2,0,1,-6.210000000000005,0.0,corrected_low_open,corrected_low_open,train
2024-05-10,2,0,0,0.0,0.0,corrected_low_open,corrected_low_open,train
2024-05-13,2,0,2,-2.2684848484848548,0.0,corrected_low_open,corrected_low_open,train
2024-05-14,2,0,0,0.0,0.0,corrected_low_open,corrected_low_open,train
2024-05-15,2,0,0,0.0,0.0,corrected_low_open,corrected_low_open,train
2024-05-16,2,0,2,-2.2151884218162072,0.0,corrected_low_open,corrected_low_open,train
2024-05-17,2,0,2,10.512847685948042,0.0,corrected_low_open,corrected_low_open,train
2024-05-20,2,0,0,0.0,0.0,corrected_low_open,corrected_low_open,train
2024-05-21,2,0,2,-6.903481063658358,0.0,corrected_low_open,corrected_low_open,train
2024-05-22,2,0,2,15.668047966651653,0.0,corrected_low_open,corrected_low_open,train
2024-05-23,2,0,0,0.0,0.0,corrected_low_open,corrected_low_open,train
2024-05-24,2,0,0,0.0,0.0,corrected_low_open,corrected_low_open,train
2024-05-27,2,0,1,-2.4877822695097427,0.0,corrected_low_open,corrected_low_open,train
2024-05-28,2,0,2,-13.279350395149327,0.0,corrected_low_open,corrected_low_open,train
2024-05-29,2,0,2,-8.443608768971336,0.0,corrected_low_open,corrected_low_open,train
2024-05-30,2,0,0,0.0,0.0,corrected_low_open,corrected_low_open,train
2024-05-31,2,0,0,0.0,0.0,corrected_low_open,corrected_low_open,train
2024-06-03,2,0,1,-9.227341040462434,0.0,corrected_low_open,corrected_low_open,train
2024-06-04,2,0,1,-7.452339832869082,0.0,corrected_low_open,corrected_low_open,train
2024-06-05,2,0,0,0.0,0.0,corrected_low_open,corrected_low_open,train
2024-06-06,2,0,2,-16.447100271002725,0.0,corrected_low_open,corrected_low_open,train
2024-06-07,2,0,2,-12.42,0.0,corrected_low_open,corrected_low_open,train
2024-06-11,2,0,1,7.722263814616758,0.0,corrected_low_open,corrected_low_open,train
2024-06-12,2,0,0,0.0,0.0,corrected_low_open,corrected_low_open,train
2024-06-13,2,0,0,0.0,0.0,corrected_low_open,corrected_low_open,train
2024-06-14,2,0,2,15.011351484682576,0.0,corrected_low_open,corrected_low_open,train
2024-06-17,2,0,2,2.645703766638339,0.0,corrected_low_open,corrected_low_open,train
2024-06-18,2,0,1,-6.387105831533469,0.0,corrected_low_open,corrected_low_open,train
2024-06-19,2,0,2,-12.42000000000001,0.0,corrected_low_open,corrected_low_open,train
2024-06-20,2,0,2,-9.804841795437826,0.0,corrected_low_open,corrected_low_open,train
2024-06-21,2,0,2,-12.42000000000001,0.0,corrected_low_open,corrected_low_open,train
2024-06-24,2,0,1,-6.210000000000005,0.0,corrected_low_open,corrected_low_open,train
2024-06-25,2,0,1,-6.210000000000005,0.0,corrected_low_open,corrected_low_open,train
2024-06-26,2,0,2,-1.130949217913026,0.0,corrected_low_open,corrected_low_open,train
2024-06-27,2,0,2,2.0082352941176866,0.0,corrected_low_open,corrected_low_open,train
2024-06-28,2,0,2,-8.746411526245414,0.0,corrected_low_open,corrected_low_open,train
2024-07-01,2,0,0,0.0,0.0,corrected_low_open,corrected_low_open,train
2024-07-02,2,0,1,4.367908441831169,0.0,corrected_low_open,corrected_low_open,train
2024-07-03,2,0,1,-6.210000000000005,0.0,corrected_low_open,corrected_low_open,train
2024-07-04,2,0,2,-14.147975270479131,0.0,corrected_low_open,corrected_low_open,train
2024-07-05,2,0,2,11.003442449841582,0.0,corrected_low_open,corrected_low_open,train
2024-07-08,2,0,1,-6.210000000000016,0.0,corrected_low_open,corrected_low_open,train
2024-07-09,2,0,2,-3.362425409672511,0.0,corrected_low_open,corrected_low_open,train
2024-07-10,2,0,0,0.0,0.0,corrected_low_open,corrected_low_open,train
2024-07-11,2,0,2,27.0206022112444,0.0,corrected_low_open,corrected_low_open,train
2024-07-12,2,0,0,0.0,0.0,corrected_low_open,corrected_low_open,train
2024-07-15,2,0,2,-4.484516129032247,0.0,corrected_low_open,corrected_low_open,train
2024-07-16,2,0,0,0.0,0.0,corrected_low_open,corrected_low_open,train
2024-07-17,2,0,1,-2.0192105263157965,0.0,corrected_low_open,corrected_low_open,train
2024-07-18,2,0,1,-4.624003044140036,0.0,corrected_low_open,corrected_low_open,train
2024-07-19,2,0,2,-14.420000000000012,0.0,corrected_low_open,corrected_low_open,train
2024-07-22,2,0,0,0.0,0.0,corrected_low_open,corrected_low_open,train
2024-07-23,2,0,2,4.797158176943704,0.0,corrected_low_open,corrected_low_open,train
2024-07-24,2,0,2,7.615982525529539,0.0,corrected_low_open,corrected_low_open,train
2024-07-25,2,0,1,-1.610560224089642,0.0,corrected_low_open,corrected_low_open,train
2024-07-26,2,0,1,2.505231788079464,0.0,corrected_low_open,corrected_low_open,train
2024-07-29,2,0,1,1.0104424103737566,0.0,corrected_low_open,corrected_low_open,train
2024-07-30,2,0,2,9.712591913332755,0.0,corrected_low_open,corrected_low_open,train
2024-07-31,2,0,1,-6.210000000000005,0.0,corrected_low_open,corrected_low_open,train
2024-08-01,2,0,2,-9.470288540807926,0.0,corrected_low_open,corrected_low_open,train
2024-08-02,2,0,2,0.06814629421274354,0.0,corrected_low_open,corrected_low_open,train
2024-08-05,2,0,2,-3.137557251908409,0.0,corrected_low_open,corrected_low_open,train
2024-08-06,2,0,1,-6.210000000000005,0.0,corrected_low_open,corrected_low_open,train
2024-08-07,2,0,1,15.618877005347606,0.0,corrected_low_open,corrected_low_open,train
2024-08-08,2,0,2,-4.7555889857852325,0.0,corrected_low_open,corrected_low_open,train
2024-08-09,2,0,2,-2.8518300507311096,0.0,corrected_low_open,corrected_low_open,train
2024-08-12,2,0,1,-6.210000000000005,0.0,corrected_low_open,corrected_low_open,train
2024-08-13,2,0,2,3.463905027995649,0.0,corrected_low_open,corrected_low_open,train
2024-08-14,2,0,2,-5.402986997205019,0.0,corrected_low_open,corrected_low_open,train
2024-08-15,2,0,2,-2.344111486293134,0.0,corrected_low_open,corrected_low_open,train
2024-08-16,2,0,0,0.0,0.0,corrected_low_open,corrected_low_open,train
2024-08-19,2,0,1,-5.765555555555546,0.0,corrected_low_open,corrected_low_open,train
2024-08-20,2,0,1,8.074409654272683,0.0,corrected_low_open,corrected_low_open,train
2024-08-21,2,0,2,1.1710931174089039,0.0,corrected_low_open,corrected_low_open,train
2024-08-22,2,0,0,0.0,0.0,corrected_low_open,corrected_low_open,train
2024-08-23,2,0,2,-6.823426392327628,0.0,corrected_low_open,corrected_low_open,train
2024-08-26,2,0,1,-6.210000000000005,0.0,corrected_low_open,corrected_low_open,train
2024-08-27,2,0,1,5.990527704485492,0.0,corrected_low_open,corrected_low_open,train
2024-08-28,2,0,0,0.0,0.0,corrected_low_open,corrected_low_open,train
2024-08-29,2,0,1,-0.33722646310433513,0.0,corrected_low_open,corrected_low_open,train
2024-08-30,2,0,1,-4.250404040404033,0.0,corrected_low_open,corrected_low_open,train
2024-09-02,2,0,1,-6.210000000000005,0.0,corrected_low_open,corrected_low_open,train
2024-09-03,2,0,2,-12.056363636363633,0.0,corrected_low_open,corrected_low_open,train
2024-09-04,2,0,1,-6.210000000000016,0.0,corrected_low_open,corrected_low_open,train
2024-09-05,2,0,1,-6.209999999999995,0.0,corrected_low_open,corrected_low_open,train
2024-09-06,2,0,2,-15.584251207729462,0.0,corrected_low_open,corrected_low_open,train
2024-09-09,2,0,2,-2.910499534369017,0.0,corrected_low_open,corrected_low_open,train
2024-09-10,2,0,0,0.0,0.0,corrected_low_open,corrected_low_open,train
2024-09-11,2,0,2,1.0837147102525906,0.0,corrected_low_open,corrected_low_open,train
2024-09-12,2,0,1,1.5918018018018056,0.0,corrected_low_open,corrected_low_open,train
2024-09-13,2,0,1,-6.210000000000016,0.0,corrected_low_open,corrected_low_open,train
2024-09-18,2,0,2,11.552378760219105,0.0,corrected_low_open,corrected_low_open,train
2024-09-19,2,0,1,14.002678936605315,0.0,corrected_low_open,corrected_low_open,train
2024-09-20,2,0,0,0.0,0.0,corrected_low_open,corrected_low_open,train
2024-09-23,2,0,1,8.381549295774636,0.0,corrected_low_open,corrected_low_open,train
2024-09-24,2,0,1,8.084930875576022,0.0,corrected_low_open,corrected_low_open,train
2024-09-25,2,0,1,18.97194640338504,0.0,corrected_low_open,corrected_low_open,train
2024-09-26,2,0,2,43.743471124806405,0.0,corrected_low_open,corrected_low_open,train
2024-09-27,2,0,1,0.3115123859191762,0.0,corrected_low_open,corrected_low_open,train
2024-09-30,2,0,0,0.0,0.0,corrected_low_open,corrected_low_open,train
2024-10-08,2,0,0,0.0,0.0,corrected_low_open,corrected_low_open,train
2024-10-09,2,0,2,-12.561732283464568,0.0,corrected_low_open,corrected_low_open,train
2024-10-10,2,0,0,0.0,0.0,corrected_low_open,corrected_low_open,train
2024-10-11,2,0,0,0.0,0.0,corrected_low_open,corrected_low_open,train
2024-10-14,2,0,2,4.972642257509039,0.0,corrected_low_open,corrected_low_open,train
2024-10-15,2,0,0,0.0,0.0,corrected_low_open,corrected_low_open,train
2024-10-16,2,0,1,-0.906864111498241,0.0,corrected_low_open,corrected_low_open,train
2024-10-17,2,0,0,0.0,0.0,corrected_low_open,corrected_low_open,train
2024-10-18,2,0,1,18.389033816425137,0.0,corrected_low_open,corrected_low_open,train
2024-10-21,2,0,0,0.0,0.0,corrected_low_open,corrected_low_open,train
2024-10-22,2,0,2,10.300795360397695,0.0,corrected_low_open,corrected_low_open,train
2024-10-23,2,0,2,12.592931895346492,0.0,corrected_low_open,corrected_low_open,train
2024-10-24,2,0,2,1.7764218854286788,0.0,corrected_low_open,corrected_low_open,train
2024-10-25,2,0,1,-1.48388535031846,0.0,corrected_low_open,corrected_low_open,train
2024-10-28,2,0,2,-4.800184591595104,0.0,corrected_low_open,corrected_low_open,train
2024-10-29,2,0,2,-14.430680907877182,0.0,corrected_low_open,corrected_low_open,train
2024-10-30,2,0,2,-7.086222518321129,0.0,corrected_low_open,corrected_low_open,train
2024-10-31,2,0,2,-12.42,0.0,corrected_low_open,corrected_low_open,train
2024-11-01,2,0,2,-17.120934579439265,0.0,corrected_low_open,corrected_low_open,train
2024-11-04,2,0,2,9.693047827425703,0.0,corrected_low_open,corrected_low_open,train
2024-11-05,2,0,2,6.377139296100663,0.0,corrected_low_open,corrected_low_open,train
2024-11-06,2,0,2,25.367474580978055,0.0,corrected_low_open,corrected_low_open,train
2024-11-07,2,0,2,-0.8631314623338122,0.0,corrected_low_open,corrected_low_open,train
2024-11-08,2,0,2,3.021971383147846,0.0,corrected_low_open,corrected_low_open,train
2024-11-11,2,0,2,-4.2504377223152945,0.0,corrected_low_open,corrected_low_open,train
2024-11-12,2,0,1,-6.210000000000005,0.0,corrected_low_open,corrected_low_open,train
2024-11-13,2,0,2,-12.41999999999999,0.0,corrected_low_open,corrected_low_open,train
2024-11-14,2,0,2,8.498032786885233,0.0,corrected_low_open,corrected_low_open,train
2024-11-15,2,0,2,-12.42000000000001,0.0,corrected_low_open,corrected_low_open,train
2024-11-18,2,0,0,0.0,0.0,corrected_low_open,corrected_low_open,train
2024-11-19,2,0,1,2.296112469437638,0.0,corrected_low_open,corrected_low_open,train
2024-11-20,2,0,2,0.26908819133032313,0.0,corrected_low_open,corrected_low_open,train
2024-11-21,2,0,1,-6.210000000000005,0.0,corrected_low_open,corrected_low_open,train
2024-11-22,2,0,2,-12.42,0.0,corrected_low_open,corrected_low_open,train
2024-11-25,2,0,2,0.3269398499539431,0.0,corrected_low_open,corrected_low_open,train
2024-11-26,2,0,0,0.0,0.0,corrected_low_open,corrected_low_open,train
2024-11-27,2,0,2,5.195987460815042,0.0,corrected_low_open,corrected_low_open,train
2024-11-28,2,0,1,5.681472868217051,0.0,corrected_low_open,corrected_low_open,train
2024-11-29,2,0,2,0.10454181588372435,0.0,corrected_low_open,corrected_low_open,train
2024-12-02,2,0,2,9.040856140317931,0.0,corrected_low_open,corrected_low_open,train
2024-12-03,2,0,2,-11.530228180672268,0.0,corrected_low_open,corrected_low_open,train
2024-12-04,2,0,2,2.2037530585356495,0.0,corrected_low_open,corrected_low_open,train
2024-12-05,2,0,2,6.317506362846968,0.0,corrected_low_open,corrected_low_open,train
2024-12-06,2,0,2,-0.5844545911852035,0.0,corrected_low_open,corrected_low_open,train
2024-12-09,2,0,2,44.53779592111333,0.0,corrected_low_open,corrected_low_open,train
2024-12-10,2,0,0,0.0,0.0,corrected_low_open,corrected_low_open,train
2024-12-11,2,0,2,16.447838839729354,0.0,corrected_low_open,corrected_low_open,train
2024-12-12,2,0,2,-12.42000000000001,0.0,corrected_low_open,corrected_low_open,train
2024-12-13,2,0,2,6.328710390567436,0.0,corrected_low_open,corrected_low_open,train
2024-12-16,2,0,2,-12.42000000000001,0.0,corrected_low_open,corrected_low_open,train
2024-12-17,2,0,2,-17.012185592185595,0.0,corrected_low_open,corrected_low_open,train
2024-12-18,2,0,2,-12.420000000000021,0.0,corrected_low_open,corrected_low_open,train
2024-12-19,2,0,0,0.0,0.0,corrected_low_open,corrected_low_open,train
2024-12-20,2,0,2,-17.689276393831534,0.0,corrected_low_open,corrected_low_open,train
2024-12-23,2,0,2,-0.792655273030431,0.0,corrected_low_open,corrected_low_open,train
2024-12-24,2,0,2,1.9834616559591716,0.0,corrected_low_open,corrected_low_open,train
2024-12-25,2,0,1,4.882592592592582,0.0,corrected_low_open,corrected_low_open,train
2024-12-26,2,0,2,-4.207734528143383,0.0,corrected_low_open,corrected_low_open,train
2024-12-27,2,0,1,-6.210000000000005,0.0,corrected_low_open,corrected_low_open,train
2024-12-30,2,0,2,-12.42000000000001,0.0,corrected_low_open,corrected_low_open,train
2024-12-31,2,0,2,-12.42000000000001,0.0,corrected_low_open,corrected_low_open,train
2025-01-02,2,0,2,-32.41989598321864,0.0,corrected_low_open,corrected_low_open,train
2025-01-03,2,0,2,-22.541329491195285,0.0,corrected_low_open,corrected_low_open,train
2025-01-06,2,0,1,-0.6923151125401992,0.0,corrected_low_open,corrected_low_open,train
2025-01-07,2,0,0,0.0,0.0,corrected_low_open,corrected_low_open,train
2025-01-08,2,0,1,-6.672984723854282,0.0,corrected_low_open,corrected_low_open,train
2025-01-09,2,0,1,7.308796992481214,0.0,corrected_low_open,corrected_low_open,train
2025-01-10,2,0,0,0.0,0.0,corrected_low_open,corrected_low_open,train
2025-01-13,2,0,2,19.78114621122113,0.0,corrected_low_open,corrected_low_open,train
2025-01-14,2,0,1,19.701991199119902,0.0,corrected_low_open,corrected_low_open,train
2025-01-15,2,0,1,-0.635170068027203,0.0,corrected_low_open,corrected_low_open,train
2025-01-16,2,0,2,0.5210847533133038,0.0,corrected_low_open,corrected_low_open,train
2025-01-17,2,0,2,-3.0338722009830583,0.0,corrected_low_open,corrected_low_open,train
2025-01-20,2,0,2,-2.3700048823308135,0.0,corrected_low_open,corrected_low_open,train
2025-01-21,2,0,0,0.0,0.0,corrected_low_open,corrected_low_open,train
2025-01-22,2,0,2,-5.049428227548915,0.0,corrected_low_open,corrected_low_open,train
2025-01-23,2,0,0,0.0,0.0,corrected_low_open,corrected_low_open,train
2025-01-24,2,0,2,-0.0913668554343734,0.0,corrected_low_open,corrected_low_open,train
2025-01-27,2,0,2,-12.611369606003745,0.0,corrected_low_open,corrected_low_open,train
2025-02-05,2,0,1,4.322415375788856,0.0,corrected_low_open,corrected_low_open,train
2025-02-06,2,0,2,6.101526520281773,0.0,corrected_low_open,corrected_low_open,train
2025-02-07,2,0,0,0.0,0.0,corrected_low_open,corrected_low_open,train
2025-02-10,2,0,2,0.1978715399218216,0.0,corrected_low_open,corrected_low_open,train
2025-02-11,2,0,2,-7.711073968705552,0.0,corrected_low_open,corrected_low_open,train
2025-02-12,2,0,2,9.139705774949135,0.0,corrected_low_open,corrected_low_open,train
2025-02-13,2,0,2,-12.420000000000021,0.0,corrected_low_open,corrected_low_open,train
2025-02-14,2,0,2,-2.468244980499758,0.0,corrected_low_open,corrected_low_open,train
2025-02-17,2,0,0,0.0,0.0,corrected_low_open,corrected_low_open,train
2025-02-18,2,0,2,5.40116956690224,0.0,corrected_low_open,corrected_low_open,train
2025-02-19,2,0,2,4.219395166734161,0.0,corrected_low_open,corrected_low_open,train
2025-02-20,2,0,0,0.0,0.0,corrected_low_open,corrected_low_open,train
2025-02-21,2,0,2,2.3476508344030793,0.0,corrected_low_open,corrected_low_open,train
2025-02-24,2,0,2,-1.614805194805193,0.0,corrected_low_open,corrected_low_open,train
2025-02-25,2,0,2,-8.920000000000018,0.0,corrected_low_open,corrected_low_open,train
2025-02-26,2,0,1,-1.023008130081283,0.0,corrected_low_open,corrected_low_open,train
2025-02-27,2,0,1,-6.210000000000005,0.0,corrected_low_open,corrected_low_open,train
2025-02-28,2,0,2,-14.75333333333333,0.0,corrected_low_open,corrected_low_open,train
2025-03-03,2,0,2,-16.07554948544726,0.0,corrected_low_open,corrected_low_open,train
2025-03-04,2,0,0,0.0,0.0,corrected_low_open,corrected_low_open,train
2025-03-05,2,0,2,5.404432576769034,0.0,corrected_low_open,corrected_low_open,train
2025-03-06,2,0,2,3.0075449225083632,0.0,corrected_low_open,corrected_low_open,train
2025-03-07,2,0,2,-6.072777777777795,0.0,corrected_low_open,corrected_low_open,train
2025-03-10,2,0,2,-8.504320227380381,0.0,corrected_low_open,corrected_low_open,train
2025-03-11,2,0,2,6.3379816504324875,0.0,corrected_low_open,corrected_low_open,train
2025-03-12,2,0,0,0.0,0.0,corrected_low_open,corrected_low_open,train
2025-03-13,2,0,1,-9.591443298969084,0.0,corrected_low_open,corrected_low_open,train
2025-03-14,2,0,1,6.059592476489039,0.0,corrected_low_open,corrected_low_open,train
2025-03-17,2,0,0,0.0,0.0,corrected_low_open,corrected_low_open,train
2025-03-18,2,0,2,5.43383244206774,0.0,corrected_low_open,corrected_low_open,train
2025-03-19,2,0,1,18.23660194174754,0.0,corrected_low_open,corrected_low_open,train
2025-03-20,2,0,0,0.0,0.0,corrected_low_open,corrected_low_open,train
2025-03-21,2,0,1,-6.210000000000005,0.0,corrected_low_open,corrected_low_open,train
2025-03-24,2,0,2,-15.906862799073687,0.0,corrected_low_open,corrected_low_open,train
2025-03-25,2,0,1,-6.841989596879073,0.0,corrected_low_open,corrected_low_open,train
2025-03-26,2,0,1,-6.210000000000005,0.0,corrected_low_open,corrected_low_open,train
2025-03-27,2,0,2,-11.015995625428657,0.0,corrected_low_open,corrected_low_open,train
2025-03-28,2,0,2,-3.4463813493863427,0.0,corrected_low_open,corrected_low_open,train
2025-03-31,2,0,2,-5.212650918635166,0.0,corrected_low_open,corrected_low_open,train
2025-04-01,2,0,0,0.0,0.0,corrected_low_open,corrected_low_open,train
2025-04-02,2,0,0,0.0,0.0,corrected_low_open,corrected_low_open,train
2025-04-03,2,0,2,-12.067849659017918,0.0,corrected_low_open,corrected_low_open,train
2025-04-07,2,0,1,-10.183226238286482,0.0,corrected_low_open,corrected_low_open,train
2025-04-08,2,0,1,15.221164901664139,0.0,corrected_low_open,corrected_low_open,train
2025-04-09,2,0,0,0.0,0.0,corrected_low_open,corrected_low_open,train
2025-04-10,2,0,1,-1.3847430249632762,0.0,corrected_low_open,corrected_low_open,train
2025-04-11,2,0,1,1.9835483870967776,0.0,corrected_low_open,corrected_low_open,train
2025-04-14,2,0,2,-5.041621621621619,0.0,corrected_low_open,corrected_low_open,train
2025-04-15,2,0,2,2.1988790806129237,0.0,corrected_low_open,corrected_low_open,train
2025-04-16,2,0,2,-1.0874053177640581,0.0,corrected_low_open,corrected_low_open,train
2025-04-17,2,0,2,3.2601838334684756,0.0,corrected_low_open,corrected_low_open,train
2025-04-18,2,0,1,3.1192231812577234,0.0,corrected_low_open,corrected_low_open,train
2025-04-21,2,0,2,-2.8065546218487576,0.0,corrected_low_open,corrected_low_open,train
2025-04-22,2,0,1,2.939606299212593,0.0,corrected_low_open,corrected_low_open,train
2025-04-23,2,0,2,-9.950684479454964,0.0,corrected_low_open,corrected_low_open,train
2025-04-24,2,0,2,-12.971270713578857,0.0,corrected_low_open,corrected_low_open,train
2025-04-25,2,0,2,-2.952846715328474,0.0,corrected_low_open,corrected_low_open,train
2025-04-28,2,0,1,-6.210000000000005,0.0,corrected_low_open,corrected_low_open,train
2025-04-29,2,0,2,17.83239744586602,0.0,corrected_low_open,corrected_low_open,train
2025-04-30,2,0,1,5.909610570236422,0.0,corrected_low_open,corrected_low_open,train
2025-05-06,2,0,0,0.0,0.0,corrected_low_open,corrected_low_open,train
2025-05-07,2,0,0,0.0,0.0,corrected_low_open,corrected_low_open,train
2025-05-08,2,0,2,6.661024930747937,0.0,corrected_low_open,corrected_low_open,train
2025-05-09,2,0,1,-0.5835990037359804,0.0,corrected_low_open,corrected_low_open,train
2025-05-12,2,0,2,12.560009298000939,0.0,corrected_low_open,corrected_low_open,train
2025-05-13,2,0,1,-7.0899999999999865,0.0,corrected_low_open,corrected_low_open,train
2025-05-14,2,0,2,-5.651034284729786,0.0,corrected_low_open,corrected_low_open,train
2025-05-15,2,0,1,2.0755530474040764,0.0,corrected_low_open,corrected_low_open,train
2025-05-16,2,0,2,-4.583541807541449,0.0,corrected_low_open,corrected_low_open,train
2025-05-19,2,0,2,-2.217548343231936,0.0,corrected_low_open,corrected_low_open,train
2025-05-20,2,0,0,0.0,0.0,corrected_low_open,corrected_low_open,train
2025-05-21,2,0,2,2.9215583483902945,0.0,corrected_low_open,corrected_low_open,train
2025-05-22,2,0,2,1.8022222222222135,0.0,corrected_low_open,corrected_low_open,train
2025-05-23,2,0,2,-1.491593132962556,0.0,corrected_low_open,corrected_low_open,train
2025-05-26,2,0,2,1.506336740080159,0.0,corrected_low_open,corrected_low_open,train
2025-05-27,2,0,0,0.0,0.0,corrected_low_open,corrected_low_open,train
2025-05-28,2,0,2,17.436755451542716,0.0,corrected_low_open,corrected_low_open,train
2025-05-29,2,0,2,-7.222854594112417,0.0,corrected_low_open,corrected_low_open,train
2025-05-30,2,0,2,-3.2065707434052815,0.0,corrected_low_open,corrected_low_open,train
2025-06-03,2,0,2,0.05828348364200586,0.0,corrected_low_open,corrected_low_open,train
2025-06-04,2,0,0,0.0,0.0,corrected_low_open,corrected_low_open,train
2025-06-05,2,0,2,-9.304497031842365,0.0,corrected_low_open,corrected_low_open,train
2025-06-06,2,0,1,-2.7962068965517126,0.0,corrected_low_open,corrected_low_open,train
2025-06-09,2,0,1,5.413309416258304,0.0,corrected_low_open,corrected_low_open,train
2025-06-10,2,0,2,-9.506998312865903,0.0,corrected_low_open,corrected_low_open,train
2025-06-11,2,0,2,9.070554371266958,0.0,corrected_low_open,corrected_low_open,train
2025-06-12,2,0,2,-7.440408163265312,0.0,corrected_low_open,corrected_low_open,train
2025-06-13,2,0,2,-12.420000000000021,0.0,corrected_low_open,corrected_low_open,train
2025-06-16,2,0,2,-7.551071190951443,0.0,corrected_low_open,corrected_low_open,train
2025-06-17,2,0,2,-12.42,0.0,corrected_low_open,corrected_low_open,train
2025-06-18,2,0,2,-1.804615384615384,0.0,corrected_low_open,corrected_low_open,train
2025-06-19,2,0,2,1.307272727272733,0.0,corrected_low_open,corrected_low_open,train
2025-06-20,2,0,1,-6.210000000000016,0.0,corrected_low_open,corrected_low_open,train
2025-06-23,2,0,2,9.077314914060961,0.0,corrected_low_open,corrected_low_open,train
2025-06-24,2,0,2,3.95381436927603,0.0,corrected_low_open,corrected_low_open,train
2025-06-25,2,0,1,-1.4505237767057153,0.0,corrected_low_open,corrected_low_open,train
2024-01-02,2,0,1,-1.6616129032257962,0.0,corrected_low_open,full_shape,train
2024-01-03,2,0,2,3.1561882378964383,0.0,corrected_low_open,full_shape,train
2024-01-04,2,0,2,-3.777604227833244,-8.506963788300848,corrected_low_open,full_shape,train
2024-01-05,2,0,2,-16.88707934721439,0.0,corrected_low_open,full_shape,train
2024-01-08,2,0,2,-17.548749439179826,0.0,corrected_low_open,full_shape,train
2024-01-09,2,0,2,-12.420000000000021,0.0,corrected_low_open,full_shape,train
2024-01-10,2,0,2,0.9632382369966201,0.0,corrected_low_open,full_shape,train
2024-01-11,2,0,2,6.062773026229026,0.0,corrected_low_open,full_shape,train
2024-01-12,2,0,2,-12.42000000000001,0.0,corrected_low_open,full_shape,train
2024-01-15,2,0,2,-8.711237987563583,0.0,corrected_low_open,full_shape,train
2024-01-16,2,0,2,-7.548425577646446,0.0,corrected_low_open,full_shape,train
2024-01-17,2,0,2,-13.179906759906759,0.0,corrected_low_open,full_shape,train
2024-01-18,2,0,1,-21.27072252113759,6.209999999999994,corrected_low_open,full_shape,train
2024-01-19,2,0,2,-31.655454246313067,0.0,corrected_low_open,full_shape,train
2024-01-22,2,0,2,-22.214421637893214,0.0,corrected_low_open,full_shape,train
2024-01-23,2,0,2,-3.2587013251218178,0.0,corrected_low_open,full_shape,train
2024-01-24,2,0,1,5.854880112834992,0.0,corrected_low_open,full_shape,train
2024-01-25,2,0,1,-18.179661610268372,0.05520123839011504,corrected_low_open,full_shape,train
2024-01-26,2,0,1,-2.6246544546211457,0.0,corrected_low_open,full_shape,train
2024-01-29,2,0,2,-13.639512195121963,0.0,corrected_low_open,full_shape,train
2024-01-30,2,0,2,-12.420000000000021,0.0,corrected_low_open,full_shape,train
2024-01-31,2,0,1,-6.210000000000005,0.0,corrected_low_open,full_shape,train
2024-02-01,2,0,1,-6.210000000000016,22.86625000000001,corrected_low_open,full_shape,train
2024-02-02,2,0,2,-9.310093055304705,0.0,corrected_low_open,full_shape,train
2024-02-05,2,0,2,-31.502574048636227,0.0,corrected_low_open,full_shape,train
2024-02-06,2,0,2,17.573636198473903,-9.733556501625142,corrected_low_open,full_shape,train
2024-02-07,2,0,0,0.0,0.0,corrected_low_open,full_shape,train
2024-02-08,2,0,1,-0.1687968685620165,0.0,corrected_low_open,full_shape,train
2024-02-19,2,0,2,11.627466727594669,-24.83203909323328,corrected_low_open,full_shape,train
2024-02-20,2,0,2,13.091774546390429,-4.385964912280738,corrected_low_open,full_shape,train
2024-02-21,2,0,2,31.760938374062704,0.0,corrected_low_open,full_shape,train
2024-02-22,2,0,2,30.572985513497116,0.0,corrected_low_open,full_shape,train
2024-02-23,2,0,0,0.0,0.0,corrected_low_open,full_shape,train
2024-02-26,2,0,2,36.20150173866694,0.0,corrected_low_open,full_shape,train
2024-02-27,2,0,2,-15.993241061130362,0.0,corrected_low_open,full_shape,train
2024-02-28,2,0,2,-22.6256365423581,0.0,corrected_low_open,full_shape,train
2024-02-29,2,0,2,0.2616880343450183,0.0,corrected_low_open,full_shape,train
2024-03-01,2,0,0,0.0,0.0,corrected_low_open,full_shape,train
2024-03-04,2,0,1,-2.7779196129512638,0.0,corrected_low_open,full_shape,train
2024-03-05,2,0,2,-9.013965060878784,0.0,corrected_low_open,full_shape,train
2024-03-06,2,0,2,7.360025284450042,0.0,corrected_low_open,full_shape,train
2024-03-07,2,0,0,0.0,0.0,corrected_low_open,full_shape,train
2024-03-08,2,0,2,0.5892949192711976,0.0,corrected_low_open,full_shape,train
2024-03-11,2,0,2,-0.013073593073599898,0.0,corrected_low_open,full_shape,train
2024-03-12,2,0,2,11.259711017459349,7.645358175393513,corrected_low_open,full_shape,train
2024-03-13,2,0,2,11.575812675613115,4.864327295224057,corrected_low_open,full_shape,train
2024-03-14,2,0,2,6.3512097667919525,0.0,corrected_low_open,full_shape,train
2024-03-15,2,0,1,1.029669421487588,-2.247002457002444,corrected_low_open,full_shape,train
2024-03-18,2,0,2,-1.22329218106997,0.0,corrected_low_open,full_shape,train
2024-03-19,2,0,1,3.382375366568912,5.654887118193886,corrected_low_open,full_shape,train
2024-03-20,2,0,2,-5.494199966838,0.0,corrected_low_open,full_shape,train
2024-03-21,2,0,2,3.920984587288843,1.3619011261691183,corrected_low_open,full_shape,train
2024-03-22,2,0,2,1.9537632325468772,0.0,corrected_low_open,full_shape,train
2024-03-25,2,0,2,-14.807622149837144,0.0,corrected_low_open,full_shape,train
2024-03-26,2,0,2,-14.55953488372096,0.0,corrected_low_open,full_shape,train
2024-03-27,2,0,2,-13.889040482671202,0.0,corrected_low_open,full_shape,train
2024-03-28,2,0,2,15.680125734268465,-1.3555269048505458,corrected_low_open,full_shape,train
2024-03-29,2,0,2,-6.753333333333336,0.0,corrected_low_open,full_shape,train
2024-04-01,2,0,2,-9.442670025188917,0.0,corrected_low_open,full_shape,train
2024-04-02,2,0,2,-7.397873977873982,0.0,corrected_low_open,full_shape,train
2024-04-03,2,0,2,-13.781376673040171,0.0,corrected_low_open,full_shape,train
2024-04-08,2,0,2,-6.88511627906976,0.0,corrected_low_open,full_shape,train
2024-04-09,2,0,2,-4.981695685087064,0.0,corrected_low_open,full_shape,train
2024-04-10,2,0,2,-12.42000000000001,0.0,corrected_low_open,full_shape,train
2024-04-11,2,0,2,-12.42000000000001,0.0,corrected_low_open,full_shape,train
2024-04-12,2,0,1,-18.862849740932653,0.0,corrected_low_open,full_shape,train
2024-04-15,2,0,2,-15.802385086507357,0.0,corrected_low_open,full_shape,train
2024-04-16,2,0,2,11.71628183831673,0.0,corrected_low_open,full_shape,train
2024-04-17,2,0,1,2.541119641714639,0.0,corrected_low_open,full_shape,train
2024-04-18,2,0,1,-6.210000000000005,0.0,corrected_low_open,full_shape,train
2024-04-19,2,0,2,11.769405864479985,0.0,corrected_low_open,full_shape,train
2024-04-22,2,0,2,6.450707264897234,0.0,corrected_low_open,full_shape,train
2024-04-23,2,0,2,6.494786907539816,0.0,corrected_low_open,full_shape,train
2024-04-24,2,0,2,8.55862765443922,0.0,corrected_low_open,full_shape,train
2024-04-25,2,0,2,-4.545618443770585,0.0,corrected_low_open,full_shape,train
2024-04-26,2,0,2,28.133385416666652,0.0,corrected_low_open,full_shape,train
2024-04-29,2,0,2,19.967398893146026,0.0,corrected_low_open,full_shape,train
2024-04-30,2,0,2,9.82872836901034,11.57140103358698,corrected_low_open,full_shape,train
2024-05-06,2,0,2,-2.6903071420670406,-6.988024859784758,corrected_low_open,full_shape,train
2024-05-07,2,0,1,-1.4280267965895441,3.546864406779649,corrected_low_open,full_shape,train
2024-05-08,2,0,2,-2.0811570247933915,10.338842975206608,corrected_low_open,full_shape,train
2024-05-09,2,0,1,-6.210000000000005,0.0,corrected_low_open,full_shape,train
2024-05-10,2,0,0,0.0,0.0,corrected_low_open,full_shape,train
2024-05-13,2,0,2,-2.2684848484848548,0.0,corrected_low_open,full_shape,train
2024-05-14,2,0,0,0.0,0.0,corrected_low_open,full_shape,train
2024-05-15,2,0,0,0.0,0.515110602593428,corrected_low_open,full_shape,train
2024-05-16,2,0,2,-2.2151884218162072,0.0,corrected_low_open,full_shape,train
2024-05-17,2,0,2,10.512847685948042,0.0,corrected_low_open,full_shape,train
2024-05-20,2,0,0,0.0,0.0,corrected_low_open,full_shape,train
2024-05-21,2,0,2,-6.903481063658358,1.4946077981797483,corrected_low_open,full_shape,train
2024-05-22,2,0,2,15.668047966651653,0.0,corrected_low_open,full_shape,train
2024-05-23,2,0,0,0.0,0.0,corrected_low_open,full_shape,train
2024-05-24,2,0,0,0.0,16.349240506329124,corrected_low_open,full_shape,train
2024-05-27,2,0,1,-2.4877822695097427,0.0,corrected_low_open,full_shape,train
2024-05-28,2,0,2,-13.279350395149327,0.0,corrected_low_open,full_shape,train
2024-05-29,2,0,2,-8.443608768971336,0.0,corrected_low_open,full_shape,train
2024-05-30,2,0,0,0.0,0.0,corrected_low_open,full_shape,train
2024-05-31,2,0,0,0.0,0.0,corrected_low_open,full_shape,train
2024-06-03,2,0,1,-9.227341040462434,0.0,corrected_low_open,full_shape,train
2024-06-04,2,0,1,-7.452339832869082,0.0,corrected_low_open,full_shape,train
2024-06-05,2,0,0,0.0,0.0,corrected_low_open,full_shape,train
2024-06-06,2,0,2,-16.447100271002725,0.9877242681775158,corrected_low_open,full_shape,train
2024-06-07,2,0,2,-12.42,0.0,corrected_low_open,full_shape,train
2024-06-11,2,0,1,7.722263814616758,0.0,corrected_low_open,full_shape,train
2024-06-12,2,0,0,0.0,-8.244810495626819,corrected_low_open,full_shape,train
2024-06-13,2,0,0,0.0,0.0,corrected_low_open,full_shape,train
2024-06-14,2,0,2,15.011351484682576,0.0,corrected_low_open,full_shape,train
2024-06-17,2,0,2,2.645703766638339,0.0,corrected_low_open,full_shape,train
2024-06-18,2,0,1,-6.387105831533469,6.210000000000005,corrected_low_open,full_shape,train
2024-06-19,2,0,2,-12.42000000000001,0.0,corrected_low_open,full_shape,train
2024-06-20,2,0,2,-9.804841795437826,0.0,corrected_low_open,full_shape,train
2024-06-21,2,0,2,-12.42000000000001,0.0,corrected_low_open,full_shape,train
2024-06-24,2,0,1,-6.210000000000005,0.0,corrected_low_open,full_shape,train
2024-06-25,2,0,1,-6.210000000000005,0.0,corrected_low_open,full_shape,train
2024-06-26,2,0,2,-1.130949217913026,0.0,corrected_low_open,full_shape,train
2024-06-27,2,0,2,2.0082352941176866,3.9150988142292564,corrected_low_open,full_shape,train
2024-06-28,2,0,2,-8.746411526245414,0.0,corrected_low_open,full_shape,train
2024-07-01,2,0,0,0.0,0.0,corrected_low_open,full_shape,train
2024-07-02,2,0,1,4.367908441831169,0.0,corrected_low_open,full_shape,train
2024-07-03,2,0,1,-6.210000000000005,0.0,corrected_low_open,full_shape,train
2024-07-04,2,0,2,-14.147975270479131,0.0,corrected_low_open,full_shape,train
2024-07-05,2,0,2,11.003442449841582,0.0,corrected_low_open,full_shape,train
2024-07-08,2,0,1,-6.210000000000016,0.0,corrected_low_open,full_shape,train
2024-07-09,2,0,2,-3.362425409672511,0.0,corrected_low_open,full_shape,train
2024-07-10,2,0,0,0.0,0.0,corrected_low_open,full_shape,train
2024-07-11,2,0,2,27.0206022112444,0.0,corrected_low_open,full_shape,train
2024-07-12,2,0,0,0.0,-0.6535736236192955,corrected_low_open,full_shape,train
2024-07-15,2,0,2,-4.484516129032247,0.0,corrected_low_open,full_shape,train
2024-07-16,2,0,0,0.0,8.800677227294265,corrected_low_open,full_shape,train
2024-07-17,2,0,1,-2.0192105263157965,0.0,corrected_low_open,full_shape,train
2024-07-18,2,0,1,-4.624003044140036,0.0,corrected_low_open,full_shape,train
2024-07-19,2,0,2,-14.420000000000012,0.0,corrected_low_open,full_shape,train
2024-07-22,2,0,0,0.0,0.0,corrected_low_open,full_shape,train
2024-07-23,2,0,2,4.797158176943704,0.0,corrected_low_open,full_shape,train
2024-07-24,2,0,2,7.615982525529539,0.0,corrected_low_open,full_shape,train
2024-07-25,2,0,1,-1.610560224089642,-4.431350210970452,corrected_low_open,full_shape,train
2024-07-26,2,0,1,2.505231788079464,0.0,corrected_low_open,full_shape,train
2024-07-29,2,0,1,1.0104424103737566,0.0,corrected_low_open,full_shape,train
2024-07-30,2,0,2,9.712591913332755,-1.4719402504099097,corrected_low_open,full_shape,train
2024-07-31,2,0,1,-6.210000000000005,0.0,corrected_low_open,full_shape,train
2024-08-01,2,0,2,-9.470288540807926,0.0,corrected_low_open,full_shape,train
2024-08-02,2,0,2,0.06814629421274354,0.0,corrected_low_open,full_shape,train
2024-08-05,2,0,2,-3.137557251908409,0.0,corrected_low_open,full_shape,train
2024-08-06,2,0,1,-6.210000000000005,4.45415832141154,corrected_low_open,full_shape,train
2024-08-07,2,0,1,15.618877005347606,0.0,corrected_low_open,full_shape,train
2024-08-08,2,0,2,-4.7555889857852325,0.0,corrected_low_open,full_shape,train
2024-08-09,2,0,2,-2.8518300507311096,0.0,corrected_low_open,full_shape,train
2024-08-12,2,0,1,-6.210000000000005,0.0,corrected_low_open,full_shape,train
2024-08-13,2,0,2,3.463905027995649,0.0,corrected_low_open,full_shape,train
2024-08-14,2,0,2,-5.402986997205019,0.0,corrected_low_open,full_shape,train
2024-08-15,2,0,2,-2.344111486293134,-6.303867796851614,corrected_low_open,full_shape,train
2024-08-16,2,0,0,0.0,0.0,corrected_low_open,full_shape,train
2024-08-19,2,0,1,-5.765555555555546,0.0,corrected_low_open,full_shape,train
2024-08-20,2,0,1,8.074409654272683,0.0,corrected_low_open,full_shape,train
2024-08-21,2,0,2,1.1710931174089039,0.0,corrected_low_open,full_shape,train
2024-08-22,2,0,0,0.0,0.0,corrected_low_open,full_shape,train
2024-08-23,2,0,2,-6.823426392327628,0.0,corrected_low_open,full_shape,train
2024-08-26,2,0,1,-6.210000000000005,2.0820748829953333,corrected_low_open,full_shape,train
2024-08-27,2,0,1,5.990527704485492,0.0,corrected_low_open,full_shape,train
2024-08-28,2,0,0,0.0,10.534729392173194,corrected_low_open,full_shape,train
2024-08-29,2,0,1,-0.33722646310433513,0.0,corrected_low_open,full_shape,train
2024-08-30,2,0,1,-4.250404040404033,0.0,corrected_low_open,full_shape,train
2024-09-02,2,0,1,-6.210000000000005,0.0,corrected_low_open,full_shape,train
2024-09-03,2,0,2,-12.056363636363633,0.0,corrected_low_open,full_shape,train
2024-09-04,2,0,1,-6.210000000000016,-7.253074256645752,corrected_low_open,full_shape,train
2024-09-05,2,0,1,-6.209999999999995,1.0979023307436178,corrected_low_open,full_shape,train
2024-09-06,2,0,2,-15.584251207729462,0.0,corrected_low_open,full_shape,train
2024-09-09,2,0,2,-2.910499534369017,0.0,corrected_low_open,full_shape,train
2024-09-10,2,0,0,0.0,0.0,corrected_low_open,full_shape,train
2024-09-11,2,0,2,1.0837147102525906,0.0,corrected_low_open,full_shape,train
2024-09-12,2,0,1,1.5918018018018056,0.0,corrected_low_open,full_shape,train
2024-09-13,2,0,1,-6.210000000000016,0.0,corrected_low_open,full_shape,train
2024-09-18,2,0,2,11.552378760219105,0.0,corrected_low_open,full_shape,train
2024-09-19,2,0,1,14.002678936605315,0.0,corrected_low_open,full_shape,train
2024-09-20,2,0,0,0.0,0.0,corrected_low_open,full_shape,train
2024-09-23,2,0,1,8.381549295774636,10.866955529806322,corrected_low_open,full_shape,train
2024-09-24,2,0,1,8.084930875576022,-10.801638316920338,corrected_low_open,full_shape,train
2024-09-25,2,0,1,18.97194640338504,-22.225897435897423,corrected_low_open,full_shape,train
2024-09-26,2,0,2,43.743471124806405,0.0,corrected_low_open,full_shape,train
2024-09-27,2,0,1,0.3115123859191762,0.0,corrected_low_open,full_shape,train
2024-09-30,2,0,0,0.0,0.0,corrected_low_open,full_shape,train
2024-10-08,2,0,0,0.0,32.2684021819415,corrected_low_open,full_shape,train
2024-10-09,2,0,2,-12.561732283464568,0.0,corrected_low_open,full_shape,train
2024-10-10,2,0,0,0.0,0.0,corrected_low_open,full_shape,train
2024-10-11,2,0,0,0.0,0.0,corrected_low_open,full_shape,train
2024-10-14,2,0,2,4.972642257509039,0.0,corrected_low_open,full_shape,train
2024-10-15,2,0,0,0.0,-1.178888888888884,corrected_low_open,full_shape,train
2024-10-16,2,0,1,-0.906864111498241,0.0,corrected_low_open,full_shape,train
2024-10-17,2,0,0,0.0,0.0,corrected_low_open,full_shape,train
2024-10-18,2,0,1,18.389033816425137,0.0,corrected_low_open,full_shape,train
2024-10-21,2,0,0,0.0,0.0,corrected_low_open,full_shape,train
2024-10-22,2,0,2,10.300795360397695,0.0,corrected_low_open,full_shape,train
2024-10-23,2,0,2,12.592931895346492,0.0,corrected_low_open,full_shape,train
2024-10-24,2,0,2,1.7764218854286788,0.0,corrected_low_open,full_shape,train
2024-10-25,2,0,1,-1.48388535031846,0.0,corrected_low_open,full_shape,train
2024-10-28,2,0,2,-4.800184591595104,-5.7098210923800075,corrected_low_open,full_shape,train
2024-10-29,2,0,2,-14.430680907877182,-1.0662364634327233,corrected_low_open,full_shape,train
2024-10-30,2,0,2,-7.086222518321129,0.0,corrected_low_open,full_shape,train
2024-10-31,2,0,2,-12.42,0.0,corrected_low_open,full_shape,train
2024-11-01,2,0,2,-17.120934579439265,0.0,corrected_low_open,full_shape,train
2024-11-04,2,0,2,9.693047827425703,0.0,corrected_low_open,full_shape,train
2024-11-05,2,0,2,6.377139296100663,0.0,corrected_low_open,full_shape,train
2024-11-06,2,0,2,25.367474580978055,22.621914878982796,corrected_low_open,full_shape,train
2024-11-07,2,0,2,-0.8631314623338122,0.0,corrected_low_open,full_shape,train
2024-11-08,2,0,2,3.021971383147846,5.324324324324314,corrected_low_open,full_shape,train
2024-11-11,2,0,2,-4.2504377223152945,0.0,corrected_low_open,full_shape,train
2024-11-12,2,0,1,-6.210000000000005,0.0,corrected_low_open,full_shape,train
2024-11-13,2,0,2,-12.41999999999999,0.0,corrected_low_open,full_shape,train
2024-11-14,2,0,2,8.498032786885233,0.0,corrected_low_open,full_shape,train
2024-11-15,2,0,2,-12.42000000000001,0.0,corrected_low_open,full_shape,train
2024-11-18,2,0,0,0.0,0.0,corrected_low_open,full_shape,train
2024-11-19,2,0,1,2.296112469437638,-11.109648093841649,corrected_low_open,full_shape,train
2024-11-20,2,0,2,0.26908819133032313,0.0,corrected_low_open,full_shape,train
2024-11-21,2,0,1,-6.210000000000005,-5.300440835266839,corrected_low_open,full_shape,train
2024-11-22,2,0,2,-12.42,0.0,corrected_low_open,full_shape,train
2024-11-25,2,0,2,0.3269398499539431,-0.8617558022199656,corrected_low_open,full_shape,train
2024-11-26,2,0,0,0.0,0.0,corrected_low_open,full_shape,train
2024-11-27,2,0,2,5.195987460815042,0.0,corrected_low_open,full_shape,train
2024-11-28,2,0,1,5.681472868217051,1.2750887573964595,corrected_low_open,full_shape,train
2024-11-29,2,0,2,0.10454181588372435,0.0,corrected_low_open,full_shape,train
2024-12-02,2,0,2,9.040856140317931,0.0,corrected_low_open,full_shape,train
2024-12-03,2,0,2,-11.530228180672268,0.0,corrected_low_open,full_shape,train
2024-12-04,2,0,2,2.2037530585356495,0.0,corrected_low_open,full_shape,train
2024-12-05,2,0,2,6.317506362846968,0.0,corrected_low_open,full_shape,train
2024-12-06,2,0,2,-0.5844545911852035,0.0,corrected_low_open,full_shape,train
2024-12-09,2,0,2,44.53779592111333,0.0,corrected_low_open,full_shape,train
2024-12-10,2,0,0,0.0,-2.2434809740557653,corrected_low_open,full_shape,train
2024-12-11,2,0,2,16.447838839729354,0.0,corrected_low_open,full_shape,train
2024-12-12,2,0,2,-12.42000000000001,0.0,corrected_low_open,full_shape,train
2024-12-13,2,0,2,6.328710390567436,0.0,corrected_low_open,full_shape,train
2024-12-16,2,0,2,-12.42000000000001,-18.573673870334016,corrected_low_open,full_shape,train
2024-12-17,2,0,2,-17.012185592185595,0.0,corrected_low_open,full_shape,train
2024-12-18,2,0,2,-12.420000000000021,5.090742438130148,corrected_low_open,full_shape,train
2024-12-19,2,0,0,0.0,0.0,corrected_low_open,full_shape,train
2024-12-20,2,0,2,-17.689276393831534,0.0,corrected_low_open,full_shape,train
2024-12-23,2,0,2,-0.792655273030431,0.0,corrected_low_open,full_shape,train
2024-12-24,2,0,2,1.9834616559591716,-3.2206894288308474,corrected_low_open,full_shape,train
2024-12-25,2,0,1,4.882592592592582,-19.319719137818424,corrected_low_open,full_shape,train
2024-12-26,2,0,2,-4.207734528143383,0.0,corrected_low_open,full_shape,train
2024-12-27,2,0,1,-6.210000000000005,0.0,corrected_low_open,full_shape,train
2024-12-30,2,0,2,-12.42000000000001,0.0,corrected_low_open,full_shape,train
2024-12-31,2,0,2,-12.42000000000001,0.0,corrected_low_open,full_shape,train
2025-01-02,2,0,2,-32.41989598321864,0.0,corrected_low_open,full_shape,train
2025-01-03,2,0,2,-22.541329491195285,0.0,corrected_low_open,full_shape,train
2025-01-06,2,0,1,-0.6923151125401992,0.0,corrected_low_open,full_shape,train
2025-01-07,2,0,0,0.0,0.0,corrected_low_open,full_shape,train
2025-01-08,2,0,1,-6.672984723854282,0.0,corrected_low_open,full_shape,train
2025-01-09,2,0,1,7.308796992481214,6.210000000000016,corrected_low_open,full_shape,train
2025-01-10,2,0,0,0.0,0.0,corrected_low_open,full_shape,train
2025-01-13,2,0,2,19.78114621122113,0.0,corrected_low_open,full_shape,train
2025-01-14,2,0,1,19.701991199119902,-5.412009569377993,corrected_low_open,full_shape,train
2025-01-15,2,0,1,-0.635170068027203,0.0,corrected_low_open,full_shape,train
2025-01-16,2,0,2,0.5210847533133038,5.315068493150699,corrected_low_open,full_shape,train
2025-01-17,2,0,2,-3.0338722009830583,0.0,corrected_low_open,full_shape,train
2025-01-20,2,0,2,-2.3700048823308135,0.0,corrected_low_open,full_shape,train
2025-01-21,2,0,0,0.0,6.210000000000005,corrected_low_open,full_shape,train
2025-01-22,2,0,2,-5.049428227548915,0.0,corrected_low_open,full_shape,train
2025-01-23,2,0,0,0.0,6.210000000000016,corrected_low_open,full_shape,train
2025-01-24,2,0,2,-0.0913668554343734,0.0,corrected_low_open,full_shape,train
2025-01-27,2,0,2,-12.611369606003745,-9.003869606003747,corrected_low_open,full_shape,train
2025-02-05,2,0,1,4.322415375788856,0.0,corrected_low_open,full_shape,train
2025-02-06,2,0,2,6.101526520281773,-0.3594199216524263,corrected_low_open,full_shape,train
2025-02-07,2,0,0,0.0,1.6034426229508356,corrected_low_open,full_shape,train
2025-02-10,2,0,2,0.1978715399218216,-13.719676376549039,corrected_low_open,full_shape,train
2025-02-11,2,0,2,-7.711073968705552,-3.9255617977527963,corrected_low_open,full_shape,train
2025-02-12,2,0,2,9.139705774949135,0.0,corrected_low_open,full_shape,train
2025-02-13,2,0,2,-12.420000000000021,0.965174129353219,corrected_low_open,full_shape,train
2025-02-14,2,0,2,-2.468244980499758,0.4944324678380463,corrected_low_open,full_shape,train
2025-02-17,2,0,0,0.0,0.0,corrected_low_open,full_shape,train
2025-02-18,2,0,2,5.40116956690224,-4.79310634250063,corrected_low_open,full_shape,train
2025-02-19,2,0,2,4.219395166734161,-24.37864851797619,corrected_low_open,full_shape,train
2025-02-20,2,0,0,0.0,0.0,corrected_low_open,full_shape,train
2025-02-21,2,0,2,2.3476508344030793,0.0,corrected_low_open,full_shape,train
2025-02-24,2,0,2,-1.614805194805193,0.0,corrected_low_open,full_shape,train
2025-02-25,2,0,2,-8.920000000000018,-8.613480055020661,corrected_low_open,full_shape,train
2025-02-26,2,0,1,-1.023008130081283,6.209999999999994,corrected_low_open,full_shape,train
2025-02-27,2,0,1,-6.210000000000005,2.152403622675325,corrected_low_open,full_shape,train
2025-02-28,2,0,2,-14.75333333333333,0.0,corrected_low_open,full_shape,train
2025-03-03,2,0,2,-16.07554948544726,0.0,corrected_low_open,full_shape,train
2025-03-04,2,0,0,0.0,0.0,corrected_low_open,full_shape,train
2025-03-05,2,0,2,5.404432576769034,0.0,corrected_low_open,full_shape,train
2025-03-06,2,0,2,3.0075449225083632,0.0,corrected_low_open,full_shape,train
2025-03-07,2,0,2,-6.072777777777795,0.0,corrected_low_open,full_shape,train
2025-03-10,2,0,2,-8.504320227380381,-12.549707602339177,corrected_low_open,full_shape,train
2025-03-11,2,0,2,6.3379816504324875,0.0,corrected_low_open,full_shape,train
2025-03-12,2,0,0,0.0,6.210000000000005,corrected_low_open,full_shape,train
2025-03-13,2,0,1,-9.591443298969084,0.0,corrected_low_open,full_shape,train
2025-03-14,2,0,1,6.059592476489039,-5.465057208237978,corrected_low_open,full_shape,train
2025-03-17,2,0,0,0.0,0.0,corrected_low_open,full_shape,train
2025-03-18,2,0,2,5.43383244206774,0.0,corrected_low_open,full_shape,train
2025-03-19,2,0,1,18.23660194174754,0.0,corrected_low_open,full_shape,train
2025-03-20,2,0,0,0.0,12.42,corrected_low_open,full_shape,train
2025-03-21,2,0,1,-6.210000000000005,0.0,corrected_low_open,full_shape,train
2025-03-24,2,0,2,-15.906862799073687,0.0,corrected_low_open,full_shape,train
2025-03-25,2,0,1,-6.841989596879073,8.665114822546983,corrected_low_open,full_shape,train
2025-03-26,2,0,1,-6.210000000000005,3.1054802259887113,corrected_low_open,full_shape,train
2025-03-27,2,0,2,-11.015995625428657,0.0,corrected_low_open,full_shape,train
2025-03-28,2,0,2,-3.4463813493863427,0.0,corrected_low_open,full_shape,train
2025-03-31,2,0,2,-5.212650918635166,0.0,corrected_low_open,full_shape,train
2025-04-01,2,0,0,0.0,24.70612403100775,corrected_low_open,full_shape,train
2025-04-02,2,0,0,0.0,0.0,corrected_low_open,full_shape,train
2025-04-03,2,0,2,-12.067849659017918,0.0,corrected_low_open,full_shape,train
2025-04-07,2,0,1,-10.183226238286482,0.0,corrected_low_open,full_shape,train
2025-04-08,2,0,1,15.221164901664139,0.0,corrected_low_open,full_shape,train
2025-04-09,2,0,0,0.0,0.0,corrected_low_open,full_shape,train
2025-04-10,2,0,1,-1.3847430249632762,0.0,corrected_low_open,full_shape,train
2025-04-11,2,0,1,1.9835483870967776,2.3016334661354563,corrected_low_open,full_shape,train
2025-04-14,2,0,2,-5.041621621621619,-5.866246633858874,corrected_low_open,full_shape,train
2025-04-15,2,0,2,2.1988790806129237,0.0,corrected_low_open,full_shape,train
2025-04-16,2,0,2,-1.0874053177640581,6.790513833992073,corrected_low_open,full_shape,train
2025-04-17,2,0,2,3.2601838334684756,0.0,corrected_low_open,full_shape,train
2025-04-18,2,0,1,3.1192231812577234,0.0,corrected_low_open,full_shape,train
2025-04-21,2,0,2,-2.8065546218487576,-6.000000000000005,corrected_low_open,full_shape,train
2025-04-22,2,0,1,2.939606299212593,0.0,corrected_low_open,full_shape,train
2025-04-23,2,0,2,-9.950684479454964,0.0,corrected_low_open,full_shape,train
2025-04-24,2,0,2,-12.971270713578857,0.0,corrected_low_open,full_shape,train
2025-04-25,2,0,2,-2.952846715328474,-24.111227671785905,corrected_low_open,full_shape,train
2025-04-28,2,0,1,-6.210000000000005,10.247174721189591,corrected_low_open,full_shape,train
2025-04-29,2,0,2,17.83239744586602,0.0,corrected_low_open,full_shape,train
2025-04-30,2,0,1,5.909610570236422,-4.37502611723739,corrected_low_open,full_shape,train
2025-05-06,2,0,0,0.0,-6.84394190871369,corrected_low_open,full_shape,train
2025-05-07,2,0,0,0.0,-2.616086956521756,corrected_low_open,full_shape,train
2025-05-08,2,0,2,6.661024930747937,6.9356961627649145,corrected_low_open,full_shape,train
2025-05-09,2,0,1,-0.5835990037359804,-11.106239316239328,corrected_low_open,full_shape,train
2025-05-12,2,0,2,12.560009298000939,14.988098757910517,corrected_low_open,full_shape,train
2025-05-13,2,0,1,-7.0899999999999865,-1.8372440944881987,corrected_low_open,full_shape,train
2025-05-14,2,0,2,-5.651034284729786,0.0,corrected_low_open,full_shape,train
2025-05-15,2,0,1,2.0755530474040764,0.0,corrected_low_open,full_shape,train
2025-05-16,2,0,2,-4.583541807541449,0.0,corrected_low_open,full_shape,train
2025-05-19,2,0,2,-2.217548343231936,0.0,corrected_low_open,full_shape,train
2025-05-20,2,0,0,0.0,7.9533628318584135,corrected_low_open,full_shape,train
2025-05-21,2,0,2,2.9215583483902945,0.0,corrected_low_open,full_shape,train
2025-05-22,2,0,2,1.8022222222222135,0.0,corrected_low_open,full_shape,train
2025-05-23,2,0,2,-1.491593132962556,0.0,corrected_low_open,full_shape,train
2025-05-26,2,0,2,1.506336740080159,0.0,corrected_low_open,full_shape,train
2025-05-27,2,0,0,0.0,0.0,corrected_low_open,full_shape,train
2025-05-28,2,0,2,17.436755451542716,0.0,corrected_low_open,full_shape,train
2025-05-29,2,0,2,-7.222854594112417,0.0,corrected_low_open,full_shape,train
2025-05-30,2,0,2,-3.2065707434052815,0.0,corrected_low_open,full_shape,train
2025-06-03,2,0,2,0.05828348364200586,0.0,corrected_low_open,full_shape,train
2025-06-04,2,0,0,0.0,0.0,corrected_low_open,full_shape,train
2025-06-05,2,0,2,-9.304497031842365,-7.502069347183083,corrected_low_open,full_shape,train
2025-06-06,2,0,1,-2.7962068965517126,5.105104895104907,corrected_low_open,full_shape,train
2025-06-09,2,0,1,5.413309416258304,11.27422099632406,corrected_low_open,full_shape,train
2025-06-10,2,0,2,-9.506998312865903,0.0,corrected_low_open,full_shape,train
2025-06-11,2,0,2,9.070554371266958,0.0,corrected_low_open,full_shape,train
2025-06-12,2,0,2,-7.440408163265312,0.0,corrected_low_open,full_shape,train
2025-06-13,2,0,2,-12.420000000000021,0.0,corrected_low_open,full_shape,train
2025-06-16,2,0,2,-7.551071190951443,0.0,corrected_low_open,full_shape,train
2025-06-17,2,0,2,-12.42,0.0,corrected_low_open,full_shape,train
2025-06-18,2,0,2,-1.804615384615384,0.0,corrected_low_open,full_shape,train
2025-06-19,2,0,2,1.307272727272733,0.0,corrected_low_open,full_shape,train
2025-06-20,2,0,1,-6.210000000000016,0.0,corrected_low_open,full_shape,train
2025-06-23,2,0,2,9.077314914060961,0.0,corrected_low_open,full_shape,train
2025-06-24,2,0,2,3.95381436927603,0.0,corrected_low_open,full_shape,train
2025-06-25,2,0,1,-1.4505237767057153,-26.178888888888885,corrected_low_open,full_shape,train
2024-01-02,2,0,1,-1.6616129032257962,0.0,full_shape,corrected_low_open,train
2024-01-03,2,0,2,3.1561882378964383,0.0,full_shape,corrected_low_open,train
2024-01-04,2,0,2,4.7293595604676035,8.506963788300848,full_shape,corrected_low_open,train
2024-01-05,2,0,2,-16.88707934721439,0.0,full_shape,corrected_low_open,train
2024-01-08,2,0,2,-17.548749439179826,0.0,full_shape,corrected_low_open,train
2024-01-09,2,0,2,-12.420000000000021,0.0,full_shape,corrected_low_open,train
2024-01-10,2,0,2,0.9632382369966201,0.0,full_shape,corrected_low_open,train
2024-01-11,2,0,2,6.062773026229026,0.0,full_shape,corrected_low_open,train
2024-01-12,2,0,2,-12.42000000000001,0.0,full_shape,corrected_low_open,train
2024-01-15,2,0,2,-8.711237987563583,0.0,full_shape,corrected_low_open,train
2024-01-16,2,0,2,-7.548425577646446,0.0,full_shape,corrected_low_open,train
2024-01-17,2,0,2,-13.179906759906759,0.0,full_shape,corrected_low_open,train
2024-01-18,2,0,2,-27.480722521137583,-6.209999999999994,full_shape,corrected_low_open,train
2024-01-19,2,0,2,-31.655454246313067,0.0,full_shape,corrected_low_open,train
2024-01-22,2,0,2,-22.214421637893214,0.0,full_shape,corrected_low_open,train
2024-01-23,2,0,2,-3.2587013251218178,0.0,full_shape,corrected_low_open,train
2024-01-24,2,0,1,5.854880112834992,0.0,full_shape,corrected_low_open,train
2024-01-25,2,0,2,-18.234862848658487,-0.05520123839011504,full_shape,corrected_low_open,train
2024-01-26,2,0,1,-2.6246544546211457,0.0,full_shape,corrected_low_open,train
2024-01-29,2,0,2,-13.639512195121963,0.0,full_shape,corrected_low_open,train
2024-01-30,2,0,2,-12.420000000000021,0.0,full_shape,corrected_low_open,train
2024-01-31,2,0,1,-6.210000000000005,0.0,full_shape,corrected_low_open,train
2024-02-01,2,0,2,-29.076250000000027,-22.86625000000001,full_shape,corrected_low_open,train
2024-02-02,2,0,2,-9.310093055304705,0.0,full_shape,corrected_low_open,train
2024-02-05,2,0,2,-31.502574048636227,0.0,full_shape,corrected_low_open,train
2024-02-06,2,0,2,27.307192700099044,9.733556501625142,full_shape,corrected_low_open,train
2024-02-07,2,0,0,0.0,0.0,full_shape,corrected_low_open,train
2024-02-08,2,0,1,-0.1687968685620165,0.0,full_shape,corrected_low_open,train
2024-02-19,2,0,2,36.45950582082795,24.83203909323328,full_shape,corrected_low_open,train
2024-02-20,2,0,2,17.477739458671167,4.385964912280738,full_shape,corrected_low_open,train
2024-02-21,2,0,2,31.760938374062704,0.0,full_shape,corrected_low_open,train
2024-02-22,2,0,2,30.572985513497116,0.0,full_shape,corrected_low_open,train
2024-02-23,2,0,0,0.0,0.0,full_shape,corrected_low_open,train
2024-02-26,2,0,2,36.20150173866694,0.0,full_shape,corrected_low_open,train
2024-02-27,2,0,2,-15.993241061130362,0.0,full_shape,corrected_low_open,train
2024-02-28,2,0,2,-22.6256365423581,0.0,full_shape,corrected_low_open,train
2024-02-29,2,0,2,0.2616880343450183,0.0,full_shape,corrected_low_open,train
2024-03-01,2,0,0,0.0,0.0,full_shape,corrected_low_open,train
2024-03-04,2,0,1,-2.7779196129512638,0.0,full_shape,corrected_low_open,train
2024-03-05,2,0,2,-9.013965060878784,0.0,full_shape,corrected_low_open,train
2024-03-06,2,0,2,7.360025284450042,0.0,full_shape,corrected_low_open,train
2024-03-07,2,0,0,0.0,0.0,full_shape,corrected_low_open,train
2024-03-08,2,0,2,0.5892949192711976,0.0,full_shape,corrected_low_open,train
2024-03-11,2,0,2,-0.013073593073599898,0.0,full_shape,corrected_low_open,train
2024-03-12,2,0,2,3.614352842065836,-7.645358175393513,full_shape,corrected_low_open,train
2024-03-13,2,0,2,6.711485380389058,-4.864327295224057,full_shape,corrected_low_open,train
2024-03-14,2,0,2,6.3512097667919525,0.0,full_shape,corrected_low_open,train
2024-03-15,2,0,2,3.276671878490032,2.247002457002444,full_shape,corrected_low_open,train
2024-03-18,2,0,2,-1.22329218106997,0.0,full_shape,corrected_low_open,train
2024-03-19,2,0,2,-2.2725117516249744,-5.654887118193886,full_shape,corrected_low_open,train
2024-03-20,2,0,2,-5.494199966838,0.0,full_shape,corrected_low_open,train
2024-03-21,2,0,2,2.559083461119725,-1.3619011261691183,full_shape,corrected_low_open,train
2024-03-22,2,0,2,1.9537632325468772,0.0,full_shape,corrected_low_open,train
2024-03-25,2,0,2,-14.807622149837144,0.0,full_shape,corrected_low_open,train
2024-03-26,2,0,2,-14.55953488372096,0.0,full_shape,corrected_low_open,train
2024-03-27,2,0,2,-13.889040482671202,0.0,full_shape,corrected_low_open,train
2024-03-28,2,0,2,17.03565263911901,1.3555269048505458,full_shape,corrected_low_open,train
2024-03-29,2,0,2,-6.753333333333336,0.0,full_shape,corrected_low_open,train
2024-04-01,2,0,2,-9.442670025188917,0.0,full_shape,corrected_low_open,train
2024-04-02,2,0,2,-7.397873977873982,0.0,full_shape,corrected_low_open,train
2024-04-03,2,0,2,-13.781376673040171,0.0,full_shape,corrected_low_open,train
2024-04-08,2,0,2,-6.88511627906976,0.0,full_shape,corrected_low_open,train
2024-04-09,2,0,2,-4.981695685087064,0.0,full_shape,corrected_low_open,train
2024-04-10,2,0,2,-12.42000000000001,0.0,full_shape,corrected_low_open,train
2024-04-11,2,0,2,-12.42000000000001,0.0,full_shape,corrected_low_open,train
2024-04-12,2,0,1,-18.862849740932653,0.0,full_shape,corrected_low_open,train
2024-04-15,2,0,2,-15.802385086507357,0.0,full_shape,corrected_low_open,train
2024-04-16,2,0,2,11.71628183831673,0.0,full_shape,corrected_low_open,train
2024-04-17,2,0,1,2.541119641714639,0.0,full_shape,corrected_low_open,train
2024-04-18,2,0,1,-6.210000000000005,0.0,full_shape,corrected_low_open,train
2024-04-19,2,0,2,11.769405864479985,0.0,full_shape,corrected_low_open,train
2024-04-22,2,0,2,6.450707264897234,0.0,full_shape,corrected_low_open,train
2024-04-23,2,0,2,6.494786907539816,0.0,full_shape,corrected_low_open,train
2024-04-24,2,0,2,8.55862765443922,0.0,full_shape,corrected_low_open,train
2024-04-25,2,0,2,-4.545618443770585,0.0,full_shape,corrected_low_open,train
2024-04-26,2,0,2,28.133385416666652,0.0,full_shape,corrected_low_open,train
2024-04-29,2,0,2,19.967398893146026,0.0,full_shape,corrected_low_open,train
2024-04-30,2,0,2,-1.7426726645766406,-11.57140103358698,full_shape,corrected_low_open,train
2024-05-06,2,0,2,4.297717717717718,6.988024859784758,full_shape,corrected_low_open,train
2024-05-07,2,0,2,-4.974891203369193,-3.546864406779649,full_shape,corrected_low_open,train
2024-05-08,2,0,2,-12.42,-10.338842975206608,full_shape,corrected_low_open,train
2024-05-09,2,0,1,-6.210000000000005,0.0,full_shape,corrected_low_open,train
2024-05-10,2,0,0,0.0,0.0,full_shape,corrected_low_open,train
2024-05-13,2,0,2,-2.2684848484848548,0.0,full_shape,corrected_low_open,train
2024-05-14,2,0,0,0.0,0.0,full_shape,corrected_low_open,train
2024-05-15,2,0,1,-0.515110602593428,-0.515110602593428,full_shape,corrected_low_open,train
2024-05-16,2,0,2,-2.2151884218162072,0.0,full_shape,corrected_low_open,train
2024-05-17,2,0,2,10.512847685948042,0.0,full_shape,corrected_low_open,train
2024-05-20,2,0,0,0.0,0.0,full_shape,corrected_low_open,train
2024-05-21,2,0,2,-8.398088861838106,-1.4946077981797483,full_shape,corrected_low_open,train
2024-05-22,2,0,2,15.668047966651653,0.0,full_shape,corrected_low_open,train
2024-05-23,2,0,0,0.0,0.0,full_shape,corrected_low_open,train
2024-05-24,2,0,1,-16.349240506329124,-16.349240506329124,full_shape,corrected_low_open,train
2024-05-27,2,0,1,-2.4877822695097427,0.0,full_shape,corrected_low_open,train
2024-05-28,2,0,2,-13.279350395149327,0.0,full_shape,corrected_low_open,train
2024-05-29,2,0,2,-8.443608768971336,0.0,full_shape,corrected_low_open,train
2024-05-30,2,0,0,0.0,0.0,full_shape,corrected_low_open,train
2024-05-31,2,0,0,0.0,0.0,full_shape,corrected_low_open,train
2024-06-03,2,0,1,-9.227341040462434,0.0,full_shape,corrected_low_open,train
2024-06-04,2,0,1,-7.452339832869082,0.0,full_shape,corrected_low_open,train
2024-06-05,2,0,0,0.0,0.0,full_shape,corrected_low_open,train
2024-06-06,2,0,2,-17.43482453918024,-0.9877242681775158,full_shape,corrected_low_open,train
2024-06-07,2,0,2,-12.42,0.0,full_shape,corrected_low_open,train
2024-06-11,2,0,1,7.722263814616758,0.0,full_shape,corrected_low_open,train
2024-06-12,2,0,1,8.244810495626819,8.244810495626819,full_shape,corrected_low_open,train
2024-06-13,2,0,0,0.0,0.0,full_shape,corrected_low_open,train
2024-06-14,2,0,2,15.011351484682576,0.0,full_shape,corrected_low_open,train
2024-06-17,2,0,2,2.645703766638339,0.0,full_shape,corrected_low_open,train
2024-06-18,2,0,2,-12.597105831533474,-6.210000000000005,full_shape,corrected_low_open,train
2024-06-19,2,0,2,-12.42000000000001,0.0,full_shape,corrected_low_open,train
2024-06-20,2,0,2,-9.804841795437826,0.0,full_shape,corrected_low_open,train
2024-06-21,2,0,2,-12.42000000000001,0.0,full_shape,corrected_low_open,train
2024-06-24,2,0,1,-6.210000000000005,0.0,full_shape,corrected_low_open,train
2024-06-25,2,0,1,-6.210000000000005,0.0,full_shape,corrected_low_open,train
2024-06-26,2,0,2,-1.130949217913026,0.0,full_shape,corrected_low_open,train
2024-06-27,2,0,2,-1.9068635201115698,-3.9150988142292564,full_shape,corrected_low_open,train
2024-06-28,2,0,2,-8.746411526245414,0.0,full_shape,corrected_low_open,train
2024-07-01,2,0,0,0.0,0.0,full_shape,corrected_low_open,train
2024-07-02,2,0,1,4.367908441831169,0.0,full_shape,corrected_low_open,train
2024-07-03,2,0,1,-6.210000000000005,0.0,full_shape,corrected_low_open,train
2024-07-04,2,0,2,-14.147975270479131,0.0,full_shape,corrected_low_open,train
2024-07-05,2,0,2,11.003442449841582,0.0,full_shape,corrected_low_open,train
2024-07-08,2,0,1,-6.210000000000016,0.0,full_shape,corrected_low_open,train
2024-07-09,2,0,2,-3.362425409672511,0.0,full_shape,corrected_low_open,train
2024-07-10,2,0,0,0.0,0.0,full_shape,corrected_low_open,train
2024-07-11,2,0,2,27.0206022112444,0.0,full_shape,corrected_low_open,train
2024-07-12,2,0,2,0.6535736236192955,0.6535736236192955,full_shape,corrected_low_open,train
2024-07-15,2,0,2,-4.484516129032247,0.0,full_shape,corrected_low_open,train
2024-07-16,2,0,2,-8.800677227294265,-8.800677227294265,full_shape,corrected_low_open,train
2024-07-17,2,0,1,-2.0192105263157965,0.0,full_shape,corrected_low_open,train
2024-07-18,2,0,1,-4.624003044140036,0.0,full_shape,corrected_low_open,train
2024-07-19,2,0,2,-14.420000000000012,0.0,full_shape,corrected_low_open,train
2024-07-22,2,0,0,0.0,0.0,full_shape,corrected_low_open,train
2024-07-23,2,0,2,4.797158176943704,0.0,full_shape,corrected_low_open,train
2024-07-24,2,0,2,7.615982525529539,0.0,full_shape,corrected_low_open,train
2024-07-25,2,0,2,2.82078998688081,4.431350210970452,full_shape,corrected_low_open,train
2024-07-26,2,0,1,2.505231788079464,0.0,full_shape,corrected_low_open,train
2024-07-29,2,0,1,1.0104424103737566,0.0,full_shape,corrected_low_open,train
2024-07-30,2,0,2,11.184532163742665,1.4719402504099097,full_shape,corrected_low_open,train
2024-07-31,2,0,1,-6.210000000000005,0.0,full_shape,corrected_low_open,train
2024-08-01,2,0,2,-9.470288540807926,0.0,full_shape,corrected_low_open,train
2024-08-02,2,0,2,0.06814629421274354,0.0,full_shape,corrected_low_open,train
2024-08-05,2,0,2,-3.137557251908409,0.0,full_shape,corrected_low_open,train
2024-08-06,2,0,2,-10.664158321411545,-4.45415832141154,full_shape,corrected_low_open,train
2024-08-07,2,0,1,15.618877005347606,0.0,full_shape,corrected_low_open,train
2024-08-08,2,0,2,-4.7555889857852325,0.0,full_shape,corrected_low_open,train
2024-08-09,2,0,2,-2.8518300507311096,0.0,full_shape,corrected_low_open,train
2024-08-12,2,0,1,-6.210000000000005,0.0,full_shape,corrected_low_open,train
2024-08-13,2,0,2,3.463905027995649,0.0,full_shape,corrected_low_open,train
2024-08-14,2,0,2,-5.402986997205019,0.0,full_shape,corrected_low_open,train
2024-08-15,2,0,2,3.9597563105584803,6.303867796851614,full_shape,corrected_low_open,train
2024-08-16,2,0,0,0.0,0.0,full_shape,corrected_low_open,train
2024-08-19,2,0,1,-5.765555555555546,0.0,full_shape,corrected_low_open,train
2024-08-20,2,0,1,8.074409654272683,0.0,full_shape,corrected_low_open,train
2024-08-21,2,0,2,1.1710931174089039,0.0,full_shape,corrected_low_open,train
2024-08-22,2,0,0,0.0,0.0,full_shape,corrected_low_open,train
2024-08-23,2,0,2,-6.823426392327628,0.0,full_shape,corrected_low_open,train
2024-08-26,2,0,2,-8.292074882995339,-2.0820748829953333,full_shape,corrected_low_open,train
2024-08-27,2,0,1,5.990527704485492,0.0,full_shape,corrected_low_open,train
2024-08-28,2,0,1,-10.534729392173194,-10.534729392173194,full_shape,corrected_low_open,train
2024-08-29,2,0,1,-0.33722646310433513,0.0,full_shape,corrected_low_open,train
2024-08-30,2,0,1,-4.250404040404033,0.0,full_shape,corrected_low_open,train
2024-09-02,2,0,1,-6.210000000000005,0.0,full_shape,corrected_low_open,train
2024-09-03,2,0,2,-12.056363636363633,0.0,full_shape,corrected_low_open,train
2024-09-04,2,0,2,1.0430742566457356,7.253074256645752,full_shape,corrected_low_open,train
2024-09-05,2,0,2,-7.307902330743612,-1.0979023307436178,full_shape,corrected_low_open,train
2024-09-06,2,0,2,-15.584251207729462,0.0,full_shape,corrected_low_open,train
2024-09-09,2,0,2,-2.910499534369017,0.0,full_shape,corrected_low_open,train
2024-09-10,2,0,0,0.0,0.0,full_shape,corrected_low_open,train
2024-09-11,2,0,2,1.0837147102525906,0.0,full_shape,corrected_low_open,train
2024-09-12,2,0,1,1.5918018018018056,0.0,full_shape,corrected_low_open,train
2024-09-13,2,0,1,-6.210000000000016,0.0,full_shape,corrected_low_open,train
2024-09-18,2,0,2,11.552378760219105,0.0,full_shape,corrected_low_open,train
2024-09-19,2,0,1,14.002678936605315,0.0,full_shape,corrected_low_open,train
2024-09-20,2,0,0,0.0,0.0,full_shape,corrected_low_open,train
2024-09-23,2,0,2,-2.485406234031686,-10.866955529806322,full_shape,corrected_low_open,train
2024-09-24,2,0,2,18.88656919249636,10.801638316920338,full_shape,corrected_low_open,train
2024-09-25,2,0,2,41.19784383928246,22.225897435897423,full_shape,corrected_low_open,train
2024-09-26,2,0,2,43.743471124806405,0.0,full_shape,corrected_low_open,train
2024-09-27,2,0,1,0.3115123859191762,0.0,full_shape,corrected_low_open,train
2024-09-30,2,0,0,0.0,0.0,full_shape,corrected_low_open,train
2024-10-08,2,0,2,-32.2684021819415,-32.2684021819415,full_shape,corrected_low_open,train
2024-10-09,2,0,2,-12.561732283464568,0.0,full_shape,corrected_low_open,train
2024-10-10,2,0,0,0.0,0.0,full_shape,corrected_low_open,train
2024-10-11,2,0,0,0.0,0.0,full_shape,corrected_low_open,train
2024-10-14,2,0,2,4.972642257509039,0.0,full_shape,corrected_low_open,train
2024-10-15,2,0,1,1.178888888888884,1.178888888888884,full_shape,corrected_low_open,train
2024-10-16,2,0,1,-0.906864111498241,0.0,full_shape,corrected_low_open,train
2024-10-17,2,0,0,0.0,0.0,full_shape,corrected_low_open,train
2024-10-18,2,0,1,18.389033816425137,0.0,full_shape,corrected_low_open,train
2024-10-21,2,0,0,0.0,0.0,full_shape,corrected_low_open,train
2024-10-22,2,0,2,10.300795360397695,0.0,full_shape,corrected_low_open,train
2024-10-23,2,0,2,12.592931895346492,0.0,full_shape,corrected_low_open,train
2024-10-24,2,0,2,1.7764218854286788,0.0,full_shape,corrected_low_open,train
2024-10-25,2,0,1,-1.48388535031846,0.0,full_shape,corrected_low_open,train
2024-10-28,2,0,2,0.9096365007849032,5.7098210923800075,full_shape,corrected_low_open,train
2024-10-29,2,0,2,-13.364444444444459,1.0662364634327233,full_shape,corrected_low_open,train
2024-10-30,2,0,2,-7.086222518321129,0.0,full_shape,corrected_low_open,train
2024-10-31,2,0,2,-12.42,0.0,full_shape,corrected_low_open,train
2024-11-01,2,0,2,-17.120934579439265,0.0,full_shape,corrected_low_open,train
2024-11-04,2,0,2,9.693047827425703,0.0,full_shape,corrected_low_open,train
2024-11-05,2,0,2,6.377139296100663,0.0,full_shape,corrected_low_open,train
2024-11-06,2,0,2,2.7455597019952576,-22.621914878982796,full_shape,corrected_low_open,train
2024-11-07,2,0,2,-0.8631314623338122,0.0,full_shape,corrected_low_open,train
2024-11-08,2,0,2,-2.3023529411764683,-5.324324324324314,full_shape,corrected_low_open,train
2024-11-11,2,0,2,-4.2504377223152945,0.0,full_shape,corrected_low_open,train
2024-11-12,2,0,1,-6.210000000000005,0.0,full_shape,corrected_low_open,train
2024-11-13,2,0,2,-12.41999999999999,0.0,full_shape,corrected_low_open,train
2024-11-14,2,0,2,8.498032786885233,0.0,full_shape,corrected_low_open,train
2024-11-15,2,0,2,-12.42000000000001,0.0,full_shape,corrected_low_open,train
2024-11-18,2,0,0,0.0,0.0,full_shape,corrected_low_open,train
2024-11-19,2,0,2,13.405760563279287,11.109648093841649,full_shape,corrected_low_open,train
2024-11-20,2,0,2,0.26908819133032313,0.0,full_shape,corrected_low_open,train
2024-11-21,2,0,2,-0.9095591647331664,5.300440835266839,full_shape,corrected_low_open,train
2024-11-22,2,0,2,-12.42,0.0,full_shape,corrected_low_open,train
2024-11-25,2,0,2,1.1886956521739087,0.8617558022199656,full_shape,corrected_low_open,train
2024-11-26,2,0,0,0.0,0.0,full_shape,corrected_low_open,train
2024-11-27,2,0,2,5.195987460815042,0.0,full_shape,corrected_low_open,train
2024-11-28,2,0,2,4.406384110820592,-1.2750887573964595,full_shape,corrected_low_open,train
2024-11-29,2,0,2,0.10454181588372435,0.0,full_shape,corrected_low_open,train
2024-12-02,2,0,2,9.040856140317931,0.0,full_shape,corrected_low_open,train
2024-12-03,2,0,2,-11.530228180672268,0.0,full_shape,corrected_low_open,train
2024-12-04,2,0,2,2.2037530585356495,0.0,full_shape,corrected_low_open,train
2024-12-05,2,0,2,6.317506362846968,0.0,full_shape,corrected_low_open,train
2024-12-06,2,0,2,-0.5844545911852035,0.0,full_shape,corrected_low_open,train
2024-12-09,2,0,2,44.53779592111333,0.0,full_shape,corrected_low_open,train
2024-12-10,2,0,2,2.2434809740557653,2.2434809740557653,full_shape,corrected_low_open,train
2024-12-11,2,0,2,16.447838839729354,0.0,full_shape,corrected_low_open,train
2024-12-12,2,0,2,-12.42000000000001,0.0,full_shape,corrected_low_open,train
2024-12-13,2,0,2,6.328710390567436,0.0,full_shape,corrected_low_open,train
2024-12-16,2,0,2,6.153673870334006,18.573673870334016,full_shape,corrected_low_open,train
2024-12-17,2,0,2,-17.012185592185595,0.0,full_shape,corrected_low_open,train
2024-12-18,2,0,2,-17.51074243813017,-5.090742438130148,full_shape,corrected_low_open,train
2024-12-19,2,0,0,0.0,0.0,full_shape,corrected_low_open,train
2024-12-20,2,0,2,-17.689276393831534,0.0,full_shape,corrected_low_open,train
2024-12-23,2,0,2,-0.792655273030431,0.0,full_shape,corrected_low_open,train
2024-12-24,2,0,2,5.204151084790019,3.2206894288308474,full_shape,corrected_low_open,train
2024-12-25,2,0,2,24.202311730411004,19.319719137818424,full_shape,corrected_low_open,train
2024-12-26,2,0,2,-4.207734528143383,0.0,full_shape,corrected_low_open,train
2024-12-27,2,0,1,-6.210000000000005,0.0,full_shape,corrected_low_open,train
2024-12-30,2,0,2,-12.42000000000001,0.0,full_shape,corrected_low_open,train
2024-12-31,2,0,2,-12.42000000000001,0.0,full_shape,corrected_low_open,train
2025-01-02,2,0,2,-32.41989598321864,0.0,full_shape,corrected_low_open,train
2025-01-03,2,0,2,-22.541329491195285,0.0,full_shape,corrected_low_open,train
2025-01-06,2,0,1,-0.6923151125401992,0.0,full_shape,corrected_low_open,train
2025-01-07,2,0,0,0.0,0.0,full_shape,corrected_low_open,train
2025-01-08,2,0,1,-6.672984723854282,0.0,full_shape,corrected_low_open,train
2025-01-09,2,0,2,1.0987969924811978,-6.210000000000016,full_shape,corrected_low_open,train
2025-01-10,2,0,0,0.0,0.0,full_shape,corrected_low_open,train
2025-01-13,2,0,2,19.78114621122113,0.0,full_shape,corrected_low_open,train
2025-01-14,2,0,2,25.114000768497895,5.412009569377993,full_shape,corrected_low_open,train
2025-01-15,2,0,1,-0.635170068027203,0.0,full_shape,corrected_low_open,train
2025-01-16,2,0,2,-4.793983739837395,-5.315068493150699,full_shape,corrected_low_open,train
2025-01-17,2,0,2,-3.0338722009830583,0.0,full_shape,corrected_low_open,train
2025-01-20,2,0,2,-2.3700048823308135,0.0,full_shape,corrected_low_open,train
2025-01-21,2,0,1,-6.210000000000005,-6.210000000000005,full_shape,corrected_low_open,train
2025-01-22,2,0,2,-5.049428227548915,0.0,full_shape,corrected_low_open,train
2025-01-23,2,0,1,-6.210000000000016,-6.210000000000016,full_shape,corrected_low_open,train
2025-01-24,2,0,2,-0.0913668554343734,0.0,full_shape,corrected_low_open,train
2025-01-27,2,0,2,-3.607499999999999,9.003869606003747,full_shape,corrected_low_open,train
2025-02-05,2,0,1,4.322415375788856,0.0,full_shape,corrected_low_open,train
2025-02-06,2,0,2,6.460946441934199,0.3594199216524263,full_shape,corrected_low_open,train
2025-02-07,2,0,1,-1.6034426229508356,-1.6034426229508356,full_shape,corrected_low_open,train
2025-02-10,2,0,2,13.91754791647086,13.719676376549039,full_shape,corrected_low_open,train
2025-02-11,2,0,2,-3.7855121709527557,3.9255617977527963,full_shape,corrected_low_open,train
2025-02-12,2,0,2,9.139705774949135,0.0,full_shape,corrected_low_open,train
2025-02-13,2,0,2,-13.38517412935324,-0.965174129353219,full_shape,corrected_low_open,train
2025-02-14,2,0,2,-2.9626774483378044,-0.4944324678380463,full_shape,corrected_low_open,train
2025-02-17,2,0,0,0.0,0.0,full_shape,corrected_low_open,train
2025-02-18,2,0,2,10.19427590940287,4.79310634250063,full_shape,corrected_low_open,train
2025-02-19,2,0,2,28.598043684710348,24.37864851797619,full_shape,corrected_low_open,train
2025-02-20,2,0,0,0.0,0.0,full_shape,corrected_low_open,train
2025-02-21,2,0,2,2.3476508344030793,0.0,full_shape,corrected_low_open,train
2025-02-24,2,0,2,-1.614805194805193,0.0,full_shape,corrected_low_open,train
2025-02-25,2,0,2,-0.3065199449793572,8.613480055020661,full_shape,corrected_low_open,train
2025-02-26,2,0,2,-7.233008130081277,-6.209999999999994,full_shape,corrected_low_open,train
2025-02-27,2,0,2,-8.36240362267533,-2.152403622675325,full_shape,corrected_low_open,train
2025-02-28,2,0,2,-14.75333333333333,0.0,full_shape,corrected_low_open,train
2025-03-03,2,0,2,-16.07554948544726,0.0,full_shape,corrected_low_open,train
2025-03-04,2,0,0,0.0,0.0,full_shape,corrected_low_open,train
2025-03-05,2,0,2,5.404432576769034,0.0,full_shape,corrected_low_open,train
2025-03-06,2,0,2,3.0075449225083632,0.0,full_shape,corrected_low_open,train
2025-03-07,2,0,2,-6.072777777777795,0.0,full_shape,corrected_low_open,train
2025-03-10,2,0,2,4.045387374958796,12.549707602339177,full_shape,corrected_low_open,train
2025-03-11,2,0,2,6.3379816504324875,0.0,full_shape,corrected_low_open,train
2025-03-12,2,0,1,-6.210000000000005,-6.210000000000005,full_shape,corrected_low_open,train
2025-03-13,2,0,1,-9.591443298969084,0.0,full_shape,corrected_low_open,train
2025-03-14,2,0,2,11.524649684727017,5.465057208237978,full_shape,corrected_low_open,train
2025-03-17,2,0,0,0.0,0.0,full_shape,corrected_low_open,train
2025-03-18,2,0,2,5.43383244206774,0.0,full_shape,corrected_low_open,train
2025-03-19,2,0,1,18.23660194174754,0.0,full_shape,corrected_low_open,train
2025-03-20,2,0,2,-12.42,-12.42,full_shape,corrected_low_open,train
2025-03-21,2,0,1,-6.210000000000005,0.0,full_shape,corrected_low_open,train
2025-03-24,2,0,2,-15.906862799073687,0.0,full_shape,corrected_low_open,train
2025-03-25,2,0,2,-15.507104419426057,-8.665114822546983,full_shape,corrected_low_open,train
2025-03-26,2,0,2,-9.315480225988717,-3.1054802259887113,full_shape,corrected_low_open,train
2025-03-27,2,0,2,-11.015995625428657,0.0,full_shape,corrected_low_open,train
2025-03-28,2,0,2,-3.4463813493863427,0.0,full_shape,corrected_low_open,train
2025-03-31,2,0,2,-5.212650918635166,0.0,full_shape,corrected_low_open,train
2025-04-01,2,0,1,-24.70612403100775,-24.70612403100775,full_shape,corrected_low_open,train
2025-04-02,2,0,0,0.0,0.0,full_shape,corrected_low_open,train
2025-04-03,2,0,2,-12.067849659017918,0.0,full_shape,corrected_low_open,train
2025-04-07,2,0,1,-10.183226238286482,0.0,full_shape,corrected_low_open,train
2025-04-08,2,0,1,15.221164901664139,0.0,full_shape,corrected_low_open,train
2025-04-09,2,0,0,0.0,0.0,full_shape,corrected_low_open,train
2025-04-10,2,0,1,-1.3847430249632762,0.0,full_shape,corrected_low_open,train
2025-04-11,2,0,2,-0.31808507903867866,-2.3016334661354563,full_shape,corrected_low_open,train
2025-04-14,2,0,2,0.8246250122372549,5.866246633858874,full_shape,corrected_low_open,train
2025-04-15,2,0,2,2.1988790806129237,0.0,full_shape,corrected_low_open,train
2025-04-16,2,0,2,-7.8779191517561316,-6.790513833992073,full_shape,corrected_low_open,train
2025-04-17,2,0,2,3.2601838334684756,0.0,full_shape,corrected_low_open,train
2025-04-18,2,0,1,3.1192231812577234,0.0,full_shape,corrected_low_open,train
2025-04-21,2,0,2,3.1934453781512477,6.000000000000005,full_shape,corrected_low_open,train
2025-04-22,2,0,1,2.939606299212593,0.0,full_shape,corrected_low_open,train
2025-04-23,2,0,2,-9.950684479454964,0.0,full_shape,corrected_low_open,train
2025-04-24,2,0,2,-12.971270713578857,0.0,full_shape,corrected_low_open,train
2025-04-25,2,0,2,21.15838095645743,24.111227671785905,full_shape,corrected_low_open,train
2025-04-28,2,0,2,-16.457174721189595,-10.247174721189591,full_shape,corrected_low_open,train
2025-04-29,2,0,2,17.83239744586602,0.0,full_shape,corrected_low_open,train
2025-04-30,2,0,2,10.284636687473812,4.37502611723739,full_shape,corrected_low_open,train
2025-05-06,2,0,1,6.84394190871369,6.84394190871369,full_shape,corrected_low_open,train
2025-05-07,2,0,1,2.616086956521756,2.616086956521756,full_shape,corrected_low_open,train
2025-05-08,2,0,2,-0.2746712320169782,-6.9356961627649145,full_shape,corrected_low_open,train
2025-05-09,2,0,2,10.522640312503349,11.106239316239328,full_shape,corrected_low_open,train
2025-05-12,2,0,2,-2.428089459909579,-14.988098757910517,full_shape,corrected_low_open,train
2025-05-13,2,0,2,-5.252755905511788,1.8372440944881987,full_shape,corrected_low_open,train
2025-05-14,2,0,2,-5.651034284729786,0.0,full_shape,corrected_low_open,train
2025-05-15,2,0,1,2.0755530474040764,0.0,full_shape,corrected_low_open,train
2025-05-16,2,0,2,-4.583541807541449,0.0,full_shape,corrected_low_open,train
2025-05-19,2,0,2,-2.217548343231936,0.0,full_shape,corrected_low_open,train
2025-05-20,2,0,1,-7.9533628318584135,-7.9533628318584135,full_shape,corrected_low_open,train
2025-05-21,2,0,2,2.9215583483902945,0.0,full_shape,corrected_low_open,train
2025-05-22,2,0,2,1.8022222222222135,0.0,full_shape,corrected_low_open,train
2025-05-23,2,0,2,-1.491593132962556,0.0,full_shape,corrected_low_open,train
2025-05-26,2,0,2,1.506336740080159,0.0,full_shape,corrected_low_open,train
2025-05-27,2,0,0,0.0,0.0,full_shape,corrected_low_open,train
2025-05-28,2,0,2,17.436755451542716,0.0,full_shape,corrected_low_open,train
2025-05-29,2,0,2,-7.222854594112417,0.0,full_shape,corrected_low_open,train
2025-05-30,2,0,2,-3.2065707434052815,0.0,full_shape,corrected_low_open,train
2025-06-03,2,0,2,0.05828348364200586,0.0,full_shape,corrected_low_open,train
2025-06-04,2,0,0,0.0,0.0,full_shape,corrected_low_open,train
2025-06-05,2,0,2,-1.802427684659282,7.502069347183083,full_shape,corrected_low_open,train
2025-06-06,2,0,2,-7.90131179165662,-5.105104895104907,full_shape,corrected_low_open,train
2025-06-09,2,0,2,-5.860911580065755,-11.27422099632406,full_shape,corrected_low_open,train
2025-06-10,2,0,2,-9.506998312865903,0.0,full_shape,corrected_low_open,train
2025-06-11,2,0,2,9.070554371266958,0.0,full_shape,corrected_low_open,train
2025-06-12,2,0,2,-7.440408163265312,0.0,full_shape,corrected_low_open,train
2025-06-13,2,0,2,-12.420000000000021,0.0,full_shape,corrected_low_open,train
2025-06-16,2,0,2,-7.551071190951443,0.0,full_shape,corrected_low_open,train
2025-06-17,2,0,2,-12.42,0.0,full_shape,corrected_low_open,train
2025-06-18,2,0,2,-1.804615384615384,0.0,full_shape,corrected_low_open,train
2025-06-19,2,0,2,1.307272727272733,0.0,full_shape,corrected_low_open,train
2025-06-20,2,0,1,-6.210000000000016,0.0,full_shape,corrected_low_open,train
2025-06-23,2,0,2,9.077314914060961,0.0,full_shape,corrected_low_open,train
2025-06-24,2,0,2,3.95381436927603,0.0,full_shape,corrected_low_open,train
2025-06-25,2,0,2,24.72836511218317,26.178888888888885,full_shape,corrected_low_open,train
2024-01-02,2,0,1,-1.6616129032257962,0.0,full_shape,full_shape,train
2024-01-03,2,0,2,3.1561882378964383,0.0,full_shape,full_shape,train
2024-01-04,2,0,2,4.7293595604676035,0.0,full_shape,full_shape,train
2024-01-05,2,0,2,-16.88707934721439,0.0,full_shape,full_shape,train
2024-01-08,2,0,2,-17.548749439179826,0.0,full_shape,full_shape,train
2024-01-09,2,0,2,-12.420000000000021,0.0,full_shape,full_shape,train
2024-01-10,2,0,2,0.9632382369966201,0.0,full_shape,full_shape,train
2024-01-11,2,0,2,6.062773026229026,0.0,full_shape,full_shape,train
2024-01-12,2,0,2,-12.42000000000001,0.0,full_shape,full_shape,train
2024-01-15,2,0,2,-8.711237987563583,0.0,full_shape,full_shape,train
2024-01-16,2,0,2,-7.548425577646446,0.0,full_shape,full_shape,train
2024-01-17,2,0,2,-13.179906759906759,0.0,full_shape,full_shape,train
2024-01-18,2,0,2,-27.480722521137583,0.0,full_shape,full_shape,train
2024-01-19,2,0,2,-31.655454246313067,0.0,full_shape,full_shape,train
2024-01-22,2,0,2,-22.214421637893214,0.0,full_shape,full_shape,train
2024-01-23,2,0,2,-3.2587013251218178,0.0,full_shape,full_shape,train
2024-01-24,2,0,1,5.854880112834992,0.0,full_shape,full_shape,train
2024-01-25,2,0,2,-18.234862848658487,0.0,full_shape,full_shape,train
2024-01-26,2,0,1,-2.6246544546211457,0.0,full_shape,full_shape,train
2024-01-29,2,0,2,-13.639512195121963,0.0,full_shape,full_shape,train
2024-01-30,2,0,2,-12.420000000000021,0.0,full_shape,full_shape,train
2024-01-31,2,0,1,-6.210000000000005,0.0,full_shape,full_shape,train
2024-02-01,2,0,2,-29.076250000000027,0.0,full_shape,full_shape,train
2024-02-02,2,0,2,-9.310093055304705,0.0,full_shape,full_shape,train
2024-02-05,2,0,2,-31.502574048636227,0.0,full_shape,full_shape,train
2024-02-06,2,0,2,27.307192700099044,0.0,full_shape,full_shape,train
2024-02-07,2,0,0,0.0,0.0,full_shape,full_shape,train
2024-02-08,2,0,1,-0.1687968685620165,0.0,full_shape,full_shape,train
2024-02-19,2,0,2,36.45950582082795,0.0,full_shape,full_shape,train
2024-02-20,2,0,2,17.477739458671167,0.0,full_shape,full_shape,train
2024-02-21,2,0,2,31.760938374062704,0.0,full_shape,full_shape,train
2024-02-22,2,0,2,30.572985513497116,0.0,full_shape,full_shape,train
2024-02-23,2,0,0,0.0,0.0,full_shape,full_shape,train
2024-02-26,2,0,2,36.20150173866694,0.0,full_shape,full_shape,train
2024-02-27,2,0,2,-15.993241061130362,0.0,full_shape,full_shape,train
2024-02-28,2,0,2,-22.6256365423581,0.0,full_shape,full_shape,train
2024-02-29,2,0,2,0.2616880343450183,0.0,full_shape,full_shape,train
2024-03-01,2,0,0,0.0,0.0,full_shape,full_shape,train
2024-03-04,2,0,1,-2.7779196129512638,0.0,full_shape,full_shape,train
2024-03-05,2,0,2,-9.013965060878784,0.0,full_shape,full_shape,train
2024-03-06,2,0,2,7.360025284450042,0.0,full_shape,full_shape,train
2024-03-07,2,0,0,0.0,0.0,full_shape,full_shape,train
2024-03-08,2,0,2,0.5892949192711976,0.0,full_shape,full_shape,train
2024-03-11,2,0,2,-0.013073593073599898,0.0,full_shape,full_shape,train
2024-03-12,2,0,2,3.614352842065836,0.0,full_shape,full_shape,train
2024-03-13,2,0,2,6.711485380389058,0.0,full_shape,full_shape,train
2024-03-14,2,0,2,6.3512097667919525,0.0,full_shape,full_shape,train
2024-03-15,2,0,2,3.276671878490032,0.0,full_shape,full_shape,train
2024-03-18,2,0,2,-1.22329218106997,0.0,full_shape,full_shape,train
2024-03-19,2,0,2,-2.2725117516249744,0.0,full_shape,full_shape,train
2024-03-20,2,0,2,-5.494199966838,0.0,full_shape,full_shape,train
2024-03-21,2,0,2,2.559083461119725,0.0,full_shape,full_shape,train
2024-03-22,2,0,2,1.9537632325468772,0.0,full_shape,full_shape,train
2024-03-25,2,0,2,-14.807622149837144,0.0,full_shape,full_shape,train
2024-03-26,2,0,2,-14.55953488372096,0.0,full_shape,full_shape,train
2024-03-27,2,0,2,-13.889040482671202,0.0,full_shape,full_shape,train
2024-03-28,2,0,2,17.03565263911901,0.0,full_shape,full_shape,train
2024-03-29,2,0,2,-6.753333333333336,0.0,full_shape,full_shape,train
2024-04-01,2,0,2,-9.442670025188917,0.0,full_shape,full_shape,train
2024-04-02,2,0,2,-7.397873977873982,0.0,full_shape,full_shape,train
2024-04-03,2,0,2,-13.781376673040171,0.0,full_shape,full_shape,train
2024-04-08,2,0,2,-6.88511627906976,0.0,full_shape,full_shape,train
2024-04-09,2,0,2,-4.981695685087064,0.0,full_shape,full_shape,train
2024-04-10,2,0,2,-12.42000000000001,0.0,full_shape,full_shape,train
2024-04-11,2,0,2,-12.42000000000001,0.0,full_shape,full_shape,train
2024-04-12,2,0,1,-18.862849740932653,0.0,full_shape,full_shape,train
2024-04-15,2,0,2,-15.802385086507357,0.0,full_shape,full_shape,train
2024-04-16,2,0,2,11.71628183831673,0.0,full_shape,full_shape,train
2024-04-17,2,0,1,2.541119641714639,0.0,full_shape,full_shape,train
2024-04-18,2,0,1,-6.210000000000005,0.0,full_shape,full_shape,train
2024-04-19,2,0,2,11.769405864479985,0.0,full_shape,full_shape,train
2024-04-22,2,0,2,6.450707264897234,0.0,full_shape,full_shape,train
2024-04-23,2,0,2,6.494786907539816,0.0,full_shape,full_shape,train
2024-04-24,2,0,2,8.55862765443922,0.0,full_shape,full_shape,train
2024-04-25,2,0,2,-4.545618443770585,0.0,full_shape,full_shape,train
2024-04-26,2,0,2,28.133385416666652,0.0,full_shape,full_shape,train
2024-04-29,2,0,2,19.967398893146026,0.0,full_shape,full_shape,train
2024-04-30,2,0,2,-1.7426726645766406,0.0,full_shape,full_shape,train
2024-05-06,2,0,2,4.297717717717718,0.0,full_shape,full_shape,train
2024-05-07,2,0,2,-4.974891203369193,0.0,full_shape,full_shape,train
2024-05-08,2,0,2,-12.42,0.0,full_shape,full_shape,train
2024-05-09,2,0,1,-6.210000000000005,0.0,full_shape,full_shape,train
2024-05-10,2,0,0,0.0,0.0,full_shape,full_shape,train
2024-05-13,2,0,2,-2.2684848484848548,0.0,full_shape,full_shape,train
2024-05-14,2,0,0,0.0,0.0,full_shape,full_shape,train
2024-05-15,2,0,1,-0.515110602593428,0.0,full_shape,full_shape,train
2024-05-16,2,0,2,-2.2151884218162072,0.0,full_shape,full_shape,train
2024-05-17,2,0,2,10.512847685948042,0.0,full_shape,full_shape,train
2024-05-20,2,0,0,0.0,0.0,full_shape,full_shape,train
2024-05-21,2,0,2,-8.398088861838106,0.0,full_shape,full_shape,train
2024-05-22,2,0,2,15.668047966651653,0.0,full_shape,full_shape,train
2024-05-23,2,0,0,0.0,0.0,full_shape,full_shape,train
2024-05-24,2,0,1,-16.349240506329124,0.0,full_shape,full_shape,train
2024-05-27,2,0,1,-2.4877822695097427,0.0,full_shape,full_shape,train
2024-05-28,2,0,2,-13.279350395149327,0.0,full_shape,full_shape,train
2024-05-29,2,0,2,-8.443608768971336,0.0,full_shape,full_shape,train
2024-05-30,2,0,0,0.0,0.0,full_shape,full_shape,train
2024-05-31,2,0,0,0.0,0.0,full_shape,full_shape,train
2024-06-03,2,0,1,-9.227341040462434,0.0,full_shape,full_shape,train
2024-06-04,2,0,1,-7.452339832869082,0.0,full_shape,full_shape,train
2024-06-05,2,0,0,0.0,0.0,full_shape,full_shape,train
2024-06-06,2,0,2,-17.43482453918024,0.0,full_shape,full_shape,train
2024-06-07,2,0,2,-12.42,0.0,full_shape,full_shape,train
2024-06-11,2,0,1,7.722263814616758,0.0,full_shape,full_shape,train
2024-06-12,2,0,1,8.244810495626819,0.0,full_shape,full_shape,train
2024-06-13,2,0,0,0.0,0.0,full_shape,full_shape,train
2024-06-14,2,0,2,15.011351484682576,0.0,full_shape,full_shape,train
2024-06-17,2,0,2,2.645703766638339,0.0,full_shape,full_shape,train
2024-06-18,2,0,2,-12.597105831533474,0.0,full_shape,full_shape,train
2024-06-19,2,0,2,-12.42000000000001,0.0,full_shape,full_shape,train
2024-06-20,2,0,2,-9.804841795437826,0.0,full_shape,full_shape,train
2024-06-21,2,0,2,-12.42000000000001,0.0,full_shape,full_shape,train
2024-06-24,2,0,1,-6.210000000000005,0.0,full_shape,full_shape,train
2024-06-25,2,0,1,-6.210000000000005,0.0,full_shape,full_shape,train
2024-06-26,2,0,2,-1.130949217913026,0.0,full_shape,full_shape,train
2024-06-27,2,0,2,-1.9068635201115698,0.0,full_shape,full_shape,train
2024-06-28,2,0,2,-8.746411526245414,0.0,full_shape,full_shape,train
2024-07-01,2,0,0,0.0,0.0,full_shape,full_shape,train
2024-07-02,2,0,1,4.367908441831169,0.0,full_shape,full_shape,train
2024-07-03,2,0,1,-6.210000000000005,0.0,full_shape,full_shape,train
2024-07-04,2,0,2,-14.147975270479131,0.0,full_shape,full_shape,train
2024-07-05,2,0,2,11.003442449841582,0.0,full_shape,full_shape,train
2024-07-08,2,0,1,-6.210000000000016,0.0,full_shape,full_shape,train
2024-07-09,2,0,2,-3.362425409672511,0.0,full_shape,full_shape,train
2024-07-10,2,0,0,0.0,0.0,full_shape,full_shape,train
2024-07-11,2,0,2,27.0206022112444,0.0,full_shape,full_shape,train
2024-07-12,2,0,2,0.6535736236192955,0.0,full_shape,full_shape,train
2024-07-15,2,0,2,-4.484516129032247,0.0,full_shape,full_shape,train
2024-07-16,2,0,2,-8.800677227294265,0.0,full_shape,full_shape,train
2024-07-17,2,0,1,-2.0192105263157965,0.0,full_shape,full_shape,train
2024-07-18,2,0,1,-4.624003044140036,0.0,full_shape,full_shape,train
2024-07-19,2,0,2,-14.420000000000012,0.0,full_shape,full_shape,train
2024-07-22,2,0,0,0.0,0.0,full_shape,full_shape,train
2024-07-23,2,0,2,4.797158176943704,0.0,full_shape,full_shape,train
2024-07-24,2,0,2,7.615982525529539,0.0,full_shape,full_shape,train
2024-07-25,2,0,2,2.82078998688081,0.0,full_shape,full_shape,train
2024-07-26,2,0,1,2.505231788079464,0.0,full_shape,full_shape,train
2024-07-29,2,0,1,1.0104424103737566,0.0,full_shape,full_shape,train
2024-07-30,2,0,2,11.184532163742665,0.0,full_shape,full_shape,train
2024-07-31,2,0,1,-6.210000000000005,0.0,full_shape,full_shape,train
2024-08-01,2,0,2,-9.470288540807926,0.0,full_shape,full_shape,train
2024-08-02,2,0,2,0.06814629421274354,0.0,full_shape,full_shape,train
2024-08-05,2,0,2,-3.137557251908409,0.0,full_shape,full_shape,train
2024-08-06,2,0,2,-10.664158321411545,0.0,full_shape,full_shape,train
2024-08-07,2,0,1,15.618877005347606,0.0,full_shape,full_shape,train
2024-08-08,2,0,2,-4.7555889857852325,0.0,full_shape,full_shape,train
2024-08-09,2,0,2,-2.8518300507311096,0.0,full_shape,full_shape,train
2024-08-12,2,0,1,-6.210000000000005,0.0,full_shape,full_shape,train
2024-08-13,2,0,2,3.463905027995649,0.0,full_shape,full_shape,train
2024-08-14,2,0,2,-5.402986997205019,0.0,full_shape,full_shape,train
2024-08-15,2,0,2,3.9597563105584803,0.0,full_shape,full_shape,train
2024-08-16,2,0,0,0.0,0.0,full_shape,full_shape,train
2024-08-19,2,0,1,-5.765555555555546,0.0,full_shape,full_shape,train
2024-08-20,2,0,1,8.074409654272683,0.0,full_shape,full_shape,train
2024-08-21,2,0,2,1.1710931174089039,0.0,full_shape,full_shape,train
2024-08-22,2,0,0,0.0,0.0,full_shape,full_shape,train
2024-08-23,2,0,2,-6.823426392327628,0.0,full_shape,full_shape,train
2024-08-26,2,0,2,-8.292074882995339,0.0,full_shape,full_shape,train
2024-08-27,2,0,1,5.990527704485492,0.0,full_shape,full_shape,train
2024-08-28,2,0,1,-10.534729392173194,0.0,full_shape,full_shape,train
2024-08-29,2,0,1,-0.33722646310433513,0.0,full_shape,full_shape,train
2024-08-30,2,0,1,-4.250404040404033,0.0,full_shape,full_shape,train
2024-09-02,2,0,1,-6.210000000000005,0.0,full_shape,full_shape,train
2024-09-03,2,0,2,-12.056363636363633,0.0,full_shape,full_shape,train
2024-09-04,2,0,2,1.0430742566457356,0.0,full_shape,full_shape,train
2024-09-05,2,0,2,-7.307902330743612,0.0,full_shape,full_shape,train
2024-09-06,2,0,2,-15.584251207729462,0.0,full_shape,full_shape,train
2024-09-09,2,0,2,-2.910499534369017,0.0,full_shape,full_shape,train
2024-09-10,2,0,0,0.0,0.0,full_shape,full_shape,train
2024-09-11,2,0,2,1.0837147102525906,0.0,full_shape,full_shape,train
2024-09-12,2,0,1,1.5918018018018056,0.0,full_shape,full_shape,train
2024-09-13,2,0,1,-6.210000000000016,0.0,full_shape,full_shape,train
2024-09-18,2,0,2,11.552378760219105,0.0,full_shape,full_shape,train
2024-09-19,2,0,1,14.002678936605315,0.0,full_shape,full_shape,train
2024-09-20,2,0,0,0.0,0.0,full_shape,full_shape,train
2024-09-23,2,0,2,-2.485406234031686,0.0,full_shape,full_shape,train
2024-09-24,2,0,2,18.88656919249636,0.0,full_shape,full_shape,train
2024-09-25,2,0,2,41.19784383928246,0.0,full_shape,full_shape,train
2024-09-26,2,0,2,43.743471124806405,0.0,full_shape,full_shape,train
2024-09-27,2,0,1,0.3115123859191762,0.0,full_shape,full_shape,train
2024-09-30,2,0,0,0.0,0.0,full_shape,full_shape,train
2024-10-08,2,0,2,-32.2684021819415,0.0,full_shape,full_shape,train
2024-10-09,2,0,2,-12.561732283464568,0.0,full_shape,full_shape,train
2024-10-10,2,0,0,0.0,0.0,full_shape,full_shape,train
2024-10-11,2,0,0,0.0,0.0,full_shape,full_shape,train
2024-10-14,2,0,2,4.972642257509039,0.0,full_shape,full_shape,train
2024-10-15,2,0,1,1.178888888888884,0.0,full_shape,full_shape,train
2024-10-16,2,0,1,-0.906864111498241,0.0,full_shape,full_shape,train
2024-10-17,2,0,0,0.0,0.0,full_shape,full_shape,train
2024-10-18,2,0,1,18.389033816425137,0.0,full_shape,full_shape,train
2024-10-21,2,0,0,0.0,0.0,full_shape,full_shape,train
2024-10-22,2,0,2,10.300795360397695,0.0,full_shape,full_shape,train
2024-10-23,2,0,2,12.592931895346492,0.0,full_shape,full_shape,train
2024-10-24,2,0,2,1.7764218854286788,0.0,full_shape,full_shape,train
2024-10-25,2,0,1,-1.48388535031846,0.0,full_shape,full_shape,train
2024-10-28,2,0,2,0.9096365007849032,0.0,full_shape,full_shape,train
2024-10-29,2,0,2,-13.364444444444459,0.0,full_shape,full_shape,train
2024-10-30,2,0,2,-7.086222518321129,0.0,full_shape,full_shape,train
2024-10-31,2,0,2,-12.42,0.0,full_shape,full_shape,train
2024-11-01,2,0,2,-17.120934579439265,0.0,full_shape,full_shape,train
2024-11-04,2,0,2,9.693047827425703,0.0,full_shape,full_shape,train
2024-11-05,2,0,2,6.377139296100663,0.0,full_shape,full_shape,train
2024-11-06,2,0,2,2.7455597019952576,0.0,full_shape,full_shape,train
2024-11-07,2,0,2,-0.8631314623338122,0.0,full_shape,full_shape,train
2024-11-08,2,0,2,-2.3023529411764683,0.0,full_shape,full_shape,train
2024-11-11,2,0,2,-4.2504377223152945,0.0,full_shape,full_shape,train
2024-11-12,2,0,1,-6.210000000000005,0.0,full_shape,full_shape,train
2024-11-13,2,0,2,-12.41999999999999,0.0,full_shape,full_shape,train
2024-11-14,2,0,2,8.498032786885233,0.0,full_shape,full_shape,train
2024-11-15,2,0,2,-12.42000000000001,0.0,full_shape,full_shape,train
2024-11-18,2,0,0,0.0,0.0,full_shape,full_shape,train
2024-11-19,2,0,2,13.405760563279287,0.0,full_shape,full_shape,train
2024-11-20,2,0,2,0.26908819133032313,0.0,full_shape,full_shape,train
2024-11-21,2,0,2,-0.9095591647331664,0.0,full_shape,full_shape,train
2024-11-22,2,0,2,-12.42,0.0,full_shape,full_shape,train
2024-11-25,2,0,2,1.1886956521739087,0.0,full_shape,full_shape,train
2024-11-26,2,0,0,0.0,0.0,full_shape,full_shape,train
2024-11-27,2,0,2,5.195987460815042,0.0,full_shape,full_shape,train
2024-11-28,2,0,2,4.406384110820592,0.0,full_shape,full_shape,train
2024-11-29,2,0,2,0.10454181588372435,0.0,full_shape,full_shape,train
2024-12-02,2,0,2,9.040856140317931,0.0,full_shape,full_shape,train
2024-12-03,2,0,2,-11.530228180672268,0.0,full_shape,full_shape,train
2024-12-04,2,0,2,2.2037530585356495,0.0,full_shape,full_shape,train
2024-12-05,2,0,2,6.317506362846968,0.0,full_shape,full_shape,train
2024-12-06,2,0,2,-0.5844545911852035,0.0,full_shape,full_shape,train
2024-12-09,2,0,2,44.53779592111333,0.0,full_shape,full_shape,train
2024-12-10,2,0,2,2.2434809740557653,0.0,full_shape,full_shape,train
2024-12-11,2,0,2,16.447838839729354,0.0,full_shape,full_shape,train
2024-12-12,2,0,2,-12.42000000000001,0.0,full_shape,full_shape,train
2024-12-13,2,0,2,6.328710390567436,0.0,full_shape,full_shape,train
2024-12-16,2,0,2,6.153673870334006,0.0,full_shape,full_shape,train
2024-12-17,2,0,2,-17.012185592185595,0.0,full_shape,full_shape,train
2024-12-18,2,0,2,-17.51074243813017,0.0,full_shape,full_shape,train
2024-12-19,2,0,0,0.0,0.0,full_shape,full_shape,train
2024-12-20,2,0,2,-17.689276393831534,0.0,full_shape,full_shape,train
2024-12-23,2,0,2,-0.792655273030431,0.0,full_shape,full_shape,train
2024-12-24,2,0,2,5.204151084790019,0.0,full_shape,full_shape,train
2024-12-25,2,0,2,24.202311730411004,0.0,full_shape,full_shape,train
2024-12-26,2,0,2,-4.207734528143383,0.0,full_shape,full_shape,train
2024-12-27,2,0,1,-6.210000000000005,0.0,full_shape,full_shape,train
2024-12-30,2,0,2,-12.42000000000001,0.0,full_shape,full_shape,train
2024-12-31,2,0,2,-12.42000000000001,0.0,full_shape,full_shape,train
2025-01-02,2,0,2,-32.41989598321864,0.0,full_shape,full_shape,train
2025-01-03,2,0,2,-22.541329491195285,0.0,full_shape,full_shape,train
2025-01-06,2,0,1,-0.6923151125401992,0.0,full_shape,full_shape,train
2025-01-07,2,0,0,0.0,0.0,full_shape,full_shape,train
2025-01-08,2,0,1,-6.672984723854282,0.0,full_shape,full_shape,train
2025-01-09,2,0,2,1.0987969924811978,0.0,full_shape,full_shape,train
2025-01-10,2,0,0,0.0,0.0,full_shape,full_shape,train
2025-01-13,2,0,2,19.78114621122113,0.0,full_shape,full_shape,train
2025-01-14,2,0,2,25.114000768497895,0.0,full_shape,full_shape,train
2025-01-15,2,0,1,-0.635170068027203,0.0,full_shape,full_shape,train
2025-01-16,2,0,2,-4.793983739837395,0.0,full_shape,full_shape,train
2025-01-17,2,0,2,-3.0338722009830583,0.0,full_shape,full_shape,train
2025-01-20,2,0,2,-2.3700048823308135,0.0,full_shape,full_shape,train
2025-01-21,2,0,1,-6.210000000000005,0.0,full_shape,full_shape,train
2025-01-22,2,0,2,-5.049428227548915,0.0,full_shape,full_shape,train
2025-01-23,2,0,1,-6.210000000000016,0.0,full_shape,full_shape,train
2025-01-24,2,0,2,-0.0913668554343734,0.0,full_shape,full_shape,train
2025-01-27,2,0,2,-3.607499999999999,0.0,full_shape,full_shape,train
2025-02-05,2,0,1,4.322415375788856,0.0,full_shape,full_shape,train
2025-02-06,2,0,2,6.460946441934199,0.0,full_shape,full_shape,train
2025-02-07,2,0,1,-1.6034426229508356,0.0,full_shape,full_shape,train
2025-02-10,2,0,2,13.91754791647086,0.0,full_shape,full_shape,train
2025-02-11,2,0,2,-3.7855121709527557,0.0,full_shape,full_shape,train
2025-02-12,2,0,2,9.139705774949135,0.0,full_shape,full_shape,train
2025-02-13,2,0,2,-13.38517412935324,0.0,full_shape,full_shape,train
2025-02-14,2,0,2,-2.9626774483378044,0.0,full_shape,full_shape,train
2025-02-17,2,0,0,0.0,0.0,full_shape,full_shape,train
2025-02-18,2,0,2,10.19427590940287,0.0,full_shape,full_shape,train
2025-02-19,2,0,2,28.598043684710348,0.0,full_shape,full_shape,train
2025-02-20,2,0,0,0.0,0.0,full_shape,full_shape,train
2025-02-21,2,0,2,2.3476508344030793,0.0,full_shape,full_shape,train
2025-02-24,2,0,2,-1.614805194805193,0.0,full_shape,full_shape,train
2025-02-25,2,0,2,-0.3065199449793572,0.0,full_shape,full_shape,train
2025-02-26,2,0,2,-7.233008130081277,0.0,full_shape,full_shape,train
2025-02-27,2,0,2,-8.36240362267533,0.0,full_shape,full_shape,train
2025-02-28,2,0,2,-14.75333333333333,0.0,full_shape,full_shape,train
2025-03-03,2,0,2,-16.07554948544726,0.0,full_shape,full_shape,train
2025-03-04,2,0,0,0.0,0.0,full_shape,full_shape,train
2025-03-05,2,0,2,5.404432576769034,0.0,full_shape,full_shape,train
2025-03-06,2,0,2,3.0075449225083632,0.0,full_shape,full_shape,train
2025-03-07,2,0,2,-6.072777777777795,0.0,full_shape,full_shape,train
2025-03-10,2,0,2,4.045387374958796,0.0,full_shape,full_shape,train
2025-03-11,2,0,2,6.3379816504324875,0.0,full_shape,full_shape,train
2025-03-12,2,0,1,-6.210000000000005,0.0,full_shape,full_shape,train
2025-03-13,2,0,1,-9.591443298969084,0.0,full_shape,full_shape,train
2025-03-14,2,0,2,11.524649684727017,0.0,full_shape,full_shape,train
2025-03-17,2,0,0,0.0,0.0,full_shape,full_shape,train
2025-03-18,2,0,2,5.43383244206774,0.0,full_shape,full_shape,train
2025-03-19,2,0,1,18.23660194174754,0.0,full_shape,full_shape,train
2025-03-20,2,0,2,-12.42,0.0,full_shape,full_shape,train
2025-03-21,2,0,1,-6.210000000000005,0.0,full_shape,full_shape,train
2025-03-24,2,0,2,-15.906862799073687,0.0,full_shape,full_shape,train
2025-03-25,2,0,2,-15.507104419426057,0.0,full_shape,full_shape,train
2025-03-26,2,0,2,-9.315480225988717,0.0,full_shape,full_shape,train
2025-03-27,2,0,2,-11.015995625428657,0.0,full_shape,full_shape,train
2025-03-28,2,0,2,-3.4463813493863427,0.0,full_shape,full_shape,train
2025-03-31,2,0,2,-5.212650918635166,0.0,full_shape,full_shape,train
2025-04-01,2,0,1,-24.70612403100775,0.0,full_shape,full_shape,train
2025-04-02,2,0,0,0.0,0.0,full_shape,full_shape,train
2025-04-03,2,0,2,-12.067849659017918,0.0,full_shape,full_shape,train
2025-04-07,2,0,1,-10.183226238286482,0.0,full_shape,full_shape,train
2025-04-08,2,0,1,15.221164901664139,0.0,full_shape,full_shape,train
2025-04-09,2,0,0,0.0,0.0,full_shape,full_shape,train
2025-04-10,2,0,1,-1.3847430249632762,0.0,full_shape,full_shape,train
2025-04-11,2,0,2,-0.31808507903867866,0.0,full_shape,full_shape,train
2025-04-14,2,0,2,0.8246250122372549,0.0,full_shape,full_shape,train
2025-04-15,2,0,2,2.1988790806129237,0.0,full_shape,full_shape,train
2025-04-16,2,0,2,-7.8779191517561316,0.0,full_shape,full_shape,train
2025-04-17,2,0,2,3.2601838334684756,0.0,full_shape,full_shape,train
2025-04-18,2,0,1,3.1192231812577234,0.0,full_shape,full_shape,train
2025-04-21,2,0,2,3.1934453781512477,0.0,full_shape,full_shape,train
2025-04-22,2,0,1,2.939606299212593,0.0,full_shape,full_shape,train
2025-04-23,2,0,2,-9.950684479454964,0.0,full_shape,full_shape,train
2025-04-24,2,0,2,-12.971270713578857,0.0,full_shape,full_shape,train
2025-04-25,2,0,2,21.15838095645743,0.0,full_shape,full_shape,train
2025-04-28,2,0,2,-16.457174721189595,0.0,full_shape,full_shape,train
2025-04-29,2,0,2,17.83239744586602,0.0,full_shape,full_shape,train
2025-04-30,2,0,2,10.284636687473812,0.0,full_shape,full_shape,train
2025-05-06,2,0,1,6.84394190871369,0.0,full_shape,full_shape,train
2025-05-07,2,0,1,2.616086956521756,0.0,full_shape,full_shape,train
2025-05-08,2,0,2,-0.2746712320169782,0.0,full_shape,full_shape,train
2025-05-09,2,0,2,10.522640312503349,0.0,full_shape,full_shape,train
2025-05-12,2,0,2,-2.428089459909579,0.0,full_shape,full_shape,train
2025-05-13,2,0,2,-5.252755905511788,0.0,full_shape,full_shape,train
2025-05-14,2,0,2,-5.651034284729786,0.0,full_shape,full_shape,train
2025-05-15,2,0,1,2.0755530474040764,0.0,full_shape,full_shape,train
2025-05-16,2,0,2,-4.583541807541449,0.0,full_shape,full_shape,train
2025-05-19,2,0,2,-2.217548343231936,0.0,full_shape,full_shape,train
2025-05-20,2,0,1,-7.9533628318584135,0.0,full_shape,full_shape,train
2025-05-21,2,0,2,2.9215583483902945,0.0,full_shape,full_shape,train
2025-05-22,2,0,2,1.8022222222222135,0.0,full_shape,full_shape,train
2025-05-23,2,0,2,-1.491593132962556,0.0,full_shape,full_shape,train
2025-05-26,2,0,2,1.506336740080159,0.0,full_shape,full_shape,train
2025-05-27,2,0,0,0.0,0.0,full_shape,full_shape,train
2025-05-28,2,0,2,17.436755451542716,0.0,full_shape,full_shape,train
2025-05-29,2,0,2,-7.222854594112417,0.0,full_shape,full_shape,train
2025-05-30,2,0,2,-3.2065707434052815,0.0,full_shape,full_shape,train
2025-06-03,2,0,2,0.05828348364200586,0.0,full_shape,full_shape,train
2025-06-04,2,0,0,0.0,0.0,full_shape,full_shape,train
2025-06-05,2,0,2,-1.802427684659282,0.0,full_shape,full_shape,train
2025-06-06,2,0,2,-7.90131179165662,0.0,full_shape,full_shape,train
2025-06-09,2,0,2,-5.860911580065755,0.0,full_shape,full_shape,train
2025-06-10,2,0,2,-9.506998312865903,0.0,full_shape,full_shape,train
2025-06-11,2,0,2,9.070554371266958,0.0,full_shape,full_shape,train
2025-06-12,2,0,2,-7.440408163265312,0.0,full_shape,full_shape,train
2025-06-13,2,0,2,-12.420000000000021,0.0,full_shape,full_shape,train
2025-06-16,2,0,2,-7.551071190951443,0.0,full_shape,full_shape,train
2025-06-17,2,0,2,-12.42,0.0,full_shape,full_shape,train
2025-06-18,2,0,2,-1.804615384615384,0.0,full_shape,full_shape,train
2025-06-19,2,0,2,1.307272727272733,0.0,full_shape,full_shape,train
2025-06-20,2,0,1,-6.210000000000016,0.0,full_shape,full_shape,train
2025-06-23,2,0,2,9.077314914060961,0.0,full_shape,full_shape,train
2025-06-24,2,0,2,3.95381436927603,0.0,full_shape,full_shape,train
2025-06-25,2,0,2,24.72836511218317,0.0,full_shape,full_shape,train
2024-01-02,2,0,0,0.0,1.6616129032257962,market_permission,corrected_low_open,train
2024-01-03,2,0,0,0.0,-3.1561882378964383,market_permission,corrected_low_open,train
2024-01-04,2,0,0,0.0,3.777604227833244,market_permission,corrected_low_open,train
2024-01-05,2,0,0,0.0,16.88707934721439,market_permission,corrected_low_open,train
2024-01-08,2,0,0,0.0,17.548749439179826,market_permission,corrected_low_open,train
2024-01-09,2,0,0,0.0,12.420000000000021,market_permission,corrected_low_open,train
2024-01-10,2,0,0,0.0,-0.9632382369966201,market_permission,corrected_low_open,train
2024-01-11,2,0,0,0.0,-6.062773026229026,market_permission,corrected_low_open,train
2024-01-12,2,0,0,0.0,12.42000000000001,market_permission,corrected_low_open,train
2024-01-15,2,0,0,0.0,8.711237987563583,market_permission,corrected_low_open,train
2024-01-16,2,0,0,0.0,7.548425577646446,market_permission,corrected_low_open,train
2024-01-17,2,0,0,0.0,13.179906759906759,market_permission,corrected_low_open,train
2024-01-18,2,0,0,0.0,21.27072252113759,market_permission,corrected_low_open,train
2024-01-19,2,0,0,0.0,31.655454246313067,market_permission,corrected_low_open,train
2024-01-22,2,0,0,0.0,22.214421637893214,market_permission,corrected_low_open,train
2024-01-23,2,0,0,0.0,3.2587013251218178,market_permission,corrected_low_open,train
2024-01-24,2,0,0,0.0,-5.854880112834992,market_permission,corrected_low_open,train
2024-01-25,2,0,0,0.0,18.179661610268372,market_permission,corrected_low_open,train
2024-01-26,2,0,0,0.0,2.6246544546211457,market_permission,corrected_low_open,train
2024-01-29,2,0,0,0.0,13.639512195121963,market_permission,corrected_low_open,train
2024-01-30,2,0,0,0.0,12.420000000000021,market_permission,corrected_low_open,train
2024-01-31,2,0,0,0.0,6.210000000000005,market_permission,corrected_low_open,train
2024-02-01,2,0,0,0.0,6.210000000000016,market_permission,corrected_low_open,train
2024-02-02,2,0,0,0.0,9.310093055304705,market_permission,corrected_low_open,train
2024-02-05,2,0,0,0.0,31.502574048636227,market_permission,corrected_low_open,train
2024-02-06,2,0,0,0.0,-17.573636198473903,market_permission,corrected_low_open,train
2024-02-07,2,0,0,0.0,0.0,market_permission,corrected_low_open,train
2024-02-08,2,0,0,0.0,0.1687968685620165,market_permission,corrected_low_open,train
2024-02-19,2,0,0,0.0,-11.627466727594669,market_permission,corrected_low_open,train
2024-02-20,2,0,0,0.0,-13.091774546390429,market_permission,corrected_low_open,train
2024-02-21,2,0,0,0.0,-31.760938374062704,market_permission,corrected_low_open,train
2024-02-22,2,0,0,0.0,-30.572985513497116,market_permission,corrected_low_open,train
2024-02-23,2,0,0,0.0,0.0,market_permission,corrected_low_open,train
2024-02-26,2,0,2,36.20150173866694,0.0,market_permission,corrected_low_open,train
2024-02-27,2,0,2,-15.993241061130362,0.0,market_permission,corrected_low_open,train
2024-02-28,2,0,2,-22.6256365423581,0.0,market_permission,corrected_low_open,train
2024-02-29,2,0,2,0.2616880343450183,0.0,market_permission,corrected_low_open,train
2024-03-01,2,0,0,0.0,0.0,market_permission,corrected_low_open,train
2024-03-04,2,0,1,-2.7779196129512638,0.0,market_permission,corrected_low_open,train
2024-03-05,2,0,2,-9.013965060878784,0.0,market_permission,corrected_low_open,train
2024-03-06,2,0,2,7.360025284450042,0.0,market_permission,corrected_low_open,train
2024-03-07,2,0,0,0.0,0.0,market_permission,corrected_low_open,train
2024-03-08,2,0,2,0.5892949192711976,0.0,market_permission,corrected_low_open,train
2024-03-11,2,0,2,-0.013073593073599898,0.0,market_permission,corrected_low_open,train
2024-03-12,2,0,2,3.614352842065836,-7.645358175393513,market_permission,corrected_low_open,train
2024-03-13,2,0,2,6.711485380389058,-4.864327295224057,market_permission,corrected_low_open,train
2024-03-14,2,0,2,6.3512097667919525,0.0,market_permission,corrected_low_open,train
2024-03-15,2,0,2,3.276671878490032,2.247002457002444,market_permission,corrected_low_open,train
2024-03-18,2,0,2,-1.22329218106997,0.0,market_permission,corrected_low_open,train
2024-03-19,2,0,2,-2.2725117516249744,-5.654887118193886,market_permission,corrected_low_open,train
2024-03-20,2,0,2,-5.494199966838,0.0,market_permission,corrected_low_open,train
2024-03-21,2,0,2,2.559083461119725,-1.3619011261691183,market_permission,corrected_low_open,train
2024-03-22,2,0,2,1.9537632325468772,0.0,market_permission,corrected_low_open,train
2024-03-25,2,0,2,-14.807622149837144,0.0,market_permission,corrected_low_open,train
2024-03-26,2,0,2,-14.55953488372096,0.0,market_permission,corrected_low_open,train
2024-03-27,2,0,2,-13.889040482671202,0.0,market_permission,corrected_low_open,train
2024-03-28,2,0,0,0.0,-15.680125734268465,market_permission,corrected_low_open,train
2024-03-29,2,0,0,0.0,6.753333333333336,market_permission,corrected_low_open,train
2024-04-01,2,0,2,-9.442670025188917,0.0,market_permission,corrected_low_open,train
2024-04-02,2,0,2,-7.397873977873982,0.0,market_permission,corrected_low_open,train
2024-04-03,2,0,2,-13.781376673040171,0.0,market_permission,corrected_low_open,train
2024-04-08,2,0,2,-6.88511627906976,0.0,market_permission,corrected_low_open,train
2024-04-09,2,0,0,0.0,4.981695685087064,market_permission,corrected_low_open,train
2024-04-10,2,0,2,-12.42000000000001,0.0,market_permission,corrected_low_open,train
2024-04-11,2,0,0,0.0,12.42000000000001,market_permission,corrected_low_open,train
2024-04-12,2,0,0,0.0,18.862849740932653,market_permission,corrected_low_open,train
2024-04-15,2,0,0,0.0,15.802385086507357,market_permission,corrected_low_open,train
2024-04-16,2,0,0,0.0,-11.71628183831673,market_permission,corrected_low_open,train
2024-04-17,2,0,0,0.0,-2.541119641714639,market_permission,corrected_low_open,train
2024-04-18,2,0,0,0.0,6.210000000000005,market_permission,corrected_low_open,train
2024-04-19,2,0,0,0.0,-11.769405864479985,market_permission,corrected_low_open,train
2024-04-22,2,0,0,0.0,-6.450707264897234,market_permission,corrected_low_open,train
2024-04-23,2,0,0,0.0,-6.494786907539816,market_permission,corrected_low_open,train
2024-04-24,2,0,0,0.0,-8.55862765443922,market_permission,corrected_low_open,train
2024-04-25,2,0,0,0.0,4.545618443770585,market_permission,corrected_low_open,train
2024-04-26,2,0,0,0.0,-28.133385416666652,market_permission,corrected_low_open,train
2024-04-29,2,0,0,0.0,-19.967398893146026,market_permission,corrected_low_open,train
2024-04-30,2,0,2,-1.7426726645766406,-11.57140103358698,market_permission,corrected_low_open,train
2024-05-06,2,0,2,4.297717717717718,6.988024859784758,market_permission,corrected_low_open,train
2024-05-07,2,0,2,-4.974891203369193,-3.546864406779649,market_permission,corrected_low_open,train
2024-05-08,2,0,2,-12.42,-10.338842975206608,market_permission,corrected_low_open,train
2024-05-09,2,0,1,-6.210000000000005,0.0,market_permission,corrected_low_open,train
2024-05-10,2,0,0,0.0,0.0,market_permission,corrected_low_open,train
2024-05-13,2,0,2,-2.2684848484848548,0.0,market_permission,corrected_low_open,train
2024-05-14,2,0,0,0.0,0.0,market_permission,corrected_low_open,train
2024-05-15,2,0,1,-0.515110602593428,-0.515110602593428,market_permission,corrected_low_open,train
2024-05-16,2,0,2,-2.2151884218162072,0.0,market_permission,corrected_low_open,train
2024-05-17,2,0,2,10.512847685948042,0.0,market_permission,corrected_low_open,train
2024-05-20,2,0,0,0.0,0.0,market_permission,corrected_low_open,train
2024-05-21,2,0,2,-8.398088861838106,-1.4946077981797483,market_permission,corrected_low_open,train
2024-05-22,2,0,2,15.668047966651653,0.0,market_permission,corrected_low_open,train
2024-05-23,2,0,0,0.0,0.0,market_permission,corrected_low_open,train
2024-05-24,2,0,0,0.0,0.0,market_permission,corrected_low_open,train
2024-05-27,2,0,0,0.0,2.4877822695097427,market_permission,corrected_low_open,train
2024-05-28,2,0,0,0.0,13.279350395149327,market_permission,corrected_low_open,train
2024-05-29,2,0,0,0.0,8.443608768971336,market_permission,corrected_low_open,train
2024-05-30,2,0,0,0.0,0.0,market_permission,corrected_low_open,train
2024-05-31,2,0,0,0.0,0.0,market_permission,corrected_low_open,train
2024-06-03,2,0,0,0.0,9.227341040462434,market_permission,corrected_low_open,train
2024-06-04,2,0,0,0.0,7.452339832869082,market_permission,corrected_low_open,train
2024-06-05,2,0,0,0.0,0.0,market_permission,corrected_low_open,train
2024-06-06,2,0,0,0.0,16.447100271002725,market_permission,corrected_low_open,train
2024-06-07,2,0,0,0.0,12.42,market_permission,corrected_low_open,train
2024-06-11,2,0,0,0.0,-7.722263814616758,market_permission,corrected_low_open,train
2024-06-12,2,0,0,0.0,0.0,market_permission,corrected_low_open,train
2024-06-13,2,0,0,0.0,0.0,market_permission,corrected_low_open,train
2024-06-14,2,0,0,0.0,-15.011351484682576,market_permission,corrected_low_open,train
2024-06-17,2,0,0,0.0,-2.645703766638339,market_permission,corrected_low_open,train
2024-06-18,2,0,0,0.0,6.387105831533469,market_permission,corrected_low_open,train
2024-06-19,2,0,0,0.0,12.42000000000001,market_permission,corrected_low_open,train
2024-06-20,2,0,0,0.0,9.804841795437826,market_permission,corrected_low_open,train
2024-06-21,2,0,0,0.0,12.42000000000001,market_permission,corrected_low_open,train
2024-06-24,2,0,0,0.0,6.210000000000005,market_permission,corrected_low_open,train
2024-06-25,2,0,0,0.0,6.210000000000005,market_permission,corrected_low_open,train
2024-06-26,2,0,0,0.0,1.130949217913026,market_permission,corrected_low_open,train
2024-06-27,2,0,0,0.0,-2.0082352941176866,market_permission,corrected_low_open,train
2024-06-28,2,0,0,0.0,8.746411526245414,market_permission,corrected_low_open,train
2024-07-01,2,0,0,0.0,0.0,market_permission,corrected_low_open,train
2024-07-02,2,0,0,0.0,-4.367908441831169,market_permission,corrected_low_open,train
2024-07-03,2,0,0,0.0,6.210000000000005,market_permission,corrected_low_open,train
2024-07-04,2,0,0,0.0,14.147975270479131,market_permission,corrected_low_open,train
2024-07-05,2,0,0,0.0,-11.003442449841582,market_permission,corrected_low_open,train
2024-07-08,2,0,0,0.0,6.210000000000016,market_permission,corrected_low_open,train
2024-07-09,2,0,0,0.0,3.362425409672511,market_permission,corrected_low_open,train
2024-07-10,2,0,0,0.0,0.0,market_permission,corrected_low_open,train
2024-07-11,2,0,0,0.0,-27.0206022112444,market_permission,corrected_low_open,train
2024-07-12,2,0,0,0.0,0.0,market_permission,corrected_low_open,train
2024-07-15,2,0,0,0.0,4.484516129032247,market_permission,corrected_low_open,train
2024-07-16,2,0,0,0.0,0.0,market_permission,corrected_low_open,train
2024-07-17,2,0,0,0.0,2.0192105263157965,market_permission,corrected_low_open,train
2024-07-18,2,0,0,0.0,4.624003044140036,market_permission,corrected_low_open,train
2024-07-19,2,0,0,0.0,14.420000000000012,market_permission,corrected_low_open,train
2024-07-22,2,0,0,0.0,0.0,market_permission,corrected_low_open,train
2024-07-23,2,0,0,0.0,-4.797158176943704,market_permission,corrected_low_open,train
2024-07-24,2,0,0,0.0,-7.615982525529539,market_permission,corrected_low_open,train
2024-07-25,2,0,0,0.0,1.610560224089642,market_permission,corrected_low_open,train
2024-07-26,2,0,0,0.0,-2.505231788079464,market_permission,corrected_low_open,train
2024-07-29,2,0,0,0.0,-1.0104424103737566,market_permission,corrected_low_open,train
2024-07-30,2,0,0,0.0,-9.712591913332755,market_permission,corrected_low_open,train
2024-07-31,2,0,0,0.0,6.210000000000005,market_permission,corrected_low_open,train
2024-08-01,2,0,0,0.0,9.470288540807926,market_permission,corrected_low_open,train
2024-08-02,2,0,0,0.0,-0.06814629421274354,market_permission,corrected_low_open,train
2024-08-05,2,0,0,0.0,3.137557251908409,market_permission,corrected_low_open,train
2024-08-06,2,0,0,0.0,6.210000000000005,market_permission,corrected_low_open,train
2024-08-07,2,0,0,0.0,-15.618877005347606,market_permission,corrected_low_open,train
2024-08-08,2,0,0,0.0,4.7555889857852325,market_permission,corrected_low_open,train
2024-08-09,2,0,0,0.0,2.8518300507311096,market_permission,corrected_low_open,train
2024-08-12,2,0,0,0.0,6.210000000000005,market_permission,corrected_low_open,train
2024-08-13,2,0,0,0.0,-3.463905027995649,market_permission,corrected_low_open,train
2024-08-14,2,0,0,0.0,5.402986997205019,market_permission,corrected_low_open,train
2024-08-15,2,0,0,0.0,2.344111486293134,market_permission,corrected_low_open,train
2024-08-16,2,0,0,0.0,0.0,market_permission,corrected_low_open,train
2024-08-19,2,0,0,0.0,5.765555555555546,market_permission,corrected_low_open,train
2024-08-20,2,0,0,0.0,-8.074409654272683,market_permission,corrected_low_open,train
2024-08-21,2,0,0,0.0,-1.1710931174089039,market_permission,corrected_low_open,train
2024-08-22,2,0,0,0.0,0.0,market_permission,corrected_low_open,train
2024-08-23,2,0,0,0.0,6.823426392327628,market_permission,corrected_low_open,train
2024-08-26,2,0,0,0.0,6.210000000000005,market_permission,corrected_low_open,train
2024-08-27,2,0,0,0.0,-5.990527704485492,market_permission,corrected_low_open,train
2024-08-28,2,0,0,0.0,0.0,market_permission,corrected_low_open,train
2024-08-29,2,0,0,0.0,0.33722646310433513,market_permission,corrected_low_open,train
2024-08-30,2,0,0,0.0,4.250404040404033,market_permission,corrected_low_open,train
2024-09-02,2,0,0,0.0,6.210000000000005,market_permission,corrected_low_open,train
2024-09-03,2,0,0,0.0,12.056363636363633,market_permission,corrected_low_open,train
2024-09-04,2,0,0,0.0,6.210000000000016,market_permission,corrected_low_open,train
2024-09-05,2,0,0,0.0,6.209999999999995,market_permission,corrected_low_open,train
2024-09-06,2,0,0,0.0,15.584251207729462,market_permission,corrected_low_open,train
2024-09-09,2,0,0,0.0,2.910499534369017,market_permission,corrected_low_open,train
2024-09-10,2,0,0,0.0,0.0,market_permission,corrected_low_open,train
2024-09-11,2,0,0,0.0,-1.0837147102525906,market_permission,corrected_low_open,train
2024-09-12,2,0,0,0.0,-1.5918018018018056,market_permission,corrected_low_open,train
2024-09-13,2,0,0,0.0,6.210000000000016,market_permission,corrected_low_open,train
2024-09-18,2,0,0,0.0,-11.552378760219105,market_permission,corrected_low_open,train
2024-09-19,2,0,0,0.0,-14.002678936605315,market_permission,corrected_low_open,train
2024-09-20,2,0,0,0.0,0.0,market_permission,corrected_low_open,train
2024-09-23,2,0,0,0.0,-8.381549295774636,market_permission,corrected_low_open,train
2024-09-24,2,0,0,0.0,-8.084930875576022,market_permission,corrected_low_open,train
2024-09-25,2,0,2,41.19784383928246,22.225897435897423,market_permission,corrected_low_open,train
2024-09-26,2,0,2,43.743471124806405,0.0,market_permission,corrected_low_open,train
2024-09-27,2,0,1,0.3115123859191762,0.0,market_permission,corrected_low_open,train
2024-09-30,2,0,0,0.0,0.0,market_permission,corrected_low_open,train
2024-10-08,2,0,2,-32.2684021819415,-32.2684021819415,market_permission,corrected_low_open,train
2024-10-09,2,0,2,-12.561732283464568,0.0,market_permission,corrected_low_open,train
2024-10-10,2,0,0,0.0,0.0,market_permission,corrected_low_open,train
2024-10-11,2,0,0,0.0,0.0,market_permission,corrected_low_open,train
2024-10-14,2,0,2,4.972642257509039,0.0,market_permission,corrected_low_open,train
2024-10-15,2,0,1,1.178888888888884,1.178888888888884,market_permission,corrected_low_open,train
2024-10-16,2,0,1,-0.906864111498241,0.0,market_permission,corrected_low_open,train
2024-10-17,2,0,0,0.0,0.0,market_permission,corrected_low_open,train
2024-10-18,2,0,1,18.389033816425137,0.0,market_permission,corrected_low_open,train
2024-10-21,2,0,0,0.0,0.0,market_permission,corrected_low_open,train
2024-10-22,2,0,2,10.300795360397695,0.0,market_permission,corrected_low_open,train
2024-10-23,2,0,2,12.592931895346492,0.0,market_permission,corrected_low_open,train
2024-10-24,2,0,2,1.7764218854286788,0.0,market_permission,corrected_low_open,train
2024-10-25,2,0,1,-1.48388535031846,0.0,market_permission,corrected_low_open,train
2024-10-28,2,0,2,0.9096365007849032,5.7098210923800075,market_permission,corrected_low_open,train
2024-10-29,2,0,2,-13.364444444444459,1.0662364634327233,market_permission,corrected_low_open,train
2024-10-30,2,0,2,-7.086222518321129,0.0,market_permission,corrected_low_open,train
2024-10-31,2,0,2,-12.42,0.0,market_permission,corrected_low_open,train
2024-11-01,2,0,2,-17.120934579439265,0.0,market_permission,corrected_low_open,train
2024-11-04,2,0,2,9.693047827425703,0.0,market_permission,corrected_low_open,train
2024-11-05,2,0,2,6.377139296100663,0.0,market_permission,corrected_low_open,train
2024-11-06,2,0,2,2.7455597019952576,-22.621914878982796,market_permission,corrected_low_open,train
2024-11-07,2,0,2,-0.8631314623338122,0.0,market_permission,corrected_low_open,train
2024-11-08,2,0,2,-2.3023529411764683,-5.324324324324314,market_permission,corrected_low_open,train
2024-11-11,2,0,2,-4.2504377223152945,0.0,market_permission,corrected_low_open,train
2024-11-12,2,0,1,-6.210000000000005,0.0,market_permission,corrected_low_open,train
2024-11-13,2,0,2,-12.41999999999999,0.0,market_permission,corrected_low_open,train
2024-11-14,2,0,2,8.498032786885233,0.0,market_permission,corrected_low_open,train
2024-11-15,2,0,2,-12.42000000000001,0.0,market_permission,corrected_low_open,train
2024-11-18,2,0,0,0.0,0.0,market_permission,corrected_low_open,train
2024-11-19,2,0,0,0.0,-2.296112469437638,market_permission,corrected_low_open,train
2024-11-20,2,0,0,0.0,-0.26908819133032313,market_permission,corrected_low_open,train
2024-11-21,2,0,2,-0.9095591647331664,5.300440835266839,market_permission,corrected_low_open,train
2024-11-22,2,0,2,-12.42,0.0,market_permission,corrected_low_open,train
2024-11-25,2,0,0,0.0,-0.3269398499539431,market_permission,corrected_low_open,train
2024-11-26,2,0,0,0.0,0.0,market_permission,corrected_low_open,train
2024-11-27,2,0,0,0.0,-5.195987460815042,market_permission,corrected_low_open,train
2024-11-28,2,0,0,0.0,-5.681472868217051,market_permission,corrected_low_open,train
2024-11-29,2,0,0,0.0,-0.10454181588372435,market_permission,corrected_low_open,train
2024-12-02,2,0,2,9.040856140317931,0.0,market_permission,corrected_low_open,train
2024-12-03,2,0,2,-11.530228180672268,0.0,market_permission,corrected_low_open,train
2024-12-04,2,0,2,2.2037530585356495,0.0,market_permission,corrected_low_open,train
2024-12-05,2,0,2,6.317506362846968,0.0,market_permission,corrected_low_open,train
2024-12-06,2,0,2,-0.5844545911852035,0.0,market_permission,corrected_low_open,train
2024-12-09,2,0,2,44.53779592111333,0.0,market_permission,corrected_low_open,train
2024-12-10,2,0,2,2.2434809740557653,2.2434809740557653,market_permission,corrected_low_open,train
2024-12-11,2,0,2,16.447838839729354,0.0,market_permission,corrected_low_open,train
2024-12-12,2,0,2,-12.42000000000001,0.0,market_permission,corrected_low_open,train
2024-12-13,2,0,2,6.328710390567436,0.0,market_permission,corrected_low_open,train
2024-12-16,2,0,2,6.153673870334006,18.573673870334016,market_permission,corrected_low_open,train
2024-12-17,2,0,2,-17.012185592185595,0.0,market_permission,corrected_low_open,train
2024-12-18,2,0,0,0.0,12.420000000000021,market_permission,corrected_low_open,train
2024-12-19,2,0,0,0.0,0.0,market_permission,corrected_low_open,train
2024-12-20,2,0,0,0.0,17.689276393831534,market_permission,corrected_low_open,train
2024-12-23,2,0,0,0.0,0.792655273030431,market_permission,corrected_low_open,train
2024-12-24,2,0,0,0.0,-1.9834616559591716,market_permission,corrected_low_open,train
2024-12-25,2,0,0,0.0,-4.882592592592582,market_permission,corrected_low_open,train
2024-12-26,2,0,0,0.0,4.207734528143383,market_permission,corrected_low_open,train
2024-12-27,2,0,0,0.0,6.210000000000005,market_permission,corrected_low_open,train
2024-12-30,2,0,0,0.0,12.42000000000001,market_permission,corrected_low_open,train
2024-12-31,2,0,0,0.0,12.42000000000001,market_permission,corrected_low_open,train
2025-01-02,2,0,0,0.0,32.41989598321864,market_permission,corrected_low_open,train
2025-01-03,2,0,0,0.0,22.541329491195285,market_permission,corrected_low_open,train
2025-01-06,2,0,0,0.0,0.6923151125401992,market_permission,corrected_low_open,train
2025-01-07,2,0,0,0.0,0.0,market_permission,corrected_low_open,train
2025-01-08,2,0,0,0.0,6.672984723854282,market_permission,corrected_low_open,train
2025-01-09,2,0,0,0.0,-7.308796992481214,market_permission,corrected_low_open,train
2025-01-10,2,0,0,0.0,0.0,market_permission,corrected_low_open,train
2025-01-13,2,0,0,0.0,-19.78114621122113,market_permission,corrected_low_open,train
2025-01-14,2,0,0,0.0,-19.701991199119902,market_permission,corrected_low_open,train
2025-01-15,2,0,0,0.0,0.635170068027203,market_permission,corrected_low_open,train
2025-01-16,2,0,0,0.0,-0.5210847533133038,market_permission,corrected_low_open,train
2025-01-17,2,0,0,0.0,3.0338722009830583,market_permission,corrected_low_open,train
2025-01-20,2,0,0,0.0,2.3700048823308135,market_permission,corrected_low_open,train
2025-01-21,2,0,0,0.0,0.0,market_permission,corrected_low_open,train
2025-01-22,2,0,0,0.0,5.049428227548915,market_permission,corrected_low_open,train
2025-01-23,2,0,0,0.0,0.0,market_permission,corrected_low_open,train
2025-01-24,2,0,0,0.0,0.0913668554343734,market_permission,corrected_low_open,train
2025-01-27,2,0,0,0.0,12.611369606003745,market_permission,corrected_low_open,train
2025-02-05,2,0,0,0.0,-4.322415375788856,market_permission,corrected_low_open,train
2025-02-06,2,0,0,0.0,-6.101526520281773,market_permission,corrected_low_open,train
2025-02-07,2,0,0,0.0,0.0,market_permission,corrected_low_open,train
2025-02-10,2,0,0,0.0,-0.1978715399218216,market_permission,corrected_low_open,train
2025-02-11,2,0,0,0.0,7.711073968705552,market_permission,corrected_low_open,train
2025-02-12,2,0,0,0.0,-9.139705774949135,market_permission,corrected_low_open,train
2025-02-13,2,0,2,-13.38517412935324,-0.965174129353219,market_permission,corrected_low_open,train
2025-02-14,2,0,2,-2.9626774483378044,-0.4944324678380463,market_permission,corrected_low_open,train
2025-02-17,2,0,0,0.0,0.0,market_permission,corrected_low_open,train
2025-02-18,2,0,2,10.19427590940287,4.79310634250063,market_permission,corrected_low_open,train
2025-02-19,2,0,2,28.598043684710348,24.37864851797619,market_permission,corrected_low_open,train
2025-02-20,2,0,0,0.0,0.0,market_permission,corrected_low_open,train
2025-02-21,2,0,2,2.3476508344030793,0.0,market_permission,corrected_low_open,train
2025-02-24,2,0,2,-1.614805194805193,0.0,market_permission,corrected_low_open,train
2025-02-25,2,0,2,-0.3065199449793572,8.613480055020661,market_permission,corrected_low_open,train
2025-02-26,2,0,2,-7.233008130081277,-6.209999999999994,market_permission,corrected_low_open,train
2025-02-27,2,0,2,-8.36240362267533,-2.152403622675325,market_permission,corrected_low_open,train
2025-02-28,2,0,2,-14.75333333333333,0.0,market_permission,corrected_low_open,train
2025-03-03,2,0,0,0.0,16.07554948544726,market_permission,corrected_low_open,train
2025-03-04,2,0,0,0.0,0.0,market_permission,corrected_low_open,train
2025-03-05,2,0,0,0.0,-5.404432576769034,market_permission,corrected_low_open,train
2025-03-06,2,0,0,0.0,-3.0075449225083632,market_permission,corrected_low_open,train
2025-03-07,2,0,2,-6.072777777777795,0.0,market_permission,corrected_low_open,train
2025-03-10,2,0,2,4.045387374958796,12.549707602339177,market_permission,corrected_low_open,train
2025-03-11,2,0,2,6.3379816504324875,0.0,market_permission,corrected_low_open,train
2025-03-12,2,0,1,-6.210000000000005,-6.210000000000005,market_permission,corrected_low_open,train
2025-03-13,2,0,1,-9.591443298969084,0.0,market_permission,corrected_low_open,train
2025-03-14,2,0,2,11.524649684727017,5.465057208237978,market_permission,corrected_low_open,train
2025-03-17,2,0,0,0.0,0.0,market_permission,corrected_low_open,train
2025-03-18,2,0,2,5.43383244206774,0.0,market_permission,corrected_low_open,train
2025-03-19,2,0,1,18.23660194174754,0.0,market_permission,corrected_low_open,train
2025-03-20,2,0,2,-12.42,-12.42,market_permission,corrected_low_open,train
2025-03-21,2,0,1,-6.210000000000005,0.0,market_permission,corrected_low_open,train
2025-03-24,2,0,2,-15.906862799073687,0.0,market_permission,corrected_low_open,train
2025-03-25,2,0,0,0.0,6.841989596879073,market_permission,corrected_low_open,train
2025-03-26,2,0,0,0.0,6.210000000000005,market_permission,corrected_low_open,train
2025-03-27,2,0,2,-11.015995625428657,0.0,market_permission,corrected_low_open,train
2025-03-28,2,0,0,0.0,3.4463813493863427,market_permission,corrected_low_open,train
2025-03-31,2,0,0,0.0,5.212650918635166,market_permission,corrected_low_open,train
2025-04-01,2,0,0,0.0,0.0,market_permission,corrected_low_open,train
2025-04-02,2,0,0,0.0,0.0,market_permission,corrected_low_open,train
2025-04-03,2,0,0,0.0,12.067849659017918,market_permission,corrected_low_open,train
2025-04-07,2,0,0,0.0,10.183226238286482,market_permission,corrected_low_open,train
2025-04-08,2,0,0,0.0,-15.221164901664139,market_permission,corrected_low_open,train
2025-04-09,2,0,0,0.0,0.0,market_permission,corrected_low_open,train
2025-04-10,2,0,0,0.0,1.3847430249632762,market_permission,corrected_low_open,train
2025-04-11,2,0,0,0.0,-1.9835483870967776,market_permission,corrected_low_open,train
2025-04-14,2,0,0,0.0,5.041621621621619,market_permission,corrected_low_open,train
2025-04-15,2,0,0,0.0,-2.1988790806129237,market_permission,corrected_low_open,train
2025-04-16,2,0,0,0.0,1.0874053177640581,market_permission,corrected_low_open,train
2025-04-17,2,0,0,0.0,-3.2601838334684756,market_permission,corrected_low_open,train
2025-04-18,2,0,0,0.0,-3.1192231812577234,market_permission,corrected_low_open,train
2025-04-21,2,0,0,0.0,2.8065546218487576,market_permission,corrected_low_open,train
2025-04-22,2,0,0,0.0,-2.939606299212593,market_permission,corrected_low_open,train
2025-04-23,2,0,0,0.0,9.950684479454964,market_permission,corrected_low_open,train
2025-04-24,2,0,0,0.0,12.971270713578857,market_permission,corrected_low_open,train
2025-04-25,2,0,0,0.0,2.952846715328474,market_permission,corrected_low_open,train
2025-04-28,2,0,0,0.0,6.210000000000005,market_permission,corrected_low_open,train
2025-04-29,2,0,0,0.0,-17.83239744586602,market_permission,corrected_low_open,train
2025-04-30,2,0,0,0.0,-5.909610570236422,market_permission,corrected_low_open,train
2025-05-06,2,0,0,0.0,0.0,market_permission,corrected_low_open,train
2025-05-07,2,0,0,0.0,0.0,market_permission,corrected_low_open,train
2025-05-08,2,0,0,0.0,-6.661024930747937,market_permission,corrected_low_open,train
2025-05-09,2,0,0,0.0,0.5835990037359804,market_permission,corrected_low_open,train
2025-05-12,2,0,0,0.0,-12.560009298000939,market_permission,corrected_low_open,train
2025-05-13,2,0,2,-5.252755905511788,1.8372440944881987,market_permission,corrected_low_open,train
2025-05-14,2,0,2,-5.651034284729786,0.0,market_permission,corrected_low_open,train
2025-05-15,2,0,1,2.0755530474040764,0.0,market_permission,corrected_low_open,train
2025-05-16,2,0,2,-4.583541807541449,0.0,market_permission,corrected_low_open,train
2025-05-19,2,0,2,-2.217548343231936,0.0,market_permission,corrected_low_open,train
2025-05-20,2,0,1,-7.9533628318584135,-7.9533628318584135,market_permission,corrected_low_open,train
2025-05-21,2,0,2,2.9215583483902945,0.0,market_permission,corrected_low_open,train
2025-05-22,2,0,2,1.8022222222222135,0.0,market_permission,corrected_low_open,train
2025-05-23,2,0,2,-1.491593132962556,0.0,market_permission,corrected_low_open,train
2025-05-26,2,0,0,0.0,-1.506336740080159,market_permission,corrected_low_open,train
2025-05-27,2,0,0,0.0,0.0,market_permission,corrected_low_open,train
2025-05-28,2,0,0,0.0,-17.436755451542716,market_permission,corrected_low_open,train
2025-05-29,2,0,0,0.0,7.222854594112417,market_permission,corrected_low_open,train
2025-05-30,2,0,0,0.0,3.2065707434052815,market_permission,corrected_low_open,train
2025-06-03,2,0,0,0.0,-0.05828348364200586,market_permission,corrected_low_open,train
2025-06-04,2,0,0,0.0,0.0,market_permission,corrected_low_open,train
2025-06-05,2,0,2,-1.802427684659282,7.502069347183083,market_permission,corrected_low_open,train
2025-06-06,2,0,2,-7.90131179165662,-5.105104895104907,market_permission,corrected_low_open,train
2025-06-09,2,0,2,-5.860911580065755,-11.27422099632406,market_permission,corrected_low_open,train
2025-06-10,2,0,2,-9.506998312865903,0.0,market_permission,corrected_low_open,train
2025-06-11,2,0,2,9.070554371266958,0.0,market_permission,corrected_low_open,train
2025-06-12,2,0,2,-7.440408163265312,0.0,market_permission,corrected_low_open,train
2025-06-13,2,0,2,-12.420000000000021,0.0,market_permission,corrected_low_open,train
2025-06-16,2,0,0,0.0,7.551071190951443,market_permission,corrected_low_open,train
2025-06-17,2,0,0,0.0,12.42,market_permission,corrected_low_open,train
2025-06-18,2,0,0,0.0,1.804615384615384,market_permission,corrected_low_open,train
2025-06-19,2,0,0,0.0,-1.307272727272733,market_permission,corrected_low_open,train
2025-06-20,2,0,0,0.0,6.210000000000016,market_permission,corrected_low_open,train
2025-06-23,2,0,0,0.0,-9.077314914060961,market_permission,corrected_low_open,train
2025-06-24,2,0,0,0.0,-3.95381436927603,market_permission,corrected_low_open,train
2025-06-25,2,0,2,24.72836511218317,26.178888888888885,market_permission,corrected_low_open,train
2024-01-02,2,0,0,0.0,1.6616129032257962,market_permission,full_shape,train
2024-01-03,2,0,0,0.0,-3.1561882378964383,market_permission,full_shape,train
2024-01-04,2,0,0,0.0,-4.7293595604676035,market_permission,full_shape,train
2024-01-05,2,0,0,0.0,16.88707934721439,market_permission,full_shape,train
2024-01-08,2,0,0,0.0,17.548749439179826,market_permission,full_shape,train
2024-01-09,2,0,0,0.0,12.420000000000021,market_permission,full_shape,train
2024-01-10,2,0,0,0.0,-0.9632382369966201,market_permission,full_shape,train
2024-01-11,2,0,0,0.0,-6.062773026229026,market_permission,full_shape,train
2024-01-12,2,0,0,0.0,12.42000000000001,market_permission,full_shape,train
2024-01-15,2,0,0,0.0,8.711237987563583,market_permission,full_shape,train
2024-01-16,2,0,0,0.0,7.548425577646446,market_permission,full_shape,train
2024-01-17,2,0,0,0.0,13.179906759906759,market_permission,full_shape,train
2024-01-18,2,0,0,0.0,27.480722521137583,market_permission,full_shape,train
2024-01-19,2,0,0,0.0,31.655454246313067,market_permission,full_shape,train
2024-01-22,2,0,0,0.0,22.214421637893214,market_permission,full_shape,train
2024-01-23,2,0,0,0.0,3.2587013251218178,market_permission,full_shape,train
2024-01-24,2,0,0,0.0,-5.854880112834992,market_permission,full_shape,train
2024-01-25,2,0,0,0.0,18.234862848658487,market_permission,full_shape,train
2024-01-26,2,0,0,0.0,2.6246544546211457,market_permission,full_shape,train
2024-01-29,2,0,0,0.0,13.639512195121963,market_permission,full_shape,train
2024-01-30,2,0,0,0.0,12.420000000000021,market_permission,full_shape,train
2024-01-31,2,0,0,0.0,6.210000000000005,market_permission,full_shape,train
2024-02-01,2,0,0,0.0,29.076250000000027,market_permission,full_shape,train
2024-02-02,2,0,0,0.0,9.310093055304705,market_permission,full_shape,train
2024-02-05,2,0,0,0.0,31.502574048636227,market_permission,full_shape,train
2024-02-06,2,0,0,0.0,-27.307192700099044,market_permission,full_shape,train
2024-02-07,2,0,0,0.0,0.0,market_permission,full_shape,train
2024-02-08,2,0,0,0.0,0.1687968685620165,market_permission,full_shape,train
2024-02-19,2,0,0,0.0,-36.45950582082795,market_permission,full_shape,train
2024-02-20,2,0,0,0.0,-17.477739458671167,market_permission,full_shape,train
2024-02-21,2,0,0,0.0,-31.760938374062704,market_permission,full_shape,train
2024-02-22,2,0,0,0.0,-30.572985513497116,market_permission,full_shape,train
2024-02-23,2,0,0,0.0,0.0,market_permission,full_shape,train
2024-02-26,2,0,2,36.20150173866694,0.0,market_permission,full_shape,train
2024-02-27,2,0,2,-15.993241061130362,0.0,market_permission,full_shape,train
2024-02-28,2,0,2,-22.6256365423581,0.0,market_permission,full_shape,train
2024-02-29,2,0,2,0.2616880343450183,0.0,market_permission,full_shape,train
2024-03-01,2,0,0,0.0,0.0,market_permission,full_shape,train
2024-03-04,2,0,1,-2.7779196129512638,0.0,market_permission,full_shape,train
2024-03-05,2,0,2,-9.013965060878784,0.0,market_permission,full_shape,train
2024-03-06,2,0,2,7.360025284450042,0.0,market_permission,full_shape,train
2024-03-07,2,0,0,0.0,0.0,market_permission,full_shape,train
2024-03-08,2,0,2,0.5892949192711976,0.0,market_permission,full_shape,train
2024-03-11,2,0,2,-0.013073593073599898,0.0,market_permission,full_shape,train
2024-03-12,2,0,2,3.614352842065836,0.0,market_permission,full_shape,train
2024-03-13,2,0,2,6.711485380389058,0.0,market_permission,full_shape,train
2024-03-14,2,0,2,6.3512097667919525,0.0,market_permission,full_shape,train
2024-03-15,2,0,2,3.276671878490032,0.0,market_permission,full_shape,train
2024-03-18,2,0,2,-1.22329218106997,0.0,market_permission,full_shape,train
2024-03-19,2,0,2,-2.2725117516249744,0.0,market_permission,full_shape,train
2024-03-20,2,0,2,-5.494199966838,0.0,market_permission,full_shape,train
2024-03-21,2,0,2,2.559083461119725,0.0,market_permission,full_shape,train
2024-03-22,2,0,2,1.9537632325468772,0.0,market_permission,full_shape,train
2024-03-25,2,0,2,-14.807622149837144,0.0,market_permission,full_shape,train
2024-03-26,2,0,2,-14.55953488372096,0.0,market_permission,full_shape,train
2024-03-27,2,0,2,-13.889040482671202,0.0,market_permission,full_shape,train
2024-03-28,2,0,0,0.0,-17.03565263911901,market_permission,full_shape,train
2024-03-29,2,0,0,0.0,6.753333333333336,market_permission,full_shape,train
2024-04-01,2,0,2,-9.442670025188917,0.0,market_permission,full_shape,train
2024-04-02,2,0,2,-7.397873977873982,0.0,market_permission,full_shape,train
2024-04-03,2,0,2,-13.781376673040171,0.0,market_permission,full_shape,train
2024-04-08,2,0,2,-6.88511627906976,0.0,market_permission,full_shape,train
2024-04-09,2,0,0,0.0,4.981695685087064,market_permission,full_shape,train
2024-04-10,2,0,2,-12.42000000000001,0.0,market_permission,full_shape,train
2024-04-11,2,0,0,0.0,12.42000000000001,market_permission,full_shape,train
2024-04-12,2,0,0,0.0,18.862849740932653,market_permission,full_shape,train
2024-04-15,2,0,0,0.0,15.802385086507357,market_permission,full_shape,train
2024-04-16,2,0,0,0.0,-11.71628183831673,market_permission,full_shape,train
2024-04-17,2,0,0,0.0,-2.541119641714639,market_permission,full_shape,train
2024-04-18,2,0,0,0.0,6.210000000000005,market_permission,full_shape,train
2024-04-19,2,0,0,0.0,-11.769405864479985,market_permission,full_shape,train
2024-04-22,2,0,0,0.0,-6.450707264897234,market_permission,full_shape,train
2024-04-23,2,0,0,0.0,-6.494786907539816,market_permission,full_shape,train
2024-04-24,2,0,0,0.0,-8.55862765443922,market_permission,full_shape,train
2024-04-25,2,0,0,0.0,4.545618443770585,market_permission,full_shape,train
2024-04-26,2,0,0,0.0,-28.133385416666652,market_permission,full_shape,train
2024-04-29,2,0,0,0.0,-19.967398893146026,market_permission,full_shape,train
2024-04-30,2,0,2,-1.7426726645766406,0.0,market_permission,full_shape,train
2024-05-06,2,0,2,4.297717717717718,0.0,market_permission,full_shape,train
2024-05-07,2,0,2,-4.974891203369193,0.0,market_permission,full_shape,train
2024-05-08,2,0,2,-12.42,0.0,market_permission,full_shape,train
2024-05-09,2,0,1,-6.210000000000005,0.0,market_permission,full_shape,train
2024-05-10,2,0,0,0.0,0.0,market_permission,full_shape,train
2024-05-13,2,0,2,-2.2684848484848548,0.0,market_permission,full_shape,train
2024-05-14,2,0,0,0.0,0.0,market_permission,full_shape,train
2024-05-15,2,0,1,-0.515110602593428,0.0,market_permission,full_shape,train
2024-05-16,2,0,2,-2.2151884218162072,0.0,market_permission,full_shape,train
2024-05-17,2,0,2,10.512847685948042,0.0,market_permission,full_shape,train
2024-05-20,2,0,0,0.0,0.0,market_permission,full_shape,train
2024-05-21,2,0,2,-8.398088861838106,0.0,market_permission,full_shape,train
2024-05-22,2,0,2,15.668047966651653,0.0,market_permission,full_shape,train
2024-05-23,2,0,0,0.0,0.0,market_permission,full_shape,train
2024-05-24,2,0,0,0.0,16.349240506329124,market_permission,full_shape,train
2024-05-27,2,0,0,0.0,2.4877822695097427,market_permission,full_shape,train
2024-05-28,2,0,0,0.0,13.279350395149327,market_permission,full_shape,train
2024-05-29,2,0,0,0.0,8.443608768971336,market_permission,full_shape,train
2024-05-30,2,0,0,0.0,0.0,market_permission,full_shape,train
2024-05-31,2,0,0,0.0,0.0,market_permission,full_shape,train
2024-06-03,2,0,0,0.0,9.227341040462434,market_permission,full_shape,train
2024-06-04,2,0,0,0.0,7.452339832869082,market_permission,full_shape,train
2024-06-05,2,0,0,0.0,0.0,market_permission,full_shape,train
2024-06-06,2,0,0,0.0,17.43482453918024,market_permission,full_shape,train
2024-06-07,2,0,0,0.0,12.42,market_permission,full_shape,train
2024-06-11,2,0,0,0.0,-7.722263814616758,market_permission,full_shape,train
2024-06-12,2,0,0,0.0,-8.244810495626819,market_permission,full_shape,train
2024-06-13,2,0,0,0.0,0.0,market_permission,full_shape,train
2024-06-14,2,0,0,0.0,-15.011351484682576,market_permission,full_shape,train
2024-06-17,2,0,0,0.0,-2.645703766638339,market_permission,full_shape,train
2024-06-18,2,0,0,0.0,12.597105831533474,market_permission,full_shape,train
2024-06-19,2,0,0,0.0,12.42000000000001,market_permission,full_shape,train
2024-06-20,2,0,0,0.0,9.804841795437826,market_permission,full_shape,train
2024-06-21,2,0,0,0.0,12.42000000000001,market_permission,full_shape,train
2024-06-24,2,0,0,0.0,6.210000000000005,market_permission,full_shape,train
2024-06-25,2,0,0,0.0,6.210000000000005,market_permission,full_shape,train
2024-06-26,2,0,0,0.0,1.130949217913026,market_permission,full_shape,train
2024-06-27,2,0,0,0.0,1.9068635201115698,market_permission,full_shape,train
2024-06-28,2,0,0,0.0,8.746411526245414,market_permission,full_shape,train
2024-07-01,2,0,0,0.0,0.0,market_permission,full_shape,train
2024-07-02,2,0,0,0.0,-4.367908441831169,market_permission,full_shape,train
2024-07-03,2,0,0,0.0,6.210000000000005,market_permission,full_shape,train
2024-07-04,2,0,0,0.0,14.147975270479131,market_permission,full_shape,train
2024-07-05,2,0,0,0.0,-11.003442449841582,market_permission,full_shape,train
2024-07-08,2,0,0,0.0,6.210000000000016,market_permission,full_shape,train
2024-07-09,2,0,0,0.0,3.362425409672511,market_permission,full_shape,train
2024-07-10,2,0,0,0.0,0.0,market_permission,full_shape,train
2024-07-11,2,0,0,0.0,-27.0206022112444,market_permission,full_shape,train
2024-07-12,2,0,0,0.0,-0.6535736236192955,market_permission,full_shape,train
2024-07-15,2,0,0,0.0,4.484516129032247,market_permission,full_shape,train
2024-07-16,2,0,0,0.0,8.800677227294265,market_permission,full_shape,train
2024-07-17,2,0,0,0.0,2.0192105263157965,market_permission,full_shape,train
2024-07-18,2,0,0,0.0,4.624003044140036,market_permission,full_shape,train
2024-07-19,2,0,0,0.0,14.420000000000012,market_permission,full_shape,train
2024-07-22,2,0,0,0.0,0.0,market_permission,full_shape,train
2024-07-23,2,0,0,0.0,-4.797158176943704,market_permission,full_shape,train
2024-07-24,2,0,0,0.0,-7.615982525529539,market_permission,full_shape,train
2024-07-25,2,0,0,0.0,-2.82078998688081,market_permission,full_shape,train
2024-07-26,2,0,0,0.0,-2.505231788079464,market_permission,full_shape,train
2024-07-29,2,0,0,0.0,-1.0104424103737566,market_permission,full_shape,train
2024-07-30,2,0,0,0.0,-11.184532163742665,market_permission,full_shape,train
2024-07-31,2,0,0,0.0,6.210000000000005,market_permission,full_shape,train
2024-08-01,2,0,0,0.0,9.470288540807926,market_permission,full_shape,train
2024-08-02,2,0,0,0.0,-0.06814629421274354,market_permission,full_shape,train
2024-08-05,2,0,0,0.0,3.137557251908409,market_permission,full_shape,train
2024-08-06,2,0,0,0.0,10.664158321411545,market_permission,full_shape,train
2024-08-07,2,0,0,0.0,-15.618877005347606,market_permission,full_shape,train
2024-08-08,2,0,0,0.0,4.7555889857852325,market_permission,full_shape,train
2024-08-09,2,0,0,0.0,2.8518300507311096,market_permission,full_shape,train
2024-08-12,2,0,0,0.0,6.210000000000005,market_permission,full_shape,train
2024-08-13,2,0,0,0.0,-3.463905027995649,market_permission,full_shape,train
2024-08-14,2,0,0,0.0,5.402986997205019,market_permission,full_shape,train
2024-08-15,2,0,0,0.0,-3.9597563105584803,market_permission,full_shape,train
2024-08-16,2,0,0,0.0,0.0,market_permission,full_shape,train
2024-08-19,2,0,0,0.0,5.765555555555546,market_permission,full_shape,train
2024-08-20,2,0,0,0.0,-8.074409654272683,market_permission,full_shape,train
2024-08-21,2,0,0,0.0,-1.1710931174089039,market_permission,full_shape,train
2024-08-22,2,0,0,0.0,0.0,market_permission,full_shape,train
2024-08-23,2,0,0,0.0,6.823426392327628,market_permission,full_shape,train
2024-08-26,2,0,0,0.0,8.292074882995339,market_permission,full_shape,train
2024-08-27,2,0,0,0.0,-5.990527704485492,market_permission,full_shape,train
2024-08-28,2,0,0,0.0,10.534729392173194,market_permission,full_shape,train
2024-08-29,2,0,0,0.0,0.33722646310433513,market_permission,full_shape,train
2024-08-30,2,0,0,0.0,4.250404040404033,market_permission,full_shape,train
2024-09-02,2,0,0,0.0,6.210000000000005,market_permission,full_shape,train
2024-09-03,2,0,0,0.0,12.056363636363633,market_permission,full_shape,train
2024-09-04,2,0,0,0.0,-1.0430742566457356,market_permission,full_shape,train
2024-09-05,2,0,0,0.0,7.307902330743612,market_permission,full_shape,train
2024-09-06,2,0,0,0.0,15.584251207729462,market_permission,full_shape,train
2024-09-09,2,0,0,0.0,2.910499534369017,market_permission,full_shape,train
2024-09-10,2,0,0,0.0,0.0,market_permission,full_shape,train
2024-09-11,2,0,0,0.0,-1.0837147102525906,market_permission,full_shape,train
2024-09-12,2,0,0,0.0,-1.5918018018018056,market_permission,full_shape,train
2024-09-13,2,0,0,0.0,6.210000000000016,market_permission,full_shape,train
2024-09-18,2,0,0,0.0,-11.552378760219105,market_permission,full_shape,train
2024-09-19,2,0,0,0.0,-14.002678936605315,market_permission,full_shape,train
2024-09-20,2,0,0,0.0,0.0,market_permission,full_shape,train
2024-09-23,2,0,0,0.0,2.485406234031686,market_permission,full_shape,train
2024-09-24,2,0,0,0.0,-18.88656919249636,market_permission,full_shape,train
2024-09-25,2,0,2,41.19784383928246,0.0,market_permission,full_shape,train
2024-09-26,2,0,2,43.743471124806405,0.0,market_permission,full_shape,train
2024-09-27,2,0,1,0.3115123859191762,0.0,market_permission,full_shape,train
2024-09-30,2,0,0,0.0,0.0,market_permission,full_shape,train
2024-10-08,2,0,2,-32.2684021819415,0.0,market_permission,full_shape,train
2024-10-09,2,0,2,-12.561732283464568,0.0,market_permission,full_shape,train
2024-10-10,2,0,0,0.0,0.0,market_permission,full_shape,train
2024-10-11,2,0,0,0.0,0.0,market_permission,full_shape,train
2024-10-14,2,0,2,4.972642257509039,0.0,market_permission,full_shape,train
2024-10-15,2,0,1,1.178888888888884,0.0,market_permission,full_shape,train
2024-10-16,2,0,1,-0.906864111498241,0.0,market_permission,full_shape,train
2024-10-17,2,0,0,0.0,0.0,market_permission,full_shape,train
2024-10-18,2,0,1,18.389033816425137,0.0,market_permission,full_shape,train
2024-10-21,2,0,0,0.0,0.0,market_permission,full_shape,train
2024-10-22,2,0,2,10.300795360397695,0.0,market_permission,full_shape,train
2024-10-23,2,0,2,12.592931895346492,0.0,market_permission,full_shape,train
2024-10-24,2,0,2,1.7764218854286788,0.0,market_permission,full_shape,train
2024-10-25,2,0,1,-1.48388535031846,0.0,market_permission,full_shape,train
2024-10-28,2,0,2,0.9096365007849032,0.0,market_permission,full_shape,train
2024-10-29,2,0,2,-13.364444444444459,0.0,market_permission,full_shape,train
2024-10-30,2,0,2,-7.086222518321129,0.0,market_permission,full_shape,train
2024-10-31,2,0,2,-12.42,0.0,market_permission,full_shape,train
2024-11-01,2,0,2,-17.120934579439265,0.0,market_permission,full_shape,train
2024-11-04,2,0,2,9.693047827425703,0.0,market_permission,full_shape,train
2024-11-05,2,0,2,6.377139296100663,0.0,market_permission,full_shape,train
2024-11-06,2,0,2,2.7455597019952576,0.0,market_permission,full_shape,train
2024-11-07,2,0,2,-0.8631314623338122,0.0,market_permission,full_shape,train
2024-11-08,2,0,2,-2.3023529411764683,0.0,market_permission,full_shape,train
2024-11-11,2,0,2,-4.2504377223152945,0.0,market_permission,full_shape,train
2024-11-12,2,0,1,-6.210000000000005,0.0,market_permission,full_shape,train
2024-11-13,2,0,2,-12.41999999999999,0.0,market_permission,full_shape,train
2024-11-14,2,0,2,8.498032786885233,0.0,market_permission,full_shape,train
2024-11-15,2,0,2,-12.42000000000001,0.0,market_permission,full_shape,train
2024-11-18,2,0,0,0.0,0.0,market_permission,full_shape,train
2024-11-19,2,0,0,0.0,-13.405760563279287,market_permission,full_shape,train
2024-11-20,2,0,0,0.0,-0.26908819133032313,market_permission,full_shape,train
2024-11-21,2,0,2,-0.9095591647331664,0.0,market_permission,full_shape,train
2024-11-22,2,0,2,-12.42,0.0,market_permission,full_shape,train
2024-11-25,2,0,0,0.0,-1.1886956521739087,market_permission,full_shape,train
2024-11-26,2,0,0,0.0,0.0,market_permission,full_shape,train
2024-11-27,2,0,0,0.0,-5.195987460815042,market_permission,full_shape,train
2024-11-28,2,0,0,0.0,-4.406384110820592,market_permission,full_shape,train
2024-11-29,2,0,0,0.0,-0.10454181588372435,market_permission,full_shape,train
2024-12-02,2,0,2,9.040856140317931,0.0,market_permission,full_shape,train
2024-12-03,2,0,2,-11.530228180672268,0.0,market_permission,full_shape,train
2024-12-04,2,0,2,2.2037530585356495,0.0,market_permission,full_shape,train
2024-12-05,2,0,2,6.317506362846968,0.0,market_permission,full_shape,train
2024-12-06,2,0,2,-0.5844545911852035,0.0,market_permission,full_shape,train
2024-12-09,2,0,2,44.53779592111333,0.0,market_permission,full_shape,train
2024-12-10,2,0,2,2.2434809740557653,0.0,market_permission,full_shape,train
2024-12-11,2,0,2,16.447838839729354,0.0,market_permission,full_shape,train
2024-12-12,2,0,2,-12.42000000000001,0.0,market_permission,full_shape,train
2024-12-13,2,0,2,6.328710390567436,0.0,market_permission,full_shape,train
2024-12-16,2,0,2,6.153673870334006,0.0,market_permission,full_shape,train
2024-12-17,2,0,2,-17.012185592185595,0.0,market_permission,full_shape,train
2024-12-18,2,0,0,0.0,17.51074243813017,market_permission,full_shape,train
2024-12-19,2,0,0,0.0,0.0,market_permission,full_shape,train
2024-12-20,2,0,0,0.0,17.689276393831534,market_permission,full_shape,train
2024-12-23,2,0,0,0.0,0.792655273030431,market_permission,full_shape,train
2024-12-24,2,0,0,0.0,-5.204151084790019,market_permission,full_shape,train
2024-12-25,2,0,0,0.0,-24.202311730411004,market_permission,full_shape,train
2024-12-26,2,0,0,0.0,4.207734528143383,market_permission,full_shape,train
2024-12-27,2,0,0,0.0,6.210000000000005,market_permission,full_shape,train
2024-12-30,2,0,0,0.0,12.42000000000001,market_permission,full_shape,train
2024-12-31,2,0,0,0.0,12.42000000000001,market_permission,full_shape,train
2025-01-02,2,0,0,0.0,32.41989598321864,market_permission,full_shape,train
2025-01-03,2,0,0,0.0,22.541329491195285,market_permission,full_shape,train
2025-01-06,2,0,0,0.0,0.6923151125401992,market_permission,full_shape,train
2025-01-07,2,0,0,0.0,0.0,market_permission,full_shape,train
2025-01-08,2,0,0,0.0,6.672984723854282,market_permission,full_shape,train
2025-01-09,2,0,0,0.0,-1.0987969924811978,market_permission,full_shape,train
2025-01-10,2,0,0,0.0,0.0,market_permission,full_shape,train
2025-01-13,2,0,0,0.0,-19.78114621122113,market_permission,full_shape,train
2025-01-14,2,0,0,0.0,-25.114000768497895,market_permission,full_shape,train
2025-01-15,2,0,0,0.0,0.635170068027203,market_permission,full_shape,train
2025-01-16,2,0,0,0.0,4.793983739837395,market_permission,full_shape,train
2025-01-17,2,0,0,0.0,3.0338722009830583,market_permission,full_shape,train
2025-01-20,2,0,0,0.0,2.3700048823308135,market_permission,full_shape,train
2025-01-21,2,0,0,0.0,6.210000000000005,market_permission,full_shape,train
2025-01-22,2,0,0,0.0,5.049428227548915,market_permission,full_shape,train
2025-01-23,2,0,0,0.0,6.210000000000016,market_permission,full_shape,train
2025-01-24,2,0,0,0.0,0.0913668554343734,market_permission,full_shape,train
2025-01-27,2,0,0,0.0,3.607499999999999,market_permission,full_shape,train
2025-02-05,2,0,0,0.0,-4.322415375788856,market_permission,full_shape,train
2025-02-06,2,0,0,0.0,-6.460946441934199,market_permission,full_shape,train
2025-02-07,2,0,0,0.0,1.6034426229508356,market_permission,full_shape,train
2025-02-10,2,0,0,0.0,-13.91754791647086,market_permission,full_shape,train
2025-02-11,2,0,0,0.0,3.7855121709527557,market_permission,full_shape,train
2025-02-12,2,0,0,0.0,-9.139705774949135,market_permission,full_shape,train
2025-02-13,2,0,2,-13.38517412935324,0.0,market_permission,full_shape,train
2025-02-14,2,0,2,-2.9626774483378044,0.0,market_permission,full_shape,train
2025-02-17,2,0,0,0.0,0.0,market_permission,full_shape,train
2025-02-18,2,0,2,10.19427590940287,0.0,market_permission,full_shape,train
2025-02-19,2,0,2,28.598043684710348,0.0,market_permission,full_shape,train
2025-02-20,2,0,0,0.0,0.0,market_permission,full_shape,train
2025-02-21,2,0,2,2.3476508344030793,0.0,market_permission,full_shape,train
2025-02-24,2,0,2,-1.614805194805193,0.0,market_permission,full_shape,train
2025-02-25,2,0,2,-0.3065199449793572,0.0,market_permission,full_shape,train
2025-02-26,2,0,2,-7.233008130081277,0.0,market_permission,full_shape,train
2025-02-27,2,0,2,-8.36240362267533,0.0,market_permission,full_shape,train
2025-02-28,2,0,2,-14.75333333333333,0.0,market_permission,full_shape,train
2025-03-03,2,0,0,0.0,16.07554948544726,market_permission,full_shape,train
2025-03-04,2,0,0,0.0,0.0,market_permission,full_shape,train
2025-03-05,2,0,0,0.0,-5.404432576769034,market_permission,full_shape,train
2025-03-06,2,0,0,0.0,-3.0075449225083632,market_permission,full_shape,train
2025-03-07,2,0,2,-6.072777777777795,0.0,market_permission,full_shape,train
2025-03-10,2,0,2,4.045387374958796,0.0,market_permission,full_shape,train
2025-03-11,2,0,2,6.3379816504324875,0.0,market_permission,full_shape,train
2025-03-12,2,0,1,-6.210000000000005,0.0,market_permission,full_shape,train
2025-03-13,2,0,1,-9.591443298969084,0.0,market_permission,full_shape,train
2025-03-14,2,0,2,11.524649684727017,0.0,market_permission,full_shape,train
2025-03-17,2,0,0,0.0,0.0,market_permission,full_shape,train
2025-03-18,2,0,2,5.43383244206774,0.0,market_permission,full_shape,train
2025-03-19,2,0,1,18.23660194174754,0.0,market_permission,full_shape,train
2025-03-20,2,0,2,-12.42,0.0,market_permission,full_shape,train
2025-03-21,2,0,1,-6.210000000000005,0.0,market_permission,full_shape,train
2025-03-24,2,0,2,-15.906862799073687,0.0,market_permission,full_shape,train
2025-03-25,2,0,0,0.0,15.507104419426057,market_permission,full_shape,train
2025-03-26,2,0,0,0.0,9.315480225988717,market_permission,full_shape,train
2025-03-27,2,0,2,-11.015995625428657,0.0,market_permission,full_shape,train
2025-03-28,2,0,0,0.0,3.4463813493863427,market_permission,full_shape,train
2025-03-31,2,0,0,0.0,5.212650918635166,market_permission,full_shape,train
2025-04-01,2,0,0,0.0,24.70612403100775,market_permission,full_shape,train
2025-04-02,2,0,0,0.0,0.0,market_permission,full_shape,train
2025-04-03,2,0,0,0.0,12.067849659017918,market_permission,full_shape,train
2025-04-07,2,0,0,0.0,10.183226238286482,market_permission,full_shape,train
2025-04-08,2,0,0,0.0,-15.221164901664139,market_permission,full_shape,train
2025-04-09,2,0,0,0.0,0.0,market_permission,full_shape,train
2025-04-10,2,0,0,0.0,1.3847430249632762,market_permission,full_shape,train
2025-04-11,2,0,0,0.0,0.31808507903867866,market_permission,full_shape,train
2025-04-14,2,0,0,0.0,-0.8246250122372549,market_permission,full_shape,train
2025-04-15,2,0,0,0.0,-2.1988790806129237,market_permission,full_shape,train
2025-04-16,2,0,0,0.0,7.8779191517561316,market_permission,full_shape,train
2025-04-17,2,0,0,0.0,-3.2601838334684756,market_permission,full_shape,train
2025-04-18,2,0,0,0.0,-3.1192231812577234,market_permission,full_shape,train
2025-04-21,2,0,0,0.0,-3.1934453781512477,market_permission,full_shape,train
2025-04-22,2,0,0,0.0,-2.939606299212593,market_permission,full_shape,train
2025-04-23,2,0,0,0.0,9.950684479454964,market_permission,full_shape,train
2025-04-24,2,0,0,0.0,12.971270713578857,market_permission,full_shape,train
2025-04-25,2,0,0,0.0,-21.15838095645743,market_permission,full_shape,train
2025-04-28,2,0,0,0.0,16.457174721189595,market_permission,full_shape,train
2025-04-29,2,0,0,0.0,-17.83239744586602,market_permission,full_shape,train
2025-04-30,2,0,0,0.0,-10.284636687473812,market_permission,full_shape,train
2025-05-06,2,0,0,0.0,-6.84394190871369,market_permission,full_shape,train
2025-05-07,2,0,0,0.0,-2.616086956521756,market_permission,full_shape,train
2025-05-08,2,0,0,0.0,0.2746712320169782,market_permission,full_shape,train
2025-05-09,2,0,0,0.0,-10.522640312503349,market_permission,full_shape,train
2025-05-12,2,0,0,0.0,2.428089459909579,market_permission,full_shape,train
2025-05-13,2,0,2,-5.252755905511788,0.0,market_permission,full_shape,train
2025-05-14,2,0,2,-5.651034284729786,0.0,market_permission,full_shape,train
2025-05-15,2,0,1,2.0755530474040764,0.0,market_permission,full_shape,train
2025-05-16,2,0,2,-4.583541807541449,0.0,market_permission,full_shape,train
2025-05-19,2,0,2,-2.217548343231936,0.0,market_permission,full_shape,train
2025-05-20,2,0,1,-7.9533628318584135,0.0,market_permission,full_shape,train
2025-05-21,2,0,2,2.9215583483902945,0.0,market_permission,full_shape,train
2025-05-22,2,0,2,1.8022222222222135,0.0,market_permission,full_shape,train
2025-05-23,2,0,2,-1.491593132962556,0.0,market_permission,full_shape,train
2025-05-26,2,0,0,0.0,-1.506336740080159,market_permission,full_shape,train
2025-05-27,2,0,0,0.0,0.0,market_permission,full_shape,train
2025-05-28,2,0,0,0.0,-17.436755451542716,market_permission,full_shape,train
2025-05-29,2,0,0,0.0,7.222854594112417,market_permission,full_shape,train
2025-05-30,2,0,0,0.0,3.2065707434052815,market_permission,full_shape,train
2025-06-03,2,0,0,0.0,-0.05828348364200586,market_permission,full_shape,train
2025-06-04,2,0,0,0.0,0.0,market_permission,full_shape,train
2025-06-05,2,0,2,-1.802427684659282,0.0,market_permission,full_shape,train
2025-06-06,2,0,2,-7.90131179165662,0.0,market_permission,full_shape,train
2025-06-09,2,0,2,-5.860911580065755,0.0,market_permission,full_shape,train
2025-06-10,2,0,2,-9.506998312865903,0.0,market_permission,full_shape,train
2025-06-11,2,0,2,9.070554371266958,0.0,market_permission,full_shape,train
2025-06-12,2,0,2,-7.440408163265312,0.0,market_permission,full_shape,train
2025-06-13,2,0,2,-12.420000000000021,0.0,market_permission,full_shape,train
2025-06-16,2,0,0,0.0,7.551071190951443,market_permission,full_shape,train
2025-06-17,2,0,0,0.0,12.42,market_permission,full_shape,train
2025-06-18,2,0,0,0.0,1.804615384615384,market_permission,full_shape,train
2025-06-19,2,0,0,0.0,-1.307272727272733,market_permission,full_shape,train
2025-06-20,2,0,0,0.0,6.210000000000016,market_permission,full_shape,train
2025-06-23,2,0,0,0.0,-9.077314914060961,market_permission,full_shape,train
2025-06-24,2,0,0,0.0,-3.95381436927603,market_permission,full_shape,train
2025-06-25,2,0,2,24.72836511218317,0.0,market_permission,full_shape,train
2024-01-02,2,0,1,-1.6616129032257962,0.0,stock_permission,corrected_low_open,train
2024-01-03,2,0,2,20.3507426567997,17.194554418903262,stock_permission,corrected_low_open,train
2024-01-04,2,0,2,-3.777604227833244,0.0,stock_permission,corrected_low_open,train
2024-01-05,2,0,2,-16.88707934721439,0.0,stock_permission,corrected_low_open,train
2024-01-08,2,0,2,-3.0416427687604797,14.507106670419347,stock_permission,corrected_low_open,train
2024-01-09,2,0,2,-12.420000000000021,0.0,stock_permission,corrected_low_open,train
2024-01-10,2,0,2,0.9632382369966201,0.0,stock_permission,corrected_low_open,train
2024-01-11,2,0,2,6.919203938557237,0.8564309123282108,stock_permission,corrected_low_open,train
2024-01-12,2,0,2,-6.648484386900234,5.771515613099776,stock_permission,corrected_low_open,train
2024-01-15,2,0,1,-6.210000000000005,2.501237987563578,stock_permission,corrected_low_open,train
2024-01-16,2,0,1,-6.210000000000005,1.3384255776464409,stock_permission,corrected_low_open,train
2024-01-17,2,0,2,-12.42000000000001,0.7599067599067482,stock_permission,corrected_low_open,train
2024-01-18,2,0,2,-26.698113825485407,-5.427391304347818,stock_permission,corrected_low_open,train
2024-01-19,2,0,1,-6.210000000000005,25.445454246313062,stock_permission,corrected_low_open,train
2024-01-22,2,0,2,-16.466367851622888,5.748053786270326,stock_permission,corrected_low_open,train
2024-01-23,2,0,2,-3.2587013251218178,0.0,stock_permission,corrected_low_open,train
2024-01-24,2,0,1,5.854880112834992,0.0,stock_permission,corrected_low_open,train
2024-01-25,2,0,0,0.0,18.179661610268372,stock_permission,corrected_low_open,train
2024-01-26,2,0,0,0.0,2.6246544546211457,stock_permission,corrected_low_open,train
2024-01-29,2,0,0,0.0,13.639512195121963,stock_permission,corrected_low_open,train
2024-01-30,2,0,0,0.0,12.420000000000021,stock_permission,corrected_low_open,train
2024-01-31,2,0,0,0.0,6.210000000000005,stock_permission,corrected_low_open,train
2024-02-01,2,0,1,-22.86625000000001,-16.656249999999996,stock_permission,corrected_low_open,train
2024-02-02,2,0,0,0.0,9.310093055304705,stock_permission,corrected_low_open,train
2024-02-05,2,0,0,0.0,31.502574048636227,stock_permission,corrected_low_open,train
2024-02-06,2,0,0,0.0,-17.573636198473903,stock_permission,corrected_low_open,train
2024-02-07,2,0,0,0.0,0.0,stock_permission,corrected_low_open,train
2024-02-08,2,0,0,0.0,0.1687968685620165,stock_permission,corrected_low_open,train
2024-02-19,2,0,0,0.0,-11.627466727594669,stock_permission,corrected_low_open,train
2024-02-20,2,0,0,0.0,-13.091774546390429,stock_permission,corrected_low_open,train
2024-02-21,2,0,0,0.0,-31.760938374062704,stock_permission,corrected_low_open,train
2024-02-22,2,0,0,0.0,-30.572985513497116,stock_permission,corrected_low_open,train
2024-02-23,2,0,0,0.0,0.0,stock_permission,corrected_low_open,train
2024-02-26,2,0,0,0.0,-36.20150173866694,stock_permission,corrected_low_open,train
2024-02-27,2,0,0,0.0,15.993241061130362,stock_permission,corrected_low_open,train
2024-02-28,2,0,0,0.0,22.6256365423581,stock_permission,corrected_low_open,train
2024-02-29,2,0,0,0.0,-0.2616880343450183,stock_permission,corrected_low_open,train
2024-03-01,2,0,0,0.0,0.0,stock_permission,corrected_low_open,train
2024-03-04,2,0,1,-2.7779196129512638,0.0,stock_permission,corrected_low_open,train
2024-03-05,2,0,0,0.0,9.013965060878784,stock_permission,corrected_low_open,train
2024-03-06,2,0,0,0.0,-7.360025284450042,stock_permission,corrected_low_open,train
2024-03-07,2,0,0,0.0,0.0,stock_permission,corrected_low_open,train
2024-03-08,2,0,0,0.0,-0.5892949192711976,stock_permission,corrected_low_open,train
2024-03-11,2,0,1,-6.210000000000005,-6.196926406926405,stock_permission,corrected_low_open,train
2024-03-12,2,0,0,0.0,-11.259711017459349,stock_permission,corrected_low_open,train
2024-03-13,2,0,1,-6.210000000000005,-17.78581267561312,stock_permission,corrected_low_open,train
2024-03-14,2,0,0,0.0,-6.3512097667919525,stock_permission,corrected_low_open,train
2024-03-15,2,0,0,0.0,-1.029669421487588,stock_permission,corrected_low_open,train
2024-03-18,2,0,1,15.289425947187139,16.51271812825711,stock_permission,corrected_low_open,train
2024-03-19,2,0,0,0.0,-3.382375366568912,stock_permission,corrected_low_open,train
2024-03-20,2,0,0,0.0,5.494199966838,stock_permission,corrected_low_open,train
2024-03-21,2,0,0,0.0,-3.920984587288843,stock_permission,corrected_low_open,train
2024-03-22,2,0,1,4.995811138014527,3.0420479054676495,stock_permission,corrected_low_open,train
2024-03-25,2,0,0,0.0,14.807622149837144,stock_permission,corrected_low_open,train
2024-03-26,2,0,1,-6.210000000000005,8.349534883720956,stock_permission,corrected_low_open,train
2024-03-27,2,0,0,0.0,13.889040482671202,stock_permission,corrected_low_open,train
2024-03-28,2,0,0,0.0,-15.680125734268465,stock_permission,corrected_low_open,train
2024-03-29,2,0,0,0.0,6.753333333333336,stock_permission,corrected_low_open,train
2024-04-01,2,0,2,-9.442670025188907,1.0658141036401503e-14,stock_permission,corrected_low_open,train
2024-04-02,2,0,2,-12.42000000000001,-5.022126022126028,stock_permission,corrected_low_open,train
2024-04-03,2,0,2,-12.42000000000001,1.3613766730401604,stock_permission,corrected_low_open,train
2024-04-08,2,0,0,0.0,6.88511627906976,stock_permission,corrected_low_open,train
2024-04-09,2,0,1,-6.210000000000005,-1.2283043149129416,stock_permission,corrected_low_open,train
2024-04-10,2,0,2,-12.42000000000001,0.0,stock_permission,corrected_low_open,train
2024-04-11,2,0,2,-26.6104761904762,-14.190476190476188,stock_permission,corrected_low_open,train
2024-04-12,2,0,0,0.0,18.862849740932653,stock_permission,corrected_low_open,train
2024-04-15,2,0,2,-12.078225923881305,3.7241591626260515,stock_permission,corrected_low_open,train
2024-04-16,2,0,2,11.71628183831673,0.0,stock_permission,corrected_low_open,train
2024-04-17,2,0,1,2.541119641714639,0.0,stock_permission,corrected_low_open,train
2024-04-18,2,0,0,0.0,6.210000000000005,stock_permission,corrected_low_open,train
2024-04-19,2,0,1,-6.210000000000005,-17.97940586447999,stock_permission,corrected_low_open,train
2024-04-22,2,0,2,4.037516339869248,-2.413190925027986,stock_permission,corrected_low_open,train
2024-04-23,2,0,2,7.794259345481079,1.2994724379412625,stock_permission,corrected_low_open,train
2024-04-24,2,0,2,5.782934512892422,-2.7756931415467987,stock_permission,corrected_low_open,train
2024-04-25,2,0,2,-4.545618443770585,0.0,stock_permission,corrected_low_open,train
2024-04-26,2,0,1,8.67671875,-19.456666666666653,stock_permission,corrected_low_open,train
2024-04-29,2,0,1,-6.210000000000005,-26.17739889314603,stock_permission,corrected_low_open,train
2024-04-30,2,0,2,9.82872836901034,0.0,stock_permission,corrected_low_open,train
2024-05-06,2,0,1,-1.0478378378378403,1.6424693042292002,stock_permission,corrected_low_open,train
2024-05-07,2,0,2,-4.974891203369193,-3.546864406779649,stock_permission,corrected_low_open,train
2024-05-08,2,0,2,2.9110058560207523,4.992162880814144,stock_permission,corrected_low_open,train
2024-05-09,2,0,0,0.0,6.210000000000005,stock_permission,corrected_low_open,train
2024-05-10,2,0,0,0.0,0.0,stock_permission,corrected_low_open,train
2024-05-13,2,0,2,-2.2684848484848548,0.0,stock_permission,corrected_low_open,train
2024-05-14,2,0,0,0.0,0.0,stock_permission,corrected_low_open,train
2024-05-15,2,0,0,0.0,0.0,stock_permission,corrected_low_open,train
2024-05-16,2,0,2,-2.2151884218162072,0.0,stock_permission,corrected_low_open,train
2024-05-17,2,0,1,-0.08730061349693322,-10.600148299444976,stock_permission,corrected_low_open,train
2024-05-20,2,0,0,0.0,0.0,stock_permission,corrected_low_open,train
2024-05-21,2,0,0,0.0,6.903481063658358,stock_permission,corrected_low_open,train
2024-05-22,2,0,1,-6.210000000000005,-21.878047966651657,stock_permission,corrected_low_open,train
2024-05-23,2,0,0,0.0,0.0,stock_permission,corrected_low_open,train
2024-05-24,2,0,0,0.0,0.0,stock_permission,corrected_low_open,train
2024-05-27,2,0,0,0.0,2.4877822695097427,stock_permission,corrected_low_open,train
2024-05-28,2,0,2,-13.279350395149327,0.0,stock_permission,corrected_low_open,train
2024-05-29,2,0,2,-2.5183471845169354,5.9252615844544,stock_permission,corrected_low_open,train
2024-05-30,2,0,0,0.0,0.0,stock_permission,corrected_low_open,train
2024-05-31,2,0,0,0.0,0.0,stock_permission,corrected_low_open,train
2024-06-03,2,0,1,-9.227341040462434,0.0,stock_permission,corrected_low_open,train
2024-06-04,2,0,1,-7.452339832869082,0.0,stock_permission,corrected_low_open,train
2024-06-05,2,0,0,0.0,0.0,stock_permission,corrected_low_open,train
2024-06-06,2,0,2,-20.447100271002732,-4.000000000000007,stock_permission,corrected_low_open,train
2024-06-07,2,0,0,0.0,12.42,stock_permission,corrected_low_open,train
2024-06-11,2,0,0,0.0,-7.722263814616758,stock_permission,corrected_low_open,train
2024-06-12,2,0,0,0.0,0.0,stock_permission,corrected_low_open,train
2024-06-13,2,0,0,0.0,0.0,stock_permission,corrected_low_open,train
2024-06-14,2,0,2,15.011351484682576,0.0,stock_permission,corrected_low_open,train
2024-06-17,2,0,1,4.3354545454545415,1.6897507788162023,stock_permission,corrected_low_open,train
2024-06-18,2,0,0,0.0,6.387105831533469,stock_permission,corrected_low_open,train
2024-06-19,2,0,0,0.0,12.42000000000001,stock_permission,corrected_low_open,train
2024-06-20,2,0,0,0.0,9.804841795437826,stock_permission,corrected_low_open,train
2024-06-21,2,0,1,-6.210000000000005,6.210000000000005,stock_permission,corrected_low_open,train
2024-06-24,2,0,1,-6.210000000000005,0.0,stock_permission,corrected_low_open,train
2024-06-25,2,0,0,0.0,6.210000000000005,stock_permission,corrected_low_open,train
2024-06-26,2,0,0,0.0,1.130949217913026,stock_permission,corrected_low_open,train
2024-06-27,2,0,0,0.0,-2.0082352941176866,stock_permission,corrected_low_open,train
2024-06-28,2,0,0,0.0,8.746411526245414,stock_permission,corrected_low_open,train
2024-07-01,2,0,0,0.0,0.0,stock_permission,corrected_low_open,train
2024-07-02,2,0,0,0.0,-4.367908441831169,stock_permission,corrected_low_open,train
2024-07-03,2,0,0,0.0,6.210000000000005,stock_permission,corrected_low_open,train
2024-07-04,2,0,0,0.0,14.147975270479131,stock_permission,corrected_low_open,train
2024-07-05,2,0,0,0.0,-11.003442449841582,stock_permission,corrected_low_open,train
2024-07-08,2,0,0,0.0,6.210000000000016,stock_permission,corrected_low_open,train
2024-07-09,2,0,0,0.0,3.362425409672511,stock_permission,corrected_low_open,train
2024-07-10,2,0,0,0.0,0.0,stock_permission,corrected_low_open,train
2024-07-11,2,0,0,0.0,-27.0206022112444,stock_permission,corrected_low_open,train
2024-07-12,2,0,1,-5.411698513800423,-5.411698513800423,stock_permission,corrected_low_open,train
2024-07-15,2,0,1,-6.210000000000005,-1.725483870967758,stock_permission,corrected_low_open,train
2024-07-16,2,0,0,0.0,0.0,stock_permission,corrected_low_open,train
2024-07-17,2,0,0,0.0,2.0192105263157965,stock_permission,corrected_low_open,train
2024-07-18,2,0,1,6.012707423580776,10.63671046772081,stock_permission,corrected_low_open,train
2024-07-19,2,0,0,0.0,14.420000000000012,stock_permission,corrected_low_open,train
2024-07-22,2,0,0,0.0,0.0,stock_permission,corrected_low_open,train
2024-07-23,2,0,1,-6.714065040650408,-11.511223217594111,stock_permission,corrected_low_open,train
2024-07-24,2,0,0,0.0,-7.615982525529539,stock_permission,corrected_low_open,train
2024-07-25,2,0,0,0.0,1.610560224089642,stock_permission,corrected_low_open,train
2024-07-26,2,0,0,0.0,-2.505231788079464,stock_permission,corrected_low_open,train
2024-07-29,2,0,0,0.0,-1.0104424103737566,stock_permission,corrected_low_open,train
2024-07-30,2,0,1,0.42025210084033393,-9.292339812492422,stock_permission,corrected_low_open,train
2024-07-31,2,0,0,0.0,6.210000000000005,stock_permission,corrected_low_open,train
2024-08-01,2,0,1,-7.319879963065557,2.150408577742369,stock_permission,corrected_low_open,train
2024-08-02,2,0,0,0.0,-0.06814629421274354,stock_permission,corrected_low_open,train
2024-08-05,2,0,0,0.0,3.137557251908409,stock_permission,corrected_low_open,train
2024-08-06,2,0,0,0.0,6.210000000000005,stock_permission,corrected_low_open,train
2024-08-07,2,0,0,0.0,-15.618877005347606,stock_permission,corrected_low_open,train
2024-08-08,2,0,1,-6.210000000000005,-1.4544110142147728,stock_permission,corrected_low_open,train
2024-08-09,2,0,0,0.0,2.8518300507311096,stock_permission,corrected_low_open,train
2024-08-12,2,0,1,-6.210000000000005,0.0,stock_permission,corrected_low_open,train
2024-08-13,2,0,0,0.0,-3.463905027995649,stock_permission,corrected_low_open,train
2024-08-14,2,0,0,0.0,5.402986997205019,stock_permission,corrected_low_open,train
2024-08-15,2,0,2,35.528332243296255,37.87244372958939,stock_permission,corrected_low_open,train
2024-08-16,2,0,0,0.0,0.0,stock_permission,corrected_low_open,train
2024-08-19,2,0,0,0.0,5.765555555555546,stock_permission,corrected_low_open,train
2024-08-20,2,0,1,8.074409654272683,0.0,stock_permission,corrected_low_open,train
2024-08-21,2,0,0,0.0,-1.1710931174089039,stock_permission,corrected_low_open,train
2024-08-22,2,0,0,0.0,0.0,stock_permission,corrected_low_open,train
2024-08-23,2,0,1,-6.209999999999995,0.6134263923276331,stock_permission,corrected_low_open,train
2024-08-26,2,0,1,-6.210000000000005,0.0,stock_permission,corrected_low_open,train
2024-08-27,2,0,0,0.0,-5.990527704485492,stock_permission,corrected_low_open,train
2024-08-28,2,0,1,-10.534729392173194,-10.534729392173194,stock_permission,corrected_low_open,train
2024-08-29,2,0,1,-0.33722646310433513,0.0,stock_permission,corrected_low_open,train
2024-08-30,2,0,1,-4.250404040404033,0.0,stock_permission,corrected_low_open,train
2024-09-02,2,0,0,0.0,6.210000000000005,stock_permission,corrected_low_open,train
2024-09-03,2,0,1,-6.210000000000005,5.846363636363628,stock_permission,corrected_low_open,train
2024-09-04,2,0,2,1.0430742566457356,7.253074256645752,stock_permission,corrected_low_open,train
2024-09-05,2,0,0,0.0,6.209999999999995,stock_permission,corrected_low_open,train
2024-09-06,2,0,2,-15.584251207729462,0.0,stock_permission,corrected_low_open,train
2024-09-09,2,0,0,0.0,2.910499534369017,stock_permission,corrected_low_open,train
2024-09-10,2,0,0,0.0,0.0,stock_permission,corrected_low_open,train
2024-09-11,2,0,1,7.293714710252596,6.210000000000005,stock_permission,corrected_low_open,train
2024-09-12,2,0,0,0.0,-1.5918018018018056,stock_permission,corrected_low_open,train
2024-09-13,2,0,0,0.0,6.210000000000016,stock_permission,corrected_low_open,train
2024-09-18,2,0,1,-0.5416749585406397,-12.094053718759744,stock_permission,corrected_low_open,train
2024-09-19,2,0,0,0.0,-14.002678936605315,stock_permission,corrected_low_open,train
2024-09-20,2,0,0,0.0,0.0,stock_permission,corrected_low_open,train
2024-09-23,2,0,2,2.171549295774631,-6.210000000000005,stock_permission,corrected_low_open,train
2024-09-24,2,0,1,6.5161904761904745,-1.5687403993855478,stock_permission,corrected_low_open,train
2024-09-25,2,0,0,0.0,-18.97194640338504,stock_permission,corrected_low_open,train
2024-09-26,2,0,2,63.85957694614031,20.116105821333903,stock_permission,corrected_low_open,train
2024-09-27,2,0,0,0.0,-0.3115123859191762,stock_permission,corrected_low_open,train
2024-09-30,2,0,0,0.0,0.0,stock_permission,corrected_low_open,train
2024-10-08,2,0,0,0.0,0.0,stock_permission,corrected_low_open,train
2024-10-09,2,0,1,-6.351732283464563,6.210000000000005,stock_permission,corrected_low_open,train
2024-10-10,2,0,0,0.0,0.0,stock_permission,corrected_low_open,train
2024-10-11,2,0,0,0.0,0.0,stock_permission,corrected_low_open,train
2024-10-14,2,0,2,4.972642257509039,0.0,stock_permission,corrected_low_open,train
2024-10-15,2,0,1,1.178888888888884,1.178888888888884,stock_permission,corrected_low_open,train
2024-10-16,2,0,1,-0.906864111498241,0.0,stock_permission,corrected_low_open,train
2024-10-17,2,0,0,0.0,0.0,stock_permission,corrected_low_open,train
2024-10-18,2,0,1,18.389033816425137,0.0,stock_permission,corrected_low_open,train
2024-10-21,2,0,0,0.0,0.0,stock_permission,corrected_low_open,train
2024-10-22,2,0,2,14.41363395632653,4.112838595928835,stock_permission,corrected_low_open,train
2024-10-23,2,0,2,12.592931895346492,0.0,stock_permission,corrected_low_open,train
2024-10-24,2,0,2,1.7764218854286788,0.0,stock_permission,corrected_low_open,train
2024-10-25,2,0,1,-1.48388535031846,0.0,stock_permission,corrected_low_open,train
2024-10-28,2,0,2,0.9096365007849032,5.7098210923800075,stock_permission,corrected_low_open,train
2024-10-29,2,0,2,-13.364444444444459,1.0662364634327233,stock_permission,corrected_low_open,train
2024-10-30,2,0,2,-7.086222518321129,0.0,stock_permission,corrected_low_open,train
2024-10-31,2,0,2,-12.42,0.0,stock_permission,corrected_low_open,train
2024-11-01,2,0,2,-17.120934579439265,0.0,stock_permission,corrected_low_open,train
2024-11-04,2,0,2,6.242129627596903,-3.4509181998288003,stock_permission,corrected_low_open,train
2024-11-05,2,0,2,6.377139296100663,0.0,stock_permission,corrected_low_open,train
2024-11-06,2,0,2,3.545314336119774,-21.82216024485828,stock_permission,corrected_low_open,train
2024-11-07,2,0,2,-0.8631314623338122,0.0,stock_permission,corrected_low_open,train
2024-11-08,2,0,2,-2.3023529411764683,-5.324324324324314,stock_permission,corrected_low_open,train
2024-11-11,2,0,2,-4.2504377223152945,0.0,stock_permission,corrected_low_open,train
2024-11-12,2,0,1,-6.210000000000005,0.0,stock_permission,corrected_low_open,train
2024-11-13,2,0,2,-12.41999999999999,0.0,stock_permission,corrected_low_open,train
2024-11-14,2,0,2,8.498032786885233,0.0,stock_permission,corrected_low_open,train
2024-11-15,2,0,2,-12.42000000000001,0.0,stock_permission,corrected_low_open,train
2024-11-18,2,0,0,0.0,0.0,stock_permission,corrected_low_open,train
2024-11-19,2,0,2,13.405760563279287,11.109648093841649,stock_permission,corrected_low_open,train
2024-11-20,2,0,2,0.26908819133032313,0.0,stock_permission,corrected_low_open,train
2024-11-21,2,0,2,-0.9095591647331664,5.300440835266839,stock_permission,corrected_low_open,train
2024-11-22,2,0,2,-12.42,0.0,stock_permission,corrected_low_open,train
2024-11-25,2,0,2,1.1886956521739087,0.8617558022199656,stock_permission,corrected_low_open,train
2024-11-26,2,0,0,0.0,0.0,stock_permission,corrected_low_open,train
2024-11-27,2,0,2,5.195987460815042,0.0,stock_permission,corrected_low_open,train
2024-11-28,2,0,2,4.406384110820592,-1.2750887573964595,stock_permission,corrected_low_open,train
2024-11-29,2,0,2,0.10454181588372435,0.0,stock_permission,corrected_low_open,train
2024-12-02,2,0,2,0.4478459937564887,-8.593010146561443,stock_permission,corrected_low_open,train
2024-12-03,2,0,2,-11.530228180672268,0.0,stock_permission,corrected_low_open,train
2024-12-04,2,0,2,2.2037530585356495,0.0,stock_permission,corrected_low_open,train
2024-12-05,2,0,2,6.317506362846968,0.0,stock_permission,corrected_low_open,train
2024-12-06,2,0,2,-0.5844545911852035,0.0,stock_permission,corrected_low_open,train
2024-12-09,2,0,2,44.53779592111333,0.0,stock_permission,corrected_low_open,train
2024-12-10,2,0,2,2.2434809740557653,2.2434809740557653,stock_permission,corrected_low_open,train
2024-12-11,2,0,2,16.447838839729354,0.0,stock_permission,corrected_low_open,train
2024-12-12,2,0,2,-12.42000000000001,0.0,stock_permission,corrected_low_open,train
2024-12-13,2,0,2,6.328710390567436,0.0,stock_permission,corrected_low_open,train
2024-12-16,2,0,2,6.153673870334006,18.573673870334016,stock_permission,corrected_low_open,train
2024-12-17,2,0,2,-17.012185592185595,0.0,stock_permission,corrected_low_open,train
2024-12-18,2,0,2,-17.51074243813017,-5.090742438130148,stock_permission,corrected_low_open,train
2024-12-19,2,0,0,0.0,0.0,stock_permission,corrected_low_open,train
2024-12-20,2,0,2,-17.689276393831534,0.0,stock_permission,corrected_low_open,train
2024-12-23,2,0,2,-0.792655273030431,0.0,stock_permission,corrected_low_open,train
2024-12-24,2,0,2,5.204151084790019,3.2206894288308474,stock_permission,corrected_low_open,train
2024-12-25,2,0,2,24.202311730411004,19.319719137818424,stock_permission,corrected_low_open,train
2024-12-26,2,0,2,-4.207734528143383,0.0,stock_permission,corrected_low_open,train
2024-12-27,2,0,1,-6.210000000000005,0.0,stock_permission,corrected_low_open,train
2024-12-30,2,0,2,-12.42000000000001,0.0,stock_permission,corrected_low_open,train
2024-12-31,2,0,2,-12.42000000000001,0.0,stock_permission,corrected_low_open,train
2025-01-02,2,0,2,-25.593831549670455,6.826064433548183,stock_permission,corrected_low_open,train
2025-01-03,2,0,2,-22.541329491195285,0.0,stock_permission,corrected_low_open,train
2025-01-06,2,0,1,6.131463414634174,6.823778527174373,stock_permission,corrected_low_open,train
2025-01-07,2,0,0,0.0,0.0,stock_permission,corrected_low_open,train
2025-01-08,2,0,1,-6.672984723854282,0.0,stock_permission,corrected_low_open,train
2025-01-09,2,0,2,1.0987969924811978,-6.210000000000016,stock_permission,corrected_low_open,train
2025-01-10,2,0,0,0.0,0.0,stock_permission,corrected_low_open,train
2025-01-13,2,0,1,9.039743062692704,-10.741403148528427,stock_permission,corrected_low_open,train
2025-01-14,2,0,2,17.217540857952347,-2.4844503411675554,stock_permission,corrected_low_open,train
2025-01-15,2,0,0,0.0,0.635170068027203,stock_permission,corrected_low_open,train
2025-01-16,2,0,2,-3.6440581625908814,-4.165142915904186,stock_permission,corrected_low_open,train
2025-01-17,2,0,0,0.0,3.0338722009830583,stock_permission,corrected_low_open,train
2025-01-20,2,0,1,-6.210000000000005,-3.8399951176691918,stock_permission,corrected_low_open,train
2025-01-21,2,0,1,-6.210000000000005,-6.210000000000005,stock_permission,corrected_low_open,train
2025-01-22,2,0,0,0.0,5.049428227548915,stock_permission,corrected_low_open,train
2025-01-23,2,0,0,0.0,0.0,stock_permission,corrected_low_open,train
2025-01-24,2,0,1,0.5080156657963455,0.5993825212307189,stock_permission,corrected_low_open,train
2025-01-27,2,0,1,-6.401369606003749,6.2099999999999955,stock_permission,corrected_low_open,train
2025-02-05,2,0,0,0.0,-4.322415375788856,stock_permission,corrected_low_open,train
2025-02-06,2,0,1,4.3012781954887105,-1.8002483247930625,stock_permission,corrected_low_open,train
2025-02-07,2,0,1,-1.6034426229508356,-1.6034426229508356,stock_permission,corrected_low_open,train
2025-02-10,2,0,2,-6.2468398268398575,-6.444711366761679,stock_permission,corrected_low_open,train
2025-02-11,2,0,1,-2.857161267850928,4.8539127008546235,stock_permission,corrected_low_open,train
2025-02-12,2,0,0,0.0,-9.139705774949135,stock_permission,corrected_low_open,train
2025-02-13,2,0,2,-12.420000000000032,-1.0658141036401503e-14,stock_permission,corrected_low_open,train
2025-02-14,2,0,2,2.136405353728496,4.604650334228254,stock_permission,corrected_low_open,train
2025-02-17,2,0,0,0.0,0.0,stock_permission,corrected_low_open,train
2025-02-18,2,0,2,-9.227443260063353,-14.628612826965593,stock_permission,corrected_low_open,train
2025-02-19,2,0,2,0.9583181387859612,-3.2610770279482,stock_permission,corrected_low_open,train
2025-02-20,2,0,0,0.0,0.0,stock_permission,corrected_low_open,train
2025-02-21,2,0,2,17.420182000598068,15.072531166194988,stock_permission,corrected_low_open,train
2025-02-24,2,0,2,-3.689372693726935,-2.074567498921742,stock_permission,corrected_low_open,train
2025-02-25,2,0,2,-8.920000000000018,0.0,stock_permission,corrected_low_open,train
2025-02-26,2,0,2,-7.233008130081277,-6.209999999999994,stock_permission,corrected_low_open,train
2025-02-27,2,0,2,9.25079075991426,15.460790759914264,stock_permission,corrected_low_open,train
2025-02-28,2,0,2,-14.75333333333333,0.0,stock_permission,corrected_low_open,train
2025-03-03,2,0,1,-8.84213811420982,7.233411371237441,stock_permission,corrected_low_open,train
2025-03-04,2,0,0,0.0,0.0,stock_permission,corrected_low_open,train
2025-03-05,2,0,2,0.9571073233752703,-4.447325253393764,stock_permission,corrected_low_open,train
2025-03-06,2,0,2,4.6537919827814616,1.6462470602730983,stock_permission,corrected_low_open,train
2025-03-07,2,0,2,32.81492275698154,38.88770053475933,stock_permission,corrected_low_open,train
2025-03-10,2,0,2,4.045387374958796,12.549707602339177,stock_permission,corrected_low_open,train
2025-03-11,2,0,2,6.3379816504324875,0.0,stock_permission,corrected_low_open,train
2025-03-12,2,0,1,-6.210000000000005,-6.210000000000005,stock_permission,corrected_low_open,train
2025-03-13,2,0,1,-9.591443298969084,0.0,stock_permission,corrected_low_open,train
2025-03-14,2,0,2,-0.15040752351095588,-6.209999999999995,stock_permission,corrected_low_open,train
2025-03-17,2,0,0,0.0,0.0,stock_permission,corrected_low_open,train
2025-03-18,2,0,0,0.0,-5.43383244206774,stock_permission,corrected_low_open,train
2025-03-19,2,0,1,18.23660194174754,0.0,stock_permission,corrected_low_open,train
2025-03-20,2,0,2,-12.42,-12.42,stock_permission,corrected_low_open,train
2025-03-21,2,0,1,-6.210000000000005,0.0,stock_permission,corrected_low_open,train
2025-03-24,2,0,2,-1.344019185936531,14.562843613137156,stock_permission,corrected_low_open,train
2025-03-25,2,0,2,-15.507104419426057,-8.665114822546983,stock_permission,corrected_low_open,train
2025-03-26,2,0,2,-9.315480225988717,-3.1054802259887113,stock_permission,corrected_low_open,train
2025-03-27,2,0,2,-11.015995625428657,0.0,stock_permission,corrected_low_open,train
2025-03-28,2,0,2,0.13640874187832264,3.5827900912646653,stock_permission,corrected_low_open,train
2025-03-31,2,0,2,-5.212650918635166,0.0,stock_permission,corrected_low_open,train
2025-04-01,2,0,0,0.0,0.0,stock_permission,corrected_low_open,train
2025-04-02,2,0,0,0.0,0.0,stock_permission,corrected_low_open,train
2025-04-03,2,0,2,-12.067849659017918,0.0,stock_permission,corrected_low_open,train
2025-04-07,2,0,1,-10.183226238286482,0.0,stock_permission,corrected_low_open,train
2025-04-08,2,0,0,0.0,-15.221164901664139,stock_permission,corrected_low_open,train
2025-04-09,2,0,0,0.0,0.0,stock_permission,corrected_low_open,train
2025-04-10,2,0,0,0.0,1.3847430249632762,stock_permission,corrected_low_open,train
2025-04-11,2,0,2,-2.386372505801406,-4.369920892898183,stock_permission,corrected_low_open,train
2025-04-14,2,0,2,-5.041621621621619,0.0,stock_permission,corrected_low_open,train
2025-04-15,2,0,2,-10.874486765655258,-13.073365846268182,stock_permission,corrected_low_open,train
2025-04-16,2,0,1,-9.764730983302417,-8.677325665538358,stock_permission,corrected_low_open,train
2025-04-17,2,0,2,8.963157743338964,5.702973909870488,stock_permission,corrected_low_open,train
2025-04-18,2,0,0,0.0,-3.1192231812577234,stock_permission,corrected_low_open,train
2025-04-21,2,0,2,-5.90875255623722,-3.102197934388462,stock_permission,corrected_low_open,train
2025-04-22,2,0,0,0.0,-2.939606299212593,stock_permission,corrected_low_open,train
2025-04-23,2,0,1,0.2793964110930016,10.230080890547965,stock_permission,corrected_low_open,train
2025-04-24,2,0,1,-8.964974417282548,4.006296296296309,stock_permission,corrected_low_open,train
2025-04-25,2,0,2,10.598413873637089,13.551260588965562,stock_permission,corrected_low_open,train
2025-04-28,2,0,1,-6.210000000000005,0.0,stock_permission,corrected_low_open,train
2025-04-29,2,0,0,0.0,-17.83239744586602,stock_permission,corrected_low_open,train
2025-04-30,2,0,1,4.37502611723739,-1.5345844529990327,stock_permission,corrected_low_open,train
2025-05-06,2,0,0,0.0,0.0,stock_permission,corrected_low_open,train
2025-05-07,2,0,0,0.0,0.0,stock_permission,corrected_low_open,train
2025-05-08,2,0,0,0.0,-6.661024930747937,stock_permission,corrected_low_open,train
2025-05-09,2,0,1,11.106239316239328,11.689838319975308,stock_permission,corrected_low_open,train
2025-05-12,2,0,1,3.7900000000000036,-8.770009298000936,stock_permission,corrected_low_open,train
2025-05-13,2,0,2,-5.252755905511788,1.8372440944881987,stock_permission,corrected_low_open,train
2025-05-14,2,0,1,-4.050749414519918,1.600284870209868,stock_permission,corrected_low_open,train
2025-05-15,2,0,0,0.0,-2.0755530474040764,stock_permission,corrected_low_open,train
2025-05-16,2,0,0,0.0,4.583541807541449,stock_permission,corrected_low_open,train
2025-05-19,2,0,2,-2.217548343231936,0.0,stock_permission,corrected_low_open,train
2025-05-20,2,0,1,-7.9533628318584135,-7.9533628318584135,stock_permission,corrected_low_open,train
2025-05-21,2,0,0,0.0,-2.9215583483902945,stock_permission,corrected_low_open,train
2025-05-22,2,0,2,-1.5205025125628175,-3.322724734785031,stock_permission,corrected_low_open,train
2025-05-23,2,0,2,10.783699757043594,12.27529289000615,stock_permission,corrected_low_open,train
2025-05-26,2,0,1,25.8955634807418,24.38922674066164,stock_permission,corrected_low_open,train
2025-05-27,2,0,0,0.0,0.0,stock_permission,corrected_low_open,train
2025-05-28,2,0,1,23.64675545154273,6.210000000000015,stock_permission,corrected_low_open,train
2025-05-29,2,0,2,-8.239757365684587,-1.0169027715721706,stock_permission,corrected_low_open,train
2025-05-30,2,0,2,-3.2065707434052815,0.0,stock_permission,corrected_low_open,train
2025-06-03,2,0,2,0.05828348364200586,0.0,stock_permission,corrected_low_open,train
2025-06-04,2,0,0,0.0,0.0,stock_permission,corrected_low_open,train
2025-06-05,2,0,2,-1.802427684659282,7.502069347183083,stock_permission,corrected_low_open,train
2025-06-06,2,0,2,-7.90131179165662,-5.105104895104907,stock_permission,corrected_low_open,train
2025-06-09,2,0,2,3.756246071507916,-1.6570633447503882,stock_permission,corrected_low_open,train
2025-06-10,2,0,2,-9.506998312865903,0.0,stock_permission,corrected_low_open,train
2025-06-11,2,0,2,9.070554371266958,0.0,stock_permission,corrected_low_open,train
2025-06-12,2,0,2,-7.440408163265312,0.0,stock_permission,corrected_low_open,train
2025-06-13,2,0,2,-12.420000000000021,0.0,stock_permission,corrected_low_open,train
2025-06-16,2,0,2,-7.551071190951443,0.0,stock_permission,corrected_low_open,train
2025-06-17,2,0,2,-12.42,0.0,stock_permission,corrected_low_open,train
2025-06-18,2,0,2,-12.420000000000021,-10.615384615384638,stock_permission,corrected_low_open,train
2025-06-19,2,0,2,1.307272727272733,0.0,stock_permission,corrected_low_open,train
2025-06-20,2,0,1,-6.210000000000016,0.0,stock_permission,corrected_low_open,train
2025-06-23,2,0,2,18.703257168086115,9.625942254025153,stock_permission,corrected_low_open,train
2025-06-24,2,0,1,-2.0101800180017846,-5.963994387277815,stock_permission,corrected_low_open,train
2025-06-25,2,0,1,1.3502836879432758,2.800807464648991,stock_permission,corrected_low_open,train
2024-01-02,2,0,1,-1.6616129032257962,0.0,stock_permission,full_shape,train
2024-01-03,2,0,2,20.3507426567997,17.194554418903262,stock_permission,full_shape,train
2024-01-04,2,0,2,-3.777604227833244,-8.506963788300848,stock_permission,full_shape,train
2024-01-05,2,0,2,-16.88707934721439,0.0,stock_permission,full_shape,train
2024-01-08,2,0,2,-3.0416427687604797,14.507106670419347,stock_permission,full_shape,train
2024-01-09,2,0,2,-12.420000000000021,0.0,stock_permission,full_shape,train
2024-01-10,2,0,2,0.9632382369966201,0.0,stock_permission,full_shape,train
2024-01-11,2,0,2,6.919203938557237,0.8564309123282108,stock_permission,full_shape,train
2024-01-12,2,0,2,-6.648484386900234,5.771515613099776,stock_permission,full_shape,train
2024-01-15,2,0,1,-6.210000000000005,2.501237987563578,stock_permission,full_shape,train
2024-01-16,2,0,1,-6.210000000000005,1.3384255776464409,stock_permission,full_shape,train
2024-01-17,2,0,2,-12.42000000000001,0.7599067599067482,stock_permission,full_shape,train
2024-01-18,2,0,2,-26.698113825485407,0.7826086956521756,stock_permission,full_shape,train
2024-01-19,2,0,1,-6.210000000000005,25.445454246313062,stock_permission,full_shape,train
2024-01-22,2,0,2,-16.466367851622888,5.748053786270326,stock_permission,full_shape,train
2024-01-23,2,0,2,-3.2587013251218178,0.0,stock_permission,full_shape,train
2024-01-24,2,0,1,5.854880112834992,0.0,stock_permission,full_shape,train
2024-01-25,2,0,0,0.0,18.234862848658487,stock_permission,full_shape,train
2024-01-26,2,0,0,0.0,2.6246544546211457,stock_permission,full_shape,train
2024-01-29,2,0,0,0.0,13.639512195121963,stock_permission,full_shape,train
2024-01-30,2,0,0,0.0,12.420000000000021,stock_permission,full_shape,train
2024-01-31,2,0,0,0.0,6.210000000000005,stock_permission,full_shape,train
2024-02-01,2,0,1,-22.86625000000001,6.210000000000015,stock_permission,full_shape,train
2024-02-02,2,0,0,0.0,9.310093055304705,stock_permission,full_shape,train
2024-02-05,2,0,0,0.0,31.502574048636227,stock_permission,full_shape,train
2024-02-06,2,0,0,0.0,-27.307192700099044,stock_permission,full_shape,train
2024-02-07,2,0,0,0.0,0.0,stock_permission,full_shape,train
2024-02-08,2,0,0,0.0,0.1687968685620165,stock_permission,full_shape,train
2024-02-19,2,0,0,0.0,-36.45950582082795,stock_permission,full_shape,train
2024-02-20,2,0,0,0.0,-17.477739458671167,stock_permission,full_shape,train
2024-02-21,2,0,0,0.0,-31.760938374062704,stock_permission,full_shape,train
2024-02-22,2,0,0,0.0,-30.572985513497116,stock_permission,full_shape,train
2024-02-23,2,0,0,0.0,0.0,stock_permission,full_shape,train
2024-02-26,2,0,0,0.0,-36.20150173866694,stock_permission,full_shape,train
2024-02-27,2,0,0,0.0,15.993241061130362,stock_permission,full_shape,train
2024-02-28,2,0,0,0.0,22.6256365423581,stock_permission,full_shape,train
2024-02-29,2,0,0,0.0,-0.2616880343450183,stock_permission,full_shape,train
2024-03-01,2,0,0,0.0,0.0,stock_permission,full_shape,train
2024-03-04,2,0,1,-2.7779196129512638,0.0,stock_permission,full_shape,train
2024-03-05,2,0,0,0.0,9.013965060878784,stock_permission,full_shape,train
2024-03-06,2,0,0,0.0,-7.360025284450042,stock_permission,full_shape,train
2024-03-07,2,0,0,0.0,0.0,stock_permission,full_shape,train
2024-03-08,2,0,0,0.0,-0.5892949192711976,stock_permission,full_shape,train
2024-03-11,2,0,1,-6.210000000000005,-6.196926406926405,stock_permission,full_shape,train
2024-03-12,2,0,0,0.0,-3.614352842065836,stock_permission,full_shape,train
2024-03-13,2,0,1,-6.210000000000005,-12.921485380389063,stock_permission,full_shape,train
2024-03-14,2,0,0,0.0,-6.3512097667919525,stock_permission,full_shape,train
2024-03-15,2,0,0,0.0,-3.276671878490032,stock_permission,full_shape,train
2024-03-18,2,0,1,15.289425947187139,16.51271812825711,stock_permission,full_shape,train
2024-03-19,2,0,0,0.0,2.2725117516249744,stock_permission,full_shape,train
2024-03-20,2,0,0,0.0,5.494199966838,stock_permission,full_shape,train
2024-03-21,2,0,0,0.0,-2.559083461119725,stock_permission,full_shape,train
2024-03-22,2,0,1,4.995811138014527,3.0420479054676495,stock_permission,full_shape,train
2024-03-25,2,0,0,0.0,14.807622149837144,stock_permission,full_shape,train
2024-03-26,2,0,1,-6.210000000000005,8.349534883720956,stock_permission,full_shape,train
2024-03-27,2,0,0,0.0,13.889040482671202,stock_permission,full_shape,train
2024-03-28,2,0,0,0.0,-17.03565263911901,stock_permission,full_shape,train
2024-03-29,2,0,0,0.0,6.753333333333336,stock_permission,full_shape,train
2024-04-01,2,0,2,-9.442670025188907,1.0658141036401503e-14,stock_permission,full_shape,train
2024-04-02,2,0,2,-12.42000000000001,-5.022126022126028,stock_permission,full_shape,train
2024-04-03,2,0,2,-12.42000000000001,1.3613766730401604,stock_permission,full_shape,train
2024-04-08,2,0,0,0.0,6.88511627906976,stock_permission,full_shape,train
2024-04-09,2,0,1,-6.210000000000005,-1.2283043149129416,stock_permission,full_shape,train
2024-04-10,2,0,2,-12.42000000000001,0.0,stock_permission,full_shape,train
2024-04-11,2,0,2,-26.6104761904762,-14.190476190476188,stock_permission,full_shape,train
2024-04-12,2,0,0,0.0,18.862849740932653,stock_permission,full_shape,train
2024-04-15,2,0,2,-12.078225923881305,3.7241591626260515,stock_permission,full_shape,train
2024-04-16,2,0,2,11.71628183831673,0.0,stock_permission,full_shape,train
2024-04-17,2,0,1,2.541119641714639,0.0,stock_permission,full_shape,train
2024-04-18,2,0,0,0.0,6.210000000000005,stock_permission,full_shape,train
2024-04-19,2,0,1,-6.210000000000005,-17.97940586447999,stock_permission,full_shape,train
2024-04-22,2,0,2,4.037516339869248,-2.413190925027986,stock_permission,full_shape,train
2024-04-23,2,0,2,7.794259345481079,1.2994724379412625,stock_permission,full_shape,train
2024-04-24,2,0,2,5.782934512892422,-2.7756931415467987,stock_permission,full_shape,train
2024-04-25,2,0,2,-4.545618443770585,0.0,stock_permission,full_shape,train
2024-04-26,2,0,1,8.67671875,-19.456666666666653,stock_permission,full_shape,train
2024-04-29,2,0,1,-6.210000000000005,-26.17739889314603,stock_permission,full_shape,train
2024-04-30,2,0,2,9.82872836901034,11.57140103358698,stock_permission,full_shape,train
2024-05-06,2,0,1,-1.0478378378378403,-5.345555555555558,stock_permission,full_shape,train
2024-05-07,2,0,2,-4.974891203369193,0.0,stock_permission,full_shape,train
2024-05-08,2,0,2,2.9110058560207523,15.331005856020752,stock_permission,full_shape,train
2024-05-09,2,0,0,0.0,6.210000000000005,stock_permission,full_shape,train
2024-05-10,2,0,0,0.0,0.0,stock_permission,full_shape,train
2024-05-13,2,0,2,-2.2684848484848548,0.0,stock_permission,full_shape,train
2024-05-14,2,0,0,0.0,0.0,stock_permission,full_shape,train
2024-05-15,2,0,0,0.0,0.515110602593428,stock_permission,full_shape,train
2024-05-16,2,0,2,-2.2151884218162072,0.0,stock_permission,full_shape,train
2024-05-17,2,0,1,-0.08730061349693322,-10.600148299444976,stock_permission,full_shape,train
2024-05-20,2,0,0,0.0,0.0,stock_permission,full_shape,train
2024-05-21,2,0,0,0.0,8.398088861838106,stock_permission,full_shape,train
2024-05-22,2,0,1,-6.210000000000005,-21.878047966651657,stock_permission,full_shape,train
2024-05-23,2,0,0,0.0,0.0,stock_permission,full_shape,train
2024-05-24,2,0,0,0.0,16.349240506329124,stock_permission,full_shape,train
2024-05-27,2,0,0,0.0,2.4877822695097427,stock_permission,full_shape,train
2024-05-28,2,0,2,-13.279350395149327,0.0,stock_permission,full_shape,train
2024-05-29,2,0,2,-2.5183471845169354,5.9252615844544,stock_permission,full_shape,train
2024-05-30,2,0,0,0.0,0.0,stock_permission,full_shape,train
2024-05-31,2,0,0,0.0,0.0,stock_permission,full_shape,train
2024-06-03,2,0,1,-9.227341040462434,0.0,stock_permission,full_shape,train
2024-06-04,2,0,1,-7.452339832869082,0.0,stock_permission,full_shape,train
2024-06-05,2,0,0,0.0,0.0,stock_permission,full_shape,train
2024-06-06,2,0,2,-20.447100271002732,-3.0122757318224913,stock_permission,full_shape,train
2024-06-07,2,0,0,0.0,12.42,stock_permission,full_shape,train
2024-06-11,2,0,0,0.0,-7.722263814616758,stock_permission,full_shape,train
2024-06-12,2,0,0,0.0,-8.244810495626819,stock_permission,full_shape,train
2024-06-13,2,0,0,0.0,0.0,stock_permission,full_shape,train
2024-06-14,2,0,2,15.011351484682576,0.0,stock_permission,full_shape,train
2024-06-17,2,0,1,4.3354545454545415,1.6897507788162023,stock_permission,full_shape,train
2024-06-18,2,0,0,0.0,12.597105831533474,stock_permission,full_shape,train
2024-06-19,2,0,0,0.0,12.42000000000001,stock_permission,full_shape,train
2024-06-20,2,0,0,0.0,9.804841795437826,stock_permission,full_shape,train
2024-06-21,2,0,1,-6.210000000000005,6.210000000000005,stock_permission,full_shape,train
2024-06-24,2,0,1,-6.210000000000005,0.0,stock_permission,full_shape,train
2024-06-25,2,0,0,0.0,6.210000000000005,stock_permission,full_shape,train
2024-06-26,2,0,0,0.0,1.130949217913026,stock_permission,full_shape,train
2024-06-27,2,0,0,0.0,1.9068635201115698,stock_permission,full_shape,train
2024-06-28,2,0,0,0.0,8.746411526245414,stock_permission,full_shape,train
2024-07-01,2,0,0,0.0,0.0,stock_permission,full_shape,train
2024-07-02,2,0,0,0.0,-4.367908441831169,stock_permission,full_shape,train
2024-07-03,2,0,0,0.0,6.210000000000005,stock_permission,full_shape,train
2024-07-04,2,0,0,0.0,14.147975270479131,stock_permission,full_shape,train
2024-07-05,2,0,0,0.0,-11.003442449841582,stock_permission,full_shape,train
2024-07-08,2,0,0,0.0,6.210000000000016,stock_permission,full_shape,train
2024-07-09,2,0,0,0.0,3.362425409672511,stock_permission,full_shape,train
2024-07-10,2,0,0,0.0,0.0,stock_permission,full_shape,train
2024-07-11,2,0,0,0.0,-27.0206022112444,stock_permission,full_shape,train
2024-07-12,2,0,1,-5.411698513800423,-6.0652721374197185,stock_permission,full_shape,train
2024-07-15,2,0,1,-6.210000000000005,-1.725483870967758,stock_permission,full_shape,train
2024-07-16,2,0,0,0.0,8.800677227294265,stock_permission,full_shape,train
2024-07-17,2,0,0,0.0,2.0192105263157965,stock_permission,full_shape,train
2024-07-18,2,0,1,6.012707423580776,10.63671046772081,stock_permission,full_shape,train
2024-07-19,2,0,0,0.0,14.420000000000012,stock_permission,full_shape,train
2024-07-22,2,0,0,0.0,0.0,stock_permission,full_shape,train
2024-07-23,2,0,1,-6.714065040650408,-11.511223217594111,stock_permission,full_shape,train
2024-07-24,2,0,0,0.0,-7.615982525529539,stock_permission,full_shape,train
2024-07-25,2,0,0,0.0,-2.82078998688081,stock_permission,full_shape,train
2024-07-26,2,0,0,0.0,-2.505231788079464,stock_permission,full_shape,train
2024-07-29,2,0,0,0.0,-1.0104424103737566,stock_permission,full_shape,train
2024-07-30,2,0,1,0.42025210084033393,-10.76428006290233,stock_permission,full_shape,train
2024-07-31,2,0,0,0.0,6.210000000000005,stock_permission,full_shape,train
2024-08-01,2,0,1,-7.319879963065557,2.150408577742369,stock_permission,full_shape,train
2024-08-02,2,0,0,0.0,-0.06814629421274354,stock_permission,full_shape,train
2024-08-05,2,0,0,0.0,3.137557251908409,stock_permission,full_shape,train
2024-08-06,2,0,0,0.0,10.664158321411545,stock_permission,full_shape,train
2024-08-07,2,0,0,0.0,-15.618877005347606,stock_permission,full_shape,train
2024-08-08,2,0,1,-6.210000000000005,-1.4544110142147728,stock_permission,full_shape,train
2024-08-09,2,0,0,0.0,2.8518300507311096,stock_permission,full_shape,train
2024-08-12,2,0,1,-6.210000000000005,0.0,stock_permission,full_shape,train
2024-08-13,2,0,0,0.0,-3.463905027995649,stock_permission,full_shape,train
2024-08-14,2,0,0,0.0,5.402986997205019,stock_permission,full_shape,train
2024-08-15,2,0,2,35.528332243296255,31.568575932737776,stock_permission,full_shape,train
2024-08-16,2,0,0,0.0,0.0,stock_permission,full_shape,train
2024-08-19,2,0,0,0.0,5.765555555555546,stock_permission,full_shape,train
2024-08-20,2,0,1,8.074409654272683,0.0,stock_permission,full_shape,train
2024-08-21,2,0,0,0.0,-1.1710931174089039,stock_permission,full_shape,train
2024-08-22,2,0,0,0.0,0.0,stock_permission,full_shape,train
2024-08-23,2,0,1,-6.209999999999995,0.6134263923276331,stock_permission,full_shape,train
2024-08-26,2,0,1,-6.210000000000005,2.0820748829953333,stock_permission,full_shape,train
2024-08-27,2,0,0,0.0,-5.990527704485492,stock_permission,full_shape,train
2024-08-28,2,0,1,-10.534729392173194,0.0,stock_permission,full_shape,train
2024-08-29,2,0,1,-0.33722646310433513,0.0,stock_permission,full_shape,train
2024-08-30,2,0,1,-4.250404040404033,0.0,stock_permission,full_shape,train
2024-09-02,2,0,0,0.0,6.210000000000005,stock_permission,full_shape,train
2024-09-03,2,0,1,-6.210000000000005,5.846363636363628,stock_permission,full_shape,train
2024-09-04,2,0,2,1.0430742566457356,0.0,stock_permission,full_shape,train
2024-09-05,2,0,0,0.0,7.307902330743612,stock_permission,full_shape,train
2024-09-06,2,0,2,-15.584251207729462,0.0,stock_permission,full_shape,train
2024-09-09,2,0,0,0.0,2.910499534369017,stock_permission,full_shape,train
2024-09-10,2,0,0,0.0,0.0,stock_permission,full_shape,train
2024-09-11,2,0,1,7.293714710252596,6.210000000000005,stock_permission,full_shape,train
2024-09-12,2,0,0,0.0,-1.5918018018018056,stock_permission,full_shape,train
2024-09-13,2,0,0,0.0,6.210000000000016,stock_permission,full_shape,train
2024-09-18,2,0,1,-0.5416749585406397,-12.094053718759744,stock_permission,full_shape,train
2024-09-19,2,0,0,0.0,-14.002678936605315,stock_permission,full_shape,train
2024-09-20,2,0,0,0.0,0.0,stock_permission,full_shape,train
2024-09-23,2,0,2,2.171549295774631,4.656955529806317,stock_permission,full_shape,train
2024-09-24,2,0,1,6.5161904761904745,-12.370378716305886,stock_permission,full_shape,train
2024-09-25,2,0,0,0.0,-41.19784383928246,stock_permission,full_shape,train
2024-09-26,2,0,2,63.85957694614031,20.116105821333903,stock_permission,full_shape,train
2024-09-27,2,0,0,0.0,-0.3115123859191762,stock_permission,full_shape,train
2024-09-30,2,0,0,0.0,0.0,stock_permission,full_shape,train
2024-10-08,2,0,0,0.0,32.2684021819415,stock_permission,full_shape,train
2024-10-09,2,0,1,-6.351732283464563,6.210000000000005,stock_permission,full_shape,train
2024-10-10,2,0,0,0.0,0.0,stock_permission,full_shape,train
2024-10-11,2,0,0,0.0,0.0,stock_permission,full_shape,train
2024-10-14,2,0,2,4.972642257509039,0.0,stock_permission,full_shape,train
2024-10-15,2,0,1,1.178888888888884,0.0,stock_permission,full_shape,train
2024-10-16,2,0,1,-0.906864111498241,0.0,stock_permission,full_shape,train
2024-10-17,2,0,0,0.0,0.0,stock_permission,full_shape,train
2024-10-18,2,0,1,18.389033816425137,0.0,stock_permission,full_shape,train
2024-10-21,2,0,0,0.0,0.0,stock_permission,full_shape,train
2024-10-22,2,0,2,14.41363395632653,4.112838595928835,stock_permission,full_shape,train
2024-10-23,2,0,2,12.592931895346492,0.0,stock_permission,full_shape,train
2024-10-24,2,0,2,1.7764218854286788,0.0,stock_permission,full_shape,train
2024-10-25,2,0,1,-1.48388535031846,0.0,stock_permission,full_shape,train
2024-10-28,2,0,2,0.9096365007849032,0.0,stock_permission,full_shape,train
2024-10-29,2,0,2,-13.364444444444459,0.0,stock_permission,full_shape,train
2024-10-30,2,0,2,-7.086222518321129,0.0,stock_permission,full_shape,train
2024-10-31,2,0,2,-12.42,0.0,stock_permission,full_shape,train
2024-11-01,2,0,2,-17.120934579439265,0.0,stock_permission,full_shape,train
2024-11-04,2,0,2,6.242129627596903,-3.4509181998288003,stock_permission,full_shape,train
2024-11-05,2,0,2,6.377139296100663,0.0,stock_permission,full_shape,train
2024-11-06,2,0,2,3.545314336119774,0.7997546341245165,stock_permission,full_shape,train
2024-11-07,2,0,2,-0.8631314623338122,0.0,stock_permission,full_shape,train
2024-11-08,2,0,2,-2.3023529411764683,0.0,stock_permission,full_shape,train
2024-11-11,2,0,2,-4.2504377223152945,0.0,stock_permission,full_shape,train
2024-11-12,2,0,1,-6.210000000000005,0.0,stock_permission,full_shape,train
2024-11-13,2,0,2,-12.41999999999999,0.0,stock_permission,full_shape,train
2024-11-14,2,0,2,8.498032786885233,0.0,stock_permission,full_shape,train
2024-11-15,2,0,2,-12.42000000000001,0.0,stock_permission,full_shape,train
2024-11-18,2,0,0,0.0,0.0,stock_permission,full_shape,train
2024-11-19,2,0,2,13.405760563279287,0.0,stock_permission,full_shape,train
2024-11-20,2,0,2,0.26908819133032313,0.0,stock_permission,full_shape,train
2024-11-21,2,0,2,-0.9095591647331664,0.0,stock_permission,full_shape,train
2024-11-22,2,0,2,-12.42,0.0,stock_permission,full_shape,train
2024-11-25,2,0,2,1.1886956521739087,0.0,stock_permission,full_shape,train
2024-11-26,2,0,0,0.0,0.0,stock_permission,full_shape,train
2024-11-27,2,0,2,5.195987460815042,0.0,stock_permission,full_shape,train
2024-11-28,2,0,2,4.406384110820592,0.0,stock_permission,full_shape,train
2024-11-29,2,0,2,0.10454181588372435,0.0,stock_permission,full_shape,train
2024-12-02,2,0,2,0.4478459937564887,-8.593010146561443,stock_permission,full_shape,train
2024-12-03,2,0,2,-11.530228180672268,0.0,stock_permission,full_shape,train
2024-12-04,2,0,2,2.2037530585356495,0.0,stock_permission,full_shape,train
2024-12-05,2,0,2,6.317506362846968,0.0,stock_permission,full_shape,train
2024-12-06,2,0,2,-0.5844545911852035,0.0,stock_permission,full_shape,train
2024-12-09,2,0,2,44.53779592111333,0.0,stock_permission,full_shape,train
2024-12-10,2,0,2,2.2434809740557653,0.0,stock_permission,full_shape,train
2024-12-11,2,0,2,16.447838839729354,0.0,stock_permission,full_shape,train
2024-12-12,2,0,2,-12.42000000000001,0.0,stock_permission,full_shape,train
2024-12-13,2,0,2,6.328710390567436,0.0,stock_permission,full_shape,train
2024-12-16,2,0,2,6.153673870334006,0.0,stock_permission,full_shape,train
2024-12-17,2,0,2,-17.012185592185595,0.0,stock_permission,full_shape,train
2024-12-18,2,0,2,-17.51074243813017,0.0,stock_permission,full_shape,train
2024-12-19,2,0,0,0.0,0.0,stock_permission,full_shape,train
2024-12-20,2,0,2,-17.689276393831534,0.0,stock_permission,full_shape,train
2024-12-23,2,0,2,-0.792655273030431,0.0,stock_permission,full_shape,train
2024-12-24,2,0,2,5.204151084790019,0.0,stock_permission,full_shape,train
2024-12-25,2,0,2,24.202311730411004,0.0,stock_permission,full_shape,train
2024-12-26,2,0,2,-4.207734528143383,0.0,stock_permission,full_shape,train
2024-12-27,2,0,1,-6.210000000000005,0.0,stock_permission,full_shape,train
2024-12-30,2,0,2,-12.42000000000001,0.0,stock_permission,full_shape,train
2024-12-31,2,0,2,-12.42000000000001,0.0,stock_permission,full_shape,train
2025-01-02,2,0,2,-25.593831549670455,6.826064433548183,stock_permission,full_shape,train
2025-01-03,2,0,2,-22.541329491195285,0.0,stock_permission,full_shape,train
2025-01-06,2,0,1,6.131463414634174,6.823778527174373,stock_permission,full_shape,train
2025-01-07,2,0,0,0.0,0.0,stock_permission,full_shape,train
2025-01-08,2,0,1,-6.672984723854282,0.0,stock_permission,full_shape,train
2025-01-09,2,0,2,1.0987969924811978,0.0,stock_permission,full_shape,train
2025-01-10,2,0,0,0.0,0.0,stock_permission,full_shape,train
2025-01-13,2,0,1,9.039743062692704,-10.741403148528427,stock_permission,full_shape,train
2025-01-14,2,0,2,17.217540857952347,-7.896459910545548,stock_permission,full_shape,train
2025-01-15,2,0,0,0.0,0.635170068027203,stock_permission,full_shape,train
2025-01-16,2,0,2,-3.6440581625908814,1.1499255772465133,stock_permission,full_shape,train
2025-01-17,2,0,0,0.0,3.0338722009830583,stock_permission,full_shape,train
2025-01-20,2,0,1,-6.210000000000005,-3.8399951176691918,stock_permission,full_shape,train
2025-01-21,2,0,1,-6.210000000000005,0.0,stock_permission,full_shape,train
2025-01-22,2,0,0,0.0,5.049428227548915,stock_permission,full_shape,train
2025-01-23,2,0,0,0.0,6.210000000000016,stock_permission,full_shape,train
2025-01-24,2,0,1,0.5080156657963455,0.5993825212307189,stock_permission,full_shape,train
2025-01-27,2,0,1,-6.401369606003749,-2.7938696060037502,stock_permission,full_shape,train
2025-02-05,2,0,0,0.0,-4.322415375788856,stock_permission,full_shape,train
2025-02-06,2,0,1,4.3012781954887105,-2.159668246445489,stock_permission,full_shape,train
2025-02-07,2,0,1,-1.6034426229508356,0.0,stock_permission,full_shape,train
2025-02-10,2,0,2,-6.2468398268398575,-20.16438774331072,stock_permission,full_shape,train
2025-02-11,2,0,1,-2.857161267850928,0.9283509031018276,stock_permission,full_shape,train
2025-02-12,2,0,0,0.0,-9.139705774949135,stock_permission,full_shape,train
2025-02-13,2,0,2,-12.420000000000032,0.9651741293532083,stock_permission,full_shape,train
2025-02-14,2,0,2,2.136405353728496,5.099082802066301,stock_permission,full_shape,train
2025-02-17,2,0,0,0.0,0.0,stock_permission,full_shape,train
2025-02-18,2,0,2,-9.227443260063353,-19.421719169466222,stock_permission,full_shape,train
2025-02-19,2,0,2,0.9583181387859612,-27.639725545924385,stock_permission,full_shape,train
2025-02-20,2,0,0,0.0,0.0,stock_permission,full_shape,train
2025-02-21,2,0,2,17.420182000598068,15.072531166194988,stock_permission,full_shape,train
2025-02-24,2,0,2,-3.689372693726935,-2.074567498921742,stock_permission,full_shape,train
2025-02-25,2,0,2,-8.920000000000018,-8.613480055020661,stock_permission,full_shape,train
2025-02-26,2,0,2,-7.233008130081277,0.0,stock_permission,full_shape,train
2025-02-27,2,0,2,9.25079075991426,17.61319438258959,stock_permission,full_shape,train
2025-02-28,2,0,2,-14.75333333333333,0.0,stock_permission,full_shape,train
2025-03-03,2,0,1,-8.84213811420982,7.233411371237441,stock_permission,full_shape,train
2025-03-04,2,0,0,0.0,0.0,stock_permission,full_shape,train
2025-03-05,2,0,2,0.9571073233752703,-4.447325253393764,stock_permission,full_shape,train
2025-03-06,2,0,2,4.6537919827814616,1.6462470602730983,stock_permission,full_shape,train
2025-03-07,2,0,2,32.81492275698154,38.88770053475933,stock_permission,full_shape,train
2025-03-10,2,0,2,4.045387374958796,0.0,stock_permission,full_shape,train
2025-03-11,2,0,2,6.3379816504324875,0.0,stock_permission,full_shape,train
2025-03-12,2,0,1,-6.210000000000005,0.0,stock_permission,full_shape,train
2025-03-13,2,0,1,-9.591443298969084,0.0,stock_permission,full_shape,train
2025-03-14,2,0,2,-0.15040752351095588,-11.675057208237973,stock_permission,full_shape,train
2025-03-17,2,0,0,0.0,0.0,stock_permission,full_shape,train
2025-03-18,2,0,0,0.0,-5.43383244206774,stock_permission,full_shape,train
2025-03-19,2,0,1,18.23660194174754,0.0,stock_permission,full_shape,train
2025-03-20,2,0,2,-12.42,0.0,stock_permission,full_shape,train
2025-03-21,2,0,1,-6.210000000000005,0.0,stock_permission,full_shape,train
2025-03-24,2,0,2,-1.344019185936531,14.562843613137156,stock_permission,full_shape,train
2025-03-25,2,0,2,-15.507104419426057,0.0,stock_permission,full_shape,train
2025-03-26,2,0,2,-9.315480225988717,0.0,stock_permission,full_shape,train
2025-03-27,2,0,2,-11.015995625428657,0.0,stock_permission,full_shape,train
2025-03-28,2,0,2,0.13640874187832264,3.5827900912646653,stock_permission,full_shape,train
2025-03-31,2,0,2,-5.212650918635166,0.0,stock_permission,full_shape,train
2025-04-01,2,0,0,0.0,24.70612403100775,stock_permission,full_shape,train
2025-04-02,2,0,0,0.0,0.0,stock_permission,full_shape,train
2025-04-03,2,0,2,-12.067849659017918,0.0,stock_permission,full_shape,train
2025-04-07,2,0,1,-10.183226238286482,0.0,stock_permission,full_shape,train
2025-04-08,2,0,0,0.0,-15.221164901664139,stock_permission,full_shape,train
2025-04-09,2,0,0,0.0,0.0,stock_permission,full_shape,train
2025-04-10,2,0,0,0.0,1.3847430249632762,stock_permission,full_shape,train
2025-04-11,2,0,2,-2.386372505801406,-2.068287426762727,stock_permission,full_shape,train
2025-04-14,2,0,2,-5.041621621621619,-5.866246633858874,stock_permission,full_shape,train
2025-04-15,2,0,2,-10.874486765655258,-13.073365846268182,stock_permission,full_shape,train
2025-04-16,2,0,1,-9.764730983302417,-1.8868118315462858,stock_permission,full_shape,train
2025-04-17,2,0,2,8.963157743338964,5.702973909870488,stock_permission,full_shape,train
2025-04-18,2,0,0,0.0,-3.1192231812577234,stock_permission,full_shape,train
2025-04-21,2,0,2,-5.90875255623722,-9.102197934388467,stock_permission,full_shape,train
2025-04-22,2,0,0,0.0,-2.939606299212593,stock_permission,full_shape,train
2025-04-23,2,0,1,0.2793964110930016,10.230080890547965,stock_permission,full_shape,train
2025-04-24,2,0,1,-8.964974417282548,4.006296296296309,stock_permission,full_shape,train
2025-04-25,2,0,2,10.598413873637089,-10.559967082820343,stock_permission,full_shape,train
2025-04-28,2,0,1,-6.210000000000005,10.247174721189591,stock_permission,full_shape,train
2025-04-29,2,0,0,0.0,-17.83239744586602,stock_permission,full_shape,train
2025-04-30,2,0,1,4.37502611723739,-5.909610570236422,stock_permission,full_shape,train
2025-05-06,2,0,0,0.0,-6.84394190871369,stock_permission,full_shape,train
2025-05-07,2,0,0,0.0,-2.616086956521756,stock_permission,full_shape,train
2025-05-08,2,0,0,0.0,0.2746712320169782,stock_permission,full_shape,train
2025-05-09,2,0,1,11.106239316239328,0.58359900373598,stock_permission,full_shape,train
2025-05-12,2,0,1,3.7900000000000036,6.218089459909582,stock_permission,full_shape,train
2025-05-13,2,0,2,-5.252755905511788,0.0,stock_permission,full_shape,train
2025-05-14,2,0,1,-4.050749414519918,1.600284870209868,stock_permission,full_shape,train
2025-05-15,2,0,0,0.0,-2.0755530474040764,stock_permission,full_shape,train
2025-05-16,2,0,0,0.0,4.583541807541449,stock_permission,full_shape,train
2025-05-19,2,0,2,-2.217548343231936,0.0,stock_permission,full_shape,train
2025-05-20,2,0,1,-7.9533628318584135,0.0,stock_permission,full_shape,train
2025-05-21,2,0,0,0.0,-2.9215583483902945,stock_permission,full_shape,train
2025-05-22,2,0,2,-1.5205025125628175,-3.322724734785031,stock_permission,full_shape,train
2025-05-23,2,0,2,10.783699757043594,12.27529289000615,stock_permission,full_shape,train
2025-05-26,2,0,1,25.8955634807418,24.38922674066164,stock_permission,full_shape,train
2025-05-27,2,0,0,0.0,0.0,stock_permission,full_shape,train
2025-05-28,2,0,1,23.64675545154273,6.210000000000015,stock_permission,full_shape,train
2025-05-29,2,0,2,-8.239757365684587,-1.0169027715721706,stock_permission,full_shape,train
2025-05-30,2,0,2,-3.2065707434052815,0.0,stock_permission,full_shape,train
2025-06-03,2,0,2,0.05828348364200586,0.0,stock_permission,full_shape,train
2025-06-04,2,0,0,0.0,0.0,stock_permission,full_shape,train
2025-06-05,2,0,2,-1.802427684659282,0.0,stock_permission,full_shape,train
2025-06-06,2,0,2,-7.90131179165662,0.0,stock_permission,full_shape,train
2025-06-09,2,0,2,3.756246071507916,9.61715765157367,stock_permission,full_shape,train
2025-06-10,2,0,2,-9.506998312865903,0.0,stock_permission,full_shape,train
2025-06-11,2,0,2,9.070554371266958,0.0,stock_permission,full_shape,train
2025-06-12,2,0,2,-7.440408163265312,0.0,stock_permission,full_shape,train
2025-06-13,2,0,2,-12.420000000000021,0.0,stock_permission,full_shape,train
2025-06-16,2,0,2,-7.551071190951443,0.0,stock_permission,full_shape,train
2025-06-17,2,0,2,-12.42,0.0,stock_permission,full_shape,train
2025-06-18,2,0,2,-12.420000000000021,-10.615384615384638,stock_permission,full_shape,train
2025-06-19,2,0,2,1.307272727272733,0.0,stock_permission,full_shape,train
2025-06-20,2,0,1,-6.210000000000016,0.0,stock_permission,full_shape,train
2025-06-23,2,0,2,18.703257168086115,9.625942254025153,stock_permission,full_shape,train
2025-06-24,2,0,1,-2.0101800180017846,-5.963994387277815,stock_permission,full_shape,train
2025-06-25,2,0,1,1.3502836879432758,-23.378081424239895,stock_permission,full_shape,train
2024-01-02,2,0,0,0.0,1.6616129032257962,market_and_stock,corrected_low_open,train
2024-01-03,2,0,0,0.0,-3.1561882378964383,market_and_stock,corrected_low_open,train
2024-01-04,2,0,0,0.0,3.777604227833244,market_and_stock,corrected_low_open,train
2024-01-05,2,0,0,0.0,16.88707934721439,market_and_stock,corrected_low_open,train
2024-01-08,2,0,0,0.0,17.548749439179826,market_and_stock,corrected_low_open,train
2024-01-09,2,0,0,0.0,12.420000000000021,market_and_stock,corrected_low_open,train
2024-01-10,2,0,0,0.0,-0.9632382369966201,market_and_stock,corrected_low_open,train
2024-01-11,2,0,0,0.0,-6.062773026229026,market_and_stock,corrected_low_open,train
2024-01-12,2,0,0,0.0,12.42000000000001,market_and_stock,corrected_low_open,train
2024-01-15,2,0,0,0.0,8.711237987563583,market_and_stock,corrected_low_open,train
2024-01-16,2,0,0,0.0,7.548425577646446,market_and_stock,corrected_low_open,train
2024-01-17,2,0,0,0.0,13.179906759906759,market_and_stock,corrected_low_open,train
2024-01-18,2,0,0,0.0,21.27072252113759,market_and_stock,corrected_low_open,train
2024-01-19,2,0,0,0.0,31.655454246313067,market_and_stock,corrected_low_open,train
2024-01-22,2,0,0,0.0,22.214421637893214,market_and_stock,corrected_low_open,train
2024-01-23,2,0,0,0.0,3.2587013251218178,market_and_stock,corrected_low_open,train
2024-01-24,2,0,0,0.0,-5.854880112834992,market_and_stock,corrected_low_open,train
2024-01-25,2,0,0,0.0,18.179661610268372,market_and_stock,corrected_low_open,train
2024-01-26,2,0,0,0.0,2.6246544546211457,market_and_stock,corrected_low_open,train
2024-01-29,2,0,0,0.0,13.639512195121963,market_and_stock,corrected_low_open,train
2024-01-30,2,0,0,0.0,12.420000000000021,market_and_stock,corrected_low_open,train
2024-01-31,2,0,0,0.0,6.210000000000005,market_and_stock,corrected_low_open,train
2024-02-01,2,0,0,0.0,6.210000000000016,market_and_stock,corrected_low_open,train
2024-02-02,2,0,0,0.0,9.310093055304705,market_and_stock,corrected_low_open,train
2024-02-05,2,0,0,0.0,31.502574048636227,market_and_stock,corrected_low_open,train
2024-02-06,2,0,0,0.0,-17.573636198473903,market_and_stock,corrected_low_open,train
2024-02-07,2,0,0,0.0,0.0,market_and_stock,corrected_low_open,train
2024-02-08,2,0,0,0.0,0.1687968685620165,market_and_stock,corrected_low_open,train
2024-02-19,2,0,0,0.0,-11.627466727594669,market_and_stock,corrected_low_open,train
2024-02-20,2,0,0,0.0,-13.091774546390429,market_and_stock,corrected_low_open,train
2024-02-21,2,0,0,0.0,-31.760938374062704,market_and_stock,corrected_low_open,train
2024-02-22,2,0,0,0.0,-30.572985513497116,market_and_stock,corrected_low_open,train
2024-02-23,2,0,0,0.0,0.0,market_and_stock,corrected_low_open,train
2024-02-26,2,0,0,0.0,-36.20150173866694,market_and_stock,corrected_low_open,train
2024-02-27,2,0,0,0.0,15.993241061130362,market_and_stock,corrected_low_open,train
2024-02-28,2,0,0,0.0,22.6256365423581,market_and_stock,corrected_low_open,train
2024-02-29,2,0,0,0.0,-0.2616880343450183,market_and_stock,corrected_low_open,train
2024-03-01,2,0,0,0.0,0.0,market_and_stock,corrected_low_open,train
2024-03-04,2,0,1,-2.7779196129512638,0.0,market_and_stock,corrected_low_open,train
2024-03-05,2,0,0,0.0,9.013965060878784,market_and_stock,corrected_low_open,train
2024-03-06,2,0,0,0.0,-7.360025284450042,market_and_stock,corrected_low_open,train
2024-03-07,2,0,0,0.0,0.0,market_and_stock,corrected_low_open,train
2024-03-08,2,0,0,0.0,-0.5892949192711976,market_and_stock,corrected_low_open,train
2024-03-11,2,0,1,-6.210000000000005,-6.196926406926405,market_and_stock,corrected_low_open,train
2024-03-12,2,0,0,0.0,-11.259711017459349,market_and_stock,corrected_low_open,train
2024-03-13,2,0,1,-6.210000000000005,-17.78581267561312,market_and_stock,corrected_low_open,train
2024-03-14,2,0,0,0.0,-6.3512097667919525,market_and_stock,corrected_low_open,train
2024-03-15,2,0,0,0.0,-1.029669421487588,market_and_stock,corrected_low_open,train
2024-03-18,2,0,1,15.289425947187139,16.51271812825711,market_and_stock,corrected_low_open,train
2024-03-19,2,0,0,0.0,-3.382375366568912,market_and_stock,corrected_low_open,train
2024-03-20,2,0,0,0.0,5.494199966838,market_and_stock,corrected_low_open,train
2024-03-21,2,0,0,0.0,-3.920984587288843,market_and_stock,corrected_low_open,train
2024-03-22,2,0,1,4.995811138014527,3.0420479054676495,market_and_stock,corrected_low_open,train
2024-03-25,2,0,0,0.0,14.807622149837144,market_and_stock,corrected_low_open,train
2024-03-26,2,0,1,-6.210000000000005,8.349534883720956,market_and_stock,corrected_low_open,train
2024-03-27,2,0,0,0.0,13.889040482671202,market_and_stock,corrected_low_open,train
2024-03-28,2,0,0,0.0,-15.680125734268465,market_and_stock,corrected_low_open,train
2024-03-29,2,0,0,0.0,6.753333333333336,market_and_stock,corrected_low_open,train
2024-04-01,2,0,2,-9.442670025188907,1.0658141036401503e-14,market_and_stock,corrected_low_open,train
2024-04-02,2,0,2,-12.42000000000001,-5.022126022126028,market_and_stock,corrected_low_open,train
2024-04-03,2,0,2,-12.42000000000001,1.3613766730401604,market_and_stock,corrected_low_open,train
2024-04-08,2,0,0,0.0,6.88511627906976,market_and_stock,corrected_low_open,train
2024-04-09,2,0,0,0.0,4.981695685087064,market_and_stock,corrected_low_open,train
2024-04-10,2,0,2,-12.42000000000001,0.0,market_and_stock,corrected_low_open,train
2024-04-11,2,0,0,0.0,12.42000000000001,market_and_stock,corrected_low_open,train
2024-04-12,2,0,0,0.0,18.862849740932653,market_and_stock,corrected_low_open,train
2024-04-15,2,0,0,0.0,15.802385086507357,market_and_stock,corrected_low_open,train
2024-04-16,2,0,0,0.0,-11.71628183831673,market_and_stock,corrected_low_open,train
2024-04-17,2,0,0,0.0,-2.541119641714639,market_and_stock,corrected_low_open,train
2024-04-18,2,0,0,0.0,6.210000000000005,market_and_stock,corrected_low_open,train
2024-04-19,2,0,0,0.0,-11.769405864479985,market_and_stock,corrected_low_open,train
2024-04-22,2,0,0,0.0,-6.450707264897234,market_and_stock,corrected_low_open,train
2024-04-23,2,0,0,0.0,-6.494786907539816,market_and_stock,corrected_low_open,train
2024-04-24,2,0,0,0.0,-8.55862765443922,market_and_stock,corrected_low_open,train
2024-04-25,2,0,0,0.0,4.545618443770585,market_and_stock,corrected_low_open,train
2024-04-26,2,0,0,0.0,-28.133385416666652,market_and_stock,corrected_low_open,train
2024-04-29,2,0,0,0.0,-19.967398893146026,market_and_stock,corrected_low_open,train
2024-04-30,2,0,2,9.82872836901034,0.0,market_and_stock,corrected_low_open,train
2024-05-06,2,0,1,-1.0478378378378403,1.6424693042292002,market_and_stock,corrected_low_open,train
2024-05-07,2,0,2,-4.974891203369193,-3.546864406779649,market_and_stock,corrected_low_open,train
2024-05-08,2,0,2,2.9110058560207523,4.992162880814144,market_and_stock,corrected_low_open,train
2024-05-09,2,0,0,0.0,6.210000000000005,market_and_stock,corrected_low_open,train
2024-05-10,2,0,0,0.0,0.0,market_and_stock,corrected_low_open,train
2024-05-13,2,0,2,-2.2684848484848548,0.0,market_and_stock,corrected_low_open,train
2024-05-14,2,0,0,0.0,0.0,market_and_stock,corrected_low_open,train
2024-05-15,2,0,0,0.0,0.0,market_and_stock,corrected_low_open,train
2024-05-16,2,0,2,-2.2151884218162072,0.0,market_and_stock,corrected_low_open,train
2024-05-17,2,0,1,-0.08730061349693322,-10.600148299444976,market_and_stock,corrected_low_open,train
2024-05-20,2,0,0,0.0,0.0,market_and_stock,corrected_low_open,train
2024-05-21,2,0,0,0.0,6.903481063658358,market_and_stock,corrected_low_open,train
2024-05-22,2,0,1,-6.210000000000005,-21.878047966651657,market_and_stock,corrected_low_open,train
2024-05-23,2,0,0,0.0,0.0,market_and_stock,corrected_low_open,train
2024-05-24,2,0,0,0.0,0.0,market_and_stock,corrected_low_open,train
2024-05-27,2,0,0,0.0,2.4877822695097427,market_and_stock,corrected_low_open,train
2024-05-28,2,0,0,0.0,13.279350395149327,market_and_stock,corrected_low_open,train
2024-05-29,2,0,0,0.0,8.443608768971336,market_and_stock,corrected_low_open,train
2024-05-30,2,0,0,0.0,0.0,market_and_stock,corrected_low_open,train
2024-05-31,2,0,0,0.0,0.0,market_and_stock,corrected_low_open,train
2024-06-03,2,0,0,0.0,9.227341040462434,market_and_stock,corrected_low_open,train
2024-06-04,2,0,0,0.0,7.452339832869082,market_and_stock,corrected_low_open,train
2024-06-05,2,0,0,0.0,0.0,market_and_stock,corrected_low_open,train
2024-06-06,2,0,0,0.0,16.447100271002725,market_and_stock,corrected_low_open,train
2024-06-07,2,0,0,0.0,12.42,market_and_stock,corrected_low_open,train
2024-06-11,2,0,0,0.0,-7.722263814616758,market_and_stock,corrected_low_open,train
2024-06-12,2,0,0,0.0,0.0,market_and_stock,corrected_low_open,train
2024-06-13,2,0,0,0.0,0.0,market_and_stock,corrected_low_open,train
2024-06-14,2,0,0,0.0,-15.011351484682576,market_and_stock,corrected_low_open,train
2024-06-17,2,0,0,0.0,-2.645703766638339,market_and_stock,corrected_low_open,train
2024-06-18,2,0,0,0.0,6.387105831533469,market_and_stock,corrected_low_open,train
2024-06-19,2,0,0,0.0,12.42000000000001,market_and_stock,corrected_low_open,train
2024-06-20,2,0,0,0.0,9.804841795437826,market_and_stock,corrected_low_open,train
2024-06-21,2,0,0,0.0,12.42000000000001,market_and_stock,corrected_low_open,train
2024-06-24,2,0,0,0.0,6.210000000000005,market_and_stock,corrected_low_open,train
2024-06-25,2,0,0,0.0,6.210000000000005,market_and_stock,corrected_low_open,train
2024-06-26,2,0,0,0.0,1.130949217913026,market_and_stock,corrected_low_open,train
2024-06-27,2,0,0,0.0,-2.0082352941176866,market_and_stock,corrected_low_open,train
2024-06-28,2,0,0,0.0,8.746411526245414,market_and_stock,corrected_low_open,train
2024-07-01,2,0,0,0.0,0.0,market_and_stock,corrected_low_open,train
2024-07-02,2,0,0,0.0,-4.367908441831169,market_and_stock,corrected_low_open,train
2024-07-03,2,0,0,0.0,6.210000000000005,market_and_stock,corrected_low_open,train
2024-07-04,2,0,0,0.0,14.147975270479131,market_and_stock,corrected_low_open,train
2024-07-05,2,0,0,0.0,-11.003442449841582,market_and_stock,corrected_low_open,train
2024-07-08,2,0,0,0.0,6.210000000000016,market_and_stock,corrected_low_open,train
2024-07-09,2,0,0,0.0,3.362425409672511,market_and_stock,corrected_low_open,train
2024-07-10,2,0,0,0.0,0.0,market_and_stock,corrected_low_open,train
2024-07-11,2,0,0,0.0,-27.0206022112444,market_and_stock,corrected_low_open,train
2024-07-12,2,0,0,0.0,0.0,market_and_stock,corrected_low_open,train
2024-07-15,2,0,0,0.0,4.484516129032247,market_and_stock,corrected_low_open,train
2024-07-16,2,0,0,0.0,0.0,market_and_stock,corrected_low_open,train
2024-07-17,2,0,0,0.0,2.0192105263157965,market_and_stock,corrected_low_open,train
2024-07-18,2,0,0,0.0,4.624003044140036,market_and_stock,corrected_low_open,train
2024-07-19,2,0,0,0.0,14.420000000000012,market_and_stock,corrected_low_open,train
2024-07-22,2,0,0,0.0,0.0,market_and_stock,corrected_low_open,train
2024-07-23,2,0,0,0.0,-4.797158176943704,market_and_stock,corrected_low_open,train
2024-07-24,2,0,0,0.0,-7.615982525529539,market_and_stock,corrected_low_open,train
2024-07-25,2,0,0,0.0,1.610560224089642,market_and_stock,corrected_low_open,train
2024-07-26,2,0,0,0.0,-2.505231788079464,market_and_stock,corrected_low_open,train
2024-07-29,2,0,0,0.0,-1.0104424103737566,market_and_stock,corrected_low_open,train
2024-07-30,2,0,0,0.0,-9.712591913332755,market_and_stock,corrected_low_open,train
2024-07-31,2,0,0,0.0,6.210000000000005,market_and_stock,corrected_low_open,train
2024-08-01,2,0,0,0.0,9.470288540807926,market_and_stock,corrected_low_open,train
2024-08-02,2,0,0,0.0,-0.06814629421274354,market_and_stock,corrected_low_open,train
2024-08-05,2,0,0,0.0,3.137557251908409,market_and_stock,corrected_low_open,train
2024-08-06,2,0,0,0.0,6.210000000000005,market_and_stock,corrected_low_open,train
2024-08-07,2,0,0,0.0,-15.618877005347606,market_and_stock,corrected_low_open,train
2024-08-08,2,0,0,0.0,4.7555889857852325,market_and_stock,corrected_low_open,train
2024-08-09,2,0,0,0.0,2.8518300507311096,market_and_stock,corrected_low_open,train
2024-08-12,2,0,0,0.0,6.210000000000005,market_and_stock,corrected_low_open,train
2024-08-13,2,0,0,0.0,-3.463905027995649,market_and_stock,corrected_low_open,train
2024-08-14,2,0,0,0.0,5.402986997205019,market_and_stock,corrected_low_open,train
2024-08-15,2,0,0,0.0,2.344111486293134,market_and_stock,corrected_low_open,train
2024-08-16,2,0,0,0.0,0.0,market_and_stock,corrected_low_open,train
2024-08-19,2,0,0,0.0,5.765555555555546,market_and_stock,corrected_low_open,train
2024-08-20,2,0,0,0.0,-8.074409654272683,market_and_stock,corrected_low_open,train
2024-08-21,2,0,0,0.0,-1.1710931174089039,market_and_stock,corrected_low_open,train
2024-08-22,2,0,0,0.0,0.0,market_and_stock,corrected_low_open,train
2024-08-23,2,0,0,0.0,6.823426392327628,market_and_stock,corrected_low_open,train
2024-08-26,2,0,0,0.0,6.210000000000005,market_and_stock,corrected_low_open,train
2024-08-27,2,0,0,0.0,-5.990527704485492,market_and_stock,corrected_low_open,train
2024-08-28,2,0,0,0.0,0.0,market_and_stock,corrected_low_open,train
2024-08-29,2,0,0,0.0,0.33722646310433513,market_and_stock,corrected_low_open,train
2024-08-30,2,0,0,0.0,4.250404040404033,market_and_stock,corrected_low_open,train
2024-09-02,2,0,0,0.0,6.210000000000005,market_and_stock,corrected_low_open,train
2024-09-03,2,0,0,0.0,12.056363636363633,market_and_stock,corrected_low_open,train
2024-09-04,2,0,0,0.0,6.210000000000016,market_and_stock,corrected_low_open,train
2024-09-05,2,0,0,0.0,6.209999999999995,market_and_stock,corrected_low_open,train
2024-09-06,2,0,0,0.0,15.584251207729462,market_and_stock,corrected_low_open,train
2024-09-09,2,0,0,0.0,2.910499534369017,market_and_stock,corrected_low_open,train
2024-09-10,2,0,0,0.0,0.0,market_and_stock,corrected_low_open,train
2024-09-11,2,0,0,0.0,-1.0837147102525906,market_and_stock,corrected_low_open,train
2024-09-12,2,0,0,0.0,-1.5918018018018056,market_and_stock,corrected_low_open,train
2024-09-13,2,0,0,0.0,6.210000000000016,market_and_stock,corrected_low_open,train
2024-09-18,2,0,0,0.0,-11.552378760219105,market_and_stock,corrected_low_open,train
2024-09-19,2,0,0,0.0,-14.002678936605315,market_and_stock,corrected_low_open,train
2024-09-20,2,0,0,0.0,0.0,market_and_stock,corrected_low_open,train
2024-09-23,2,0,0,0.0,-8.381549295774636,market_and_stock,corrected_low_open,train
2024-09-24,2,0,0,0.0,-8.084930875576022,market_and_stock,corrected_low_open,train
2024-09-25,2,0,0,0.0,-18.97194640338504,market_and_stock,corrected_low_open,train
2024-09-26,2,0,2,63.85957694614031,20.116105821333903,market_and_stock,corrected_low_open,train
2024-09-27,2,0,0,0.0,-0.3115123859191762,market_and_stock,corrected_low_open,train
2024-09-30,2,0,0,0.0,0.0,market_and_stock,corrected_low_open,train
2024-10-08,2,0,0,0.0,0.0,market_and_stock,corrected_low_open,train
2024-10-09,2,0,1,-6.351732283464563,6.210000000000005,market_and_stock,corrected_low_open,train
2024-10-10,2,0,0,0.0,0.0,market_and_stock,corrected_low_open,train
2024-10-11,2,0,0,0.0,0.0,market_and_stock,corrected_low_open,train
2024-10-14,2,0,2,4.972642257509039,0.0,market_and_stock,corrected_low_open,train
2024-10-15,2,0,1,1.178888888888884,1.178888888888884,market_and_stock,corrected_low_open,train
2024-10-16,2,0,1,-0.906864111498241,0.0,market_and_stock,corrected_low_open,train
2024-10-17,2,0,0,0.0,0.0,market_and_stock,corrected_low_open,train
2024-10-18,2,0,1,18.389033816425137,0.0,market_and_stock,corrected_low_open,train
2024-10-21,2,0,0,0.0,0.0,market_and_stock,corrected_low_open,train
2024-10-22,2,0,2,14.41363395632653,4.112838595928835,market_and_stock,corrected_low_open,train
2024-10-23,2,0,2,12.592931895346492,0.0,market_and_stock,corrected_low_open,train
2024-10-24,2,0,2,1.7764218854286788,0.0,market_and_stock,corrected_low_open,train
2024-10-25,2,0,1,-1.48388535031846,0.0,market_and_stock,corrected_low_open,train
2024-10-28,2,0,2,0.9096365007849032,5.7098210923800075,market_and_stock,corrected_low_open,train
2024-10-29,2,0,2,-13.364444444444459,1.0662364634327233,market_and_stock,corrected_low_open,train
2024-10-30,2,0,2,-7.086222518321129,0.0,market_and_stock,corrected_low_open,train
2024-10-31,2,0,2,-12.42,0.0,market_and_stock,corrected_low_open,train
2024-11-01,2,0,2,-17.120934579439265,0.0,market_and_stock,corrected_low_open,train
2024-11-04,2,0,2,6.242129627596903,-3.4509181998288003,market_and_stock,corrected_low_open,train
2024-11-05,2,0,2,6.377139296100663,0.0,market_and_stock,corrected_low_open,train
2024-11-06,2,0,2,3.545314336119774,-21.82216024485828,market_and_stock,corrected_low_open,train
2024-11-07,2,0,2,-0.8631314623338122,0.0,market_and_stock,corrected_low_open,train
2024-11-08,2,0,2,-2.3023529411764683,-5.324324324324314,market_and_stock,corrected_low_open,train
2024-11-11,2,0,2,-4.2504377223152945,0.0,market_and_stock,corrected_low_open,train
2024-11-12,2,0,1,-6.210000000000005,0.0,market_and_stock,corrected_low_open,train
2024-11-13,2,0,2,-12.41999999999999,0.0,market_and_stock,corrected_low_open,train
2024-11-14,2,0,2,8.498032786885233,0.0,market_and_stock,corrected_low_open,train
2024-11-15,2,0,2,-12.42000000000001,0.0,market_and_stock,corrected_low_open,train
2024-11-18,2,0,0,0.0,0.0,market_and_stock,corrected_low_open,train
2024-11-19,2,0,0,0.0,-2.296112469437638,market_and_stock,corrected_low_open,train
2024-11-20,2,0,0,0.0,-0.26908819133032313,market_and_stock,corrected_low_open,train
2024-11-21,2,0,2,-0.9095591647331664,5.300440835266839,market_and_stock,corrected_low_open,train
2024-11-22,2,0,2,-12.42,0.0,market_and_stock,corrected_low_open,train
2024-11-25,2,0,0,0.0,-0.3269398499539431,market_and_stock,corrected_low_open,train
2024-11-26,2,0,0,0.0,0.0,market_and_stock,corrected_low_open,train
2024-11-27,2,0,0,0.0,-5.195987460815042,market_and_stock,corrected_low_open,train
2024-11-28,2,0,0,0.0,-5.681472868217051,market_and_stock,corrected_low_open,train
2024-11-29,2,0,0,0.0,-0.10454181588372435,market_and_stock,corrected_low_open,train
2024-12-02,2,0,2,0.4478459937564887,-8.593010146561443,market_and_stock,corrected_low_open,train
2024-12-03,2,0,2,-11.530228180672268,0.0,market_and_stock,corrected_low_open,train
2024-12-04,2,0,2,2.2037530585356495,0.0,market_and_stock,corrected_low_open,train
2024-12-05,2,0,2,6.317506362846968,0.0,market_and_stock,corrected_low_open,train
2024-12-06,2,0,2,-0.5844545911852035,0.0,market_and_stock,corrected_low_open,train
2024-12-09,2,0,2,44.53779592111333,0.0,market_and_stock,corrected_low_open,train
2024-12-10,2,0,2,2.2434809740557653,2.2434809740557653,market_and_stock,corrected_low_open,train
2024-12-11,2,0,2,16.447838839729354,0.0,market_and_stock,corrected_low_open,train
2024-12-12,2,0,2,-12.42000000000001,0.0,market_and_stock,corrected_low_open,train
2024-12-13,2,0,2,6.328710390567436,0.0,market_and_stock,corrected_low_open,train
2024-12-16,2,0,2,6.153673870334006,18.573673870334016,market_and_stock,corrected_low_open,train
2024-12-17,2,0,2,-17.012185592185595,0.0,market_and_stock,corrected_low_open,train
2024-12-18,2,0,0,0.0,12.420000000000021,market_and_stock,corrected_low_open,train
2024-12-19,2,0,0,0.0,0.0,market_and_stock,corrected_low_open,train
2024-12-20,2,0,0,0.0,17.689276393831534,market_and_stock,corrected_low_open,train
2024-12-23,2,0,0,0.0,0.792655273030431,market_and_stock,corrected_low_open,train
2024-12-24,2,0,0,0.0,-1.9834616559591716,market_and_stock,corrected_low_open,train
2024-12-25,2,0,0,0.0,-4.882592592592582,market_and_stock,corrected_low_open,train
2024-12-26,2,0,0,0.0,4.207734528143383,market_and_stock,corrected_low_open,train
2024-12-27,2,0,0,0.0,6.210000000000005,market_and_stock,corrected_low_open,train
2024-12-30,2,0,0,0.0,12.42000000000001,market_and_stock,corrected_low_open,train
2024-12-31,2,0,0,0.0,12.42000000000001,market_and_stock,corrected_low_open,train
2025-01-02,2,0,0,0.0,32.41989598321864,market_and_stock,corrected_low_open,train
2025-01-03,2,0,0,0.0,22.541329491195285,market_and_stock,corrected_low_open,train
2025-01-06,2,0,0,0.0,0.6923151125401992,market_and_stock,corrected_low_open,train
2025-01-07,2,0,0,0.0,0.0,market_and_stock,corrected_low_open,train
2025-01-08,2,0,0,0.0,6.672984723854282,market_and_stock,corrected_low_open,train
2025-01-09,2,0,0,0.0,-7.308796992481214,market_and_stock,corrected_low_open,train
2025-01-10,2,0,0,0.0,0.0,market_and_stock,corrected_low_open,train
2025-01-13,2,0,0,0.0,-19.78114621122113,market_and_stock,corrected_low_open,train
2025-01-14,2,0,0,0.0,-19.701991199119902,market_and_stock,corrected_low_open,train
2025-01-15,2,0,0,0.0,0.635170068027203,market_and_stock,corrected_low_open,train
2025-01-16,2,0,0,0.0,-0.5210847533133038,market_and_stock,corrected_low_open,train
2025-01-17,2,0,0,0.0,3.0338722009830583,market_and_stock,corrected_low_open,train
2025-01-20,2,0,0,0.0,2.3700048823308135,market_and_stock,corrected_low_open,train
2025-01-21,2,0,0,0.0,0.0,market_and_stock,corrected_low_open,train
2025-01-22,2,0,0,0.0,5.049428227548915,market_and_stock,corrected_low_open,train
2025-01-23,2,0,0,0.0,0.0,market_and_stock,corrected_low_open,train
2025-01-24,2,0,0,0.0,0.0913668554343734,market_and_stock,corrected_low_open,train
2025-01-27,2,0,0,0.0,12.611369606003745,market_and_stock,corrected_low_open,train
2025-02-05,2,0,0,0.0,-4.322415375788856,market_and_stock,corrected_low_open,train
2025-02-06,2,0,0,0.0,-6.101526520281773,market_and_stock,corrected_low_open,train
2025-02-07,2,0,0,0.0,0.0,market_and_stock,corrected_low_open,train
2025-02-10,2,0,0,0.0,-0.1978715399218216,market_and_stock,corrected_low_open,train
2025-02-11,2,0,0,0.0,7.711073968705552,market_and_stock,corrected_low_open,train
2025-02-12,2,0,0,0.0,-9.139705774949135,market_and_stock,corrected_low_open,train
2025-02-13,2,0,2,-12.420000000000032,-1.0658141036401503e-14,market_and_stock,corrected_low_open,train
2025-02-14,2,0,2,2.136405353728496,4.604650334228254,market_and_stock,corrected_low_open,train
2025-02-17,2,0,0,0.0,0.0,market_and_stock,corrected_low_open,train
2025-02-18,2,0,2,-9.227443260063353,-14.628612826965593,market_and_stock,corrected_low_open,train
2025-02-19,2,0,2,0.9583181387859612,-3.2610770279482,market_and_stock,corrected_low_open,train
2025-02-20,2,0,0,0.0,0.0,market_and_stock,corrected_low_open,train
2025-02-21,2,0,2,17.420182000598068,15.072531166194988,market_and_stock,corrected_low_open,train
2025-02-24,2,0,2,-3.689372693726935,-2.074567498921742,market_and_stock,corrected_low_open,train
2025-02-25,2,0,2,-8.920000000000018,0.0,market_and_stock,corrected_low_open,train
2025-02-26,2,0,2,-7.233008130081277,-6.209999999999994,market_and_stock,corrected_low_open,train
2025-02-27,2,0,2,9.25079075991426,15.460790759914264,market_and_stock,corrected_low_open,train
2025-02-28,2,0,2,-14.75333333333333,0.0,market_and_stock,corrected_low_open,train
2025-03-03,2,0,0,0.0,16.07554948544726,market_and_stock,corrected_low_open,train
2025-03-04,2,0,0,0.0,0.0,market_and_stock,corrected_low_open,train
2025-03-05,2,0,0,0.0,-5.404432576769034,market_and_stock,corrected_low_open,train
2025-03-06,2,0,0,0.0,-3.0075449225083632,market_and_stock,corrected_low_open,train
2025-03-07,2,0,2,32.81492275698154,38.88770053475933,market_and_stock,corrected_low_open,train
2025-03-10,2,0,2,4.045387374958796,12.549707602339177,market_and_stock,corrected_low_open,train
2025-03-11,2,0,2,6.3379816504324875,0.0,market_and_stock,corrected_low_open,train
2025-03-12,2,0,1,-6.210000000000005,-6.210000000000005,market_and_stock,corrected_low_open,train
2025-03-13,2,0,1,-9.591443298969084,0.0,market_and_stock,corrected_low_open,train
2025-03-14,2,0,2,-0.15040752351095588,-6.209999999999995,market_and_stock,corrected_low_open,train
2025-03-17,2,0,0,0.0,0.0,market_and_stock,corrected_low_open,train
2025-03-18,2,0,0,0.0,-5.43383244206774,market_and_stock,corrected_low_open,train
2025-03-19,2,0,1,18.23660194174754,0.0,market_and_stock,corrected_low_open,train
2025-03-20,2,0,2,-12.42,-12.42,market_and_stock,corrected_low_open,train
2025-03-21,2,0,1,-6.210000000000005,0.0,market_and_stock,corrected_low_open,train
2025-03-24,2,0,2,-1.344019185936531,14.562843613137156,market_and_stock,corrected_low_open,train
2025-03-25,2,0,0,0.0,6.841989596879073,market_and_stock,corrected_low_open,train
2025-03-26,2,0,0,0.0,6.210000000000005,market_and_stock,corrected_low_open,train
2025-03-27,2,0,2,-11.015995625428657,0.0,market_and_stock,corrected_low_open,train
2025-03-28,2,0,0,0.0,3.4463813493863427,market_and_stock,corrected_low_open,train
2025-03-31,2,0,0,0.0,5.212650918635166,market_and_stock,corrected_low_open,train
2025-04-01,2,0,0,0.0,0.0,market_and_stock,corrected_low_open,train
2025-04-02,2,0,0,0.0,0.0,market_and_stock,corrected_low_open,train
2025-04-03,2,0,0,0.0,12.067849659017918,market_and_stock,corrected_low_open,train
2025-04-07,2,0,0,0.0,10.183226238286482,market_and_stock,corrected_low_open,train
2025-04-08,2,0,0,0.0,-15.221164901664139,market_and_stock,corrected_low_open,train
2025-04-09,2,0,0,0.0,0.0,market_and_stock,corrected_low_open,train
2025-04-10,2,0,0,0.0,1.3847430249632762,market_and_stock,corrected_low_open,train
2025-04-11,2,0,0,0.0,-1.9835483870967776,market_and_stock,corrected_low_open,train
2025-04-14,2,0,0,0.0,5.041621621621619,market_and_stock,corrected_low_open,train
2025-04-15,2,0,0,0.0,-2.1988790806129237,market_and_stock,corrected_low_open,train
2025-04-16,2,0,0,0.0,1.0874053177640581,market_and_stock,corrected_low_open,train
2025-04-17,2,0,0,0.0,-3.2601838334684756,market_and_stock,corrected_low_open,train
2025-04-18,2,0,0,0.0,-3.1192231812577234,market_and_stock,corrected_low_open,train
2025-04-21,2,0,0,0.0,2.8065546218487576,market_and_stock,corrected_low_open,train
2025-04-22,2,0,0,0.0,-2.939606299212593,market_and_stock,corrected_low_open,train
2025-04-23,2,0,0,0.0,9.950684479454964,market_and_stock,corrected_low_open,train
2025-04-24,2,0,0,0.0,12.971270713578857,market_and_stock,corrected_low_open,train
2025-04-25,2,0,0,0.0,2.952846715328474,market_and_stock,corrected_low_open,train
2025-04-28,2,0,0,0.0,6.210000000000005,market_and_stock,corrected_low_open,train
2025-04-29,2,0,0,0.0,-17.83239744586602,market_and_stock,corrected_low_open,train
2025-04-30,2,0,0,0.0,-5.909610570236422,market_and_stock,corrected_low_open,train
2025-05-06,2,0,0,0.0,0.0,market_and_stock,corrected_low_open,train
2025-05-07,2,0,0,0.0,0.0,market_and_stock,corrected_low_open,train
2025-05-08,2,0,0,0.0,-6.661024930747937,market_and_stock,corrected_low_open,train
2025-05-09,2,0,0,0.0,0.5835990037359804,market_and_stock,corrected_low_open,train
2025-05-12,2,0,0,0.0,-12.560009298000939,market_and_stock,corrected_low_open,train
2025-05-13,2,0,2,-5.252755905511788,1.8372440944881987,market_and_stock,corrected_low_open,train
2025-05-14,2,0,1,-4.050749414519918,1.600284870209868,market_and_stock,corrected_low_open,train
2025-05-15,2,0,0,0.0,-2.0755530474040764,market_and_stock,corrected_low_open,train
2025-05-16,2,0,0,0.0,4.583541807541449,market_and_stock,corrected_low_open,train
2025-05-19,2,0,2,-2.217548343231936,0.0,market_and_stock,corrected_low_open,train
2025-05-20,2,0,1,-7.9533628318584135,-7.9533628318584135,market_and_stock,corrected_low_open,train
2025-05-21,2,0,0,0.0,-2.9215583483902945,market_and_stock,corrected_low_open,train
2025-05-22,2,0,2,-1.5205025125628175,-3.322724734785031,market_and_stock,corrected_low_open,train
2025-05-23,2,0,2,10.783699757043594,12.27529289000615,market_and_stock,corrected_low_open,train
2025-05-26,2,0,0,0.0,-1.506336740080159,market_and_stock,corrected_low_open,train
2025-05-27,2,0,0,0.0,0.0,market_and_stock,corrected_low_open,train
2025-05-28,2,0,0,0.0,-17.436755451542716,market_and_stock,corrected_low_open,train
2025-05-29,2,0,0,0.0,7.222854594112417,market_and_stock,corrected_low_open,train
2025-05-30,2,0,0,0.0,3.2065707434052815,market_and_stock,corrected_low_open,train
2025-06-03,2,0,0,0.0,-0.05828348364200586,market_and_stock,corrected_low_open,train
2025-06-04,2,0,0,0.0,0.0,market_and_stock,corrected_low_open,train
2025-06-05,2,0,2,-1.802427684659282,7.502069347183083,market_and_stock,corrected_low_open,train
2025-06-06,2,0,2,-7.90131179165662,-5.105104895104907,market_and_stock,corrected_low_open,train
2025-06-09,2,0,2,3.756246071507916,-1.6570633447503882,market_and_stock,corrected_low_open,train
2025-06-10,2,0,2,-9.506998312865903,0.0,market_and_stock,corrected_low_open,train
2025-06-11,2,0,2,9.070554371266958,0.0,market_and_stock,corrected_low_open,train
2025-06-12,2,0,2,-7.440408163265312,0.0,market_and_stock,corrected_low_open,train
2025-06-13,2,0,2,-12.420000000000021,0.0,market_and_stock,corrected_low_open,train
2025-06-16,2,0,0,0.0,7.551071190951443,market_and_stock,corrected_low_open,train
2025-06-17,2,0,0,0.0,12.42,market_and_stock,corrected_low_open,train
2025-06-18,2,0,0,0.0,1.804615384615384,market_and_stock,corrected_low_open,train
2025-06-19,2,0,0,0.0,-1.307272727272733,market_and_stock,corrected_low_open,train
2025-06-20,2,0,0,0.0,6.210000000000016,market_and_stock,corrected_low_open,train
2025-06-23,2,0,0,0.0,-9.077314914060961,market_and_stock,corrected_low_open,train
2025-06-24,2,0,0,0.0,-3.95381436927603,market_and_stock,corrected_low_open,train
2025-06-25,2,0,1,1.3502836879432758,2.800807464648991,market_and_stock,corrected_low_open,train
2024-01-02,2,0,0,0.0,1.6616129032257962,market_and_stock,full_shape,train
2024-01-03,2,0,0,0.0,-3.1561882378964383,market_and_stock,full_shape,train
2024-01-04,2,0,0,0.0,-4.7293595604676035,market_and_stock,full_shape,train
2024-01-05,2,0,0,0.0,16.88707934721439,market_and_stock,full_shape,train
2024-01-08,2,0,0,0.0,17.548749439179826,market_and_stock,full_shape,train
2024-01-09,2,0,0,0.0,12.420000000000021,market_and_stock,full_shape,train
2024-01-10,2,0,0,0.0,-0.9632382369966201,market_and_stock,full_shape,train
2024-01-11,2,0,0,0.0,-6.062773026229026,market_and_stock,full_shape,train
2024-01-12,2,0,0,0.0,12.42000000000001,market_and_stock,full_shape,train
2024-01-15,2,0,0,0.0,8.711237987563583,market_and_stock,full_shape,train
2024-01-16,2,0,0,0.0,7.548425577646446,market_and_stock,full_shape,train
2024-01-17,2,0,0,0.0,13.179906759906759,market_and_stock,full_shape,train
2024-01-18,2,0,0,0.0,27.480722521137583,market_and_stock,full_shape,train
2024-01-19,2,0,0,0.0,31.655454246313067,market_and_stock,full_shape,train
2024-01-22,2,0,0,0.0,22.214421637893214,market_and_stock,full_shape,train
2024-01-23,2,0,0,0.0,3.2587013251218178,market_and_stock,full_shape,train
2024-01-24,2,0,0,0.0,-5.854880112834992,market_and_stock,full_shape,train
2024-01-25,2,0,0,0.0,18.234862848658487,market_and_stock,full_shape,train
2024-01-26,2,0,0,0.0,2.6246544546211457,market_and_stock,full_shape,train
2024-01-29,2,0,0,0.0,13.639512195121963,market_and_stock,full_shape,train
2024-01-30,2,0,0,0.0,12.420000000000021,market_and_stock,full_shape,train
2024-01-31,2,0,0,0.0,6.210000000000005,market_and_stock,full_shape,train
2024-02-01,2,0,0,0.0,29.076250000000027,market_and_stock,full_shape,train
2024-02-02,2,0,0,0.0,9.310093055304705,market_and_stock,full_shape,train
2024-02-05,2,0,0,0.0,31.502574048636227,market_and_stock,full_shape,train
2024-02-06,2,0,0,0.0,-27.307192700099044,market_and_stock,full_shape,train
2024-02-07,2,0,0,0.0,0.0,market_and_stock,full_shape,train
2024-02-08,2,0,0,0.0,0.1687968685620165,market_and_stock,full_shape,train
2024-02-19,2,0,0,0.0,-36.45950582082795,market_and_stock,full_shape,train
2024-02-20,2,0,0,0.0,-17.477739458671167,market_and_stock,full_shape,train
2024-02-21,2,0,0,0.0,-31.760938374062704,market_and_stock,full_shape,train
2024-02-22,2,0,0,0.0,-30.572985513497116,market_and_stock,full_shape,train
2024-02-23,2,0,0,0.0,0.0,market_and_stock,full_shape,train
2024-02-26,2,0,0,0.0,-36.20150173866694,market_and_stock,full_shape,train
2024-02-27,2,0,0,0.0,15.993241061130362,market_and_stock,full_shape,train
2024-02-28,2,0,0,0.0,22.6256365423581,market_and_stock,full_shape,train
2024-02-29,2,0,0,0.0,-0.2616880343450183,market_and_stock,full_shape,train
2024-03-01,2,0,0,0.0,0.0,market_and_stock,full_shape,train
2024-03-04,2,0,1,-2.7779196129512638,0.0,market_and_stock,full_shape,train
2024-03-05,2,0,0,0.0,9.013965060878784,market_and_stock,full_shape,train
2024-03-06,2,0,0,0.0,-7.360025284450042,market_and_stock,full_shape,train
2024-03-07,2,0,0,0.0,0.0,market_and_stock,full_shape,train
2024-03-08,2,0,0,0.0,-0.5892949192711976,market_and_stock,full_shape,train
2024-03-11,2,0,1,-6.210000000000005,-6.196926406926405,market_and_stock,full_shape,train
2024-03-12,2,0,0,0.0,-3.614352842065836,market_and_stock,full_shape,train
2024-03-13,2,0,1,-6.210000000000005,-12.921485380389063,market_and_stock,full_shape,train
2024-03-14,2,0,0,0.0,-6.3512097667919525,market_and_stock,full_shape,train
2024-03-15,2,0,0,0.0,-3.276671878490032,market_and_stock,full_shape,train
2024-03-18,2,0,1,15.289425947187139,16.51271812825711,market_and_stock,full_shape,train
2024-03-19,2,0,0,0.0,2.2725117516249744,market_and_stock,full_shape,train
2024-03-20,2,0,0,0.0,5.494199966838,market_and_stock,full_shape,train
2024-03-21,2,0,0,0.0,-2.559083461119725,market_and_stock,full_shape,train
2024-03-22,2,0,1,4.995811138014527,3.0420479054676495,market_and_stock,full_shape,train
2024-03-25,2,0,0,0.0,14.807622149837144,market_and_stock,full_shape,train
2024-03-26,2,0,1,-6.210000000000005,8.349534883720956,market_and_stock,full_shape,train
2024-03-27,2,0,0,0.0,13.889040482671202,market_and_stock,full_shape,train
2024-03-28,2,0,0,0.0,-17.03565263911901,market_and_stock,full_shape,train
2024-03-29,2,0,0,0.0,6.753333333333336,market_and_stock,full_shape,train
2024-04-01,2,0,2,-9.442670025188907,1.0658141036401503e-14,market_and_stock,full_shape,train
2024-04-02,2,0,2,-12.42000000000001,-5.022126022126028,market_and_stock,full_shape,train
2024-04-03,2,0,2,-12.42000000000001,1.3613766730401604,market_and_stock,full_shape,train
2024-04-08,2,0,0,0.0,6.88511627906976,market_and_stock,full_shape,train
2024-04-09,2,0,0,0.0,4.981695685087064,market_and_stock,full_shape,train
2024-04-10,2,0,2,-12.42000000000001,0.0,market_and_stock,full_shape,train
2024-04-11,2,0,0,0.0,12.42000000000001,market_and_stock,full_shape,train
2024-04-12,2,0,0,0.0,18.862849740932653,market_and_stock,full_shape,train
2024-04-15,2,0,0,0.0,15.802385086507357,market_and_stock,full_shape,train
2024-04-16,2,0,0,0.0,-11.71628183831673,market_and_stock,full_shape,train
2024-04-17,2,0,0,0.0,-2.541119641714639,market_and_stock,full_shape,train
2024-04-18,2,0,0,0.0,6.210000000000005,market_and_stock,full_shape,train
2024-04-19,2,0,0,0.0,-11.769405864479985,market_and_stock,full_shape,train
2024-04-22,2,0,0,0.0,-6.450707264897234,market_and_stock,full_shape,train
2024-04-23,2,0,0,0.0,-6.494786907539816,market_and_stock,full_shape,train
2024-04-24,2,0,0,0.0,-8.55862765443922,market_and_stock,full_shape,train
2024-04-25,2,0,0,0.0,4.545618443770585,market_and_stock,full_shape,train
2024-04-26,2,0,0,0.0,-28.133385416666652,market_and_stock,full_shape,train
2024-04-29,2,0,0,0.0,-19.967398893146026,market_and_stock,full_shape,train
2024-04-30,2,0,2,9.82872836901034,11.57140103358698,market_and_stock,full_shape,train
2024-05-06,2,0,1,-1.0478378378378403,-5.345555555555558,market_and_stock,full_shape,train
2024-05-07,2,0,2,-4.974891203369193,0.0,market_and_stock,full_shape,train
2024-05-08,2,0,2,2.9110058560207523,15.331005856020752,market_and_stock,full_shape,train
2024-05-09,2,0,0,0.0,6.210000000000005,market_and_stock,full_shape,train
2024-05-10,2,0,0,0.0,0.0,market_and_stock,full_shape,train
2024-05-13,2,0,2,-2.2684848484848548,0.0,market_and_stock,full_shape,train
2024-05-14,2,0,0,0.0,0.0,market_and_stock,full_shape,train
2024-05-15,2,0,0,0.0,0.515110602593428,market_and_stock,full_shape,train
2024-05-16,2,0,2,-2.2151884218162072,0.0,market_and_stock,full_shape,train
2024-05-17,2,0,1,-0.08730061349693322,-10.600148299444976,market_and_stock,full_shape,train
2024-05-20,2,0,0,0.0,0.0,market_and_stock,full_shape,train
2024-05-21,2,0,0,0.0,8.398088861838106,market_and_stock,full_shape,train
2024-05-22,2,0,1,-6.210000000000005,-21.878047966651657,market_and_stock,full_shape,train
2024-05-23,2,0,0,0.0,0.0,market_and_stock,full_shape,train
2024-05-24,2,0,0,0.0,16.349240506329124,market_and_stock,full_shape,train
2024-05-27,2,0,0,0.0,2.4877822695097427,market_and_stock,full_shape,train
2024-05-28,2,0,0,0.0,13.279350395149327,market_and_stock,full_shape,train
2024-05-29,2,0,0,0.0,8.443608768971336,market_and_stock,full_shape,train
2024-05-30,2,0,0,0.0,0.0,market_and_stock,full_shape,train
2024-05-31,2,0,0,0.0,0.0,market_and_stock,full_shape,train
2024-06-03,2,0,0,0.0,9.227341040462434,market_and_stock,full_shape,train
2024-06-04,2,0,0,0.0,7.452339832869082,market_and_stock,full_shape,train
2024-06-05,2,0,0,0.0,0.0,market_and_stock,full_shape,train
2024-06-06,2,0,0,0.0,17.43482453918024,market_and_stock,full_shape,train
2024-06-07,2,0,0,0.0,12.42,market_and_stock,full_shape,train
2024-06-11,2,0,0,0.0,-7.722263814616758,market_and_stock,full_shape,train
2024-06-12,2,0,0,0.0,-8.244810495626819,market_and_stock,full_shape,train
2024-06-13,2,0,0,0.0,0.0,market_and_stock,full_shape,train
2024-06-14,2,0,0,0.0,-15.011351484682576,market_and_stock,full_shape,train
2024-06-17,2,0,0,0.0,-2.645703766638339,market_and_stock,full_shape,train
2024-06-18,2,0,0,0.0,12.597105831533474,market_and_stock,full_shape,train
2024-06-19,2,0,0,0.0,12.42000000000001,market_and_stock,full_shape,train
2024-06-20,2,0,0,0.0,9.804841795437826,market_and_stock,full_shape,train
2024-06-21,2,0,0,0.0,12.42000000000001,market_and_stock,full_shape,train
2024-06-24,2,0,0,0.0,6.210000000000005,market_and_stock,full_shape,train
2024-06-25,2,0,0,0.0,6.210000000000005,market_and_stock,full_shape,train
2024-06-26,2,0,0,0.0,1.130949217913026,market_and_stock,full_shape,train
2024-06-27,2,0,0,0.0,1.9068635201115698,market_and_stock,full_shape,train
2024-06-28,2,0,0,0.0,8.746411526245414,market_and_stock,full_shape,train
2024-07-01,2,0,0,0.0,0.0,market_and_stock,full_shape,train
2024-07-02,2,0,0,0.0,-4.367908441831169,market_and_stock,full_shape,train
2024-07-03,2,0,0,0.0,6.210000000000005,market_and_stock,full_shape,train
2024-07-04,2,0,0,0.0,14.147975270479131,market_and_stock,full_shape,train
2024-07-05,2,0,0,0.0,-11.003442449841582,market_and_stock,full_shape,train
2024-07-08,2,0,0,0.0,6.210000000000016,market_and_stock,full_shape,train
2024-07-09,2,0,0,0.0,3.362425409672511,market_and_stock,full_shape,train
2024-07-10,2,0,0,0.0,0.0,market_and_stock,full_shape,train
2024-07-11,2,0,0,0.0,-27.0206022112444,market_and_stock,full_shape,train
2024-07-12,2,0,0,0.0,-0.6535736236192955,market_and_stock,full_shape,train
2024-07-15,2,0,0,0.0,4.484516129032247,market_and_stock,full_shape,train
2024-07-16,2,0,0,0.0,8.800677227294265,market_and_stock,full_shape,train
2024-07-17,2,0,0,0.0,2.0192105263157965,market_and_stock,full_shape,train
2024-07-18,2,0,0,0.0,4.624003044140036,market_and_stock,full_shape,train
2024-07-19,2,0,0,0.0,14.420000000000012,market_and_stock,full_shape,train
2024-07-22,2,0,0,0.0,0.0,market_and_stock,full_shape,train
2024-07-23,2,0,0,0.0,-4.797158176943704,market_and_stock,full_shape,train
2024-07-24,2,0,0,0.0,-7.615982525529539,market_and_stock,full_shape,train
2024-07-25,2,0,0,0.0,-2.82078998688081,market_and_stock,full_shape,train
2024-07-26,2,0,0,0.0,-2.505231788079464,market_and_stock,full_shape,train
2024-07-29,2,0,0,0.0,-1.0104424103737566,market_and_stock,full_shape,train
2024-07-30,2,0,0,0.0,-11.184532163742665,market_and_stock,full_shape,train
2024-07-31,2,0,0,0.0,6.210000000000005,market_and_stock,full_shape,train
2024-08-01,2,0,0,0.0,9.470288540807926,market_and_stock,full_shape,train
2024-08-02,2,0,0,0.0,-0.06814629421274354,market_and_stock,full_shape,train
2024-08-05,2,0,0,0.0,3.137557251908409,market_and_stock,full_shape,train
2024-08-06,2,0,0,0.0,10.664158321411545,market_and_stock,full_shape,train
2024-08-07,2,0,0,0.0,-15.618877005347606,market_and_stock,full_shape,train
2024-08-08,2,0,0,0.0,4.7555889857852325,market_and_stock,full_shape,train
2024-08-09,2,0,0,0.0,2.8518300507311096,market_and_stock,full_shape,train
2024-08-12,2,0,0,0.0,6.210000000000005,market_and_stock,full_shape,train
2024-08-13,2,0,0,0.0,-3.463905027995649,market_and_stock,full_shape,train
2024-08-14,2,0,0,0.0,5.402986997205019,market_and_stock,full_shape,train
2024-08-15,2,0,0,0.0,-3.9597563105584803,market_and_stock,full_shape,train
2024-08-16,2,0,0,0.0,0.0,market_and_stock,full_shape,train
2024-08-19,2,0,0,0.0,5.765555555555546,market_and_stock,full_shape,train
2024-08-20,2,0,0,0.0,-8.074409654272683,market_and_stock,full_shape,train
2024-08-21,2,0,0,0.0,-1.1710931174089039,market_and_stock,full_shape,train
2024-08-22,2,0,0,0.0,0.0,market_and_stock,full_shape,train
2024-08-23,2,0,0,0.0,6.823426392327628,market_and_stock,full_shape,train
2024-08-26,2,0,0,0.0,8.292074882995339,market_and_stock,full_shape,train
2024-08-27,2,0,0,0.0,-5.990527704485492,market_and_stock,full_shape,train
2024-08-28,2,0,0,0.0,10.534729392173194,market_and_stock,full_shape,train
2024-08-29,2,0,0,0.0,0.33722646310433513,market_and_stock,full_shape,train
2024-08-30,2,0,0,0.0,4.250404040404033,market_and_stock,full_shape,train
2024-09-02,2,0,0,0.0,6.210000000000005,market_and_stock,full_shape,train
2024-09-03,2,0,0,0.0,12.056363636363633,market_and_stock,full_shape,train
2024-09-04,2,0,0,0.0,-1.0430742566457356,market_and_stock,full_shape,train
2024-09-05,2,0,0,0.0,7.307902330743612,market_and_stock,full_shape,train
2024-09-06,2,0,0,0.0,15.584251207729462,market_and_stock,full_shape,train
2024-09-09,2,0,0,0.0,2.910499534369017,market_and_stock,full_shape,train
2024-09-10,2,0,0,0.0,0.0,market_and_stock,full_shape,train
2024-09-11,2,0,0,0.0,-1.0837147102525906,market_and_stock,full_shape,train
2024-09-12,2,0,0,0.0,-1.5918018018018056,market_and_stock,full_shape,train
2024-09-13,2,0,0,0.0,6.210000000000016,market_and_stock,full_shape,train
2024-09-18,2,0,0,0.0,-11.552378760219105,market_and_stock,full_shape,train
2024-09-19,2,0,0,0.0,-14.002678936605315,market_and_stock,full_shape,train
2024-09-20,2,0,0,0.0,0.0,market_and_stock,full_shape,train
2024-09-23,2,0,0,0.0,2.485406234031686,market_and_stock,full_shape,train
2024-09-24,2,0,0,0.0,-18.88656919249636,market_and_stock,full_shape,train
2024-09-25,2,0,0,0.0,-41.19784383928246,market_and_stock,full_shape,train
2024-09-26,2,0,2,63.85957694614031,20.116105821333903,market_and_stock,full_shape,train
2024-09-27,2,0,0,0.0,-0.3115123859191762,market_and_stock,full_shape,train
2024-09-30,2,0,0,0.0,0.0,market_and_stock,full_shape,train
2024-10-08,2,0,0,0.0,32.2684021819415,market_and_stock,full_shape,train
2024-10-09,2,0,1,-6.351732283464563,6.210000000000005,market_and_stock,full_shape,train
2024-10-10,2,0,0,0.0,0.0,market_and_stock,full_shape,train
2024-10-11,2,0,0,0.0,0.0,market_and_stock,full_shape,train
2024-10-14,2,0,2,4.972642257509039,0.0,market_and_stock,full_shape,train
2024-10-15,2,0,1,1.178888888888884,0.0,market_and_stock,full_shape,train
2024-10-16,2,0,1,-0.906864111498241,0.0,market_and_stock,full_shape,train
2024-10-17,2,0,0,0.0,0.0,market_and_stock,full_shape,train
2024-10-18,2,0,1,18.389033816425137,0.0,market_and_stock,full_shape,train
2024-10-21,2,0,0,0.0,0.0,market_and_stock,full_shape,train
2024-10-22,2,0,2,14.41363395632653,4.112838595928835,market_and_stock,full_shape,train
2024-10-23,2,0,2,12.592931895346492,0.0,market_and_stock,full_shape,train
2024-10-24,2,0,2,1.7764218854286788,0.0,market_and_stock,full_shape,train
2024-10-25,2,0,1,-1.48388535031846,0.0,market_and_stock,full_shape,train
2024-10-28,2,0,2,0.9096365007849032,0.0,market_and_stock,full_shape,train
2024-10-29,2,0,2,-13.364444444444459,0.0,market_and_stock,full_shape,train
2024-10-30,2,0,2,-7.086222518321129,0.0,market_and_stock,full_shape,train
2024-10-31,2,0,2,-12.42,0.0,market_and_stock,full_shape,train
2024-11-01,2,0,2,-17.120934579439265,0.0,market_and_stock,full_shape,train
2024-11-04,2,0,2,6.242129627596903,-3.4509181998288003,market_and_stock,full_shape,train
2024-11-05,2,0,2,6.377139296100663,0.0,market_and_stock,full_shape,train
2024-11-06,2,0,2,3.545314336119774,0.7997546341245165,market_and_stock,full_shape,train
2024-11-07,2,0,2,-0.8631314623338122,0.0,market_and_stock,full_shape,train
2024-11-08,2,0,2,-2.3023529411764683,0.0,market_and_stock,full_shape,train
2024-11-11,2,0,2,-4.2504377223152945,0.0,market_and_stock,full_shape,train
2024-11-12,2,0,1,-6.210000000000005,0.0,market_and_stock,full_shape,train
2024-11-13,2,0,2,-12.41999999999999,0.0,market_and_stock,full_shape,train
2024-11-14,2,0,2,8.498032786885233,0.0,market_and_stock,full_shape,train
2024-11-15,2,0,2,-12.42000000000001,0.0,market_and_stock,full_shape,train
2024-11-18,2,0,0,0.0,0.0,market_and_stock,full_shape,train
2024-11-19,2,0,0,0.0,-13.405760563279287,market_and_stock,full_shape,train
2024-11-20,2,0,0,0.0,-0.26908819133032313,market_and_stock,full_shape,train
2024-11-21,2,0,2,-0.9095591647331664,0.0,market_and_stock,full_shape,train
2024-11-22,2,0,2,-12.42,0.0,market_and_stock,full_shape,train
2024-11-25,2,0,0,0.0,-1.1886956521739087,market_and_stock,full_shape,train
2024-11-26,2,0,0,0.0,0.0,market_and_stock,full_shape,train
2024-11-27,2,0,0,0.0,-5.195987460815042,market_and_stock,full_shape,train
2024-11-28,2,0,0,0.0,-4.406384110820592,market_and_stock,full_shape,train
2024-11-29,2,0,0,0.0,-0.10454181588372435,market_and_stock,full_shape,train
2024-12-02,2,0,2,0.4478459937564887,-8.593010146561443,market_and_stock,full_shape,train
2024-12-03,2,0,2,-11.530228180672268,0.0,market_and_stock,full_shape,train
2024-12-04,2,0,2,2.2037530585356495,0.0,market_and_stock,full_shape,train
2024-12-05,2,0,2,6.317506362846968,0.0,market_and_stock,full_shape,train
2024-12-06,2,0,2,-0.5844545911852035,0.0,market_and_stock,full_shape,train
2024-12-09,2,0,2,44.53779592111333,0.0,market_and_stock,full_shape,train
2024-12-10,2,0,2,2.2434809740557653,0.0,market_and_stock,full_shape,train
2024-12-11,2,0,2,16.447838839729354,0.0,market_and_stock,full_shape,train
2024-12-12,2,0,2,-12.42000000000001,0.0,market_and_stock,full_shape,train
2024-12-13,2,0,2,6.328710390567436,0.0,market_and_stock,full_shape,train
2024-12-16,2,0,2,6.153673870334006,0.0,market_and_stock,full_shape,train
2024-12-17,2,0,2,-17.012185592185595,0.0,market_and_stock,full_shape,train
2024-12-18,2,0,0,0.0,17.51074243813017,market_and_stock,full_shape,train
2024-12-19,2,0,0,0.0,0.0,market_and_stock,full_shape,train
2024-12-20,2,0,0,0.0,17.689276393831534,market_and_stock,full_shape,train
2024-12-23,2,0,0,0.0,0.792655273030431,market_and_stock,full_shape,train
2024-12-24,2,0,0,0.0,-5.204151084790019,market_and_stock,full_shape,train
2024-12-25,2,0,0,0.0,-24.202311730411004,market_and_stock,full_shape,train
2024-12-26,2,0,0,0.0,4.207734528143383,market_and_stock,full_shape,train
2024-12-27,2,0,0,0.0,6.210000000000005,market_and_stock,full_shape,train
2024-12-30,2,0,0,0.0,12.42000000000001,market_and_stock,full_shape,train
2024-12-31,2,0,0,0.0,12.42000000000001,market_and_stock,full_shape,train
2025-01-02,2,0,0,0.0,32.41989598321864,market_and_stock,full_shape,train
2025-01-03,2,0,0,0.0,22.541329491195285,market_and_stock,full_shape,train
2025-01-06,2,0,0,0.0,0.6923151125401992,market_and_stock,full_shape,train
2025-01-07,2,0,0,0.0,0.0,market_and_stock,full_shape,train
2025-01-08,2,0,0,0.0,6.672984723854282,market_and_stock,full_shape,train
2025-01-09,2,0,0,0.0,-1.0987969924811978,market_and_stock,full_shape,train
2025-01-10,2,0,0,0.0,0.0,market_and_stock,full_shape,train
2025-01-13,2,0,0,0.0,-19.78114621122113,market_and_stock,full_shape,train
2025-01-14,2,0,0,0.0,-25.114000768497895,market_and_stock,full_shape,train
2025-01-15,2,0,0,0.0,0.635170068027203,market_and_stock,full_shape,train
2025-01-16,2,0,0,0.0,4.793983739837395,market_and_stock,full_shape,train
2025-01-17,2,0,0,0.0,3.0338722009830583,market_and_stock,full_shape,train
2025-01-20,2,0,0,0.0,2.3700048823308135,market_and_stock,full_shape,train
2025-01-21,2,0,0,0.0,6.210000000000005,market_and_stock,full_shape,train
2025-01-22,2,0,0,0.0,5.049428227548915,market_and_stock,full_shape,train
2025-01-23,2,0,0,0.0,6.210000000000016,market_and_stock,full_shape,train
2025-01-24,2,0,0,0.0,0.0913668554343734,market_and_stock,full_shape,train
2025-01-27,2,0,0,0.0,3.607499999999999,market_and_stock,full_shape,train
2025-02-05,2,0,0,0.0,-4.322415375788856,market_and_stock,full_shape,train
2025-02-06,2,0,0,0.0,-6.460946441934199,market_and_stock,full_shape,train
2025-02-07,2,0,0,0.0,1.6034426229508356,market_and_stock,full_shape,train
2025-02-10,2,0,0,0.0,-13.91754791647086,market_and_stock,full_shape,train
2025-02-11,2,0,0,0.0,3.7855121709527557,market_and_stock,full_shape,train
2025-02-12,2,0,0,0.0,-9.139705774949135,market_and_stock,full_shape,train
2025-02-13,2,0,2,-12.420000000000032,0.9651741293532083,market_and_stock,full_shape,train
2025-02-14,2,0,2,2.136405353728496,5.099082802066301,market_and_stock,full_shape,train
2025-02-17,2,0,0,0.0,0.0,market_and_stock,full_shape,train
2025-02-18,2,0,2,-9.227443260063353,-19.421719169466222,market_and_stock,full_shape,train
2025-02-19,2,0,2,0.9583181387859612,-27.639725545924385,market_and_stock,full_shape,train
2025-02-20,2,0,0,0.0,0.0,market_and_stock,full_shape,train
2025-02-21,2,0,2,17.420182000598068,15.072531166194988,market_and_stock,full_shape,train
2025-02-24,2,0,2,-3.689372693726935,-2.074567498921742,market_and_stock,full_shape,train
2025-02-25,2,0,2,-8.920000000000018,-8.613480055020661,market_and_stock,full_shape,train
2025-02-26,2,0,2,-7.233008130081277,0.0,market_and_stock,full_shape,train
2025-02-27,2,0,2,9.25079075991426,17.61319438258959,market_and_stock,full_shape,train
2025-02-28,2,0,2,-14.75333333333333,0.0,market_and_stock,full_shape,train
2025-03-03,2,0,0,0.0,16.07554948544726,market_and_stock,full_shape,train
2025-03-04,2,0,0,0.0,0.0,market_and_stock,full_shape,train
2025-03-05,2,0,0,0.0,-5.404432576769034,market_and_stock,full_shape,train
2025-03-06,2,0,0,0.0,-3.0075449225083632,market_and_stock,full_shape,train
2025-03-07,2,0,2,32.81492275698154,38.88770053475933,market_and_stock,full_shape,train
2025-03-10,2,0,2,4.045387374958796,0.0,market_and_stock,full_shape,train
2025-03-11,2,0,2,6.3379816504324875,0.0,market_and_stock,full_shape,train
2025-03-12,2,0,1,-6.210000000000005,0.0,market_and_stock,full_shape,train
2025-03-13,2,0,1,-9.591443298969084,0.0,market_and_stock,full_shape,train
2025-03-14,2,0,2,-0.15040752351095588,-11.675057208237973,market_and_stock,full_shape,train
2025-03-17,2,0,0,0.0,0.0,market_and_stock,full_shape,train
2025-03-18,2,0,0,0.0,-5.43383244206774,market_and_stock,full_shape,train
2025-03-19,2,0,1,18.23660194174754,0.0,market_and_stock,full_shape,train
2025-03-20,2,0,2,-12.42,0.0,market_and_stock,full_shape,train
2025-03-21,2,0,1,-6.210000000000005,0.0,market_and_stock,full_shape,train
2025-03-24,2,0,2,-1.344019185936531,14.562843613137156,market_and_stock,full_shape,train
2025-03-25,2,0,0,0.0,15.507104419426057,market_and_stock,full_shape,train
2025-03-26,2,0,0,0.0,9.315480225988717,market_and_stock,full_shape,train
2025-03-27,2,0,2,-11.015995625428657,0.0,market_and_stock,full_shape,train
2025-03-28,2,0,0,0.0,3.4463813493863427,market_and_stock,full_shape,train
2025-03-31,2,0,0,0.0,5.212650918635166,market_and_stock,full_shape,train
2025-04-01,2,0,0,0.0,24.70612403100775,market_and_stock,full_shape,train
2025-04-02,2,0,0,0.0,0.0,market_and_stock,full_shape,train
2025-04-03,2,0,0,0.0,12.067849659017918,market_and_stock,full_shape,train
2025-04-07,2,0,0,0.0,10.183226238286482,market_and_stock,full_shape,train
2025-04-08,2,0,0,0.0,-15.221164901664139,market_and_stock,full_shape,train
2025-04-09,2,0,0,0.0,0.0,market_and_stock,full_shape,train
2025-04-10,2,0,0,0.0,1.3847430249632762,market_and_stock,full_shape,train
2025-04-11,2,0,0,0.0,0.31808507903867866,market_and_stock,full_shape,train
2025-04-14,2,0,0,0.0,-0.8246250122372549,market_and_stock,full_shape,train
2025-04-15,2,0,0,0.0,-2.1988790806129237,market_and_stock,full_shape,train
2025-04-16,2,0,0,0.0,7.8779191517561316,market_and_stock,full_shape,train
2025-04-17,2,0,0,0.0,-3.2601838334684756,market_and_stock,full_shape,train
2025-04-18,2,0,0,0.0,-3.1192231812577234,market_and_stock,full_shape,train
2025-04-21,2,0,0,0.0,-3.1934453781512477,market_and_stock,full_shape,train
2025-04-22,2,0,0,0.0,-2.939606299212593,market_and_stock,full_shape,train
2025-04-23,2,0,0,0.0,9.950684479454964,market_and_stock,full_shape,train
2025-04-24,2,0,0,0.0,12.971270713578857,market_and_stock,full_shape,train
2025-04-25,2,0,0,0.0,-21.15838095645743,market_and_stock,full_shape,train
2025-04-28,2,0,0,0.0,16.457174721189595,market_and_stock,full_shape,train
2025-04-29,2,0,0,0.0,-17.83239744586602,market_and_stock,full_shape,train
2025-04-30,2,0,0,0.0,-10.284636687473812,market_and_stock,full_shape,train
2025-05-06,2,0,0,0.0,-6.84394190871369,market_and_stock,full_shape,train
2025-05-07,2,0,0,0.0,-2.616086956521756,market_and_stock,full_shape,train
2025-05-08,2,0,0,0.0,0.2746712320169782,market_and_stock,full_shape,train
2025-05-09,2,0,0,0.0,-10.522640312503349,market_and_stock,full_shape,train
2025-05-12,2,0,0,0.0,2.428089459909579,market_and_stock,full_shape,train
2025-05-13,2,0,2,-5.252755905511788,0.0,market_and_stock,full_shape,train
2025-05-14,2,0,1,-4.050749414519918,1.600284870209868,market_and_stock,full_shape,train
2025-05-15,2,0,0,0.0,-2.0755530474040764,market_and_stock,full_shape,train
2025-05-16,2,0,0,0.0,4.583541807541449,market_and_stock,full_shape,train
2025-05-19,2,0,2,-2.217548343231936,0.0,market_and_stock,full_shape,train
2025-05-20,2,0,1,-7.9533628318584135,0.0,market_and_stock,full_shape,train
2025-05-21,2,0,0,0.0,-2.9215583483902945,market_and_stock,full_shape,train
2025-05-22,2,0,2,-1.5205025125628175,-3.322724734785031,market_and_stock,full_shape,train
2025-05-23,2,0,2,10.783699757043594,12.27529289000615,market_and_stock,full_shape,train
2025-05-26,2,0,0,0.0,-1.506336740080159,market_and_stock,full_shape,train
2025-05-27,2,0,0,0.0,0.0,market_and_stock,full_shape,train
2025-05-28,2,0,0,0.0,-17.436755451542716,market_and_stock,full_shape,train
2025-05-29,2,0,0,0.0,7.222854594112417,market_and_stock,full_shape,train
2025-05-30,2,0,0,0.0,3.2065707434052815,market_and_stock,full_shape,train
2025-06-03,2,0,0,0.0,-0.05828348364200586,market_and_stock,full_shape,train
2025-06-04,2,0,0,0.0,0.0,market_and_stock,full_shape,train
2025-06-05,2,0,2,-1.802427684659282,0.0,market_and_stock,full_shape,train
2025-06-06,2,0,2,-7.90131179165662,0.0,market_and_stock,full_shape,train
2025-06-09,2,0,2,3.756246071507916,9.61715765157367,market_and_stock,full_shape,train
2025-06-10,2,0,2,-9.506998312865903,0.0,market_and_stock,full_shape,train
2025-06-11,2,0,2,9.070554371266958,0.0,market_and_stock,full_shape,train
2025-06-12,2,0,2,-7.440408163265312,0.0,market_and_stock,full_shape,train
2025-06-13,2,0,2,-12.420000000000021,0.0,market_and_stock,full_shape,train
2025-06-16,2,0,0,0.0,7.551071190951443,market_and_stock,full_shape,train
2025-06-17,2,0,0,0.0,12.42,market_and_stock,full_shape,train
2025-06-18,2,0,0,0.0,1.804615384615384,market_and_stock,full_shape,train
2025-06-19,2,0,0,0.0,-1.307272727272733,market_and_stock,full_shape,train
2025-06-20,2,0,0,0.0,6.210000000000016,market_and_stock,full_shape,train
2025-06-23,2,0,0,0.0,-9.077314914060961,market_and_stock,full_shape,train
2025-06-24,2,0,0,0.0,-3.95381436927603,market_and_stock,full_shape,train
2025-06-25,2,0,1,1.3502836879432758,-23.378081424239895,market_and_stock,full_shape,train
