decision_date,code,score,known_vwap,vwap_eligibility_reason,economic_yin_close,economic_open,yin_factor,opening_factor,previous_amount,previous_volume,previous_source,previous_raw_vwap,previous_economic_vwap,yin_close_above_vwap,yin_close_and_open_above_vwap,selected_corrected_low_open,selected_full_shape,selected_vwap_eligible_full_shape,selected_yin_close_above_vwap,selected_yin_close_and_open_above_vwap
2024-01-02,002347,33.8057,True,known,24.97411575,24.384176,3.932931613533,3.932931613533,755286528.0,119419400.0,tdx,6.324655190027751,24.87443634,True,False,True,True,True,True,False
2024-01-02,605389,16.6594,True,known,38.80111737,38.71411935,1.4499670168201,1.4499670168201,184815376.0,6887000.0,tdx,26.835396544213737,38.91043987,False,False,False,False,False,False,False
2024-01-03,000705,18.9706,True,known,61.59505521,60.40836149,5.6509224964483,5.6509224964483,1402398336.0,121921700.0,tdx,11.502450638401532,64.99945708,False,False,False,False,False,False,False
2024-01-03,001339,14.1176,True,known,32.62713201,33.68866546,1.0014466546112,1.0014466546112,1309263360.0,38007400.0,tdx,34.44759073233107,34.4974245,False,False,False,False,False,False,False
2024-01-03,002529,21.1268,True,known,16.06018956,15.93025275,1.2993680873006,1.2993680873006,380154528.0,30238600.0,tdx,12.571829648198,16.33543424,False,False,True,True,True,False,False
2024-01-03,601166,78.4365,True,known,75.39183987,74.9851408,5.0837383592374,5.0837383592374,1531209472.0,103228700.0,tdx,14.83317596753616,75.40798566,False,False,True,True,True,False,False
2024-01-03,603711,14.4231,True,known,17.63657453,17.45595901,1.0624442489199,1.0624442489199,180919744.0,10894200.0,tdx,16.606978392171982,17.64398868,False,False,False,False,False,False,False
2024-01-04,000678,12.8276,True,known,30.9887052,30.9441812,4.4524001725626,4.4524001725626,421468224.0,60043900.0,tdx,7.019334586860614,31.25288653,False,False,False,False,False,False,False
2024-01-04,600592,17.8218,True,known,44.13789504,43.27649974,3.4455811894587,3.4455811894587,1009834368.0,78399500.0,tdx,12.880622554990785,44.38123078,False,False,True,False,False,False,False
2024-01-04,603261,21.8824,True,known,36.16965557,36.27068812,1.0103255745005,1.0103255745005,226489568.0,6188800.0,tdx,36.59668562564633,36.97456743,False,False,False,True,True,False,False
2024-01-04,603586,32.4627,True,known,19.98206484,19.92356933,1.1699101194845,1.1699101194845,367718048.0,20971500.0,tdx,17.5341796247288,20.51341418,False,False,True,True,True,False,False
2024-01-05,600088,14.1799,True,known,57.85423592,56.55414073,3.611375525763,3.611375525763,969684608.0,59992700.0,tdx,16.163376677495762,58.37202295,False,False,True,True,True,False,False
2024-01-05,605488,38.3265,True,known,28.08617576,27.24297725,1.5330881965774,1.5330881965774,634017792.0,33077500.0,tdx,19.167645438742348,29.38569098,False,False,True,True,True,False,False
2024-01-08,000635,50.1234,True,known,41.83322721,39.97094457,4.5421527916472,4.5421527916472,345952128.0,36591100.0,tdx,9.45454298996204,42.94397884,False,False,False,False,False,False,False
2024-01-08,002780,16.2978,True,known,28.42604366,28.40647997,1.9563691439239,1.9563691439239,584013440.0,38577100.0,tdx,15.138863211594444,29.61720486,False,False,False,False,False,False,False
2024-01-08,002888,60.6947,True,known,52.10718895,46.90585874,1.8777365386961,1.8777365386961,1161858944.0,39637200.0,tdx,29.31233649198228,55.04084527,False,False,True,True,True,False,False
2024-01-08,603048,58.9962,True,known,20.25040308,19.84089038,1.0237817534,1.0237817534,302624480.0,14949500.0,tdx,20.243117161109065,20.72453398,False,False,True,True,True,False,False
2024-01-08,603390,53.8461,True,known,10.89311617,10.74040893,1.0180482401507,1.0180482401507,528543040.0,48230400.0,tdx,10.958711518046709,11.15649698,False,False,False,False,False,False,False
2024-01-08,603908,37.8165,True,known,45.16263645,44.9415362,1.1636855566633,1.1636855566633,185537248.0,4653500.0,tdx,39.870473407112925,46.39669404,False,False,False,False,False,False,False
2024-01-09,000590,45.3145,True,known,53.69954087,50.70763561,5.1584573359366,5.1584573359366,524812800.0,49434400.0,tdx,10.616348130047093,54.76397889,False,False,True,True,True,False,False
2024-01-09,603709,53.2175,True,known,23.45035441,23.35177173,1.2322834688418,1.2322834688418,246074080.0,12543700.0,tdx,19.61734416479986,24.17412892,False,False,True,True,True,False,False
2024-01-10,600234,67.325,True,known,19.6392,19.61568,2.352,2.352,188225200.0,21870400.0,tdx,8.606390372375449,20.24223016,False,False,True,True,True,False,False
2024-01-10,600775,64.3016,True,known,17.54617473,17.03227003,1.4682991406387,1.4682991406387,1420992384.0,117506200.0,tdx,12.09291411006398,17.7560154,False,False,True,True,True,False,False
2024-01-10,605303,61.5619,True,known,13.31351599,13.10932096,1.0209751524222,1.0209751524222,307403584.0,21711100.0,tdx,14.158821248117322,14.45580468,False,False,False,False,False,False,False
2024-01-11,002058,66.1505,True,known,32.36229737,32.45769102,2.3848413684245,2.3848413684245,172223808.0,12577600.0,tdx,13.692899122249077,32.65539228,False,False,False,False,False,False,False
2024-01-11,002347,56.2457,True,known,27.53052129,24.77746917,3.932931613533,3.932931613533,1638552448.0,214608400.0,tdx,7.635080677177594,30.02825017,False,False,False,False,False,False,False
2024-01-11,002527,75.9639,True,known,27.75180676,27.13696311,2.7947438836401,2.7947438836401,692948288.0,67899100.0,tdx,10.20555924894439,28.52192429,False,False,True,True,True,False,False
2024-01-11,002877,56.5829,True,known,30.81015218,29.94186607,2.8009229251205,2.8009229251205,725520896.0,61991200.0,tdx,11.70361109318742,32.78091262,False,False,False,False,False,False,False
2024-01-11,002887,46.7629,True,known,39.65255619,39.60902978,4.3526406354496,4.3526406354496,273435520.0,29855800.0,tdx,9.158539379283088,39.86383066,False,False,False,False,False,False,False
2024-01-11,600506,42.4263,True,known,20.08381635,20.16340875,1.3265400495458,1.3265400495458,607667776.0,38750200.0,tdx,15.681668120422604,20.80236081,False,False,False,False,False,False,False
2024-01-11,603211,66.3651,True,known,19.55799337,19.21645676,1.0045194335643,1.0045194335643,588638528.0,28842600.0,tdx,20.40864998301124,20.50088552,False,False,True,True,True,False,False
2024-01-11,603389,36.433,True,known,8.927583292,8.878463164,1.2280032039135,1.2280032039135,180664800.0,24961100.0,tdx,7.237854100981127,8.888108025,True,False,False,False,False,True,False
2024-01-11,603656,49.9968,True,known,32.45981195,30.85635069,2.0557195663521,2.0557195663521,597905280.0,35587400.0,tdx,16.801038569830894,34.53822372,False,False,False,False,False,False,False
2024-01-11,605389,35.3196,True,known,40.62807581,39.45360253,1.4499670168201,1.4499670168201,338505824.0,11810100.0,tdx,28.662401165104445,41.55953631,False,False,False,False,False,False,False
2024-01-12,002186,23.1148,True,known,32.29918675,31.20591038,2.376687767045,2.376687767045,916568000.0,64370600.0,tdx,14.238922738020152,33.84147349,False,False,False,False,False,False,False
2024-01-12,600628,26.0571,True,known,377.1634102,374.7300979,48.66624647989649,48.66624647989649,401442176.0,50971200.0,tdx,7.87586276171642,383.2886784,False,False,True,True,True,False,False
2024-01-12,603085,50.2603,True,known,27.88429697,27.35768135,2.6330780893304,2.6330780893304,309171008.0,29485500.0,tdx,10.485527055671431,27.60921155,True,False,True,True,True,True,False
2024-01-15,000032,68.4652,True,known,74.57140874,74.19393817,4.1941174770809,4.1941174770809,872296192.0,48216700.0,tdx,18.091163269157782,75.87646405,False,False,True,True,True,False,False
2024-01-15,000628,33.2357,True,known,143.7203051,140.5095662,3.17894946078,3.17894946078,2725566976.0,59028100.0,tdx,46.17405906678345,146.7850002,False,False,False,False,False,False,False
2024-01-15,002599,60.057,True,known,24.87539457,24.70021574,3.5035767001399,3.5035767001399,512085088.0,69558900.0,tdx,7.3618916917892605,25.7929522,False,False,False,False,False,False,False
2024-01-15,003029,29.8574,True,known,22.57170377,22.11458106,1.0158282524164,1.0158282524164,552097472.0,24370200.0,tdx,22.65461391371429,23.01319686,False,False,False,False,False,False,False
2024-01-15,003032,77.9379,True,known,15.20313584,15.03276451,1.0021843008626,1.0021843008626,851613440.0,54782600.0,tdx,15.545327165924947,15.57928284,False,False,True,True,True,False,False
2024-01-15,603877,30.2203,True,known,23.22520693,21.94507742,1.219170967522,1.219170967522,465801440.0,23949800.0,tdx,19.449074313772975,23.71174675,False,False,False,False,False,False,False
2024-01-15,605365,61.9854,True,known,22.22178111,21.60422351,1.0292626730702,1.0292626730702,656117376.0,28257900.0,tdx,23.21890076757296,23.89834787,False,False,False,False,False,False,False
2024-01-16,001212,18.9142,True,known,34.40080072,34.70546703,1.3246361463413,1.3246361463413,206168032.0,7700500.0,tdx,26.77333056295046,35.46492142,False,False,False,False,False,False,False
2024-01-16,002651,32.6146,True,known,22.15346238,22.02830158,3.1290201107679,3.1290201107679,380376896.0,52918200.0,tdx,7.188016523615694,22.49144826,False,False,True,True,True,False,False
2024-01-16,003022,27.2093,True,known,24.88176422,24.76201242,1.3305756269779,1.3305756269779,697134400.0,36272700.0,tdx,19.219258560846036,25.57267701,False,False,True,True,True,False,False
2024-01-16,603109,21.6726,True,known,26.9943011,26.1803282,1.4799507179843,1.4799507179843,551344256.0,29451200.0,tdx,18.720604117998587,27.70557151,False,False,False,False,False,False,False
2024-01-17,001209,25.9689,True,known,29.09824293,28.93747915,1.4614888461264,1.4614888461264,404843584.0,19628100.0,tdx,20.62571435849624,30.14425148,False,False,True,True,True,False,False
2024-01-17,603192,20.8183,True,known,30.11787052,29.66153915,1.3828223379836,1.3828223379836,281176064.0,12514100.0,tdx,22.468740380850402,31.0702761,False,False,True,True,True,False,False
2024-01-17,603213,18.5965,True,known,13.42256019,13.28318856,1.0720894720525,1.0720894720525,414707424.0,32152300.0,tdx,12.898219536393976,13.82804537,False,False,False,False,False,False,False
2024-01-17,603656,17.7568,True,known,34.1249448,34.1249448,2.0557195663521,2.0557195663521,441173632.0,26482700.0,tdx,16.65893704191793,34.24610283,False,False,False,False,False,False,False
2024-01-18,002097,20.1156,True,known,33.79994579,33.79994579,4.8985428685262,4.8985428685262,1097146624.0,152809200.0,tdx,7.179846658447266,35.17078665,False,False,False,False,False,False,False
2024-01-18,603026,50.9523,True,known,48.47150369,48.47150369,1.0771445265343,1.0771445265343,356353504.0,7679500.0,tdx,46.4032168760987,49.98297107,False,False,False,True,True,False,False
2024-01-18,605303,68.0949,True,known,13.66064754,13.28288673,1.0209751524222,1.0209751524222,218309888.0,16492000.0,tdx,13.237320397768615,13.51497521,True,False,True,True,True,True,False
2024-01-19,000037,33.0649,True,known,52.35687762,52.23935377,5.8761927747633,5.8761927747633,447412192.0,49899600.0,tdx,8.966248066116762,52.6874021,False,False,False,False,False,False,False
2024-01-19,002090,41.8653,True,known,60.06013361,58.89730431,5.8141465257168,5.8141465257168,476281472.0,46936100.0,tdx,10.147444546947872,58.99872946,True,False,True,True,True,True,False
2024-01-19,002614,25.317,True,known,45.37210203,44.6806163,5.3191209883628,5.3191209883628,889095616.0,100272400.0,tdx,8.866802988658893,47.16359788,False,False,False,False,False,False,False
2024-01-19,603610,20.3571,True,known,34.04217978,33.86381507,2.5480673489373,2.5480673489373,509179392.0,37683700.0,tdx,13.511926695096289,34.42929923,False,False,False,False,False,False,False
2024-01-19,605155,61.3309,True,known,25.19217942,24.02722315,1.4561953423171,1.4561953423171,292535360.0,17100100.0,tdx,17.107230951865777,24.91147003,True,False,True,True,True,True,False
2024-01-22,001212,56.5676,True,known,36.75865306,35.79166867,1.3246361463413,1.3246361463413,321706592.0,11131200.0,tdx,28.901339657898518,38.28375919,False,False,False,False,False,False,False
2024-01-22,002333,73.8508,True,known,26.74825071,24.06970544,3.7202017675301,3.7202017675301,964318592.0,114666000.0,tdx,8.409804057000331,31.28616792,False,False,True,True,True,False,False
2024-01-22,603213,46.2355,True,known,12.97228261,12.92939903,1.0720894720525,1.0720894720525,285030272.0,23283200.0,tdx,12.241885651456844,13.12439672,False,False,False,False,False,False,False
2024-01-22,603276,47.9245,True,known,24.9,23.99,1.0,1.0,388266272.0,15042300.0,tdx,25.811629338598486,25.81162934,False,False,False,False,False,False,False
2024-01-22,603679,56.2929,True,known,22.26979721,20.04281748,1.4184584207335,1.4184584207335,645369472.0,38702800.0,tdx,16.67500728629453,23.6528045,False,False,True,True,True,False,False
2024-01-23,000635,77.3453,True,known,45.46694944,43.46840222,4.5421527916472,4.5421527916472,706042688.0,65514400.0,tdx,10.776908404869769,48.9503646,False,False,True,True,True,False,False
2024-01-23,002033,42.8448,True,known,51.5823546,51.12025064,5.7762995074133,5.7762995074133,730219136.0,78781100.0,tdx,9.26896344427788,53.54030898,False,False,False,False,False,False,False
2024-01-23,002571,42.3729,True,known,25.55186378,25.02875476,4.0239155559262,4.0239155559262,320042464.0,47327600.0,tdx,6.762279600064233,27.21084208,False,False,False,False,False,False,False
2024-01-23,603083,39.1182,True,known,82.09553671,81.60607823,2.2248112930643,2.2248112930643,2793921792.0,70966400.0,tdx,39.36964242232944,87.59002507,False,False,False,False,False,False,False
2024-01-23,603600,71.3836,True,known,39.29532823,35.38145092,3.1311018511762,3.1311018511762,640246611.0,48982523.0,tdx,13.070919417523674,40.92637998,False,False,True,True,True,False,False
2024-01-24,000020,65.6446,True,known,37.66070523,34.12324602,2.4064348391689,2.4064348391689,586255296.0,36808100.0,tdx,15.927344687718193,38.32811715,False,False,True,True,True,False,False
2024-01-25,000936,32.107,True,known,57.0543158,56.98781893,6.6496871563097,6.6496871563097,1084452992.0,123541000.0,tdx,8.778081705668564,58.37149718,False,False,True,True,True,False,False
2024-01-25,601886,48.6238,True,known,16.65681737,16.65681737,2.578454701216,2.578454701216,270362400.0,42162200.0,tdx,6.4124357837114765,16.53417519,True,True,False,True,True,True,True
2024-01-26,600689,32.5909,True,known,30.81898027,30.19053451,2.5137830565587,2.5137830565587,404703488.0,32765800.0,tdx,12.351399569062865,31.04873896,False,False,True,True,True,False,False
2024-01-29,002051,20.7792,True,known,45.09031376,45.25487694,5.4854396296489,5.4854396296489,583788096.0,70069400.0,tdx,8.33156978652593,45.70232308,False,False,False,False,False,False,False
2024-01-29,002902,83.2389,True,known,31.30529608,31.03281285,1.5137957486882,1.5137957486882,624030720.0,29362600.0,tdx,21.252570276474152,32.17205053,False,False,True,True,True,False,False
2024-01-29,600284,12.8358,True,known,26.62212261,26.8445916,3.7078165190286,3.7078165190286,1019537536.0,138090800.0,tdx,7.383095296717812,27.3751627,False,False,False,False,False,False,False
2024-01-29,600345,70.9953,True,known,35.56328051,34.98387875,1.9979371075735,1.9979371075735,192635312.0,10545500.0,tdx,18.267062917832252,36.49644285,False,False,False,False,False,False,False
2024-01-29,600444,61.9375,True,known,29.8242238,29.65524802,2.112197152664,2.112197152664,215544800.0,14911600.0,tdx,14.454840526838167,30.531473,False,False,False,False,False,False,False
2024-01-29,603112,61.7901,True,known,11.53240687,11.54287184,1.0464979007243,1.0464979007243,108662480.0,9587100.0,tdx,11.334238716608777,11.86125702,False,False,False,False,False,False,False
2024-01-29,603682,15.4717,True,known,7.287514728,7.137375756,1.1549151709114,1.1549151709114,348687808.0,54878000.0,tdx,6.353872371442108,7.338183596,False,False,False,False,False,False,False
2024-01-29,605277,78.1195,True,known,28.7717957,28.48712776,2.0333424524185,2.0333424524185,266683344.0,18258800.0,tdx,14.605743203277324,29.6984777,False,False,True,True,True,False,False
2024-01-30,000014,58.5889,True,known,146.0976236,138.167248,11.1695430896137,11.1695430896137,780698304.0,56378900.0,tdx,13.847348990491124,154.6685612,False,False,False,False,False,False,False
2024-01-30,000736,26.7907,True,known,48.18041332,48.22599554,4.5582226410345,4.5582226410345,1034942336.0,91421200.0,tdx,11.320594522933412,51.60179026,False,False,False,False,False,False,False
2024-01-30,000948,83.9813,True,known,35.16860151,34.5319505,2.5466040192993,2.5466040192993,354169056.0,24889200.0,tdx,14.229828841425196,36.23773932,False,False,True,True,True,False,False
2024-01-30,003003,44.3787,True,known,10.4502358,10.16420785,1.0215284266843,1.0215284266843,148674816.0,14284700.0,tdx,10.407976086302128,10.63204344,False,False,False,False,False,False,False
2024-01-30,603779,73.2678,True,known,13.46166899,13.15237463,1.4728303052886,1.4728303052886,493478656.0,50563100.0,tdx,9.759659830983464,14.37432277,False,False,True,True,True,False,False
2024-01-30,605286,66.8082,True,known,23.48391468,23.49405017,1.0135483247441,1.0135483247441,192031968.0,8060300.0,tdx,23.82441943848244,24.14720041,False,False,False,False,False,False,False
2024-01-31,600189,90.8669,True,known,24.76896416,23.69802226,2.7460048963058,2.7460048963058,570727040.0,61689200.0,tdx,9.25165247725696,25.405083,False,False,True,True,True,False,False
2024-02-01,000899,79.5608,True,known,30.89691035,27.81107661,3.857292178249,3.857292178249,637381696.0,75115900.0,tdx,8.485309980976066,32.73031982,False,False,True,True,True,False,False
2024-02-01,002333,71.039,True,known,23.43727114,23.80929131,3.7202017675301,3.7202017675301,324561920.0,49853300.0,tdx,6.510339736787735,24.2197774,False,False,False,True,True,False,False
2024-02-02,002590,73.5583,True,known,50.51797848,50.42381636,4.708106102272,4.708106102272,386625888.0,34342600.0,tdx,11.25790965156977,53.00343313,False,False,True,True,True,False,False
2024-02-02,600551,89.066,True,known,39.28642283,38.77054051,3.9683255385337,3.9683255385337,361965024.0,33288400.0,tdx,10.873608344047776,43.15001769,False,False,True,True,True,False,False
2024-02-02,603122,57.447,True,known,7.686290109,7.551986653,1.0331035092372,1.0331035092372,180937008.0,24319800.0,tdx,7.439905262378803,7.686192235,True,False,False,False,False,True,False
2024-02-02,603230,82.3571,True,known,14.85121565,14.65794641,1.0172065516318,1.0172065516318,609263872.0,41237900.0,tdx,14.774367074948046,15.02858298,False,False,False,False,False,False,False
2024-02-02,603897,66.8971,True,known,19.1152532,18.88632801,1.1446259398883,1.1446259398883,201226800.0,12129700.0,tdx,16.58959413670577,18.98887978,True,False,False,False,False,True,False
2024-02-05,002868,57.4484,True,known,23.89248331,23.76840232,1.378677629031,1.378677629031,149075312.0,8092100.0,tdx,18.422326960863064,25.39845006,False,False,False,False,False,False,False
2024-02-05,603221,60.0,True,known,8.695657394,8.33675644,1.0254312964577,1.0254312964577,107623592.0,11728800.0,tdx,9.176010504058386,9.409368347,False,False,False,False,False,False,False
2024-02-05,603779,90.9292,True,known,13.65313693,12.90199347,1.4728303052886,1.4728303052886,332577184.0,35887200.0,tdx,9.267292628012216,13.64914943,True,False,True,True,True,True,False
2024-02-05,603990,51.5362,True,known,34.80848425,33.96483158,3.12463952005,3.12463952005,385851840.0,33656500.0,tdx,11.464407766701825,35.82214158,False,False,True,True,True,False,False
2024-02-06,000029,79.0526,True,known,24.2333733,24.48580428,2.2948270173735,2.2948270173735,235884048.0,21174200.0,tdx,11.140163406409687,25.56474796,False,False,False,True,True,False,False
2024-02-06,600446,69.2384,True,known,194.3124473,174.8977963,16.593718816391803,16.593718816391803,1980317696.0,158072000.0,tdx,12.527947365757376,207.8852359,False,False,True,True,True,False,False
2024-02-06,605218,60.0,True,known,17.11708655,15.40640226,1.0243618521177,1.0243618521177,289141760.0,16218000.0,tdx,17.82844740411888,18.2627814,False,False,True,False,False,False,False
2024-02-08,600060,20.1955,True,known,152.1773979,149.588718,6.163523609166,6.163523609166,673386752.0,26743000.0,tdx,25.179925662790264,155.1970663,False,False,True,True,True,False,False
2024-02-19,000970,53.255,True,known,164.1848125,162.2023394,18.0224821606704,18.0224821606704,450324960.0,48908100.0,tdx,9.207574205499702,165.9433419,False,False,False,False,False,False,False
2024-02-19,002402,45.5281,True,known,137.2365548,137.4831614,12.3303283738838,12.3303283738838,549820928.0,48558800.0,tdx,11.322786559799665,139.6136764,False,False,False,False,False,False,False
2024-02-19,002819,79.134,True,known,29.19110696,29.24406135,1.3238597260811,1.3238597260811,316822080.0,15068700.0,tdx,21.025176690756336,27.83438465,True,True,False,True,True,True,True
2024-02-19,600259,64.7065,True,known,30.59473342,30.17418726,1.0513654096229,1.0513654096229,411366400.0,13660900.0,tdx,30.112686572626988,31.65943705,False,False,True,False,False,False,False
2024-02-19,600392,29.5631,True,known,94.38238835,90.17871888,10.0087368349129,10.0087368349129,932572480.0,97663800.0,tdx,9.548803958068394,95.5714659,False,False,False,False,False,False,False
2024-02-19,603178,80.4884,True,known,28.24578029,28.25632369,1.0543404363707,1.0543404363707,652289152.0,25098400.0,tdx,25.989272304210626,27.4015407,True,True,False,True,True,True,True
2024-02-19,603267,49.6317,True,known,49.59523964,49.59523964,1.4280230245271,1.4280230245271,368471456.0,10568500.0,tdx,34.865066565737806,49.78811781,False,False,False,False,False,False,False
2024-02-19,603392,66.5696,True,known,180.5137685,175.4515596,2.8762550750302,2.8762550750302,1761625728.0,28439600.0,tdx,61.94270411679489,178.1630171,True,False,True,False,False,False,False
2024-02-19,603985,58.719,True,known,72.63314511,73.60653123,4.6351719915393,4.6351719915393,609783168.0,40932500.0,tdx,14.897286215110242,69.05148381,True,True,False,False,False,False,False
2024-02-20,000818,36.7118,True,known,56.88725711,56.04883033,2.0960669532152,2.0960669532152,762032704.0,28098100.0,tdx,27.12043533192636,56.84624826,True,False,False,False,False,False,False
2024-02-20,000880,58.4657,True,known,29.82985166,29.78997218,3.9879480827402,3.9879480827402,175091600.0,23188600.0,tdx,7.550762012368146,30.11204689,False,False,False,False,False,False,False
2024-02-20,002006,40.3373,True,known,88.18615236,87.48316266,7.810996665648899,7.810996665648899,161667888.0,14263300.0,tdx,11.334536047057833,88.53402327,False,False,False,False,False,False,False
2024-02-20,002312,23.1818,True,known,121.9418063,121.7544917,18.7314602620972,18.7314602620972,429766688.0,63661500.0,tdx,6.750809955781752,126.4525284,False,False,False,False,False,False,False
2024-02-20,002625,12.541,True,known,95.97288331,93.63208128,6.6880058054135,6.6880058054135,1171959552.0,81405600.0,tdx,14.396547068014977,96.28419037,False,False,False,False,False,False,False
2024-02-20,002669,62.3177,True,known,17.90540738,17.58298107,2.1495086887949,2.1495086887949,120172024.0,14236800.0,tdx,8.440943470442797,18.14388133,False,False,True,True,True,False,False
2024-02-20,603301,60.4394,True,known,46.4991073,46.27360241,2.2550488504924,2.2550488504924,109409280.0,5358100.0,tdx,20.419417330770237,46.04678358,True,True,True,False,False,True,True
2024-02-20,603612,41.7324,True,known,17.98610843,17.8907757,1.5888788365049,1.5888788365049,121901808.0,10756800.0,tdx,11.332534582775546,18.00602436,False,False,False,False,False,False,False
2024-02-20,605128,39.7934,True,known,42.59672806,41.87822903,1.0264271820716,1.0264271820716,88035952.0,2137700.0,tdx,41.18255695373532,42.27089588,True,False,False,False,False,True,False
2024-02-20,605338,48.3454,True,known,17.11941781,16.90388557,1.0263439931106,1.0263439931106,83804576.0,4956200.0,tdx,16.909038376175296,17.35448997,False,False,False,False,False,False,False
2024-02-20,605376,78.5734,True,known,19.07711556,19.15859817,1.0185325979013,1.0185325979013,108161248.0,5731000.0,tdx,18.873014831617517,19.22278083,False,False,False,True,True,False,False
2024-02-21,000722,54.6527,True,known,38.24933962,37.22041002,4.4736069733961,4.4736069733961,147050080.0,17178300.0,tdx,8.5602230721317,38.29507363,False,False,False,False,False,False,False
2024-02-21,002261,36.448,True,known,134.9496601,133.0232562,10.1389676975413,10.1389676975413,1750506368.0,130997100.0,tdx,13.36293985134022,135.4864155,False,False,False,False,False,False,False
2024-02-21,002871,45.583,True,known,26.95705956,26.51991806,3.6428458870575,3.6428458870575,61938332.0,8293600.0,tdx,7.46820825696923,27.20553173,False,False,False,False,False,False,False
2024-02-21,002970,50.5083,True,known,48.76891837,48.13047391,2.059498241931,2.059498241931,127209288.0,5324800.0,tdx,23.88996544471154,49.20134183,False,False,False,False,False,False,False
2024-02-21,002996,57.3076,True,known,7.763292066,7.712418593,1.0174694713404,1.0174694713404,83755160.0,11178100.0,tdx,7.492790366878092,7.623685453,True,True,False,False,False,False,False
2024-02-21,603015,64.9422,True,known,14.2780033,14.08121612,2.1865242418639,2.1865242418639,122031848.0,18804200.0,tdx,6.489605939098712,14.18968071,True,False,True,True,True,True,False
2024-02-21,603041,80.6552,True,known,14.4710297,14.18610787,1.4995885701701,1.4995885701701,66069016.0,7014400.0,tdx,9.419054516423358,14.12470649,True,True,True,True,True,True,True
2024-02-21,603186,49.8366,True,known,20.30240004,20.13277163,1.0601775477898,1.0601775477898,263358560.0,13795200.0,tdx,19.09059382973788,20.23941895,True,False,False,False,False,False,False
2024-02-21,603496,49.8902,True,known,66.61785517,65.08248847,2.8432716675537,2.8432716675537,967330432.0,40887400.0,tdx,23.65839921344962,67.26725618,False,False,False,False,False,False,False
2024-02-21,603725,60.3806,True,known,11.06891249,11.12747816,1.4641418632471,1.4641418632471,99346960.0,13152700.0,tdx,7.553351022983874,11.05917744,True,True,False,False,False,False,True
2024-02-21,603991,50.4432,True,known,34.56668902,34.05031493,1.0124982136823,1.0124982136823,97654312.0,2923900.0,tdx,33.39864974862341,33.81607321,True,True,False,False,False,False,False
2024-02-21,605068,60.5238,True,known,17.07707207,16.95242191,1.0387513423045,1.0387513423045,47072624.0,2850600.0,tdx,16.513233705184874,17.15314368,False,False,False,False,False,False,False
2024-02-22,002290,37.9949,True,known,26.38179843,25.87701075,2.6567772842988,2.6567772842988,119879248.0,11844800.0,tdx,10.120833445900312,26.8888004,False,False,False,False,False,False,False
2024-02-22,002771,69.8271,True,known,50.46230622,51.90637857,2.6742080666518,2.6742080666518,887637504.0,46707600.0,tdx,19.00413431647098,50.82100929,False,False,False,False,False,False,False
2024-02-22,003005,75.8154,True,known,33.35959075,32.94474163,1.4305141828914,1.4305141828914,246277872.0,10161600.0,tdx,24.236131317902693,34.67012959,False,False,True,True,True,False,False
2024-02-22,600613,68.4575,True,known,180.2484774,178.2393383,28.701986842103803,28.701986842103803,121620648.0,19430300.0,tdx,6.259329397899157,179.65519,True,False,False,False,False,True,False
2024-02-22,603038,48.665,True,known,29.51218764,29.21824155,2.9394609204164,2.9394609204164,224733472.0,21924400.0,tdx,10.25038185765631,30.13059689,False,False,False,False,False,False,False
2024-02-22,603139,81.5753,True,known,12.29676852,12.26589797,1.02901828605,1.02901828605,63313600.0,5258500.0,tdx,12.04023961205667,12.38962673,False,False,True,True,True,False,False
2024-02-26,000586,58.5497,True,known,35.9741874,35.15835809,3.8849014465538,3.8849014465538,131077520.0,14514100.0,tdx,9.031047050798879,35.08472775,True,True,True,True,True,True,True
2024-02-26,002912,24.3843,True,known,66.26683932,65.9510323,2.6317251517523,2.6317251517523,369387968.0,14594500.0,tdx,25.31008037274316,66.60917511,False,False,False,False,False,False,False
2024-02-26,603860,55.5696,True,known,29.95445104,29.60386538,1.0311342869894,1.0311342869894,340784960.0,11618200.0,tdx,29.331992907679332,30.24522359,False,False,True,True,True,False,False
2024-02-26,603917,31.2222,True,known,22.1320843,21.68825908,1.4794173995055,1.4794173995055,246387440.0,16477500.0,tdx,14.952962524654833,22.12167293,True,False,False,False,False,True,False
2024-02-27,002725,34.2216,True,known,23.66113062,23.44480028,2.7041292137194,2.7041292137194,228278976.0,25462600.0,tdx,8.965265762333775,24.24323706,False,False,True,True,True,False,False
2024-02-27,002868,43.6756,True,known,26.08458074,25.94671298,1.378677629031,1.378677629031,144401984.0,7544300.0,tdx,19.14054107074215,26.38863578,False,False,True,True,True,False,False
2024-02-27,600602,18.342,True,known,6586.91866,6598.314713,569.8026522447132,569.8026522447132,1281381376.0,110404600.0,tdx,11.606231769328453,6613.261645,False,False,False,False,False,False,False
2024-02-27,600783,26.8515,True,known,73.7814923,73.39654539,6.4157819392827,6.4157819392827,165952224.0,14043900.0,tdx,11.816676564202252,75.81322008,False,False,False,False,False,False,False
2024-02-27,603051,34.1575,True,known,27.89913547,27.58440723,1.0152523822797,1.0152523822797,208192832.0,7594400.0,tdx,27.4139934688718,27.83212218,True,False,False,False,False,True,False
2024-02-27,603268,27.4105,True,known,26.74056348,26.58368551,1.4261633856166,1.4261633856166,58276672.0,3065300.0,tdx,19.011735229830684,27.11384068,False,False,False,False,False,False,False
2024-02-27,603990,32.3762,True,known,34.46477391,34.08981716,3.12463952005,3.12463952005,443508896.0,38474300.0,tdx,11.527406502522464,36.01898992,False,False,False,False,False,False,False
2024-02-28,000410,11.4286,True,known,20.84798851,20.6163442,2.8955539603667,2.8955539603667,255110176.0,35358500.0,tdx,7.2149603631375765,20.89130705,False,False,False,False,False,False,False
2024-02-28,002903,32.81,True,known,30.80488744,30.38268847,1.5636998698846,1.5636998698846,447804256.0,22625500.0,tdx,19.79201591125058,30.94877271,False,False,True,True,True,False,False
2024-02-28,603331,25.3666,True,known,16.93891518,16.80231103,1.5178239410158,1.5178239410158,85574272.0,7675400.0,tdx,11.149161216353544,16.92246382,True,False,False,False,False,True,False
2024-02-28,603897,26.3448,True,known,20.48880432,20.32855669,1.1446259398883,1.1446259398883,209198960.0,11714900.0,tdx,17.857511374403536,20.44017074,True,False,True,True,True,True,False
2024-02-29,603535,75.8484,True,known,22.33884398,22.06988131,1.4942370557788,1.4942370557788,87763712.0,5511900.0,tdx,15.922587855367478,23.7921208,False,False,True,True,True,False,False
2024-02-29,605068,58.9225,True,known,18.46899887,18.188536,1.0387513423045,1.0387513423045,113106968.0,5818100.0,tdx,19.44053350750245,20.19388028,False,False,True,True,True,False,False
2024-03-04,000550,10.2708,True,known,101.3678435,99.69816822,3.7103895874622,3.7103895874622,694394229.0,25421600.0,tdx,27.315126860622463,101.3497623,True,False,True,True,True,True,False
2024-03-05,002741,39.486,True,known,39.41548206,39.01703629,3.0649675009797,3.0649675009797,280990048.0,20794500.0,tdx,13.512709995431484,41.41601699,False,False,True,True,True,False,False
2024-03-05,603200,26.2795,True,known,46.40293793,46.15858334,2.4435459680392,2.4435459680392,165812105.0,8574608.0,tdx,19.337572633057977,47.25224764,False,False,True,True,True,False,False
2024-03-05,605277,24.8177,True,known,27.47045653,27.42978968,2.0333424524185,2.0333424524185,305535680.0,21891100.0,tdx,13.957072965725796,28.37950897,False,False,False,False,False,False,False
2024-03-06,000504,31.3006,True,known,29.74895953,29.71428709,3.4672447009574,3.4672447009574,103377456.0,11736800.0,tdx,8.807976279735533,30.53940908,False,False,True,True,True,False,False
2024-03-06,603191,13.8389,True,known,15.99706186,15.96678351,1.0092783505155,1.0092783505155,548766144.0,33763300.0,tdx,16.253332583011733,16.4041367,False,False,True,True,True,False,False
2024-03-08,001306,45.9151,True,known,67.55,65.35,1.0,1.0,558883136.0,7914300.0,tdx,70.61687527639842,70.61687528,False,False,False,False,False,False,False
2024-03-08,001332,47.2186,True,known,39.1680938,39.11124605,1.4211935339595,1.4211935339595,85321160.0,2988800.0,tdx,28.54696199143469,40.5707578,False,False,True,True,True,False,False
2024-03-08,001378,40.1022,True,known,30.17,30.19,1.0,1.0,199360256.0,6400400.0,tdx,31.14809324417224,31.14809324,False,False,False,False,False,False,False
2024-03-08,002380,57.8951,True,known,53.90353889,52.62969904,3.3522101301997,3.3522101301997,548951296.0,31760600.0,tdx,17.28403418071447,57.93971447,False,False,True,True,True,False,False
2024-03-08,002735,36.6447,True,known,35.46999363,35.09301785,3.4270525247447,3.4270525247447,336361952.0,31400800.0,tdx,10.71189116200861,36.71021365,False,False,False,False,False,False,False
2024-03-08,603097,37.3189,True,known,23.42578476,22.66289554,1.0171856168739,1.0171856168739,412423872.0,17375900.0,tdx,23.73539626724371,24.14330369,False,False,False,False,False,False,False
2024-03-08,605069,38.1979,True,known,9.278496199,9.265316517,1.3179682100898,1.3179682100898,150710880.0,21040200.0,tdx,7.1629965494624575,9.440601741,False,False,False,False,False,False,False
2024-03-11,000551,24.4394,True,known,72.8082233,71.53646394,7.948495993207101,7.948495993207101,423305664.0,43539100.0,tdx,9.722425681743536,77.27866158,False,False,False,False,False,False,False
2024-03-11,000856,32.6236,True,known,14.86053698,14.84108602,1.9450964635871,1.9450964635871,301687168.0,37406900.0,tdx,8.065013887812142,15.68722999,False,False,False,False,False,False,False
2024-03-11,002972,64.7954,True,known,14.74651952,13.58430662,1.509367402639,1.509367402639,231844384.0,23350300.0,tdx,9.928968107476136,14.9864608,False,False,True,True,True,False,False
2024-03-11,600560,16.0789,True,known,82.94362628,82.52682414,4.6311349124862,4.6311349124862,1180745728.0,62191300.0,tdx,18.985705846316126,87.92536518,False,False,False,False,False,False,False
2024-03-11,603332,64.5238,True,known,15.36767581,15.15122968,1.9676921657794,1.9676921657794,156233824.0,20110600.0,tdx,7.768730122423001,15.2864694,True,False,True,True,True,True,False
2024-03-12,000504,29.3064,True,known,30.54642582,30.51175337,3.4672447009574,3.4672447009574,115296912.0,12818000.0,tdx,8.994922140739584,31.18759613,False,False,True,False,False,False,False
2024-03-12,001208,20.6484,True,known,9.192584657,9.030422194,1.0135153977136,1.0135153977136,519701632.0,53760000.0,tdx,9.667069047619048,9.797723331,False,False,False,False,False,False,False
2024-03-12,002575,6.6307,True,known,31.58410718,31.67383476,4.486378860775,4.486378860775,378451168.0,53248200.0,tdx,7.107304434703896,31.88606037,False,False,False,False,False,False,False
2024-03-12,003004,34.3542,True,known,23.91993493,23.2726171,1.0274886137114,1.0274886137114,178657632.0,7646000.0,tdx,23.366156421658385,24.00845967,False,False,True,True,True,False,False
2024-03-12,603051,30.7777,True,known,28.67072728,28.73164242,1.0152523822797,1.0152523822797,281392608.0,9755000.0,tdx,28.84598749359303,29.28595752,False,False,False,True,True,False,False
2024-03-12,605168,16.5,True,known,151.5714517,151.2103524,2.2568709311612,2.2568709311612,812471168.0,11853200.0,tdx,68.54445786791753,154.6959945,False,False,False,False,False,False,False
2024-03-13,002346,18.7129,True,known,23.46900603,23.05646491,2.2918951205695,2.2918951205695,179281968.0,17151500.0,tdx,10.452844824067865,23.95682405,False,False,False,False,False,False,False
2024-03-13,002407,11.6571,True,known,115.9478807,115.3822813,8.0799916876452,8.0799916876452,1324984192.0,91627200.0,tdx,14.460598948783767,116.8415193,False,False,False,False,False,False,False
2024-03-13,002715,30.6462,True,known,18.11770375,17.6194669,1.5098086457492,1.5098086457492,176688464.0,14381200.0,tdx,12.286072372263789,18.54961829,False,False,True,True,True,False,False
2024-03-13,002850,8.957,True,known,128.6307859,127.2513257,1.5499552459522,1.5499552459522,867374175.0,10460595.0,tdx,82.91824461228066,128.5195682,True,False,False,False,False,True,False
2024-03-13,603516,4.878,True,known,62.66866168,62.46046015,2.0820153382332,2.0820153382332,1223467648.0,42146000.0,tdx,29.029270820481184,60.43938711,True,True,False,False,False,True,True
2024-03-13,603810,42.747,True,known,22.88093606,22.94322536,2.0763099870291,2.0763099870291,301111904.0,26669400.0,tdx,11.290539119740227,23.44265913,False,False,False,True,True,False,False
2024-03-13,605218,28.3081,True,known,22.22865219,21.95207449,1.0243618521177,1.0243618521177,645917888.0,28802500.0,tdx,22.425757764082977,22.97209076,False,False,True,False,False,False,False
2024-03-14,603788,24.9448,True,known,24.16071871,24.16071871,1.8700246682102,1.8700246682102,178221472.0,13566300.0,tdx,13.137072893861996,24.56665038,False,False,False,False,False,False,False
2024-03-14,603800,40.5186,True,known,25.68680856,25.27002858,1.0967894348506,1.0967894348506,109011852.0,4619028.0,tdx,23.600604282979017,25.88489343,False,False,True,True,True,False,False
2024-03-14,603982,32.9965,True,known,11.76492706,11.70402149,1.015092930469,1.015092930469,320568480.0,26890100.0,tdx,11.921431307432847,12.10136064,False,False,True,True,True,False,False
2024-03-15,002772,5.137,True,known,17.92379879,18.35216631,2.2545658855146,2.2545658855146,428009184.0,52117500.0,tdx,8.212389005612318,18.51537209,False,False,False,True,True,False,False
2024-03-15,600536,53.3412,True,known,311.7101107,308.0728865,9.0930604051211,9.0930604051211,2728434944.0,78082000.0,tdx,34.943200020491275,317.7406285,False,False,True,True,True,False,False
2024-03-18,001229,13.3222,True,known,38.67084046,38.50895311,1.011795930404,1.011795930404,461428480.0,11222600.0,tdx,41.11600520378522,41.60100674,False,False,False,False,False,False,False
2024-03-18,002755,56.3456,True,known,17.7958724,17.41952465,1.7921321653487,1.7921321653487,193234800.0,19455000.0,tdx,9.932397841171936,17.80016965,False,False,True,True,True,False,False
2024-03-18,600241,30.7714,True,known,19.26309959,18.86073719,2.514764959245,2.514764959245,309160864.0,39115500.0,tdx,7.90379425036111,19.87618483,False,False,True,True,True,False,False
2024-03-18,603499,2.4658,True,known,35.0738771,34.95348622,2.0065147084427,2.0065147084427,188528608.0,11128200.0,tdx,16.941518664294314,33.99340638,True,True,False,False,False,True,True
2024-03-19,002811,28.1865,True,known,12.90411537,13.22013452,1.7556619548024,1.7556619548024,152070752.0,20118000.0,tdx,7.558939854856347,13.27094312,False,False,False,True,True,False,False
2024-03-19,603219,42.435,True,known,20.81383505,19.92285684,1.4606200031888,1.4606200031888,543627456.0,35909800.0,tdx,15.138693504280168,22.11187855,False,False,True,True,True,False,False
2024-03-20,002981,25.0854,True,known,32.96446101,32.91397945,1.0096312713351,1.0096312713351,243437360.0,7250100.0,tdx,33.57710376408601,33.90049396,False,False,True,True,True,False,False
2024-03-20,003004,19.9897,True,known,27.51614508,26.74552861,1.0274886137114,1.0274886137114,341011200.0,12052600.0,tdx,28.29357980850605,29.07133109,False,False,False,False,False,False,False
2024-03-20,600667,6.6667,True,known,38.96471243,39.30061512,5.5983782226529,5.5983782226529,1447493888.0,203066000.0,tdx,7.128194222568032,39.9063273,False,False,False,False,False,False,False
2024-03-20,603089,19.2086,True,known,21.68083327,21.78978218,2.1789782181606,2.1789782181606,189143216.0,18542100.0,tdx,10.200744036543865,22.22719906,False,False,False,False,False,False,False
2024-03-20,603122,22.3125,True,known,7.469338372,7.448676302,1.0331035092372,1.0331035092372,347552640.0,45953500.0,tdx,7.5631375194490085,7.813503912,False,False,False,False,False,False,False
2024-03-20,603139,27.4457,True,known,15.32208228,15.22947063,1.02901828605,1.02901828605,83838976.0,5627700.0,tdx,14.897556017556017,15.32985756,False,False,True,True,True,False,False
2024-03-20,603928,24.7467,True,known,13.40721383,12.87232065,1.1628112599367,1.1628112599367,156676688.0,12890300.0,tdx,12.154619209793411,14.13352808,False,False,False,False,False,False,False
2024-03-21,001366,34.2857,True,known,13.99959001,13.81751441,1.011531069827,1.011531069827,217419568.0,15475400.0,tdx,14.049366607648267,14.21137084,False,False,True,True,True,False,False
2024-03-21,002869,13.0031,True,known,31.89094092,30.7661567,1.654094446023,1.654094446023,470476160.0,24379300.0,tdx,19.2981816541082,31.92101509,False,False,True,False,False,False,False
2024-03-21,603798,25.1778,True,known,28.27771398,28.27771398,2.7887291888932,2.7887291888932,336392864.0,32501100.0,tdx,10.350199347099021,28.86390303,False,False,False,True,True,False,False
2024-03-21,605138,23.8095,True,known,7.032845878,7.022411389,1.0434489433459,1.0434489433459,114398008.0,16692400.0,tdx,6.853298986365052,7.151067586,False,False,False,False,False,False,False
2024-03-22,002343,9.1882,True,known,26.83232078,26.44808707,3.2019475870342,3.2019475870342,861335488.0,98226300.0,tdx,8.768888658129239,28.07752188,False,False,False,False,False,False,False
2024-03-22,002636,19.3679,True,known,20.44950727,20.44950727,2.6801451211517,2.6801451211517,290196352.0,37026100.0,tdx,7.837615951990623,21.00594816,False,False,False,False,False,False,False
2024-03-22,002846,21.9863,True,known,23.59681549,23.59681549,2.6365156969227,2.6365156969227,307227360.0,34016900.0,tdx,9.031609582295859,23.81198043,False,False,False,False,False,False,False
2024-03-22,002980,20.7057,True,known,26.84140486,26.80824002,1.1054944339344,1.1054944339344,193433376.0,8008900.0,tdx,24.15230256339822,26.70023605,True,True,True,True,True,True,True
2024-03-22,600148,16.6792,True,known,43.35772874,42.8715273,2.8600084921549,2.8600084921549,220469440.0,14098700.0,tdx,15.637572258435174,44.72358946,False,False,False,False,False,False,False
2024-03-22,600793,16.6987,True,known,25.73154414,26.21704497,2.4275041642898,2.4275041642898,131865952.0,11876800.0,tdx,11.102818267546814,26.95213758,False,False,False,False,False,False,False
2024-03-22,603848,30.6549,True,known,16.37688932,16.25687215,1.091065244829,1.091065244829,116407608.0,7656200.0,tdx,15.204358297850108,16.58894691,False,False,True,True,True,False,False
2024-03-25,600990,10.3024,True,known,92.95247571,91.07416143,4.816190451063,4.816190451063,605061056.0,30788500.0,tdx,19.65217714406353,94.6486279,False,False,False,False,False,False,False
2024-03-25,603196,32.1834,True,known,13.73600327,13.70252804,1.115841045547,1.115841045547,197977280.0,15982700.0,tdx,12.386973415004974,13.82189337,False,False,True,True,True,False,False
2024-03-25,603383,25.8565,True,known,90.85178153,90.38533131,2.1202282737459,2.1202282737459,882750528.0,20523700.0,tdx,43.01127613442021,91.19372375,False,False,True,True,True,False,False
2024-03-26,000156,14.0599,True,known,15.40413833,15.83358703,1.867168281858,1.867168281858,1100827776.0,122269300.0,tdx,9.00330480341345,16.81068516,False,False,False,False,False,False,False
2024-03-26,600250,35.8507,True,known,25.77614076,25.66760964,2.7132779749384,2.7132779749384,685519925.0,67542868.0,tdx,10.149405041550796,27.53815716,False,False,True,True,True,False,False
2024-03-26,603577,50.5785,True,known,18.86826691,18.78050753,2.1939845241984,2.1939845241984,268894016.0,29954500.0,tdx,8.976748602046436,19.69484751,False,False,True,True,True,False,False
2024-03-27,001206,22.0077,True,known,30.24708488,30.35314058,2.1211139468028,2.1211139468028,204657616.0,14188800.0,tdx,14.423884754172304,30.59470312,False,False,False,False,False,False,False
2024-03-27,002725,35.7057,True,known,29.15051292,28.47448062,2.7041292137194,2.7041292137194,542149184.0,49519000.0,tdx,10.948306387447243,29.60563514,False,False,True,True,True,False,False
2024-03-27,600793,52.3674,True,known,26.36269522,26.11994481,2.4275041642898,2.4275041642898,132802664.0,11733900.0,tdx,11.317862262333922,27.47415777,False,False,True,True,True,False,False
2024-03-28,002805,42.3412,True,known,27.05501656,24.36012471,2.1219620828052,2.1219620828052,548766848.0,41111300.0,tdx,13.348321459063566,28.32463201,False,False,False,False,False,False,False
2024-03-28,002953,54.0175,True,known,21.34480327,21.12012113,1.8723511641947,1.8723511641947,236245984.0,20372600.0,tdx,11.59626086017494,21.71227252,False,False,True,False,False,False,False
2024-03-28,603192,73.786,True,known,21.00507131,21.33694868,1.3828223379836,1.3828223379836,132657776.0,8266300.0,tdx,16.048023420393648,22.19156527,False,False,False,True,True,False,False
2024-03-28,603256,48.7606,True,known,7.880061027,7.39145566,1.0395858874907,1.0395858874907,278895040.0,33845200.0,tdx,8.240312954274167,8.566513056,False,False,False,False,False,False,False
2024-03-28,605069,64.4013,True,known,9.937480304,9.515730477,1.3179682100898,1.3179682100898,206251056.0,25281300.0,tdx,8.158245659835531,10.75230843,False,False,True,True,True,False,False
2024-03-28,605378,51.8342,True,known,23.03832252,22.05908852,1.0529397861654,1.0529397861654,281839744.0,12130700.0,tdx,23.233592785247346,24.46357422,False,False,False,False,False,False,False
2024-03-29,002626,15.3899,True,known,125.3453309,121.7733137,8.118220916259698,8.118220916259698,520299136.0,33110600.0,tdx,15.713974860014618,127.5695194,False,False,True,True,True,False,False
2024-03-29,603895,51.5659,True,known,33.11795366,32.90611174,1.4122794737713,1.4122794737713,215225808.0,8938800.0,tdx,24.077707074775137,34.00445148,False,False,True,True,True,False,False
2024-04-01,000561,55.9742,True,known,20.95064258,20.28391467,2.5643381373844,2.5643381373844,391196448.0,46277000.0,tdx,8.453366640015558,21.67729046,False,False,False,False,False,False,False
2024-04-01,002599,49.835,True,known,23.54403542,23.54403542,3.5035767001399,3.5035767001399,256950512.0,38088700.0,tdx,6.746108740912659,23.6355094,False,False,False,False,False,False,False
2024-04-01,002636,62.4725,True,known,19.35064777,19.32384632,2.6801451211517,2.6801451211517,180288128.0,25156600.0,tdx,7.16663332882822,19.20761735,True,True,True,True,True,True,True
2024-04-01,603232,18.2469,True,known,44.4919152,45.12700994,3.5283041394371,3.5283041394371,195046160.0,15351200.0,tdx,12.705596956589712,44.82921034,False,False,False,False,False,False,False
2024-04-01,603607,59.9108,True,known,35.72554165,35.28119412,2.2217376648135,2.2217376648135,447504736.0,26898700.0,tdx,16.636667794354373,36.96231146,False,False,True,True,True,False,False
2024-04-01,603992,13.9844,True,known,19.07061289,19.1972578,1.0553742606007,1.0553742606007,111304496.0,6042900.0,tdx,18.41905310364229,19.43899455,False,False,False,False,False,False,False
2024-04-01,605298,49.4925,True,known,18.01040054,18.01040054,1.3675323114821,1.3675323114821,135494928.0,10055800.0,tdx,13.47430617156268,18.42654906,False,False,False,False,False,False,False
2024-04-02,002446,9.5939,True,known,39.30907112,38.81148794,4.975831787714,4.975831787714,1652871040.0,207547000.0,tdx,7.963839708596125,39.62672677,False,False,False,False,False,False,False
2024-04-02,002660,36.0,True,known,25.05360257,24.73240254,2.6766669411795,2.6766669411795,673325888.0,70047900.0,tdx,9.612363654013896,25.72909602,False,False,True,True,True,False,False
2024-04-02,600992,30.2717,True,known,21.30628029,21.19637317,1.5701017163616,1.5701017163616,332800352.0,24130100.0,tdx,13.791917646425004,21.65471357,False,False,True,True,True,False,False
2024-04-02,603097,28.0927,True,known,25.83651467,25.83651467,1.0171856168739,1.0171856168739,407502784.0,15759400.0,tdx,25.85776006700763,26.30214162,False,False,False,False,False,False,False
2024-04-02,603798,19.7155,True,known,30.06250066,30.06250066,2.7887291888932,2.7887291888932,281226944.0,26241200.0,tdx,10.717000137188847,29.8868111,True,True,False,False,False,True,True
2024-04-03,002362,20.9302,True,known,44.32,44.8,2.0,2.0,668865216.0,29684900.0,tdx,22.532170093212375,45.06434019,False,False,False,False,False,False,False
2024-04-03,002725,24.8222,True,known,28.66376967,28.44743933,2.7041292137194,2.7041292137194,382181120.0,35279900.0,tdx,10.832828891238353,29.29336907,False,False,False,False,False,False,False
2024-04-03,002778,69.2022,True,known,18.71062299,16.83956069,1.439278691609,1.439278691609,374995072.0,26397200.0,tdx,14.205865470580212,20.44619947,False,False,True,True,True,False,False
2024-04-03,600592,26.6569,True,known,36.24751411,36.00632343,3.4455811894587,3.4455811894587,588635008.0,54869900.0,tdx,10.72783088724419,36.96361231,False,False,False,False,False,False,False
2024-04-03,600707,3.2,True,known,19.2268241,19.5449985,2.2726742438928,2.2726742438928,1317625088.0,155252400.0,tdx,8.486986919364854,19.28815658,False,False,False,False,False,False,False
2024-04-03,603151,6.1838,True,known,15.38475866,15.16879614,1.0283929585463,1.0283929585463,93973240.0,6298100.0,tdx,14.920887251710834,15.34453538,True,False,False,False,False,True,False
2024-04-03,603408,3.0601,True,known,16.06717223,16.1802417,1.1306947379318,1.1306947379318,197632320.0,13885100.0,tdx,14.2334099142246,16.09364169,False,False,False,False,False,False,False
2024-04-03,603926,59.5936,True,known,20.9658493,20.51475993,1.9612581195641,1.9612581195641,269422144.0,23245400.0,tdx,11.590342347303123,22.73165304,False,False,True,True,True,False,False
2024-04-03,603991,23.7675,True,known,38.2623075,38.9406813,1.0124982136823,1.0124982136823,112385688.0,2929500.0,tdx,38.36343676395289,38.84291119,False,False,False,False,False,False,False
2024-04-03,605100,15.6726,True,known,32.40402611,33.14989883,2.0718686768857,2.0718686768857,267576866.0,16536599.0,tdx,16.18088858537357,33.52467622,False,False,False,False,False,False,False
2024-04-08,002295,12.7742,True,known,11.88499122,11.88499122,1.5825554223889,1.5825554223889,502048768.0,62324700.0,tdx,8.055374000997999,12.7480758,False,False,False,False,False,False,False
2024-04-08,002748,60.5633,True,known,19.5792259,18.18373032,2.1143872462712,2.1143872462712,420354880.0,43234400.0,tdx,9.722694891105231,20.55754208,False,False,True,True,True,False,False
2024-04-08,603823,30.7129,True,known,17.91037372,16.68966669,2.0011590752818,2.0011590752818,251859056.0,27459400.0,tdx,9.172052411924515,18.35473592,False,False,False,False,False,False,False
2024-04-08,603978,28.1835,True,known,27.60683655,27.18335695,2.0165695066874,2.0165695066874,211529632.0,14935200.0,tdx,14.163160319245808,28.56099722,False,False,True,True,True,False,False
2024-04-09,002023,27.8375,True,known,106.1139552,104.2720544,10.2327825690036,10.2327825690036,1441609728.0,130869600.0,tdx,11.015619578572869,112.72044,False,False,True,True,True,False,False
2024-04-09,603214,57.5546,True,known,20.76317636,19.76091929,1.4959060779437,1.4959060779437,219269968.0,14963200.0,tdx,14.653948887938409,21.92093121,False,False,True,True,True,False,False
2024-04-09,603216,53.0741,True,known,11.47921764,11.05174451,1.0426174061954,1.0426174061954,176180992.0,15108400.0,tdx,11.661128378915041,12.15809542,False,False,False,False,False,False,False
2024-04-10,002331,50.0544,True,known,42.35568964,41.870083,5.3956292531958,5.3956292531958,328951808.0,41448500.0,tdx,7.936398373885665,42.82186323,False,False,False,False,False,False,False
2024-04-10,002403,66.9379,True,known,13.65388147,13.34655938,1.4634385287562,1.4634385287562,416643296.0,43929200.0,tdx,9.48442712364441,13.87987608,False,False,True,True,True,False,False
2024-04-10,002813,54.5866,True,known,31.51340369,30.59426274,1.0100449899122,1.0100449899122,215774576.0,6645500.0,tdx,32.46927635241893,32.79542991,False,False,False,False,False,False,False
2024-04-10,002889,46.4255,True,known,32.76471205,32.53518692,1.4345320510774,1.4345320510774,228332256.0,9991700.0,tdx,22.852192920123702,32.78220318,False,False,False,False,False,False,False
2024-04-10,002976,54.6337,True,known,35.87897155,34.3386818,1.2224521822668,1.2224521822668,562987520.0,17604100.0,tdx,31.980477275180213,39.09460423,False,False,False,False,False,False,False
2024-04-10,003041,46.738,True,known,20.71832956,20.02129198,1.4830586654725,1.4830586654725,130588984.0,9574400.0,tdx,13.639390875668449,20.22801683,True,False,False,False,False,True,False
2024-04-10,600505,56.1258,True,known,32.91180284,29.62062255,3.3583472282125,3.3583472282125,762811840.0,75428800.0,tdx,10.113005112105721,33.96298269,False,False,True,True,True,False,False
2024-04-10,603110,54.0458,True,known,37.47361019,36.02505047,2.0993619152875,2.0993619152875,376656288.0,20570600.0,tdx,18.31041816962072,38.44019456,False,False,False,False,False,False,False
2024-04-11,000590,67.2242,True,known,39.82329063,39.04952203,5.1584573359366,5.1584573359366,226925568.0,29278900.0,tdx,7.7504813363890035,39.98052731,False,False,True,True,True,False,False
2024-04-11,002455,21.847,True,known,36.70655803,38.54188593,6.3287169010354,6.3287169010354,208816288.0,35640900.0,tdx,5.8588949212842545,37.07928731,False,False,False,False,False,False,False
2024-04-11,002805,0.0,True,known,31.93552935,34.58798195,2.1219620828052,2.1219620828052,685061632.0,44514500.0,tdx,15.389628817576295,32.65620882,False,False,False,False,False,False,False
2024-04-11,002846,52.3457,True,known,26.25969634,23.62318064,2.6365156969227,2.6365156969227,538360512.0,52754300.0,tdx,10.205054602184088,26.90578665,False,False,False,False,False,False,False
2024-04-11,002861,43.5764,True,known,14.44563598,14.33640622,1.3653720209144,1.3653720209144,144178688.0,13522900.0,tdx,10.66181721376332,14.55734692,False,False,False,False,False,False,False
2024-04-11,603200,24.3546,True,known,60.8442946,60.11123081,2.4435459680392,2.4435459680392,534853286.0,21258169.0,tdx,25.159894344616415,61.47935838,False,False,False,False,False,False,False
2024-04-11,605122,74.6554,True,known,16.87518862,16.56136432,1.4264741017402,1.4264741017402,124292688.0,10017400.0,tdx,12.407679437778265,17.69923338,False,False,True,True,True,False,False
2024-04-11,605366,49.704,True,known,14.46152851,14.46152851,1.9154342395335,1.9154342395335,247306576.0,30937900.0,tdx,7.993644558939036,15.31130049,False,False,False,False,False,False,False
2024-04-12,000017,30.2021,True,known,31.48386059,31.38628664,3.2524649369423,3.2524649369423,1292917248.0,126509500.0,tdx,10.219922203470885,33.23993863,False,False,True,True,True,False,False
2024-04-15,001378,28.0289,True,known,31.55,31.75,1.0,1.0,309994336.0,9501900.0,tdx,32.62445784527305,32.62445785,False,False,False,False,False,False,False
2024-04-15,600444,55.8953,True,known,30.20441928,28.85261311,2.112197152664,2.112197152664,497101472.0,32997500.0,tdx,15.064822244109402,31.81987465,False,False,True,True,True,False,False
2024-04-15,603016,59.7178,True,known,20.63469339,20.04738958,1.1294303989523,1.1294303989523,176931184.0,9026700.0,tdx,19.60087119323784,22.13781977,False,False,True,True,True,False,False
2024-04-15,603500,39.5059,True,known,23.60804134,23.35281928,2.126850571601,2.126850571601,116921735.0,10123225.0,tdx,11.54985046761284,24.56480607,False,False,False,False,False,False,False
2024-04-16,001202,37.2345,True,known,14.76463683,13.29133023,1.0523618550822,1.0523618550822,182651712.0,12195100.0,tdx,14.977467343441218,15.76171532,False,False,False,False,False,False,False
2024-04-16,002828,51.0756,True,known,18.24427776,16.88959175,1.7593324742097,1.7593324742097,745976064.0,67322000.0,tdx,11.080717506907103,19.49466615,False,False,True,True,True,False,False
2024-04-16,603320,35.8398,True,known,16.86192616,15.17436154,1.3720037558999,1.3720037558999,136159568.0,10293000.0,tdx,13.228365685417273,18.1493674,False,False,False,False,False,False,False
2024-04-16,605378,42.3815,True,known,22.40655865,22.18544129,1.0529397861654,1.0529397861654,140125232.0,6503500.0,tdx,21.546126239717076,22.68677356,False,False,True,True,True,False,False
2024-04-17,002987,54.6151,True,known,43.42567313,43.39790735,2.7765775656399,2.7765775656399,410886976.0,26262400.0,tdx,15.64544657000122,43.44079595,False,False,True,True,True,False,False
2024-04-18,603968,16.3636,True,known,32.24091191,31.12573817,2.4781638668968,2.4781638668968,248235056.0,18616000.0,tdx,13.33450021486893,33.04507662,False,False,True,True,True,False,False
2024-04-19,001209,65.1459,True,known,20.68006717,20.49007362,1.4614888461264,1.4614888461264,53817236.0,3763000.0,tdx,14.301683762955088,20.9017513,False,False,False,False,False,False,False
2024-04-19,002334,33.0508,True,known,83.37656964,81.58223887,11.9622051132557,11.9622051132557,462352832.0,65828700.0,tdx,7.023575309857251,84.01744848,False,False,False,False,False,False,False
2024-04-19,002632,70.7206,True,known,43.879956,43.44426849,6.2241072339846,6.2241072339846,265271744.0,37831300.0,tdx,7.0119648016325105,43.64322085,True,False,False,False,False,False,False
2024-04-19,002778,59.4251,True,known,15.42906757,15.2851397,1.439278691609,1.439278691609,57323848.0,5275700.0,tdx,10.865638303921754,15.63868168,False,False,False,False,False,False,False
2024-04-19,002820,70.8158,True,known,14.96764563,14.84394608,1.7671364375541,1.7671364375541,100160576.0,11848800.0,tdx,8.45322530551617,14.93800245,True,False,False,False,False,True,False
2024-04-19,002900,39.478,True,known,20.87908526,18.78947787,1.6988678001997,1.6988678001997,496528149.0,37935686.0,tdx,13.088682487513209,22.23594123,False,False,False,False,False,False,False
2024-04-19,003001,68.67,True,known,18.4137335,18.25361408,1.3343285142934,1.3343285142934,71966840.0,5188000.0,tdx,13.871788743253662,18.50952326,False,False,False,False,False,False,False
2024-04-19,603048,78.1151,True,known,14.09747474,13.9541453,1.0237817534,1.0237817534,48211528.0,3501800.0,tdx,13.767641784225255,14.09506045,True,False,False,False,False,True,False
2024-04-19,603633,70.3012,True,known,19.31983863,19.1800424,2.795924548291,2.795924548291,103633288.0,14748600.0,tdx,7.026652563633158,19.64599039,False,False,False,False,False,False,False
2024-04-19,605068,87.2195,True,known,15.6332077,15.3215823,1.0387513423045,1.0387513423045,58597332.0,3889800.0,tdx,15.064356008020978,15.64812002,False,False,True,True,True,False,False
2024-04-19,605258,74.7107,True,known,19.30280759,19.19914052,1.0366706545859,1.0366706545859,41458560.0,2222500.0,tdx,18.654020247469067,19.33807538,False,False,True,True,True,False,False
2024-04-19,605398,53.822,True,known,41.80017865,41.66011104,2.000965947914,2.000965947914,60448888.0,2886300.0,tdx,20.9433835706614,41.90699736,False,False,False,False,False,False,False
2024-04-22,002956,14.902,True,known,42.16384313,40.85366722,2.9776725376056,2.9776725376056,233140864.0,15825100.0,tdx,14.732346967791672,43.86810498,False,False,False,False,False,False,False
2024-04-22,003021,55.0613,True,known,98.09284577,94.76600611,1.6308037534369,1.6308037534369,531246144.0,8696700.0,tdx,61.08594570354272,99.61918954,False,False,True,True,True,False,False
2024-04-22,600262,38.9024,True,known,24.99732664,23.62316848,1.5439979396023,1.5439979396023,293906016.0,16819800.0,tdx,17.473811579210217,26.97952908,False,False,False,False,False,False,False
2024-04-22,600379,20.2294,True,known,25.67753084,25.09141329,2.7910359610572,2.7910359610572,238374528.0,25265600.0,tdx,9.43474637451713,26.33271641,False,False,False,False,False,False,False
2024-04-22,603076,44.617,True,known,33.60917675,32.97989854,1.4301777338389,1.4301777338389,86253976.0,3539400.0,tdx,24.36966039441713,34.85294568,False,False,False,False,False,False,False
2024-04-22,603580,31.7003,True,known,43.32556482,39.00116758,2.0398100197735,2.0398100197735,615075392.0,26416000.0,tdx,23.284198667474257,47.49534174,False,False,True,True,True,False,False
2024-04-23,000422,10.3911,True,known,138.4072893,136.7660961,13.6766096128457,13.6766096128457,894672960.0,86313200.0,tdx,10.36542452371132,141.7638647,False,False,False,False,False,False,False
2024-04-23,001299,69.5876,True,known,11.84,11.83,1.0,1.0,102753608.0,8571700.0,tdx,11.98754132785795,11.98754133,False,False,True,True,True,False,False
2024-04-23,002566,59.279,True,known,21.0877388,21.0877388,3.1287446289751,3.1287446289751,130940336.0,19097800.0,tdx,6.856304705254009,21.45162652,False,False,False,False,False,False,False
2024-04-23,002992,72.0084,True,known,59.50584706,58.92427059,1.3217647058824,1.3217647058824,330200160.0,6969000.0,tdx,47.38128282393457,62.62690736,False,False,True,True,True,False,False
2024-04-23,603309,22.9046,True,known,32.7870172,32.5043705,2.8264669997718,2.8264669997718,145575888.0,12664800.0,tdx,11.494527193481144,32.48890179,True,True,False,False,False,True,True
2024-04-23,603500,31.7284,True,known,25.2882533,23.86326341,2.126850571601,2.126850571601,137156818.0,11430023.0,tdx,11.999697463425926,25.52156341,False,False,False,False,False,False,False
2024-04-23,605169,55.4087,True,known,15.898876,15.76478909,1.91552722838,1.91552722838,91002096.0,10735500.0,tdx,8.476745004890317,16.23743586,False,False,False,False,False,False,False
2024-04-24,000777,17.5881,True,known,133.9042486,130.3239211,7.1606550056105,7.1606550056105,1522161024.0,76258700.0,tdx,19.960490068674133,142.9301831,False,False,False,False,False,False,False
2024-04-24,002730,48.9525,True,known,17.65755207,17.28285601,2.3418504072412,2.3418504072412,292003616.0,37935700.0,tdx,7.697330377454482,18.02599628,False,False,True,True,True,False,False
2024-04-24,603848,58.6842,True,known,15.82044605,15.55859039,1.091065244829,1.091065244829,116364272.0,8136500.0,tdx,14.301514410373011,15.60388532,True,False,True,True,True,True,False
2024-04-25,002805,70.6468,True,known,26.99135769,26.65184376,2.1219620828052,2.1219620828052,396350496.0,30843700.0,tdx,12.850290205131031,27.26782857,False,False,True,True,True,False,False
2024-04-25,003023,22.7816,True,known,22.77633659,22.43516918,1.3646696579908,1.3646696579908,204380640.0,12068300.0,tdx,16.935329748183257,23.11113066,False,False,False,False,False,False,False
2024-04-25,600855,15.873,True,known,15.61205924,15.11852733,1.6451063475193,1.6451063475193,530699904.0,54134400.0,tdx,9.80337648519241,16.12759688,False,False,False,False,False,False,False
2024-04-25,605169,59.0324,True,known,17.23974506,16.81832907,1.91552722838,1.91552722838,147203392.0,15878900.0,tdx,9.270377167184124,17.75765988,False,False,True,True,True,False,False
2024-04-26,603015,21.5203,True,known,16.90183239,16.79250618,2.1865242418639,2.1865242418639,233343968.0,29298200.0,tdx,7.964447235666355,17.41445695,False,False,False,False,False,False,False
2024-04-26,603110,41.9326,True,known,32.35116711,31.49042873,2.0993619152875,2.0993619152875,377463968.0,23648400.0,tdx,15.96150132778539,33.508968,False,False,True,True,True,False,False
2024-04-26,605228,47.6408,True,known,10.55553601,10.45345152,1.0208448753835,1.0208448753835,150155248.0,14283300.0,tdx,10.512643996835465,10.73177875,False,False,True,True,True,False,False
2024-04-29,000710,58.8603,True,known,28.60509881,28.32534234,3.4969558441558,3.4969558441558,277099584.0,33552200.0,tdx,8.258760498566414,28.88052079,False,False,True,True,True,False,False
2024-04-29,002023,8.3614,True,known,115.3234596,115.3234596,10.2327825690036,10.2327825690036,1923526912.0,165517500.0,tdx,11.621290268400623,118.9181365,False,False,False,False,False,False,False
2024-04-29,002748,32.8717,True,known,15.75218498,15.70989724,2.1143872462712,2.1143872462712,126041400.0,16779300.0,tdx,7.511719797607767,15.88268454,False,False,False,False,False,False,False
2024-04-29,002996,35.5219,True,known,9.035128906,8.851984401,1.0174694713404,1.0174694713404,137619856.0,15690500.0,tdx,8.770903157961824,8.924126199,True,False,True,True,True,True,False
2024-04-30,002771,30.2885,True,known,52.06683106,52.68189891,2.6742080666518,2.6742080666518,723450304.0,36548800.0,tdx,19.79409184432868,52.93352008,False,False,False,True,True,False,False
2024-04-30,002979,10.8257,True,known,30.57064946,30.34044879,1.5346711577946,1.5346711577946,720097984.0,35412000.0,tdx,20.334857788320342,31.20731975,False,False,True,True,True,False,False
2024-04-30,603220,21.8963,True,known,33.06223278,33.09349237,1.0419865357097,1.0419865357097,1380780672.0,43318100.0,tdx,31.87537477405519,33.21371134,False,False,False,False,False,False,False
2024-04-30,603348,10.214,True,known,29.93269915,29.93269915,1.0346594935342,1.0346594935342,396399456.0,13527400.0,tdx,29.303447521327083,30.31909017,False,False,False,False,False,False,False
2024-04-30,605333,6.1622,True,known,27.81652724,27.77634446,1.0045694200351,1.0045694200351,334890688.0,12016000.0,tdx,27.870396804260984,27.99774835,False,False,True,False,False,False,False
2024-05-06,000668,52.0451,True,known,27.65925619,28.11643397,3.8098149016045,3.8098149016045,76530704.0,10325900.0,tdx,7.411528680308738,28.23655241,False,False,False,True,True,False,False
2024-05-06,002009,19.7581,True,known,79.21730087,79.16330135,5.3999523429023,5.3999523429023,616929600.0,42107200.0,tdx,14.651404035414371,79.11688355,True,True,True,False,False,True,True
2024-05-06,002633,40.6909,True,known,9.972633358,10.07921112,1.522539444027,1.522539444027,85315992.0,12539900.0,tdx,6.803562388854775,10.3586921,False,False,False,False,False,False,False
2024-05-06,603068,25.7232,True,known,21.49041753,21.59188315,1.0146561628611,1.0146561628611,138718736.0,6424000.0,tdx,21.593825653798255,21.91030828,False,False,False,False,False,False,False
2024-05-06,605288,44.0167,True,known,53.94917564,53.32940151,1.4413351759449,1.4413351759449,90716008.0,2452900.0,tdx,36.98316604835093,53.30513814,True,True,True,True,True,True,True
2024-05-07,002365,12.0,True,known,28.28977328,27.84880559,3.3920591459881,3.3920591459881,198941536.0,23710200.0,tdx,8.390546515845502,28.46123005,False,False,True,True,True,False,False
2024-05-07,603365,4.8462,True,known,23.54965064,23.57462375,1.248655919154,1.248655919154,158680144.0,8462100.0,tdx,18.75186348542324,23.41462534,True,True,False,True,True,True,True
2024-05-08,002910,44.4265,True,known,8.389178992,8.163553151,1.0255720039115,1.0255720039115,173692112.0,20004900.0,tdx,8.682478392793765,8.904506764,False,False,True,True,True,False,False
2024-05-08,002968,26.9676,True,known,32.48449965,31.98880535,3.3046286521533,3.3046286521533,160511776.0,16541800.0,tdx,9.70340446626123,32.06614842,True,False,True,False,False,True,False
2024-05-08,600223,19.5308,True,known,16.70021971,16.56661795,1.9085965383806,1.9085965383806,444670784.0,50153700.0,tdx,8.866161100776214,16.92192439,False,False,False,False,False,False,False
2024-05-08,603219,5.7439,True,known,23.36992005,23.06318985,1.4606200031888,1.4606200031888,390448640.0,24534600.0,tdx,15.914204429662599,23.24460532,True,False,False,False,False,True,False
2024-05-08,603968,7.4497,True,known,33.70302859,33.35608565,2.4781638668968,2.4781638668968,240176016.0,17610500.0,tdx,13.638228102552455,33.79776409,False,False,False,False,False,False,False
2024-05-08,605298,27.039,True,known,17.49073826,17.50441359,1.3675323114821,1.3675323114821,88633944.0,6816400.0,tdx,13.003043248635644,17.78208179,False,False,False,True,True,False,False
2024-05-09,603261,23.7922,True,known,38.72577927,38.50350764,1.0103255745005,1.0103255745005,483607136.0,12338700.0,tdx,39.19433457333431,39.59903859,False,False,True,True,True,False,False
2024-05-13,001316,14.6486,True,known,34.67735355,33.5685734,1.0172294968987,1.0172294968987,320207072.0,8843300.0,tdx,36.20900252168308,36.83286542,False,False,True,True,True,False,False
2024-05-13,002805,33.7484,True,known,29.87722613,29.6438103,2.1219620828052,2.1219620828052,712860096.0,49204900.0,tdx,14.48758347237775,30.7421028,False,False,True,True,True,False,False
2024-05-13,603655,13.3555,True,known,17.27261728,17.42637945,1.0250811440697,1.0250811440697,120308928.0,6920200.0,tdx,17.385180775122105,17.821221,False,False,False,False,False,False,False
2024-05-15,002851,4.6829,True,known,59.56423283,60.62787984,2.3122761189958,2.3122761189958,847564672.0,32568000.0,tdx,26.024461802996807,60.17574154,False,False,False,True,True,False,False
2024-05-16,000957,10.9177,True,known,60.07973944,57.4208914,5.1131693140993,5.1131693140993,1792003328.0,151617800.0,tdx,11.819214683236401,60.43364584,False,False,False,False,False,False,False
2024-05-16,001300,21.2903,True,known,14.04620363,14.20696133,1.0047355958958,1.0047355958958,348688291.0,24537123.0,tdx,14.210642828827162,14.27793869,False,False,False,False,False,False,False
2024-05-16,002296,34.3338,True,known,55.03032866,53.79830638,5.1334261812828,5.1334261812828,822626944.0,75508900.0,tdx,10.894436867706986,55.92578745,False,False,True,True,True,False,False
2024-05-16,603221,29.2228,True,known,11.44381327,11.33101583,1.0254312964577,1.0254312964577,330737184.0,28205700.0,tdx,11.725898807687807,12.02410362,False,False,True,True,True,False,False
2024-05-17,002312,9.375,True,known,152.6614011,152.6614011,18.7314602620972,18.7314602620972,1296173184.0,157293200.0,tdx,8.240490904883364,154.3564279,False,False,False,False,False,False,False
2024-05-17,002868,61.9249,True,known,24.63696923,24.45774114,1.378677629031,1.378677629031,130097496.0,7216200.0,tdx,18.02853246861229,24.8555344,False,False,True,True,True,False,False
2024-05-17,603332,38.6298,True,known,17.61084488,16.88279878,1.9676921657794,1.9676921657794,374778976.0,39411900.0,tdx,9.509284657679533,18.71134492,False,False,True,True,True,False,False
2024-05-21,002975,29.7669,True,known,67.27729618,67.27729618,2.0473918496957,2.0473918496957,164738928.0,4961300.0,tdx,33.204790679862136,67.98321781,False,False,False,True,True,False,False
2024-05-21,600876,23.8202,True,known,17.88780966,17.70236985,1.4264601008238,1.4264601008238,242442784.0,18976000.0,tdx,12.776284991568296,18.22486078,False,False,True,False,False,False,False
2024-05-21,603042,59.0584,True,known,11.47226218,11.30967919,1.0161436828477,1.0161436828477,476562560.0,40083300.0,tdx,11.889304523330164,12.08124168,False,False,True,True,True,False,False
2024-05-22,603010,18.2864,True,known,52.57113389,52.37785766,4.8319056885937,4.8319056885937,314981728.0,28319400.0,tdx,11.122471803781153,53.74273478,False,False,False,False,False,False,False
2024-05-22,603991,37.425,True,known,31.20519495,30.90144548,1.0124982136823,1.0124982136823,157705792.0,5037900.0,tdx,31.303875027293117,31.69511755,False,False,True,True,True,False,False
2024-05-22,605388,16.0645,True,known,10.20059896,10.20059896,1.0345435051603,1.0345435051603,251807424.0,24987900.0,tdx,10.077174312367186,10.42527524,False,False,False,False,False,False,False
2024-05-22,605567,27.8519,True,known,9.919785932,9.868863007,1.0184585146122,1.0184585146122,180800976.0,18179500.0,tdx,9.945321708517836,10.12889757,False,False,True,True,True,False,False
2024-05-24,603839,16.0766,True,known,11.37371155,11.70714284,1.8523960185575,1.8523960185575,223259936.0,34937000.0,tdx,6.390357958611214,11.83747364,False,False,False,True,True,False,False
2024-05-27,002669,40.1575,True,known,22.13993949,21.71003776,2.1495086887949,2.1495086887949,605439040.0,56429700.0,tdx,10.729084861340748,23.06226113,False,False,True,True,True,False,False
2024-05-28,000722,15.9983,True,known,51.89384089,51.08859164,4.4736069733961,4.4736069733961,836148928.0,69977500.0,tdx,11.948825379586296,53.45434854,False,False,True,True,True,False,False
2024-05-28,603079,68.4363,True,known,24.57671137,24.49437733,2.0583510362851,2.0583510362851,190940224.0,15982700.0,tdx,11.946681349208832,24.59046394,False,False,True,True,True,False,False
2024-05-29,002769,60.2586,True,known,33.00153908,32.48829586,5.1324322052626,5.1324322052626,225060432.0,33822300.0,tdx,6.65420246405478,34.15224303,False,False,True,True,True,False,False
2024-05-29,600895,34.4528,True,known,408.0074104,408.0074104,20.7743080676112,20.7743080676112,2969019136.0,148539100.0,tdx,19.98813198679674,415.2396116,False,False,False,False,False,False,False
2024-05-29,603016,45.8376,True,known,20.21680414,20.0925668,1.1294303989523,1.1294303989523,121792936.0,6714400.0,tdx,18.13906469677112,20.48681108,False,False,True,True,True,False,False
2024-05-29,603650,15.4245,True,known,32.34425501,31.95696134,1.0467396444002,1.0467396444002,1357059509.0,43273446.0,tdx,31.360098037951495,32.82585787,False,False,False,False,False,False,False
2024-05-29,603836,34.2454,True,known,14.53595252,14.42811904,1.0783347566431,1.0783347566431,175574816.0,12660800.0,tdx,13.86759256918994,14.95390706,False,False,False,False,False,False,False
2024-06-03,603177,59.8204,True,known,9.728756197,8.756892935,1.0123575647507,1.0123575647507,234056272.0,24106000.0,tdx,9.709461212976022,9.829446509,False,False,True,True,True,False,False
2024-06-04,603890,14.5538,True,known,33.85841593,31.84761044,2.9570668934622,2.9570668934622,1283270528.0,110527800.0,tdx,11.610386961470327,34.3326909,False,False,True,True,True,False,False
2024-06-06,002811,40.6786,True,known,14.80408773,13.32367896,1.8053765526752,1.8053765526752,238643440.0,28430400.0,tdx,8.393952951769936,15.15424584,False,False,True,True,True,False,False
2024-06-06,600830,25.3449,True,known,76.54391411,76.54391411,11.3398391273183,11.3398391273183,391277216.0,57029800.0,tdx,6.860925621341825,77.80179281,False,False,False,False,False,False,False
2024-06-06,603709,38.3108,True,known,18.34870085,16.51259848,1.2322834688418,1.2322834688418,205201840.0,12926400.0,tdx,15.874631761356603,19.56204629,False,False,False,False,False,False,False
2024-06-06,603767,43.4084,True,known,22.75920497,22.52335829,1.6846191688197,1.6846191688197,383932224.0,28044700.0,tdx,13.690010019718521,23.0624533,False,False,True,False,False,False,False
2024-06-06,603776,49.3021,True,known,26.73580072,26.73580072,2.5246270748719,2.5246270748719,198227552.0,17737900.0,tdx,11.175367546327356,28.21363548,False,False,False,True,True,False,False
2024-06-07,600353,76.5426,True,known,69.17863466,68.43819056,10.5777728842538,10.5777728842538,409255904.0,61619600.0,tdx,6.641651422599303,70.25388032,False,False,True,True,True,False,False
2024-06-07,603528,49.5211,True,known,20.95819812,18.97566587,3.1468765953024,3.1468765953024,593712256.0,85218000.0,tdx,6.966981811354409,21.924232,False,False,True,True,True,False,False
2024-06-11,605358,49.9092,True,known,34.33633407,33.97298661,1.5139477101129,1.5139477101129,808210176.0,34873200.0,tdx,23.175681497539657,35.08676993,False,False,True,True,True,False,False
2024-06-12,603320,52.5144,True,known,18.90492022,18.96019777,1.3819386129303,1.3819386129303,91136688.0,6568700.0,tdx,13.874387321692268,19.17355157,False,False,False,True,True,False,False
2024-06-14,000901,14.5946,True,known,57.84072201,57.04928681,6.5952932731278,6.5952932731278,564301504.0,63988500.0,tdx,8.818795627339288,58.16254348,False,False,True,True,True,False,False
2024-06-14,002889,22.6351,True,known,36.17231544,35.85024697,2.012927959884,2.012927959884,716875200.0,37946100.0,tdx,18.8919335583894,38.02810128,False,False,True,True,True,False,False
2024-06-17,002119,19.5506,True,known,46.94348363,46.48772166,3.7980164751508,3.7980164751508,1224280448.0,96211500.0,tdx,12.724886817064489,48.32932978,False,False,False,False,False,False,False
2024-06-17,002632,26.304,True,known,51.05612112,50.99157482,6.4546297241321,6.4546297241321,625592256.0,78084900.0,tdx,8.011693118643938,51.71251254,False,False,False,False,False,False,False
2024-06-17,002888,68.46,True,known,25.1601268,24.25345556,1.888898408487,1.888898408487,248878208.0,18381900.0,tdx,13.53930812375217,25.57437757,False,False,True,True,True,False,False
2024-06-17,601133,48.2223,True,known,11.61864777,11.28024056,1.0254764141212,1.0254764141212,448323904.0,38285300.0,tdx,11.710079429963981,12.00841026,False,False,True,True,True,False,False
2024-06-18,002937,9.8991,True,known,40.29261596,39.81109943,1.7197019190906,1.7197019190906,367753952.0,15983500.0,tdx,23.008349360277787,39.56750255,True,True,True,True,True,True,True
2024-06-18,603083,43.9091,True,known,79.87072542,79.87072542,2.2248112930643,2.2248112930643,1575253760.0,43915900.0,tdx,35.8697820151699,79.80349611,True,True,False,True,True,True,True
2024-06-19,002963,59.5092,True,known,10.97700007,10.88628106,1.0079889871988,1.0079889871988,142616752.0,12960200.0,tdx,11.004209194302558,11.09212168,False,False,True,True,True,False,False
2024-06-19,603261,62.0469,True,known,32.31021187,31.11802769,1.0103255745005,1.0103255745005,269729344.0,8481700.0,tdx,31.80133039367108,32.1296974,True,False,True,True,True,True,False
2024-06-20,000676,40.7722,True,known,73.93564585,73.23923474,11.6068517818927,11.6068517818927,935132352.0,144966900.0,tdx,6.45066116472105,74.87186803,False,False,False,False,False,False,False
2024-06-20,002633,62.3586,True,known,9.576773103,9.470195342,1.522539444027,1.522539444027,53405144.0,8506000.0,tdx,6.2785262167881495,9.559303815,True,False,True,True,True,True,False
2024-06-20,002871,39.9816,True,known,34.36898571,33.27250542,3.7809665247111,3.7809665247111,194755184.0,20841000.0,tdx,9.344809941941365,35.33241357,False,False,False,False,False,False,False
2024-06-20,003018,13.8947,True,known,8.992956284,8.982462753,1.0493531253229,1.0493531253229,153356192.0,17466400.0,tdx,8.780068703338982,9.213392534,False,False,False,False,False,False,False
2024-06-20,603256,35.3353,True,known,7.443434954,7.433039096,1.0395858874907,1.0395858874907,145951808.0,20328400.0,tdx,7.179699730426399,7.463914516,False,False,False,False,False,False,False
2024-06-20,603268,42.3058,True,known,19.72383962,19.38156041,1.4261633856166,1.4261633856166,96510016.0,6561200.0,tdx,14.70920197524843,20.97772529,False,False,True,True,True,False,False
2024-06-20,603390,32.9617,True,known,7.882339469,7.882339469,1.0250116344061,1.0250116344061,274049152.0,35230400.0,tdx,7.778769244743176,7.973328977,False,False,False,False,False,False,False
2024-06-20,603803,16.4807,True,known,7.430826525,7.356091201,1.0676474892187,1.0676474892187,300453088.0,42232300.0,tdx,7.1142961193209935,7.595560389,False,False,False,False,False,False,False
2024-06-21,002253,36.5079,True,known,44.43067854,42.81081005,3.8568297344353,3.8568297344353,450790368.0,38464100.0,tdx,11.71976903138251,45.20115368,False,False,False,False,False,False,False
2024-06-21,603005,15.0797,True,known,59.44428569,58.68970378,2.7947477991937,2.7947477991937,2780781312.0,126572400.0,tdx,21.969886894773268,61.40029305,False,False,True,True,True,False,False
2024-06-21,603171,49.6298,True,known,24.05079282,23.65148208,1.023873683228,1.023873683228,331003520.0,13918400.0,tdx,23.781722037015747,24.34947934,False,False,True,True,True,False,False
2024-06-24,601579,52.26,True,known,14.30195217,12.87732192,1.1129923871386,1.1129923871386,783613376.0,59059200.0,tdx,13.268269397485913,14.76748283,False,False,True,True,True,False,False
2024-06-25,002887,51.7862,True,known,34.24961199,30.82465079,4.5065278929414,4.5065278929414,291950848.0,37721900.0,tdx,7.739558399762473,34.87853581,False,False,True,True,True,False,False
2024-06-26,002331,66.6451,True,known,39.0103995,38.74061804,5.3956292531958,5.3956292531958,402642912.0,54289400.0,tdx,7.416602725393908,40.01723862,False,False,True,True,True,False,False
2024-06-26,600378,25.0119,True,known,121.4516977,121.4132636,3.843408154746,3.843408154746,278729408.0,8820500.0,tdx,31.600182302590557,121.4523984,False,False,False,False,False,False,False
2024-06-26,603936,59.2325,True,known,16.24120668,16.00000064,2.0100503310713,2.0100503310713,803036416.0,97516600.0,tdx,8.234868894116488,16.55250095,False,False,False,False,False,False,False
2024-06-26,605158,62.3736,True,known,9.433192832,9.179005001,1.4121546155578,1.4121546155578,237854416.0,34738400.0,tdx,6.847017018630679,9.669046686,False,False,True,True,True,False,False
2024-06-27,002232,68.6201,True,known,39.92417736,39.60731881,3.1685855051092,3.1685855051092,297929056.0,23951700.0,tdx,12.438743638238622,39.41322279,True,True,True,False,False,False,True
2024-06-27,002903,72.7038,True,known,27.33644146,26.8779355,1.5810550293728,1.5810550293728,228734336.0,13326200.0,tdx,17.164258078071768,27.13763656,True,False,True,True,True,True,False
2024-06-27,603006,70.6032,True,known,23.93943194,23.93943194,2.3655565156797,2.3655565156797,127866664.0,12752600.0,tdx,10.026713297680473,23.71875697,True,True,False,True,True,True,True
2024-06-28,001278,40.4037,True,known,16.22393207,15.99302215,1.0039561926207,1.0039561926207,174721136.0,10274200.0,tdx,17.00581417531292,17.07309245,False,False,False,False,False,False,False
2024-06-28,600571,84.3778,True,known,118.0600774,113.1787472,11.3519305152112,11.3519305152112,812007552.0,74733600.0,tdx,10.865361122707858,123.3428245,False,False,True,True,True,False,False
2024-06-28,600983,54.6295,True,known,21.54069755,20.91435615,2.7232234570429,2.7232234570429,73605424.0,9291400.0,tdx,7.921887336676927,21.57306942,False,False,True,True,True,False,False
2024-07-02,000049,7.1118,True,known,222.23534,220.9362607,9.279137368172899,9.279137368172899,769471296.0,32171700.0,tdx,23.91764488665504,221.9351124,True,False,True,True,True,True,False
2024-07-03,002645,63.2388,True,known,37.73761371,37.57063312,5.5660197209471,5.5660197209471,239461968.0,34877100.0,tdx,6.865879559940477,38.21562103,False,False,True,True,True,False,False
2024-07-04,000668,70.4192,True,known,27.1258821,24.64950241,3.8098149016045,3.8098149016045,162090336.0,21916600.0,tdx,7.395779272332387,28.17655008,False,False,True,True,True,False,False
2024-07-04,002552,41.3018,True,known,45.15005454,44.42890783,3.135420454108,3.135420454108,286335520.0,19633200.0,tdx,14.584251166391622,45.72775941,False,False,False,False,False,False,False
2024-07-04,603918,45.9595,True,known,41.63924174,41.06995176,3.5437652546374,3.5558399793332,601906816.0,50702200.0,tdx,11.871414179266383,42.06950509,False,False,True,True,True,False,False
2024-07-05,002741,79.1187,True,known,29.36238866,29.02524223,3.0649675009797,3.0649675009797,244121328.0,24604300.0,tdx,9.921896904199672,30.41029156,False,False,True,True,True,False,False
2024-07-05,603079,32.765,True,known,23.29040854,23.66305508,2.0702585368901,2.0702585368901,203365664.0,17497600.0,tdx,11.62248902706657,24.06155713,False,False,False,False,False,False,False
2024-07-05,603615,76.5517,True,known,13.88784887,13.49501455,1.155395081088,1.155395081088,163545264.0,12629100.0,tdx,12.949874812932038,14.96222166,False,False,True,True,True,False,False
2024-07-08,002527,41.7582,True,known,18.52915195,18.30557244,2.7947438836401,2.7947438836401,448640000.0,66571800.0,tdx,6.739189867180999,18.83430966,False,False,True,True,True,False,False
2024-07-09,000017,93.0689,True,known,19.87256076,19.64488822,3.2524649369423,3.2524649369423,271924768.0,43659800.0,tdx,6.2282641697854775,20.25721083,False,False,True,True,True,False,False
2024-07-09,002853,63.2158,True,known,22.54230626,21.32914056,2.6120864728899,2.6728246317967,203026528.0,23052700.0,tdx,8.807060691372378,23.0048041,False,False,False,False,False,False,False
2024-07-09,002995,40.1311,True,known,40.33802439,40.05731441,2.8070998182222,2.8070998182222,286449440.0,19734200.0,tdx,14.515381419059299,40.74612454,False,False,True,True,True,False,False
2024-07-11,002888,52.626,True,known,25.42457258,24.70679118,1.888898408487,1.888898408487,236794128.0,17407100.0,tdx,13.603307156275314,25.69526524,False,False,True,True,True,False,False
2024-07-11,603958,60.5031,True,known,8.217394703,8.052220941,1.0323360180133,1.0323360180133,99333456.0,12359800.0,tdx,8.036817424230165,8.296696097,False,False,True,True,True,False,False
2024-07-11,605068,31.5385,True,known,15.48778251,15.30080727,1.0387513423045,1.0387513423045,160006128.0,10442600.0,tdx,15.32244153754812,15.91620671,False,False,False,False,False,False,False
2024-07-12,000550,79.0221,True,known,83.03851897,83.07562286,3.7103895874622,3.7103895874622,1166618920.0,50558884.0,tdx,23.074459475806467,85.61523418,False,False,False,True,True,False,False
2024-07-12,002806,17.093,True,known,16.0036551,16.28017614,1.7282564901373,1.7282564901373,339506112.0,35765200.0,tdx,9.49263843065326,16.40571398,False,False,False,False,False,False,False
2024-07-12,603680,37.2581,True,known,13.74903174,13.74903174,1.9641473914617,1.9641473914617,133764928.0,18857400.0,tdx,7.093497937149342,13.93267547,False,False,False,False,False,False,False
2024-07-12,605208,34.7317,True,known,12.01796757,12.03593165,1.7964077091592,1.7964077091592,145222928.0,21600300.0,tdx,6.723190326060286,12.07759093,False,False,False,True,True,False,False
2024-07-15,002273,16.335,True,known,293.809597,293.2078364,15.044014181915902,15.044014181915902,3156305152.0,161615700.0,tdx,19.52969390968823,293.8049921,True,False,False,False,False,True,False
2024-07-15,002729,43.3229,True,known,27.05331926,26.82996884,2.7918802122768,2.7918802122768,250915568.0,25305600.0,tdx,9.915416666666667,27.68265559,False,False,True,True,True,False,False
2024-07-15,003010,24.2276,True,known,16.92093807,16.82055962,1.4339778024991,1.4339778024991,251458864.0,20567800.0,tdx,12.225851282101148,17.53159936,False,False,False,False,False,False,False
2024-07-15,603079,38.3443,True,known,23.97359386,23.72516283,2.0702585368901,2.0702585368901,179845056.0,15533100.0,tdx,11.578181818181818,23.96982975,True,False,False,False,False,True,False
2024-07-15,603127,47.3281,True,known,108.3436877,107.802742,7.7277951283232,7.7277951283232,428343008.0,30377600.0,tdx,14.100620457178975,108.9667061,False,False,True,True,True,False,False
2024-07-16,002534,49.7702,True,known,23.62178662,23.64494524,2.3158614336153,2.3158614336153,275591712.0,26807700.0,tdx,10.280319162031804,23.80779467,False,False,False,True,True,False,False
2024-07-16,002811,32.6289,True,known,12.51125951,12.58347457,1.8053765526752,1.8053765526752,129404072.0,18333200.0,tdx,7.058455261492811,12.74316963,False,False,False,True,True,False,False
2024-07-17,002905,78.0201,True,known,14.30716878,14.14432296,2.3263689072714,2.3263689072714,96240720.0,15716800.0,tdx,6.123429705792527,14.24535647,True,False,True,True,True,True,False
2024-07-18,002636,70.4118,True,known,18.09026167,17.76577267,2.7040749883049,2.7040749883049,239188480.0,35235600.0,tdx,6.7882618715163074,18.35596914,False,False,True,True,True,False,False
2024-07-18,002861,69.2501,True,known,13.0620489,12.71502316,1.3881029646588,1.3881029646588,278041152.0,28331700.0,tdx,9.813782865129872,13.62254109,False,False,False,False,False,False,False
2024-07-19,600822,16.2232,True,known,24.69236497,24.55594307,2.7284381186779,2.7284381186779,392815296.0,42342400.0,tdx,9.277114570737606,25.31203303,False,False,True,True,True,False,False
2024-07-19,605186,84.5195,True,known,21.53846284,21.52835563,1.0107209215483,1.0107209215483,203988032.0,9341700.0,tdx,21.836285900853163,22.07039101,False,False,True,True,True,False,False
2024-07-23,002576,60.1252,True,known,15.51458336,15.48690346,1.3839949470703,1.3839949470703,138011152.0,12071000.0,tdx,11.43328241239334,15.82360509,False,False,True,True,True,False,False
2024-07-23,002806,10.0901,True,known,16.91963104,17.00604386,1.7282564901373,1.7282564901373,366405184.0,36822800.0,tdx,9.950497626470556,17.1970121,False,False,False,False,False,False,False
2024-07-23,600520,36.3721,True,known,38.23819842,38.09770289,2.3415920648055,2.3415920648055,522821472.0,31391300.0,tdx,16.654979946673123,38.99916888,False,False,False,False,False,False,False
2024-07-23,603121,87.6176,True,known,14.77087445,13.86006986,1.9800099793315,1.9800099793315,313085408.0,40645500.0,tdx,7.7028307684737545,15.25168179,False,False,True,True,True,False,False
2024-07-24,603535,82.6312,True,known,22.47332532,22.26413213,1.4942370557788,1.4942370557788,95875192.0,6323700.0,tdx,15.161249268624381,22.65450047,False,False,True,True,True,False,False
2024-07-24,603863,50.9768,True,known,19.9045,19.64233333,1.0083333333333,1.0083333333333,400764864.0,19650200.0,tdx,20.394950891085077,20.56490882,False,False,True,True,True,False,False
2024-07-25,000503,51.5698,True,known,72.63347351,69.42476585,9.7233565609437,9.7233565609437,592913152.0,78066200.0,tdx,7.595004649899701,73.84893829,False,False,True,True,True,False,False
2024-07-25,600679,23.6565,True,known,23.95854144,23.95854144,2.5272723033338,2.5272723033338,263287280.0,26931600.0,tdx,9.776146979756122,24.7069855,False,False,False,True,True,False,False
2024-07-26,001239,34.7463,True,known,15.21,15.1,1.0,1.0,301290112.0,18937600.0,tdx,15.909624873267996,15.90962487,False,False,True,True,True,False,False
2024-07-29,002868,73.4385,True,known,18.15718437,18.07446372,1.378677629031,1.378677629031,49894696.0,3752300.0,tdx,13.297096714015403,18.33240977,False,False,True,True,True,False,False
2024-07-30,000921,73.8885,True,known,41.65622515,41.20784217,1.4463967065807,1.4463967065807,1172427904.0,40617900.0,tdx,28.864808471142034,41.74996391,False,False,False,False,False,False,False
2024-07-30,002035,85.4666,True,known,110.3156175,110.1371132,17.8504235373117,17.8504235373117,420892736.0,68046200.0,tdx,6.185396627585376,110.4119495,False,False,True,False,False,False,False
2024-07-30,002668,89.2032,True,known,42.2525877,42.2525877,4.9418231226821,4.9418231226821,463986400.0,53961300.0,tdx,8.598503001224952,42.49228095,False,False,False,True,True,False,False
2024-07-30,002888,21.1682,True,known,27.03013623,26.97346927,1.888898408487,1.888898408487,244290128.0,17151200.0,tdx,14.243325714818788,26.90419527,True,True,False,False,False,True,True
2024-07-30,600444,37.2001,True,known,25.98876647,25.92480724,2.1319742795616,2.1319742795616,233315024.0,18421200.0,tdx,12.665571406857316,27.00267248,False,False,True,True,True,False,False
2024-07-30,603657,48.5461,True,known,17.55424691,17.55424691,1.5800402259594,1.5800402259594,124564168.0,11125100.0,tdx,11.196678501766277,17.69120243,False,False,False,False,False,False,False
2024-07-31,002952,56.5587,True,known,48.36108468,47.89323305,2.4623770205242,2.4623770205242,279550848.0,13854600.0,tdx,20.177475206790525,49.68455128,False,False,True,True,True,False,False
2024-08-01,002869,17.5837,True,known,53.9004053,53.91700025,1.6594952369528,1.6594952369528,1933388160.0,58816100.0,tdx,32.87175042207831,54.55051326,False,False,False,False,False,False,False
2024-08-01,603739,51.7498,True,known,19.18218671,18.97655836,1.4687738672422,1.4687738672422,345901024.0,26737000.0,tdx,12.937166623031754,19.00177225,True,False,False,False,False,True,False
2024-08-01,605008,71.8847,True,known,17.66526073,17.5208187,1.4444203380063,1.4444203380063,66154092.0,5434800.0,tdx,12.172313976595275,17.58193787,True,False,True,True,True,True,False
2024-08-01,605178,36.7742,True,known,18.96802425,18.95397386,1.4050388331123,1.4050388331123,201395856.0,14581600.0,tdx,13.811643166730674,19.405895,False,False,False,False,False,False,False
2024-08-01,605198,71.8755,True,known,24.68766253,24.66730157,1.0180479393782,1.0180479393782,172538288.0,7074800.0,tdx,24.387726578843218,24.82787479,False,False,True,True,True,False,False
2024-08-02,000801,33.4129,True,known,166.1879792,162.4416316,14.9853903706815,14.9853903706815,1255586432.0,112209100.0,tdx,11.189702368168001,167.6820581,False,False,False,False,False,False,False
2024-08-02,001236,41.5,True,known,7.416542474,7.346385991,1.0022354694486,1.0022354694486,308444928.0,40897000.0,tdx,7.541993984888867,7.558853882,False,False,False,False,False,False,False
2024-08-02,002313,40.1818,True,known,19.64604423,19.53854193,2.6875573498775,2.6875573498775,264269712.0,34892100.0,tdx,7.57391249021985,20.35532418,False,False,False,False,False,False,False
2024-08-02,002896,37.0117,True,known,50.09266306,49.96818715,1.778227300746,1.778227300746,494100448.0,17367500.0,tdx,28.449716309198216,50.59006224,False,False,False,False,False,False,False
2024-08-02,600621,16.2985,True,known,5381.850638,5331.87631,384.41790268039,384.41790268039,1534680064.0,107132500.0,tdx,14.325065353650853,5506.811579,False,False,False,False,False,False,False
2024-08-02,603082,46.9473,True,known,34.44457904,32.82665051,1.0175651120533,1.0175651120533,479421472.0,13546900.0,tdx,35.38975499929873,36.01138001,False,False,True,True,True,False,False
2024-08-02,603721,45.2551,True,known,29.61208719,29.50416159,1.3490700313327,1.3490700313327,337186080.0,15199400.0,tdx,22.184170427780042,29.92799949,False,False,True,True,True,False,False
2024-08-05,000547,18.8889,True,known,84.00370451,82.93736694,11.8481952765626,11.8481952765626,1076930816.0,145156500.0,tdx,7.419101562796016,87.90296409,False,False,False,False,False,False,False
2024-08-05,002703,28.2943,True,known,30.55624986,29.79234361,2.5463541547102,2.5463541547102,818510976.0,65910500.0,tdx,12.418521722639033,31.62195438,False,False,True,True,True,False,False
2024-08-05,002760,60.2555,True,known,13.72127323,13.45424247,1.0270414095902,1.0270414095902,71930000.0,5248900.0,tdx,13.70382365829031,14.07439437,False,False,True,True,True,False,False
2024-08-06,001358,44.0402,True,known,30.19193333,30.3366,1.4466666666667,1.4466666666667,151864976.0,6998900.0,tdx,21.6984063209933,31.39036114,False,False,False,True,True,False,False
2024-08-06,603158,35.2921,True,known,31.91147678,31.52336423,4.3123617275273,4.3123617275273,525433120.0,69973300.0,tdx,7.509051595394244,32.38174671,False,False,True,True,True,False,False
2024-08-07,603978,55.9287,True,known,18.99608475,18.85492489,2.0165695066874,2.0165695066874,134974960.0,14267400.0,tdx,9.460375401264422,19.07750456,False,False,True,True,True,False,False
2024-08-08,000526,32.4257,True,known,152.2361347,139.632169,2.4713658227848,2.4713658227848,674721536.0,10771300.0,tdx,62.640678098279686,154.808031,False,False,False,False,False,False,False
2024-08-08,002209,69.8678,True,known,12.62371472,12.40471596,1.5642769174929,1.5642769174929,183986544.0,22631100.0,tdx,8.129810040165966,12.71727419,False,False,True,True,True,False,False
2024-08-08,002644,26.982,True,known,42.00852606,40.80500758,5.731040390048,5.731040390048,192678448.0,25990300.0,tdx,7.413475335028838,42.48692658,False,False,False,False,False,False,False
2024-08-08,600272,12.8225,True,known,14.26979888,14.01034799,1.2972544436849,1.2972544436849,441120384.0,39779300.0,tdx,11.089194229159387,14.38550649,False,False,False,False,False,False,False
2024-08-08,603212,45.924,True,known,11.02922771,10.876044,1.0212247883921,1.0212247883921,387051808.0,35616400.0,tdx,10.867235543176738,11.09789032,False,False,True,True,True,False,False
2024-08-09,002796,23.6431,True,known,20.13801588,20.18436344,2.317378121632,2.317378121632,373934304.0,41533200.0,tdx,9.003262546589234,20.86396365,False,False,False,False,False,False,False
2024-08-09,600345,41.3656,True,known,36.62218718,36.62218718,1.9979371075735,1.9979371075735,619628416.0,32281000.0,tdx,19.194833369474303,38.35006986,False,False,False,False,False,False,False
2024-08-09,603042,87.3348,True,known,10.05982246,9.754979355,1.0161436828477,1.0161436828477,284728128.0,27722500.0,tdx,10.270651203895753,10.43645734,False,False,True,True,True,False,False
2024-08-09,603768,53.9843,True,known,11.77343278,11.63798621,1.0418967063261,1.0418967063261,108119648.0,9573400.0,tdx,11.293756450163997,11.76692765,True,False,True,True,True,True,False
2024-08-12,603079,71.1826,True,known,25.29855932,24.78099469,2.0702585368901,2.0702585368901,315249344.0,23827000.0,tdx,13.23076106937508,27.39109605,False,False,True,True,True,False,False
2024-08-13,603121,40.3136,True,known,14.65207385,14.49367305,1.9800099793315,1.9800099793315,248498096.0,33351400.0,tdx,7.450904489766547,14.75286524,False,False,True,True,True,False,False
2024-08-13,603375,64.4187,True,known,40.53442177,39.40172336,1.0113378684807,1.0113378684807,417774816.0,9853900.0,tdx,42.396900313581426,42.87759079,False,False,True,True,True,False,False
2024-08-14,000710,75.7597,True,known,27.80079896,27.27625558,3.4969558441558,3.4969558441558,338287104.0,43284900.0,tdx,7.81536064539828,27.32997108,True,False,True,True,True,True,False
2024-08-14,605255,31.7199,True,known,14.34361995,14.0767619,1.1119085232146,1.1119085232146,111889176.0,8843000.0,tdx,12.652852651814994,14.06881471,True,True,True,True,True,True,True
2024-08-15,002729,29.5595,True,known,28.58885337,28.19799014,2.7918802122768,2.7918802122768,344931872.0,33185600.0,tdx,10.394022467576297,29.01886565,False,False,True,False,False,False,False
2024-08-15,003001,11.8912,True,known,24.84354797,24.40015312,1.3436207663445,1.3436207663445,294705120.0,15351400.0,tdx,19.197279726930443,25.7938637,False,False,False,False,False,False,False
2024-08-15,600817,14.5578,True,known,54.90681754,54.60895054,4.9644500486668,4.9644500486668,513386208.0,44924500.0,tdx,11.42775563445336,56.73252202,False,False,False,False,False,False,False
2024-08-15,603966,46.2677,True,known,17.78121605,17.18519763,2.4834100625745,2.4834100625745,326559744.0,44895200.0,tdx,7.273823125857553,18.06388554,False,False,True,True,True,False,False
2024-08-15,605178,33.6,True,known,19.53003978,19.53003978,1.4050388331123,1.4050388331123,191608784.0,13648000.0,tdx,14.039330597889801,19.72580468,False,False,False,True,True,False,False
2024-08-15,605218,20.8869,True,known,18.06955544,17.85284461,1.0319563359755,1.0319563359755,379063520.0,21460600.0,tdx,17.663230291790537,18.22768241,False,False,False,False,False,False,False
2024-08-19,603917,27.1111,True,known,17.20927129,17.08871598,1.5069414441474,1.5069414441474,161647728.0,13809400.0,tdx,11.705630078062768,17.63969909,False,False,True,True,True,False,False
2024-08-20,002888,18.2605,True,known,29.22125838,28.9568126,1.888898408487,1.888898408487,358371104.0,22405400.0,tdx,15.994854097672883,30.21265445,False,False,True,True,True,False,False
2024-08-21,002987,57.799,True,known,41.42429358,38.79355645,3.9264733251473,3.9264733251473,617410944.0,56209100.0,tdx,10.984181280255333,43.1290948,False,False,True,True,True,False,False
2024-08-21,605398,22.4029,True,known,44.30282143,42.98244565,2.8093101730821,2.8093101730821,151845456.0,9661700.0,tdx,15.716225508968401,44.1517522,True,False,True,True,True,True,False
2024-08-23,000020,67.4279,True,known,26.18201105,24.54563536,2.4064348391689,2.4064348391689,238643600.0,21548500.0,tdx,11.074719818084786,26.6505916,False,False,True,True,True,False,False
2024-08-23,002642,15.6054,True,known,29.9202481,29.9202481,4.6316173523564,4.6316173523564,1098716544.0,163368700.0,tdx,6.725379733082286,31.14938547,False,False,False,False,False,False,False
2024-08-23,605177,37.241,True,known,21.97434298,21.6599747,1.0478942765571,1.0478942765571,174332832.0,7970500.0,tdx,21.87225795119503,22.91981392,False,False,True,True,True,False,False
2024-08-26,000561,22.6286,True,known,18.05294049,17.23235228,2.5643381373844,2.5643381373844,490713376.0,68066700.0,tdx,7.209301699656367,18.48708729,False,False,True,True,True,False,False
2024-08-26,002799,25.6771,True,known,16.56701191,16.56701191,2.5845572404754,2.5845572404754,183970592.0,27737900.0,tdx,6.632462875704361,17.14197995,False,False,False,True,True,False,False
2024-08-27,603038,20.5618,True,known,29.53710797,29.11460058,3.8409763293762,3.8409763293762,157584032.0,20113900.0,tdx,7.834583646135259,30.09245034,False,False,True,True,True,False,False
2024-08-28,600552,8.2915,True,known,98.56021708,101.1716416,8.4239501781073,8.4239501781073,1594942592.0,131321800.0,tdx,12.14529950092064,102.3113979,False,False,False,True,True,False,False
2024-08-29,603038,65.9163,True,known,33.10921596,30.19007395,3.8409763293762,3.8409763293762,331050528.0,36692600.0,tdx,9.022269558439577,34.65432381,False,False,True,True,True,False,False
2024-08-30,002933,10.1465,True,known,26.74963006,26.69776959,1.0372093859403,1.0372093859403,307986240.0,11854200.0,tdx,25.98119147643873,26.94793566,False,False,True,True,True,False,False
2024-09-02,002843,33.3441,True,known,25.19133926,23.97920369,1.756718219083,1.756718219083,679507968.0,47117600.0,tdx,14.42153182674839,25.33456771,False,False,True,True,True,False,False
2024-09-03,000766,21.4894,True,known,54.60875692,54.57523405,3.3522871039463,3.3522871039463,1272465536.0,76357900.0,tdx,16.66449098259643,55.86415821,False,False,False,False,False,False,False
2024-09-03,002384,46.3097,True,known,172.9502351,171.4364474,7.568938076751901,7.568938076751901,2446839040.0,106695700.0,tdx,22.932873958369456,173.5775029,False,False,True,True,True,False,False
2024-09-03,002819,17.0963,True,known,32.4579785,31.09286139,1.3253564105855,1.3253564105855,784798656.0,31347500.0,tdx,25.035446399234388,33.18088938,False,False,False,False,False,False,False
2024-09-03,002889,42.8829,True,known,33.31395774,33.21331134,2.012927959884,2.012927959884,432701728.0,25373200.0,tdx,17.053494553308216,34.327456,False,False,True,True,True,False,False
2024-09-03,002946,25.7135,True,known,9.388878171,9.388878171,1.042050851438,1.042050851438,170762032.0,18841100.0,tdx,9.063272951154657,9.444391296,False,False,False,False,False,False,False
2024-09-03,603256,39.4576,True,known,7.443434954,7.360268083,1.0395858874907,1.0395858874907,274814048.0,38633400.0,tdx,7.11337982160514,7.394969275,True,False,False,False,False,True,False
2024-09-04,002950,21.6132,True,known,11.58766259,11.6700784,1.648316157892,1.648316157892,145928377.0,20584642.0,tdx,7.089187025939047,11.68522152,False,False,False,True,True,False,False
2024-09-04,603726,17.9633,True,known,37.75774664,35.93114655,2.4034211736253,2.4034211736253,527295168.0,32727600.0,tdx,16.111635683643165,38.72304634,False,False,True,False,False,False,False
2024-09-04,605178,26.6109,True,known,21.15988483,21.15988483,1.4050388331123,1.4050388331123,314865792.0,20259500.0,tdx,15.541636861719194,21.83660332,False,False,False,True,True,False,False
2024-09-05,002229,48.0663,True,known,46.53498335,46.74249721,5.1878465276564,5.1878465276564,660673472.0,73265600.0,tdx,9.017512611648577,46.78147149,False,False,False,True,True,False,False
2024-09-05,603004,63.4825,True,known,18.53302011,17.79332056,1.0132870481207,1.0132870481207,576376192.0,28580200.0,tdx,20.16697545853423,20.43493503,False,False,True,True,True,False,False
2024-09-06,000058,25.8902,True,known,33.55485789,31.72202951,4.6995599281199,4.6995599281199,744296000.0,102077600.0,tdx,7.291472370040048,34.26671137,False,False,True,True,True,False,False
2024-09-06,603978,18.3673,True,known,22.82756682,22.26292735,2.0165695066874,2.0165695066874,237313488.0,20349400.0,tdx,11.661940302908194,23.5171132,False,False,True,True,True,False,False
2024-09-09,002095,20.5536,True,known,56.7471414,56.25640355,4.4612532549987,4.4612532549987,275902880.0,20965800.0,tdx,13.159663833481194,58.70859311,False,False,False,False,False,False,False
2024-09-09,002383,65.3547,True,known,32.0441964,29.35785658,4.7970353887183,4.7970353887183,757404992.0,108499600.0,tdx,6.9807169058687775,33.48674604,False,False,False,False,False,False,False
2024-09-09,002931,77.6509,True,known,20.47436934,19.87489456,2.3056722232591,2.3056722232591,226992976.0,25529600.0,tdx,8.891364377036851,20.50057187,False,False,True,True,True,False,False
2024-09-09,002989,24.7304,True,known,23.42500286,23.12249019,1.3152724797422,1.3152724797422,378809824.0,19769000.0,tdx,19.161810106732762,25.2030015,False,False,False,False,False,False,False
2024-09-09,603232,73.2215,True,known,36.89653585,36.15150964,3.5477438316654,3.5477438316654,238291776.0,23031200.0,tdx,10.346476779325437,36.70664917,True,False,True,True,True,True,False
2024-09-11,000504,61.0055,True,known,26.97516377,25.69228323,3.4672447009574,3.4672447009574,323651136.0,39137500.0,tdx,8.269591465985307,28.67269719,False,False,True,True,True,False,False
2024-09-11,600148,52.6785,True,known,42.89432026,38.59341916,2.8672673969573,2.8672673969573,417146720.0,26481300.0,tdx,15.752501576584232,45.16663419,False,False,True,True,True,False,False
2024-09-12,002058,54.2254,True,known,18.67330791,18.53021743,2.3848413684245,2.3848413684245,120778232.0,15423800.0,tdx,7.83064043880237,18.67483526,False,False,True,True,True,False,False
2024-09-13,603399,21.7778,True,known,9.865931073,9.762854182,1.4725270258834,1.4725270258834,358629472.0,52089200.0,tdx,6.884910346098615,10.13821656,False,False,True,True,True,False,False
2024-09-18,002163,38.1496,True,known,28.64439747,28.13122423,4.6652113149422,4.6652113149422,285012000.0,44903100.0,tdx,6.347267783293359,29.61134548,False,False,False,False,False,False,False
2024-09-18,002265,44.377,True,known,8.914404357,8.814129843,1.0027451470713,1.0027451470713,161241840.0,18134500.0,tdx,8.891441175659654,8.915849489,False,False,True,True,True,False,False
2024-09-18,600178,44.6744,True,known,18.76503192,18.50679753,2.1519532017169,2.1519532017169,500550272.0,56298000.0,tdx,8.891084443497105,19.13319763,False,False,True,True,True,False,False
2024-09-19,600449,44.8997,True,known,43.48036194,43.1275801,4.4097730165064,4.4097730165064,227934432.0,23088600.0,tdx,9.87216340531691,43.5339998,False,False,True,True,True,False,False
2024-09-23,002848,12.4109,True,known,7.123611997,7.113592853,1.0019144862795,1.0019144862795,175896976.0,24516400.0,tdx,7.1746657747467,7.188401574,False,False,True,False,False,False,False
2024-09-23,600379,19.0909,True,known,25.40898792,25.74664889,2.8138414088849,2.8138414088849,275710816.0,29437600.0,tdx,9.365940701687638,26.35427178,False,False,False,True,True,False,False
2024-09-23,603068,39.2483,True,known,19.90604476,19.90604476,1.0171714235524,1.0171714235524,250165264.0,12578400.0,tdx,19.888480569865802,20.22999409,False,False,False,True,True,False,False
2024-09-24,002313,37.8113,True,known,17.57662507,17.49599835,2.6875573498775,2.6875573498775,276449024.0,41668100.0,tdx,6.634548347536844,17.83072917,False,False,True,True,True,False,False
2024-09-24,002803,14.1772,True,known,35.13010023,35.13010023,3.1450403069969,3.1450403069969,403038048.0,35857800.0,tdx,11.23989893412312,35.34993519,False,False,False,True,True,False,False
2024-09-24,002990,12.0,True,known,41.42770263,41.46919257,2.0744968767428,2.0744968767428,286846240.0,14215000.0,tdx,20.179123461132605,41.8615286,False,False,False,False,False,False,False
2024-09-24,605398,15.4859,True,known,48.03920396,47.19641091,2.8093101730821,2.8093101730821,255023008.0,14703300.0,tdx,17.34461025756123,48.72639004,False,False,False,False,False,False,False
2024-09-25,002268,15.4054,True,known,123.5442068,121.6567258,8.5794588042659,8.5794588042659,989980352.0,67697800.0,tdx,14.623523245954816,125.4619153,False,False,True,True,True,False,False
2024-09-25,002868,35.5372,True,known,17.20589681,17.20589681,1.378677629031,1.378677629031,72322704.0,5799100.0,tdx,12.471366936248728,17.1939946,True,True,False,True,True,True,True
2024-09-26,000555,18.5496,True,known,31.622379,30.79523427,3.1813258548373,3.1813258548373,919772864.0,89429300.0,tdx,10.284916285825787,32.71967009,False,False,False,False,False,False,False
2024-09-26,000697,28.0,True,known,23.56064083,23.14464236,3.781804306846,3.781804306846,214904016.0,34451600.0,tdx,6.23785298795992,23.5903393,False,False,False,False,False,False,False
2024-09-26,001206,29.4897,True,known,28.78704285,28.34107782,2.2298251630232,2.2298251630232,137249456.0,10666300.0,tdx,12.867578823022042,28.69245105,True,False,True,True,True,True,False
2024-09-26,002952,35.3923,True,known,53.72906659,53.08884856,2.4623770205242,2.4623770205242,550679232.0,24493500.0,tdx,22.482668136444364,55.36080538,False,False,True,True,True,False,False
2024-09-26,600830,13.5211,True,known,107.8418701,104.5533168,11.3398391273183,11.3398391273183,895741056.0,91034300.0,tdx,9.839599535559673,111.5794758,False,False,False,False,False,False,False
2024-09-27,002790,25.2273,True,known,24.26744859,23.89362397,3.1152052106588,3.1152052106588,197511760.0,26316800.0,tdx,7.5051586819066145,23.38010943,True,True,True,True,True,True,True
2024-10-08,001212,8.8344,True,known,31.60695728,34.60761778,1.333626889416,1.333626889416,204488544.0,8925400.0,tdx,22.910854863647568,30.55453211,True,True,False,True,True,True,True
2024-10-08,603816,0.0,True,known,66.80270107,72.80139872,2.1500708421776,2.1500708421776,1137442048.0,36489000.0,tdx,31.172190194305134,67.02241722,False,False,False,True,True,False,False
2024-10-09,002690,6.5814,True,known,95.85594444,94.08186103,5.5440106675373,5.5440106675373,343184096.0,19956400.0,tdx,17.196693592030627,95.33865272,True,False,False,False,False,True,False
2024-10-09,002749,26.4336,True,known,100.4412128,97.5403835,7.252073122921501,7.252073122921501,325219968.0,23271300.0,tdx,13.9751525699037,101.3488283,False,False,True,True,True,False,False
2024-10-09,003037,16.5421,True,known,6.821463444,6.57303382,1.0351234361629,1.0351234361629,259612288.0,39347700.0,tdx,6.5979024949361715,6.829643502,False,False,True,True,True,False,False
2024-10-09,603507,12.971,True,known,34.70873312,34.69512186,1.3611267891457,1.3611267891457,452279296.0,17385200.0,tdx,26.015190851989047,35.40997319,False,False,False,False,False,False,False
2024-10-14,000151,40.8796,True,known,34.70780869,34.15601523,2.7589673047937,2.7589673047937,671204224.0,50729700.0,tdx,13.230991391630544,36.50387266,False,False,False,False,False,False,False
2024-10-14,002116,43.5424,True,known,49.08131593,48.46364206,4.7513374571168,4.7513374571168,499041472.0,46664300.0,tdx,10.69428818175779,50.81217202,False,False,False,False,False,False,False
2024-10-14,002287,52.0626,True,known,37.74754486,37.71484885,1.6348005568687,1.6348005568687,246034272.0,10756800.0,tdx,22.87244087460955,37.39187908,True,True,True,True,True,True,True
2024-10-14,002989,54.2122,True,known,28.75185641,28.67294006,1.3152724797422,1.3152724797422,420637504.0,17803000.0,tdx,23.627338313767343,31.07638785,False,False,True,True,True,False,False
2024-10-14,603860,38.0235,True,known,30.28795886,29.98715379,1.0372588650974,1.0372588650974,429983232.0,13329300.0,tdx,32.25850059643042,33.46041572,False,False,False,False,False,False,False
2024-10-15,600415,16.92,True,known,466.5951831,466.5951831,43.203257698853,43.203257698853,4760134144.0,418157900.0,tdx,11.38358056609716,491.8077647,False,False,False,True,True,False,False
2024-10-16,003042,16.2451,True,known,19.18152716,18.90487051,1.3174125794379,1.3174125794379,180438064.0,12111600.0,tdx,14.89795435780574,19.62675248,False,False,True,True,True,False,False
2024-10-18,600198,45.3374,True,known,15.52996826,15.02197865,1.814248628672,1.814248628672,1348805632.0,151394300.0,tdx,8.909223345925177,16.16354624,False,False,True,True,True,False,False
2024-10-22,002845,9.98,True,known,42.98762116,42.3529046,2.8850752455072,2.8850752455072,1048465856.0,69212200.0,tdx,15.14856999199563,43.70476429,False,False,False,False,False,False,False
2024-10-22,603011,8.2569,True,known,15.07246796,14.90452959,2.0992295202396,2.0992295202396,550044992.0,76288300.0,tdx,7.21008322377088,15.13561955,False,False,True,True,True,False,False
2024-10-22,603212,21.3808,True,known,12.49979141,12.15257498,1.0212247883921,1.0212247883921,567184832.0,46283200.0,tdx,12.254658969129187,12.51476151,False,False,True,True,True,False,False
2024-10-23,002085,16.2289,True,known,141.9819564,135.798215,8.1365017987868,8.1365017987868,8825546752.0,486503700.0,tdx,18.140759776338804,147.6023246,False,False,True,True,True,False,False
2024-10-23,002369,10.4038,True,known,29.2128145,28.52545416,4.2960021321814,4.2960021321814,1060775552.0,149799000.0,tdx,7.081325990160148,30.42139155,False,False,False,False,False,False,False
2024-10-23,002456,12.3214,True,known,273.7792143,262.1246847,20.446543266247,20.446543266247,17009769472.0,1270459400.0,tdx,13.388676152893984,273.7521462,True,False,False,False,False,True,False
2024-10-23,600316,8.3342,True,known,142.5103338,138.7288192,4.3971099589568,4.3971099589568,2334702080.0,71087200.0,tdx,32.84279138860442,144.4133651,False,False,False,False,False,False,False
2024-10-23,600855,14.1485,True,known,19.9057868,19.74127617,1.6451063475193,1.6451063475193,671570816.0,53884100.0,tdx,12.46324641220694,20.50336578,False,False,True,True,True,False,False
2024-10-24,000810,13.9455,True,known,74.72594638,71.14626032,5.5932594595031,5.5932594595031,2715145216.0,196322700.0,tdx,13.830011588063938,77.35484314,False,False,False,False,False,False,False
2024-10-24,001202,31.6431,True,known,14.35338826,14.11578514,1.0800141655528,1.0800141655528,155551152.0,11083400.0,tdx,14.034605987332407,15.15757327,False,False,True,True,True,False,False
2024-10-24,603630,15.6226,True,known,16.81486614,16.61687781,1.4142023669207,1.4142023669207,207795248.0,17076500.0,tdx,12.168491669838668,17.20870972,False,False,True,True,True,False,False
2024-10-24,603955,10.4262,True,known,12.57397541,12.4932004,1.3462500433689,1.3462500433689,141399664.0,15122200.0,tdx,9.350469111637196,12.58806945,False,False,False,False,False,False,False
2024-10-25,000626,4.6309,True,known,66.14049032,69.98711012,10.6850549797103,10.6850549797103,304936096.0,47201100.0,tdx,6.460359949238471,69.02930125,False,False,False,False,False,False,False
2024-10-25,002846,12.1622,True,known,20.87159848,20.76578556,2.6453230014281,2.6453230014281,269667680.0,34117100.0,tdx,7.904179429083949,20.90910765,False,False,True,True,True,False,False
2024-10-28,002626,14.4906,True,known,138.0092907,136.6917796,8.234444551424499,8.234444551424499,840427904.0,49143100.0,tdx,17.10164609070246,140.8225565,False,False,False,False,False,False,False
2024-10-28,002728,14.6488,True,known,48.08946549,46.69631574,5.1598138937003,5.1598138937003,865344896.0,91044500.0,tdx,9.504636699635892,49.0421565,False,False,True,True,True,False,False
2024-10-28,603079,14.094,True,known,27.53443854,28.05200317,2.0702585368901,2.0702585368901,282377472.0,21076700.0,tdx,13.397613098824769,27.73652289,False,False,False,True,True,False,False
2024-10-28,603739,13.8557,True,known,20.63627283,20.15157746,1.4687738672422,1.4687738672422,636565888.0,45421400.0,tdx,14.014669032658615,20.58437963,True,False,True,False,False,True,False
2024-10-29,000009,8.2997,True,known,103.1515784,102.8457931,10.1928437154366,10.1928437154366,1392311680.0,136739900.0,tdx,10.182190275113555,103.7854742,False,False,True,True,True,False,False
2024-10-29,002068,13.3585,True,known,42.76910726,42.88824127,5.956700176181,5.956700176181,635938112.0,89876200.0,tdx,7.075712057252087,42.14789526,True,True,False,True,True,True,True
2024-10-29,002805,4.1667,True,known,28.85868433,28.90112357,2.1219620828052,2.1219620828052,651792512.0,48136100.0,tdx,13.540617374486093,28.73267665,True,True,False,False,False,False,False
2024-10-29,002931,3.9126,True,known,26.50766323,27.20645928,2.3293201434976,2.3293201434976,324463392.0,28712500.0,tdx,11.300422882020026,26.32230265,True,True,False,False,False,False,False
2024-10-29,603028,8.0,True,known,10.12816066,10.02112594,1.3379340369756,1.3379340369756,226359088.0,30330900.0,tdx,7.46298619559591,9.984983249,True,True,True,False,False,True,True
2024-10-30,000936,15.5714,True,known,50.49329031,51.09599537,6.6967228529738,6.6967228529738,1054790080.0,131962400.0,tdx,7.993110764884543,53.52764753,False,False,False,False,False,False,False
2024-10-30,001211,54.2997,True,known,21.09829991,19.98676958,1.03881338787,1.03881338787,263529216.0,12235600.0,tdx,21.53790709078427,22.37386623,False,False,True,True,True,False,False
2024-10-30,001332,7.3481,True,known,50.75682606,50.75682606,1.474631785623,1.474631785623,175244496.0,4963600.0,tdx,35.30592634378274,52.06324121,False,False,False,False,False,False,False
2024-10-30,002212,7.0138,True,known,22.37445293,22.47287427,3.2807115728433,3.2807115728433,1109495424.0,160397700.0,tdx,6.917152951694445,22.69318374,False,False,False,False,False,False,False
2024-10-30,603788,15.665,True,known,30.29385363,29.29837262,1.9519235587887,1.9519235587887,511550624.0,31966100.0,tdx,16.00291008286904,31.2364572,False,False,True,True,True,False,False
2024-10-30,603790,12.8474,True,known,16.50759206,16.05096965,1.3837042798738,1.3837042798738,272013376.0,22433400.0,tdx,12.1253744862571,16.77793257,False,False,False,False,False,False,False
2024-10-31,001283,29.5441,True,known,47.13576384,46.67813506,1.0169528336526,1.0169528336526,223972848.0,4859400.0,tdx,46.090638350413634,46.87200528,True,False,True,True,True,True,False
2024-10-31,002153,26.4116,True,known,347.1583858,340.9432741,44.3936554794836,44.3936554794836,808647616.0,104773600.0,tdx,7.718047447066819,342.6323393,True,False,True,True,True,True,False
2024-10-31,002451,9.4198,True,known,22.34033242,22.1562088,3.0687269809825,3.0687269809825,676315840.0,91374200.0,tdx,7.401606142652959,22.71350847,False,False,False,False,False,False,False
2024-10-31,002657,10.7435,True,known,64.72336982,65.08739327,3.6402345231313,3.6402345231313,1599483776.0,88050200.0,tdx,18.16558935698045,66.12700551,False,False,False,False,False,False,False
2024-11-01,000948,12.0202,True,known,57.6148451,55.0427538,2.5720912988919,2.5720912988919,2559133952.0,113803300.0,tdx,22.487343969814585,57.83950176,False,False,True,True,True,False,False
2024-11-01,603159,8.9684,True,known,19.29815111,19.26797417,1.5088468420295,1.5088468420295,137876064.0,10581300.0,tdx,13.030163023447024,19.66052033,False,False,False,False,False,False,False
2024-11-01,603330,9.1406,True,known,35.59650161,34.32140305,5.3129106887486,5.3129106887486,453863392.0,67937700.0,tdx,6.680582239316315,35.49333679,True,False,True,True,True,True,False
2024-11-01,605303,4.6643,True,known,8.50472302,8.463884014,1.0209751524222,1.0209751524222,115330912.0,13877400.0,tdx,8.3107002752677,8.48501848,True,False,False,False,False,True,False
2024-11-04,000559,13.8636,True,known,261.5614096,261.1462328,41.5176840632061,41.5176840632061,1016204928.0,155363200.0,tdx,6.540834174373339,271.5602868,False,False,False,False,False,False,False
2024-11-04,002199,44.4741,True,known,25.72793338,23.75291291,2.6333606330464,2.6333606330464,516528224.0,48910200.0,tdx,10.560746510952725,27.81025412,False,False,True,True,True,False,False
2024-11-04,002222,12.8889,True,known,93.41390047,92.69625206,2.9902016794438,2.9902016794438,4214519040.0,128137400.0,tdx,32.890623970831314,98.34959904,False,False,False,False,False,False,False
2024-11-04,002553,17.0294,True,known,56.47003694,57.35008946,4.8891806870219,4.8891806870219,860473216.0,69599600.0,tdx,12.363191972367657,60.44587942,False,False,False,False,False,False,False
2024-11-04,002735,39.0058,True,known,36.70272388,35.77223229,3.4462651527741,3.4462651527741,1160886656.0,103448500.0,tdx,11.22188002725994,38.67357409,False,False,False,False,False,False,False
2024-11-04,002919,15.1913,True,known,51.13652767,51.37532399,3.4113760951132,3.4113760951132,527497472.0,34578300.0,tdx,15.255159218353707,52.04108548,False,False,False,False,False,False,False
2024-11-04,600686,74.9398,True,known,189.2374729,182.5316801,13.4115856055117,13.4115856055117,2524212736.0,170214800.0,tdx,14.829572610607304,198.8880826,False,False,True,True,True,False,False
2024-11-04,600864,39.0814,True,known,78.11004639,74.7185654,10.5983780713659,10.5983780713659,2312071680.0,292967700.0,tdx,7.891899618968234,83.64133586,False,False,False,False,False,False,False
2024-11-04,603201,9.7885,True,known,37.12284508,36.93906862,2.0419606757131,2.0419606757131,161748800.0,8792400.0,tdx,18.396433283290115,37.56479334,False,False,False,False,False,False,False
2024-11-04,603217,9.0857,True,known,43.86519425,44.47989708,2.4588113366792,2.4588113366792,203040656.0,11029500.0,tdx,18.40887220635568,45.26394368,False,False,False,False,False,False,False
2024-11-04,603261,13.0525,True,known,35.76552534,35.78573185,1.0103255745005,1.0103255745005,466196512.0,12770100.0,tdx,36.50688029067901,36.8838348,False,False,False,False,False,False,False
2024-11-04,603628,42.6773,True,known,15.91463654,15.62584209,1.0314087191372,1.0314087191372,1023148160.0,62315600.0,tdx,16.418812624768115,16.9345065,False,False,False,False,False,False,False
2024-11-05,000831,15.969,True,known,142.3624612,136.118126,4.1908290024048,4.1908290024048,5917289472.0,172023100.0,tdx,34.398226005693424,144.1570832,False,False,True,True,True,False,False
2024-11-05,002536,12.6797,True,known,65.35495219,64.79731608,5.5763611085329,5.5763611085329,1022624576.0,84669400.0,tdx,12.077853108679168,67.35047035,False,False,True,True,True,False,False
2024-11-05,600111,13.4338,True,known,481.2176079,467.6991259,20.1768389070424,20.1768389070424,7304769024.0,301919500.0,tdx,24.194426077149704,488.1670374,False,False,False,False,False,False,False
2024-11-05,600366,13.4385,True,known,98.80654699,95.23819099,12.3046758387642,12.3046758387642,1183409408.0,149199100.0,tdx,7.931746290694783,97.59756694,True,False,False,False,False,True,False
2024-11-06,000818,13.1969,True,known,41.6901803,41.79519335,2.1002609725428,2.1002609725428,907889216.0,45824400.0,tdx,19.812353593282182,41.61111303,True,True,False,True,True,True,True
2024-11-06,002527,4.3151,True,known,23.00074216,22.83305753,2.7947438836401,2.7947438836401,718952512.0,88034200.0,tdx,8.166741016559474,22.82394951,True,True,False,False,False,False,False
2024-11-06,002806,10.082,True,known,20.98103379,21.37853278,1.7282564901373,1.7282564901373,338514112.0,28062600.0,tdx,12.062820693734722,20.84764815,True,True,False,False,False,True,True
2024-11-06,002824,4.8883,True,known,41.49663038,41.49663038,2.1944278362288,2.1944278362288,666664768.0,34933000.0,tdx,19.08409721466808,41.87867416,False,False,False,False,False,False,False
2024-11-06,002887,0.0,True,known,35.82689675,37.53937735,4.5065278929414,4.5065278929414,277807168.0,34945400.0,tdx,7.949749265997814,35.82576681,True,True,False,False,False,False,False
2024-11-06,002979,8.0263,True,known,47.25651199,46.59244989,1.5443304571206,1.5443304571206,1892550272.0,61792200.0,tdx,30.627656435601903,47.29922266,False,False,True,False,False,False,False
2024-11-06,600192,23.416,True,known,13.26037455,13.26037455,1.7775301006026,1.7775301006026,399805568.0,53169600.0,tdx,7.519439077969366,13.3660293,False,False,False,True,True,False,False
2024-11-06,603083,1.7309,True,known,103.4724548,108.0120936,2.236275229037,2.236275229037,4232287232.0,92255600.0,tdx,45.875667515034316,102.5906189,True,True,False,False,False,False,False
2024-11-06,605218,6.6097,True,known,26.99597775,26.7276691,1.0319563359755,1.0319563359755,745460544.0,28516400.0,tdx,26.14146750641736,26.97685302,True,False,True,False,False,False,False
2024-11-07,000007,12.2697,True,known,97.60434033,92.7843729,12.0499185589379,12.0499185589379,487917408.0,58129000.0,tdx,8.393700356104526,101.1434057,False,False,True,True,True,False,False
2024-11-07,000997,5.9113,True,known,251.4261707,247.7686337,11.798506368963,11.798506368963,1604371840.0,74627700.0,tdx,21.498342304533036,253.6483286,False,False,False,False,False,False,False
2024-11-07,002436,11.7927,True,known,161.459907,158.2333977,13.4437890957015,13.4437890957015,3938601984.0,321174700.0,tdx,12.263114074676492,164.8627193,False,False,False,False,False,False,False
2024-11-07,002560,12.1405,True,known,29.54800912,29.1179071,4.3010202507531,4.3010202507531,587233216.0,83477300.0,tdx,7.034645538367916,30.25615292,False,False,True,True,True,False,False
2024-11-07,003021,0.1005,True,known,127.9560838,133.5934225,2.300954573144,2.300954573144,1246859136.0,21980200.0,tdx,56.726469094912694,130.5250285,False,False,False,False,False,False,False
2024-11-07,603166,9.27,True,known,11.6002135,11.25534229,1.5675964191802,1.5675964191802,485416704.0,65778800.0,tdx,7.379531155934739,11.56812662,True,False,False,False,False,True,False
2024-11-08,000697,10.1455,True,known,36.41877547,36.79695591,3.781804306846,3.781804306846,683796160.0,69878600.0,tdx,9.785487402437942,37.0067984,False,False,False,True,True,False,False
2024-11-08,000881,9.3506,True,known,42.53225056,42.53225056,5.112049346272,5.112049346272,734826880.0,87344300.0,tdx,8.412991803700985,43.00762925,False,False,False,False,False,False,False
2024-11-08,002617,9.931,True,known,58.47902363,57.85357952,7.8180512867648,7.8180512867648,2425348352.0,319685600.0,tdx,7.586667500819555,59.31295562,False,False,True,False,False,False,False
2024-11-08,002805,3.7241,True,known,32.89041228,33.37846356,2.1219620828052,2.1219620828052,1077862784.0,68184300.0,tdx,15.808078751266788,33.54414371,False,False,False,False,False,False,False
2024-11-08,600855,14.6866,True,known,22.86697823,22.37344633,1.6451063475193,1.6451063475193,1044934848.0,73994900.0,tdx,14.121714442481847,23.23172207,False,False,True,True,True,False,False
2024-11-11,000798,16.2857,True,known,18.61654745,18.52438632,2.3040281493891,2.3040281493891,302667552.0,36648600.0,tdx,8.258638856600252,19.0281364,False,False,False,False,False,False,False
2024-11-11,000799,7.6974,True,known,135.061154,131.4250607,2.1904176776401,2.1904176776401,2796297728.0,45024300.0,tdx,62.10641204860487,136.0389828,False,False,False,False,False,False,False
2024-11-11,000833,0.0,True,known,14.76436794,16.00333588,2.0649465650499,2.0649465650499,669816704.0,95092600.0,tdx,7.043836260655404,14.54514549,True,True,False,False,False,True,True
2024-11-11,000860,13.2934,True,known,64.30129403,61.41134823,3.0103602075502,3.0103602075502,1818585088.0,84463300.0,tdx,21.53106838117857,64.81627148,False,False,False,False,False,False,False
2024-11-11,002036,8.1773,True,known,80.15924315,80.65712665,7.1126213972744,7.1126213972744,2507480832.0,219428400.0,tdx,11.427330427601897,81.27827491,False,False,False,False,False,False,False
2024-11-11,002279,2.9226,True,known,72.98971623,75.98929361,9.9985912639324,9.9985912639324,1537258112.0,206315200.0,tdx,7.451017239641093,74.49967588,False,False,False,False,False,False,False
2024-11-11,002291,9.1815,True,known,10.92581186,10.92581186,1.7260366288837,1.7260366288837,920987328.0,141604700.0,tdx,6.503931917514037,11.22602472,False,False,False,False,False,False,False
2024-11-11,002942,12.1543,True,known,21.38756817,22.50269538,1.4296502784421,1.4296502784421,153642032.0,9945300.0,tdx,15.448707630740149,22.08624917,False,False,False,False,False,False,False
2024-11-11,002982,5.9236,True,known,27.97150257,27.98567254,1.4169960777338,1.4169960777338,229651712.0,11559400.0,tdx,19.867096216066578,28.15159741,False,False,False,False,False,False,False
2024-11-11,603006,14.8993,True,known,28.43398932,27.74797793,2.3655565156797,2.3655565156797,334214176.0,27413000.0,tdx,12.191813227300916,28.84042322,False,False,True,True,True,False,False
2024-11-11,603118,13.6364,True,known,22.93614799,22.78255772,2.5598379455279,2.5598379455279,888381824.0,95469300.0,tdx,9.305418851924127,23.82036428,False,False,False,False,False,False,False
2024-11-11,603499,4.3535,True,known,57.69559605,58.31900611,2.0110002107715,2.0110002107715,605604352.0,20614000.0,tdx,29.37830367711264,59.07977489,False,False,False,False,False,False,False
2024-11-11,603536,56.6007,True,known,21.85943055,21.16998655,2.0277764892685,2.0277764892685,529742304.0,45669800.0,tdx,11.599400566676447,23.52099176,False,False,True,True,True,False,False
2024-11-12,002796,10.7143,True,known,29.89417777,29.31483324,2.317378121632,2.317378121632,785102656.0,60107000.0,tdx,13.06175081105362,30.26901556,False,False,True,True,True,False,False
2024-11-13,002077,9.2157,True,known,26.92640617,26.86761489,1.4697819961494,1.4697819961494,3111567616.0,166715100.0,tdx,18.663981942847407,27.43198464,False,False,False,False,False,False,False
2024-11-13,002407,9.9121,True,known,117.9116946,115.9313723,8.2513432212272,8.2513432212272,2006717952.0,137125600.0,tdx,14.634159865116361,120.7514758,False,False,False,False,False,False,False
2024-11-13,002811,49.3778,True,known,17.64968816,17.16613506,1.859819616135,1.859819616135,234368880.0,24225400.0,tdx,9.674510224805369,17.99284389,False,False,True,True,True,False,False
2024-11-13,600732,3.4604,True,known,113.2791922,114.52783,6.9368764390081,6.9368764390081,3401852672.0,203492600.0,tdx,16.71732864978874,115.9660432,False,False,False,False,False,False,False
2024-11-13,601858,12.1101,True,known,29.01597699,28.74267108,1.1387746071706,1.1387746071706,1428969472.0,54160700.0,tdx,26.38388115367785,30.0452939,False,False,False,False,False,False,False
2024-11-13,603000,8.6275,True,known,113.5016378,112.4165361,4.3404067985399,4.3404067985399,4238996412.0,158925543.0,tdx,26.672845232940308,115.7709988,False,False,False,False,False,False,False
2024-11-13,603138,5.1324,True,known,56.49665279,57.24330459,3.1110491623785,3.1110491623785,554697600.0,29725800.0,tdx,18.660476757564137,58.05366059,False,False,False,False,False,False,False
2024-11-13,603159,6.6207,True,known,22.84394119,22.90429506,1.5088468420295,1.5088468420295,132401752.0,8522000.0,tdx,15.536464679652664,23.44214567,False,False,False,False,False,False,False
2024-11-13,603421,9.8485,True,known,11.11115972,10.81004428,1.5055771977202,1.5055771977202,436718112.0,58600300.0,tdx,7.45248935585654,11.22029804,False,False,False,False,False,False,False
2024-11-13,603928,13.1852,True,known,15.57068925,15.50920578,1.5370867969654,1.5370867969654,301188480.0,28362500.0,tdx,10.619250066108417,16.32270907,False,False,False,False,False,False,False
2024-11-13,603956,39.145,True,known,6.543858259,6.47938675,1.0745251657561,1.0745251657561,167278816.0,27081200.0,tdx,6.176935143198972,6.637272259,False,False,True,True,True,False,False
2024-11-13,605389,9.308,True,known,36.52564197,36.54070409,1.5062120401637,1.5062120401637,159200112.0,6465200.0,tdx,24.62415888139578,37.08920459,False,False,False,False,False,False,False
2024-11-14,000516,36.0944,True,known,277.5021338,273.9614367,44.258713521857906,44.258713521857906,941759424.0,150207900.0,tdx,6.269706347003054,277.4891371,True,False,False,False,False,False,False
2024-11-14,000550,37.9777,True,known,107.926394,106.0932493,3.8190514507018,3.8190514507018,1193456693.0,42876492.0,tdx,27.834756001027323,106.3023653,True,False,False,False,False,False,False
2024-11-14,002846,51.8644,True,known,23.56982794,22.80268427,2.6453230014281,2.6453230014281,381653344.0,43512400.0,tdx,8.771139813018818,23.2024979,True,False,True,True,True,True,False
2024-11-14,002853,7.1698,True,known,28.62595181,28.73286479,2.6728246317967,2.6728246317967,149668544.0,13896000.0,tdx,10.770620610247553,28.78798007,False,False,False,False,False,False,False
2024-11-14,002857,10.9339,True,known,21.44551463,21.26557515,1.6358134731881,1.6358134731881,239492112.0,18306900.0,tdx,13.082068072693902,21.39982321,True,False,False,False,False,False,False
2024-11-14,600817,43.0694,True,known,61.5095361,60.56629059,4.9644500486668,4.9644500486668,386002656.0,31262400.0,tdx,12.347185628742515,61.2969863,True,False,True,True,True,True,False
2024-11-14,600857,26.8709,True,known,45.46265877,44.11344439,5.8661495192847,5.8661495192847,187870112.0,23827000.0,tdx,7.8847572921475635,46.2531652,False,False,False,False,False,False,False
2024-11-14,603958,20.3317,True,known,15.36115995,15.35083659,1.0323360180133,1.0323360180133,403472960.0,25780600.0,tdx,15.650254842788764,16.15632177,False,False,False,False,False,False,False
2024-11-15,002238,15.6236,True,known,35.4391045,33.756336,3.3655369893538,3.3655369893538,1100412544.0,105510500.0,tdx,10.429412655612474,35.10057407,True,False,False,False,False,True,False
2024-11-15,002291,37.7662,True,known,11.52992468,11.11567589,1.7260366288837,1.7260366288837,1530960256.0,216404800.0,tdx,7.074520786969605,12.21088201,False,False,True,True,True,False,False
2024-11-15,002400,34.3957,True,known,143.3644484,142.6128654,18.7895738377673,18.7895738377673,3920953461.0,487144802.0,tdx,8.048845938419763,151.2343851,False,False,False,False,False,False,False
2024-11-15,600104,13.748,True,known,184.1759002,178.4479416,11.0153050378603,11.0153050378603,5592655872.0,345733600.0,tdx,16.176200033783235,178.1857777,True,True,False,False,False,True,True
2024-11-15,600135,59.2159,True,known,20.8048749,20.07743172,2.909772712833,2.909772712833,433779360.0,56714100.0,tdx,7.648527614825943,22.25547695,False,False,True,True,True,False,False
2024-11-15,601949,27.8953,True,known,9.047818531,8.978751214,1.151121950539,1.151121950539,1188982144.0,142642500.0,tdx,8.335398944914735,9.595060692,False,False,False,False,False,False,False
2024-11-15,603039,5.7669,True,known,197.7085575,197.8589062,3.7587178224867,3.7587178224867,563883264.0,10550800.0,tdx,53.44459794517951,200.8831628,False,False,False,False,False,False,False
2024-11-15,603324,28.2963,True,known,35.1740275,34.93862542,1.2389583480568,1.2389583480568,476646880.0,15964100.0,tdx,29.85742259194067,36.99210297,False,False,False,False,False,False,False
2024-11-15,603535,14.5872,True,known,26.20391906,26.07022559,2.2282244095416,2.2282244095416,232954368.0,19017900.0,tdx,12.24921615951288,27.29400244,False,False,False,False,False,False,False
2024-11-15,603716,17.8105,True,known,32.15595337,30.95715686,3.5258720795619,3.5258720795619,602753664.0,65460500.0,tdx,9.207898870311103,32.46587354,False,False,False,False,False,False,False
2024-11-19,603079,12.2759,True,known,34.78034342,35.29790805,2.0702585368901,2.0702585368901,602943424.0,33497000.0,tdx,17.99992309759083,37.26449446,False,False,False,True,True,False,False
2024-11-19,605577,22.0996,True,known,16.9373983,16.75307353,1.0240264991562,1.0240264991562,740746944.0,42779600.0,tdx,17.31542473515414,17.73145377,False,False,True,True,True,False,False
2024-11-20,002140,8.2909,True,known,101.2448313,100.2424072,9.1129461079943,9.1129461079943,1040881792.0,90355700.0,tdx,11.51982433869695,104.9795384,False,False,True,True,True,False,False
2024-11-20,002912,36.867,True,known,72.91891756,71.31981849,2.6651651155611,2.6651651155611,405536608.0,15383700.0,tdx,26.361448026157557,70.25761167,True,True,True,True,True,True,True
2024-11-21,002815,6.1456,True,known,24.93492814,24.93492814,2.3479216705577,2.3479216705577,1286068864.0,120166500.0,tdx,10.702390965868192,25.12837568,False,False,False,False,False,False,False
2024-11-21,002905,10.4833,True,known,17.93630428,17.70366738,2.3263689072714,2.3263689072714,324895936.0,42461300.0,tdx,7.651577695454449,17.80039244,True,False,True,True,True,True,False
2024-11-21,002962,7.6208,True,known,26.5887897,26.6506241,1.5458598664585,1.5458598664585,1033892544.0,59588300.0,tdx,17.350596409026604,26.82159065,False,False,False,True,True,False,False
2024-11-22,001300,0.0,True,known,13.24241515,13.76487766,1.0047355958958,1.0047355958958,314727422.0,23928364.0,tdx,13.152901803065182,13.21518863,True,True,False,False,False,True,True
2024-11-22,002006,11.9847,True,known,130.9516702,131.5042089,7.8934098981653,7.8934098981653,1516304512.0,87792200.0,tdx,17.27151742409918,136.3311666,False,False,False,False,False,False,False
2024-11-22,002848,38.4727,True,known,10.07925973,10.03918315,1.0019144862795,1.0019144862795,297328512.0,29367100.0,tdx,10.12454454134048,10.14392784,False,False,True,True,True,False,False
2024-11-22,002915,6.1927,True,known,27.29758074,27.56090146,2.1943392880399,2.1943392880399,566506176.0,44934700.0,tdx,12.607320756564526,27.66473925,False,False,False,False,False,False,False
2024-11-22,603025,6.3063,True,known,47.73421892,48.14170616,2.9106231051135,2.9106231051135,785268736.0,47200200.0,tdx,16.636978995851713,48.42397546,False,False,False,False,False,False,False
2024-11-22,603217,6.2665,True,known,48.95493371,48.21729031,2.4588113366792,2.4588113366792,197824608.0,10085300.0,tdx,19.615143624879774,48.22993752,True,False,False,False,False,True,False
2024-11-22,603662,8.4013,True,known,115.1015776,113.0910697,2.5131348816389,2.5131348816389,1996468224.0,42814700.0,tdx,46.630438237334374,117.1885809,False,False,False,False,False,False,False
2024-11-22,603895,16.3979,True,known,32.89198894,31.63506021,1.4122794737713,1.4122794737713,336016224.0,14234500.0,tdx,23.605762337981663,33.33793361,False,False,True,True,True,False,False
2024-11-25,002331,11.9626,True,known,45.97076124,47.37362484,5.3956292531958,5.3956292531958,629354624.0,70887700.0,tdx,8.878192182846954,47.90343346,False,False,False,False,False,False,False
2024-11-25,002734,13.1006,True,known,29.78712274,29.64391542,3.5801830220954,3.5801830220954,384451360.0,45116300.0,tdx,8.521340624120329,30.50795903,False,False,True,True,True,False,False
2024-11-25,002950,8.6118,True,known,16.61502687,16.33481312,1.648316157892,1.648316157892,623672206.0,61150107.0,tdx,10.199037035209113,16.81123754,False,False,True,False,False,False,False
2024-11-25,600860,14.7844,True,known,18.3922379,18.3922379,1.6720216270764,1.6720216270764,660058624.0,57844900.0,tdx,11.410835250817271,19.07916332,False,False,False,True,True,False,False
2024-11-27,002167,35.2485,True,known,75.20652462,71.82733908,7.8585710152158,7.8585710152158,2350757888.0,228689800.0,tdx,10.279242397343475,80.78015636,False,False,False,False,False,False,False
2024-11-27,002576,42.2683,True,known,20.37240562,20.06792673,1.3839949470703,1.3839949470703,633895936.0,40560000.0,tdx,15.628598027613412,21.6299007,False,False,True,True,True,False,False
2024-11-27,002769,35.2268,True,known,39.00648476,37.4667551,5.1324322052626,5.1324322052626,510185280.0,62087600.0,tdx,8.217184751866718,42.17414366,False,False,False,False,False,False,False
2024-11-27,600689,15.5725,True,known,26.59582474,25.94224114,2.5137830565587,2.5137830565587,331674560.0,30369100.0,tdx,10.921448445953288,27.45415206,False,False,False,False,False,False,False
2024-11-27,603121,49.4546,True,known,18.20377596,18.14309671,2.0226417731449,2.0226417731449,330633984.0,35483300.0,tdx,9.318016757178729,18.84700994,False,False,False,False,False,False,False
2024-11-27,603178,49.3162,True,known,23.68845394,23.29717145,1.0575202653473,1.0575202653473,588699840.0,26156500.0,tdx,22.506827748360827,23.80142645,False,False,False,False,False,False,False
2024-11-27,603520,37.8249,True,known,31.35548053,30.96541235,3.0005244521995,3.0005244521995,534832384.0,49526800.0,tdx,10.798847977256758,32.40220741,False,False,False,False,False,False,False
2024-11-27,603758,58.783,True,known,11.34429352,11.20424051,1.2732091493602,1.2732091493602,207776032.0,22708400.0,tdx,9.149743354881894,11.64953695,False,False,True,True,True,False,False
2024-11-27,605168,31.3269,True,known,117.9464177,111.9878083,3.4049196798341,3.4049196798341,1072252352.0,30104700.0,tdx,35.61744020036738,121.2745231,False,False,False,False,False,False,False
2024-11-28,002115,34.4291,True,known,41.49889541,40.25080833,6.2404354003286,6.2404354003286,1434847872.0,209838000.0,tdx,6.837883853258227,42.67137246,False,False,True,True,True,False,False
2024-11-28,605088,7.0374,True,known,28.17954724,28.17954724,1.1116192206448,1.1116192206448,463679104.0,18637500.0,tdx,24.87882516431925,27.65578024,True,True,False,True,True,True,True
2024-11-29,002527,40.8923,True,known,27.50027982,26.27059251,2.7947438836401,2.7947438836401,1207246080.0,122205100.0,tdx,9.878851864611216,27.60886083,False,False,True,True,True,False,False
2024-11-29,002718,54.3351,True,known,42.08055548,40.97174907,2.7044058792036,2.7044058792036,273615712.0,16555200.0,tdx,16.527478496182468,44.69701001,False,False,True,True,True,False,False
2024-11-29,002829,7.8261,True,known,56.80819467,57.15085504,2.4475740918217,2.4475740918217,1078196608.0,45328300.0,tdx,23.786389694738165,58.21895115,False,False,False,False,False,False,False
2024-11-29,603706,8.5456,True,known,27.96152196,27.54512745,1.2618015324461,1.2618015324461,528881824.0,23227200.0,tdx,22.769934559481985,28.73113832,False,False,False,False,False,False,False
2024-11-29,603933,14.5277,True,known,35.13248962,35.23717523,2.0937121346023,2.0937121346023,555342912.0,31735400.0,tdx,17.499162197419917,36.63820824,False,False,False,False,False,False,False
2024-12-02,000058,51.1762,True,known,44.12886773,42.81299095,4.6995599281199,4.6995599281199,925955968.0,95778800.0,tdx,9.66765054479697,45.4337031,False,False,False,False,False,False,False
2024-12-02,002243,62.2171,True,known,16.10580212,15.87316276,1.7895335692757,1.7895335692757,829333760.0,90646600.0,tdx,9.149088437955754,16.37260089,False,False,True,True,True,False,False
2024-12-02,603256,15.8228,True,known,10.4894216,9.990420379,1.0395858874907,1.0395858874907,484914944.0,48856900.0,tdx,9.925209008348872,10.31810722,True,False,True,True,True,True,False
2024-12-02,605136,11.1627,True,known,9.517672051,9.373776361,1.027826355346,1.027826355346,603948992.0,65778800.0,tdx,9.181514287277968,9.437002366,True,False,False,False,False,True,False
2024-12-03,002870,17.25,True,known,37.91526764,36.18473851,1.0424874246966,1.0424874246966,649402816.0,17479400.0,tdx,37.15246610295548,38.73097871,False,False,True,True,True,False,False
2024-12-03,003010,10.3132,True,known,33.44036235,32.6946939,1.4339778024991,1.4339778024991,635798528.0,26077000.0,tdx,24.381582544004296,34.96264816,False,False,False,False,False,False,False
2024-12-03,603901,11.9149,True,known,38.13032345,37.74473591,4.2843060056486,4.2843060056486,912588416.0,98859400.0,tdx,9.231174941381397,39.54917824,False,False,False,False,False,False,False
2024-12-03,605300,13.9516,True,known,17.32823332,16.42819971,1.0345213923152,1.0345213923152,429951260.0,24877402.0,tdx,17.28280388764068,17.87943034,False,False,True,True,True,False,False
2024-12-04,000735,19.5791,True,known,47.44443841,44.39922414,6.0904285512577,6.0904285512577,1816840064.0,228465600.0,tdx,7.952357221393505,48.43326347,False,False,False,False,False,False,False
2024-12-04,000886,14.6381,True,known,22.63964101,21.88182876,3.1575510471459,3.1575510471459,1007790016.0,135948600.0,tdx,7.413022392286496,23.40699662,False,False,False,False,False,False,False
2024-12-04,002029,17.665,True,known,83.50681227,77.03580467,10.2714406230688,10.2714406230688,1137786368.0,134684600.0,tdx,8.447783696131555,86.77090863,False,False,False,False,False,False,False
2024-12-04,002036,49.7552,True,known,75.39378681,74.68252467,7.1126213972744,7.1126213972744,1184417920.0,110711300.0,tdx,10.698256817506433,76.09265035,False,False,True,True,True,False,False
2024-12-04,002320,16.4621,True,known,96.23399801,93.5608314,14.0692979553995,14.0692979553995,985316160.0,140887700.0,tdx,6.993627974620922,98.39543576,False,False,False,False,False,False,False
2024-12-04,002905,10.0855,True,known,19.68108096,19.33212562,2.3263689072714,2.3263689072714,409810912.0,47583100.0,tdx,8.61253075146428,20.03592375,False,False,False,False,False,False,False
2024-12-04,002915,12.3273,True,known,28.94333521,28.57029753,2.1943392880399,2.1943392880399,784730112.0,58186100.0,tdx,13.486556273749228,29.59408029,False,False,False,False,False,False,False
2024-12-04,600579,20.1481,True,known,14.67893898,14.28373678,1.8819152542373,1.8819152542373,445329600.0,56209300.0,tdx,7.922703182569433,14.90985597,False,False,True,True,True,False,False
2024-12-05,001373,25.547,True,known,30.88585995,30.73470566,1.0076952674105,1.0076952674105,293405600.0,9093400.0,tdx,32.265775177601334,32.51406895,False,False,False,False,False,False,False
2024-12-05,002279,32.6762,True,known,77.18912456,72.7897444,9.9985912639324,9.9985912639324,2244460544.0,274406500.0,tdx,8.179327180660808,81.78174929,False,False,True,True,True,False,False
2024-12-05,603081,12.5,True,known,12.74260771,12.85014027,1.0753255453421,1.0753255453421,402485984.0,32804600.0,tdx,12.269193466769904,13.19337716,False,False,False,False,False,False,False
2024-12-05,603897,13.012,True,known,30.93956699,30.74739577,1.2811414902694,1.2811414902694,489843456.0,19863700.0,tdx,24.660232283008703,31.59324674,False,False,False,False,False,False,False
2024-12-05,603949,15.481,True,known,22.1105131,21.91159499,1.5301393146795,1.5301393146795,248160400.0,16373500.0,tdx,15.15622194399487,23.19113106,False,False,False,False,False,False,False
2024-12-05,605151,25.4085,True,known,19.35315454,19.25692339,1.0692350575615,1.0692350575615,209305808.0,11037200.0,tdx,18.9636690464973,20.27661976,False,False,False,False,False,False,False
2024-12-05,605155,42.8522,True,known,23.63866087,22.75014477,2.066316509471,2.066316509471,377566112.0,31861200.0,tdx,11.850341857808242,24.48655702,False,False,True,True,True,False,False
2024-12-05,605378,12.766,True,known,30.00465235,29.47157477,1.5230787996339,1.5230787996339,361032640.0,18135600.0,tdx,19.907399810317827,30.32053861,False,False,False,False,False,False,False
2024-12-05,605398,18.4877,True,known,60.54063423,60.54063423,2.8093101730821,2.8093101730821,534393536.0,22661300.0,tdx,23.581768742305165,66.24850283,False,False,False,False,False,False,False
2024-12-06,002516,10.1767,True,known,57.8253151,55.87614718,9.281752022606701,9.281752022606701,1295295744.0,204590500.0,tdx,6.3311627079458725,58.76428227,False,False,True,True,True,False,False
2024-12-06,600841,17.3684,True,known,18.06466519,17.71103389,2.946927436432,2.946927436432,557893440.0,89814400.0,tdx,6.21162575266327,18.30521036,False,False,True,True,True,False,False
2024-12-06,603101,7.6136,True,known,18.71049294,18.68946991,2.1023025774944,2.1023025774944,229515536.0,25377200.0,tdx,9.044163107040966,19.01356741,False,False,False,False,False,False,False
2024-12-09,002115,13.7265,True,known,44.68151747,44.74392182,6.2404354003286,6.2404354003286,1663291904.0,226005600.0,tdx,7.3595163305688,45.92658624,False,False,False,False,False,False,False
2024-12-09,002313,36.6269,True,known,25.90805285,24.96740778,2.6875573498775,2.6875573498775,652369728.0,65741500.0,tdx,9.923255903805055,26.66931934,False,False,True,True,True,False,False
2024-12-09,002529,17.2982,True,known,12.14909162,12.09711689,1.2993680873006,1.2993680873006,326557152.0,34983500.0,tdx,9.334604942329955,12.12908777,True,False,False,False,False,True,False
2024-12-09,600506,18.5635,True,known,23.91751709,23.77159769,1.3265400495458,1.3265400495458,1017143296.0,52933700.0,tdx,19.2154203465845,25.49002466,False,False,True,True,True,False,False
2024-12-09,600620,11.76,True,known,2881.99393,2800.14358,430.7913199412122,430.7913199412122,311092416.0,46387800.0,tdx,6.706341236273331,2889.033593,False,False,False,False,False,False,False
2024-12-09,603598,5.6276,True,known,35.39292666,35.41305915,2.0132495255695,2.0132495255695,1261235200.0,71640500.0,tdx,17.605058591160027,35.44337586,False,False,False,False,False,False,False
2024-12-09,603721,8.1381,True,known,45.27479025,45.16686465,1.3490700313327,1.3490700313327,1132489600.0,33125500.0,tdx,34.187849240011474,46.12180285,False,False,False,False,False,False,False
2024-12-09,605298,10.1461,True,known,27.30958719,27.25579287,1.7931442674908,1.7931442674908,144005760.0,9288600.0,tdx,15.503494606291584,27.80000248,False,False,False,False,False,False,False
2024-12-10,000520,16.4324,True,known,42.63621486,43.28221812,7.1778139502564,7.1778139502564,739416704.0,125208800.0,tdx,5.905469136354633,42.38835875,True,True,False,True,True,True,True
2024-12-10,002395,7.329,True,known,58.36493199,59.15409164,3.2881651827045,3.2881651827045,652998592.0,36334500.0,tdx,17.971861233813595,59.09444838,False,False,False,False,False,False,False
2024-12-10,002713,5.8239,True,known,23.0288864,23.47969657,3.756751451266,3.756751451266,763522048.0,119910200.0,tdx,6.367448707449408,23.92092217,False,False,False,False,False,False,False
2024-12-10,603166,3.8606,True,known,12.02346454,12.38401171,1.5675964191802,1.5675964191802,448206336.0,57334400.0,tdx,7.817406931964056,12.25453911,False,False,False,False,False,False,False
2024-12-10,603488,8.4146,True,known,16.27686003,16.49410765,1.6711355267204,1.6711355267204,350131616.0,36013900.0,tdx,9.722124401967019,16.24698748,True,True,False,True,True,True,True
2024-12-10,603759,6.6892,True,known,12.37498601,12.56367702,1.5724251594844,1.5724251594844,244802288.0,30322500.0,tdx,8.073288416192597,12.69464183,False,False,False,False,False,False,False
2024-12-11,000710,11.8091,True,known,38.5364534,37.83706223,3.4969558441558,3.4969558441558,797382912.0,70804400.0,tdx,11.261770624424472,39.3819146,False,False,False,False,False,False,False
2024-12-11,000953,9.4975,True,known,17.41572493,17.15501049,2.6071444510711,2.6071444510711,412216288.0,60925200.0,tdx,6.7659406616638105,17.63978465,False,False,False,False,False,False,False
2024-12-11,001202,8.3905,True,known,17.09662424,18.07943713,1.0800141655528,1.0800141655528,251172128.0,15035600.0,tdx,16.70516161643034,18.04181118,False,False,False,False,False,False,False
2024-12-11,001217,13.8079,True,known,13.55671024,13.47373115,1.0372387333503,1.0372387333503,476523584.0,35142400.0,tdx,13.559790566381352,14.06473999,False,False,False,False,False,False,False
2024-12-11,002209,14.2072,True,known,17.72325748,17.2539744,1.5642769174929,1.5642769174929,483464960.0,42680400.0,tdx,11.327563940356697,17.7194468,True,False,False,False,False,True,False
2024-12-11,002298,12.731,True,known,20.54267098,20.41683532,3.145891420706,3.145891420706,1051959872.0,157440900.0,tdx,6.681617495834945,21.01964316,False,False,False,False,False,False,False
2024-12-11,002364,10.4444,True,known,54.65028865,54.65028865,6.6809643831456,6.6809643831456,653833728.0,78585500.0,tdx,8.32003013278531,55.58582498,False,False,False,False,False,False,False
2024-12-11,002835,10.0,True,known,43.95635045,44.23041882,2.1082182469662,2.1082182469662,854691392.0,39901500.0,tdx,21.420031627883663,45.15810153,False,False,False,False,False,False,False
2024-12-11,002877,10.7955,True,known,29.56909122,29.5972791,2.818788485947,2.818788485947,799370304.0,73194400.0,tdx,10.921194845507307,30.78453828,False,False,False,False,False,False,False
2024-12-11,003037,16.7677,True,known,7.401132569,7.21481035,1.0351234361629,1.0351234361629,440746976.0,59345000.0,tdx,7.426859482685988,7.687716308,False,False,True,True,True,False,False
2024-12-11,600618,10.2376,True,known,307.5466005,307.2675201,27.9080399691507,27.9080399691507,635074112.0,56297600.0,tdx,11.2806604899676,314.8211238,False,False,False,False,False,False,False
2024-12-11,600967,16.6972,True,known,50.31655469,49.86068556,5.6983640645425,5.6983640645425,1185045504.0,130167300.0,tdx,9.104018474686038,51.87801172,False,False,False,False,False,False,False
2024-12-11,603344,12.0968,True,known,26.39104251,26.3606264,1.013870246085,1.013870246085,490252416.0,18385800.0,tdx,26.664731259994127,27.03457764,False,False,False,False,False,False,False
2024-12-11,603716,47.907,True,known,34.20095917,33.03742139,3.5258720795619,3.5258720795619,568466048.0,55438600.0,tdx,10.253975533292687,36.15420604,False,False,True,True,True,False,False
2024-12-11,605399,8.2129,True,known,24.91027075,24.85719489,1.7691953658988,1.7691953658988,407645536.0,28644300.0,tdx,14.23129683741617,25.17794442,False,False,False,False,False,False,False
2024-12-12,001318,11.9522,True,known,13.91121134,13.65454692,1.0266576632819,1.0266576632819,392404864.0,28456800.0,tdx,13.78949368867898,14.15708937,False,False,True,True,True,False,False
2024-12-12,002474,8.9639,True,known,48.91200612,48.84921793,6.2788197848247,6.2788197848247,1400616960.0,176212200.0,tdx,7.948467586239772,49.90699554,False,False,True,True,True,False,False
2024-12-13,000670,9.7125,True,known,88.92604019,87.35305599,10.486561343414898,10.486561343414898,1257089280.0,148317300.0,tdx,8.475675325804879,88.88068923,True,False,False,False,False,True,False
2024-12-13,002752,5.2555,True,known,13.44140999,13.81420719,2.071095530413,2.071095530413,639780928.0,96895000.0,tdx,6.602827060219826,13.67508561,False,False,False,False,False,False,False
2024-12-13,002799,6.1927,True,known,25.61296225,26.38832943,2.5845572404754,2.5845572404754,596428480.0,58456200.0,tdx,10.202997800062269,26.37023184,False,False,False,False,False,False,False
2024-12-13,002861,15.8273,True,known,19.0586537,18.83655723,1.3881029646588,1.3881029646588,638326720.0,45996100.0,tdx,13.87784442594046,19.26387699,False,False,True,True,True,False,False
2024-12-13,603900,7.193,True,known,12.66902038,12.66902038,1.6847101575405,1.6847101575405,477511772.0,62608643.0,tdx,7.626930550147844,12.84916737,False,False,False,False,False,False,False
2024-12-13,605338,9.2605,True,known,21.76561611,21.37675672,1.0509713234792,1.0509713234792,307210368.0,14829200.0,tdx,20.71658403690017,21.77253574,False,False,True,True,True,False,False
2024-12-16,000576,43.5238,True,known,56.62532908,55.80467214,6.3127457171146,6.3127457171146,445328928.0,49171300.0,tdx,9.056684041300514,57.17254339,False,False,True,True,True,False,False
2024-12-16,000985,6.3612,True,known,38.52193801,39.28612433,1.7367871058038,1.7367871058038,249271376.0,11009300.0,tdx,22.641891491738804,39.32414519,False,False,False,False,False,False,False
2024-12-16,002205,13.4694,True,known,21.2485187,21.4168238,2.1038137329574,2.1038137329574,453898080.0,42651200.0,tdx,10.64209400907829,22.38898352,False,False,False,True,True,False,False
2024-12-16,002864,10.3413,True,known,33.2311674,33.08641433,1.0339504479166,1.0339504479166,848260416.0,25671400.0,tdx,33.04301347024315,34.16483858,False,False,False,False,False,False,False
2024-12-16,600694,8.4,True,known,186.7777025,181.5987744,6.7258805348904,6.7258805348904,2105082752.0,74972200.0,tdx,28.078177671190122,188.8504687,False,False,False,False,False,False,False
2024-12-16,600797,10.641,True,known,108.8793008,108.2395869,12.7942774139937,12.7942774139937,2266451712.0,254536700.0,tdx,8.904223681693052,113.9231079,False,False,False,False,False,False,False
2024-12-16,603123,11.3077,True,known,12.33006221,12.11909156,1.1720591455171,1.1720591455171,1250256128.0,116009800.0,tdx,10.777159584793699,12.63146845,False,False,True,False,False,False,False
2024-12-16,603221,10.3981,True,known,11.61266507,11.7679146,1.0349968869097,1.0349968869097,281166816.0,24506400.0,tdx,11.473199490745275,11.87472576,False,False,False,False,False,False,False
2024-12-16,603326,10.6875,True,known,17.0389984,17.01666681,2.2331583742349,2.2331583742349,388280576.0,49249900.0,tdx,7.883885571341262,17.60596509,False,False,False,False,False,False,False
2024-12-16,603813,6.7435,True,known,15.18716041,15.61953508,1.0809366839211,1.0809366839211,106483376.0,7411000.0,tdx,14.368287140736742,15.53120866,False,False,False,False,False,False,False
2024-12-16,603969,0.0,True,known,32.62179652,35.07669293,4.7209546336218,4.7209546336218,741984256.0,104656400.0,tdx,7.0897169786080925,33.47023222,False,False,False,False,False,False,False
2024-12-17,002103,17.4319,True,known,34.956609,34.956609,2.3731574337606,2.3731574337606,2501716224.0,153376800.0,tdx,16.31091680097642,38.70837346,False,False,False,False,False,False,False
2024-12-17,002576,11.2329,True,known,22.54527769,22.47607794,1.3839949470703,1.3839949470703,725862336.0,43211900.0,tdx,16.79774173317998,23.24798968,False,False,False,False,False,False,False
2024-12-17,002752,15.9322,True,known,13.97989483,14.02131674,2.071095530413,2.071095530413,908971712.0,125632100.0,tdx,7.235186803372705,14.98476305,False,False,False,False,False,False,False
2024-12-17,002799,45.2278,True,known,25.3803521,25.19943309,2.5845572404754,2.5845572404754,604526720.0,58667500.0,tdx,10.304286359568756,26.63201792,False,False,True,True,True,False,False
2024-12-17,600986,9.9778,True,known,46.35383522,44.84166494,5.8160395507698,5.8160395507698,3267862528.0,395127300.0,tdx,8.27040431779834,48.10099861,False,False,False,False,False,False,False
2024-12-17,603390,12.327,True,known,11.21755695,11.33076165,1.0291336651075,1.0291336651075,642553728.0,56748700.0,tdx,11.322792028716076,11.65266646,False,False,False,False,False,False,False
2024-12-17,603956,10.4348,True,known,7.32826163,7.199318611,1.0745251657561,1.0745251657561,308761088.0,44509300.0,tdx,6.937001660327168,7.453982859,False,False,False,False,False,False,False
2024-12-17,603999,15.0746,True,known,19.7106418,19.20263557,2.5400311603717,2.5400311603717,739032832.0,91567300.0,tdx,8.070925232042443,20.50040158,False,False,True,True,True,False,False
2024-12-18,000586,49.1983,True,known,41.95693562,42.38427478,3.8849014465538,3.8849014465538,377622272.0,33556000.0,tdx,11.253494814638216,43.71871828,False,False,False,True,True,False,False
2024-12-18,000715,31.2533,True,known,40.34837759,37.67941876,5.2332526056846,5.2332526056846,378373088.0,47080000.0,tdx,8.03681155480034,42.05866501,False,False,False,False,False,False,False
2024-12-18,002291,7.4622,True,known,16.82885713,16.19022358,1.7260366288837,1.7260366288837,3545722624.0,372536300.0,tdx,9.517790948157266,16.4280558,True,False,False,False,False,True,False
2024-12-18,002381,61.4468,True,known,46.09471832,45.28275174,6.2458967916399,6.2458967916399,428664704.0,55189100.0,tdx,7.767198667852891,48.51312124,False,False,True,True,True,False,False
2024-12-18,002887,44.5349,True,known,37.2239204,35.2861134,4.5065278929414,4.5065278929414,346610368.0,38925300.0,tdx,8.904500877321434,40.12838158,False,False,True,False,False,False,False
2024-12-18,600158,14.6966,True,known,66.48364447,64.25440984,6.5565724327388,6.5565724327388,2247910656.0,212159000.0,tdx,10.595405596745836,69.46954425,False,False,False,False,False,False,False
2024-12-18,600560,3.9552,True,known,84.79969375,90.01527074,4.6567651704008,4.6567651704008,587338304.0,31416900.0,tdx,18.69497958105351,87.05812977,False,False,False,False,False,False,False
2024-12-18,600738,7.8552,True,known,51.80999846,51.11404326,7.7328355908174,7.7328355908174,1008580032.0,149736700.0,tdx,6.735690261639264,52.08598538,False,False,False,False,False,False,False
2024-12-18,600880,15.8152,True,known,235.1936863,220.8526079,35.852696082815605,35.852696082815605,2139576704.0,313939500.0,tdx,6.815251677472889,244.3451471,False,False,False,False,False,False,False
2024-12-18,603839,36.4939,True,known,12.28303874,12.33999255,1.8984603930291,1.8984603930291,156991664.0,23752500.0,tdx,6.609479591621935,12.54783522,False,False,False,False,False,False,False
2024-12-20,000788,15.7838,True,known,26.59810935,26.1401792,3.8160845548381,3.8160845548381,609357824.0,86007600.0,tdx,7.084929982931741,27.03669188,False,False,False,False,False,False,False
2024-12-20,002077,15.2508,True,known,25.80937185,25.58890455,1.4697819961494,1.4697819961494,2356120064.0,131066800.0,tdx,17.976482709580154,26.42151064,False,False,False,False,False,False,False
2024-12-20,002339,53.2576,True,known,52.14855133,48.61305632,5.5242109457744,5.5242109457744,2164958720.0,209182800.0,tdx,10.349601974923369,57.17338451,False,False,False,False,False,False,False
2024-12-20,002925,19.4855,True,known,33.80485034,32.78987628,2.0713756335841,2.0713756335841,1049691968.0,62048800.0,tdx,16.91720013924524,35.04187616,False,False,False,False,False,False,False
2024-12-20,600775,53.399,True,known,17.75173661,17.35529584,1.4682991406387,1.4682991406387,1587233024.0,128446100.0,tdx,12.357191257655934,18.1440533,False,False,True,True,True,False,False
2024-12-20,601798,27.976,True,known,7.541578442,7.57380741,1.0742989234163,1.0742989234163,334444480.0,46447700.0,tdx,7.200452982601937,7.735438887,False,False,False,False,False,False,False
2024-12-20,603048,53.9202,True,known,18.15236683,17.76255976,1.0535326074528,1.0535326074528,248521184.0,13807600.0,tdx,17.998869028650887,18.96239542,False,False,True,True,True,False,False
2024-12-23,001266,42.9943,True,known,35.14642093,34.65526667,1.4445713494334,1.4445713494334,236218336.0,9677700.0,tdx,24.408520206247353,35.25984897,False,False,True,True,True,False,False
2024-12-23,002396,7.813,True,known,63.69712392,63.76389239,3.3384236852937,3.3384236852937,1337433728.0,68682400.0,tdx,19.47272850104248,65.00821805,False,False,False,False,False,False,False
2024-12-23,002404,47.2437,True,known,41.54982444,40.10712221,5.7708089506759,5.7708089506759,558874880.0,76380700.0,tdx,7.316964625880622,42.22480495,False,False,False,False,False,False,False
2024-12-23,002632,14.1844,True,known,65.81191091,65.746099,6.581191091272,6.581191091272,1101031936.0,106419200.0,tdx,10.346177531873948,68.0901714,False,False,False,False,False,False,False
2024-12-23,002908,19.4578,True,known,33.00901396,32.42341987,3.0820741321197,3.0820741321197,801091648.0,73589100.0,tdx,10.886009585658746,33.55148855,False,False,False,False,False,False,False
2024-12-23,603042,13.9966,True,known,14.77472915,14.77472915,1.0161436828477,1.0161436828477,702431040.0,46903500.0,tdx,14.976090057245194,15.21785931,False,False,False,False,False,False,False
2024-12-23,603126,21.1215,True,known,12.10883001,11.72731892,1.6587438365284,1.6587438365284,853773952.0,113440000.0,tdx,7.526216078984485,12.48406453,False,False,False,False,False,False,False
2024-12-23,603610,49.7313,True,known,33.52726758,32.66688241,2.7754360583062,2.7754360583062,596441728.0,46590100.0,tdx,12.801898429065401,35.53085051,False,False,True,True,True,False,False
2024-12-24,000670,13.7028,True,known,93.33039596,93.54012718,10.486561343414898,10.486561343414898,2050011776.0,219406000.0,tdx,9.343462694730317,97.98079471,False,False,False,False,False,False,False
2024-12-24,001314,34.2016,True,known,51.83811488,51.98097583,1.0204353323318,1.0204353323318,1089055616.0,20327400.0,tdx,53.57574584058955,54.67058401,False,False,False,True,True,False,False
2024-12-24,603155,12.7465,True,known,32.02991354,32.3424005,2.2320497241399,2.2320497241399,268396032.0,18022000.0,tdx,14.892688491843302,33.24122124,False,False,False,False,False,False,False
2024-12-24,603518,10.099,True,known,14.86529592,14.68345743,1.515320684512,1.515320684512,794172160.0,77580200.0,tdx,10.236789283863667,15.51201854,False,False,True,False,False,False,False
2024-12-24,603648,15.2645,True,known,12.68483985,12.76813617,1.1899474527576,1.1899474527576,383317024.0,34466100.0,tdx,11.121566524788125,13.23407976,False,False,False,False,False,False,False
2024-12-24,603657,7.4336,True,known,26.81328263,26.89228465,1.5800402259594,1.5800402259594,315823680.0,18488000.0,tdx,17.08263089571614,26.99124398,False,False,False,False,False,False,False
2024-12-24,603983,40.7953,True,known,35.97946556,35.81069645,1.0548069645885,1.0548069645885,220204448.0,6371300.0,tdx,34.561933671307266,36.45616835,False,False,True,True,True,False,False
2024-12-25,000880,4.6154,True,known,62.57975523,62.57975523,4.0875085064425,4.0875085064425,1256730624.0,82316000.0,tdx,15.267148841051558,62.40460076,True,True,False,True,True,True,True
2024-12-25,002918,42.3262,True,known,31.66882989,30.56509051,2.830100972799,2.830100972799,659295680.0,57686300.0,tdx,11.428981924651087,32.34517286,False,False,True,True,True,False,False
2024-12-26,001217,47.4643,True,known,12.612823,12.67505732,1.0372387333503,1.0372387333503,311321920.0,25772500.0,tdx,12.079616645649432,12.52944627,True,True,False,False,False,True,True
2024-12-26,001258,51.6461,True,known,8.373005169,7.537741879,1.0186137674994,1.0186137674994,947068864.0,109776500.0,tdx,8.627245940615705,8.787831491,False,False,False,False,False,False,False
2024-12-26,002346,21.9289,True,known,24.01339339,23.89625489,2.3427700869145,2.3427700869145,163450048.0,15691300.0,tdx,10.416603340704722,24.40370671,False,False,False,False,False,False,False
2024-12-26,002350,31.6192,True,known,34.64540289,32.43399419,4.9142415440845,4.9142415440845,550702330.0,75258196.0,tdx,7.3175063882743085,35.95999389,False,False,False,False,False,False,False
2024-12-26,002915,46.6573,True,known,28.68001449,29.49192003,2.1943392880399,2.1943392880399,396391136.0,30083300.0,tdx,13.176451253685599,28.91360466,False,False,False,False,False,False,False
2024-12-26,002927,34.3158,True,known,36.08925172,35.88650311,2.5343575646023,2.5343575646023,332564480.0,23326900.0,tdx,14.256694202830209,36.1315608,False,False,False,False,False,False,False
2024-12-26,003037,60.6222,True,known,7.14235171,7.204459116,1.0351234361629,1.0351234361629,157143760.0,22439300.0,tdx,7.003059810243635,7.249031334,False,False,False,False,False,False,False
2024-12-26,600580,10.1078,True,known,128.2895832,125.6637731,7.502314809438899,7.502314809438899,4254742784.0,244854000.0,tdx,17.376652143726467,130.3651147,False,False,False,False,False,False,False
2024-12-26,600712,28.3145,True,known,42.13476923,41.05275854,6.3647687659775,6.3647687659775,318710656.0,47994100.0,tdx,6.6406215764021,42.2660208,False,False,False,False,False,False,False
2024-12-26,603207,64.4352,True,known,29.67,29.0,1.0,1.0,735811520.0,22529300.0,tdx,32.66020337959901,32.66020338,False,False,True,True,True,False,False
2024-12-26,603350,61.3512,True,known,37.71,35.71,1.0,1.0,408211712.0,10443364.0,tdx,39.08814362881539,39.08814363,False,False,True,True,True,False,False
2024-12-26,603366,26.128,True,known,37.38444718,37.35899827,2.544890890173,2.544890890173,1824060800.0,119226100.0,tdx,15.299173586991438,38.93472749,False,False,False,False,False,False,False
2024-12-26,603767,55.7859,True,known,21.54627917,21.20935534,1.6846191688197,1.6846191688197,268654144.0,20983000.0,tdx,12.80341914883477,21.56888532,False,False,False,False,False,False,False
2024-12-27,600223,24.2308,True,known,16.58783255,16.11891856,1.953808310333,1.953808310333,918381952.0,104978300.0,tdx,8.74830276352351,17.09250664,False,False,True,True,True,False,False
2024-12-30,001267,52.061,True,known,8.338724906,8.287123886,1.0320204091974,1.0320204091974,318757472.0,38853000.0,tdx,8.20419200576532,8.466893591,False,False,False,False,False,False,False
2024-12-30,002429,10.4082,True,known,57.13238346,56.9465871,9.289818449469,9.289818449469,2787682304.0,448769900.0,tdx,6.211829946705428,57.70677244,False,False,False,False,False,False,False
2024-12-30,002963,9.3305,True,known,13.88000835,14.55536098,1.0079889871988,1.0079889871988,380931328.0,26769600.0,tdx,14.229997011535474,14.34368028,False,False,False,False,False,False,False
2024-12-30,003027,64.1763,True,known,24.48011049,24.48011049,1.5682325747663,1.5682325747663,119614552.0,7555600.0,tdx,15.831244639737413,24.82707354,False,False,False,True,True,False,False
2024-12-30,603042,58.1914,True,known,15.77054996,15.3132853,1.0161436828477,1.0161436828477,1068842240.0,64220900.0,tdx,16.643214903559432,16.91189769,False,False,True,True,True,False,False
2024-12-30,603166,52.9464,True,known,11.819677,11.53750965,1.5675964191802,1.5675964191802,363720960.0,47553600.0,tdx,7.648652467951953,11.99000022,False,False,True,False,False,False,False
2024-12-30,603633,14.1985,True,known,24.22117033,24.08018564,2.8196938685049,2.8196938685049,598028032.0,68430600.0,tdx,8.739190245299618,24.64184115,False,False,False,False,False,False,False
2024-12-30,603711,32.7554,True,known,20.203881,19.60484409,1.0891580051787,1.0891580051787,705849088.0,37119700.0,tdx,19.01548471566311,20.7108674,False,False,False,False,False,False,False
2024-12-31,002746,25.535,True,known,29.1636365,28.8543252,4.4187328026767,4.4187328026767,596988928.0,87691500.0,tdx,6.8078311809012275,30.08198695,False,False,True,False,False,False,False
2024-12-31,002952,15.7822,True,known,68.89730903,68.97118034,2.4623770205242,2.4623770205242,514353312.0,18198500.0,tdx,28.263500398384483,69.5953939,False,False,False,False,False,False,False
2024-12-31,603261,72.7829,True,known,29.25902864,29.08727329,1.0103255745005,1.0103255745005,144790816.0,4893200.0,tdx,29.590210087468325,29.89574601,False,False,True,True,True,False,False
2024-12-31,603798,56.1314,True,known,25.24848162,25.64167265,2.808507410091,2.808507410091,121265008.0,13382900.0,tdx,9.061190623855817,25.44842101,False,False,False,True,True,False,False
2024-12-31,603950,12.4339,True,known,28.20047837,28.04951221,1.5096615830593,1.5096615830593,473453275.0,24614335.0,tdx,19.234859483305154,29.03812842,False,False,False,False,False,False,False
2025-01-02,002992,22.8481,True,known,82.74247059,83.03325882,1.3217647058824,1.3217647058824,431671712.0,6616600.0,tdx,65.24071456639362,86.2328739,False,False,False,False,False,False,False
2025-01-02,600602,35.3763,True,known,9049.816049,8918.244766,572.0490549261581,572.0490549261581,2862308608.0,175859600.0,tdx,16.276100980554943,9310.728184,False,False,True,True,True,False,False
2025-01-02,600629,22.037,True,known,83.50884362,80.9727833,9.057358310418302,9.057358310418302,958702912.0,103412500.0,tdx,9.270667588541038,83.96775813,False,False,False,False,False,False,False
2025-01-02,600830,59.4785,True,known,132.5627194,125.8722143,11.3398391273183,11.3398391273183,1018589376.0,82481400.0,tdx,12.349322101710204,140.039326,False,False,True,True,True,False,False
2025-01-02,603759,14.5299,True,known,14.04175667,13.91596266,1.5724251594844,1.5724251594844,574024704.0,61421700.0,tdx,9.34563361157376,14.69530942,False,False,False,False,False,False,False
2025-01-03,002350,52.034,True,known,37.2499509,35.43168153,4.9142415440845,4.9142415440845,762865553.0,99549974.0,tdx,7.66314165988632,37.6585291,False,False,True,True,True,False,False
2025-01-03,002868,53.6046,True,known,24.89891798,23.79597588,1.378677629031,1.378677629031,368447104.0,18791800.0,tdx,19.606802115816475,27.03145945,False,False,True,True,True,False,False
2025-01-03,605580,27.6434,True,known,17.55299836,17.09687206,1.5728493154227,1.5728493154227,248503264.0,21277500.0,tdx,11.679157043825638,18.36955416,False,False,False,False,False,False,False
2025-01-06,000017,75.845,True,known,20.36043051,20.23033191,3.2524649369423,3.2524649369423,379872704.0,59249700.0,tdx,6.411386116722954,20.85280854,False,False,True,True,True,False,False
2025-01-06,002582,41.4753,True,known,48.50168519,43.62961975,5.474230834324,5.474230834324,1406734848.0,146245900.0,tdx,9.618969475383583,52.6564593,False,False,False,False,False,False,False
2025-01-06,600778,42.7742,True,known,37.56135013,34.72338146,4.1734833480538,4.1734833480538,721001536.0,76075200.0,tdx,9.477484594191012,39.55412414,False,False,False,False,False,False,False
2025-01-06,605299,74.3864,True,known,9.111904547,9.056680883,1.1044732784245,1.1044732784245,144339504.0,17247400.0,tdx,8.368768857914816,9.243081577,False,False,False,False,False,False,False
2025-01-08,605208,26.9534,True,known,16.52695092,15.2874296,1.7964077091592,1.7964077091592,804131328.0,86038000.0,tdx,9.346234547525512,16.78964779,False,False,True,True,True,False,False
2025-01-09,002282,12.5806,True,known,17.72883136,17.72883136,2.2384888084451,2.2384888084451,490043424.0,61675700.0,tdx,7.945486212560215,17.78588196,False,False,False,False,False,False,False
2025-01-09,600793,51.0714,True,known,48.84138379,48.42870808,2.4275041642898,2.4275041642898,244553376.0,12205900.0,tdx,20.035669307466062,48.63667068,True,False,True,True,True,True,False
2025-01-09,603813,43.0667,True,known,12.7442435,12.79829034,1.0809366839211,1.0809366839211,51609932.0,4392600.0,tdx,11.74929016983108,12.70023875,True,True,False,True,True,True,True
2025-01-13,002815,79.4642,True,known,23.85488417,22.84527785,2.3479216705577,2.3479216705577,816885952.0,78506000.0,tdx,10.405395154510483,24.43105277,False,False,True,True,True,False,False
2025-01-13,003042,83.2234,True,known,20.24863135,19.24739779,1.3174125794379,1.3174125794379,284165120.0,17794300.0,tdx,15.969446395755945,21.03834957,False,False,True,True,True,False,False
2025-01-13,600241,68.4511,True,known,17.37702587,16.62259638,2.514764959245,2.514764959245,137572144.0,19284200.0,tdx,7.133930575289615,17.94015863,False,False,False,False,False,False,False
2025-01-13,605058,54.8908,True,known,21.4223578,20.85390211,1.0526957148309,1.0526957148309,241502128.0,11422400.0,tdx,21.142853340804034,22.25699111,False,False,False,False,False,False,False
2025-01-14,000561,77.9011,True,known,21.28467924,21.46440512,2.567512574342,2.567512574342,330021568.0,39506700.0,tdx,8.353559472190794,21.44786899,False,False,False,True,True,False,False
2025-01-14,002536,22.5835,True,known,73.70198378,74.20833329,5.6261056322486,5.6261056322486,1703726336.0,123314600.0,tdx,13.816095871859455,77.7308148,False,False,False,False,False,False,False
2025-01-14,002660,39.8734,True,known,25.71044814,24.65273983,2.7120725885496,2.7120725885496,647663360.0,64260600.0,tdx,10.078700790219823,27.33416814,False,False,True,True,True,False,False
2025-01-14,603667,10.7143,True,known,45.47441794,46.34335587,1.4482298708013,1.4482298708013,4013251072.0,121969200.0,tdx,32.903807453029124,47.65227682,False,False,False,False,False,False,False
2025-01-15,002725,46.6598,True,known,32.39546798,31.80055955,2.7041292137194,2.7041292137194,378457696.0,31977400.0,tdx,11.8351615828679,32.00380619,True,False,True,True,True,True,False
2025-01-16,000158,86.5728,True,known,59.33608391,60.39987824,2.9549842583787,2.9549842583787,4185211904.0,204942400.0,tdx,20.421405741320488,60.3449325,False,False,False,True,True,False,False
2025-01-16,002209,34.6734,True,known,15.32991379,15.40812764,1.5642769174929,1.5642769174929,222873984.0,22574700.0,tdx,9.872732926683412,15.44368823,False,False,False,False,False,False,False
2025-01-16,002346,44.441,True,known,29.87031861,29.28462609,2.3427700869145,2.3427700869145,743830720.0,54951300.0,tdx,13.536180581715083,31.71215896,False,False,False,False,False,False,False
2025-01-16,002441,33.843,True,known,45.93917145,43.78997044,5.3730025083019,5.3730025083019,622345728.0,69221400.0,tdx,8.990655028647211,48.30681202,False,False,False,False,False,False,False
2025-01-16,002605,52.2521,True,known,136.9840609,134.0839044,4.8335942458382,4.8335942458382,1550445824.0,53513200.0,tdx,28.973147260862742,140.0444379,False,False,True,False,False,False,False
2025-01-16,003003,75.8908,True,known,10.28600518,10.18252424,1.0348093739342,1.0348093739342,272398848.0,26501100.0,tdx,10.278775145182653,10.63657287,False,False,True,True,True,False,False
2025-01-16,603106,45.0394,True,known,16.83844534,16.40475638,1.8856041811566,1.8856041811566,797657024.0,85135100.0,tdx,9.369308593047991,17.66680746,False,False,False,False,False,False,False
2025-01-16,603219,10.6701,True,known,22.3152184,22.56880043,1.4916589838564,1.4916589838564,323751200.0,21526600.0,tdx,15.039588230375443,22.4339369,False,False,False,False,False,False,False
2025-01-16,603677,32.2105,True,known,37.2529826,37.53016253,2.7717993007049,2.7717993007049,99939072.0,7317000.0,tdx,13.658476424764247,37.8585554,False,False,False,False,False,False,False
2025-01-16,603989,10.1484,True,known,37.6878699,38.38708827,2.3307278849631,2.3307278849631,552958080.0,33619300.0,tdx,16.447638112631733,38.33496879,False,False,False,False,False,False,False
2025-01-16,605018,33.6156,True,known,9.962251541,9.962251541,1.0770001666094,1.0770001666094,143052976.0,15329000.0,tdx,9.332179268054015,10.05075863,False,False,False,False,False,False,False
2025-01-17,002967,8.1588,True,known,30.84495176,30.6774072,1.6754455054567,1.6754455054567,678655296.0,36884100.0,tdx,18.39967075243804,30.82764566,True,False,True,True,True,True,False
2025-01-17,603600,23.4987,True,known,44.70591311,43.81443626,3.3017661082578,3.3017661082578,578204068.0,40846440.0,tdx,14.155555979909142,46.73833498,False,False,True,True,True,False,False
2025-01-20,001338,26.1592,True,known,10.92380139,10.93393479,1.0133396468258,1.0133396468258,348041152.0,32220500.0,tdx,10.8018544715321,10.9459474,False,False,False,False,False,False,False
2025-01-20,002677,32.2826,True,known,37.80100471,37.31637644,4.8462826547516,4.8462826547516,223436256.0,28158200.0,tdx,7.93503334730203,38.45541448,False,False,True,True,True,False,False
2025-01-20,603200,27.8689,True,known,63.71904978,62.76289629,2.4516756361838,2.4516756361838,474781403.0,18272212.0,tdx,25.983794572873826,63.70383609,True,False,False,False,False,True,False
2025-01-20,603518,30.6607,True,known,14.89560233,14.89560233,1.515320684512,1.515320684512,354429952.0,34855200.0,tdx,10.168639170052101,15.40874927,False,False,False,False,False,False,False
2025-01-20,603758,30.1899,True,known,11.5225428,11.45888234,1.2732091493602,1.2732091493602,223336672.0,24260200.0,tdx,9.205887502988434,11.7210202,False,False,True,True,True,False,False
2025-01-21,002119,19.6436,True,known,72.06522289,72.06522289,3.8069320067827,3.8069320067827,2618779392.0,130381000.0,tdx,20.085590630536657,76.46447785,False,False,False,True,True,False,False
2025-01-22,000020,37.3653,True,known,31.04300943,31.25958856,2.4064348391689,2.4064348391689,159808768.0,12163300.0,tdx,13.13860284626705,31.61719163,False,False,False,False,False,False,False
2025-01-22,002923,54.4059,True,known,40.42316057,38.20458711,3.7602940066975,3.7602940066975,410199392.0,35786400.0,tdx,11.4624380211477,43.10213699,False,False,True,True,True,False,False
2025-01-22,600592,41.8434,True,known,39.73447475,38.15352748,3.4946767589708,3.5132161582226,1001316544.0,84828000.0,tdx,11.804080539444524,41.25144592,False,False,True,True,True,False,False
2025-01-22,600784,35.122,True,known,44.70505368,44.70505368,7.4137734129596,7.4137734129596,179002544.0,29235300.0,tdx,6.1228222046635405,45.39321647,False,False,False,False,False,False,False
2025-01-23,002196,19.6923,True,known,16.925126,17.17690474,2.7975414882348,2.7975414882348,508143424.0,81792700.0,tdx,6.212576721394452,17.37994113,False,False,False,True,True,False,False
2025-01-24,001208,60.2783,True,known,10.08259097,9.705004063,1.0205051590772,1.0205051590772,828813120.0,76988700.0,tdx,10.765386608684132,10.98613257,False,False,True,True,True,False,False
2025-01-24,002148,39.3301,True,known,73.78366267,73.57164065,10.6011009582879,10.6011009582879,944851776.0,130003100.0,tdx,7.267917272741958,77.04792476,False,False,False,False,False,False,False
2025-01-24,002852,77.6269,True,known,26.73543507,26.26084155,3.163956812806,3.163956812806,291911872.0,34431800.0,tdx,8.477973036553418,26.82394055,False,False,True,True,True,False,False
2025-01-24,603045,18.5915,True,known,22.2925723,22.11931396,1.4438194494041,1.4438194494041,385300192.0,24130700.0,tdx,15.967219848574638,23.05378257,False,False,False,False,False,False,False
2025-01-27,600851,38.6982,True,known,128.67575,128.67575,20.1055859304379,20.1055859304379,279002080.0,42955300.0,tdx,6.4951724234262125,130.5892473,False,False,False,True,True,False,False
2025-01-27,603089,15.3659,True,known,23.24969759,23.22790781,2.1789782181606,2.1789782181606,354428128.0,32541000.0,tdx,10.891740511969516,23.73286533,False,False,True,False,False,False,False
2025-01-27,603687,78.5851,True,known,8.068008253,7.260184866,1.0225612487415,1.0225612487415,707807424.0,85582200.0,tdx,8.270498117599221,8.457090883,False,False,True,True,True,False,False
2025-02-05,002757,23.6863,True,known,48.06444186,47.89955527,2.7481098835687,2.7481098835687,1876506368.0,104868600.0,tdx,17.89388213440439,49.17435435,False,False,True,True,True,False,False
2025-02-06,001380,19.6825,True,known,37.04673025,36.6852282,1.4460082064484,1.4460082064484,431534880.0,16569600.0,tdx,26.043771726535343,37.65950764,False,False,True,False,False,False,False
2025-02-06,002549,47.0185,True,known,52.99871726,53.16670051,8.3991627979521,8.3991627979521,209635040.0,32825800.0,tdx,6.3862888337831825,53.63947959,False,False,False,True,True,False,False
2025-02-06,600191,21.9321,True,known,20.64038574,20.41019556,2.5576686170386,2.5576686170386,409254368.0,50799000.0,tdx,8.056346935963306,20.60546573,True,False,True,True,True,True,False
2025-02-07,603895,7.781,True,known,34.44549637,34.45961916,1.4122794737713,1.4122794737713,179221904.0,7351900.0,tdx,24.37763081652362,34.42802762,True,True,False,True,True,True,True
2025-02-10,002284,9.9595,True,known,61.2118317,60.81218971,6.6606998581661,6.6606998581661,1024585728.0,110988000.0,tdx,9.231500054059898,61.4882511,False,False,False,False,False,False,False
2025-02-10,002576,28.224,True,known,22.11623925,22.01935961,1.3839949470703,1.3839949470703,537555968.0,33104800.0,tdx,16.238006814721732,22.47331938,False,False,True,False,False,False,False
2025-02-10,002664,2.7966,True,known,53.55721763,54.3836198,3.1784698892369,3.1784698892369,913425408.0,54450000.0,tdx,16.77548958677686,53.32038853,True,True,False,False,False,False,True
2025-02-10,002815,7.5768,True,known,27.2593706,27.11849529,2.3479216705577,2.3479216705577,1236007424.0,105541600.0,tdx,11.711092346524973,27.49672751,False,False,False,False,False,False,False
2025-02-10,002905,62.3363,True,known,18.07588641,18.19220485,2.3263689072714,2.3263689072714,183490336.0,23779800.0,tdx,7.7162270498490315,17.95079069,True,True,False,True,True,True,True
2025-02-10,603578,32.0792,True,known,25.11910313,25.09947883,1.9624299317039,1.9624299317039,119454088.0,9090000.0,tdx,13.141263806380637,25.78880943,False,False,True,True,True,False,False
2025-02-10,603728,5.1298,True,known,104.099844,101.9807632,1.3244254962532,1.3244254962532,2332294144.0,30041400.0,tdx,77.6360004527086,102.8230984,True,False,False,False,False,True,False
2025-02-11,000779,27.2727,True,known,22.25467092,22.5075649,2.528939876817,2.528939876817,355861280.0,39960900.0,tdx,8.905236869039486,22.52080863,False,False,False,True,True,False,False
2025-02-11,603193,16.3068,True,known,29.87947233,29.16829822,1.0159630170924,1.0159630170924,264139920.0,8896100.0,tdx,29.6916536459797,30.16562202,False,False,False,False,False,False,False
2025-02-11,603618,16.4651,True,known,21.10636067,20.87800747,3.2621886664999,3.2621886664999,620569280.0,93139300.0,tdx,6.662808073498512,21.73533698,False,False,True,False,False,False,False
2025-02-11,605255,22.1974,True,known,15.97467864,15.88429857,1.1297509648708,1.1297509648708,121019520.0,8519500.0,tdx,14.205002641000059,16.04811544,False,False,True,True,True,False,False
2025-02-12,002173,33.0454,True,known,30.19550194,30.01286785,3.0439014050836,3.0439014050836,1242298624.0,121650400.0,tdx,10.212038957537336,31.08443973,False,False,True,True,True,False,False
2025-02-12,002229,40.1867,True,known,69.25775114,68.5833311,5.1878465276564,5.1878465276564,1361182848.0,100269900.0,tdx,13.575189044768171,70.42599735,False,False,True,True,True,False,False
2025-02-12,603985,29.2193,True,known,58.35681537,58.26411193,4.6351719915393,4.6351719915393,447505088.0,34913800.0,tdx,12.817427149150193,59.41097933,False,False,False,False,False,False,False
2025-02-13,002441,12.5455,True,known,51.95693426,51.90320423,5.3730025083019,5.3730025083019,881974144.0,88455500.0,tdx,9.970823114447377,53.5732576,False,False,True,False,False,False,False
2025-02-13,002995,19.4515,True,known,64.28258584,67.70724762,2.8070998182222,2.8070998182222,694551744.0,30402100.0,tdx,22.845518697721538,64.12965138,True,True,False,True,True,True,True
2025-02-13,603610,18.3007,True,known,34.74845945,34.91498561,2.7754360583062,2.7754360583062,357940832.0,28183800.0,tdx,12.700233183601927,35.24868513,False,False,False,False,False,False,False
2025-02-13,603660,33.8491,True,known,16.52177205,16.38073253,2.014850249575,2.014850249575,756641920.0,91524500.0,tdx,8.267097006812383,16.65696247,False,False,True,True,True,False,False
2025-02-14,000880,19.2393,True,known,85.67131723,85.63038492,4.0932306368761,4.0932306368761,725487744.0,33517000.0,tdx,21.645366351403766,88.5994767,False,False,False,False,False,False,False
2025-02-14,002272,34.1343,True,known,35.53665639,34.5582627,3.494263164807,3.494263164807,1553514624.0,149633500.0,tdx,10.38213116715174,36.27789851,False,False,True,False,False,False,False
2025-02-14,003016,59.3183,True,known,9.067878084,8.974635122,1.1655370288377,1.1655370288377,191205664.0,24296600.0,tdx,7.8696469464863394,9.17236492,False,False,True,True,True,False,False
2025-02-14,603117,43.4286,True,known,9.314303116,9.432956659,1.4831692859923,1.4831692859923,400265152.0,62296800.0,tdx,6.425131820575054,9.529558175,False,False,False,True,True,False,False
2025-02-14,603219,14.6991,True,known,25.80570042,25.67145111,1.4916589838564,1.4916589838564,679613248.0,37727100.0,tdx,18.013927601114318,26.87063694,False,False,False,False,False,False,False
2025-02-14,603657,38.297,True,known,24.17461546,24.11141385,1.5800402259594,1.5800402259594,157975504.0,10222200.0,tdx,15.454158987302145,24.41819286,False,False,False,False,False,False,False
2025-02-18,000695,46.4368,True,known,28.57386052,29.11045884,2.6829915979069,2.6829915979069,229080032.0,21104400.0,tdx,10.854610033926575,29.12282752,False,False,False,True,True,False,False
2025-02-18,002326,31.2676,True,known,57.23685625,56.63436302,6.0249322365956,6.0249322365956,552366784.0,57026000.0,tdx,9.686227054326096,58.35886163,False,False,True,True,True,False,False
2025-02-18,603085,20.9639,True,known,31.09665223,30.35939037,2.6330780893304,2.6330780893304,850851584.0,68781800.0,tdx,12.370301213402383,32.57196908,False,False,True,False,False,False,False
2025-02-18,603258,0.0,True,known,29.43386793,31.57266111,1.1316365988044,1.1316365988044,916218112.0,34374500.0,tdx,26.654005498261792,30.16264813,False,False,False,False,False,False,False
2025-02-19,001324,76.5235,True,known,19.11388262,18.2616713,1.0145372943053,1.0145372943053,363738720.0,18196300.0,tdx,19.9897077977391,20.28030406,False,False,True,True,True,False,False
2025-02-19,002786,47.244,True,known,32.03322176,31.15601361,3.0248556898931,3.0248556898931,858573056.0,78194700.0,tdx,10.979939254194978,33.21273173,False,False,False,False,False,False,False
2025-02-19,600590,9.5094,True,known,27.88307641,29.2150705,4.4399803196166,4.4399803196166,772612864.0,117075400.0,tdx,6.599275885455015,29.30065506,False,False,False,False,False,False,False
2025-02-19,603070,25.6005,True,known,15.18874947,15.17850756,1.0241907937189,1.0241907937189,368536416.0,24282400.0,tdx,15.177100121898988,15.54424622,False,False,False,False,False,False,False
2025-02-19,603109,22.3359,True,known,30.55796631,29.63380372,1.5150206402115,1.5150206402115,495749472.0,24299700.0,tdx,20.40146470944086,30.90864013,False,False,False,False,False,False,False
2025-02-19,603269,36.7013,True,known,29.06461495,29.04069345,2.3921493781954,2.3921493781954,534123072.0,42763000.0,tdx,12.490308724832214,29.87868425,False,False,False,False,False,False,False
2025-02-19,603717,54.8541,True,known,11.70006642,11.64347601,1.4147601476015,1.4147601476015,285522176.0,33867100.0,tdx,8.43066504070322,11.92736892,False,False,True,False,False,False,False
2025-02-19,603813,54.8923,True,known,11.37145391,11.38226328,1.0809366839211,1.0809366839211,103172760.0,9257500.0,tdx,11.144775587361599,12.04679677,False,False,False,True,True,False,False
2025-02-21,002276,8.8288,True,known,40.11509806,40.15374459,3.8646529924707,3.8646529924707,2088977792.0,199012600.0,tdx,10.496711223309479,40.56614644,False,False,False,False,False,False,False
2025-02-21,002790,40.613,True,known,24.6699455,24.38818217,3.1307037440452,3.1307037440452,197703408.0,24430300.0,tdx,8.092549334228396,25.3353745,False,False,True,True,True,False,False
2025-02-21,002908,37.3327,True,known,32.3001369,31.59125985,3.0820741321197,3.0820741321197,835984064.0,80287900.0,tdx,10.41232942946571,32.09157119,True,False,True,True,True,True,False
2025-02-21,603011,25.414,True,known,16.96177452,16.79383616,2.0992295202396,2.0992295202396,763460992.0,92797900.0,tdx,8.22713651925313,17.27064785,False,False,False,False,False,False,False
2025-02-21,603015,19.0795,True,known,30.39130418,30.41360154,2.2297361834028,2.2297361834028,1077947520.0,78444500.0,tdx,13.741530891267073,30.63998864,False,False,False,False,False,False,False
2025-02-21,603066,22.95,True,known,39.09529683,39.60928595,3.2124319502155,3.2124319502155,576844480.0,46052000.0,tdx,12.525937635716147,40.23872227,False,False,False,False,False,False,False
2025-02-21,603528,29.475,True,known,29.76945259,29.67504629,3.1468765953024,3.1468765953024,878624768.0,90473300.0,tdx,9.711426111349978,30.56065954,False,False,False,False,False,False,False
2025-02-24,000590,51.9271,True,known,40.64864381,39.72012149,5.1584573359366,5.1584573359366,157835792.0,19931700.0,tdx,7.918832412689334,40.84895915,False,False,True,True,True,False,False
2025-02-24,002577,10.0204,True,known,63.4569924,63.50385872,2.3433158199283,2.3433158199283,1554964736.0,55588900.0,tdx,27.972576107820085,65.54858012,False,False,False,False,False,False,False
2025-02-24,603215,39.0502,True,known,20.54064995,20.32668485,1.069825518201,1.069825518201,580570368.0,29671400.0,tdx,19.566665812870305,20.93291839,False,False,True,True,True,False,False
2025-02-24,603579,19.0365,True,known,55.06580099,54.20688901,3.1811554585184,3.1811554585184,368798336.0,20580200.0,tdx,17.9200559761324,57.00648389,False,False,False,False,False,False,False
2025-02-24,605366,34.8148,True,known,11.85158296,11.61995593,1.9302252375222,1.9302252375222,223828640.0,35848000.0,tdx,6.243825039053783,12.05198867,False,False,False,False,False,False,False
2025-02-25,002347,48.584,True,known,37.20553306,36.02565358,3.932931613533,3.932931613533,1293261056.0,133318400.0,tdx,9.700544380970669,38.15157766,False,False,True,False,False,False,False
2025-02-25,002842,56.3276,True,known,20.33369559,20.36170343,2.8007845160162,2.8007845160162,220780048.0,29948600.0,tdx,7.371965567672612,20.64728701,False,False,False,True,True,False,False
2025-02-25,002975,11.4617,True,known,75.81492019,74.23842847,2.0473918496957,2.0473918496957,450779744.0,11926400.0,tdx,37.79679903407566,77.38485829,False,False,False,False,False,False,False
2025-02-25,600192,19.1623,True,known,11.44729385,11.32286674,1.7775301006026,1.7775301006026,303873024.0,46269300.0,tdx,6.567486951391095,11.67390574,False,False,False,False,False,False,False
2025-02-25,600198,39.3103,True,known,18.16062877,17.81592153,1.814248628672,1.814248628672,1410945664.0,139125300.0,tdx,10.141546246441157,18.39928637,False,False,False,False,False,False,False
2025-02-25,603618,54.385,True,known,21.23684822,20.87800747,3.2621886664999,3.2621886664999,422931168.0,64889500.0,tdx,6.517713466739611,21.262011,False,False,True,True,True,False,False
2025-02-25,605060,15.3684,True,known,25.44709269,25.11197805,1.0810149827465,1.0810149827465,357519296.0,14632700.0,tdx,24.432900011617814,26.41233098,False,False,False,False,False,False,False
2025-02-26,000065,20.4637,True,known,217.6898719,217.6898719,17.9168618877853,17.9168618877853,1440284032.0,113581800.0,tdx,12.680588192826667,227.1963473,False,False,False,True,True,False,False
2025-02-26,600100,12.7317,True,known,199.4837716,199.4837716,21.3351627364852,21.3351627364852,5904830691.0,611808348.0,tdx,9.65143857599014,205.9150127,False,False,False,False,False,False,False
2025-02-26,603115,17.494,True,known,18.38107945,18.28199008,1.2386172138768,1.2386172138768,241345376.0,16023300.0,tdx,15.062151741526403,18.65624043,False,False,True,True,True,False,False
2025-02-27,000529,24.1667,True,known,21.97885075,22.08606466,3.5737968702369,3.5737968702369,257823792.0,42120200.0,tdx,6.121143584313465,21.87572378,True,True,False,True,True,True,True
2025-02-27,002097,16.0465,True,known,44.46434203,43.62446001,4.94048244788,4.94048244788,1911306368.0,207068800.0,tdx,9.230296249362532,45.60211661,False,False,True,False,False,False,False
2025-02-27,002298,16.1131,True,known,20.38537641,20.44829423,3.145891420706,3.145891420706,1137500544.0,176929700.0,tdx,6.429110228525793,20.22528271,True,True,False,False,False,True,True
2025-02-27,603421,30.9719,True,known,12.18011953,12.18011953,1.5055771977202,1.5055771977202,586457152.0,69781900.0,tdx,8.404144226511459,12.65308791,False,False,False,True,True,False,False
2025-02-27,605208,4.2956,True,known,18.97006541,19.58084403,1.7964077091592,1.7964077091592,828640320.0,75490100.0,tdx,10.97680781983333,19.71882219,False,False,False,False,False,False,False
2025-02-28,000815,48.8108,True,known,48.49862722,47.07219701,3.5660755309718,3.5660755309718,2395618560.0,167538100.0,tdx,14.298947881108834,50.99112816,False,False,True,True,True,False,False
2025-02-28,001282,5.2448,True,known,40.79033169,40.80457412,1.4242434248171,1.4242434248171,519902048.0,17974700.0,tdx,28.92410154272394,41.19496144,False,False,False,False,False,False,False
2025-02-28,002209,63.4989,True,known,17.58247255,17.47297317,1.5642769174929,1.5642769174929,515585536.0,43354300.0,tdx,11.892373674583606,18.60296563,False,False,True,True,True,False,False
2025-02-28,002434,7.0455,True,known,58.65373206,59.85997847,7.5390401099244,7.5390401099244,965419328.0,121089300.0,tdx,7.9727880828446445,60.10716914,False,False,False,False,False,False,False
2025-02-28,002921,34.4935,True,known,19.6473942,19.47403484,1.4446613385112,1.4446613385112,297826528.0,21198400.0,tdx,14.049481470299645,20.29674271,False,False,False,False,False,False,False
2025-02-28,603320,7.9713,True,known,25.69023881,25.56586434,1.3819386129303,1.3819386129303,412313088.0,22104400.0,tdx,18.65298709759143,25.77728312,False,False,False,False,False,False,False
2025-02-28,603626,14.5223,True,known,21.56738569,21.92474003,2.1020843749329,2.1020843749329,2000182016.0,187334900.0,tdx,10.677038907325864,22.44403666,False,False,False,False,False,False,False
2025-03-03,000058,53.9007,True,known,39.4293078,39.57029459,4.6995599281199,4.6995599281199,553520640.0,64541600.0,tdx,8.576184042540005,40.30429086,False,False,False,False,False,False,False
2025-03-03,002406,48.4335,True,known,31.46569544,31.34083157,4.162129026208,4.162129026208,1540405632.0,190591500.0,tdx,8.082236783906943,33.63931231,False,False,True,True,True,False,False
2025-03-03,002741,33.3333,True,known,60.16531204,61.66714612,3.0649675009797,3.0649675009797,1921662976.0,94671600.0,tdx,20.298198995263625,62.21332025,False,False,False,False,False,False,False
2025-03-03,600729,77.3021,True,known,137.4130127,132.0259987,4.4155852399606,4.4155852399606,923489216.0,28246800.0,tdx,32.69358709659147,144.3613206,False,False,True,True,True,False,False
2025-03-05,000555,11.7339,True,known,42.5979532,42.85245926,3.1813258548373,3.1813258548373,1171265280.0,86251300.0,tdx,13.579682625073477,43.20139544,False,False,False,False,False,False,False
2025-03-05,000619,51.6576,True,known,60.07759552,59.98416224,9.3433274522088,9.3433274522088,299826656.0,46537300.0,tdx,6.442717046326281,60.19641505,False,False,True,True,True,False,False
2025-03-05,000973,12.4638,True,known,27.95687937,28.11732057,4.0110300390586,4.0110300390586,1011883776.0,142876100.0,tdx,7.082246617873808,28.40710393,False,False,False,False,False,False,False
2025-03-05,002037,29.7539,True,known,34.46733226,34.25843934,4.1778584560671,4.1778584560671,259518256.0,31680000.0,tdx,8.191864141414142,34.22444887,True,True,False,False,False,True,True
2025-03-05,002917,51.4377,True,known,40.22951641,39.82570696,2.5238090594373,2.5238090594373,1179344000.0,72949200.0,tdx,16.166647475229336,40.80153136,False,False,False,False,False,False,False
2025-03-05,600192,34.5391,True,known,12.65601432,12.60268841,1.7775301006026,1.7775301006026,265582960.0,36682200.0,tdx,7.240104464835806,12.86950362,False,False,False,False,False,False,False
2025-03-05,601789,11.6388,True,known,15.81160798,15.86180356,2.5097790438424,2.5097790438424,2377858816.0,368100600.0,tdx,6.459806954946555,16.21268812,False,False,False,False,False,False,False
2025-03-05,603978,51.5221,True,known,28.31263587,28.23197309,2.0165695066874,2.0165695066874,212908736.0,15245000.0,tdx,13.96580754345687,28.16302163,True,True,True,True,True,True,True
2025-03-05,603985,20.7435,True,known,60.67440137,61.78684265,4.6351719915393,4.6351719915393,414307840.0,31588600.0,tdx,13.115739222377693,60.79370709,False,False,False,False,False,False,False
2025-03-06,002164,16.4168,True,known,21.86351132,21.76886409,3.1549078388587,3.1549078388587,588741568.0,84938600.0,tdx,6.931378289729286,21.8678597,False,False,False,False,False,False,False
2025-03-06,002279,18.2456,True,known,76.48922317,77.4890823,9.9985912639324,9.9985912639324,876728448.0,114877300.0,tdx,7.631868506658844,76.30793378,True,True,False,False,False,False,True
2025-03-06,002313,61.7521,True,known,31.12191411,30.18126904,2.6875573498775,2.6875573498775,786503488.0,67939200.0,tdx,11.5765785879139,31.11271887,True,False,True,True,True,True,False
2025-03-06,002590,21.0577,True,known,65.583918,65.583918,4.708106102272,4.708106102272,558527168.0,39857900.0,tdx,14.012960241257066,65.97450362,False,False,False,False,False,False,False
2025-03-06,002679,37.5749,True,known,16.01831377,15.92801887,1.8058978316296,1.8058978316296,140776224.0,15999100.0,tdx,8.799008944253114,15.89011117,True,True,False,False,False,True,True
2025-03-06,002786,35.3914,True,known,32.63819289,32.63819289,3.0248556898931,3.0248556898931,682094720.0,61922900.0,tdx,11.015225708098296,33.31946816,False,False,False,False,False,False,False
2025-03-06,002933,20.5987,True,known,38.76051475,38.6879101,1.0372093859403,1.0372093859403,699668288.0,18549100.0,tdx,37.71979707910357,39.12332757,False,False,False,False,False,False,False
2025-03-06,600847,17.449,True,known,18.5877766,18.5877766,1.8606382978723,1.8606382978723,189388896.0,18455500.0,tdx,10.261921703557205,19.09372453,False,False,False,False,False,False,False
2025-03-06,603123,42.1579,True,known,10.31412048,10.13831161,1.1720591455171,1.1720591455171,916778176.0,98158000.0,tdx,9.339821267751992,10.94682293,False,False,True,True,True,False,False
2025-03-06,603320,4.1479,True,known,26.85106725,26.89252541,1.3819386129303,1.3819386129303,403299776.0,20901100.0,tdx,19.295624440818905,26.66536848,True,True,False,False,False,False,False
2025-03-07,000829,19.5294,True,known,222.2567962,215.9727498,16.536963999616702,16.536963999616702,2179995904.0,164437500.0,tdx,13.25729170049411,219.2353556,True,False,True,True,True,True,False
2025-03-07,000837,7.0737,True,known,49.2038322,49.24432918,4.0496981235897,4.0496981235897,1346180096.0,109294400.0,tdx,12.317008886091145,49.88016777,False,False,False,False,False,False,False
2025-03-07,002196,3.2143,True,known,20.36610203,20.92561033,2.7975414882348,2.7975414882348,862480704.0,116910900.0,tdx,7.377248006815447,20.63815737,False,False,False,False,False,False,False
2025-03-07,603985,8.8104,True,known,66.7928284,66.74647668,4.6351719915393,4.6351719915393,914974464.0,62788500.0,tdx,14.5723255691727,67.54523533,False,False,True,True,True,False,False
2025-03-10,002115,33.9474,True,known,52.60687042,53.35572267,6.2404354003286,6.2404354003286,2924706560.0,334689500.0,tdx,8.738566820889213,54.53246174,False,False,False,True,True,False,False
2025-03-10,002195,8.7719,True,known,190.9047781,195.4646056,30.398850013156,30.398850013156,12356897792.0,1860905800.0,tdx,6.640259701485158,201.8562587,False,False,False,False,False,False,False
2025-03-10,002358,28.2002,True,known,52.89056307,52.7193962,8.5583435395628,8.5583435395628,890139968.0,140749100.0,tdx,6.324303089682279,54.12555849,False,False,False,False,False,False,False
2025-03-10,002609,13.0909,True,known,52.19529685,52.08207495,5.6610951033646,5.6610951033646,563737152.0,59911100.0,tdx,9.409561032930458,53.26841989,False,False,False,False,False,False,False
2025-03-10,002657,52.1079,True,known,78.19223756,76.84535078,3.6402345231313,3.6402345231313,2002684160.0,90136800.0,tdx,22.218274445065724,80.87972968,False,False,True,True,True,False,False
2025-03-10,603219,30.2007,True,known,29.0724336,28.93818429,1.4916589838564,1.4916589838564,492300672.0,24693600.0,tdx,19.936366993876955,29.73826093,False,False,True,False,False,False,False
2025-03-10,603577,12.7629,True,known,19.65875537,19.57040141,2.2088489179937,2.2088489179937,290278720.0,32010700.0,tdx,9.068177828038749,20.03023478,False,False,False,False,False,False,False
2025-03-10,603583,6.2609,True,known,149.7615687,149.7615687,3.0145243298755,3.0145243298755,2480702720.0,49677000.0,tdx,49.9366451275238,150.5352317,False,False,False,False,False,False,False
2025-03-11,001268,21.542,True,known,22.27140541,21.90090144,1.0291776991344,1.0291776991344,382038528.0,16745000.0,tdx,22.815080800238878,23.48077236,False,False,True,True,True,False,False
2025-03-11,600367,17.7816,True,known,64.79819945,64.44555618,4.408040778624,4.408040778624,1118905984.0,72853500.0,tdx,15.358301028776928,67.70001723,False,False,True,True,True,False,False
2025-03-11,603158,13.7705,True,known,44.80543835,43.72734792,4.3123617275273,4.3123617275273,977353920.0,92731500.0,tdx,10.539610811860047,45.45061429,False,False,False,False,False,False,False
2025-03-12,605018,8.4483,True,known,14.95953231,15.06723233,1.0770001666094,1.0770001666094,461730208.0,32863500.0,tdx,14.049940146362987,15.13178788,False,False,False,True,True,False,False
2025-03-13,003025,15.8594,True,known,58.0400748,57.97739653,3.1339133258955,3.1339133258955,887996480.0,45827800.0,tdx,19.376807963725074,60.72523669,False,False,False,False,False,False,False
2025-03-13,600560,19.9353,True,known,93.41470932,90.34124431,4.6567651704008,4.6567651704008,1117747968.0,55007000.0,tdx,20.320104132201354,94.62595318,False,False,True,True,True,False,False
2025-03-14,000925,15.1829,True,known,31.38347393,31.87384071,3.5026198581189,3.5026198581189,1220576256.0,131594600.0,tdx,9.275276158748156,32.48776646,False,False,False,False,False,False,False
2025-03-14,002238,13.2542,True,known,33.52074841,34.36213266,3.3655369893538,3.3655369893538,855514880.0,82906300.0,tdx,10.319057538450034,34.72916984,False,False,False,False,False,False,False
2025-03-14,002406,30.9484,True,known,31.13272512,31.13272512,4.162129026208,4.162129026208,860920000.0,114164600.0,tdx,7.541041618855582,31.38678821,False,False,False,False,False,False,False
2025-03-14,002434,46.2413,True,known,60.76466329,60.68927288,7.5390401099244,7.5390401099244,835380288.0,101469800.0,tdx,8.23279722636686,62.06738851,False,False,False,False,False,False,False
2025-03-14,600449,0.1571,True,known,69.05704544,71.39422514,4.4097730165064,4.4097730165064,686014528.0,43874600.0,tdx,15.635801306450658,68.95033469,True,True,False,False,False,True,True
2025-03-14,603950,49.1953,True,known,39.40948797,38.68192819,1.5157495372231,1.5157495372231,473202197.0,17860500.0,tdx,26.49434209568601,40.15878677,False,False,True,True,True,False,False
2025-03-14,603988,39.7155,True,known,74.46104645,74.87224413,3.4266473286176,3.4266473286176,455449152.0,20725900.0,tdx,21.974879353851943,75.30016163,False,False,False,True,True,False,False
2025-03-18,002923,15.7895,True,known,42.75454286,42.19049876,3.7602940066975,3.7602940066975,363521472.0,32360200.0,tdx,11.233597814599415,42.24163054,True,False,True,True,True,True,False
2025-03-18,002946,12.996,True,known,17.21519213,16.71377877,1.0446111729403,1.0446111729403,648218304.0,39374700.0,tdx,16.462812516666794,17.19723789,True,False,True,True,True,True,False
2025-03-19,601798,35.2351,True,known,7.939069044,7.745695238,1.0742989234163,1.0742989234163,473786976.0,61203800.0,tdx,7.741136596093707,8.316294711,False,False,True,True,True,False,False
2025-03-20,603090,6.9197,True,known,23.28749446,23.68183648,1.0657892203422,1.0657892203422,222198720.0,10039700.0,tdx,22.13200792852376,23.58805547,False,False,False,False,False,False,False
2025-03-20,603390,17.3719,True,known,11.81445448,11.83503715,1.0291336651075,1.0291336651075,448189248.0,38653500.0,tdx,11.595049555667662,11.93285585,False,False,False,True,True,False,False
2025-03-20,605058,10.2543,True,known,26.78057899,27.18060336,1.0526957148309,1.0526957148309,416560608.0,15906400.0,tdx,26.188239199315998,27.56824718,False,False,False,True,True,False,False
2025-03-21,002838,20.6876,True,known,85.64678891,82.09718842,5.0708578396619,5.0708578396619,929629888.0,53960800.0,tdx,17.22787445701324,87.36010225,False,False,True,True,True,False,False
2025-03-24,000595,29.8039,True,known,40.05212306,37.21703069,5.1547133923219,5.1547133923219,1290996864.0,164753200.0,tdx,7.835944090919023,40.39204595,False,False,True,True,True,False,False
2025-03-24,002442,7.4595,True,known,17.38017645,17.35364183,2.6534620528307,2.6534620528307,310594016.0,47055600.0,tdx,6.600574979386088,17.51437523,False,False,False,False,False,False,False
2025-03-24,603355,14.1853,True,known,53.57594947,53.53874395,1.8602760232008,1.8602760232008,535918368.0,17992300.0,tdx,29.785984448903143,55.4101527,False,False,True,True,True,False,False
2025-03-25,002115,8.3099,True,known,59.2841363,59.78337114,6.2404354003286,6.2404354003286,3309680896.0,342340100.0,tdx,9.667815415138337,60.33137756,False,False,False,True,True,False,False
2025-03-25,601798,45.5377,True,known,9.174512806,8.261358721,1.0742989234163,1.0742989234163,743200832.0,84494900.0,tdx,8.79580698953428,9.449325979,False,False,True,True,True,False,False
2025-03-26,003039,15.6923,True,known,14.56299548,14.57328735,1.0291869594829,1.0291869594829,431152448.0,29697500.0,tdx,14.518139506692483,14.94187986,False,False,False,True,True,False,False
2025-03-26,603280,61.1011,True,known,28.55072651,26.83067914,1.0299684888833,1.0299684888833,517676864.0,17493600.0,tdx,29.592357433575707,30.47919567,False,False,True,True,True,False,False
2025-03-27,002255,10.774,True,known,33.35137317,32.93552063,4.1585253323535,4.1585253323535,1774702592.0,217332000.0,tdx,8.165859569690612,33.95793388,False,False,False,False,False,False,False
2025-03-27,600105,10.3247,True,known,81.70062437,81.23108056,11.7385954559799,11.7385954559799,2439764480.0,343281000.0,tdx,7.107193465411718,83.42846892,False,False,False,False,False,False,False
2025-03-27,603066,50.389,True,known,41.37612352,40.57301553,3.2124319502155,3.2124319502155,415068032.0,32298200.0,tdx,12.851119628957651,41.28334729,True,False,True,True,True,True,False
2025-03-27,603585,12.0755,True,known,31.88293206,31.84033629,2.1297883806337,2.1297883806337,244649936.0,15960300.0,tdx,15.328655225778965,32.64679179,False,False,True,True,True,False,False
2025-03-28,002248,56.1229,True,known,19.04879478,18.70392842,2.0286256422137,2.0286256422137,845741952.0,86856400.0,tdx,9.737243910638709,19.75322268,False,False,False,False,False,False,False
2025-03-28,002363,52.0375,True,known,23.43054169,23.28590872,2.8926594677495,2.8926594677495,350286976.0,42909800.0,tdx,8.163332758484076,23.61374179,False,False,False,False,False,False,False
2025-03-28,002708,57.5626,True,known,39.92230756,40.14200579,3.1385461915447,3.1385461915447,894675712.0,68933600.0,tdx,12.978804414683115,40.73457717,False,False,False,False,False,False,False
2025-03-28,002801,10.7515,True,known,176.7151212,175.1384807,4.379556907484,4.379556907484,808209536.0,19315900.0,tdx,41.841671162099615,183.24798,False,False,False,False,False,False,False
2025-03-28,603006,46.3619,True,known,28.69420054,28.55226714,2.3655565156797,2.3655565156797,145229824.0,11969200.0,tdx,12.133628312669185,28.70278351,False,False,False,False,False,False,False
2025-03-28,603045,57.8422,True,known,24.74706536,24.68931258,1.4438194494041,1.4438194494041,416812480.0,23142500.0,tdx,18.010693745273848,26.00418993,False,False,False,False,False,False,False
2025-03-28,603285,39.3716,True,known,29.90740741,26.93765432,1.0493827160494,1.0493827160494,887405760.0,29190100.0,tdx,30.400915378844196,31.90219515,False,False,False,False,False,False,False
2025-03-28,603353,65.9583,True,known,22.01557471,21.37461494,1.3933908042456,1.3933908042456,232035696.0,14022000.0,tdx,16.54797432605905,23.05779525,False,False,True,True,True,False,False
2025-03-28,603527,13.1689,True,known,23.1947488,23.32703824,2.2048240304101,2.2048240304101,429091584.0,40204300.0,tdx,10.672778384401669,23.53159825,False,False,False,False,False,False,False
2025-03-28,603657,58.7452,True,known,27.58750235,26.75008103,1.5800402259594,1.5800402259594,260876784.0,14715100.0,tdx,17.728509082507085,28.0117575,False,False,True,True,True,False,False
2025-03-31,002054,48.3379,True,known,23.92663997,23.36531118,3.5083049812672,3.5083049812672,397194304.0,58404200.0,tdx,6.800783231342951,23.85922169,True,False,True,True,True,True,False
2025-03-31,600746,27.6506,True,known,72.05139784,68.88613412,8.329641368406499,8.329641368406499,637569088.0,70928700.0,tdx,8.988873164177548,74.87408976,False,False,False,False,False,False,False
2025-03-31,603078,10.3605,True,known,102.296874,102.2432031,5.3670972737694,5.3670972737694,1453183360.0,74873800.0,tdx,19.408436061746567,104.1669643,False,False,True,True,True,False,False
2025-04-01,001269,33.6207,True,known,37.68625184,37.68625184,1.4607074355908,1.4607074355908,295025056.0,11188000.0,tdx,26.369776188773685,38.51852815,False,False,False,True,True,False,False
2025-04-03,001258,23.0769,True,known,7.863698285,7.731278495,1.0186137674994,1.0186137674994,833385344.0,103637600.0,tdx,8.041341598030058,8.191021261,False,False,True,True,True,False,False
2025-04-03,600851,8.125,True,known,137.9243195,137.9243195,20.1055859304379,20.1055859304379,341299840.0,49606200.0,tdx,6.880185138148054,138.3301535,False,False,False,False,False,False,False
2025-04-03,603192,30.0443,True,known,25.68809069,24.94654994,1.3991334795849,1.3991334795849,206894944.0,11176400.0,tdx,18.511769800651372,25.90043689,False,False,True,True,True,False,False
2025-04-07,603985,36.9946,True,known,76.94385506,69.24946955,4.6351719915393,4.6351719915393,1407425152.0,85512500.0,tdx,16.458706645227306,76.28893606,True,False,True,True,True,True,False
2025-04-08,603313,38.8948,True,known,12.36733285,12.03948014,1.8214039543222,1.8214039543222,441595072.0,62736600.0,tdx,7.038874787604046,12.82063437,False,False,True,True,True,False,False
2025-04-10,601038,69.5941,True,known,15.43497608,14.92011173,1.0954560737987,1.0954560737987,536520448.0,37560500.0,tdx,14.284166824190306,15.64767731,False,False,True,True,True,False,False
2025-04-10,603029,67.4758,True,known,23.65037593,22.63815625,1.367864426143,1.367864426143,257247664.0,14517300.0,tdx,17.72007632273219,24.23866203,False,False,False,False,False,False,False
2025-04-11,000582,0.0,True,known,52.10104403,56.20133606,5.4670560372052,5.4670560372052,2044450048.0,208599400.0,tdx,9.800843377305975,53.58175996,False,False,False,False,False,False,False
2025-04-11,000697,71.9154,True,known,29.91407207,29.30898338,3.781804306846,3.781804306846,347431648.0,42499200.0,tdx,8.17501618854002,30.91631143,False,False,True,True,True,False,False
2025-04-11,000920,14.2336,True,known,32.23832036,32.59544173,3.2465579412752,3.2465579412752,541698048.0,52650700.0,tdx,10.288525090834499,33.40229284,False,False,False,True,True,False,False
2025-04-11,600685,40.6306,True,known,49.70655627,49.29490777,2.058242495724,2.058242495724,1151784192.0,46930100.0,tdx,24.542547149910185,50.5145135,False,False,False,False,False,False,False
2025-04-14,001206,41.6258,True,known,36.82462094,37.36715679,2.2605660489737,2.2605660489737,159724224.0,9767200.0,tdx,16.35312310590548,36.96731489,False,False,False,True,True,False,False
2025-04-14,001223,34.137,True,known,48.52497053,48.66772102,1.0196463654224,1.0196463654224,73884016.0,1522000.0,tdx,48.54403153745072,49.49774532,False,False,False,False,False,False,False
2025-04-14,001317,19.534,True,known,38.96927037,37.54851572,1.0148247491872,1.0148247491872,542126464.0,13500300.0,tdx,40.156623482441134,40.75193535,False,False,True,False,False,False,False
2025-04-14,600278,18.913,True,known,16.766036,15.9335156,2.3125566902165,2.3125566902165,513738816.0,69331400.0,tdx,7.409901083780221,17.13581633,False,False,False,False,False,False,False
2025-04-14,600859,19.9628,True,known,78.3350688,77.31394127,4.8625120295589,4.8625120295589,3304771584.0,197256900.0,tdx,16.753642503760325,81.46478821,False,False,True,False,False,False,False
2025-04-14,603600,47.2811,True,known,31.66393698,31.82902528,3.3017661082578,3.3017661082578,189820054.0,19768109.0,tdx,9.602337482052532,31.70467246,False,False,False,True,True,False,False
2025-04-14,605016,37.1108,True,known,45.92714916,46.08292242,2.5962209813505,2.5962209813505,212375136.0,11933400.0,tdx,17.796699683241993,46.20416512,False,False,False,False,False,False,False
2025-04-15,000710,41.1691,True,known,46.71933008,47.90829506,3.4969558441558,3.4969558441558,588178944.0,43562400.0,tdx,13.501986667401246,47.21585118,False,False,False,False,False,False,False
2025-04-15,000948,49.8288,True,known,46.81206164,46.58057342,2.5720912988919,2.5720912988919,1066715584.0,57492900.0,tdx,18.553866373065198,47.72223826,False,False,False,False,False,False,False
2025-04-15,001269,47.3521,True,known,34.41426718,34.41426718,1.4607074355908,1.4607074355908,254599808.0,10563500.0,tdx,24.101842003123963,35.20573983,False,False,False,False,False,False,False
2025-04-15,001296,37.772,True,known,33.7053983,33.68632338,1.9074928298552,1.9074928298552,195626112.0,10834600.0,tdx,18.055683827737063,34.44108744,False,False,False,False,False,False,False
2025-04-15,002077,24.9773,True,known,21.69398226,21.45881714,1.4697819961494,1.4697819961494,793287168.0,53364900.0,tdx,14.865335979267272,21.84880319,False,False,False,False,False,False,False
2025-04-15,002730,45.2065,True,known,36.76882254,36.95958167,2.3844891401462,2.3844891401462,571894400.0,36693400.0,tdx,15.585756566576006,37.16406727,False,False,False,False,False,False,False
2025-04-15,002802,9.5765,True,known,32.60775362,32.60775362,2.1050841588741,2.1050841588741,258551264.0,16763800.0,tdx,15.423189491642706,32.46711188,True,True,False,False,False,True,True
2025-04-15,600192,67.9086,True,known,11.44729385,11.37619264,1.7775301006026,1.7775301006026,118608848.0,18291000.0,tdx,6.484546935651413,11.52647737,False,False,True,True,True,False,False
2025-04-15,603101,37.1429,True,known,16.1456838,16.1456838,2.1023025774944,2.1023025774944,309250464.0,38989400.0,tdx,7.931654860038883,16.67473846,False,False,False,False,False,False,False
2025-04-15,603226,15.5921,True,known,28.20472566,28.246387,4.1661337761422,4.1661337761422,157016240.0,22386200.0,tdx,7.013974680830154,29.22115682,False,False,False,False,False,False,False
2025-04-15,603375,34.1176,True,known,36.56997732,35.99351474,1.0113378684807,1.0113378684807,295510208.0,7945500.0,tdx,37.19214750487698,37.61382718,False,False,False,False,False,False,False
2025-04-15,603688,10.6077,True,known,111.2832859,113.3558973,2.6571940291029,2.6571940291029,3421060864.0,79384200.0,tdx,43.09498444274805,114.5117353,False,False,False,False,False,False,False
2025-04-15,603933,53.529,True,known,31.59411611,31.42661914,2.0937121346023,2.0937121346023,181572464.0,11900700.0,tdx,15.257292764291176,31.944379,False,False,True,True,True,False,False
2025-04-16,001300,45.0445,True,known,11.65493291,11.59464878,1.0047355958958,1.0047355958958,112791212.0,9727000.0,tdx,11.5956833556081,11.65059583,True,False,False,False,False,False,False
2025-04-16,002058,68.0287,True,known,24.37307879,24.49232085,2.3848413684245,2.3848413684245,122114240.0,11562100.0,tdx,10.561596941732038,25.1877333,False,False,False,True,True,False,False
2025-04-16,002095,48.5041,True,known,76.77816852,78.47344476,4.4612532549987,4.4612532549987,278780640.0,16207400.0,tdx,17.200824314819158,76.73723346,True,True,False,False,False,False,True
2025-04-16,002103,58.6613,True,known,22.3788746,21.6431958,2.3731574337606,2.3731574337606,834989952.0,84822000.0,tdx,9.844025748037065,23.36142288,False,False,False,False,False,False,False
2025-04-16,002137,54.3534,True,known,24.04282251,24.07584836,3.3025855095075,3.3025855095075,291261504.0,39449400.0,tdx,7.383166892272126,24.38353999,False,False,False,False,False,False,False
2025-04-16,002861,67.4187,True,known,17.72607486,17.5595025,1.3881029646588,1.3881029646588,290597120.0,22875200.0,tdx,12.703588165349373,17.63388839,True,False,True,False,False,True,False
2025-04-16,002987,49.3389,True,known,71.42254978,71.02990245,3.9264733251473,3.9264733251473,718128640.0,39307500.0,tdx,18.2695068371176,71.73473126,False,False,False,False,False,False,False
2025-04-16,603011,38.8199,True,known,22.52473275,22.62969423,2.0992295202396,2.0992295202396,1018008960.0,94222300.0,tdx,10.804331458688655,22.68077154,False,False,False,False,False,False,False
2025-04-16,603215,77.567,True,known,16.17576184,16.14366707,1.069825518201,1.069825518201,137808400.0,9195200.0,tdx,14.986993213850704,16.03346778,True,True,True,True,True,True,True
2025-04-16,603617,57.4863,True,known,20.16519709,20.16519709,2.9698375688761,2.9698375688761,160167616.0,23522700.0,tdx,6.809065966066821,20.22181991,False,False,False,False,False,False,False
2025-04-16,603798,58.8377,True,known,25.15199102,25.15199102,2.8292453340052,2.8292453340052,123209976.0,13682400.0,tdx,9.004997368882652,25.47734679,False,False,False,False,False,False,False
2025-04-16,603917,64.427,True,known,19.18336458,19.00253161,1.5069414441474,1.5069414441474,223495456.0,17426700.0,tdx,12.824886868999869,19.32635354,False,False,False,False,False,False,False
2025-04-16,605299,71.8141,True,known,9.564738591,9.465335996,1.1044732784245,1.1044732784245,144579360.0,16373900.0,tdx,8.829867044503754,9.752352203,False,False,False,False,False,False,False
2025-04-17,000600,11.8943,True,known,48.63531944,48.56229343,7.302600516168499,7.302600516168499,1477385061.0,218104262.0,tdx,6.7737560350838075,49.46603432,False,False,False,False,False,False,False
2025-04-17,002279,34.6341,True,known,70.89001206,66.69060373,9.9985912639324,9.9985912639324,1445794176.0,199464500.0,tdx,7.248378413201347,72.47357308,False,False,False,False,False,False,False
2025-04-17,600128,41.9384,True,known,32.97911991,32.28282371,3.1649827169661,3.1649827169661,898995776.0,81969100.0,tdx,10.967495995442185,34.71193527,False,False,False,False,False,False,False
2025-04-17,601083,58.8308,True,known,11.47279416,11.38965797,1.0392023698587,1.0392023698587,743603264.0,66761700.0,tdx,11.138171496531694,11.57481422,False,False,True,True,True,False,False
2025-04-17,603687,56.5016,True,known,6.943190879,6.902288429,1.0225612487415,1.0225612487415,179152416.0,26010300.0,tdx,6.887748930231485,7.043145147,False,False,True,True,True,False,False
2025-04-17,603955,16.5707,True,known,27.47696339,27.32887588,1.3462500433689,1.3462500433689,314281664.0,15178300.0,tdx,20.70598578233399,27.87543426,False,False,False,False,False,False,False
2025-04-18,600629,22.6974,True,known,74.17976456,73.4551759,9.057358310418302,9.057358310418302,535746624.0,64134600.0,tdx,8.353472602931959,75.6603945,False,False,True,True,True,False,False
2025-04-21,001300,65.4908,True,known,12.28791634,11.95635359,1.0047355958958,1.0047355958958,163331956.0,13354200.0,tdx,12.230755567536805,12.28867548,False,False,True,True,True,False,False
2025-04-21,001368,17.5839,True,known,24.62710423,24.49748789,1.0801361502551,1.0801361502551,352897728.0,14970700.0,tdx,23.572560267722952,25.4615745,False,False,False,False,False,False,False
2025-04-21,002584,16.0669,True,known,24.46439647,24.46439647,2.7002645109842,2.7002645109842,1777795456.0,190637300.0,tdx,9.325538370507765,25.18142031,False,False,False,False,False,False,False
2025-04-21,600250,52.2046,True,known,27.05138141,25.74900798,2.7132779749384,2.7132779749384,818215211.0,77914414.0,tdx,10.501461398400558,28.49338392,False,False,True,False,False,False,False
2025-04-21,600857,38.8496,True,known,58.07488024,57.3709423,5.8661495192847,5.8661495192847,324903776.0,32256100.0,tdx,10.072630479196183,59.08755644,False,False,False,False,False,False,False
2025-04-21,603536,46.7279,True,known,20.41970925,20.07498724,2.0277764892685,2.0277764892685,508297600.0,48268400.0,tdx,10.530649451815266,21.35380338,False,False,False,False,False,False,False
2025-04-21,603928,82.3387,True,known,15.97033182,15.97033182,1.5370867969654,1.5370867969654,273473184.0,25707400.0,tdx,10.637916864404803,16.35140156,False,False,False,True,True,False,False
2025-04-22,002446,24.2487,True,known,31.69604849,31.59653185,4.975831787714,4.975831787714,830526784.0,127899200.0,tdx,6.493604213317988,32.31108226,False,False,True,True,True,False,False
2025-04-23,000862,12.2727,True,known,17.12377681,17.09588793,2.7888887320752,2.7888887320752,856105216.0,136376800.0,tdx,6.277498929436678,17.50724603,False,False,False,False,False,False,False
2025-04-23,002279,70.2401,True,known,67.89043468,67.19053329,9.9985912639324,9.9985912639324,959986304.0,138899800.0,tdx,6.911358432481545,69.10384804,False,False,True,True,True,False,False
2025-04-23,002651,24.8713,True,known,21.28884508,21.16268896,3.1539029744718,3.1539029744718,410693920.0,59941100.0,tdx,6.851624678225791,21.60935945,False,False,True,True,True,False,False
2025-04-23,603256,23.1161,True,known,8.96123035,9.14835581,1.0395858874907,1.0395858874907,158047888.0,18156300.0,tdx,8.704851098516768,9.049440355,False,False,False,False,False,False,False
2025-04-24,600571,14.9593,True,known,207.7074066,205.256926,11.6689554275587,11.6689554275587,3144087552.0,167234600.0,tdx,18.80046086156812,219.3817398,False,False,True,True,True,False,False
2025-04-24,603676,7.9042,True,known,12.30827501,12.02980725,1.1138710415979,1.1138710415979,229547440.0,21289800.0,tdx,10.782038347001851,12.00980028,True,True,True,True,True,True,True
2025-04-25,000678,31.5246,True,known,55.20976214,54.2302341,4.4524001725626,4.4524001725626,1810488320.0,143422600.0,tdx,12.623452091929725,56.20466027,False,False,False,False,False,False,False
2025-04-25,002164,45.9758,True,known,24.16659405,24.16659405,3.1549078388587,3.1549078388587,729219712.0,92280800.0,tdx,7.9021823824674255,24.93065714,False,False,False,True,True,False,False
2025-04-25,002369,69.9754,True,known,36.21529797,36.68785821,4.2960021321814,4.2960021321814,800892800.0,93563700.0,tdx,8.559866700440448,36.7732056,False,False,False,True,True,False,False
2025-04-25,002553,32.4147,True,known,101.1571484,101.4993911,4.8891806870219,4.8891806870219,2270096384.0,107782000.0,tdx,21.061924848304912,102.9755562,False,False,False,False,False,False,False
2025-04-25,002981,54.2533,True,known,32.1176237,32.1176237,1.4351038294165,1.4351038294165,223788048.0,9995000.0,tdx,22.38999979989995,32.13197445,False,False,False,False,False,False,False
2025-04-25,003018,27.605,True,known,11.82721733,11.76252881,1.0781419627803,1.0781419627803,188906896.0,16905600.0,tdx,11.17422014007193,12.04739563,False,False,False,False,False,False,False
2025-04-25,601177,24.3564,True,known,19.33650609,19.33650609,1.0429614937818,1.0429614937818,1520938752.0,80533900.0,tdx,18.885695986410692,19.6970537,False,False,False,False,False,False,False
2025-04-25,603178,28.0,True,known,20.19863707,20.20921227,1.0575202653473,1.0575202653473,612628992.0,29601200.0,tdx,20.696086374876693,21.88653075,False,False,False,False,False,False,False
2025-04-25,603890,54.4005,True,known,32.43902382,32.40945315,2.9570668934622,2.9570668934622,359036128.0,32562500.0,tdx,11.026061512476007,32.60480146,False,False,True,False,False,False,False
2025-04-25,605018,35.9276,True,known,11.96547185,11.84700183,1.0770001666094,1.0770001666094,219343296.0,19388600.0,tdx,11.313003311224122,12.18410645,False,False,True,False,False,False,False
2025-04-25,605080,44.0568,True,known,33.52582075,34.2676687,1.4266306703852,1.4266306703852,254175984.0,10647700.0,tdx,23.871444912985904,34.05573546,False,False,False,False,False,False,False
2025-04-28,000881,0.0,True,known,37.67580368,41.25423822,5.112049346272,5.112049346272,488638848.0,64990900.0,tdx,7.51857333872896,38.43531792,False,False,False,True,True,False,False
2025-04-28,000953,18.75,True,known,16.24250993,16.08608126,2.6071444510711,2.6071444510711,519962816.0,81704000.0,tdx,6.363982375403897,16.59182134,False,False,True,True,True,False,False
2025-04-28,002365,17.482,True,known,40.76972611,41.2857986,3.4404832162763,3.4404832162763,1313710720.0,100448300.0,tdx,13.078476390342097,44.99627852,False,False,False,False,False,False,False
2025-04-29,002095,62.9545,True,known,89.53735283,80.57023379,4.4612532549987,4.4612532549987,900229760.0,43949100.0,tdx,20.483462915054005,91.3819156,False,False,True,True,True,False,False
2025-04-29,601566,16.641,True,known,16.14388828,16.01719858,1.8098529465733,1.8098529465733,171034640.0,19028800.0,tdx,8.988198940553266,16.26731834,False,False,False,False,False,False,False
2025-04-29,603280,77.7624,True,known,26.35689363,23.7201743,1.0299684888833,1.0299684888833,383605856.0,14747200.0,tdx,26.012114570901595,26.79165834,False,False,True,True,True,False,False
2025-04-30,002769,40.2063,True,known,37.56940374,36.90218756,5.1324322052626,5.1324322052626,276399360.0,36921500.0,tdx,7.486135720379725,38.42208406,False,False,True,True,True,False,False
2025-04-30,603985,5.2645,True,known,79.72495825,79.86401341,4.6351719915393,4.6351719915393,741910208.0,43117300.0,tdx,17.206787252448553,79.75641834,False,False,False,True,True,False,False
2025-05-06,002633,34.9474,True,known,18.28569872,18.3466003,1.522539444027,1.522539444027,152700832.0,12660400.0,tdx,12.061296009604751,18.36379892,False,False,False,True,True,False,False
2025-05-07,002006,13.8122,True,known,145.0808739,145.2387421,7.8934098981653,7.8934098981653,1571256448.0,83716900.0,tdx,18.76868885493849,148.1489544,False,False,False,True,True,False,False
2025-05-08,002272,20.5854,True,known,37.91275534,37.87781271,3.494263164807,3.494263164807,1690410752.0,151895000.0,tdx,11.128811033937918,38.88699446,False,False,False,False,False,False,False
2025-05-08,002355,17.9605,True,known,15.01968181,14.35028095,2.0918776891339,2.0918776891339,1386508544.0,188423000.0,tdx,7.358488846902979,15.39305864,False,False,False,False,False,False,False
2025-05-08,002639,23.301,True,known,25.90783968,25.90783968,3.0879427504468,3.0879427504468,1412319104.0,166696700.0,tdx,8.472387899700474,26.16224879,False,False,False,False,False,False,False
2025-05-08,002664,24.1121,True,known,61.98016284,60.3909279,3.1784698892369,3.1784698892369,1351666688.0,68041100.0,tdx,19.865444385819746,63.14171682,False,False,False,False,False,False,False
2025-05-08,002790,33.9013,True,known,22.76021622,22.60368103,3.1307037440452,3.1307037440452,113869968.0,15662400.0,tdx,7.270275819797732,22.76107973,False,False,True,False,False,False,False
2025-05-08,600203,34.5763,True,known,16.19749803,16.26491737,1.6854836656509,1.6854836656509,762869696.0,79029600.0,tdx,9.652961624505249,16.26990914,False,False,False,True,True,False,False
2025-05-08,600775,27.0866,True,known,14.62425944,14.62425944,1.4682991406387,1.4682991406387,673603584.0,66231400.0,tdx,10.170456671608935,14.93327279,False,False,False,False,False,False,False
2025-05-08,603011,27.5676,True,known,23.6163321,23.51137063,2.0992295202396,2.0992295202396,1750563712.0,154094000.0,tdx,11.360362583877373,23.8480085,False,False,True,False,False,False,False
2025-05-08,603169,34.7495,True,known,12.08376586,12.10005126,1.6285398733125,1.6285398733125,1199996032.0,160632200.0,tdx,7.470457554587436,12.165938,False,False,False,True,True,False,False
2025-05-09,002290,14.6903,True,known,77.52476116,77.71073557,2.6567772842988,2.6567772842988,606466176.0,20066200.0,tdx,30.223269777038006,80.2964966,False,False,False,True,True,False,False
2025-05-09,002826,7.663,True,known,11.89287224,11.89287224,1.0441503281659,1.0441503281659,338715264.0,29642900.0,tdx,11.426522506232521,11.93100722,False,False,False,False,False,False,False
2025-05-09,002975,37.7295,True,known,66.04886107,65.76222621,2.0473918496957,2.0473918496957,297950720.0,9226800.0,tdx,32.291880175141976,66.11413228,False,False,True,True,True,False,False
2025-05-12,002158,36.0805,True,known,83.44792603,81.46517572,4.3103267576796,4.3103267576796,878603200.0,44573300.0,tdx,19.711423654968332,84.96267681,False,False,True,True,True,False,False
2025-05-12,002560,18.6275,True,known,31.91357026,30.8383152,4.3010202507531,4.3010202507531,1283580672.0,164449600.0,tdx,7.805313433416682,33.57081114,False,False,True,False,False,False,False
2025-05-12,002583,23.4168,True,known,72.24697726,73.03717857,5.6442950981321,5.6442950981321,3894536960.0,299288400.0,tdx,13.012655886429277,73.44726983,False,False,False,False,False,False,False
2025-05-12,002599,40.9339,True,known,32.20592299,32.83879048,3.5159304579209,3.5159304579209,629975616.0,68519600.0,tdx,9.194093602414492,32.32579373,False,False,False,True,True,False,False
2025-05-12,603579,19.5739,True,known,78.25642428,79.52888646,3.1811554585184,3.1811554585184,617890112.0,24950900.0,tdx,24.76424145020821,78.77890187,False,False,False,False,False,False,False
2025-05-12,605060,32.2034,True,known,21.9554143,21.07979216,1.0810149827465,1.0810149827465,344808576.0,16445000.0,tdx,20.967380723624203,22.66605271,False,False,False,False,False,False,False
2025-05-13,000953,14.5313,True,known,16.42501004,16.55536726,2.6071444510711,2.6071444510711,445382752.0,69591800.0,tdx,6.399931486180843,16.68554586,False,False,False,True,True,False,False
2025-05-13,002144,18.2449,True,known,14.83759843,14.33203842,1.1757209535239,1.1757209535239,681576384.0,50939700.0,tdx,13.3800627801106,15.73122017,False,False,False,False,False,False,False
2025-05-13,600156,19.076,True,known,12.14969177,11.86493337,1.8983893386204,1.8983893386204,592417472.0,88864400.0,tdx,6.666533189893816,12.65567553,False,False,True,True,True,False,False
2025-05-14,001356,53.9697,True,known,15.97,15.83,1.0,1.0,864125120.0,52707000.0,tdx,16.394883412070502,16.39488341,False,False,True,True,True,False,False
2025-05-14,002735,13.8462,True,known,36.39256001,36.56487327,3.4462651527741,3.4462651527741,444836352.0,42091700.0,tdx,10.568267663221015,36.42105257,False,False,False,False,False,False,False
2025-05-14,002892,21.2833,True,known,129.0964111,123.7291642,7.0621669082299,7.0621669082299,2161874688.0,112801700.0,tdx,19.165266906438468,135.3483137,False,False,False,False,False,False,False
2025-05-14,600523,7.6263,True,known,33.69574975,33.61060572,2.1286007421697,2.1286007421697,1406056704.0,86888400.0,tdx,16.182329332799316,34.44571823,False,False,False,False,False,False,False
2025-05-14,603600,23.2215,True,known,37.27693936,36.31942719,3.3017661082578,3.3017661082578,562750426.0,47523152.0,tdx,11.841605666223487,39.09821226,False,False,True,True,True,False,False
2025-05-14,603712,18.3333,True,known,21.87667638,21.77468721,1.0198916727511,1.0198916727511,1553245440.0,69557900.0,tdx,22.33025206338892,22.77443813,False,False,False,False,False,False,False
2025-05-15,001238,13.4658,True,known,35.98697103,35.72488105,1.0080384043205,1.0080384043205,143653424.0,3945500.0,tdx,36.40943454568496,36.7021083,False,False,True,True,True,False,False
2025-05-16,002404,20.4532,True,known,40.25669613,39.52916547,6.0627554405921,6.0627554405921,474811168.0,70197100.0,tdx,6.763971275166638,41.00830365,False,False,True,True,True,False,False
2025-05-16,603803,50.2633,True,known,10.71918079,10.65512194,1.0676474892187,1.0676474892187,613857792.0,58799600.0,tdx,10.439829386594466,11.14605763,False,False,True,True,True,False,False
2025-05-19,002626,9.749,True,known,157.9366465,156.372102,8.234444551424499,8.234444551424499,1423771904.0,73610200.0,tdx,19.3420464011781,159.2710086,False,False,True,True,True,False,False
2025-05-19,600223,36.4795,True,known,16.45106597,15.43508565,1.953808310333,1.953808310333,1164198016.0,133294600.0,tdx,8.73402235349369,17.06460546,False,False,True,True,True,False,False
2025-05-20,002284,3.3616,True,known,88.38748712,90.31909008,6.6606998581661,6.6606998581661,1990844160.0,146703100.0,tdx,13.570566402482292,90.38946971,False,False,False,True,True,False,False
2025-05-21,002389,33.2796,True,known,132.5436429,132.1064113,6.2461660200724,6.2461660200724,2470533632.0,112170100.0,tdx,22.024885704835782,137.5710927,False,False,True,True,True,False,False
2025-05-21,002990,34.4943,True,known,61.0720216,59.27332508,2.0915075891253,2.0915075891253,698055168.0,23577200.0,tdx,29.607212391632594,61.92370941,False,False,True,True,True,False,False
2025-05-22,002103,15.7047,True,known,25.03681093,24.1350111,2.3731574337606,2.3731574337606,1530497920.0,139931100.0,tdx,10.937510817823915,25.9564351,False,False,False,False,False,False,False
2025-05-22,002277,12.5106,True,known,40.06840882,40.13241586,6.4007042843826,6.4007042843826,1889175680.0,290024700.0,tdx,6.513844096726934,41.69318982,False,False,False,False,False,False,False
2025-05-22,002297,39.8302,True,known,24.13456744,23.68260924,3.0130546112362,3.0130546112362,1222938752.0,144010700.0,tdx,8.49199921950244,25.58685741,False,False,True,True,True,False,False
2025-05-22,600198,20.0,True,known,16.72737236,16.54594749,1.814248628672,1.814248628672,1299506304.0,137450800.0,tdx,9.454337872169532,17.15251952,False,False,False,False,False,False,False
2025-05-22,600550,20.9845,True,known,74.07074309,68.72543174,7.6361590819422,7.6361590819422,3691373969.0,365595538.0,tdx,10.096879161036151,77.1013755,False,False,True,True,True,False,False
2025-05-22,603725,11.1972,True,known,16.68473608,16.5187188,2.0752159299805,2.0752159299805,362261920.0,44700800.0,tdx,8.104148471615721,16.81785801,False,False,False,False,False,False,False
2025-05-23,000953,28.4131,True,known,18.66715427,18.14572538,2.6071444510711,2.6071444510711,917832064.0,121550100.0,tdx,7.551059719407882,19.68670345,False,False,False,False,False,False,False
2025-05-23,002580,33.7629,True,known,57.46743582,57.34094844,4.2162462084615,4.2162462084615,1920521472.0,136611300.0,tdx,14.05829145905207,59.27321806,False,False,False,False,False,False,False
2025-05-23,002882,14.11,True,known,24.14919393,23.70535861,1.1380392993505,1.1380392993505,1651426944.0,73727800.0,tdx,22.39897221943419,25.49091065,False,False,False,False,False,False,False
2025-05-23,603321,44.3874,True,known,9.38228624,8.836169462,1.0922335552559,1.0922335552559,440135360.0,48924700.0,tdx,8.996179026136083,9.825928601,False,False,True,True,True,False,False
2025-05-23,603970,57.6704,True,known,33.27161073,32.66503848,2.2465638572748,2.2465638572748,384591488.0,25377500.0,tdx,15.154821712146587,34.04627472,False,False,True,True,True,False,False
2025-05-26,002364,63.0055,True,known,107.5635266,106.9622398,6.6809643831456,6.6809643831456,1415497984.0,85765400.0,tdx,16.504301081788228,110.2646477,False,False,True,True,True,False,False
2025-05-26,002952,47.2034,True,known,50.72496662,49.91238221,2.4623770205242,2.4623770205242,341198688.0,16592400.0,tdx,20.563552469805455,50.63521906,True,False,True,True,True,True,False
2025-05-26,603839,24.7124,True,known,13.89673008,13.30820736,1.8984603930291,1.8984603930291,266289424.0,36541800.0,tdx,7.287255252888473,13.83456547,True,False,False,False,False,True,False
2025-05-28,002835,18.9231,True,known,40.75185871,40.18263979,2.1082182469662,2.1082182469662,736706368.0,36802300.0,tdx,20.017943661129873,42.20219409,False,False,True,True,True,False,False
2025-05-28,603076,7.3718,True,known,39.63454093,38.84328875,1.4386403239799,1.4386403239799,300360608.0,10992800.0,tdx,27.323394221672366,39.30853672,True,False,True,True,True,True,False
2025-05-29,002258,15.2782,True,known,66.70972688,63.67495849,5.5177607013958,5.5177607013958,1850442624.0,148908400.0,tdx,12.426717525673501,68.56765361,False,False,False,False,False,False,False
2025-05-29,002549,13.4928,True,known,91.13091636,90.87894147,8.3991627979521,8.3991627979521,2182815232.0,196111400.0,tdx,11.130486203249786,93.48676564,False,False,False,False,False,False,False
2025-05-29,002846,15.7426,True,known,33.17235044,32.48456646,2.6453230014281,2.6453230014281,1007717312.0,76622000.0,tdx,13.151801205919972,34.79076224,False,False,False,False,False,False,False
2025-05-29,600189,15.1965,True,known,22.07787937,21.50121834,2.7460048963058,2.7460048963058,704116992.0,86987000.0,tdx,8.094508282846862,22.22755938,False,False,False,False,False,False,False
2025-05-29,600616,26.0267,True,known,2572.060805,2514.304949,385.0390426600353,385.0390426600353,833887616.0,120555200.0,tdx,6.917060533266089,2663.338366,False,False,True,True,True,False,False
2025-05-29,603599,76.5053,True,known,53.6305457,52.0067835,4.6393205621136,4.6393205621136,1074813440.0,89062400.0,tdx,12.068094279965507,55.98775794,False,False,True,True,True,False,False
2025-05-30,002277,12.8724,True,known,41.41255672,41.70081118,6.4007042843826,6.4056545583844,1944374656.0,288575200.0,tdx,6.737843917287417,43.12694643,False,False,False,False,False,False,False
2025-05-30,002829,16.5169,True,known,52.59836723,51.03191981,2.4475740918217,2.4475740918217,1010897728.0,46114500.0,tdx,21.921472161684502,53.65442732,False,False,True,True,True,False,False
2025-05-30,600192,15.7826,True,known,15.39341067,15.10900586,1.7775301006026,1.7775301006026,1023974464.0,112894600.0,tdx,9.070181071548152,16.12251987,False,False,True,True,True,False,False
2025-05-30,603680,10.0196,True,known,21.93083985,21.77105231,1.9973442487822,1.9973442487822,303975040.0,27275300.0,tdx,11.144700149952522,22.25980275,False,False,False,False,False,False,False
2025-06-03,000037,44.0387,True,known,54.58983088,53.06202076,5.8761927747633,5.8761927747633,631899648.0,66090800.0,tdx,9.561083358046808,56.18276895,False,False,True,True,True,False,False
2025-06-03,002015,11.63,True,known,41.44680465,42.86334101,5.24643096851,5.24643096851,950743168.0,115117800.0,tdx,8.258871938136414,43.3296015,False,False,False,False,False,False,False
2025-06-03,002355,10.6319,True,known,15.66816389,15.43805735,2.0918776891339,2.0918776891339,1052560256.0,137841500.0,tdx,7.636018586565004,15.97361692,False,False,False,False,False,False,False
2025-06-03,002609,10.8417,True,known,61.41989596,61.41989596,5.6975784752312,5.6975784752312,522999232.0,46999600.0,tdx,11.127737938195219,63.40116015,False,False,False,False,False,False,False
2025-06-03,002968,16.8852,True,known,37.17511954,36.55438471,3.4485268591089,3.4485268591089,355502144.0,32327000.0,tdx,10.99706573452532,37.92367656,False,False,True,True,True,False,False
2025-06-05,000566,6.4286,True,known,71.08601354,69.98777456,9.983990665443502,9.983990665443502,2236986624.0,317662300.0,tdx,7.042027410869971,70.30753594,True,False,False,False,False,True,False
2025-06-05,002644,16.6864,True,known,53.75715886,52.49632997,5.731040390048,5.731040390048,540119232.0,57145200.0,tdx,9.451699040339346,54.16806895,False,False,False,False,False,False,False
2025-06-05,002829,51.0622,True,known,53.11235779,52.37808556,2.4475740918217,2.4475740918217,1041655680.0,46384400.0,tdx,22.457026069109443,54.96523519,False,False,True,True,True,False,False
2025-06-05,002940,13.628,True,known,38.57522143,37.8192937,2.2906901088553,2.2906901088553,500795648.0,29191900.0,tdx,17.15529472216608,39.29746393,False,False,False,False,False,False,False
2025-06-05,002968,29.3257,True,known,38.83041243,38.38210394,3.4485268591089,3.4485268591089,402991232.0,35061100.0,tdx,11.49397001234987,39.63726431,False,False,True,False,False,False,False
2025-06-05,600561,32.7193,True,known,18.81339091,18.81339091,2.795451843337,2.795451843337,256479728.0,37716800.0,tdx,6.800145505451152,19.00947929,False,False,False,True,True,False,False
2025-06-05,603506,8.91,True,known,37.10816977,37.946009,2.7027071940832,2.7027071940832,328707296.0,23418600.0,tdx,14.036163391492233,37.93563978,False,False,False,False,False,False,False
2025-06-06,001338,18.7113,True,known,13.46728391,13.35581655,1.0133396468258,1.0133396468258,1319749376.0,95808900.0,tdx,13.774809814119566,13.95856091,False,False,False,False,False,False,False
2025-06-06,603221,60.7423,True,known,12.14051348,12.00596389,1.0349968869097,1.0349968869097,377177376.0,32304000.0,tdx,11.67587221396731,12.08449139,True,False,True,True,True,True,False
2025-06-06,603238,10.8314,True,known,29.50095103,29.16352185,1.606805611805,1.606805611805,460512960.0,24365500.0,tdx,18.90020561860007,30.36895645,False,False,False,False,False,False,False
2025-06-06,603711,20.9827,True,known,16.15221322,16.06508058,1.0891580051787,1.0891580051787,466776512.0,30555900.0,tdx,15.276150007036284,16.63814107,False,False,False,False,False,False,False
2025-06-06,603863,17.338,True,known,14.41916667,14.42925,1.0083333333333,1.0083333333333,351901120.0,24354600.0,tdx,14.44906177888366,14.56947063,False,False,False,False,False,False,False
2025-06-06,605006,16.0645,True,known,8.983015522,9.149367662,1.2796318407759,1.2796318407759,679665728.0,92947400.0,tdx,7.312369447666099,9.357140777,False,False,False,True,True,False,False
2025-06-09,001258,36.9783,True,known,7.484960652,7.484960652,1.0211406074304,1.0211406074304,499632800.0,66566600.0,tdx,7.505758142972602,7.664434429,False,False,False,True,True,False,False
2025-06-09,002090,34.982,True,known,58.08594023,58.61399423,5.8672666895294,5.8672666895294,920613504.0,88176700.0,tdx,10.440552935185826,61.25750846,False,False,False,True,True,False,False
2025-06-09,002184,24.9845,True,known,43.35572315,43.45501107,3.3095971871828,3.3095971871828,803403136.0,59845400.0,tdx,13.424643097046724,44.43016103,False,False,False,False,False,False,False
2025-06-09,002339,14.629,True,known,42.37069795,42.31545584,5.5242109457744,5.5242109457744,839000576.0,105815700.0,tdx,7.928885562350389,43.80083641,False,False,True,False,False,False,False
2025-06-09,601007,24.2633,True,known,12.15684448,12.17202157,1.5177084249598,1.5177084249598,630584640.0,78576000.0,tdx,8.02515577275504,12.17984653,False,False,False,False,False,False,False
2025-06-10,603045,20.2183,True,known,25.6999862,25.55560425,1.4438194494041,1.4438194494041,504768800.0,27568300.0,tdx,18.309754319272496,26.4359794,False,False,False,False,False,False,False
2025-06-10,603937,62.9698,True,known,11.37480389,10.79232601,1.0990148682914,1.0990148682914,351670592.0,32085600.0,tdx,10.960386964868976,12.04562824,False,False,True,True,True,False,False
2025-06-10,605122,44.8244,True,known,17.59561545,17.32403406,1.4293757471227,1.4293757471227,171776864.0,14007700.0,tdx,12.263031332766978,17.52847957,True,False,True,True,True,True,False
2025-06-11,002017,13.3636,True,known,99.01352094,98.67472361,8.4699333569673,8.4699333569673,1067780224.0,88244100.0,tdx,12.100301595234129,102.4887481,False,False,True,True,True,False,False
2025-06-11,002105,34.912,True,known,15.97886116,16.0823959,1.7255789593154,1.7255789593154,877516480.0,91704600.0,tdx,9.568947250192466,16.51197404,False,False,False,True,True,False,False
2025-06-11,600927,11.7992,True,known,16.17777797,15.93895327,1.0383682909271,1.0383682909271,981588544.0,61211100.0,tdx,16.036119984774004,16.6513985,False,False,True,False,False,False,False
2025-06-11,601956,8.128,True,known,8.228579737,8.228579737,1.1000775049429,1.1000775049429,798664192.0,107274100.0,tdx,7.445079399407685,8.19016437,True,True,False,False,False,True,True
2025-06-11,603538,7.9261,True,known,30.56076724,30.45640491,1.739372068021,1.739372068021,1074904960.0,59823300.0,tdx,17.967998422019512,31.25303457,False,False,False,False,False,False,False
2025-06-12,002300,29.7686,True,known,54.29744703,53.74898796,7.835129440920099,7.835129440920099,951470279.0,135776493.0,tdx,7.007621554932929,54.90562196,False,False,True,True,True,False,False
2025-06-12,003027,15.4887,True,known,29.79641892,28.73002077,1.5682325747663,1.5682325747663,518901152.0,26554900.0,tdx,19.540693130081454,30.6443515,False,False,False,False,False,False,False
2025-06-12,603716,29.7425,True,known,47.07039226,45.66004343,3.5258720795619,3.5258720795619,1068807872.0,75136100.0,tdx,14.224958069423353,50.15538249,False,False,True,True,True,False,False
2025-06-12,603823,13.9565,True,known,26.19441798,26.19441798,2.0560767645575,2.0560767645575,849622592.0,63319100.0,tdx,13.418109101361201,27.58866235,False,False,False,False,False,False,False
2025-06-13,002842,36.6203,True,known,25.37510772,24.98299788,2.8007845160162,2.8007845160162,557100032.0,61830100.0,tdx,9.010175173580505,25.23555911,True,False,True,True,True,True,False
2025-06-13,002996,17.9912,True,known,10.25351995,10.22657246,1.3473745002846,1.3473745002846,747781184.0,95894600.0,tdx,7.7979488313210545,10.50675741,False,False,False,False,False,False,False
2025-06-13,603586,9.5364,True,known,24.47672931,24.10398724,1.2424735688768,1.2424735688768,603922112.0,30818100.0,tdx,19.596344745458026,24.34794039,True,False,True,True,True,True,False
2025-06-13,603917,9.1451,True,known,21.64340339,21.59767789,1.5241833371011,1.5241833371011,487985376.0,33787000.0,tdx,14.442992156746678,22.01376798,False,False,False,False,False,False,False
2025-06-16,002237,13.5549,True,known,109.8018499,108.4357305,8.5382464931504,8.5382464931504,1516818048.0,114661800.0,tdx,13.228625819584204,112.949268,False,False,False,False,False,False,False
2025-06-16,002727,15.1193,True,known,40.03336814,40.03336814,2.2876210367869,2.2876210367869,914529152.0,51578600.0,tdx,17.730786644073316,40.56132053,False,False,False,False,False,False,False
2025-06-16,002755,18.4001,True,known,33.6024781,33.71069864,1.7921321653487,1.8036756897632,665245376.0,34250100.0,tdx,19.42316594696074,34.80888045,False,False,False,False,False,False,False
2025-06-16,603096,33.2129,True,known,29.94910098,28.56546144,1.4877844500611,1.4877844500611,361291840.0,17911200.0,tdx,20.171280539550672,30.01051752,False,False,False,False,False,False,False
2025-06-16,603232,51.7734,True,known,54.31595806,53.32258979,3.5477438316654,3.5477438316654,829750208.0,51334600.0,tdx,16.16356624966397,57.34419246,False,False,True,True,True,False,False
2025-06-16,603239,13.5428,True,known,58.3493481,58.84031349,3.7766568349488,3.7766568349488,412886592.0,26137400.0,tdx,15.796773665322489,59.65899323,False,False,False,False,False,False,False
2025-06-16,605033,11.9158,True,known,23.1854743,23.05019101,1.040640677675,1.040640677675,539324928.0,23276600.0,tdx,23.170262323535223,24.11191749,False,False,False,False,False,False,False
2025-06-16,605151,58.8876,True,known,20.58277486,19.79154092,1.0692350575615,1.0692350575615,346171360.0,16783900.0,tdx,20.625203915657266,22.0531911,False,False,True,True,True,False,False
2025-06-17,002246,14.5787,True,known,23.88459828,23.02863749,1.6460784481554,1.6460784481554,2112250368.0,138612200.0,tdx,15.238560299887023,25.08386569,False,False,True,True,True,False,False
2025-06-17,603880,16.1089,True,known,18.18364192,18.09479676,2.9615051982604,2.9615051982604,244539216.0,38911800.0,tdx,6.2844488304318995,18.61142788,False,False,True,True,True,False,False
2025-06-18,000788,46.1773,True,known,25.60819954,24.30478818,3.8335628047076,3.8335628047076,897360000.0,127222500.0,tdx,7.05346931556918,27.03991761,False,False,True,True,True,False,False
2025-06-18,001236,9.2308,True,known,11.12112818,11.14118432,1.0028068693742,1.0028068693742,1086359168.0,96267200.0,tdx,11.284831884587897,11.31650693,False,False,False,False,False,False,False
2025-06-18,002887,10.9383,True,known,41.83593399,41.51018144,4.6536077850087,4.6536077850087,385238656.0,41806700.0,tdx,9.214758782683159,42.88187321,False,False,False,False,False,False,False
2025-06-18,003017,12.4012,True,known,44.6478011,44.2023982,1.5358720708972,1.5358720708972,688014336.0,23198700.0,tdx,29.657452184820702,45.5500525,False,False,False,False,False,False,False
2025-06-18,003036,59.064,True,known,14.67045586,14.5956066,1.0692752084546,1.0692752084546,202603904.0,14506800.0,tdx,13.966133399509197,14.9336402,False,False,True,True,True,False,False
2025-06-18,603086,6.2422,True,known,61.50108931,61.0906912,5.862830249236,5.862830249236,1308381440.0,122223500.0,tdx,10.704827140443532,62.76058437,False,False,False,False,False,False,False
2025-06-18,603587,32.8836,True,known,23.88650462,23.76957767,1.6703849383137,1.6703849383137,611137344.0,40809600.0,tdx,14.9753328628558,25.01457046,False,False,False,False,False,False,False
2025-06-19,002780,50.1276,True,known,25.55018102,25.19803457,1.9563691439239,1.9563691439239,407954112.0,31183900.0,tdx,13.082203059912327,25.5936184,False,False,True,True,True,False,False
2025-06-19,600775,18.5484,True,known,15.49055593,15.32904303,1.4682991406387,1.4682991406387,1475767680.0,133781400.0,tdx,11.031187295094833,16.19708283,False,False,False,False,False,False,False
2025-06-19,603222,30.925,True,known,18.98762074,18.90170391,2.8638945315768,2.8638945315768,411907296.0,60379600.0,tdx,6.821961324685821,19.53737773,False,False,True,True,True,False,False
2025-06-20,601089,50.4817,True,known,20.14772372,19.3635961,1.0890661471057,1.0890661471057,538376000.0,28812700.0,tdx,18.68537138137002,20.34960542,False,False,True,True,True,False,False
2025-06-23,603685,67.2465,True,known,26.38835596,24.25876934,1.8518144532694,1.8518144532694,271310720.0,18488300.0,tdx,14.674725096412326,27.17486803,False,False,True,True,True,False,False
2025-06-23,605298,17.2648,True,known,26.65562448,25.45802665,1.8145421704442,1.8145421704442,280038688.0,18643200.0,tdx,15.020956059045657,27.25615821,False,False,True,True,True,False,False
2025-06-23,605580,10.2675,True,known,19.26635743,19.18594693,1.6082101363629,1.6082101363629,237421552.0,19710500.0,tdx,12.04543527561452,19.37159111,False,False,False,False,False,False,False
2025-06-24,002930,37.4409,True,known,24.56477043,22.93399996,2.0301463165688,2.0642664227296,923812416.0,74765600.0,tdx,12.356115860770194,25.0847231,False,False,True,True,True,False,False
2025-06-24,603212,18.1308,True,known,11.0905012,10.91689299,1.0212247883921,1.0212247883921,709954944.0,64343600.0,tdx,11.033808242000758,11.26799849,False,False,True,True,True,False,False
2025-06-25,002753,5.4499,True,known,26.93970499,27.1709471,3.8540350492108,3.8540350492108,300028960.0,42983000.0,tdx,6.980177279389526,26.90184788,True,True,False,False,False,True,True
2025-06-25,600610,4.7862,True,known,1369.151784,1426.232808,79.2792,79.2792,3057162240.0,169459500.0,tdx,18.04066599984067,1430.249568,False,False,False,False,False,False,False
2025-06-25,600698,25.2062,True,known,43.55499985,43.55499985,6.0493055343491,6.0493055343491,1030342976.0,141088300.0,tdx,7.30282366432936,44.17701161,False,False,False,True,True,False,False
2025-06-25,600955,23.6458,True,known,14.93721923,14.875707,1.02520379051,1.02520379051,330302720.0,22474500.0,tdx,14.696777236423502,15.06719173,False,False,True,True,True,False,False
2025-06-25,603578,18.043,True,known,28.18049382,28.6318527,1.9624299317039,1.9624299317039,182706112.0,12824000.0,tdx,14.247201497192764,27.95913466,True,True,False,False,False,True,True
