segment,variant,signal_date,opportunities,net_sum,base_net_sum,delta_net_sum
train,legacy_original4,2024-01-02,2,0.0,0.0,0.0
train,legacy_original4,2024-01-03,2,0.0,0.0,0.0
train,legacy_original4,2024-01-04,2,0.0,0.0,0.0
train,legacy_original4,2024-01-05,2,-5.09794817556848,-5.09794817556848,0.0
train,legacy_original4,2024-01-08,2,0.0,0.0,0.0
train,legacy_original4,2024-01-09,2,5.915897760878729,5.915897760878729,0.0
train,legacy_original4,2024-01-10,2,0.0,0.0,0.0
train,legacy_original4,2024-01-11,2,-8.091788305591132,-8.091788305591132,0.0
train,legacy_original4,2024-01-12,2,0.0,0.0,0.0
train,legacy_original4,2024-01-15,2,0.0,0.0,0.0
train,legacy_original4,2024-01-16,2,0.0,0.0,0.0
train,legacy_original4,2024-01-17,2,0.0,0.0,0.0
train,legacy_original4,2024-01-18,2,-7.834408340795696,-7.834408340795696,0.0
train,legacy_original4,2024-01-19,2,0.0,0.0,0.0
train,legacy_original4,2024-01-22,2,0.0,0.0,0.0
train,legacy_original4,2024-01-23,2,0.0,0.0,0.0
train,legacy_original4,2024-01-24,2,0.0,0.0,0.0
train,legacy_original4,2024-01-25,2,0.0,0.0,0.0
train,legacy_original4,2024-01-26,2,0.0,0.0,0.0
train,legacy_original4,2024-01-29,2,0.0,0.0,0.0
train,legacy_original4,2024-01-30,2,0.0,0.0,0.0
train,legacy_original4,2024-01-31,2,0.0,0.0,0.0
train,legacy_original4,2024-02-01,2,0.0,0.0,0.0
train,legacy_original4,2024-02-02,2,0.0,0.0,0.0
train,legacy_original4,2024-02-05,2,0.0,0.0,0.0
train,legacy_original4,2024-02-06,2,0.0,0.0,0.0
train,legacy_original4,2024-02-07,2,0.0,0.0,0.0
train,legacy_original4,2024-02-08,2,0.0,0.0,0.0
train,legacy_original4,2024-02-19,2,0.0,0.0,0.0
train,legacy_original4,2024-02-20,2,0.0,0.0,0.0
train,legacy_original4,2024-02-21,2,9.706438293115925,9.706438293115925,0.0
train,legacy_original4,2024-02-22,2,3.623772314896078,3.623772314896078,0.0
train,legacy_original4,2024-02-23,2,0.0,0.0,0.0
train,legacy_original4,2024-02-26,2,2.9254642313546455,2.9254642313546455,0.0
train,legacy_original4,2024-02-27,2,-6.53816408204101,-6.53816408204101,0.0
train,legacy_original4,2024-02-28,2,0.0,0.0,0.0
train,legacy_original4,2024-02-29,2,0.0,0.0,0.0
train,legacy_original4,2024-03-01,2,0.0,0.0,0.0
train,legacy_original4,2024-03-04,2,0.0,0.0,0.0
train,legacy_original4,2024-03-05,2,14.219400386847191,14.219400386847191,0.0
train,legacy_original4,2024-03-06,2,-6.538671328671332,-6.538671328671332,0.0
train,legacy_original4,2024-03-07,2,-2.1100000000000017,-2.1100000000000017,0.0
train,legacy_original4,2024-03-08,2,9.653333333333332,9.653333333333332,0.0
train,legacy_original4,2024-03-11,2,-2.6606015037593984,-2.6606015037593984,0.0
train,legacy_original4,2024-03-12,2,-14.03271249076128,-14.03271249076128,0.0
train,legacy_original4,2024-03-13,2,7.2526865671641785,7.2526865671641785,0.0
train,legacy_original4,2024-03-14,2,0.0,0.0,0.0
train,legacy_original4,2024-03-15,2,6.011406400739393,6.011406400739393,0.0
train,legacy_original4,2024-03-18,2,-5.281171366594386,-5.281171366594386,0.0
train,legacy_original4,2024-03-19,2,0.0,0.0,0.0
train,legacy_original4,2024-03-20,2,0.0,0.0,0.0
train,legacy_original4,2024-03-21,2,-12.42000000000001,-12.42000000000001,0.0
train,legacy_original4,2024-03-22,2,-6.210000000000005,-6.210000000000005,0.0
train,legacy_original4,2024-03-25,2,7.49179735593901,7.49179735593901,0.0
train,legacy_original4,2024-03-26,2,19.97603960396039,19.97603960396039,0.0
train,legacy_original4,2024-03-27,2,0.0,0.0,0.0
train,legacy_original4,2024-03-28,2,0.0,0.0,0.0
train,legacy_original4,2024-03-29,2,0.0,0.0,0.0
train,legacy_original4,2024-04-01,2,0.0,0.0,0.0
train,legacy_original4,2024-04-02,2,-7.2702556299452334,-7.2702556299452334,0.0
train,legacy_original4,2024-04-03,2,0.0,0.0,0.0
train,legacy_original4,2024-04-08,2,-12.42000000000001,-12.42000000000001,0.0
train,legacy_original4,2024-04-09,2,0.0,0.0,0.0
train,legacy_original4,2024-04-10,2,0.0,0.0,0.0
train,legacy_original4,2024-04-11,2,0.0,0.0,0.0
train,legacy_original4,2024-04-12,2,22.171954022988505,22.171954022988505,0.0
train,legacy_original4,2024-04-15,2,3.1696016898008263,3.1696016898008263,0.0
train,legacy_original4,2024-04-16,2,0.0,0.0,0.0
train,legacy_original4,2024-04-17,2,0.0,0.0,0.0
train,legacy_original4,2024-04-18,2,0.0,0.0,0.0
train,legacy_original4,2024-04-19,2,0.0,0.0,0.0
train,legacy_original4,2024-04-22,2,4.148373493975919,4.148373493975919,0.0
train,legacy_original4,2024-04-23,2,14.095986574810102,14.095986574810102,0.0
train,legacy_original4,2024-04-24,2,21.35435458030259,21.35435458030259,0.0
train,legacy_original4,2024-04-25,2,8.413386065850023,8.413386065850023,0.0
train,legacy_original4,2024-04-26,2,0.0,0.0,0.0
train,legacy_original4,2024-04-29,2,15.074280936454862,15.074280936454862,0.0
train,legacy_original4,2024-04-30,2,0.0,0.0,0.0
train,legacy_original4,2024-05-06,2,0.0,0.0,0.0
train,legacy_original4,2024-05-07,2,0.0,0.0,0.0
train,legacy_original4,2024-05-08,2,0.0,0.0,0.0
train,legacy_original4,2024-05-09,2,-8.622898550724624,-8.622898550724624,0.0
train,legacy_original4,2024-05-10,2,0.0,0.0,0.0
train,legacy_original4,2024-05-13,2,-6.210000000000005,-6.210000000000005,0.0
train,legacy_original4,2024-05-14,2,-7.577407407407435,-7.577407407407435,0.0
train,legacy_original4,2024-05-15,2,0.0,0.0,0.0
train,legacy_original4,2024-05-16,2,0.0,0.0,0.0
train,legacy_original4,2024-05-17,2,0.0,0.0,0.0
train,legacy_original4,2024-05-20,2,-6.210000000000005,-6.210000000000005,0.0
train,legacy_original4,2024-05-21,2,-2.994503631961266,-2.994503631961266,0.0
train,legacy_original4,2024-05-22,2,-12.42000000000001,-12.42000000000001,0.0
train,legacy_original4,2024-05-23,2,-6.210000000000005,-6.210000000000005,0.0
train,legacy_original4,2024-05-24,2,0.18408866995074288,0.18408866995074288,0.0
train,legacy_original4,2024-05-27,2,-6.210000000000005,-6.210000000000005,0.0
train,legacy_original4,2024-05-28,2,0.0,0.0,0.0
train,legacy_original4,2024-05-29,2,6.181402714932126,6.181402714932126,0.0
train,legacy_original4,2024-05-30,2,0.0,0.0,0.0
train,legacy_original4,2024-05-31,2,-6.210000000000005,-6.210000000000005,0.0
train,legacy_original4,2024-06-03,2,-1.1706147934678288,-1.1706147934678288,0.0
train,legacy_original4,2024-06-04,2,0.0,0.0,0.0
train,legacy_original4,2024-06-05,2,-6.210000000000005,-6.210000000000005,0.0
train,legacy_original4,2024-06-06,2,0.0,0.0,0.0
train,legacy_original4,2024-06-07,2,0.0,0.0,0.0
train,legacy_original4,2024-06-11,2,3.507579250720471,3.507579250720471,0.0
train,legacy_original4,2024-06-12,2,0.0,0.0,0.0
train,legacy_original4,2024-06-13,2,0.0,0.0,0.0
train,legacy_original4,2024-06-14,2,0.0,0.0,0.0
train,legacy_original4,2024-06-17,2,-4.914797047970488,-4.914797047970488,0.0
train,legacy_original4,2024-06-18,2,-5.354639613920377,-5.354639613920377,0.0
train,legacy_original4,2024-06-19,2,0.0,0.0,0.0
train,legacy_original4,2024-06-20,2,0.0,0.0,0.0
train,legacy_original4,2024-06-21,2,-12.42000000000001,-12.42000000000001,0.0
train,legacy_original4,2024-06-24,2,0.0,0.0,0.0
train,legacy_original4,2024-06-25,2,0.0,0.0,0.0
train,legacy_original4,2024-06-26,2,2.713076923076917,2.713076923076917,0.0
train,legacy_original4,2024-06-27,2,0.0,0.0,0.0
train,legacy_original4,2024-06-28,2,0.0,0.0,0.0
train,legacy_original4,2024-07-01,2,-7.641374045801543,-7.641374045801543,0.0
train,legacy_original4,2024-07-02,2,10.497964601769903,10.497964601769903,0.0
train,legacy_original4,2024-07-03,2,0.0,0.0,0.0
train,legacy_original4,2024-07-04,2,0.0,0.0,0.0
train,legacy_original4,2024-07-05,2,7.1898642226748235,7.1898642226748235,0.0
train,legacy_original4,2024-07-08,2,0.0,0.0,0.0
train,legacy_original4,2024-07-09,2,0.0,0.0,0.0
train,legacy_original4,2024-07-10,2,0.0,0.0,0.0
train,legacy_original4,2024-07-11,2,0.0,0.0,0.0
train,legacy_original4,2024-07-12,2,0.0,0.0,0.0
train,legacy_original4,2024-07-15,2,0.0,0.0,0.0
train,legacy_original4,2024-07-16,2,-12.42000000000001,-12.42000000000001,0.0
train,legacy_original4,2024-07-17,2,0.0,0.0,0.0
train,legacy_original4,2024-07-18,2,-4.457660187185032,-4.457660187185032,0.0
train,legacy_original4,2024-07-19,2,0.0,0.0,0.0
train,legacy_original4,2024-07-22,2,-6.210000000000005,-6.210000000000005,0.0
train,legacy_original4,2024-07-23,2,0.0,0.0,0.0
train,legacy_original4,2024-07-24,2,0.0,0.0,0.0
train,legacy_original4,2024-07-25,2,10.225974822157234,10.225974822157234,0.0
train,legacy_original4,2024-07-26,2,0.0,0.0,0.0
train,legacy_original4,2024-07-29,2,-7.931843151024756,-7.931843151024756,0.0
train,legacy_original4,2024-07-30,2,0.0,0.0,0.0
train,legacy_original4,2024-07-31,2,-8.622643171806178,-8.622643171806178,0.0
train,legacy_original4,2024-08-01,2,0.0,0.0,0.0
train,legacy_original4,2024-08-02,2,0.0,0.0,0.0
train,legacy_original4,2024-08-05,2,0.0,0.0,0.0
train,legacy_original4,2024-08-06,2,0.0,0.0,0.0
train,legacy_original4,2024-08-07,2,0.0,0.0,0.0
train,legacy_original4,2024-08-08,2,0.0,0.0,0.0
train,legacy_original4,2024-08-09,2,0.0,0.0,0.0
train,legacy_original4,2024-08-12,2,1.4793477240732091,1.4793477240732091,0.0
train,legacy_original4,2024-08-13,2,0.24914766773855668,0.24914766773855668,0.0
train,legacy_original4,2024-08-14,2,0.0,0.0,0.0
train,legacy_original4,2024-08-15,2,0.0,0.0,0.0
train,legacy_original4,2024-08-16,2,0.0,0.0,0.0
train,legacy_original4,2024-08-19,2,-6.210000000000005,-6.210000000000005,0.0
train,legacy_original4,2024-08-20,2,0.0,0.0,0.0
train,legacy_original4,2024-08-21,2,0.0,0.0,0.0
train,legacy_original4,2024-08-22,2,0.0,0.0,0.0
train,legacy_original4,2024-08-23,2,4.408473895582298,4.408473895582298,0.0
train,legacy_original4,2024-08-26,2,3.2588995215311103,3.2588995215311103,0.0
train,legacy_original4,2024-08-27,2,0.0,0.0,0.0
train,legacy_original4,2024-08-28,2,0.0,0.0,0.0
train,legacy_original4,2024-08-29,2,-3.3446031746031792,-3.3446031746031792,0.0
train,legacy_original4,2024-08-30,2,-3.220391041592576,-3.220391041592576,0.0
train,legacy_original4,2024-09-02,2,0.0,0.0,0.0
train,legacy_original4,2024-09-03,2,0.0,0.0,0.0
train,legacy_original4,2024-09-04,2,0.0,0.0,0.0
train,legacy_original4,2024-09-05,2,0.0,0.0,0.0
train,legacy_original4,2024-09-06,2,0.0,0.0,0.0
train,legacy_original4,2024-09-09,2,0.0,0.0,0.0
train,legacy_original4,2024-09-10,2,-2.378674698795181,-2.378674698795181,0.0
train,legacy_original4,2024-09-11,2,0.0,0.0,0.0
train,legacy_original4,2024-09-12,2,0.0,0.0,0.0
train,legacy_original4,2024-09-13,2,0.0,0.0,0.0
train,legacy_original4,2024-09-18,2,1.3524732477452432,1.3524732477452432,0.0
train,legacy_original4,2024-09-19,2,20.665599952455448,20.665599952455448,0.0
train,legacy_original4,2024-09-20,2,0.0,0.0,0.0
train,legacy_original4,2024-09-23,2,17.00915285451199,17.00915285451199,0.0
train,legacy_original4,2024-09-24,2,43.23085416113101,43.23085416113101,0.0
train,legacy_original4,2024-09-25,2,0.0,0.0,0.0
train,legacy_original4,2024-09-26,2,0.0,0.0,0.0
train,legacy_original4,2024-09-27,2,0.0,0.0,0.0
train,legacy_original4,2024-09-30,2,0.0,0.0,0.0
train,legacy_original4,2024-10-08,2,0.0,0.0,0.0
train,legacy_original4,2024-10-09,2,0.0,0.0,0.0
train,legacy_original4,2024-10-10,2,0.0,0.0,0.0
train,legacy_original4,2024-10-11,2,0.0,0.0,0.0
train,legacy_original4,2024-10-14,2,0.0,0.0,0.0
train,legacy_original4,2024-10-15,2,0.0,0.0,0.0
train,legacy_original4,2024-10-16,2,0.0,0.0,0.0
train,legacy_original4,2024-10-17,2,0.0,0.0,0.0
train,legacy_original4,2024-10-18,2,-6.84811540449334,-6.84811540449334,0.0
train,legacy_original4,2024-10-21,2,0.0,0.0,0.0
train,legacy_original4,2024-10-22,2,0.0,0.0,0.0
train,legacy_original4,2024-10-23,2,0.0,0.0,0.0
train,legacy_original4,2024-10-24,2,-6.210000000000005,-6.210000000000005,0.0
train,legacy_original4,2024-10-25,2,3.1529537366547826,3.1529537366547826,0.0
train,legacy_original4,2024-10-28,2,0.0,0.0,0.0
train,legacy_original4,2024-10-29,2,0.0,0.0,0.0
train,legacy_original4,2024-10-30,2,0.0,0.0,0.0
train,legacy_original4,2024-10-31,2,1.5429629629629664,1.5429629629629664,0.0
train,legacy_original4,2024-11-01,2,5.877350731514428,5.877350731514428,0.0
train,legacy_original4,2024-11-04,2,0.0,0.0,0.0
train,legacy_original4,2024-11-05,2,6.53509803921568,6.53509803921568,0.0
train,legacy_original4,2024-11-06,2,0.0,0.0,0.0
train,legacy_original4,2024-11-07,2,0.0,0.0,0.0
train,legacy_original4,2024-11-08,2,-0.7852253909843583,-0.7852253909843583,0.0
train,legacy_original4,2024-11-11,2,-13.13452236333518,-13.13452236333518,0.0
train,legacy_original4,2024-11-12,2,0.0,0.0,0.0
train,legacy_original4,2024-11-13,2,-6.210000000000005,-6.210000000000005,0.0
train,legacy_original4,2024-11-14,2,0.0,0.0,0.0
train,legacy_original4,2024-11-15,2,0.0,0.0,0.0
train,legacy_original4,2024-11-18,2,0.0,0.0,0.0
train,legacy_original4,2024-11-19,2,14.99737327188939,14.99737327188939,0.0
train,legacy_original4,2024-11-20,2,0.0,0.0,0.0
train,legacy_original4,2024-11-21,2,0.0,0.0,0.0
train,legacy_original4,2024-11-22,2,0.0,0.0,0.0
train,legacy_original4,2024-11-25,2,4.156666666666674,4.156666666666674,0.0
train,legacy_original4,2024-11-26,2,0.0,0.0,0.0
train,legacy_original4,2024-11-27,2,0.0,0.0,0.0
train,legacy_original4,2024-11-28,2,1.5775920084121866,1.5775920084121866,0.0
train,legacy_original4,2024-11-29,2,3.987901049475261,3.987901049475261,0.0
train,legacy_original4,2024-12-02,2,0.8954813450023016,0.8954813450023016,0.0
train,legacy_original4,2024-12-03,2,0.0,0.0,0.0
train,legacy_original4,2024-12-04,2,0.0,0.0,0.0
train,legacy_original4,2024-12-05,2,-1.7982122717850175,-1.7982122717850175,0.0
train,legacy_original4,2024-12-06,2,0.0,0.0,0.0
train,legacy_original4,2024-12-09,2,11.956666666666658,11.956666666666658,0.0
train,legacy_original4,2024-12-10,2,-12.939669551534207,-12.939669551534207,0.0
train,legacy_original4,2024-12-11,2,12.989577613516355,12.989577613516355,0.0
train,legacy_original4,2024-12-12,2,0.0,0.0,0.0
train,legacy_original4,2024-12-13,2,-12.420000000000021,-12.420000000000021,0.0
train,legacy_original4,2024-12-16,2,-12.420000000000021,-12.420000000000021,0.0
train,legacy_original4,2024-12-17,2,0.0,0.0,0.0
train,legacy_original4,2024-12-18,2,21.387654294500443,21.387654294500443,0.0
train,legacy_original4,2024-12-19,2,-6.209999999999995,-6.209999999999995,0.0
train,legacy_original4,2024-12-20,2,-1.7595867768595128,-1.7595867768595128,0.0
train,legacy_original4,2024-12-23,2,0.0,0.0,0.0
train,legacy_original4,2024-12-24,2,0.0,0.0,0.0
train,legacy_original4,2024-12-25,2,0.0,0.0,0.0
train,legacy_original4,2024-12-26,2,-6.210000000000005,-6.210000000000005,0.0
train,legacy_original4,2024-12-27,2,0.0,0.0,0.0
train,legacy_original4,2024-12-30,2,-12.420000000000021,-12.420000000000021,0.0
train,legacy_original4,2024-12-31,2,0.0,0.0,0.0
train,legacy_original4,2025-01-02,2,-6.210000000000005,-6.210000000000005,0.0
train,legacy_original4,2025-01-03,2,0.0,0.0,0.0
train,legacy_original4,2025-01-06,2,0.0,0.0,0.0
train,legacy_original4,2025-01-07,2,2.2540342822160877,2.2540342822160877,0.0
train,legacy_original4,2025-01-08,2,0.0,0.0,0.0
train,legacy_original4,2025-01-09,2,0.0,0.0,0.0
train,legacy_original4,2025-01-10,2,-0.8561538461538407,-0.8561538461538407,0.0
train,legacy_original4,2025-01-13,2,7.88806835066864,7.88806835066864,0.0
train,legacy_original4,2025-01-14,2,5.609850746268649,5.609850746268649,0.0
train,legacy_original4,2025-01-15,2,0.0,0.0,0.0
train,legacy_original4,2025-01-16,2,0.0,0.0,0.0
train,legacy_original4,2025-01-17,2,2.0100486845260317,2.0100486845260317,0.0
train,legacy_original4,2025-01-20,2,14.91881122103713,14.91881122103713,0.0
train,legacy_original4,2025-01-21,2,0.0,0.0,0.0
train,legacy_original4,2025-01-22,2,0.0,0.0,0.0
train,legacy_original4,2025-01-23,2,10.03089877770826,10.03089877770826,0.0
train,legacy_original4,2025-01-24,2,16.083829087457,16.083829087457,0.0
train,legacy_original4,2025-01-27,2,0.0,0.0,0.0
train,legacy_original4,2025-02-05,2,0.0,0.0,0.0
train,legacy_original4,2025-02-06,2,-4.090708359923425,-4.090708359923425,0.0
train,legacy_original4,2025-02-07,2,0.0,0.0,0.0
train,legacy_original4,2025-02-10,2,0.0,0.0,0.0
train,legacy_original4,2025-02-11,2,0.0,0.0,0.0
train,legacy_original4,2025-02-12,2,-10.985792149684784,-10.985792149684784,0.0
train,legacy_original4,2025-02-13,2,0.0,0.0,0.0
train,legacy_original4,2025-02-14,2,-12.42000000000001,-12.42000000000001,0.0
train,legacy_original4,2025-02-17,2,31.782650511169994,31.782650511169994,0.0
train,legacy_original4,2025-02-18,2,0.0,0.0,0.0
train,legacy_original4,2025-02-19,2,10.961770393316426,10.961770393316426,0.0
train,legacy_original4,2025-02-20,2,0.0,0.0,0.0
train,legacy_original4,2025-02-21,2,0.0,0.0,0.0
train,legacy_original4,2025-02-24,2,-6.210000000000005,-6.210000000000005,0.0
train,legacy_original4,2025-02-25,2,-6.210000000000005,-6.210000000000005,0.0
train,legacy_original4,2025-02-26,2,-12.42000000000001,-12.42000000000001,0.0
train,legacy_original4,2025-02-27,2,0.0,0.0,0.0
train,legacy_original4,2025-02-28,2,0.0,0.0,0.0
train,legacy_original4,2025-03-03,2,0.0,0.0,0.0
train,legacy_original4,2025-03-04,2,0.0,0.0,0.0
train,legacy_original4,2025-03-05,2,-7.625384615384624,-7.625384615384624,0.0
train,legacy_original4,2025-03-06,2,-5.506497288038827,-5.506497288038827,0.0
train,legacy_original4,2025-03-07,2,0.0,0.0,0.0
train,legacy_original4,2025-03-10,2,-10.19622377622379,-10.19622377622379,0.0
train,legacy_original4,2025-03-11,2,2.2258974358974495,2.2258974358974495,0.0
train,legacy_original4,2025-03-12,2,3.080063609920834,3.080063609920834,0.0
train,legacy_original4,2025-03-13,2,0.0,0.0,0.0
train,legacy_original4,2025-03-14,2,5.242959794696308,5.242959794696308,0.0
train,legacy_original4,2025-03-17,2,28.64066163956221,28.64066163956221,0.0
train,legacy_original4,2025-03-18,2,0.0,0.0,0.0
train,legacy_original4,2025-03-19,2,-6.210000000000005,-6.210000000000005,0.0
train,legacy_original4,2025-03-20,2,-12.420000000000021,-12.420000000000021,0.0
train,legacy_original4,2025-03-21,2,-12.420000000000021,-12.420000000000021,0.0
train,legacy_original4,2025-03-24,2,-6.210000000000005,-6.210000000000005,0.0
train,legacy_original4,2025-03-25,2,33.47983957219254,33.47983957219254,0.0
train,legacy_original4,2025-03-26,2,-6.210000000000005,-6.210000000000005,0.0
train,legacy_original4,2025-03-27,2,0.0,0.0,0.0
train,legacy_original4,2025-03-28,2,0.0,0.0,0.0
train,legacy_original4,2025-03-31,2,-21.336760563380267,-21.336760563380267,0.0
train,legacy_original4,2025-04-01,2,0.0,0.0,0.0
train,legacy_original4,2025-04-02,2,0.0,0.0,0.0
train,legacy_original4,2025-04-03,2,0.0,0.0,0.0
train,legacy_original4,2025-04-07,2,0.0,0.0,0.0
train,legacy_original4,2025-04-08,2,0.0,0.0,0.0
train,legacy_original4,2025-04-09,2,0.0,0.0,0.0
train,legacy_original4,2025-04-10,2,0.0,0.0,0.0
train,legacy_original4,2025-04-11,2,0.0,0.0,0.0
train,legacy_original4,2025-04-14,2,0.0,0.0,0.0
train,legacy_original4,2025-04-15,2,0.0,0.0,0.0
train,legacy_original4,2025-04-16,2,0.0,0.0,0.0
train,legacy_original4,2025-04-17,2,-10.677425742574222,-10.677425742574222,0.0
train,legacy_original4,2025-04-18,2,2.158231292516975,2.158231292516975,0.0
train,legacy_original4,2025-04-21,2,28.059069160724825,28.059069160724825,0.0
train,legacy_original4,2025-04-22,2,0.0,0.0,0.0
train,legacy_original4,2025-04-23,2,0.0,0.0,0.0
train,legacy_original4,2025-04-24,2,-12.420000000000021,-12.420000000000021,0.0
train,legacy_original4,2025-04-25,2,4.279795918367334,4.279795918367334,0.0
train,legacy_original4,2025-04-28,2,2.8160380014074606,2.8160380014074606,0.0
train,legacy_original4,2025-04-29,2,-7.285709459459479,-7.285709459459479,0.0
train,legacy_original4,2025-04-30,2,0.0,0.0,0.0
train,legacy_original4,2025-05-06,2,0.0,0.0,0.0
train,legacy_original4,2025-05-07,2,0.0,0.0,0.0
train,legacy_original4,2025-05-08,2,0.0,0.0,0.0
train,legacy_original4,2025-05-09,2,2.183942477010401,2.183942477010401,0.0
train,legacy_original4,2025-05-12,2,-1.3254288440177637,-1.3254288440177637,0.0
train,legacy_original4,2025-05-13,2,-1.0616382252559804,-1.0616382252559804,0.0
train,legacy_original4,2025-05-14,2,0.0,0.0,0.0
train,legacy_original4,2025-05-15,2,16.87826781233461,16.87826781233461,0.0
train,legacy_original4,2025-05-16,2,22.498918918918918,22.498918918918918,0.0
train,legacy_original4,2025-05-19,2,-6.209999999999995,-6.209999999999995,0.0
train,legacy_original4,2025-05-20,2,9.76506234413965,9.76506234413965,0.0
train,legacy_original4,2025-05-21,2,4.4442553191489145,4.4442553191489145,0.0
train,legacy_original4,2025-05-22,2,0.0,0.0,0.0
train,legacy_original4,2025-05-23,2,0.0,0.0,0.0
train,legacy_original4,2025-05-26,2,0.0,0.0,0.0
train,legacy_original4,2025-05-27,2,0.0,0.0,0.0
train,legacy_original4,2025-05-28,2,0.0,0.0,0.0
train,legacy_original4,2025-05-29,2,-1.8187751371115177,-1.8187751371115177,0.0
train,legacy_original4,2025-05-30,2,3.7060839160839123,3.7060839160839123,0.0
train,baseline_flat4,2024-01-02,2,0.0,0.0,0.0
train,baseline_flat4,2024-01-03,2,0.0,0.0,0.0
train,baseline_flat4,2024-01-04,2,0.0,0.0,0.0
train,baseline_flat4,2024-01-05,2,-5.09794817556848,-5.09794817556848,0.0
train,baseline_flat4,2024-01-08,2,0.0,0.0,0.0
train,baseline_flat4,2024-01-09,2,5.915897760878729,5.915897760878729,0.0
train,baseline_flat4,2024-01-10,2,0.0,0.0,0.0
train,baseline_flat4,2024-01-11,2,-8.091788305591132,-8.091788305591132,0.0
train,baseline_flat4,2024-01-12,2,0.0,0.0,0.0
train,baseline_flat4,2024-01-15,2,0.0,0.0,0.0
train,baseline_flat4,2024-01-16,2,0.0,0.0,0.0
train,baseline_flat4,2024-01-17,2,0.0,0.0,0.0
train,baseline_flat4,2024-01-18,2,-7.834408340795696,-7.834408340795696,0.0
train,baseline_flat4,2024-01-19,2,0.0,0.0,0.0
train,baseline_flat4,2024-01-22,2,0.0,0.0,0.0
train,baseline_flat4,2024-01-23,2,0.0,0.0,0.0
train,baseline_flat4,2024-01-24,2,0.0,0.0,0.0
train,baseline_flat4,2024-01-25,2,0.0,0.0,0.0
train,baseline_flat4,2024-01-26,2,0.0,0.0,0.0
train,baseline_flat4,2024-01-29,2,0.0,0.0,0.0
train,baseline_flat4,2024-01-30,2,0.0,0.0,0.0
train,baseline_flat4,2024-01-31,2,0.0,0.0,0.0
train,baseline_flat4,2024-02-01,2,0.0,0.0,0.0
train,baseline_flat4,2024-02-02,2,0.0,0.0,0.0
train,baseline_flat4,2024-02-05,2,0.0,0.0,0.0
train,baseline_flat4,2024-02-06,2,0.0,0.0,0.0
train,baseline_flat4,2024-02-07,2,0.0,0.0,0.0
train,baseline_flat4,2024-02-08,2,0.0,0.0,0.0
train,baseline_flat4,2024-02-19,2,0.0,0.0,0.0
train,baseline_flat4,2024-02-20,2,0.0,0.0,0.0
train,baseline_flat4,2024-02-21,2,9.706438293115925,9.706438293115925,0.0
train,baseline_flat4,2024-02-22,2,3.623772314896078,3.623772314896078,0.0
train,baseline_flat4,2024-02-23,2,0.0,0.0,0.0
train,baseline_flat4,2024-02-26,2,2.9254642313546455,2.9254642313546455,0.0
train,baseline_flat4,2024-02-27,2,-6.53816408204101,-6.53816408204101,0.0
train,baseline_flat4,2024-02-28,2,0.0,0.0,0.0
train,baseline_flat4,2024-02-29,2,0.0,0.0,0.0
train,baseline_flat4,2024-03-01,2,0.0,0.0,0.0
train,baseline_flat4,2024-03-04,2,0.0,0.0,0.0
train,baseline_flat4,2024-03-05,2,14.219400386847191,14.219400386847191,0.0
train,baseline_flat4,2024-03-06,2,-6.538671328671332,-6.538671328671332,0.0
train,baseline_flat4,2024-03-07,2,-2.1100000000000017,-2.1100000000000017,0.0
train,baseline_flat4,2024-03-08,2,9.653333333333332,9.653333333333332,0.0
train,baseline_flat4,2024-03-11,2,-2.6606015037593984,-2.6606015037593984,0.0
train,baseline_flat4,2024-03-12,2,-14.03271249076128,-14.03271249076128,0.0
train,baseline_flat4,2024-03-13,2,7.2526865671641785,7.2526865671641785,0.0
train,baseline_flat4,2024-03-14,2,0.0,0.0,0.0
train,baseline_flat4,2024-03-15,2,6.011406400739393,6.011406400739393,0.0
train,baseline_flat4,2024-03-18,2,-5.281171366594386,-5.281171366594386,0.0
train,baseline_flat4,2024-03-19,2,0.0,0.0,0.0
train,baseline_flat4,2024-03-20,2,0.0,0.0,0.0
train,baseline_flat4,2024-03-21,2,-12.42000000000001,-12.42000000000001,0.0
train,baseline_flat4,2024-03-22,2,-6.210000000000005,-6.210000000000005,0.0
train,baseline_flat4,2024-03-25,2,7.49179735593901,7.49179735593901,0.0
train,baseline_flat4,2024-03-26,2,19.97603960396039,19.97603960396039,0.0
train,baseline_flat4,2024-03-27,2,0.0,0.0,0.0
train,baseline_flat4,2024-03-28,2,0.0,0.0,0.0
train,baseline_flat4,2024-03-29,2,0.0,0.0,0.0
train,baseline_flat4,2024-04-01,2,0.0,0.0,0.0
train,baseline_flat4,2024-04-02,2,-7.2702556299452334,-7.2702556299452334,0.0
train,baseline_flat4,2024-04-03,2,0.0,0.0,0.0
train,baseline_flat4,2024-04-08,2,-12.42000000000001,-12.42000000000001,0.0
train,baseline_flat4,2024-04-09,2,0.0,0.0,0.0
train,baseline_flat4,2024-04-10,2,0.0,0.0,0.0
train,baseline_flat4,2024-04-11,2,0.0,0.0,0.0
train,baseline_flat4,2024-04-12,2,22.171954022988505,22.171954022988505,0.0
train,baseline_flat4,2024-04-15,2,3.1696016898008263,3.1696016898008263,0.0
train,baseline_flat4,2024-04-16,2,0.0,0.0,0.0
train,baseline_flat4,2024-04-17,2,0.0,0.0,0.0
train,baseline_flat4,2024-04-18,2,0.0,0.0,0.0
train,baseline_flat4,2024-04-19,2,0.0,0.0,0.0
train,baseline_flat4,2024-04-22,2,4.148373493975919,4.148373493975919,0.0
train,baseline_flat4,2024-04-23,2,14.095986574810102,14.095986574810102,0.0
train,baseline_flat4,2024-04-24,2,21.35435458030259,21.35435458030259,0.0
train,baseline_flat4,2024-04-25,2,8.413386065850023,8.413386065850023,0.0
train,baseline_flat4,2024-04-26,2,0.0,0.0,0.0
train,baseline_flat4,2024-04-29,2,15.074280936454862,15.074280936454862,0.0
train,baseline_flat4,2024-04-30,2,0.0,0.0,0.0
train,baseline_flat4,2024-05-06,2,0.0,0.0,0.0
train,baseline_flat4,2024-05-07,2,0.0,0.0,0.0
train,baseline_flat4,2024-05-08,2,0.0,0.0,0.0
train,baseline_flat4,2024-05-09,2,-8.622898550724624,-8.622898550724624,0.0
train,baseline_flat4,2024-05-10,2,0.0,0.0,0.0
train,baseline_flat4,2024-05-13,2,-6.210000000000005,-6.210000000000005,0.0
train,baseline_flat4,2024-05-14,2,-7.577407407407435,-7.577407407407435,0.0
train,baseline_flat4,2024-05-15,2,0.0,0.0,0.0
train,baseline_flat4,2024-05-16,2,0.0,0.0,0.0
train,baseline_flat4,2024-05-17,2,0.0,0.0,0.0
train,baseline_flat4,2024-05-20,2,-6.210000000000005,-6.210000000000005,0.0
train,baseline_flat4,2024-05-21,2,-2.994503631961266,-2.994503631961266,0.0
train,baseline_flat4,2024-05-22,2,-12.42000000000001,-12.42000000000001,0.0
train,baseline_flat4,2024-05-23,2,-6.210000000000005,-6.210000000000005,0.0
train,baseline_flat4,2024-05-24,2,0.18408866995074288,0.18408866995074288,0.0
train,baseline_flat4,2024-05-27,2,-6.210000000000005,-6.210000000000005,0.0
train,baseline_flat4,2024-05-28,2,0.0,0.0,0.0
train,baseline_flat4,2024-05-29,2,6.181402714932126,6.181402714932126,0.0
train,baseline_flat4,2024-05-30,2,0.0,0.0,0.0
train,baseline_flat4,2024-05-31,2,-6.210000000000005,-6.210000000000005,0.0
train,baseline_flat4,2024-06-03,2,-1.1706147934678288,-1.1706147934678288,0.0
train,baseline_flat4,2024-06-04,2,0.0,0.0,0.0
train,baseline_flat4,2024-06-05,2,-6.210000000000005,-6.210000000000005,0.0
train,baseline_flat4,2024-06-06,2,0.0,0.0,0.0
train,baseline_flat4,2024-06-07,2,0.0,0.0,0.0
train,baseline_flat4,2024-06-11,2,3.507579250720471,3.507579250720471,0.0
train,baseline_flat4,2024-06-12,2,0.0,0.0,0.0
train,baseline_flat4,2024-06-13,2,0.0,0.0,0.0
train,baseline_flat4,2024-06-14,2,0.0,0.0,0.0
train,baseline_flat4,2024-06-17,2,-4.914797047970488,-4.914797047970488,0.0
train,baseline_flat4,2024-06-18,2,-5.354639613920377,-5.354639613920377,0.0
train,baseline_flat4,2024-06-19,2,0.0,0.0,0.0
train,baseline_flat4,2024-06-20,2,0.0,0.0,0.0
train,baseline_flat4,2024-06-21,2,-12.42000000000001,-12.42000000000001,0.0
train,baseline_flat4,2024-06-24,2,0.0,0.0,0.0
train,baseline_flat4,2024-06-25,2,0.0,0.0,0.0
train,baseline_flat4,2024-06-26,2,2.713076923076917,2.713076923076917,0.0
train,baseline_flat4,2024-06-27,2,0.0,0.0,0.0
train,baseline_flat4,2024-06-28,2,0.0,0.0,0.0
train,baseline_flat4,2024-07-01,2,-7.641374045801543,-7.641374045801543,0.0
train,baseline_flat4,2024-07-02,2,10.497964601769903,10.497964601769903,0.0
train,baseline_flat4,2024-07-03,2,0.0,0.0,0.0
train,baseline_flat4,2024-07-04,2,0.0,0.0,0.0
train,baseline_flat4,2024-07-05,2,7.1898642226748235,7.1898642226748235,0.0
train,baseline_flat4,2024-07-08,2,0.0,0.0,0.0
train,baseline_flat4,2024-07-09,2,0.0,0.0,0.0
train,baseline_flat4,2024-07-10,2,0.0,0.0,0.0
train,baseline_flat4,2024-07-11,2,0.0,0.0,0.0
train,baseline_flat4,2024-07-12,2,0.0,0.0,0.0
train,baseline_flat4,2024-07-15,2,0.0,0.0,0.0
train,baseline_flat4,2024-07-16,2,-12.42000000000001,-12.42000000000001,0.0
train,baseline_flat4,2024-07-17,2,0.0,0.0,0.0
train,baseline_flat4,2024-07-18,2,-4.457660187185032,-4.457660187185032,0.0
train,baseline_flat4,2024-07-19,2,0.0,0.0,0.0
train,baseline_flat4,2024-07-22,2,-6.210000000000005,-6.210000000000005,0.0
train,baseline_flat4,2024-07-23,2,0.0,0.0,0.0
train,baseline_flat4,2024-07-24,2,0.0,0.0,0.0
train,baseline_flat4,2024-07-25,2,10.225974822157234,10.225974822157234,0.0
train,baseline_flat4,2024-07-26,2,0.0,0.0,0.0
train,baseline_flat4,2024-07-29,2,-7.931843151024756,-7.931843151024756,0.0
train,baseline_flat4,2024-07-30,2,0.0,0.0,0.0
train,baseline_flat4,2024-07-31,2,-8.622643171806178,-8.622643171806178,0.0
train,baseline_flat4,2024-08-01,2,0.0,0.0,0.0
train,baseline_flat4,2024-08-02,2,0.0,0.0,0.0
train,baseline_flat4,2024-08-05,2,0.0,0.0,0.0
train,baseline_flat4,2024-08-06,2,0.0,0.0,0.0
train,baseline_flat4,2024-08-07,2,0.0,0.0,0.0
train,baseline_flat4,2024-08-08,2,0.0,0.0,0.0
train,baseline_flat4,2024-08-09,2,0.0,0.0,0.0
train,baseline_flat4,2024-08-12,2,1.4793477240732091,1.4793477240732091,0.0
train,baseline_flat4,2024-08-13,2,0.24914766773855668,0.24914766773855668,0.0
train,baseline_flat4,2024-08-14,2,0.0,0.0,0.0
train,baseline_flat4,2024-08-15,2,0.0,0.0,0.0
train,baseline_flat4,2024-08-16,2,0.0,0.0,0.0
train,baseline_flat4,2024-08-19,2,-6.210000000000005,-6.210000000000005,0.0
train,baseline_flat4,2024-08-20,2,0.0,0.0,0.0
train,baseline_flat4,2024-08-21,2,0.0,0.0,0.0
train,baseline_flat4,2024-08-22,2,0.0,0.0,0.0
train,baseline_flat4,2024-08-23,2,4.408473895582298,4.408473895582298,0.0
train,baseline_flat4,2024-08-26,2,3.2588995215311103,3.2588995215311103,0.0
train,baseline_flat4,2024-08-27,2,0.0,0.0,0.0
train,baseline_flat4,2024-08-28,2,0.0,0.0,0.0
train,baseline_flat4,2024-08-29,2,-3.3446031746031792,-3.3446031746031792,0.0
train,baseline_flat4,2024-08-30,2,-3.220391041592576,-3.220391041592576,0.0
train,baseline_flat4,2024-09-02,2,0.0,0.0,0.0
train,baseline_flat4,2024-09-03,2,0.0,0.0,0.0
train,baseline_flat4,2024-09-04,2,0.0,0.0,0.0
train,baseline_flat4,2024-09-05,2,0.0,0.0,0.0
train,baseline_flat4,2024-09-06,2,0.0,0.0,0.0
train,baseline_flat4,2024-09-09,2,0.0,0.0,0.0
train,baseline_flat4,2024-09-10,2,-2.378674698795181,-2.378674698795181,0.0
train,baseline_flat4,2024-09-11,2,0.0,0.0,0.0
train,baseline_flat4,2024-09-12,2,0.0,0.0,0.0
train,baseline_flat4,2024-09-13,2,0.0,0.0,0.0
train,baseline_flat4,2024-09-18,2,1.3524732477452432,1.3524732477452432,0.0
train,baseline_flat4,2024-09-19,2,20.665599952455448,20.665599952455448,0.0
train,baseline_flat4,2024-09-20,2,0.0,0.0,0.0
train,baseline_flat4,2024-09-23,2,17.00915285451199,17.00915285451199,0.0
train,baseline_flat4,2024-09-24,2,43.23085416113101,43.23085416113101,0.0
train,baseline_flat4,2024-09-25,2,0.0,0.0,0.0
train,baseline_flat4,2024-09-26,2,0.0,0.0,0.0
train,baseline_flat4,2024-09-27,2,0.0,0.0,0.0
train,baseline_flat4,2024-09-30,2,0.0,0.0,0.0
train,baseline_flat4,2024-10-08,2,0.0,0.0,0.0
train,baseline_flat4,2024-10-09,2,0.0,0.0,0.0
train,baseline_flat4,2024-10-10,2,0.0,0.0,0.0
train,baseline_flat4,2024-10-11,2,0.0,0.0,0.0
train,baseline_flat4,2024-10-14,2,0.0,0.0,0.0
train,baseline_flat4,2024-10-15,2,0.0,0.0,0.0
train,baseline_flat4,2024-10-16,2,0.0,0.0,0.0
train,baseline_flat4,2024-10-17,2,0.0,0.0,0.0
train,baseline_flat4,2024-10-18,2,-6.84811540449334,-6.84811540449334,0.0
train,baseline_flat4,2024-10-21,2,0.0,0.0,0.0
train,baseline_flat4,2024-10-22,2,0.0,0.0,0.0
train,baseline_flat4,2024-10-23,2,0.0,0.0,0.0
train,baseline_flat4,2024-10-24,2,-6.210000000000005,-6.210000000000005,0.0
train,baseline_flat4,2024-10-25,2,3.1529537366547826,3.1529537366547826,0.0
train,baseline_flat4,2024-10-28,2,0.0,0.0,0.0
train,baseline_flat4,2024-10-29,2,0.0,0.0,0.0
train,baseline_flat4,2024-10-30,2,0.0,0.0,0.0
train,baseline_flat4,2024-10-31,2,1.5429629629629664,1.5429629629629664,0.0
train,baseline_flat4,2024-11-01,2,5.877350731514428,5.877350731514428,0.0
train,baseline_flat4,2024-11-04,2,0.0,0.0,0.0
train,baseline_flat4,2024-11-05,2,6.53509803921568,6.53509803921568,0.0
train,baseline_flat4,2024-11-06,2,0.0,0.0,0.0
train,baseline_flat4,2024-11-07,2,0.0,0.0,0.0
train,baseline_flat4,2024-11-08,2,-0.7852253909843583,-0.7852253909843583,0.0
train,baseline_flat4,2024-11-11,2,-13.13452236333518,-13.13452236333518,0.0
train,baseline_flat4,2024-11-12,2,0.0,0.0,0.0
train,baseline_flat4,2024-11-13,2,-6.210000000000005,-6.210000000000005,0.0
train,baseline_flat4,2024-11-14,2,0.0,0.0,0.0
train,baseline_flat4,2024-11-15,2,0.0,0.0,0.0
train,baseline_flat4,2024-11-18,2,0.0,0.0,0.0
train,baseline_flat4,2024-11-19,2,14.99737327188939,14.99737327188939,0.0
train,baseline_flat4,2024-11-20,2,0.0,0.0,0.0
train,baseline_flat4,2024-11-21,2,0.0,0.0,0.0
train,baseline_flat4,2024-11-22,2,0.0,0.0,0.0
train,baseline_flat4,2024-11-25,2,4.156666666666674,4.156666666666674,0.0
train,baseline_flat4,2024-11-26,2,0.0,0.0,0.0
train,baseline_flat4,2024-11-27,2,0.0,0.0,0.0
train,baseline_flat4,2024-11-28,2,1.5775920084121866,1.5775920084121866,0.0
train,baseline_flat4,2024-11-29,2,3.987901049475261,3.987901049475261,0.0
train,baseline_flat4,2024-12-02,2,0.8954813450023016,0.8954813450023016,0.0
train,baseline_flat4,2024-12-03,2,0.0,0.0,0.0
train,baseline_flat4,2024-12-04,2,0.0,0.0,0.0
train,baseline_flat4,2024-12-05,2,-1.7982122717850175,-1.7982122717850175,0.0
train,baseline_flat4,2024-12-06,2,0.0,0.0,0.0
train,baseline_flat4,2024-12-09,2,11.956666666666658,11.956666666666658,0.0
train,baseline_flat4,2024-12-10,2,-12.939669551534207,-12.939669551534207,0.0
train,baseline_flat4,2024-12-11,2,12.989577613516355,12.989577613516355,0.0
train,baseline_flat4,2024-12-12,2,0.0,0.0,0.0
train,baseline_flat4,2024-12-13,2,-12.420000000000021,-12.420000000000021,0.0
train,baseline_flat4,2024-12-16,2,-12.420000000000021,-12.420000000000021,0.0
train,baseline_flat4,2024-12-17,2,0.0,0.0,0.0
train,baseline_flat4,2024-12-18,2,21.387654294500443,21.387654294500443,0.0
train,baseline_flat4,2024-12-19,2,-6.209999999999995,-6.209999999999995,0.0
train,baseline_flat4,2024-12-20,2,-1.7595867768595128,-1.7595867768595128,0.0
train,baseline_flat4,2024-12-23,2,0.0,0.0,0.0
train,baseline_flat4,2024-12-24,2,0.0,0.0,0.0
train,baseline_flat4,2024-12-25,2,0.0,0.0,0.0
train,baseline_flat4,2024-12-26,2,-6.210000000000005,-6.210000000000005,0.0
train,baseline_flat4,2024-12-27,2,0.0,0.0,0.0
train,baseline_flat4,2024-12-30,2,-12.420000000000021,-12.420000000000021,0.0
train,baseline_flat4,2024-12-31,2,0.0,0.0,0.0
train,baseline_flat4,2025-01-02,2,-6.210000000000005,-6.210000000000005,0.0
train,baseline_flat4,2025-01-03,2,0.0,0.0,0.0
train,baseline_flat4,2025-01-06,2,0.0,0.0,0.0
train,baseline_flat4,2025-01-07,2,2.2540342822160877,2.2540342822160877,0.0
train,baseline_flat4,2025-01-08,2,0.0,0.0,0.0
train,baseline_flat4,2025-01-09,2,0.0,0.0,0.0
train,baseline_flat4,2025-01-10,2,-0.8561538461538407,-0.8561538461538407,0.0
train,baseline_flat4,2025-01-13,2,7.88806835066864,7.88806835066864,0.0
train,baseline_flat4,2025-01-14,2,5.609850746268649,5.609850746268649,0.0
train,baseline_flat4,2025-01-15,2,0.0,0.0,0.0
train,baseline_flat4,2025-01-16,2,0.0,0.0,0.0
train,baseline_flat4,2025-01-17,2,2.0100486845260317,2.0100486845260317,0.0
train,baseline_flat4,2025-01-20,2,14.91881122103713,14.91881122103713,0.0
train,baseline_flat4,2025-01-21,2,0.0,0.0,0.0
train,baseline_flat4,2025-01-22,2,0.0,0.0,0.0
train,baseline_flat4,2025-01-23,2,10.03089877770826,10.03089877770826,0.0
train,baseline_flat4,2025-01-24,2,16.083829087457,16.083829087457,0.0
train,baseline_flat4,2025-01-27,2,0.0,0.0,0.0
train,baseline_flat4,2025-02-05,2,0.0,0.0,0.0
train,baseline_flat4,2025-02-06,2,-4.090708359923425,-4.090708359923425,0.0
train,baseline_flat4,2025-02-07,2,0.0,0.0,0.0
train,baseline_flat4,2025-02-10,2,0.0,0.0,0.0
train,baseline_flat4,2025-02-11,2,0.0,0.0,0.0
train,baseline_flat4,2025-02-12,2,-10.985792149684784,-10.985792149684784,0.0
train,baseline_flat4,2025-02-13,2,0.0,0.0,0.0
train,baseline_flat4,2025-02-14,2,-12.42000000000001,-12.42000000000001,0.0
train,baseline_flat4,2025-02-17,2,31.782650511169994,31.782650511169994,0.0
train,baseline_flat4,2025-02-18,2,0.0,0.0,0.0
train,baseline_flat4,2025-02-19,2,10.961770393316426,10.961770393316426,0.0
train,baseline_flat4,2025-02-20,2,0.0,0.0,0.0
train,baseline_flat4,2025-02-21,2,0.0,0.0,0.0
train,baseline_flat4,2025-02-24,2,-6.210000000000005,-6.210000000000005,0.0
train,baseline_flat4,2025-02-25,2,-6.210000000000005,-6.210000000000005,0.0
train,baseline_flat4,2025-02-26,2,-12.42000000000001,-12.42000000000001,0.0
train,baseline_flat4,2025-02-27,2,0.0,0.0,0.0
train,baseline_flat4,2025-02-28,2,0.0,0.0,0.0
train,baseline_flat4,2025-03-03,2,0.0,0.0,0.0
train,baseline_flat4,2025-03-04,2,0.0,0.0,0.0
train,baseline_flat4,2025-03-05,2,-7.625384615384624,-7.625384615384624,0.0
train,baseline_flat4,2025-03-06,2,-5.506497288038827,-5.506497288038827,0.0
train,baseline_flat4,2025-03-07,2,0.0,0.0,0.0
train,baseline_flat4,2025-03-10,2,-10.19622377622379,-10.19622377622379,0.0
train,baseline_flat4,2025-03-11,2,2.2258974358974495,2.2258974358974495,0.0
train,baseline_flat4,2025-03-12,2,3.080063609920834,3.080063609920834,0.0
train,baseline_flat4,2025-03-13,2,0.0,0.0,0.0
train,baseline_flat4,2025-03-14,2,5.242959794696308,5.242959794696308,0.0
train,baseline_flat4,2025-03-17,2,28.64066163956221,28.64066163956221,0.0
train,baseline_flat4,2025-03-18,2,0.0,0.0,0.0
train,baseline_flat4,2025-03-19,2,-6.210000000000005,-6.210000000000005,0.0
train,baseline_flat4,2025-03-20,2,-12.420000000000021,-12.420000000000021,0.0
train,baseline_flat4,2025-03-21,2,-12.420000000000021,-12.420000000000021,0.0
train,baseline_flat4,2025-03-24,2,-6.210000000000005,-6.210000000000005,0.0
train,baseline_flat4,2025-03-25,2,33.47983957219254,33.47983957219254,0.0
train,baseline_flat4,2025-03-26,2,-6.210000000000005,-6.210000000000005,0.0
train,baseline_flat4,2025-03-27,2,0.0,0.0,0.0
train,baseline_flat4,2025-03-28,2,0.0,0.0,0.0
train,baseline_flat4,2025-03-31,2,-21.336760563380267,-21.336760563380267,0.0
train,baseline_flat4,2025-04-01,2,0.0,0.0,0.0
train,baseline_flat4,2025-04-02,2,0.0,0.0,0.0
train,baseline_flat4,2025-04-03,2,0.0,0.0,0.0
train,baseline_flat4,2025-04-07,2,0.0,0.0,0.0
train,baseline_flat4,2025-04-08,2,0.0,0.0,0.0
train,baseline_flat4,2025-04-09,2,0.0,0.0,0.0
train,baseline_flat4,2025-04-10,2,0.0,0.0,0.0
train,baseline_flat4,2025-04-11,2,0.0,0.0,0.0
train,baseline_flat4,2025-04-14,2,0.0,0.0,0.0
train,baseline_flat4,2025-04-15,2,0.0,0.0,0.0
train,baseline_flat4,2025-04-16,2,0.0,0.0,0.0
train,baseline_flat4,2025-04-17,2,-10.677425742574222,-10.677425742574222,0.0
train,baseline_flat4,2025-04-18,2,2.158231292516975,2.158231292516975,0.0
train,baseline_flat4,2025-04-21,2,28.059069160724825,28.059069160724825,0.0
train,baseline_flat4,2025-04-22,2,0.0,0.0,0.0
train,baseline_flat4,2025-04-23,2,0.0,0.0,0.0
train,baseline_flat4,2025-04-24,2,-12.420000000000021,-12.420000000000021,0.0
train,baseline_flat4,2025-04-25,2,4.279795918367334,4.279795918367334,0.0
train,baseline_flat4,2025-04-28,2,2.8160380014074606,2.8160380014074606,0.0
train,baseline_flat4,2025-04-29,2,-7.285709459459479,-7.285709459459479,0.0
train,baseline_flat4,2025-04-30,2,0.0,0.0,0.0
train,baseline_flat4,2025-05-06,2,0.0,0.0,0.0
train,baseline_flat4,2025-05-07,2,0.0,0.0,0.0
train,baseline_flat4,2025-05-08,2,0.0,0.0,0.0
train,baseline_flat4,2025-05-09,2,2.183942477010401,2.183942477010401,0.0
train,baseline_flat4,2025-05-12,2,-1.3254288440177637,-1.3254288440177637,0.0
train,baseline_flat4,2025-05-13,2,-1.0616382252559804,-1.0616382252559804,0.0
train,baseline_flat4,2025-05-14,2,0.0,0.0,0.0
train,baseline_flat4,2025-05-15,2,16.87826781233461,16.87826781233461,0.0
train,baseline_flat4,2025-05-16,2,22.498918918918918,22.498918918918918,0.0
train,baseline_flat4,2025-05-19,2,-6.209999999999995,-6.209999999999995,0.0
train,baseline_flat4,2025-05-20,2,9.76506234413965,9.76506234413965,0.0
train,baseline_flat4,2025-05-21,2,4.4442553191489145,4.4442553191489145,0.0
train,baseline_flat4,2025-05-22,2,0.0,0.0,0.0
train,baseline_flat4,2025-05-23,2,0.0,0.0,0.0
train,baseline_flat4,2025-05-26,2,0.0,0.0,0.0
train,baseline_flat4,2025-05-27,2,0.0,0.0,0.0
train,baseline_flat4,2025-05-28,2,0.0,0.0,0.0
train,baseline_flat4,2025-05-29,2,-1.8187751371115177,-1.8187751371115177,0.0
train,baseline_flat4,2025-05-30,2,3.7060839160839123,3.7060839160839123,0.0
train,compact3_fixed4,2024-01-02,2,0.0,0.0,0.0
train,compact3_fixed4,2024-01-03,2,0.0,0.0,0.0
train,compact3_fixed4,2024-01-04,2,0.0,0.0,0.0
train,compact3_fixed4,2024-01-05,2,0.0,-5.09794817556848,5.09794817556848
train,compact3_fixed4,2024-01-08,2,0.0,0.0,0.0
train,compact3_fixed4,2024-01-09,2,0.0,5.915897760878729,-5.915897760878729
train,compact3_fixed4,2024-01-10,2,0.0,0.0,0.0
train,compact3_fixed4,2024-01-11,2,0.0,-8.091788305591132,8.091788305591132
train,compact3_fixed4,2024-01-12,2,0.0,0.0,0.0
train,compact3_fixed4,2024-01-15,2,0.0,0.0,0.0
train,compact3_fixed4,2024-01-16,2,0.0,0.0,0.0
train,compact3_fixed4,2024-01-17,2,-6.210000000000005,0.0,-6.210000000000005
train,compact3_fixed4,2024-01-18,2,-6.209999999999995,-7.834408340795696,1.6244083407957017
train,compact3_fixed4,2024-01-19,2,0.0,0.0,0.0
train,compact3_fixed4,2024-01-22,2,0.0,0.0,0.0
train,compact3_fixed4,2024-01-23,2,0.0,0.0,0.0
train,compact3_fixed4,2024-01-24,2,0.0,0.0,0.0
train,compact3_fixed4,2024-01-25,2,0.0,0.0,0.0
train,compact3_fixed4,2024-01-26,2,0.0,0.0,0.0
train,compact3_fixed4,2024-01-29,2,0.0,0.0,0.0
train,compact3_fixed4,2024-01-30,2,0.0,0.0,0.0
train,compact3_fixed4,2024-01-31,2,0.0,0.0,0.0
train,compact3_fixed4,2024-02-01,2,0.0,0.0,0.0
train,compact3_fixed4,2024-02-02,2,0.0,0.0,0.0
train,compact3_fixed4,2024-02-05,2,0.0,0.0,0.0
train,compact3_fixed4,2024-02-06,2,0.0,0.0,0.0
train,compact3_fixed4,2024-02-07,2,0.0,0.0,0.0
train,compact3_fixed4,2024-02-08,2,0.0,0.0,0.0
train,compact3_fixed4,2024-02-19,2,0.0,0.0,0.0
train,compact3_fixed4,2024-02-20,2,0.0,0.0,0.0
train,compact3_fixed4,2024-02-21,2,0.0,9.706438293115925,-9.706438293115925
train,compact3_fixed4,2024-02-22,2,0.0,3.623772314896078,-3.623772314896078
train,compact3_fixed4,2024-02-23,2,12.585031055900608,0.0,12.585031055900608
train,compact3_fixed4,2024-02-26,2,0.0,2.9254642313546455,-2.9254642313546455
train,compact3_fixed4,2024-02-27,2,0.0,-6.53816408204101,6.53816408204101
train,compact3_fixed4,2024-02-28,2,0.0,0.0,0.0
train,compact3_fixed4,2024-02-29,2,2.8540400329786757,0.0,2.8540400329786757
train,compact3_fixed4,2024-03-01,2,0.0,0.0,0.0
train,compact3_fixed4,2024-03-04,2,0.0,0.0,0.0
train,compact3_fixed4,2024-03-05,2,0.0,14.219400386847191,-14.219400386847191
train,compact3_fixed4,2024-03-06,2,0.0,-6.538671328671332,6.538671328671332
train,compact3_fixed4,2024-03-07,2,2.448764044943817,-2.1100000000000017,4.5587640449438185
train,compact3_fixed4,2024-03-08,2,13.423068839678471,9.653333333333332,3.769735506345139
train,compact3_fixed4,2024-03-11,2,4.553313609467446,-2.6606015037593984,7.213915113226844
train,compact3_fixed4,2024-03-12,2,4.533202504844345,-14.03271249076128,18.565914995605624
train,compact3_fixed4,2024-03-13,2,-6.209999999999995,7.2526865671641785,-13.462686567164173
train,compact3_fixed4,2024-03-14,2,0.0,0.0,0.0
train,compact3_fixed4,2024-03-15,2,0.0,6.011406400739393,-6.011406400739393
train,compact3_fixed4,2024-03-18,2,-1.763398058252442,-5.281171366594386,3.5177733083419436
train,compact3_fixed4,2024-03-19,2,0.0,0.0,0.0
train,compact3_fixed4,2024-03-20,2,-0.015068226120874356,0.0,-0.015068226120874356
train,compact3_fixed4,2024-03-21,2,-6.209999999999995,-12.42000000000001,6.210000000000016
train,compact3_fixed4,2024-03-22,2,0.0,-6.210000000000005,6.210000000000005
train,compact3_fixed4,2024-03-25,2,0.0,7.49179735593901,-7.49179735593901
train,compact3_fixed4,2024-03-26,2,-9.522169312169295,19.97603960396039,-29.498208916129684
train,compact3_fixed4,2024-03-27,2,2.3960296371997805,0.0,2.3960296371997805
train,compact3_fixed4,2024-03-28,2,0.0,0.0,0.0
train,compact3_fixed4,2024-03-29,2,0.0,0.0,0.0
train,compact3_fixed4,2024-04-01,2,0.0,0.0,0.0
train,compact3_fixed4,2024-04-02,2,0.0,-7.2702556299452334,7.2702556299452334
train,compact3_fixed4,2024-04-03,2,0.0,0.0,0.0
train,compact3_fixed4,2024-04-08,2,0.0,-12.42000000000001,12.42000000000001
train,compact3_fixed4,2024-04-09,2,0.0,0.0,0.0
train,compact3_fixed4,2024-04-10,2,0.0,0.0,0.0
train,compact3_fixed4,2024-04-11,2,3.3850110051357065,0.0,3.3850110051357065
train,compact3_fixed4,2024-04-12,2,0.0,22.171954022988505,-22.171954022988505
train,compact3_fixed4,2024-04-15,2,0.0,3.1696016898008263,-3.1696016898008263
train,compact3_fixed4,2024-04-16,2,0.0,0.0,0.0
train,compact3_fixed4,2024-04-17,2,0.0,0.0,0.0
train,compact3_fixed4,2024-04-18,2,0.0,0.0,0.0
train,compact3_fixed4,2024-04-19,2,0.0,0.0,0.0
train,compact3_fixed4,2024-04-22,2,0.0,4.148373493975919,-4.148373493975919
train,compact3_fixed4,2024-04-23,2,0.0,14.095986574810102,-14.095986574810102
train,compact3_fixed4,2024-04-24,2,0.0,21.35435458030259,-21.35435458030259
train,compact3_fixed4,2024-04-25,2,0.0,8.413386065850023,-8.413386065850023
train,compact3_fixed4,2024-04-26,2,0.0,0.0,0.0
train,compact3_fixed4,2024-04-29,2,0.0,15.074280936454862,-15.074280936454862
train,compact3_fixed4,2024-04-30,2,0.0,0.0,0.0
train,compact3_fixed4,2024-05-06,2,2.560448548812654,0.0,2.560448548812654
train,compact3_fixed4,2024-05-07,2,0.0,0.0,0.0
train,compact3_fixed4,2024-05-08,2,0.0,0.0,0.0
train,compact3_fixed4,2024-05-09,2,-6.210000000000005,-8.622898550724624,2.412898550724619
train,compact3_fixed4,2024-05-10,2,0.0,0.0,0.0
train,compact3_fixed4,2024-05-13,2,-0.21,-6.210000000000005,6.000000000000005
train,compact3_fixed4,2024-05-14,2,0.0,-7.577407407407435,7.577407407407435
train,compact3_fixed4,2024-05-15,2,0.0,0.0,0.0
train,compact3_fixed4,2024-05-16,2,0.0,0.0,0.0
train,compact3_fixed4,2024-05-17,2,-5.065428259683558,0.0,-5.065428259683558
train,compact3_fixed4,2024-05-20,2,0.0,-6.210000000000005,6.210000000000005
train,compact3_fixed4,2024-05-21,2,0.0,-2.994503631961266,2.994503631961266
train,compact3_fixed4,2024-05-22,2,0.0,-12.42000000000001,12.42000000000001
train,compact3_fixed4,2024-05-23,2,0.0,-6.210000000000005,6.210000000000005
train,compact3_fixed4,2024-05-24,2,0.0,0.18408866995074288,-0.18408866995074288
train,compact3_fixed4,2024-05-27,2,0.0,-6.210000000000005,6.210000000000005
train,compact3_fixed4,2024-05-28,2,0.0,0.0,0.0
train,compact3_fixed4,2024-05-29,2,0.0,6.181402714932126,-6.181402714932126
train,compact3_fixed4,2024-05-30,2,0.0,0.0,0.0
train,compact3_fixed4,2024-05-31,2,-6.210000000000005,-6.210000000000005,0.0
train,compact3_fixed4,2024-06-03,2,0.0,-1.1706147934678288,1.1706147934678288
train,compact3_fixed4,2024-06-04,2,0.0,0.0,0.0
train,compact3_fixed4,2024-06-05,2,0.0,-6.210000000000005,6.210000000000005
train,compact3_fixed4,2024-06-06,2,0.0,0.0,0.0
train,compact3_fixed4,2024-06-07,2,0.0,0.0,0.0
train,compact3_fixed4,2024-06-11,2,0.0,3.507579250720471,-3.507579250720471
train,compact3_fixed4,2024-06-12,2,0.0,0.0,0.0
train,compact3_fixed4,2024-06-13,2,0.0,0.0,0.0
train,compact3_fixed4,2024-06-14,2,0.0,0.0,0.0
train,compact3_fixed4,2024-06-17,2,0.0,-4.914797047970488,4.914797047970488
train,compact3_fixed4,2024-06-18,2,0.0,-5.354639613920377,5.354639613920377
train,compact3_fixed4,2024-06-19,2,-6.210000000000005,0.0,-6.210000000000005
train,compact3_fixed4,2024-06-20,2,-6.210000000000005,0.0,-6.210000000000005
train,compact3_fixed4,2024-06-21,2,-6.209999999999995,-12.42000000000001,6.210000000000016
train,compact3_fixed4,2024-06-24,2,0.0,0.0,0.0
train,compact3_fixed4,2024-06-25,2,0.0,0.0,0.0
train,compact3_fixed4,2024-06-26,2,0.0,2.713076923076917,-2.713076923076917
train,compact3_fixed4,2024-06-27,2,0.0,0.0,0.0
train,compact3_fixed4,2024-06-28,2,-6.210000000000005,0.0,-6.210000000000005
train,compact3_fixed4,2024-07-01,2,0.0,-7.641374045801543,7.641374045801543
train,compact3_fixed4,2024-07-02,2,0.0,10.497964601769903,-10.497964601769903
train,compact3_fixed4,2024-07-03,2,0.0,0.0,0.0
train,compact3_fixed4,2024-07-04,2,0.0,0.0,0.0
train,compact3_fixed4,2024-07-05,2,0.0,7.1898642226748235,-7.1898642226748235
train,compact3_fixed4,2024-07-08,2,0.7299855386840184,0.0,0.7299855386840184
train,compact3_fixed4,2024-07-09,2,0.0,0.0,0.0
train,compact3_fixed4,2024-07-10,2,0.0,0.0,0.0
train,compact3_fixed4,2024-07-11,2,0.0,0.0,0.0
train,compact3_fixed4,2024-07-12,2,0.0,0.0,0.0
train,compact3_fixed4,2024-07-15,2,0.0,0.0,0.0
train,compact3_fixed4,2024-07-16,2,0.0,-12.42000000000001,12.42000000000001
train,compact3_fixed4,2024-07-17,2,0.0,0.0,0.0
train,compact3_fixed4,2024-07-18,2,0.0,-4.457660187185032,4.457660187185032
train,compact3_fixed4,2024-07-19,2,0.0,0.0,0.0
train,compact3_fixed4,2024-07-22,2,0.0,-6.210000000000005,6.210000000000005
train,compact3_fixed4,2024-07-23,2,0.0,0.0,0.0
train,compact3_fixed4,2024-07-24,2,0.0,0.0,0.0
train,compact3_fixed4,2024-07-25,2,0.0,10.225974822157234,-10.225974822157234
train,compact3_fixed4,2024-07-26,2,0.0,0.0,0.0
train,compact3_fixed4,2024-07-29,2,0.0,-7.931843151024756,7.931843151024756
train,compact3_fixed4,2024-07-30,2,0.0,0.0,0.0
train,compact3_fixed4,2024-07-31,2,0.0,-8.622643171806178,8.622643171806178
train,compact3_fixed4,2024-08-01,2,-12.420000000000032,0.0,-12.420000000000032
train,compact3_fixed4,2024-08-02,2,-6.210000000000005,0.0,-6.210000000000005
train,compact3_fixed4,2024-08-05,2,0.0,0.0,0.0
train,compact3_fixed4,2024-08-06,2,0.0,0.0,0.0
train,compact3_fixed4,2024-08-07,2,0.0,0.0,0.0
train,compact3_fixed4,2024-08-08,2,0.0,0.0,0.0
train,compact3_fixed4,2024-08-09,2,0.0,0.0,0.0
train,compact3_fixed4,2024-08-12,2,2.052016965127245,1.4793477240732091,0.5726692410540357
train,compact3_fixed4,2024-08-13,2,0.0,0.24914766773855668,-0.24914766773855668
train,compact3_fixed4,2024-08-14,2,0.0,0.0,0.0
train,compact3_fixed4,2024-08-15,2,0.0,0.0,0.0
train,compact3_fixed4,2024-08-16,2,-6.210000000000005,0.0,-6.210000000000005
train,compact3_fixed4,2024-08-19,2,0.0,-6.210000000000005,6.210000000000005
train,compact3_fixed4,2024-08-20,2,0.0,0.0,0.0
train,compact3_fixed4,2024-08-21,2,0.0,0.0,0.0
train,compact3_fixed4,2024-08-22,2,0.0,0.0,0.0
train,compact3_fixed4,2024-08-23,2,0.0,4.408473895582298,-4.408473895582298
train,compact3_fixed4,2024-08-26,2,0.0,3.2588995215311103,-3.2588995215311103
train,compact3_fixed4,2024-08-27,2,0.0,0.0,0.0
train,compact3_fixed4,2024-08-28,2,9.473995922528044,0.0,9.473995922528044
train,compact3_fixed4,2024-08-29,2,-0.0721640248104736,-3.3446031746031792,3.2724391497927057
train,compact3_fixed4,2024-08-30,2,0.0,-3.220391041592576,3.220391041592576
train,compact3_fixed4,2024-09-02,2,0.0,0.0,0.0
train,compact3_fixed4,2024-09-03,2,0.0,0.0,0.0
train,compact3_fixed4,2024-09-04,2,0.0,0.0,0.0
train,compact3_fixed4,2024-09-05,2,0.0,0.0,0.0
train,compact3_fixed4,2024-09-06,2,0.0,0.0,0.0
train,compact3_fixed4,2024-09-09,2,0.0,0.0,0.0
train,compact3_fixed4,2024-09-10,2,-2.2560358056266003,-2.378674698795181,0.12263889316858068
train,compact3_fixed4,2024-09-11,2,-5.4267262543817765,0.0,-5.4267262543817765
train,compact3_fixed4,2024-09-12,2,0.0,0.0,0.0
train,compact3_fixed4,2024-09-13,2,0.0,0.0,0.0
train,compact3_fixed4,2024-09-18,2,0.0,1.3524732477452432,-1.3524732477452432
train,compact3_fixed4,2024-09-19,2,0.0,20.665599952455448,-20.665599952455448
train,compact3_fixed4,2024-09-20,2,0.0,0.0,0.0
train,compact3_fixed4,2024-09-23,2,0.0,17.00915285451199,-17.00915285451199
train,compact3_fixed4,2024-09-24,2,0.0,43.23085416113101,-43.23085416113101
train,compact3_fixed4,2024-09-25,2,0.0,0.0,0.0
train,compact3_fixed4,2024-09-26,2,0.0,0.0,0.0
train,compact3_fixed4,2024-09-27,2,0.0,0.0,0.0
train,compact3_fixed4,2024-09-30,2,0.0,0.0,0.0
train,compact3_fixed4,2024-10-08,2,0.0,0.0,0.0
train,compact3_fixed4,2024-10-09,2,0.0,0.0,0.0
train,compact3_fixed4,2024-10-10,2,0.0,0.0,0.0
train,compact3_fixed4,2024-10-11,2,0.0,0.0,0.0
train,compact3_fixed4,2024-10-14,2,0.0,0.0,0.0
train,compact3_fixed4,2024-10-15,2,0.0,0.0,0.0
train,compact3_fixed4,2024-10-16,2,0.0,0.0,0.0
train,compact3_fixed4,2024-10-17,2,0.0,0.0,0.0
train,compact3_fixed4,2024-10-18,2,-0.25411116012352775,-6.84811540449334,6.594004244369812
train,compact3_fixed4,2024-10-21,2,0.0,0.0,0.0
train,compact3_fixed4,2024-10-22,2,0.0,0.0,0.0
train,compact3_fixed4,2024-10-23,2,0.0,0.0,0.0
train,compact3_fixed4,2024-10-24,2,0.0,-6.210000000000005,6.210000000000005
train,compact3_fixed4,2024-10-25,2,0.0,3.1529537366547826,-3.1529537366547826
train,compact3_fixed4,2024-10-28,2,0.0,0.0,0.0
train,compact3_fixed4,2024-10-29,2,0.0,0.0,0.0
train,compact3_fixed4,2024-10-30,2,0.0,0.0,0.0
train,compact3_fixed4,2024-10-31,2,-6.210000000000005,1.5429629629629664,-7.752962962962972
train,compact3_fixed4,2024-11-01,2,0.0,5.877350731514428,-5.877350731514428
train,compact3_fixed4,2024-11-04,2,0.0,0.0,0.0
train,compact3_fixed4,2024-11-05,2,0.0,6.53509803921568,-6.53509803921568
train,compact3_fixed4,2024-11-06,2,0.0,0.0,0.0
train,compact3_fixed4,2024-11-07,2,0.0,0.0,0.0
train,compact3_fixed4,2024-11-08,2,0.0,-0.7852253909843583,0.7852253909843583
train,compact3_fixed4,2024-11-11,2,0.0,-13.13452236333518,13.13452236333518
train,compact3_fixed4,2024-11-12,2,-12.420000000000021,0.0,-12.420000000000021
train,compact3_fixed4,2024-11-13,2,0.0,-6.210000000000005,6.210000000000005
train,compact3_fixed4,2024-11-14,2,-6.210000000000005,0.0,-6.210000000000005
train,compact3_fixed4,2024-11-15,2,0.0,0.0,0.0
train,compact3_fixed4,2024-11-18,2,0.0,0.0,0.0
train,compact3_fixed4,2024-11-19,2,-6.210000000000005,14.99737327188939,-21.207373271889395
train,compact3_fixed4,2024-11-20,2,0.0,0.0,0.0
train,compact3_fixed4,2024-11-21,2,0.0,0.0,0.0
train,compact3_fixed4,2024-11-22,2,0.0,0.0,0.0
train,compact3_fixed4,2024-11-25,2,0.0,4.156666666666674,-4.156666666666674
train,compact3_fixed4,2024-11-26,2,0.0,0.0,0.0
train,compact3_fixed4,2024-11-27,2,0.0,0.0,0.0
train,compact3_fixed4,2024-11-28,2,0.0,1.5775920084121866,-1.5775920084121866
train,compact3_fixed4,2024-11-29,2,0.0,3.987901049475261,-3.987901049475261
train,compact3_fixed4,2024-12-02,2,-2.9285732927359707,0.8954813450023016,-3.8240546377382723
train,compact3_fixed4,2024-12-03,2,0.0,0.0,0.0
train,compact3_fixed4,2024-12-04,2,0.0,0.0,0.0
train,compact3_fixed4,2024-12-05,2,0.0,-1.7982122717850175,1.7982122717850175
train,compact3_fixed4,2024-12-06,2,7.797817184291776,0.0,7.797817184291776
train,compact3_fixed4,2024-12-09,2,0.0,11.956666666666658,-11.956666666666658
train,compact3_fixed4,2024-12-10,2,0.0,-12.939669551534207,12.939669551534207
train,compact3_fixed4,2024-12-11,2,-11.588408826945408,12.989577613516355,-24.577986440461764
train,compact3_fixed4,2024-12-12,2,0.0,0.0,0.0
train,compact3_fixed4,2024-12-13,2,0.0,-12.420000000000021,12.420000000000021
train,compact3_fixed4,2024-12-16,2,0.0,-12.420000000000021,12.420000000000021
train,compact3_fixed4,2024-12-17,2,0.0,0.0,0.0
train,compact3_fixed4,2024-12-18,2,0.0,21.387654294500443,-21.387654294500443
train,compact3_fixed4,2024-12-19,2,0.0,-6.209999999999995,6.209999999999995
train,compact3_fixed4,2024-12-20,2,0.0,-1.7595867768595128,1.7595867768595128
train,compact3_fixed4,2024-12-23,2,0.0,0.0,0.0
train,compact3_fixed4,2024-12-24,2,0.0,0.0,0.0
train,compact3_fixed4,2024-12-25,2,0.0,0.0,0.0
train,compact3_fixed4,2024-12-26,2,0.0,-6.210000000000005,6.210000000000005
train,compact3_fixed4,2024-12-27,2,0.0,0.0,0.0
train,compact3_fixed4,2024-12-30,2,0.0,-12.420000000000021,12.420000000000021
train,compact3_fixed4,2024-12-31,2,0.0,0.0,0.0
train,compact3_fixed4,2025-01-02,2,0.0,-6.210000000000005,6.210000000000005
train,compact3_fixed4,2025-01-03,2,0.0,0.0,0.0
train,compact3_fixed4,2025-01-06,2,0.0,0.0,0.0
train,compact3_fixed4,2025-01-07,2,0.0,2.2540342822160877,-2.2540342822160877
train,compact3_fixed4,2025-01-08,2,0.0,0.0,0.0
train,compact3_fixed4,2025-01-09,2,0.0,0.0,0.0
train,compact3_fixed4,2025-01-10,2,0.0,-0.8561538461538407,0.8561538461538407
train,compact3_fixed4,2025-01-13,2,0.0,7.88806835066864,-7.88806835066864
train,compact3_fixed4,2025-01-14,2,0.0,5.609850746268649,-5.609850746268649
train,compact3_fixed4,2025-01-15,2,0.0,0.0,0.0
train,compact3_fixed4,2025-01-16,2,0.0,0.0,0.0
train,compact3_fixed4,2025-01-17,2,0.0,2.0100486845260317,-2.0100486845260317
train,compact3_fixed4,2025-01-20,2,0.0,14.91881122103713,-14.91881122103713
train,compact3_fixed4,2025-01-21,2,-4.353222506393873,0.0,-4.353222506393873
train,compact3_fixed4,2025-01-22,2,0.0,0.0,0.0
train,compact3_fixed4,2025-01-23,2,8.92839924670431,10.03089877770826,-1.10249953100395
train,compact3_fixed4,2025-01-24,2,0.0,16.083829087457,-16.083829087457
train,compact3_fixed4,2025-01-27,2,-6.210000000000005,0.0,-6.210000000000005
train,compact3_fixed4,2025-02-05,2,1.6616577540107027,0.0,1.6616577540107027
train,compact3_fixed4,2025-02-06,2,5.1522239825327425,-4.090708359923425,9.242932342456168
train,compact3_fixed4,2025-02-07,2,0.0,0.0,0.0
train,compact3_fixed4,2025-02-10,2,0.0,0.0,0.0
train,compact3_fixed4,2025-02-11,2,0.0,0.0,0.0
train,compact3_fixed4,2025-02-12,2,-5.048709677419361,-10.985792149684784,5.9370824722654225
train,compact3_fixed4,2025-02-13,2,0.0,0.0,0.0
train,compact3_fixed4,2025-02-14,2,0.0,-12.42000000000001,12.42000000000001
train,compact3_fixed4,2025-02-17,2,15.702518853695311,31.782650511169994,-16.08013165747468
train,compact3_fixed4,2025-02-18,2,0.0,0.0,0.0
train,compact3_fixed4,2025-02-19,2,0.0,10.961770393316426,-10.961770393316426
train,compact3_fixed4,2025-02-20,2,-1.7067462039045753,0.0,-1.7067462039045753
train,compact3_fixed4,2025-02-21,2,0.0,0.0,0.0
train,compact3_fixed4,2025-02-24,2,0.0,-6.210000000000005,6.210000000000005
train,compact3_fixed4,2025-02-25,2,0.0,-6.210000000000005,6.210000000000005
train,compact3_fixed4,2025-02-26,2,-6.420000000000005,-12.42000000000001,6.000000000000005
train,compact3_fixed4,2025-02-27,2,0.0,0.0,0.0
train,compact3_fixed4,2025-02-28,2,0.0,0.0,0.0
train,compact3_fixed4,2025-03-03,2,-3.2547193149381712,0.0,-3.2547193149381712
train,compact3_fixed4,2025-03-04,2,0.0,0.0,0.0
train,compact3_fixed4,2025-03-05,2,0.0,-7.625384615384624,7.625384615384624
train,compact3_fixed4,2025-03-06,2,0.0,-5.506497288038827,5.506497288038827
train,compact3_fixed4,2025-03-07,2,0.180625,0.0,0.180625
train,compact3_fixed4,2025-03-10,2,-3.986223776223786,-10.19622377622379,6.210000000000004
train,compact3_fixed4,2025-03-11,2,-2.0964468864468797,2.2258974358974495,-4.322344322344329
train,compact3_fixed4,2025-03-12,2,0.0,3.080063609920834,-3.080063609920834
train,compact3_fixed4,2025-03-13,2,13.131724354940232,0.0,13.131724354940232
train,compact3_fixed4,2025-03-14,2,-3.825328994938549,5.242959794696308,-9.068288789634856
train,compact3_fixed4,2025-03-17,2,0.0,28.64066163956221,-28.64066163956221
train,compact3_fixed4,2025-03-18,2,0.0,0.0,0.0
train,compact3_fixed4,2025-03-19,2,0.0,-6.210000000000005,6.210000000000005
train,compact3_fixed4,2025-03-20,2,0.0,-12.420000000000021,12.420000000000021
train,compact3_fixed4,2025-03-21,2,0.0,-12.420000000000021,12.420000000000021
train,compact3_fixed4,2025-03-24,2,0.0,-6.210000000000005,6.210000000000005
train,compact3_fixed4,2025-03-25,2,0.0,33.47983957219254,-33.47983957219254
train,compact3_fixed4,2025-03-26,2,0.0,-6.210000000000005,6.210000000000005
train,compact3_fixed4,2025-03-27,2,0.0,0.0,0.0
train,compact3_fixed4,2025-03-28,2,0.0,0.0,0.0
train,compact3_fixed4,2025-03-31,2,0.0,-21.336760563380267,21.336760563380267
train,compact3_fixed4,2025-04-01,2,0.0,0.0,0.0
train,compact3_fixed4,2025-04-02,2,0.0,0.0,0.0
train,compact3_fixed4,2025-04-03,2,0.0,0.0,0.0
train,compact3_fixed4,2025-04-07,2,0.0,0.0,0.0
train,compact3_fixed4,2025-04-08,2,0.0,0.0,0.0
train,compact3_fixed4,2025-04-09,2,0.0,0.0,0.0
train,compact3_fixed4,2025-04-10,2,0.0,0.0,0.0
train,compact3_fixed4,2025-04-11,2,0.0,0.0,0.0
train,compact3_fixed4,2025-04-14,2,0.0,0.0,0.0
train,compact3_fixed4,2025-04-15,2,0.0,0.0,0.0
train,compact3_fixed4,2025-04-16,2,0.0,0.0,0.0
train,compact3_fixed4,2025-04-17,2,0.0,-10.677425742574222,10.677425742574222
train,compact3_fixed4,2025-04-18,2,2.900166776387956,2.158231292516975,0.7419354838709813
train,compact3_fixed4,2025-04-21,2,-3.1558598726115004,28.059069160724825,-31.214929033336325
train,compact3_fixed4,2025-04-22,2,0.0,0.0,0.0
train,compact3_fixed4,2025-04-23,2,-13.517518753606453,0.0,-13.517518753606453
train,compact3_fixed4,2025-04-24,2,11.505481171548102,-12.420000000000021,23.92548117154812
train,compact3_fixed4,2025-04-25,2,5.809845644983435,4.279795918367334,1.5300497266161006
train,compact3_fixed4,2025-04-28,2,0.0,2.8160380014074606,-2.8160380014074606
train,compact3_fixed4,2025-04-29,2,0.0,-7.285709459459479,7.285709459459479
train,compact3_fixed4,2025-04-30,2,0.0,0.0,0.0
train,compact3_fixed4,2025-05-06,2,0.0,0.0,0.0
train,compact3_fixed4,2025-05-07,2,0.0,0.0,0.0
train,compact3_fixed4,2025-05-08,2,3.706325888644212,0.0,3.706325888644212
train,compact3_fixed4,2025-05-09,2,3.3590825487190603,2.183942477010401,1.1751400717086593
train,compact3_fixed4,2025-05-12,2,0.0,-1.3254288440177637,1.3254288440177637
train,compact3_fixed4,2025-05-13,2,14.227367303609338,-1.0616382252559804,15.289005528865317
train,compact3_fixed4,2025-05-14,2,-14.005596221959873,0.0,-14.005596221959873
train,compact3_fixed4,2025-05-15,2,23.757022006448757,16.87826781233461,6.878754194114148
train,compact3_fixed4,2025-05-16,2,0.9407693599059779,22.498918918918918,-21.55814955901294
train,compact3_fixed4,2025-05-19,2,0.0,-6.209999999999995,6.209999999999995
train,compact3_fixed4,2025-05-20,2,9.76506234413965,9.76506234413965,0.0
train,compact3_fixed4,2025-05-21,2,0.0,4.4442553191489145,-4.4442553191489145
train,compact3_fixed4,2025-05-22,2,0.0,0.0,0.0
train,compact3_fixed4,2025-05-23,2,0.0,0.0,0.0
train,compact3_fixed4,2025-05-26,2,0.0,0.0,0.0
train,compact3_fixed4,2025-05-27,2,0.0,0.0,0.0
train,compact3_fixed4,2025-05-28,2,-6.210000000000005,0.0,-6.210000000000005
train,compact3_fixed4,2025-05-29,2,0.0,-1.8187751371115177,1.8187751371115177
train,compact3_fixed4,2025-05-30,2,0.0,3.7060839160839123,-3.7060839160839123
train,compact3_structure10,2024-01-02,2,0.0,0.0,0.0
train,compact3_structure10,2024-01-03,2,0.0,0.0,0.0
train,compact3_structure10,2024-01-04,2,0.0,0.0,0.0
train,compact3_structure10,2024-01-05,2,0.0,-5.09794817556848,5.09794817556848
train,compact3_structure10,2024-01-08,2,0.0,0.0,0.0
train,compact3_structure10,2024-01-09,2,0.0,5.915897760878729,-5.915897760878729
train,compact3_structure10,2024-01-10,2,0.0,0.0,0.0
train,compact3_structure10,2024-01-11,2,0.0,-8.091788305591132,8.091788305591132
train,compact3_structure10,2024-01-12,2,0.0,0.0,0.0
train,compact3_structure10,2024-01-15,2,0.0,0.0,0.0
train,compact3_structure10,2024-01-16,2,0.0,0.0,0.0
train,compact3_structure10,2024-01-17,2,-6.537703916636707,0.0,-6.537703916636707
train,compact3_structure10,2024-01-18,2,-6.991890345209507,-7.834408340795696,0.8425179955861894
train,compact3_structure10,2024-01-19,2,0.0,0.0,0.0
train,compact3_structure10,2024-01-22,2,0.0,0.0,0.0
train,compact3_structure10,2024-01-23,2,0.0,0.0,0.0
train,compact3_structure10,2024-01-24,2,0.0,0.0,0.0
train,compact3_structure10,2024-01-25,2,0.0,0.0,0.0
train,compact3_structure10,2024-01-26,2,0.0,0.0,0.0
train,compact3_structure10,2024-01-29,2,0.0,0.0,0.0
train,compact3_structure10,2024-01-30,2,0.0,0.0,0.0
train,compact3_structure10,2024-01-31,2,0.0,0.0,0.0
train,compact3_structure10,2024-02-01,2,0.0,0.0,0.0
train,compact3_structure10,2024-02-02,2,0.0,0.0,0.0
train,compact3_structure10,2024-02-05,2,0.0,0.0,0.0
train,compact3_structure10,2024-02-06,2,0.0,0.0,0.0
train,compact3_structure10,2024-02-07,2,0.0,0.0,0.0
train,compact3_structure10,2024-02-08,2,0.0,0.0,0.0
train,compact3_structure10,2024-02-19,2,0.0,0.0,0.0
train,compact3_structure10,2024-02-20,2,0.0,0.0,0.0
train,compact3_structure10,2024-02-21,2,0.0,9.706438293115925,-9.706438293115925
train,compact3_structure10,2024-02-22,2,0.0,3.623772314896078,-3.623772314896078
train,compact3_structure10,2024-02-23,2,18.050869565217376,0.0,18.050869565217376
train,compact3_structure10,2024-02-26,2,0.0,2.9254642313546455,-2.9254642313546455
train,compact3_structure10,2024-02-27,2,0.0,-6.53816408204101,6.53816408204101
train,compact3_structure10,2024-02-28,2,0.0,0.0,0.0
train,compact3_structure10,2024-02-29,2,29.114991047950806,0.0,29.114991047950806
train,compact3_structure10,2024-03-01,2,0.0,0.0,0.0
train,compact3_structure10,2024-03-04,2,0.0,0.0,0.0
train,compact3_structure10,2024-03-05,2,0.0,14.219400386847191,-14.219400386847191
train,compact3_structure10,2024-03-06,2,0.0,-6.538671328671332,6.538671328671332
train,compact3_structure10,2024-03-07,2,2.833842696629227,-2.1100000000000017,4.943842696629229
train,compact3_structure10,2024-03-08,2,30.154657811972925,9.653333333333332,20.501324478639592
train,compact3_structure10,2024-03-11,2,6.298875739644959,-2.6606015037593984,8.959477243404358
train,compact3_structure10,2024-03-12,2,-0.3301458166555822,-14.03271249076128,13.702566674105698
train,compact3_structure10,2024-03-13,2,-7.51881834215168,7.2526865671641785,-14.771504909315858
train,compact3_structure10,2024-03-14,2,0.0,0.0,0.0
train,compact3_structure10,2024-03-15,2,0.0,6.011406400739393,-6.011406400739393
train,compact3_structure10,2024-03-18,2,-4.5740776699029215,-5.281171366594386,0.707093696691464
train,compact3_structure10,2024-03-19,2,0.0,0.0,0.0
train,compact3_structure10,2024-03-20,2,4.663294346978563,0.0,4.663294346978563
train,compact3_structure10,2024-03-21,2,-5.907056030389347,-12.42000000000001,6.512943969610664
train,compact3_structure10,2024-03-22,2,0.0,-6.210000000000005,6.210000000000005
train,compact3_structure10,2024-03-25,2,0.0,7.49179735593901,-7.49179735593901
train,compact3_structure10,2024-03-26,2,-9.522169312169295,19.97603960396039,-29.498208916129684
train,compact3_structure10,2024-03-27,2,-7.319606540623425,0.0,-7.319606540623425
train,compact3_structure10,2024-03-28,2,0.0,0.0,0.0
train,compact3_structure10,2024-03-29,2,0.0,0.0,0.0
train,compact3_structure10,2024-04-01,2,0.0,0.0,0.0
train,compact3_structure10,2024-04-02,2,0.0,-7.2702556299452334,7.2702556299452334
train,compact3_structure10,2024-04-03,2,0.0,0.0,0.0
train,compact3_structure10,2024-04-08,2,0.0,-12.42000000000001,12.42000000000001
train,compact3_structure10,2024-04-09,2,0.0,0.0,0.0
train,compact3_structure10,2024-04-10,2,0.0,0.0,0.0
train,compact3_structure10,2024-04-11,2,-3.5262142333088895,0.0,-3.5262142333088895
train,compact3_structure10,2024-04-12,2,0.0,22.171954022988505,-22.171954022988505
train,compact3_structure10,2024-04-15,2,0.0,3.1696016898008263,-3.1696016898008263
train,compact3_structure10,2024-04-16,2,0.0,0.0,0.0
train,compact3_structure10,2024-04-17,2,0.0,0.0,0.0
train,compact3_structure10,2024-04-18,2,0.0,0.0,0.0
train,compact3_structure10,2024-04-19,2,0.0,0.0,0.0
train,compact3_structure10,2024-04-22,2,0.0,4.148373493975919,-4.148373493975919
train,compact3_structure10,2024-04-23,2,0.0,14.095986574810102,-14.095986574810102
train,compact3_structure10,2024-04-24,2,0.0,21.35435458030259,-21.35435458030259
train,compact3_structure10,2024-04-25,2,0.0,8.413386065850023,-8.413386065850023
train,compact3_structure10,2024-04-26,2,0.0,0.0,0.0
train,compact3_structure10,2024-04-29,2,0.0,15.074280936454862,-15.074280936454862
train,compact3_structure10,2024-04-30,2,0.0,0.0,0.0
train,compact3_structure10,2024-05-06,2,4.169148192476867,0.0,4.169148192476867
train,compact3_structure10,2024-05-07,2,0.0,0.0,0.0
train,compact3_structure10,2024-05-08,2,0.0,0.0,0.0
train,compact3_structure10,2024-05-09,2,-4.808235020901065,-8.622898550724624,3.8146635298235596
train,compact3_structure10,2024-05-10,2,0.0,0.0,0.0
train,compact3_structure10,2024-05-13,2,-0.6495604395604269,-6.210000000000005,5.560439560439578
train,compact3_structure10,2024-05-14,2,0.0,-7.577407407407435,7.577407407407435
train,compact3_structure10,2024-05-15,2,0.0,0.0,0.0
train,compact3_structure10,2024-05-16,2,0.0,0.0,0.0
train,compact3_structure10,2024-05-17,2,-6.789650845608265,0.0,-6.789650845608265
train,compact3_structure10,2024-05-20,2,0.0,-6.210000000000005,6.210000000000005
train,compact3_structure10,2024-05-21,2,0.0,-2.994503631961266,2.994503631961266
train,compact3_structure10,2024-05-22,2,0.0,-12.42000000000001,12.42000000000001
train,compact3_structure10,2024-05-23,2,0.0,-6.210000000000005,6.210000000000005
train,compact3_structure10,2024-05-24,2,0.0,0.18408866995074288,-0.18408866995074288
train,compact3_structure10,2024-05-27,2,0.0,-6.210000000000005,6.210000000000005
train,compact3_structure10,2024-05-28,2,0.0,0.0,0.0
train,compact3_structure10,2024-05-29,2,0.0,6.181402714932126,-6.181402714932126
train,compact3_structure10,2024-05-30,2,0.0,0.0,0.0
train,compact3_structure10,2024-05-31,2,-7.144369840396259,-6.210000000000005,-0.9343698403962541
train,compact3_structure10,2024-06-03,2,0.0,-1.1706147934678288,1.1706147934678288
train,compact3_structure10,2024-06-04,2,0.0,0.0,0.0
train,compact3_structure10,2024-06-05,2,0.0,-6.210000000000005,6.210000000000005
train,compact3_structure10,2024-06-06,2,0.0,0.0,0.0
train,compact3_structure10,2024-06-07,2,0.0,0.0,0.0
train,compact3_structure10,2024-06-11,2,0.0,3.507579250720471,-3.507579250720471
train,compact3_structure10,2024-06-12,2,0.0,0.0,0.0
train,compact3_structure10,2024-06-13,2,0.0,0.0,0.0
train,compact3_structure10,2024-06-14,2,0.0,0.0,0.0
train,compact3_structure10,2024-06-17,2,0.0,-4.914797047970488,4.914797047970488
train,compact3_structure10,2024-06-18,2,0.0,-5.354639613920377,5.354639613920377
train,compact3_structure10,2024-06-19,2,-5.649716312056753,0.0,-5.649716312056753
train,compact3_structure10,2024-06-20,2,-4.947555309734509,0.0,-4.947555309734509
train,compact3_structure10,2024-06-21,2,-7.343333333333347,-12.42000000000001,5.0766666666666636
train,compact3_structure10,2024-06-24,2,0.0,0.0,0.0
train,compact3_structure10,2024-06-25,2,0.0,0.0,0.0
train,compact3_structure10,2024-06-26,2,0.0,2.713076923076917,-2.713076923076917
train,compact3_structure10,2024-06-27,2,0.0,0.0,0.0
train,compact3_structure10,2024-06-28,2,-7.586255168340218,0.0,-7.586255168340218
train,compact3_structure10,2024-07-01,2,0.0,-7.641374045801543,7.641374045801543
train,compact3_structure10,2024-07-02,2,0.0,10.497964601769903,-10.497964601769903
train,compact3_structure10,2024-07-03,2,0.0,0.0,0.0
train,compact3_structure10,2024-07-04,2,0.0,0.0,0.0
train,compact3_structure10,2024-07-05,2,0.0,7.1898642226748235,-7.1898642226748235
train,compact3_structure10,2024-07-08,2,-4.16336225596531,0.0,-4.16336225596531
train,compact3_structure10,2024-07-09,2,0.0,0.0,0.0
train,compact3_structure10,2024-07-10,2,0.0,0.0,0.0
train,compact3_structure10,2024-07-11,2,0.0,0.0,0.0
train,compact3_structure10,2024-07-12,2,0.0,0.0,0.0
train,compact3_structure10,2024-07-15,2,0.0,0.0,0.0
train,compact3_structure10,2024-07-16,2,0.0,-12.42000000000001,12.42000000000001
train,compact3_structure10,2024-07-17,2,0.0,0.0,0.0
train,compact3_structure10,2024-07-18,2,0.0,-4.457660187185032,4.457660187185032
train,compact3_structure10,2024-07-19,2,0.0,0.0,0.0
train,compact3_structure10,2024-07-22,2,0.0,-6.210000000000005,6.210000000000005
train,compact3_structure10,2024-07-23,2,0.0,0.0,0.0
train,compact3_structure10,2024-07-24,2,0.0,0.0,0.0
train,compact3_structure10,2024-07-25,2,0.0,10.225974822157234,-10.225974822157234
train,compact3_structure10,2024-07-26,2,0.0,0.0,0.0
train,compact3_structure10,2024-07-29,2,0.0,-7.931843151024756,7.931843151024756
train,compact3_structure10,2024-07-30,2,0.0,0.0,0.0
train,compact3_structure10,2024-07-31,2,0.0,-8.622643171806178,8.622643171806178
train,compact3_structure10,2024-08-01,2,-5.30979963110312,0.0,-5.30979963110312
train,compact3_structure10,2024-08-02,2,-6.864639175257726,0.0,-6.864639175257726
train,compact3_structure10,2024-08-05,2,0.0,0.0,0.0
train,compact3_structure10,2024-08-06,2,0.0,0.0,0.0
train,compact3_structure10,2024-08-07,2,0.0,0.0,0.0
train,compact3_structure10,2024-08-08,2,0.0,0.0,0.0
train,compact3_structure10,2024-08-09,2,0.0,0.0,0.0
train,compact3_structure10,2024-08-12,2,-7.60278982092364,1.4793477240732091,-9.082137544996849
train,compact3_structure10,2024-08-13,2,0.0,0.24914766773855668,-0.24914766773855668
train,compact3_structure10,2024-08-14,2,0.0,0.0,0.0
train,compact3_structure10,2024-08-15,2,0.0,0.0,0.0
train,compact3_structure10,2024-08-16,2,-5.900452755905517,0.0,-5.900452755905517
train,compact3_structure10,2024-08-19,2,0.0,-6.210000000000005,6.210000000000005
train,compact3_structure10,2024-08-20,2,0.0,0.0,0.0
train,compact3_structure10,2024-08-21,2,0.0,0.0,0.0
train,compact3_structure10,2024-08-22,2,0.0,0.0,0.0
train,compact3_structure10,2024-08-23,2,0.0,4.408473895582298,-4.408473895582298
train,compact3_structure10,2024-08-26,2,0.0,3.2588995215311103,-3.2588995215311103
train,compact3_structure10,2024-08-27,2,0.0,0.0,0.0
train,compact3_structure10,2024-08-28,2,7.129449541284404,0.0,7.129449541284404
train,compact3_structure10,2024-08-29,2,-1.726195727084768,-3.3446031746031792,1.6184074475184111
train,compact3_structure10,2024-08-30,2,0.0,-3.220391041592576,3.220391041592576
train,compact3_structure10,2024-09-02,2,0.0,0.0,0.0
train,compact3_structure10,2024-09-03,2,0.0,0.0,0.0
train,compact3_structure10,2024-09-04,2,0.0,0.0,0.0
train,compact3_structure10,2024-09-05,2,0.0,0.0,0.0
train,compact3_structure10,2024-09-06,2,0.0,0.0,0.0
train,compact3_structure10,2024-09-09,2,0.0,0.0,0.0
train,compact3_structure10,2024-09-10,2,10.531687979539626,-2.378674698795181,12.910362678334806
train,compact3_structure10,2024-09-11,2,22.04533650674568,0.0,22.04533650674568
train,compact3_structure10,2024-09-12,2,0.0,0.0,0.0
train,compact3_structure10,2024-09-13,2,0.0,0.0,0.0
train,compact3_structure10,2024-09-18,2,0.0,1.3524732477452432,-1.3524732477452432
train,compact3_structure10,2024-09-19,2,0.0,20.665599952455448,-20.665599952455448
train,compact3_structure10,2024-09-20,2,0.0,0.0,0.0
train,compact3_structure10,2024-09-23,2,0.0,17.00915285451199,-17.00915285451199
train,compact3_structure10,2024-09-24,2,0.0,43.23085416113101,-43.23085416113101
train,compact3_structure10,2024-09-25,2,0.0,0.0,0.0
train,compact3_structure10,2024-09-26,2,0.0,0.0,0.0
train,compact3_structure10,2024-09-27,2,0.0,0.0,0.0
train,compact3_structure10,2024-09-30,2,0.0,0.0,0.0
train,compact3_structure10,2024-10-08,2,0.0,0.0,0.0
train,compact3_structure10,2024-10-09,2,0.0,0.0,0.0
train,compact3_structure10,2024-10-10,2,0.0,0.0,0.0
train,compact3_structure10,2024-10-11,2,0.0,0.0,0.0
train,compact3_structure10,2024-10-14,2,0.0,0.0,0.0
train,compact3_structure10,2024-10-15,2,0.0,0.0,0.0
train,compact3_structure10,2024-10-16,2,0.0,0.0,0.0
train,compact3_structure10,2024-10-17,2,0.0,0.0,0.0
train,compact3_structure10,2024-10-18,2,-1.8421129245699173,-6.84811540449334,5.006002479923422
train,compact3_structure10,2024-10-21,2,0.0,0.0,0.0
train,compact3_structure10,2024-10-22,2,0.0,0.0,0.0
train,compact3_structure10,2024-10-23,2,0.0,0.0,0.0
train,compact3_structure10,2024-10-24,2,0.0,-6.210000000000005,6.210000000000005
train,compact3_structure10,2024-10-25,2,0.0,3.1529537366547826,-3.1529537366547826
train,compact3_structure10,2024-10-28,2,0.0,0.0,0.0
train,compact3_structure10,2024-10-29,2,0.0,0.0,0.0
train,compact3_structure10,2024-10-30,2,0.0,0.0,0.0
train,compact3_structure10,2024-10-31,2,5.840955414012749,1.5429629629629664,4.297992451049782
train,compact3_structure10,2024-11-01,2,0.0,5.877350731514428,-5.877350731514428
train,compact3_structure10,2024-11-04,2,0.0,0.0,0.0
train,compact3_structure10,2024-11-05,2,0.0,6.53509803921568,-6.53509803921568
train,compact3_structure10,2024-11-06,2,0.0,0.0,0.0
train,compact3_structure10,2024-11-07,2,0.0,0.0,0.0
train,compact3_structure10,2024-11-08,2,0.0,-0.7852253909843583,0.7852253909843583
train,compact3_structure10,2024-11-11,2,0.0,-13.13452236333518,13.13452236333518
train,compact3_structure10,2024-11-12,2,-14.864998468137271,0.0,-14.864998468137271
train,compact3_structure10,2024-11-13,2,0.0,-6.210000000000005,6.210000000000005
train,compact3_structure10,2024-11-14,2,-7.632637590861891,0.0,-7.632637590861891
train,compact3_structure10,2024-11-15,2,0.0,0.0,0.0
train,compact3_structure10,2024-11-18,2,0.0,0.0,0.0
train,compact3_structure10,2024-11-19,2,-7.836171352074962,14.99737327188939,-22.833544623964354
train,compact3_structure10,2024-11-20,2,0.0,0.0,0.0
train,compact3_structure10,2024-11-21,2,0.0,0.0,0.0
train,compact3_structure10,2024-11-22,2,0.0,0.0,0.0
train,compact3_structure10,2024-11-25,2,0.0,4.156666666666674,-4.156666666666674
train,compact3_structure10,2024-11-26,2,0.0,0.0,0.0
train,compact3_structure10,2024-11-27,2,0.0,0.0,0.0
train,compact3_structure10,2024-11-28,2,0.0,1.5775920084121866,-1.5775920084121866
train,compact3_structure10,2024-11-29,2,0.0,3.987901049475261,-3.987901049475261
train,compact3_structure10,2024-12-02,2,-5.600604610700311,0.8954813450023016,-6.496085955702613
train,compact3_structure10,2024-12-03,2,0.0,0.0,0.0
train,compact3_structure10,2024-12-04,2,0.0,0.0,0.0
train,compact3_structure10,2024-12-05,2,0.0,-1.7982122717850175,1.7982122717850175
train,compact3_structure10,2024-12-06,2,-10.499370291866951,0.0,-10.499370291866951
train,compact3_structure10,2024-12-09,2,0.0,11.956666666666658,-11.956666666666658
train,compact3_structure10,2024-12-10,2,0.0,-12.939669551534207,12.939669551534207
train,compact3_structure10,2024-12-11,2,-9.143249467376338,12.989577613516355,-22.132827080892692
train,compact3_structure10,2024-12-12,2,0.0,0.0,0.0
train,compact3_structure10,2024-12-13,2,0.0,-12.420000000000021,12.420000000000021
train,compact3_structure10,2024-12-16,2,0.0,-12.420000000000021,12.420000000000021
train,compact3_structure10,2024-12-17,2,0.0,0.0,0.0
train,compact3_structure10,2024-12-18,2,0.0,21.387654294500443,-21.387654294500443
train,compact3_structure10,2024-12-19,2,0.0,-6.209999999999995,6.209999999999995
train,compact3_structure10,2024-12-20,2,0.0,-1.7595867768595128,1.7595867768595128
train,compact3_structure10,2024-12-23,2,0.0,0.0,0.0
train,compact3_structure10,2024-12-24,2,0.0,0.0,0.0
train,compact3_structure10,2024-12-25,2,0.0,0.0,0.0
train,compact3_structure10,2024-12-26,2,0.0,-6.210000000000005,6.210000000000005
train,compact3_structure10,2024-12-27,2,0.0,0.0,0.0
train,compact3_structure10,2024-12-30,2,0.0,-12.420000000000021,12.420000000000021
train,compact3_structure10,2024-12-31,2,0.0,0.0,0.0
train,compact3_structure10,2025-01-02,2,0.0,-6.210000000000005,6.210000000000005
train,compact3_structure10,2025-01-03,2,0.0,0.0,0.0
train,compact3_structure10,2025-01-06,2,0.0,0.0,0.0
train,compact3_structure10,2025-01-07,2,0.0,2.2540342822160877,-2.2540342822160877
train,compact3_structure10,2025-01-08,2,0.0,0.0,0.0
train,compact3_structure10,2025-01-09,2,0.0,0.0,0.0
train,compact3_structure10,2025-01-10,2,0.0,-0.8561538461538407,0.8561538461538407
train,compact3_structure10,2025-01-13,2,0.0,7.88806835066864,-7.88806835066864
train,compact3_structure10,2025-01-14,2,0.0,5.609850746268649,-5.609850746268649
train,compact3_structure10,2025-01-15,2,0.0,0.0,0.0
train,compact3_structure10,2025-01-16,2,0.0,0.0,0.0
train,compact3_structure10,2025-01-17,2,0.0,2.0100486845260317,-2.0100486845260317
train,compact3_structure10,2025-01-20,2,0.0,14.91881122103713,-14.91881122103713
train,compact3_structure10,2025-01-21,2,12.321969309462919,0.0,12.321969309462919
train,compact3_structure10,2025-01-22,2,0.0,0.0,0.0
train,compact3_structure10,2025-01-23,2,1.4584495106230468,10.03089877770826,-8.572449267085211
train,compact3_structure10,2025-01-24,2,0.0,16.083829087457,-16.083829087457
train,compact3_structure10,2025-01-27,2,-8.010795999591782,0.0,-8.010795999591782
train,compact3_structure10,2025-02-05,2,2.089465240641707,0.0,2.089465240641707
train,compact3_structure10,2025-02-06,2,2.5535383269448246,-4.090708359923425,6.644246686868249
train,compact3_structure10,2025-02-07,2,0.0,0.0,0.0
train,compact3_structure10,2025-02-10,2,0.0,0.0,0.0
train,compact3_structure10,2025-02-11,2,0.0,0.0,0.0
train,compact3_structure10,2025-02-12,2,2.900599078340992,-10.985792149684784,13.886391228025776
train,compact3_structure10,2025-02-13,2,0.0,0.0,0.0
train,compact3_structure10,2025-02-14,2,0.0,-12.42000000000001,12.42000000000001
train,compact3_structure10,2025-02-17,2,-2.0199547511312264,31.782650511169994,-33.80260526230122
train,compact3_structure10,2025-02-18,2,0.0,0.0,0.0
train,compact3_structure10,2025-02-19,2,0.0,10.961770393316426,-10.961770393316426
train,compact3_structure10,2025-02-20,2,-6.300130151843831,0.0,-6.300130151843831
train,compact3_structure10,2025-02-21,2,0.0,0.0,0.0
train,compact3_structure10,2025-02-24,2,0.0,-6.210000000000005,6.210000000000005
train,compact3_structure10,2025-02-25,2,0.0,-6.210000000000005,6.210000000000005
train,compact3_structure10,2025-02-26,2,2.9880654397771744,-12.42000000000001,15.408065439777186
train,compact3_structure10,2025-02-27,2,0.0,0.0,0.0
train,compact3_structure10,2025-02-28,2,0.0,0.0,0.0
train,compact3_structure10,2025-03-03,2,-6.484976213130334,0.0,-6.484976213130334
train,compact3_structure10,2025-03-04,2,0.0,0.0,0.0
train,compact3_structure10,2025-03-05,2,0.0,-7.625384615384624,7.625384615384624
train,compact3_structure10,2025-03-06,2,0.0,-5.506497288038827,5.506497288038827
train,compact3_structure10,2025-03-07,2,0.4410416666666741,0.0,0.4410416666666741
train,compact3_structure10,2025-03-10,2,-6.415594405594416,-10.19622377622379,3.7806293706293745
train,compact3_structure10,2025-03-11,2,-6.741959706959711,2.2258974358974495,-8.96785714285716
train,compact3_structure10,2025-03-12,2,0.0,3.080063609920834,-3.080063609920834
train,compact3_structure10,2025-03-13,2,13.572252989301424,0.0,13.572252989301424
train,compact3_structure10,2025-03-14,2,-5.458373101952275,5.242959794696308,-10.701332896648584
train,compact3_structure10,2025-03-17,2,0.0,28.64066163956221,-28.64066163956221
train,compact3_structure10,2025-03-18,2,0.0,0.0,0.0
train,compact3_structure10,2025-03-19,2,0.0,-6.210000000000005,6.210000000000005
train,compact3_structure10,2025-03-20,2,0.0,-12.420000000000021,12.420000000000021
train,compact3_structure10,2025-03-21,2,0.0,-12.420000000000021,12.420000000000021
train,compact3_structure10,2025-03-24,2,0.0,-6.210000000000005,6.210000000000005
train,compact3_structure10,2025-03-25,2,0.0,33.47983957219254,-33.47983957219254
train,compact3_structure10,2025-03-26,2,0.0,-6.210000000000005,6.210000000000005
train,compact3_structure10,2025-03-27,2,0.0,0.0,0.0
train,compact3_structure10,2025-03-28,2,0.0,0.0,0.0
train,compact3_structure10,2025-03-31,2,0.0,-21.336760563380267,21.336760563380267
train,compact3_structure10,2025-04-01,2,0.0,0.0,0.0
train,compact3_structure10,2025-04-02,2,0.0,0.0,0.0
train,compact3_structure10,2025-04-03,2,0.0,0.0,0.0
train,compact3_structure10,2025-04-07,2,0.0,0.0,0.0
train,compact3_structure10,2025-04-08,2,0.0,0.0,0.0
train,compact3_structure10,2025-04-09,2,0.0,0.0,0.0
train,compact3_structure10,2025-04-10,2,0.0,0.0,0.0
train,compact3_structure10,2025-04-11,2,0.0,0.0,0.0
train,compact3_structure10,2025-04-14,2,0.0,0.0,0.0
train,compact3_structure10,2025-04-15,2,0.0,0.0,0.0
train,compact3_structure10,2025-04-16,2,0.0,0.0,0.0
train,compact3_structure10,2025-04-17,2,0.0,-10.677425742574222,10.677425742574222
train,compact3_structure10,2025-04-18,2,8.731854290103122,2.158231292516975,6.573622997586147
train,compact3_structure10,2025-04-21,2,29.087936098173593,28.059069160724825,1.0288669374487682
train,compact3_structure10,2025-04-22,2,0.0,0.0,0.0
train,compact3_structure10,2025-04-23,2,2.013496973665661,0.0,2.013496973665661
train,compact3_structure10,2025-04-24,2,11.923891213389124,-12.420000000000021,24.343891213389146
train,compact3_structure10,2025-04-25,2,6.427265711135609,4.279795918367334,2.147469792768275
train,compact3_structure10,2025-04-28,2,0.0,2.8160380014074606,-2.8160380014074606
train,compact3_structure10,2025-04-29,2,0.0,-7.285709459459479,7.285709459459479
train,compact3_structure10,2025-04-30,2,0.0,0.0,0.0
train,compact3_structure10,2025-05-06,2,0.0,0.0,0.0
train,compact3_structure10,2025-05-07,2,0.0,0.0,0.0
train,compact3_structure10,2025-05-08,2,-1.8929191569675994,0.0,-1.8929191569675994
train,compact3_structure10,2025-05-09,2,14.350980950295586,2.183942477010401,12.167038473285185
train,compact3_structure10,2025-05-12,2,0.0,-1.3254288440177637,1.3254288440177637
train,compact3_structure10,2025-05-13,2,4.0150530785562735,-1.0616382252559804,5.076691303812254
train,compact3_structure10,2025-05-14,2,-14.773312757392954,0.0,-14.773312757392954
train,compact3_structure10,2025-05-15,2,7.442741266357887,16.87826781233461,-9.435526545976723
train,compact3_structure10,2025-05-16,2,3.0977590713960206,22.498918918918918,-19.401159847522898
train,compact3_structure10,2025-05-19,2,0.0,-6.209999999999995,6.209999999999995
train,compact3_structure10,2025-05-20,2,23.078301882173655,9.76506234413965,13.313239538034004
train,compact3_structure10,2025-05-21,2,0.0,4.4442553191489145,-4.4442553191489145
train,compact3_structure10,2025-05-22,2,0.0,0.0,0.0
train,compact3_structure10,2025-05-23,2,0.0,0.0,0.0
train,compact3_structure10,2025-05-26,2,0.0,0.0,0.0
train,compact3_structure10,2025-05-27,2,0.0,0.0,0.0
train,compact3_structure10,2025-05-28,2,-8.121259941398064,0.0,-8.121259941398064
train,compact3_structure10,2025-05-29,2,0.0,-1.8187751371115177,1.8187751371115177
train,compact3_structure10,2025-05-30,2,0.0,3.7060839160839123,-3.7060839160839123
train,shelf5_fixed4,2024-01-02,2,0.0,0.0,0.0
train,shelf5_fixed4,2024-01-03,2,0.0,0.0,0.0
train,shelf5_fixed4,2024-01-04,2,0.0,0.0,0.0
train,shelf5_fixed4,2024-01-05,2,0.0,-5.09794817556848,5.09794817556848
train,shelf5_fixed4,2024-01-08,2,0.0,0.0,0.0
train,shelf5_fixed4,2024-01-09,2,0.0,5.915897760878729,-5.915897760878729
train,shelf5_fixed4,2024-01-10,2,0.0,0.0,0.0
train,shelf5_fixed4,2024-01-11,2,0.0,-8.091788305591132,8.091788305591132
train,shelf5_fixed4,2024-01-12,2,0.0,0.0,0.0
train,shelf5_fixed4,2024-01-15,2,0.0,0.0,0.0
train,shelf5_fixed4,2024-01-16,2,0.0,0.0,0.0
train,shelf5_fixed4,2024-01-17,2,0.0,0.0,0.0
train,shelf5_fixed4,2024-01-18,2,0.0,-7.834408340795696,7.834408340795696
train,shelf5_fixed4,2024-01-19,2,0.0,0.0,0.0
train,shelf5_fixed4,2024-01-22,2,0.0,0.0,0.0
train,shelf5_fixed4,2024-01-23,2,0.0,0.0,0.0
train,shelf5_fixed4,2024-01-24,2,0.0,0.0,0.0
train,shelf5_fixed4,2024-01-25,2,0.0,0.0,0.0
train,shelf5_fixed4,2024-01-26,2,0.0,0.0,0.0
train,shelf5_fixed4,2024-01-29,2,0.0,0.0,0.0
train,shelf5_fixed4,2024-01-30,2,0.0,0.0,0.0
train,shelf5_fixed4,2024-01-31,2,0.0,0.0,0.0
train,shelf5_fixed4,2024-02-01,2,0.0,0.0,0.0
train,shelf5_fixed4,2024-02-02,2,0.0,0.0,0.0
train,shelf5_fixed4,2024-02-05,2,0.0,0.0,0.0
train,shelf5_fixed4,2024-02-06,2,0.0,0.0,0.0
train,shelf5_fixed4,2024-02-07,2,0.0,0.0,0.0
train,shelf5_fixed4,2024-02-08,2,0.0,0.0,0.0
train,shelf5_fixed4,2024-02-19,2,0.0,0.0,0.0
train,shelf5_fixed4,2024-02-20,2,0.0,0.0,0.0
train,shelf5_fixed4,2024-02-21,2,0.0,9.706438293115925,-9.706438293115925
train,shelf5_fixed4,2024-02-22,2,0.0,3.623772314896078,-3.623772314896078
train,shelf5_fixed4,2024-02-23,2,0.0,0.0,0.0
train,shelf5_fixed4,2024-02-26,2,0.0,2.9254642313546455,-2.9254642313546455
train,shelf5_fixed4,2024-02-27,2,0.0,-6.53816408204101,6.53816408204101
train,shelf5_fixed4,2024-02-28,2,0.0,0.0,0.0
train,shelf5_fixed4,2024-02-29,2,-2.5796682464454888,0.0,-2.5796682464454888
train,shelf5_fixed4,2024-03-01,2,0.0,0.0,0.0
train,shelf5_fixed4,2024-03-04,2,0.0,0.0,0.0
train,shelf5_fixed4,2024-03-05,2,0.0,14.219400386847191,-14.219400386847191
train,shelf5_fixed4,2024-03-06,2,0.0,-6.538671328671332,6.538671328671332
train,shelf5_fixed4,2024-03-07,2,0.0,-2.1100000000000017,2.1100000000000017
train,shelf5_fixed4,2024-03-08,2,0.37479532163742135,9.653333333333332,-9.278538011695911
train,shelf5_fixed4,2024-03-11,2,0.0,-2.6606015037593984,2.6606015037593984
train,shelf5_fixed4,2024-03-12,2,0.0,-14.03271249076128,14.03271249076128
train,shelf5_fixed4,2024-03-13,2,0.0,7.2526865671641785,-7.2526865671641785
train,shelf5_fixed4,2024-03-14,2,-0.8346096189881367,0.0,-0.8346096189881367
train,shelf5_fixed4,2024-03-15,2,0.0,6.011406400739393,-6.011406400739393
train,shelf5_fixed4,2024-03-18,2,0.0,-5.281171366594386,5.281171366594386
train,shelf5_fixed4,2024-03-19,2,-9.632435233160642,0.0,-9.632435233160642
train,shelf5_fixed4,2024-03-20,2,0.0,0.0,0.0
train,shelf5_fixed4,2024-03-21,2,-6.210000000000005,-12.42000000000001,6.210000000000005
train,shelf5_fixed4,2024-03-22,2,-7.7226903553299655,-6.210000000000005,-1.5126903553299602
train,shelf5_fixed4,2024-03-25,2,0.0,7.49179735593901,-7.49179735593901
train,shelf5_fixed4,2024-03-26,2,0.0,19.97603960396039,-19.97603960396039
train,shelf5_fixed4,2024-03-27,2,0.0,0.0,0.0
train,shelf5_fixed4,2024-03-28,2,0.0,0.0,0.0
train,shelf5_fixed4,2024-03-29,2,0.0,0.0,0.0
train,shelf5_fixed4,2024-04-01,2,-1.2700706713780994,0.0,-1.2700706713780994
train,shelf5_fixed4,2024-04-02,2,-9.029241982507287,-7.2702556299452334,-1.7589863525620535
train,shelf5_fixed4,2024-04-03,2,0.0,0.0,0.0
train,shelf5_fixed4,2024-04-08,2,0.0,-12.42000000000001,12.42000000000001
train,shelf5_fixed4,2024-04-09,2,0.0,0.0,0.0
train,shelf5_fixed4,2024-04-10,2,0.0,0.0,0.0
train,shelf5_fixed4,2024-04-11,2,0.0,0.0,0.0
train,shelf5_fixed4,2024-04-12,2,0.0,22.171954022988505,-22.171954022988505
train,shelf5_fixed4,2024-04-15,2,0.0,3.1696016898008263,-3.1696016898008263
train,shelf5_fixed4,2024-04-16,2,0.0,0.0,0.0
train,shelf5_fixed4,2024-04-17,2,0.0,0.0,0.0
train,shelf5_fixed4,2024-04-18,2,0.0,0.0,0.0
train,shelf5_fixed4,2024-04-19,2,0.0,0.0,0.0
train,shelf5_fixed4,2024-04-22,2,0.0,4.148373493975919,-4.148373493975919
train,shelf5_fixed4,2024-04-23,2,0.0,14.095986574810102,-14.095986574810102
train,shelf5_fixed4,2024-04-24,2,0.0,21.35435458030259,-21.35435458030259
train,shelf5_fixed4,2024-04-25,2,0.0,8.413386065850023,-8.413386065850023
train,shelf5_fixed4,2024-04-26,2,0.0,0.0,0.0
train,shelf5_fixed4,2024-04-29,2,0.0,15.074280936454862,-15.074280936454862
train,shelf5_fixed4,2024-04-30,2,0.0,0.0,0.0
train,shelf5_fixed4,2024-05-06,2,0.0,0.0,0.0
train,shelf5_fixed4,2024-05-07,2,0.0,0.0,0.0
train,shelf5_fixed4,2024-05-08,2,0.0,0.0,0.0
train,shelf5_fixed4,2024-05-09,2,0.0,-8.622898550724624,8.622898550724624
train,shelf5_fixed4,2024-05-10,2,0.28751243781095415,0.0,0.28751243781095415
train,shelf5_fixed4,2024-05-13,2,-2.2116680567139344,-6.210000000000005,3.998331943286071
train,shelf5_fixed4,2024-05-14,2,0.0,-7.577407407407435,7.577407407407435
train,shelf5_fixed4,2024-05-15,2,0.0,0.0,0.0
train,shelf5_fixed4,2024-05-16,2,0.0,0.0,0.0
train,shelf5_fixed4,2024-05-17,2,3.1977555816686145,0.0,3.1977555816686145
train,shelf5_fixed4,2024-05-20,2,0.0,-6.210000000000005,6.210000000000005
train,shelf5_fixed4,2024-05-21,2,-4.118798261314251,-2.994503631961266,-1.1242946293529852
train,shelf5_fixed4,2024-05-22,2,10.843180396246098,-12.42000000000001,23.263180396246106
train,shelf5_fixed4,2024-05-23,2,0.0,-6.210000000000005,6.210000000000005
train,shelf5_fixed4,2024-05-24,2,2.993285420944546,0.18408866995074288,2.809196750993803
train,shelf5_fixed4,2024-05-27,2,0.0,-6.210000000000005,6.210000000000005
train,shelf5_fixed4,2024-05-28,2,0.0,0.0,0.0
train,shelf5_fixed4,2024-05-29,2,0.0,6.181402714932126,-6.181402714932126
train,shelf5_fixed4,2024-05-30,2,0.0,0.0,0.0
train,shelf5_fixed4,2024-05-31,2,0.0,-6.210000000000005,6.210000000000005
train,shelf5_fixed4,2024-06-03,2,0.0,-1.1706147934678288,1.1706147934678288
train,shelf5_fixed4,2024-06-04,2,0.0,0.0,0.0
train,shelf5_fixed4,2024-06-05,2,0.0,-6.210000000000005,6.210000000000005
train,shelf5_fixed4,2024-06-06,2,0.0,0.0,0.0
train,shelf5_fixed4,2024-06-07,2,0.0,0.0,0.0
train,shelf5_fixed4,2024-06-11,2,0.0,3.507579250720471,-3.507579250720471
train,shelf5_fixed4,2024-06-12,2,0.0,0.0,0.0
train,shelf5_fixed4,2024-06-13,2,0.0,0.0,0.0
train,shelf5_fixed4,2024-06-14,2,0.0,0.0,0.0
train,shelf5_fixed4,2024-06-17,2,0.0,-4.914797047970488,4.914797047970488
train,shelf5_fixed4,2024-06-18,2,0.0,-5.354639613920377,5.354639613920377
train,shelf5_fixed4,2024-06-19,2,0.0,0.0,0.0
train,shelf5_fixed4,2024-06-20,2,-6.210000000000005,0.0,-6.210000000000005
train,shelf5_fixed4,2024-06-21,2,0.0,-12.42000000000001,12.42000000000001
train,shelf5_fixed4,2024-06-24,2,0.0,0.0,0.0
train,shelf5_fixed4,2024-06-25,2,0.0,0.0,0.0
train,shelf5_fixed4,2024-06-26,2,0.0,2.713076923076917,-2.713076923076917
train,shelf5_fixed4,2024-06-27,2,0.0,0.0,0.0
train,shelf5_fixed4,2024-06-28,2,0.0,0.0,0.0
train,shelf5_fixed4,2024-07-01,2,0.0,-7.641374045801543,7.641374045801543
train,shelf5_fixed4,2024-07-02,2,0.0,10.497964601769903,-10.497964601769903
train,shelf5_fixed4,2024-07-03,2,0.0,0.0,0.0
train,shelf5_fixed4,2024-07-04,2,0.0,0.0,0.0
train,shelf5_fixed4,2024-07-05,2,0.0,7.1898642226748235,-7.1898642226748235
train,shelf5_fixed4,2024-07-08,2,0.0,0.0,0.0
train,shelf5_fixed4,2024-07-09,2,0.0,0.0,0.0
train,shelf5_fixed4,2024-07-10,2,0.0,0.0,0.0
train,shelf5_fixed4,2024-07-11,2,0.0,0.0,0.0
train,shelf5_fixed4,2024-07-12,2,0.0,0.0,0.0
train,shelf5_fixed4,2024-07-15,2,0.0,0.0,0.0
train,shelf5_fixed4,2024-07-16,2,0.0,-12.42000000000001,12.42000000000001
train,shelf5_fixed4,2024-07-17,2,0.0,0.0,0.0
train,shelf5_fixed4,2024-07-18,2,0.0,-4.457660187185032,4.457660187185032
train,shelf5_fixed4,2024-07-19,2,0.0,0.0,0.0
train,shelf5_fixed4,2024-07-22,2,0.0,-6.210000000000005,6.210000000000005
train,shelf5_fixed4,2024-07-23,2,0.0,0.0,0.0
train,shelf5_fixed4,2024-07-24,2,0.0,0.0,0.0
train,shelf5_fixed4,2024-07-25,2,0.0,10.225974822157234,-10.225974822157234
train,shelf5_fixed4,2024-07-26,2,0.0,0.0,0.0
train,shelf5_fixed4,2024-07-29,2,0.0,-7.931843151024756,7.931843151024756
train,shelf5_fixed4,2024-07-30,2,0.0,0.0,0.0
train,shelf5_fixed4,2024-07-31,2,0.0,-8.622643171806178,8.622643171806178
train,shelf5_fixed4,2024-08-01,2,0.0,0.0,0.0
train,shelf5_fixed4,2024-08-02,2,0.0,0.0,0.0
train,shelf5_fixed4,2024-08-05,2,0.0,0.0,0.0
train,shelf5_fixed4,2024-08-06,2,0.0,0.0,0.0
train,shelf5_fixed4,2024-08-07,2,9.892344007923402,0.0,9.892344007923402
train,shelf5_fixed4,2024-08-08,2,0.0,0.0,0.0
train,shelf5_fixed4,2024-08-09,2,0.0,0.0,0.0
train,shelf5_fixed4,2024-08-12,2,0.0,1.4793477240732091,-1.4793477240732091
train,shelf5_fixed4,2024-08-13,2,-0.21,0.24914766773855668,-0.45914766773855664
train,shelf5_fixed4,2024-08-14,2,0.0,0.0,0.0
train,shelf5_fixed4,2024-08-15,2,0.0,0.0,0.0
train,shelf5_fixed4,2024-08-16,2,0.0,0.0,0.0
train,shelf5_fixed4,2024-08-19,2,0.0,-6.210000000000005,6.210000000000005
train,shelf5_fixed4,2024-08-20,2,-0.21,0.0,-0.21
train,shelf5_fixed4,2024-08-21,2,0.0,0.0,0.0
train,shelf5_fixed4,2024-08-22,2,0.0,0.0,0.0
train,shelf5_fixed4,2024-08-23,2,0.0,4.408473895582298,-4.408473895582298
train,shelf5_fixed4,2024-08-26,2,0.0,3.2588995215311103,-3.2588995215311103
train,shelf5_fixed4,2024-08-27,2,0.0,0.0,0.0
train,shelf5_fixed4,2024-08-28,2,0.0,0.0,0.0
train,shelf5_fixed4,2024-08-29,2,0.0,-3.3446031746031792,3.3446031746031792
train,shelf5_fixed4,2024-08-30,2,0.0,-3.220391041592576,3.220391041592576
train,shelf5_fixed4,2024-09-02,2,0.0,0.0,0.0
train,shelf5_fixed4,2024-09-03,2,0.0,0.0,0.0
train,shelf5_fixed4,2024-09-04,2,0.0,0.0,0.0
train,shelf5_fixed4,2024-09-05,2,0.0,0.0,0.0
train,shelf5_fixed4,2024-09-06,2,0.0,0.0,0.0
train,shelf5_fixed4,2024-09-09,2,0.0,0.0,0.0
train,shelf5_fixed4,2024-09-10,2,0.0,-2.378674698795181,2.378674698795181
train,shelf5_fixed4,2024-09-11,2,-1.866210790464252,0.0,-1.866210790464252
train,shelf5_fixed4,2024-09-12,2,0.0,0.0,0.0
train,shelf5_fixed4,2024-09-13,2,0.0,0.0,0.0
train,shelf5_fixed4,2024-09-18,2,0.0,1.3524732477452432,-1.3524732477452432
train,shelf5_fixed4,2024-09-19,2,0.0,20.665599952455448,-20.665599952455448
train,shelf5_fixed4,2024-09-20,2,0.0,0.0,0.0
train,shelf5_fixed4,2024-09-23,2,0.0,17.00915285451199,-17.00915285451199
train,shelf5_fixed4,2024-09-24,2,21.875445329471408,43.23085416113101,-21.355408831659606
train,shelf5_fixed4,2024-09-25,2,0.0,0.0,0.0
train,shelf5_fixed4,2024-09-26,2,0.0,0.0,0.0
train,shelf5_fixed4,2024-09-27,2,0.0,0.0,0.0
train,shelf5_fixed4,2024-09-30,2,0.0,0.0,0.0
train,shelf5_fixed4,2024-10-08,2,0.0,0.0,0.0
train,shelf5_fixed4,2024-10-09,2,0.0,0.0,0.0
train,shelf5_fixed4,2024-10-10,2,0.0,0.0,0.0
train,shelf5_fixed4,2024-10-11,2,0.0,0.0,0.0
train,shelf5_fixed4,2024-10-14,2,0.0,0.0,0.0
train,shelf5_fixed4,2024-10-15,2,0.0,0.0,0.0
train,shelf5_fixed4,2024-10-16,2,0.0,0.0,0.0
train,shelf5_fixed4,2024-10-17,2,0.0,0.0,0.0
train,shelf5_fixed4,2024-10-18,2,0.0,-6.84811540449334,6.84811540449334
train,shelf5_fixed4,2024-10-21,2,0.0,0.0,0.0
train,shelf5_fixed4,2024-10-22,2,0.0,0.0,0.0
train,shelf5_fixed4,2024-10-23,2,0.0,0.0,0.0
train,shelf5_fixed4,2024-10-24,2,3.9401263081919815,-6.210000000000005,10.150126308191986
train,shelf5_fixed4,2024-10-25,2,0.0,3.1529537366547826,-3.1529537366547826
train,shelf5_fixed4,2024-10-28,2,0.0,0.0,0.0
train,shelf5_fixed4,2024-10-29,2,0.0,0.0,0.0
train,shelf5_fixed4,2024-10-30,2,0.460177118238402,0.0,0.460177118238402
train,shelf5_fixed4,2024-10-31,2,0.0,1.5429629629629664,-1.5429629629629664
train,shelf5_fixed4,2024-11-01,2,0.0,5.877350731514428,-5.877350731514428
train,shelf5_fixed4,2024-11-04,2,0.0,0.0,0.0
train,shelf5_fixed4,2024-11-05,2,0.0,6.53509803921568,-6.53509803921568
train,shelf5_fixed4,2024-11-06,2,0.0,0.0,0.0
train,shelf5_fixed4,2024-11-07,2,0.0,0.0,0.0
train,shelf5_fixed4,2024-11-08,2,0.0,-0.7852253909843583,0.7852253909843583
train,shelf5_fixed4,2024-11-11,2,0.0,-13.13452236333518,13.13452236333518
train,shelf5_fixed4,2024-11-12,2,0.0,0.0,0.0
train,shelf5_fixed4,2024-11-13,2,-6.210000000000005,-6.210000000000005,0.0
train,shelf5_fixed4,2024-11-14,2,0.0,0.0,0.0
train,shelf5_fixed4,2024-11-15,2,0.0,0.0,0.0
train,shelf5_fixed4,2024-11-18,2,0.0,0.0,0.0
train,shelf5_fixed4,2024-11-19,2,0.0,14.99737327188939,-14.99737327188939
train,shelf5_fixed4,2024-11-20,2,0.0,0.0,0.0
train,shelf5_fixed4,2024-11-21,2,0.0,0.0,0.0
train,shelf5_fixed4,2024-11-22,2,0.0,0.0,0.0
train,shelf5_fixed4,2024-11-25,2,0.0,4.156666666666674,-4.156666666666674
train,shelf5_fixed4,2024-11-26,2,6.7513259668507954,0.0,6.7513259668507954
train,shelf5_fixed4,2024-11-27,2,0.0,0.0,0.0
train,shelf5_fixed4,2024-11-28,2,0.0,1.5775920084121866,-1.5775920084121866
train,shelf5_fixed4,2024-11-29,2,0.0,3.987901049475261,-3.987901049475261
train,shelf5_fixed4,2024-12-02,2,0.0,0.8954813450023016,-0.8954813450023016
train,shelf5_fixed4,2024-12-03,2,0.0,0.0,0.0
train,shelf5_fixed4,2024-12-04,2,0.0,0.0,0.0
train,shelf5_fixed4,2024-12-05,2,0.0,-1.7982122717850175,1.7982122717850175
train,shelf5_fixed4,2024-12-06,2,0.0,0.0,0.0
train,shelf5_fixed4,2024-12-09,2,0.0,11.956666666666658,-11.956666666666658
train,shelf5_fixed4,2024-12-10,2,-6.210000000000005,-12.939669551534207,6.729669551534202
train,shelf5_fixed4,2024-12-11,2,0.0,12.989577613516355,-12.989577613516355
train,shelf5_fixed4,2024-12-12,2,0.0,0.0,0.0
train,shelf5_fixed4,2024-12-13,2,0.0,-12.420000000000021,12.420000000000021
train,shelf5_fixed4,2024-12-16,2,0.0,-12.420000000000021,12.420000000000021
train,shelf5_fixed4,2024-12-17,2,0.0,0.0,0.0
train,shelf5_fixed4,2024-12-18,2,0.0,21.387654294500443,-21.387654294500443
train,shelf5_fixed4,2024-12-19,2,0.0,-6.209999999999995,6.209999999999995
train,shelf5_fixed4,2024-12-20,2,0.0,-1.7595867768595128,1.7595867768595128
train,shelf5_fixed4,2024-12-23,2,0.0,0.0,0.0
train,shelf5_fixed4,2024-12-24,2,0.0,0.0,0.0
train,shelf5_fixed4,2024-12-25,2,0.0,0.0,0.0
train,shelf5_fixed4,2024-12-26,2,0.0,-6.210000000000005,6.210000000000005
train,shelf5_fixed4,2024-12-27,2,0.0,0.0,0.0
train,shelf5_fixed4,2024-12-30,2,0.0,-12.420000000000021,12.420000000000021
train,shelf5_fixed4,2024-12-31,2,0.0,0.0,0.0
train,shelf5_fixed4,2025-01-02,2,0.0,-6.210000000000005,6.210000000000005
train,shelf5_fixed4,2025-01-03,2,0.0,0.0,0.0
train,shelf5_fixed4,2025-01-06,2,0.0,0.0,0.0
train,shelf5_fixed4,2025-01-07,2,0.0,2.2540342822160877,-2.2540342822160877
train,shelf5_fixed4,2025-01-08,2,0.0,0.0,0.0
train,shelf5_fixed4,2025-01-09,2,0.0,0.0,0.0
train,shelf5_fixed4,2025-01-10,2,0.0,-0.8561538461538407,0.8561538461538407
train,shelf5_fixed4,2025-01-13,2,0.0,7.88806835066864,-7.88806835066864
train,shelf5_fixed4,2025-01-14,2,0.0,5.609850746268649,-5.609850746268649
train,shelf5_fixed4,2025-01-15,2,0.0,0.0,0.0
train,shelf5_fixed4,2025-01-16,2,0.0,0.0,0.0
train,shelf5_fixed4,2025-01-17,2,0.0,2.0100486845260317,-2.0100486845260317
train,shelf5_fixed4,2025-01-20,2,0.0,14.91881122103713,-14.91881122103713
train,shelf5_fixed4,2025-01-21,2,0.0,0.0,0.0
train,shelf5_fixed4,2025-01-22,2,0.0,0.0,0.0
train,shelf5_fixed4,2025-01-23,2,0.0,10.03089877770826,-10.03089877770826
train,shelf5_fixed4,2025-01-24,2,0.0,16.083829087457,-16.083829087457
train,shelf5_fixed4,2025-01-27,2,0.0,0.0,0.0
train,shelf5_fixed4,2025-02-05,2,1.6616577540107027,0.0,1.6616577540107027
train,shelf5_fixed4,2025-02-06,2,-1.0551971301438052,-4.090708359923425,3.0355112297796194
train,shelf5_fixed4,2025-02-07,2,0.0,0.0,0.0
train,shelf5_fixed4,2025-02-10,2,0.0,0.0,0.0
train,shelf5_fixed4,2025-02-11,2,0.0,0.0,0.0
train,shelf5_fixed4,2025-02-12,2,0.0,-10.985792149684784,10.985792149684784
train,shelf5_fixed4,2025-02-13,2,0.0,0.0,0.0
train,shelf5_fixed4,2025-02-14,2,0.0,-12.42000000000001,12.42000000000001
train,shelf5_fixed4,2025-02-17,2,0.0,31.782650511169994,-31.782650511169994
train,shelf5_fixed4,2025-02-18,2,0.0,0.0,0.0
train,shelf5_fixed4,2025-02-19,2,0.0,10.961770393316426,-10.961770393316426
train,shelf5_fixed4,2025-02-20,2,0.18499670836076196,0.0,0.18499670836076196
train,shelf5_fixed4,2025-02-21,2,0.0,0.0,0.0
train,shelf5_fixed4,2025-02-24,2,-1.6482632293080122,-6.210000000000005,4.561736770691994
train,shelf5_fixed4,2025-02-25,2,-6.210000000000005,-6.210000000000005,0.0
train,shelf5_fixed4,2025-02-26,2,0.0,-12.42000000000001,12.42000000000001
train,shelf5_fixed4,2025-02-27,2,-10.872824207492817,0.0,-10.872824207492817
train,shelf5_fixed4,2025-02-28,2,0.0,0.0,0.0
train,shelf5_fixed4,2025-03-03,2,-0.5459683794466383,0.0,-0.5459683794466383
train,shelf5_fixed4,2025-03-04,2,0.0,0.0,0.0
train,shelf5_fixed4,2025-03-05,2,0.0,-7.625384615384624,7.625384615384624
train,shelf5_fixed4,2025-03-06,2,0.0,-5.506497288038827,5.506497288038827
train,shelf5_fixed4,2025-03-07,2,0.0,0.0,0.0
train,shelf5_fixed4,2025-03-10,2,-0.6778362573099503,-10.19622377622379,9.51838751891384
train,shelf5_fixed4,2025-03-11,2,0.0,2.2258974358974495,-2.2258974358974495
train,shelf5_fixed4,2025-03-12,2,0.0,3.080063609920834,-3.080063609920834
train,shelf5_fixed4,2025-03-13,2,0.0,0.0,0.0
train,shelf5_fixed4,2025-03-14,2,-2.280280577499306,5.242959794696308,-7.523240372195614
train,shelf5_fixed4,2025-03-17,2,0.0,28.64066163956221,-28.64066163956221
train,shelf5_fixed4,2025-03-18,2,0.0,0.0,0.0
train,shelf5_fixed4,2025-03-19,2,0.0,-6.210000000000005,6.210000000000005
train,shelf5_fixed4,2025-03-20,2,-6.966756756756754,-12.420000000000021,5.453243243243267
train,shelf5_fixed4,2025-03-21,2,0.0,-12.420000000000021,12.420000000000021
train,shelf5_fixed4,2025-03-24,2,0.0,-6.210000000000005,6.210000000000005
train,shelf5_fixed4,2025-03-25,2,-6.210000000000005,33.47983957219254,-39.68983957219255
train,shelf5_fixed4,2025-03-26,2,0.0,-6.210000000000005,6.210000000000005
train,shelf5_fixed4,2025-03-27,2,0.0,0.0,0.0
train,shelf5_fixed4,2025-03-28,2,0.0,0.0,0.0
train,shelf5_fixed4,2025-03-31,2,0.0,-21.336760563380267,21.336760563380267
train,shelf5_fixed4,2025-04-01,2,0.0,0.0,0.0
train,shelf5_fixed4,2025-04-02,2,0.0,0.0,0.0
train,shelf5_fixed4,2025-04-03,2,0.0,0.0,0.0
train,shelf5_fixed4,2025-04-07,2,0.0,0.0,0.0
train,shelf5_fixed4,2025-04-08,2,0.0,0.0,0.0
train,shelf5_fixed4,2025-04-09,2,0.0,0.0,0.0
train,shelf5_fixed4,2025-04-10,2,0.0,0.0,0.0
train,shelf5_fixed4,2025-04-11,2,0.0,0.0,0.0
train,shelf5_fixed4,2025-04-14,2,0.0,0.0,0.0
train,shelf5_fixed4,2025-04-15,2,0.0,0.0,0.0
train,shelf5_fixed4,2025-04-16,2,0.0,0.0,0.0
train,shelf5_fixed4,2025-04-17,2,0.0,-10.677425742574222,10.677425742574222
train,shelf5_fixed4,2025-04-18,2,0.0,2.158231292516975,-2.158231292516975
train,shelf5_fixed4,2025-04-21,2,0.0,28.059069160724825,-28.059069160724825
train,shelf5_fixed4,2025-04-22,2,0.0,0.0,0.0
train,shelf5_fixed4,2025-04-23,2,0.0,0.0,0.0
train,shelf5_fixed4,2025-04-24,2,0.0,-12.420000000000021,12.420000000000021
train,shelf5_fixed4,2025-04-25,2,0.0,4.279795918367334,-4.279795918367334
train,shelf5_fixed4,2025-04-28,2,0.0,2.8160380014074606,-2.8160380014074606
train,shelf5_fixed4,2025-04-29,2,2.915,-7.285709459459479,10.200709459459478
train,shelf5_fixed4,2025-04-30,2,1.0944612575006554,0.0,1.0944612575006554
train,shelf5_fixed4,2025-05-06,2,-0.3407189542483766,0.0,-0.3407189542483766
train,shelf5_fixed4,2025-05-07,2,0.0,0.0,0.0
train,shelf5_fixed4,2025-05-08,2,0.0,0.0,0.0
train,shelf5_fixed4,2025-05-09,2,0.0,2.183942477010401,-2.183942477010401
train,shelf5_fixed4,2025-05-12,2,0.0,-1.3254288440177637,1.3254288440177637
train,shelf5_fixed4,2025-05-13,2,0.0,-1.0616382252559804,1.0616382252559804
train,shelf5_fixed4,2025-05-14,2,0.0,0.0,0.0
train,shelf5_fixed4,2025-05-15,2,31.586116504854367,16.87826781233461,14.707848692519757
train,shelf5_fixed4,2025-05-16,2,-2.8166350710900576,22.498918918918918,-25.315553990008976
train,shelf5_fixed4,2025-05-19,2,-12.302352941176476,-6.209999999999995,-6.092352941176482
train,shelf5_fixed4,2025-05-20,2,0.0,9.76506234413965,-9.76506234413965
train,shelf5_fixed4,2025-05-21,2,-6.210000000000005,4.4442553191489145,-10.65425531914892
train,shelf5_fixed4,2025-05-22,2,0.0,0.0,0.0
train,shelf5_fixed4,2025-05-23,2,3.3387959442332074,0.0,3.3387959442332074
train,shelf5_fixed4,2025-05-26,2,0.0,0.0,0.0
train,shelf5_fixed4,2025-05-27,2,-0.7431012631845544,0.0,-0.7431012631845544
train,shelf5_fixed4,2025-05-28,2,0.0,0.0,0.0
train,shelf5_fixed4,2025-05-29,2,6.525395030501378,-1.8187751371115177,8.344170167612896
train,shelf5_fixed4,2025-05-30,2,0.0,3.7060839160839123,-3.7060839160839123
train,shelf5_structure10,2024-01-02,2,0.0,0.0,0.0
train,shelf5_structure10,2024-01-03,2,0.0,0.0,0.0
train,shelf5_structure10,2024-01-04,2,0.0,0.0,0.0
train,shelf5_structure10,2024-01-05,2,0.0,-5.09794817556848,5.09794817556848
train,shelf5_structure10,2024-01-08,2,0.0,0.0,0.0
train,shelf5_structure10,2024-01-09,2,0.0,5.915897760878729,-5.915897760878729
train,shelf5_structure10,2024-01-10,2,0.0,0.0,0.0
train,shelf5_structure10,2024-01-11,2,0.0,-8.091788305591132,8.091788305591132
train,shelf5_structure10,2024-01-12,2,0.0,0.0,0.0
train,shelf5_structure10,2024-01-15,2,0.0,0.0,0.0
train,shelf5_structure10,2024-01-16,2,0.0,0.0,0.0
train,shelf5_structure10,2024-01-17,2,0.0,0.0,0.0
train,shelf5_structure10,2024-01-18,2,0.0,-7.834408340795696,7.834408340795696
train,shelf5_structure10,2024-01-19,2,0.0,0.0,0.0
train,shelf5_structure10,2024-01-22,2,0.0,0.0,0.0
train,shelf5_structure10,2024-01-23,2,0.0,0.0,0.0
train,shelf5_structure10,2024-01-24,2,0.0,0.0,0.0
train,shelf5_structure10,2024-01-25,2,0.0,0.0,0.0
train,shelf5_structure10,2024-01-26,2,0.0,0.0,0.0
train,shelf5_structure10,2024-01-29,2,0.0,0.0,0.0
train,shelf5_structure10,2024-01-30,2,0.0,0.0,0.0
train,shelf5_structure10,2024-01-31,2,0.0,0.0,0.0
train,shelf5_structure10,2024-02-01,2,0.0,0.0,0.0
train,shelf5_structure10,2024-02-02,2,0.0,0.0,0.0
train,shelf5_structure10,2024-02-05,2,0.0,0.0,0.0
train,shelf5_structure10,2024-02-06,2,0.0,0.0,0.0
train,shelf5_structure10,2024-02-07,2,0.0,0.0,0.0
train,shelf5_structure10,2024-02-08,2,0.0,0.0,0.0
train,shelf5_structure10,2024-02-19,2,0.0,0.0,0.0
train,shelf5_structure10,2024-02-20,2,0.0,0.0,0.0
train,shelf5_structure10,2024-02-21,2,0.0,9.706438293115925,-9.706438293115925
train,shelf5_structure10,2024-02-22,2,0.0,3.623772314896078,-3.623772314896078
train,shelf5_structure10,2024-02-23,2,0.0,0.0,0.0
train,shelf5_structure10,2024-02-26,2,0.0,2.9254642313546455,-2.9254642313546455
train,shelf5_structure10,2024-02-27,2,0.0,-6.53816408204101,6.53816408204101
train,shelf5_structure10,2024-02-28,2,0.0,0.0,0.0
train,shelf5_structure10,2024-02-29,2,-0.25739336492891596,0.0,-0.25739336492891596
train,shelf5_structure10,2024-03-01,2,0.0,0.0,0.0
train,shelf5_structure10,2024-03-04,2,0.0,0.0,0.0
train,shelf5_structure10,2024-03-05,2,0.0,14.219400386847191,-14.219400386847191
train,shelf5_structure10,2024-03-06,2,0.0,-6.538671328671332,6.538671328671332
train,shelf5_structure10,2024-03-07,2,0.0,-2.1100000000000017,2.1100000000000017
train,shelf5_structure10,2024-03-08,2,7.099941520467822,9.653333333333332,-2.5533918128655104
train,shelf5_structure10,2024-03-11,2,0.0,-2.6606015037593984,2.6606015037593984
train,shelf5_structure10,2024-03-12,2,0.0,-14.03271249076128,14.03271249076128
train,shelf5_structure10,2024-03-13,2,0.0,7.2526865671641785,-7.2526865671641785
train,shelf5_structure10,2024-03-14,2,-7.732798251093077,0.0,-7.732798251093077
train,shelf5_structure10,2024-03-15,2,0.0,6.011406400739393,-6.011406400739393
train,shelf5_structure10,2024-03-18,2,0.0,-5.281171366594386,5.281171366594386
train,shelf5_structure10,2024-03-19,2,-12.208166075811281,0.0,-12.208166075811281
train,shelf5_structure10,2024-03-20,2,0.0,0.0,0.0
train,shelf5_structure10,2024-03-21,2,-5.163097028284992,-12.42000000000001,7.256902971715019
train,shelf5_structure10,2024-03-22,2,-7.7226903553299655,-6.210000000000005,-1.5126903553299602
train,shelf5_structure10,2024-03-25,2,0.0,7.49179735593901,-7.49179735593901
train,shelf5_structure10,2024-03-26,2,0.0,19.97603960396039,-19.97603960396039
train,shelf5_structure10,2024-03-27,2,0.0,0.0,0.0
train,shelf5_structure10,2024-03-28,2,0.0,0.0,0.0
train,shelf5_structure10,2024-03-29,2,0.0,0.0,0.0
train,shelf5_structure10,2024-04-01,2,-1.2751186269560741,0.0,-1.2751186269560741
train,shelf5_structure10,2024-04-02,2,-9.029241982507287,-7.2702556299452334,-1.7589863525620535
train,shelf5_structure10,2024-04-03,2,0.0,0.0,0.0
train,shelf5_structure10,2024-04-08,2,0.0,-12.42000000000001,12.42000000000001
train,shelf5_structure10,2024-04-09,2,0.0,0.0,0.0
train,shelf5_structure10,2024-04-10,2,0.0,0.0,0.0
train,shelf5_structure10,2024-04-11,2,0.0,0.0,0.0
train,shelf5_structure10,2024-04-12,2,0.0,22.171954022988505,-22.171954022988505
train,shelf5_structure10,2024-04-15,2,0.0,3.1696016898008263,-3.1696016898008263
train,shelf5_structure10,2024-04-16,2,0.0,0.0,0.0
train,shelf5_structure10,2024-04-17,2,0.0,0.0,0.0
train,shelf5_structure10,2024-04-18,2,0.0,0.0,0.0
train,shelf5_structure10,2024-04-19,2,0.0,0.0,0.0
train,shelf5_structure10,2024-04-22,2,0.0,4.148373493975919,-4.148373493975919
train,shelf5_structure10,2024-04-23,2,0.0,14.095986574810102,-14.095986574810102
train,shelf5_structure10,2024-04-24,2,0.0,21.35435458030259,-21.35435458030259
train,shelf5_structure10,2024-04-25,2,0.0,8.413386065850023,-8.413386065850023
train,shelf5_structure10,2024-04-26,2,0.0,0.0,0.0
train,shelf5_structure10,2024-04-29,2,0.0,15.074280936454862,-15.074280936454862
train,shelf5_structure10,2024-04-30,2,0.0,0.0,0.0
train,shelf5_structure10,2024-05-06,2,0.0,0.0,0.0
train,shelf5_structure10,2024-05-07,2,0.0,0.0,0.0
train,shelf5_structure10,2024-05-08,2,0.0,0.0,0.0
train,shelf5_structure10,2024-05-09,2,0.0,-8.622898550724624,8.622898550724624
train,shelf5_structure10,2024-05-10,2,-4.890210060807077,0.0,-4.890210060807077
train,shelf5_structure10,2024-05-13,2,-7.680809007506252,-6.210000000000005,-1.4708090075062463
train,shelf5_structure10,2024-05-14,2,0.0,-7.577407407407435,7.577407407407435
train,shelf5_structure10,2024-05-15,2,0.0,0.0,0.0
train,shelf5_structure10,2024-05-16,2,0.0,0.0,0.0
train,shelf5_structure10,2024-05-17,2,1.317614571092828,0.0,1.317614571092828
train,shelf5_structure10,2024-05-20,2,0.0,-6.210000000000005,6.210000000000005
train,shelf5_structure10,2024-05-21,2,2.7202844688618084,-2.994503631961266,5.714788100823075
train,shelf5_structure10,2024-05-22,2,-6.001449426485928,-12.42000000000001,6.418550573514082
train,shelf5_structure10,2024-05-23,2,0.0,-6.210000000000005,6.210000000000005
train,shelf5_structure10,2024-05-24,2,-4.837104722792619,0.18408866995074288,-5.021193392743362
train,shelf5_structure10,2024-05-27,2,0.0,-6.210000000000005,6.210000000000005
train,shelf5_structure10,2024-05-28,2,0.0,0.0,0.0
train,shelf5_structure10,2024-05-29,2,0.0,6.181402714932126,-6.181402714932126
train,shelf5_structure10,2024-05-30,2,0.0,0.0,0.0
train,shelf5_structure10,2024-05-31,2,0.0,-6.210000000000005,6.210000000000005
train,shelf5_structure10,2024-06-03,2,0.0,-1.1706147934678288,1.1706147934678288
train,shelf5_structure10,2024-06-04,2,0.0,0.0,0.0
train,shelf5_structure10,2024-06-05,2,0.0,-6.210000000000005,6.210000000000005
train,shelf5_structure10,2024-06-06,2,0.0,0.0,0.0
train,shelf5_structure10,2024-06-07,2,0.0,0.0,0.0
train,shelf5_structure10,2024-06-11,2,0.0,3.507579250720471,-3.507579250720471
train,shelf5_structure10,2024-06-12,2,0.0,0.0,0.0
train,shelf5_structure10,2024-06-13,2,0.0,0.0,0.0
train,shelf5_structure10,2024-06-14,2,0.0,0.0,0.0
train,shelf5_structure10,2024-06-17,2,0.0,-4.914797047970488,4.914797047970488
train,shelf5_structure10,2024-06-18,2,0.0,-5.354639613920377,5.354639613920377
train,shelf5_structure10,2024-06-19,2,0.0,0.0,0.0
train,shelf5_structure10,2024-06-20,2,-7.564604786076868,0.0,-7.564604786076868
train,shelf5_structure10,2024-06-21,2,0.0,-12.42000000000001,12.42000000000001
train,shelf5_structure10,2024-06-24,2,0.0,0.0,0.0
train,shelf5_structure10,2024-06-25,2,0.0,0.0,0.0
train,shelf5_structure10,2024-06-26,2,0.0,2.713076923076917,-2.713076923076917
train,shelf5_structure10,2024-06-27,2,0.0,0.0,0.0
train,shelf5_structure10,2024-06-28,2,0.0,0.0,0.0
train,shelf5_structure10,2024-07-01,2,0.0,-7.641374045801543,7.641374045801543
train,shelf5_structure10,2024-07-02,2,0.0,10.497964601769903,-10.497964601769903
train,shelf5_structure10,2024-07-03,2,0.0,0.0,0.0
train,shelf5_structure10,2024-07-04,2,0.0,0.0,0.0
train,shelf5_structure10,2024-07-05,2,0.0,7.1898642226748235,-7.1898642226748235
train,shelf5_structure10,2024-07-08,2,0.0,0.0,0.0
train,shelf5_structure10,2024-07-09,2,0.0,0.0,0.0
train,shelf5_structure10,2024-07-10,2,0.0,0.0,0.0
train,shelf5_structure10,2024-07-11,2,0.0,0.0,0.0
train,shelf5_structure10,2024-07-12,2,0.0,0.0,0.0
train,shelf5_structure10,2024-07-15,2,0.0,0.0,0.0
train,shelf5_structure10,2024-07-16,2,0.0,-12.42000000000001,12.42000000000001
train,shelf5_structure10,2024-07-17,2,0.0,0.0,0.0
train,shelf5_structure10,2024-07-18,2,0.0,-4.457660187185032,4.457660187185032
train,shelf5_structure10,2024-07-19,2,0.0,0.0,0.0
train,shelf5_structure10,2024-07-22,2,0.0,-6.210000000000005,6.210000000000005
train,shelf5_structure10,2024-07-23,2,0.0,0.0,0.0
train,shelf5_structure10,2024-07-24,2,0.0,0.0,0.0
train,shelf5_structure10,2024-07-25,2,0.0,10.225974822157234,-10.225974822157234
train,shelf5_structure10,2024-07-26,2,0.0,0.0,0.0
train,shelf5_structure10,2024-07-29,2,0.0,-7.931843151024756,7.931843151024756
train,shelf5_structure10,2024-07-30,2,0.0,0.0,0.0
train,shelf5_structure10,2024-07-31,2,0.0,-8.622643171806178,8.622643171806178
train,shelf5_structure10,2024-08-01,2,0.0,0.0,0.0
train,shelf5_structure10,2024-08-02,2,0.0,0.0,0.0
train,shelf5_structure10,2024-08-05,2,0.0,0.0,0.0
train,shelf5_structure10,2024-08-06,2,0.0,0.0,0.0
train,shelf5_structure10,2024-08-07,2,4.08184549356223,0.0,4.08184549356223
train,shelf5_structure10,2024-08-08,2,0.0,0.0,0.0
train,shelf5_structure10,2024-08-09,2,0.0,0.0,0.0
train,shelf5_structure10,2024-08-12,2,0.0,1.4793477240732091,-1.4793477240732091
train,shelf5_structure10,2024-08-13,2,-6.867781862745093,0.24914766773855668,-7.11692953048365
train,shelf5_structure10,2024-08-14,2,0.0,0.0,0.0
train,shelf5_structure10,2024-08-15,2,0.0,0.0,0.0
train,shelf5_structure10,2024-08-16,2,0.0,0.0,0.0
train,shelf5_structure10,2024-08-19,2,0.0,-6.210000000000005,6.210000000000005
train,shelf5_structure10,2024-08-20,2,1.3051515151515138,0.0,1.3051515151515138
train,shelf5_structure10,2024-08-21,2,0.0,0.0,0.0
train,shelf5_structure10,2024-08-22,2,0.0,0.0,0.0
train,shelf5_structure10,2024-08-23,2,0.0,4.408473895582298,-4.408473895582298
train,shelf5_structure10,2024-08-26,2,0.0,3.2588995215311103,-3.2588995215311103
train,shelf5_structure10,2024-08-27,2,0.0,0.0,0.0
train,shelf5_structure10,2024-08-28,2,0.0,0.0,0.0
train,shelf5_structure10,2024-08-29,2,0.0,-3.3446031746031792,3.3446031746031792
train,shelf5_structure10,2024-08-30,2,0.0,-3.220391041592576,3.220391041592576
train,shelf5_structure10,2024-09-02,2,0.0,0.0,0.0
train,shelf5_structure10,2024-09-03,2,0.0,0.0,0.0
train,shelf5_structure10,2024-09-04,2,0.0,0.0,0.0
train,shelf5_structure10,2024-09-05,2,0.0,0.0,0.0
train,shelf5_structure10,2024-09-06,2,0.0,0.0,0.0
train,shelf5_structure10,2024-09-09,2,0.0,0.0,0.0
train,shelf5_structure10,2024-09-10,2,0.0,-2.378674698795181,2.378674698795181
train,shelf5_structure10,2024-09-11,2,-6.577628607277287,0.0,-6.577628607277287
train,shelf5_structure10,2024-09-12,2,0.0,0.0,0.0
train,shelf5_structure10,2024-09-13,2,0.0,0.0,0.0
train,shelf5_structure10,2024-09-18,2,0.0,1.3524732477452432,-1.3524732477452432
train,shelf5_structure10,2024-09-19,2,0.0,20.665599952455448,-20.665599952455448
train,shelf5_structure10,2024-09-20,2,0.0,0.0,0.0
train,shelf5_structure10,2024-09-23,2,0.0,17.00915285451199,-17.00915285451199
train,shelf5_structure10,2024-09-24,2,12.691388724441842,43.23085416113101,-30.53946543668917
train,shelf5_structure10,2024-09-25,2,0.0,0.0,0.0
train,shelf5_structure10,2024-09-26,2,0.0,0.0,0.0
train,shelf5_structure10,2024-09-27,2,0.0,0.0,0.0
train,shelf5_structure10,2024-09-30,2,0.0,0.0,0.0
train,shelf5_structure10,2024-10-08,2,0.0,0.0,0.0
train,shelf5_structure10,2024-10-09,2,0.0,0.0,0.0
train,shelf5_structure10,2024-10-10,2,0.0,0.0,0.0
train,shelf5_structure10,2024-10-11,2,0.0,0.0,0.0
train,shelf5_structure10,2024-10-14,2,0.0,0.0,0.0
train,shelf5_structure10,2024-10-15,2,0.0,0.0,0.0
train,shelf5_structure10,2024-10-16,2,0.0,0.0,0.0
train,shelf5_structure10,2024-10-17,2,0.0,0.0,0.0
train,shelf5_structure10,2024-10-18,2,0.0,-6.84811540449334,6.84811540449334
train,shelf5_structure10,2024-10-21,2,0.0,0.0,0.0
train,shelf5_structure10,2024-10-22,2,0.0,0.0,0.0
train,shelf5_structure10,2024-10-23,2,0.0,0.0,0.0
train,shelf5_structure10,2024-10-24,2,2.9296607722843584,-6.210000000000005,9.139660772284364
train,shelf5_structure10,2024-10-25,2,0.0,3.1529537366547826,-3.1529537366547826
train,shelf5_structure10,2024-10-28,2,0.0,0.0,0.0
train,shelf5_structure10,2024-10-29,2,0.0,0.0,0.0
train,shelf5_structure10,2024-10-30,2,3.667453326950686,0.0,3.667453326950686
train,shelf5_structure10,2024-10-31,2,0.0,1.5429629629629664,-1.5429629629629664
train,shelf5_structure10,2024-11-01,2,0.0,5.877350731514428,-5.877350731514428
train,shelf5_structure10,2024-11-04,2,0.0,0.0,0.0
train,shelf5_structure10,2024-11-05,2,0.0,6.53509803921568,-6.53509803921568
train,shelf5_structure10,2024-11-06,2,0.0,0.0,0.0
train,shelf5_structure10,2024-11-07,2,0.0,0.0,0.0
train,shelf5_structure10,2024-11-08,2,0.0,-0.7852253909843583,0.7852253909843583
train,shelf5_structure10,2024-11-11,2,0.0,-13.13452236333518,13.13452236333518
train,shelf5_structure10,2024-11-12,2,0.0,0.0,0.0
train,shelf5_structure10,2024-11-13,2,-8.106882494004799,-6.210000000000005,-1.8968824940047933
train,shelf5_structure10,2024-11-14,2,0.0,0.0,0.0
train,shelf5_structure10,2024-11-15,2,0.0,0.0,0.0
train,shelf5_structure10,2024-11-18,2,0.0,0.0,0.0
train,shelf5_structure10,2024-11-19,2,0.0,14.99737327188939,-14.99737327188939
train,shelf5_structure10,2024-11-20,2,0.0,0.0,0.0
train,shelf5_structure10,2024-11-21,2,0.0,0.0,0.0
train,shelf5_structure10,2024-11-22,2,0.0,0.0,0.0
train,shelf5_structure10,2024-11-25,2,0.0,4.156666666666674,-4.156666666666674
train,shelf5_structure10,2024-11-26,2,4.20988950276242,0.0,4.20988950276242
train,shelf5_structure10,2024-11-27,2,0.0,0.0,0.0
train,shelf5_structure10,2024-11-28,2,0.0,1.5775920084121866,-1.5775920084121866
train,shelf5_structure10,2024-11-29,2,0.0,3.987901049475261,-3.987901049475261
train,shelf5_structure10,2024-12-02,2,0.0,0.8954813450023016,-0.8954813450023016
train,shelf5_structure10,2024-12-03,2,0.0,0.0,0.0
train,shelf5_structure10,2024-12-04,2,0.0,0.0,0.0
train,shelf5_structure10,2024-12-05,2,0.0,-1.7982122717850175,1.7982122717850175
train,shelf5_structure10,2024-12-06,2,0.0,0.0,0.0
train,shelf5_structure10,2024-12-09,2,0.0,11.956666666666658,-11.956666666666658
train,shelf5_structure10,2024-12-10,2,-6.252725797728488,-12.939669551534207,6.6869437538057195
train,shelf5_structure10,2024-12-11,2,0.0,12.989577613516355,-12.989577613516355
train,shelf5_structure10,2024-12-12,2,0.0,0.0,0.0
train,shelf5_structure10,2024-12-13,2,0.0,-12.420000000000021,12.420000000000021
train,shelf5_structure10,2024-12-16,2,0.0,-12.420000000000021,12.420000000000021
train,shelf5_structure10,2024-12-17,2,0.0,0.0,0.0
train,shelf5_structure10,2024-12-18,2,0.0,21.387654294500443,-21.387654294500443
train,shelf5_structure10,2024-12-19,2,0.0,-6.209999999999995,6.209999999999995
train,shelf5_structure10,2024-12-20,2,0.0,-1.7595867768595128,1.7595867768595128
train,shelf5_structure10,2024-12-23,2,0.0,0.0,0.0
train,shelf5_structure10,2024-12-24,2,0.0,0.0,0.0
train,shelf5_structure10,2024-12-25,2,0.0,0.0,0.0
train,shelf5_structure10,2024-12-26,2,0.0,-6.210000000000005,6.210000000000005
train,shelf5_structure10,2024-12-27,2,0.0,0.0,0.0
train,shelf5_structure10,2024-12-30,2,0.0,-12.420000000000021,12.420000000000021
train,shelf5_structure10,2024-12-31,2,0.0,0.0,0.0
train,shelf5_structure10,2025-01-02,2,0.0,-6.210000000000005,6.210000000000005
train,shelf5_structure10,2025-01-03,2,0.0,0.0,0.0
train,shelf5_structure10,2025-01-06,2,0.0,0.0,0.0
train,shelf5_structure10,2025-01-07,2,0.0,2.2540342822160877,-2.2540342822160877
train,shelf5_structure10,2025-01-08,2,0.0,0.0,0.0
train,shelf5_structure10,2025-01-09,2,0.0,0.0,0.0
train,shelf5_structure10,2025-01-10,2,0.0,-0.8561538461538407,0.8561538461538407
train,shelf5_structure10,2025-01-13,2,0.0,7.88806835066864,-7.88806835066864
train,shelf5_structure10,2025-01-14,2,0.0,5.609850746268649,-5.609850746268649
train,shelf5_structure10,2025-01-15,2,0.0,0.0,0.0
train,shelf5_structure10,2025-01-16,2,0.0,0.0,0.0
train,shelf5_structure10,2025-01-17,2,0.0,2.0100486845260317,-2.0100486845260317
train,shelf5_structure10,2025-01-20,2,0.0,14.91881122103713,-14.91881122103713
train,shelf5_structure10,2025-01-21,2,0.0,0.0,0.0
train,shelf5_structure10,2025-01-22,2,0.0,0.0,0.0
train,shelf5_structure10,2025-01-23,2,0.0,10.03089877770826,-10.03089877770826
train,shelf5_structure10,2025-01-24,2,0.0,16.083829087457,-16.083829087457
train,shelf5_structure10,2025-01-27,2,0.0,0.0,0.0
train,shelf5_structure10,2025-02-05,2,2.089465240641707,0.0,2.089465240641707
train,shelf5_structure10,2025-02-06,2,5.458376047738954,-4.090708359923425,9.549084407662377
train,shelf5_structure10,2025-02-07,2,0.0,0.0,0.0
train,shelf5_structure10,2025-02-10,2,0.0,0.0,0.0
train,shelf5_structure10,2025-02-11,2,0.0,0.0,0.0
train,shelf5_structure10,2025-02-12,2,0.0,-10.985792149684784,10.985792149684784
train,shelf5_structure10,2025-02-13,2,0.0,0.0,0.0
train,shelf5_structure10,2025-02-14,2,0.0,-12.42000000000001,12.42000000000001
train,shelf5_structure10,2025-02-17,2,0.0,31.782650511169994,-31.782650511169994
train,shelf5_structure10,2025-02-18,2,0.0,0.0,0.0
train,shelf5_structure10,2025-02-19,2,0.0,10.961770393316426,-10.961770393316426
train,shelf5_structure10,2025-02-20,2,1.0408229098090906,0.0,1.0408229098090906
train,shelf5_structure10,2025-02-21,2,0.0,0.0,0.0
train,shelf5_structure10,2025-02-24,2,0.7397964721845387,-6.210000000000005,6.949796472184544
train,shelf5_structure10,2025-02-25,2,-4.728802228412255,-6.210000000000005,1.48119777158775
train,shelf5_structure10,2025-02-26,2,0.0,-12.42000000000001,12.42000000000001
train,shelf5_structure10,2025-02-27,2,-10.872824207492817,0.0,-10.872824207492817
train,shelf5_structure10,2025-02-28,2,0.0,0.0,0.0
train,shelf5_structure10,2025-03-03,2,-3.945177865612649,0.0,-3.945177865612649
train,shelf5_structure10,2025-03-04,2,0.0,0.0,0.0
train,shelf5_structure10,2025-03-05,2,0.0,-7.625384615384624,7.625384615384624
train,shelf5_structure10,2025-03-06,2,0.0,-5.506497288038827,5.506497288038827
train,shelf5_structure10,2025-03-07,2,0.0,0.0,0.0
train,shelf5_structure10,2025-03-10,2,1.4274269005847708,-10.19622377622379,11.623650676808563
train,shelf5_structure10,2025-03-11,2,0.0,2.2258974358974495,-2.2258974358974495
train,shelf5_structure10,2025-03-12,2,0.0,3.080063609920834,-3.080063609920834
train,shelf5_structure10,2025-03-13,2,0.0,0.0,0.0
train,shelf5_structure10,2025-03-14,2,-6.808474530100784,5.242959794696308,-12.051434324797093
train,shelf5_structure10,2025-03-17,2,0.0,28.64066163956221,-28.64066163956221
train,shelf5_structure10,2025-03-18,2,0.0,0.0,0.0
train,shelf5_structure10,2025-03-19,2,0.0,-6.210000000000005,6.210000000000005
train,shelf5_structure10,2025-03-20,2,-6.966756756756754,-12.420000000000021,5.453243243243267
train,shelf5_structure10,2025-03-21,2,0.0,-12.420000000000021,12.420000000000021
train,shelf5_structure10,2025-03-24,2,0.0,-6.210000000000005,6.210000000000005
train,shelf5_structure10,2025-03-25,2,-5.922685337726531,33.47983957219254,-39.402524909919066
train,shelf5_structure10,2025-03-26,2,0.0,-6.210000000000005,6.210000000000005
train,shelf5_structure10,2025-03-27,2,0.0,0.0,0.0
train,shelf5_structure10,2025-03-28,2,0.0,0.0,0.0
train,shelf5_structure10,2025-03-31,2,0.0,-21.336760563380267,21.336760563380267
train,shelf5_structure10,2025-04-01,2,0.0,0.0,0.0
train,shelf5_structure10,2025-04-02,2,0.0,0.0,0.0
train,shelf5_structure10,2025-04-03,2,0.0,0.0,0.0
train,shelf5_structure10,2025-04-07,2,0.0,0.0,0.0
train,shelf5_structure10,2025-04-08,2,0.0,0.0,0.0
train,shelf5_structure10,2025-04-09,2,0.0,0.0,0.0
train,shelf5_structure10,2025-04-10,2,0.0,0.0,0.0
train,shelf5_structure10,2025-04-11,2,0.0,0.0,0.0
train,shelf5_structure10,2025-04-14,2,0.0,0.0,0.0
train,shelf5_structure10,2025-04-15,2,0.0,0.0,0.0
train,shelf5_structure10,2025-04-16,2,0.0,0.0,0.0
train,shelf5_structure10,2025-04-17,2,0.0,-10.677425742574222,10.677425742574222
train,shelf5_structure10,2025-04-18,2,0.0,2.158231292516975,-2.158231292516975
train,shelf5_structure10,2025-04-21,2,0.0,28.059069160724825,-28.059069160724825
train,shelf5_structure10,2025-04-22,2,0.0,0.0,0.0
train,shelf5_structure10,2025-04-23,2,0.0,0.0,0.0
train,shelf5_structure10,2025-04-24,2,0.0,-12.420000000000021,12.420000000000021
train,shelf5_structure10,2025-04-25,2,0.0,4.279795918367334,-4.279795918367334
train,shelf5_structure10,2025-04-28,2,0.0,2.8160380014074606,-2.8160380014074606
train,shelf5_structure10,2025-04-29,2,4.958269230769229,-7.285709459459479,12.243978690228708
train,shelf5_structure10,2025-04-30,2,4.120811374902166,0.0,4.120811374902166
train,shelf5_structure10,2025-05-06,2,-1.4518300653594949,0.0,-1.4518300653594949
train,shelf5_structure10,2025-05-07,2,0.0,0.0,0.0
train,shelf5_structure10,2025-05-08,2,0.0,0.0,0.0
train,shelf5_structure10,2025-05-09,2,0.0,2.183942477010401,-2.183942477010401
train,shelf5_structure10,2025-05-12,2,0.0,-1.3254288440177637,1.3254288440177637
train,shelf5_structure10,2025-05-13,2,0.0,-1.0616382252559804,1.0616382252559804
train,shelf5_structure10,2025-05-14,2,0.0,0.0,0.0
train,shelf5_structure10,2025-05-15,2,19.04566343042071,16.87826781233461,2.1673956180861005
train,shelf5_structure10,2025-05-16,2,-7.985558564658103,22.498918918918918,-30.48447748357702
train,shelf5_structure10,2025-05-19,2,-13.421821579954575,-6.209999999999995,-7.21182157995458
train,shelf5_structure10,2025-05-20,2,0.0,9.76506234413965,-9.76506234413965
train,shelf5_structure10,2025-05-21,2,-7.525068493150701,4.4442553191489145,-11.969323812299615
train,shelf5_structure10,2025-05-22,2,0.0,0.0,0.0
train,shelf5_structure10,2025-05-23,2,10.436387832699644,0.0,10.436387832699644
train,shelf5_structure10,2025-05-26,2,0.0,0.0,0.0
train,shelf5_structure10,2025-05-27,2,3.61565854123329,0.0,3.61565854123329
train,shelf5_structure10,2025-05-28,2,0.0,0.0,0.0
train,shelf5_structure10,2025-05-29,2,5.503225710459732,-1.8187751371115177,7.32200084757125
train,shelf5_structure10,2025-05-30,2,0.0,3.7060839160839123,-3.7060839160839123
train,base8_fixed4,2024-01-02,2,0.0,0.0,0.0
train,base8_fixed4,2024-01-03,2,0.0,0.0,0.0
train,base8_fixed4,2024-01-04,2,0.0,0.0,0.0
train,base8_fixed4,2024-01-05,2,0.0,-5.09794817556848,5.09794817556848
train,base8_fixed4,2024-01-08,2,0.0,0.0,0.0
train,base8_fixed4,2024-01-09,2,0.0,5.915897760878729,-5.915897760878729
train,base8_fixed4,2024-01-10,2,0.0,0.0,0.0
train,base8_fixed4,2024-01-11,2,0.0,-8.091788305591132,8.091788305591132
train,base8_fixed4,2024-01-12,2,0.0,0.0,0.0
train,base8_fixed4,2024-01-15,2,0.0,0.0,0.0
train,base8_fixed4,2024-01-16,2,0.0,0.0,0.0
train,base8_fixed4,2024-01-17,2,0.0,0.0,0.0
train,base8_fixed4,2024-01-18,2,0.0,-7.834408340795696,7.834408340795696
train,base8_fixed4,2024-01-19,2,0.0,0.0,0.0
train,base8_fixed4,2024-01-22,2,0.0,0.0,0.0
train,base8_fixed4,2024-01-23,2,0.0,0.0,0.0
train,base8_fixed4,2024-01-24,2,0.0,0.0,0.0
train,base8_fixed4,2024-01-25,2,0.0,0.0,0.0
train,base8_fixed4,2024-01-26,2,0.0,0.0,0.0
train,base8_fixed4,2024-01-29,2,0.0,0.0,0.0
train,base8_fixed4,2024-01-30,2,0.0,0.0,0.0
train,base8_fixed4,2024-01-31,2,0.0,0.0,0.0
train,base8_fixed4,2024-02-01,2,0.0,0.0,0.0
train,base8_fixed4,2024-02-02,2,0.0,0.0,0.0
train,base8_fixed4,2024-02-05,2,0.0,0.0,0.0
train,base8_fixed4,2024-02-06,2,0.0,0.0,0.0
train,base8_fixed4,2024-02-07,2,0.0,0.0,0.0
train,base8_fixed4,2024-02-08,2,0.0,0.0,0.0
train,base8_fixed4,2024-02-19,2,0.0,0.0,0.0
train,base8_fixed4,2024-02-20,2,0.0,0.0,0.0
train,base8_fixed4,2024-02-21,2,0.0,9.706438293115925,-9.706438293115925
train,base8_fixed4,2024-02-22,2,0.0,3.623772314896078,-3.623772314896078
train,base8_fixed4,2024-02-23,2,0.0,0.0,0.0
train,base8_fixed4,2024-02-26,2,0.0,2.9254642313546455,-2.9254642313546455
train,base8_fixed4,2024-02-27,2,0.0,-6.53816408204101,6.53816408204101
train,base8_fixed4,2024-02-28,2,0.0,0.0,0.0
train,base8_fixed4,2024-02-29,2,0.0,0.0,0.0
train,base8_fixed4,2024-03-01,2,0.0,0.0,0.0
train,base8_fixed4,2024-03-04,2,0.0,0.0,0.0
train,base8_fixed4,2024-03-05,2,0.0,14.219400386847191,-14.219400386847191
train,base8_fixed4,2024-03-06,2,0.0,-6.538671328671332,6.538671328671332
train,base8_fixed4,2024-03-07,2,0.0,-2.1100000000000017,2.1100000000000017
train,base8_fixed4,2024-03-08,2,0.0,9.653333333333332,-9.653333333333332
train,base8_fixed4,2024-03-11,2,0.0,-2.6606015037593984,2.6606015037593984
train,base8_fixed4,2024-03-12,2,0.0,-14.03271249076128,14.03271249076128
train,base8_fixed4,2024-03-13,2,0.0,7.2526865671641785,-7.2526865671641785
train,base8_fixed4,2024-03-14,2,0.0,0.0,0.0
train,base8_fixed4,2024-03-15,2,0.0,6.011406400739393,-6.011406400739393
train,base8_fixed4,2024-03-18,2,0.0,-5.281171366594386,5.281171366594386
train,base8_fixed4,2024-03-19,2,0.0,0.0,0.0
train,base8_fixed4,2024-03-20,2,0.0,0.0,0.0
train,base8_fixed4,2024-03-21,2,-6.210000000000016,-12.42000000000001,6.209999999999995
train,base8_fixed4,2024-03-22,2,0.0,-6.210000000000005,6.210000000000005
train,base8_fixed4,2024-03-25,2,0.0,7.49179735593901,-7.49179735593901
train,base8_fixed4,2024-03-26,2,0.0,19.97603960396039,-19.97603960396039
train,base8_fixed4,2024-03-27,2,0.0,0.0,0.0
train,base8_fixed4,2024-03-28,2,0.0,0.0,0.0
train,base8_fixed4,2024-03-29,2,0.0,0.0,0.0
train,base8_fixed4,2024-04-01,2,0.0,0.0,0.0
train,base8_fixed4,2024-04-02,2,0.0,-7.2702556299452334,7.2702556299452334
train,base8_fixed4,2024-04-03,2,0.0,0.0,0.0
train,base8_fixed4,2024-04-08,2,0.0,-12.42000000000001,12.42000000000001
train,base8_fixed4,2024-04-09,2,0.0,0.0,0.0
train,base8_fixed4,2024-04-10,2,0.0,0.0,0.0
train,base8_fixed4,2024-04-11,2,0.0,0.0,0.0
train,base8_fixed4,2024-04-12,2,0.0,22.171954022988505,-22.171954022988505
train,base8_fixed4,2024-04-15,2,0.0,3.1696016898008263,-3.1696016898008263
train,base8_fixed4,2024-04-16,2,0.0,0.0,0.0
train,base8_fixed4,2024-04-17,2,0.0,0.0,0.0
train,base8_fixed4,2024-04-18,2,0.0,0.0,0.0
train,base8_fixed4,2024-04-19,2,0.0,0.0,0.0
train,base8_fixed4,2024-04-22,2,0.0,4.148373493975919,-4.148373493975919
train,base8_fixed4,2024-04-23,2,0.0,14.095986574810102,-14.095986574810102
train,base8_fixed4,2024-04-24,2,0.0,21.35435458030259,-21.35435458030259
train,base8_fixed4,2024-04-25,2,0.0,8.413386065850023,-8.413386065850023
train,base8_fixed4,2024-04-26,2,0.0,0.0,0.0
train,base8_fixed4,2024-04-29,2,0.0,15.074280936454862,-15.074280936454862
train,base8_fixed4,2024-04-30,2,0.0,0.0,0.0
train,base8_fixed4,2024-05-06,2,0.0,0.0,0.0
train,base8_fixed4,2024-05-07,2,0.0,0.0,0.0
train,base8_fixed4,2024-05-08,2,0.0,0.0,0.0
train,base8_fixed4,2024-05-09,2,0.0,-8.622898550724624,8.622898550724624
train,base8_fixed4,2024-05-10,2,0.0,0.0,0.0
train,base8_fixed4,2024-05-13,2,0.0,-6.210000000000005,6.210000000000005
train,base8_fixed4,2024-05-14,2,0.0,-7.577407407407435,7.577407407407435
train,base8_fixed4,2024-05-15,2,0.0,0.0,0.0
train,base8_fixed4,2024-05-16,2,0.0,0.0,0.0
train,base8_fixed4,2024-05-17,2,0.0,0.0,0.0
train,base8_fixed4,2024-05-20,2,-4.673004291464745,-6.210000000000005,1.53699570853526
train,base8_fixed4,2024-05-21,2,0.0,-2.994503631961266,2.994503631961266
train,base8_fixed4,2024-05-22,2,0.0,-12.42000000000001,12.42000000000001
train,base8_fixed4,2024-05-23,2,4.939507702701706,-6.210000000000005,11.149507702701712
train,base8_fixed4,2024-05-24,2,2.993285420944546,0.18408866995074288,2.809196750993803
train,base8_fixed4,2024-05-27,2,0.0,-6.210000000000005,6.210000000000005
train,base8_fixed4,2024-05-28,2,0.0,0.0,0.0
train,base8_fixed4,2024-05-29,2,-12.420000000000021,6.181402714932126,-18.60140271493215
train,base8_fixed4,2024-05-30,2,0.0,0.0,0.0
train,base8_fixed4,2024-05-31,2,0.0,-6.210000000000005,6.210000000000005
train,base8_fixed4,2024-06-03,2,0.0,-1.1706147934678288,1.1706147934678288
train,base8_fixed4,2024-06-04,2,0.0,0.0,0.0
train,base8_fixed4,2024-06-05,2,0.0,-6.210000000000005,6.210000000000005
train,base8_fixed4,2024-06-06,2,0.0,0.0,0.0
train,base8_fixed4,2024-06-07,2,0.0,0.0,0.0
train,base8_fixed4,2024-06-11,2,0.0,3.507579250720471,-3.507579250720471
train,base8_fixed4,2024-06-12,2,0.0,0.0,0.0
train,base8_fixed4,2024-06-13,2,0.0,0.0,0.0
train,base8_fixed4,2024-06-14,2,0.0,0.0,0.0
train,base8_fixed4,2024-06-17,2,0.0,-4.914797047970488,4.914797047970488
train,base8_fixed4,2024-06-18,2,0.0,-5.354639613920377,5.354639613920377
train,base8_fixed4,2024-06-19,2,0.0,0.0,0.0
train,base8_fixed4,2024-06-20,2,0.0,0.0,0.0
train,base8_fixed4,2024-06-21,2,0.0,-12.42000000000001,12.42000000000001
train,base8_fixed4,2024-06-24,2,0.0,0.0,0.0
train,base8_fixed4,2024-06-25,2,0.0,0.0,0.0
train,base8_fixed4,2024-06-26,2,0.0,2.713076923076917,-2.713076923076917
train,base8_fixed4,2024-06-27,2,0.0,0.0,0.0
train,base8_fixed4,2024-06-28,2,0.0,0.0,0.0
train,base8_fixed4,2024-07-01,2,0.0,-7.641374045801543,7.641374045801543
train,base8_fixed4,2024-07-02,2,0.0,10.497964601769903,-10.497964601769903
train,base8_fixed4,2024-07-03,2,0.0,0.0,0.0
train,base8_fixed4,2024-07-04,2,0.0,0.0,0.0
train,base8_fixed4,2024-07-05,2,0.0,7.1898642226748235,-7.1898642226748235
train,base8_fixed4,2024-07-08,2,0.0,0.0,0.0
train,base8_fixed4,2024-07-09,2,0.0,0.0,0.0
train,base8_fixed4,2024-07-10,2,0.0,0.0,0.0
train,base8_fixed4,2024-07-11,2,0.0,0.0,0.0
train,base8_fixed4,2024-07-12,2,0.0,0.0,0.0
train,base8_fixed4,2024-07-15,2,0.0,0.0,0.0
train,base8_fixed4,2024-07-16,2,0.0,-12.42000000000001,12.42000000000001
train,base8_fixed4,2024-07-17,2,0.0,0.0,0.0
train,base8_fixed4,2024-07-18,2,0.0,-4.457660187185032,4.457660187185032
train,base8_fixed4,2024-07-19,2,0.0,0.0,0.0
train,base8_fixed4,2024-07-22,2,0.0,-6.210000000000005,6.210000000000005
train,base8_fixed4,2024-07-23,2,0.0,0.0,0.0
train,base8_fixed4,2024-07-24,2,0.0,0.0,0.0
train,base8_fixed4,2024-07-25,2,0.0,10.225974822157234,-10.225974822157234
train,base8_fixed4,2024-07-26,2,0.0,0.0,0.0
train,base8_fixed4,2024-07-29,2,0.0,-7.931843151024756,7.931843151024756
train,base8_fixed4,2024-07-30,2,0.0,0.0,0.0
train,base8_fixed4,2024-07-31,2,0.0,-8.622643171806178,8.622643171806178
train,base8_fixed4,2024-08-01,2,0.0,0.0,0.0
train,base8_fixed4,2024-08-02,2,0.0,0.0,0.0
train,base8_fixed4,2024-08-05,2,0.0,0.0,0.0
train,base8_fixed4,2024-08-06,2,0.0,0.0,0.0
train,base8_fixed4,2024-08-07,2,0.0,0.0,0.0
train,base8_fixed4,2024-08-08,2,0.0,0.0,0.0
train,base8_fixed4,2024-08-09,2,0.0,0.0,0.0
train,base8_fixed4,2024-08-12,2,0.0,1.4793477240732091,-1.4793477240732091
train,base8_fixed4,2024-08-13,2,0.0,0.24914766773855668,-0.24914766773855668
train,base8_fixed4,2024-08-14,2,0.0,0.0,0.0
train,base8_fixed4,2024-08-15,2,0.0,0.0,0.0
train,base8_fixed4,2024-08-16,2,0.0,0.0,0.0
train,base8_fixed4,2024-08-19,2,0.0,-6.210000000000005,6.210000000000005
train,base8_fixed4,2024-08-20,2,0.0,0.0,0.0
train,base8_fixed4,2024-08-21,2,0.0,0.0,0.0
train,base8_fixed4,2024-08-22,2,0.0,0.0,0.0
train,base8_fixed4,2024-08-23,2,0.0,4.408473895582298,-4.408473895582298
train,base8_fixed4,2024-08-26,2,0.0,3.2588995215311103,-3.2588995215311103
train,base8_fixed4,2024-08-27,2,0.0,0.0,0.0
train,base8_fixed4,2024-08-28,2,0.0,0.0,0.0
train,base8_fixed4,2024-08-29,2,0.0,-3.3446031746031792,3.3446031746031792
train,base8_fixed4,2024-08-30,2,0.0,-3.220391041592576,3.220391041592576
train,base8_fixed4,2024-09-02,2,0.0,0.0,0.0
train,base8_fixed4,2024-09-03,2,0.0,0.0,0.0
train,base8_fixed4,2024-09-04,2,0.0,0.0,0.0
train,base8_fixed4,2024-09-05,2,0.0,0.0,0.0
train,base8_fixed4,2024-09-06,2,0.0,0.0,0.0
train,base8_fixed4,2024-09-09,2,0.0,0.0,0.0
train,base8_fixed4,2024-09-10,2,0.0,-2.378674698795181,2.378674698795181
train,base8_fixed4,2024-09-11,2,0.0,0.0,0.0
train,base8_fixed4,2024-09-12,2,0.0,0.0,0.0
train,base8_fixed4,2024-09-13,2,0.0,0.0,0.0
train,base8_fixed4,2024-09-18,2,0.0,1.3524732477452432,-1.3524732477452432
train,base8_fixed4,2024-09-19,2,0.0,20.665599952455448,-20.665599952455448
train,base8_fixed4,2024-09-20,2,0.0,0.0,0.0
train,base8_fixed4,2024-09-23,2,0.0,17.00915285451199,-17.00915285451199
train,base8_fixed4,2024-09-24,2,0.0,43.23085416113101,-43.23085416113101
train,base8_fixed4,2024-09-25,2,0.0,0.0,0.0
train,base8_fixed4,2024-09-26,2,0.0,0.0,0.0
train,base8_fixed4,2024-09-27,2,0.0,0.0,0.0
train,base8_fixed4,2024-09-30,2,0.0,0.0,0.0
train,base8_fixed4,2024-10-08,2,0.0,0.0,0.0
train,base8_fixed4,2024-10-09,2,0.0,0.0,0.0
train,base8_fixed4,2024-10-10,2,0.0,0.0,0.0
train,base8_fixed4,2024-10-11,2,0.0,0.0,0.0
train,base8_fixed4,2024-10-14,2,0.0,0.0,0.0
train,base8_fixed4,2024-10-15,2,0.0,0.0,0.0
train,base8_fixed4,2024-10-16,2,0.0,0.0,0.0
train,base8_fixed4,2024-10-17,2,0.0,0.0,0.0
train,base8_fixed4,2024-10-18,2,0.0,-6.84811540449334,6.84811540449334
train,base8_fixed4,2024-10-21,2,0.0,0.0,0.0
train,base8_fixed4,2024-10-22,2,0.0,0.0,0.0
train,base8_fixed4,2024-10-23,2,0.0,0.0,0.0
train,base8_fixed4,2024-10-24,2,0.0,-6.210000000000005,6.210000000000005
train,base8_fixed4,2024-10-25,2,0.0,3.1529537366547826,-3.1529537366547826
train,base8_fixed4,2024-10-28,2,0.0,0.0,0.0
train,base8_fixed4,2024-10-29,2,0.0,0.0,0.0
train,base8_fixed4,2024-10-30,2,0.0,0.0,0.0
train,base8_fixed4,2024-10-31,2,0.0,1.5429629629629664,-1.5429629629629664
train,base8_fixed4,2024-11-01,2,0.0,5.877350731514428,-5.877350731514428
train,base8_fixed4,2024-11-04,2,0.8824369747898899,0.0,0.8824369747898899
train,base8_fixed4,2024-11-05,2,0.0,6.53509803921568,-6.53509803921568
train,base8_fixed4,2024-11-06,2,0.0,0.0,0.0
train,base8_fixed4,2024-11-07,2,0.0,0.0,0.0
train,base8_fixed4,2024-11-08,2,0.0,-0.7852253909843583,0.7852253909843583
train,base8_fixed4,2024-11-11,2,0.0,-13.13452236333518,13.13452236333518
train,base8_fixed4,2024-11-12,2,0.0,0.0,0.0
train,base8_fixed4,2024-11-13,2,-6.210000000000005,-6.210000000000005,0.0
train,base8_fixed4,2024-11-14,2,0.0,0.0,0.0
train,base8_fixed4,2024-11-15,2,0.0,0.0,0.0
train,base8_fixed4,2024-11-18,2,0.0,0.0,0.0
train,base8_fixed4,2024-11-19,2,0.0,14.99737327188939,-14.99737327188939
train,base8_fixed4,2024-11-20,2,0.0,0.0,0.0
train,base8_fixed4,2024-11-21,2,0.0,0.0,0.0
train,base8_fixed4,2024-11-22,2,0.0,0.0,0.0
train,base8_fixed4,2024-11-25,2,0.0,4.156666666666674,-4.156666666666674
train,base8_fixed4,2024-11-26,2,0.0,0.0,0.0
train,base8_fixed4,2024-11-27,2,0.0,0.0,0.0
train,base8_fixed4,2024-11-28,2,0.0,1.5775920084121866,-1.5775920084121866
train,base8_fixed4,2024-11-29,2,0.0,3.987901049475261,-3.987901049475261
train,base8_fixed4,2024-12-02,2,0.0,0.8954813450023016,-0.8954813450023016
train,base8_fixed4,2024-12-03,2,0.0,0.0,0.0
train,base8_fixed4,2024-12-04,2,0.0,0.0,0.0
train,base8_fixed4,2024-12-05,2,0.0,-1.7982122717850175,1.7982122717850175
train,base8_fixed4,2024-12-06,2,5.540000000000011,0.0,5.540000000000011
train,base8_fixed4,2024-12-09,2,0.0,11.956666666666658,-11.956666666666658
train,base8_fixed4,2024-12-10,2,0.0,-12.939669551534207,12.939669551534207
train,base8_fixed4,2024-12-11,2,0.0,12.989577613516355,-12.989577613516355
train,base8_fixed4,2024-12-12,2,0.0,0.0,0.0
train,base8_fixed4,2024-12-13,2,0.0,-12.420000000000021,12.420000000000021
train,base8_fixed4,2024-12-16,2,0.0,-12.420000000000021,12.420000000000021
train,base8_fixed4,2024-12-17,2,0.0,0.0,0.0
train,base8_fixed4,2024-12-18,2,0.0,21.387654294500443,-21.387654294500443
train,base8_fixed4,2024-12-19,2,0.0,-6.209999999999995,6.209999999999995
train,base8_fixed4,2024-12-20,2,0.0,-1.7595867768595128,1.7595867768595128
train,base8_fixed4,2024-12-23,2,0.0,0.0,0.0
train,base8_fixed4,2024-12-24,2,0.0,0.0,0.0
train,base8_fixed4,2024-12-25,2,0.0,0.0,0.0
train,base8_fixed4,2024-12-26,2,0.0,-6.210000000000005,6.210000000000005
train,base8_fixed4,2024-12-27,2,0.0,0.0,0.0
train,base8_fixed4,2024-12-30,2,0.0,-12.420000000000021,12.420000000000021
train,base8_fixed4,2024-12-31,2,0.0,0.0,0.0
train,base8_fixed4,2025-01-02,2,0.0,-6.210000000000005,6.210000000000005
train,base8_fixed4,2025-01-03,2,0.0,0.0,0.0
train,base8_fixed4,2025-01-06,2,0.0,0.0,0.0
train,base8_fixed4,2025-01-07,2,0.0,2.2540342822160877,-2.2540342822160877
train,base8_fixed4,2025-01-08,2,0.0,0.0,0.0
train,base8_fixed4,2025-01-09,2,0.0,0.0,0.0
train,base8_fixed4,2025-01-10,2,0.0,-0.8561538461538407,0.8561538461538407
train,base8_fixed4,2025-01-13,2,0.0,7.88806835066864,-7.88806835066864
train,base8_fixed4,2025-01-14,2,0.0,5.609850746268649,-5.609850746268649
train,base8_fixed4,2025-01-15,2,0.0,0.0,0.0
train,base8_fixed4,2025-01-16,2,0.0,0.0,0.0
train,base8_fixed4,2025-01-17,2,0.0,2.0100486845260317,-2.0100486845260317
train,base8_fixed4,2025-01-20,2,0.0,14.91881122103713,-14.91881122103713
train,base8_fixed4,2025-01-21,2,0.0,0.0,0.0
train,base8_fixed4,2025-01-22,2,0.0,0.0,0.0
train,base8_fixed4,2025-01-23,2,0.0,10.03089877770826,-10.03089877770826
train,base8_fixed4,2025-01-24,2,0.0,16.083829087457,-16.083829087457
train,base8_fixed4,2025-01-27,2,0.0,0.0,0.0
train,base8_fixed4,2025-02-05,2,0.0,0.0,0.0
train,base8_fixed4,2025-02-06,2,0.0,-4.090708359923425,4.090708359923425
train,base8_fixed4,2025-02-07,2,0.0,0.0,0.0
train,base8_fixed4,2025-02-10,2,0.0,0.0,0.0
train,base8_fixed4,2025-02-11,2,0.0,0.0,0.0
train,base8_fixed4,2025-02-12,2,0.0,-10.985792149684784,10.985792149684784
train,base8_fixed4,2025-02-13,2,0.0,0.0,0.0
train,base8_fixed4,2025-02-14,2,0.0,-12.42000000000001,12.42000000000001
train,base8_fixed4,2025-02-17,2,0.0,31.782650511169994,-31.782650511169994
train,base8_fixed4,2025-02-18,2,0.0,0.0,0.0
train,base8_fixed4,2025-02-19,2,0.0,10.961770393316426,-10.961770393316426
train,base8_fixed4,2025-02-20,2,0.0,0.0,0.0
train,base8_fixed4,2025-02-21,2,0.0,0.0,0.0
train,base8_fixed4,2025-02-24,2,0.0,-6.210000000000005,6.210000000000005
train,base8_fixed4,2025-02-25,2,0.0,-6.210000000000005,6.210000000000005
train,base8_fixed4,2025-02-26,2,0.0,-12.42000000000001,12.42000000000001
train,base8_fixed4,2025-02-27,2,0.0,0.0,0.0
train,base8_fixed4,2025-02-28,2,0.0,0.0,0.0
train,base8_fixed4,2025-03-03,2,0.0,0.0,0.0
train,base8_fixed4,2025-03-04,2,0.0,0.0,0.0
train,base8_fixed4,2025-03-05,2,0.0,-7.625384615384624,7.625384615384624
train,base8_fixed4,2025-03-06,2,0.0,-5.506497288038827,5.506497288038827
train,base8_fixed4,2025-03-07,2,0.0,0.0,0.0
train,base8_fixed4,2025-03-10,2,0.0,-10.19622377622379,10.19622377622379
train,base8_fixed4,2025-03-11,2,0.0,2.2258974358974495,-2.2258974358974495
train,base8_fixed4,2025-03-12,2,0.0,3.080063609920834,-3.080063609920834
train,base8_fixed4,2025-03-13,2,0.0,0.0,0.0
train,base8_fixed4,2025-03-14,2,0.0,5.242959794696308,-5.242959794696308
train,base8_fixed4,2025-03-17,2,0.0,28.64066163956221,-28.64066163956221
train,base8_fixed4,2025-03-18,2,0.0,0.0,0.0
train,base8_fixed4,2025-03-19,2,0.0,-6.210000000000005,6.210000000000005
train,base8_fixed4,2025-03-20,2,0.0,-12.420000000000021,12.420000000000021
train,base8_fixed4,2025-03-21,2,0.0,-12.420000000000021,12.420000000000021
train,base8_fixed4,2025-03-24,2,0.0,-6.210000000000005,6.210000000000005
train,base8_fixed4,2025-03-25,2,-6.210000000000005,33.47983957219254,-39.68983957219255
train,base8_fixed4,2025-03-26,2,0.0,-6.210000000000005,6.210000000000005
train,base8_fixed4,2025-03-27,2,0.0,0.0,0.0
train,base8_fixed4,2025-03-28,2,0.0,0.0,0.0
train,base8_fixed4,2025-03-31,2,0.0,-21.336760563380267,21.336760563380267
train,base8_fixed4,2025-04-01,2,0.0,0.0,0.0
train,base8_fixed4,2025-04-02,2,0.0,0.0,0.0
train,base8_fixed4,2025-04-03,2,0.0,0.0,0.0
train,base8_fixed4,2025-04-07,2,0.0,0.0,0.0
train,base8_fixed4,2025-04-08,2,0.0,0.0,0.0
train,base8_fixed4,2025-04-09,2,0.0,0.0,0.0
train,base8_fixed4,2025-04-10,2,0.0,0.0,0.0
train,base8_fixed4,2025-04-11,2,0.0,0.0,0.0
train,base8_fixed4,2025-04-14,2,0.0,0.0,0.0
train,base8_fixed4,2025-04-15,2,0.0,0.0,0.0
train,base8_fixed4,2025-04-16,2,0.0,0.0,0.0
train,base8_fixed4,2025-04-17,2,0.0,-10.677425742574222,10.677425742574222
train,base8_fixed4,2025-04-18,2,0.0,2.158231292516975,-2.158231292516975
train,base8_fixed4,2025-04-21,2,0.0,28.059069160724825,-28.059069160724825
train,base8_fixed4,2025-04-22,2,0.0,0.0,0.0
train,base8_fixed4,2025-04-23,2,0.0,0.0,0.0
train,base8_fixed4,2025-04-24,2,0.0,-12.420000000000021,12.420000000000021
train,base8_fixed4,2025-04-25,2,0.0,4.279795918367334,-4.279795918367334
train,base8_fixed4,2025-04-28,2,0.0,2.8160380014074606,-2.8160380014074606
train,base8_fixed4,2025-04-29,2,0.0,-7.285709459459479,7.285709459459479
train,base8_fixed4,2025-04-30,2,0.0,0.0,0.0
train,base8_fixed4,2025-05-06,2,0.0,0.0,0.0
train,base8_fixed4,2025-05-07,2,0.0,0.0,0.0
train,base8_fixed4,2025-05-08,2,0.0,0.0,0.0
train,base8_fixed4,2025-05-09,2,0.0,2.183942477010401,-2.183942477010401
train,base8_fixed4,2025-05-12,2,0.0,-1.3254288440177637,1.3254288440177637
train,base8_fixed4,2025-05-13,2,0.0,-1.0616382252559804,1.0616382252559804
train,base8_fixed4,2025-05-14,2,0.0,0.0,0.0
train,base8_fixed4,2025-05-15,2,0.0,16.87826781233461,-16.87826781233461
train,base8_fixed4,2025-05-16,2,14.94863689776735,22.498918918918918,-7.550282021151567
train,base8_fixed4,2025-05-19,2,0.0,-6.209999999999995,6.209999999999995
train,base8_fixed4,2025-05-20,2,0.0,9.76506234413965,-9.76506234413965
train,base8_fixed4,2025-05-21,2,0.0,4.4442553191489145,-4.4442553191489145
train,base8_fixed4,2025-05-22,2,0.0,0.0,0.0
train,base8_fixed4,2025-05-23,2,0.0,0.0,0.0
train,base8_fixed4,2025-05-26,2,0.0,0.0,0.0
train,base8_fixed4,2025-05-27,2,0.0,0.0,0.0
train,base8_fixed4,2025-05-28,2,0.0,0.0,0.0
train,base8_fixed4,2025-05-29,2,2.614040550325857,-1.8187751371115177,4.432815687437374
train,base8_fixed4,2025-05-30,2,0.0,3.7060839160839123,-3.7060839160839123
train,base8_structure10,2024-01-02,2,0.0,0.0,0.0
train,base8_structure10,2024-01-03,2,0.0,0.0,0.0
train,base8_structure10,2024-01-04,2,0.0,0.0,0.0
train,base8_structure10,2024-01-05,2,0.0,-5.09794817556848,5.09794817556848
train,base8_structure10,2024-01-08,2,0.0,0.0,0.0
train,base8_structure10,2024-01-09,2,0.0,5.915897760878729,-5.915897760878729
train,base8_structure10,2024-01-10,2,0.0,0.0,0.0
train,base8_structure10,2024-01-11,2,0.0,-8.091788305591132,8.091788305591132
train,base8_structure10,2024-01-12,2,0.0,0.0,0.0
train,base8_structure10,2024-01-15,2,0.0,0.0,0.0
train,base8_structure10,2024-01-16,2,0.0,0.0,0.0
train,base8_structure10,2024-01-17,2,0.0,0.0,0.0
train,base8_structure10,2024-01-18,2,0.0,-7.834408340795696,7.834408340795696
train,base8_structure10,2024-01-19,2,0.0,0.0,0.0
train,base8_structure10,2024-01-22,2,0.0,0.0,0.0
train,base8_structure10,2024-01-23,2,0.0,0.0,0.0
train,base8_structure10,2024-01-24,2,0.0,0.0,0.0
train,base8_structure10,2024-01-25,2,0.0,0.0,0.0
train,base8_structure10,2024-01-26,2,0.0,0.0,0.0
train,base8_structure10,2024-01-29,2,0.0,0.0,0.0
train,base8_structure10,2024-01-30,2,0.0,0.0,0.0
train,base8_structure10,2024-01-31,2,0.0,0.0,0.0
train,base8_structure10,2024-02-01,2,0.0,0.0,0.0
train,base8_structure10,2024-02-02,2,0.0,0.0,0.0
train,base8_structure10,2024-02-05,2,0.0,0.0,0.0
train,base8_structure10,2024-02-06,2,0.0,0.0,0.0
train,base8_structure10,2024-02-07,2,0.0,0.0,0.0
train,base8_structure10,2024-02-08,2,0.0,0.0,0.0
train,base8_structure10,2024-02-19,2,0.0,0.0,0.0
train,base8_structure10,2024-02-20,2,0.0,0.0,0.0
train,base8_structure10,2024-02-21,2,0.0,9.706438293115925,-9.706438293115925
train,base8_structure10,2024-02-22,2,0.0,3.623772314896078,-3.623772314896078
train,base8_structure10,2024-02-23,2,0.0,0.0,0.0
train,base8_structure10,2024-02-26,2,0.0,2.9254642313546455,-2.9254642313546455
train,base8_structure10,2024-02-27,2,0.0,-6.53816408204101,6.53816408204101
train,base8_structure10,2024-02-28,2,0.0,0.0,0.0
train,base8_structure10,2024-02-29,2,0.0,0.0,0.0
train,base8_structure10,2024-03-01,2,0.0,0.0,0.0
train,base8_structure10,2024-03-04,2,0.0,0.0,0.0
train,base8_structure10,2024-03-05,2,0.0,14.219400386847191,-14.219400386847191
train,base8_structure10,2024-03-06,2,0.0,-6.538671328671332,6.538671328671332
train,base8_structure10,2024-03-07,2,0.0,-2.1100000000000017,2.1100000000000017
train,base8_structure10,2024-03-08,2,0.0,9.653333333333332,-9.653333333333332
train,base8_structure10,2024-03-11,2,0.0,-2.6606015037593984,2.6606015037593984
train,base8_structure10,2024-03-12,2,0.0,-14.03271249076128,14.03271249076128
train,base8_structure10,2024-03-13,2,0.0,7.2526865671641785,-7.2526865671641785
train,base8_structure10,2024-03-14,2,0.0,0.0,0.0
train,base8_structure10,2024-03-15,2,0.0,6.011406400739393,-6.011406400739393
train,base8_structure10,2024-03-18,2,0.0,-5.281171366594386,5.281171366594386
train,base8_structure10,2024-03-19,2,0.0,0.0,0.0
train,base8_structure10,2024-03-20,2,0.0,0.0,0.0
train,base8_structure10,2024-03-21,2,-4.573369963370001,-12.42000000000001,7.8466300366300095
train,base8_structure10,2024-03-22,2,0.0,-6.210000000000005,6.210000000000005
train,base8_structure10,2024-03-25,2,0.0,7.49179735593901,-7.49179735593901
train,base8_structure10,2024-03-26,2,0.0,19.97603960396039,-19.97603960396039
train,base8_structure10,2024-03-27,2,0.0,0.0,0.0
train,base8_structure10,2024-03-28,2,0.0,0.0,0.0
train,base8_structure10,2024-03-29,2,0.0,0.0,0.0
train,base8_structure10,2024-04-01,2,0.0,0.0,0.0
train,base8_structure10,2024-04-02,2,0.0,-7.2702556299452334,7.2702556299452334
train,base8_structure10,2024-04-03,2,0.0,0.0,0.0
train,base8_structure10,2024-04-08,2,0.0,-12.42000000000001,12.42000000000001
train,base8_structure10,2024-04-09,2,0.0,0.0,0.0
train,base8_structure10,2024-04-10,2,0.0,0.0,0.0
train,base8_structure10,2024-04-11,2,0.0,0.0,0.0
train,base8_structure10,2024-04-12,2,0.0,22.171954022988505,-22.171954022988505
train,base8_structure10,2024-04-15,2,0.0,3.1696016898008263,-3.1696016898008263
train,base8_structure10,2024-04-16,2,0.0,0.0,0.0
train,base8_structure10,2024-04-17,2,0.0,0.0,0.0
train,base8_structure10,2024-04-18,2,0.0,0.0,0.0
train,base8_structure10,2024-04-19,2,0.0,0.0,0.0
train,base8_structure10,2024-04-22,2,0.0,4.148373493975919,-4.148373493975919
train,base8_structure10,2024-04-23,2,0.0,14.095986574810102,-14.095986574810102
train,base8_structure10,2024-04-24,2,0.0,21.35435458030259,-21.35435458030259
train,base8_structure10,2024-04-25,2,0.0,8.413386065850023,-8.413386065850023
train,base8_structure10,2024-04-26,2,0.0,0.0,0.0
train,base8_structure10,2024-04-29,2,0.0,15.074280936454862,-15.074280936454862
train,base8_structure10,2024-04-30,2,0.0,0.0,0.0
train,base8_structure10,2024-05-06,2,0.0,0.0,0.0
train,base8_structure10,2024-05-07,2,0.0,0.0,0.0
train,base8_structure10,2024-05-08,2,0.0,0.0,0.0
train,base8_structure10,2024-05-09,2,0.0,-8.622898550724624,8.622898550724624
train,base8_structure10,2024-05-10,2,0.0,0.0,0.0
train,base8_structure10,2024-05-13,2,0.0,-6.210000000000005,6.210000000000005
train,base8_structure10,2024-05-14,2,0.0,-7.577407407407435,7.577407407407435
train,base8_structure10,2024-05-15,2,0.0,0.0,0.0
train,base8_structure10,2024-05-16,2,0.0,0.0,0.0
train,base8_structure10,2024-05-17,2,0.0,0.0,0.0
train,base8_structure10,2024-05-20,2,-5.958681235870379,-6.210000000000005,0.2513187641296266
train,base8_structure10,2024-05-21,2,0.0,-2.994503631961266,2.994503631961266
train,base8_structure10,2024-05-22,2,0.0,-12.42000000000001,12.42000000000001
train,base8_structure10,2024-05-23,2,-5.921904761904751,-6.210000000000005,0.28809523809525395
train,base8_structure10,2024-05-24,2,-5.286591375770034,0.18408866995074288,-5.470680045720777
train,base8_structure10,2024-05-27,2,0.0,-6.210000000000005,6.210000000000005
train,base8_structure10,2024-05-28,2,0.0,0.0,0.0
train,base8_structure10,2024-05-29,2,-14.80776970182567,6.181402714932126,-20.989172416757796
train,base8_structure10,2024-05-30,2,0.0,0.0,0.0
train,base8_structure10,2024-05-31,2,0.0,-6.210000000000005,6.210000000000005
train,base8_structure10,2024-06-03,2,0.0,-1.1706147934678288,1.1706147934678288
train,base8_structure10,2024-06-04,2,0.0,0.0,0.0
train,base8_structure10,2024-06-05,2,0.0,-6.210000000000005,6.210000000000005
train,base8_structure10,2024-06-06,2,0.0,0.0,0.0
train,base8_structure10,2024-06-07,2,0.0,0.0,0.0
train,base8_structure10,2024-06-11,2,0.0,3.507579250720471,-3.507579250720471
train,base8_structure10,2024-06-12,2,0.0,0.0,0.0
train,base8_structure10,2024-06-13,2,0.0,0.0,0.0
train,base8_structure10,2024-06-14,2,0.0,0.0,0.0
train,base8_structure10,2024-06-17,2,0.0,-4.914797047970488,4.914797047970488
train,base8_structure10,2024-06-18,2,0.0,-5.354639613920377,5.354639613920377
train,base8_structure10,2024-06-19,2,0.0,0.0,0.0
train,base8_structure10,2024-06-20,2,0.0,0.0,0.0
train,base8_structure10,2024-06-21,2,0.0,-12.42000000000001,12.42000000000001
train,base8_structure10,2024-06-24,2,0.0,0.0,0.0
train,base8_structure10,2024-06-25,2,0.0,0.0,0.0
train,base8_structure10,2024-06-26,2,0.0,2.713076923076917,-2.713076923076917
train,base8_structure10,2024-06-27,2,0.0,0.0,0.0
train,base8_structure10,2024-06-28,2,0.0,0.0,0.0
train,base8_structure10,2024-07-01,2,0.0,-7.641374045801543,7.641374045801543
train,base8_structure10,2024-07-02,2,0.0,10.497964601769903,-10.497964601769903
train,base8_structure10,2024-07-03,2,0.0,0.0,0.0
train,base8_structure10,2024-07-04,2,0.0,0.0,0.0
train,base8_structure10,2024-07-05,2,0.0,7.1898642226748235,-7.1898642226748235
train,base8_structure10,2024-07-08,2,0.0,0.0,0.0
train,base8_structure10,2024-07-09,2,0.0,0.0,0.0
train,base8_structure10,2024-07-10,2,0.0,0.0,0.0
train,base8_structure10,2024-07-11,2,0.0,0.0,0.0
train,base8_structure10,2024-07-12,2,0.0,0.0,0.0
train,base8_structure10,2024-07-15,2,0.0,0.0,0.0
train,base8_structure10,2024-07-16,2,0.0,-12.42000000000001,12.42000000000001
train,base8_structure10,2024-07-17,2,0.0,0.0,0.0
train,base8_structure10,2024-07-18,2,0.0,-4.457660187185032,4.457660187185032
train,base8_structure10,2024-07-19,2,0.0,0.0,0.0
train,base8_structure10,2024-07-22,2,0.0,-6.210000000000005,6.210000000000005
train,base8_structure10,2024-07-23,2,0.0,0.0,0.0
train,base8_structure10,2024-07-24,2,0.0,0.0,0.0
train,base8_structure10,2024-07-25,2,0.0,10.225974822157234,-10.225974822157234
train,base8_structure10,2024-07-26,2,0.0,0.0,0.0
train,base8_structure10,2024-07-29,2,0.0,-7.931843151024756,7.931843151024756
train,base8_structure10,2024-07-30,2,0.0,0.0,0.0
train,base8_structure10,2024-07-31,2,0.0,-8.622643171806178,8.622643171806178
train,base8_structure10,2024-08-01,2,0.0,0.0,0.0
train,base8_structure10,2024-08-02,2,0.0,0.0,0.0
train,base8_structure10,2024-08-05,2,0.0,0.0,0.0
train,base8_structure10,2024-08-06,2,0.0,0.0,0.0
train,base8_structure10,2024-08-07,2,0.0,0.0,0.0
train,base8_structure10,2024-08-08,2,0.0,0.0,0.0
train,base8_structure10,2024-08-09,2,0.0,0.0,0.0
train,base8_structure10,2024-08-12,2,0.0,1.4793477240732091,-1.4793477240732091
train,base8_structure10,2024-08-13,2,0.0,0.24914766773855668,-0.24914766773855668
train,base8_structure10,2024-08-14,2,0.0,0.0,0.0
train,base8_structure10,2024-08-15,2,0.0,0.0,0.0
train,base8_structure10,2024-08-16,2,0.0,0.0,0.0
train,base8_structure10,2024-08-19,2,0.0,-6.210000000000005,6.210000000000005
train,base8_structure10,2024-08-20,2,0.0,0.0,0.0
train,base8_structure10,2024-08-21,2,0.0,0.0,0.0
train,base8_structure10,2024-08-22,2,0.0,0.0,0.0
train,base8_structure10,2024-08-23,2,0.0,4.408473895582298,-4.408473895582298
train,base8_structure10,2024-08-26,2,0.0,3.2588995215311103,-3.2588995215311103
train,base8_structure10,2024-08-27,2,0.0,0.0,0.0
train,base8_structure10,2024-08-28,2,0.0,0.0,0.0
train,base8_structure10,2024-08-29,2,0.0,-3.3446031746031792,3.3446031746031792
train,base8_structure10,2024-08-30,2,0.0,-3.220391041592576,3.220391041592576
train,base8_structure10,2024-09-02,2,0.0,0.0,0.0
train,base8_structure10,2024-09-03,2,0.0,0.0,0.0
train,base8_structure10,2024-09-04,2,0.0,0.0,0.0
train,base8_structure10,2024-09-05,2,0.0,0.0,0.0
train,base8_structure10,2024-09-06,2,0.0,0.0,0.0
train,base8_structure10,2024-09-09,2,0.0,0.0,0.0
train,base8_structure10,2024-09-10,2,0.0,-2.378674698795181,2.378674698795181
train,base8_structure10,2024-09-11,2,0.0,0.0,0.0
train,base8_structure10,2024-09-12,2,0.0,0.0,0.0
train,base8_structure10,2024-09-13,2,0.0,0.0,0.0
train,base8_structure10,2024-09-18,2,0.0,1.3524732477452432,-1.3524732477452432
train,base8_structure10,2024-09-19,2,0.0,20.665599952455448,-20.665599952455448
train,base8_structure10,2024-09-20,2,0.0,0.0,0.0
train,base8_structure10,2024-09-23,2,0.0,17.00915285451199,-17.00915285451199
train,base8_structure10,2024-09-24,2,0.0,43.23085416113101,-43.23085416113101
train,base8_structure10,2024-09-25,2,0.0,0.0,0.0
train,base8_structure10,2024-09-26,2,0.0,0.0,0.0
train,base8_structure10,2024-09-27,2,0.0,0.0,0.0
train,base8_structure10,2024-09-30,2,0.0,0.0,0.0
train,base8_structure10,2024-10-08,2,0.0,0.0,0.0
train,base8_structure10,2024-10-09,2,0.0,0.0,0.0
train,base8_structure10,2024-10-10,2,0.0,0.0,0.0
train,base8_structure10,2024-10-11,2,0.0,0.0,0.0
train,base8_structure10,2024-10-14,2,0.0,0.0,0.0
train,base8_structure10,2024-10-15,2,0.0,0.0,0.0
train,base8_structure10,2024-10-16,2,0.0,0.0,0.0
train,base8_structure10,2024-10-17,2,0.0,0.0,0.0
train,base8_structure10,2024-10-18,2,0.0,-6.84811540449334,6.84811540449334
train,base8_structure10,2024-10-21,2,0.0,0.0,0.0
train,base8_structure10,2024-10-22,2,0.0,0.0,0.0
train,base8_structure10,2024-10-23,2,0.0,0.0,0.0
train,base8_structure10,2024-10-24,2,0.0,-6.210000000000005,6.210000000000005
train,base8_structure10,2024-10-25,2,0.0,3.1529537366547826,-3.1529537366547826
train,base8_structure10,2024-10-28,2,0.0,0.0,0.0
train,base8_structure10,2024-10-29,2,0.0,0.0,0.0
train,base8_structure10,2024-10-30,2,0.0,0.0,0.0
train,base8_structure10,2024-10-31,2,0.0,1.5429629629629664,-1.5429629629629664
train,base8_structure10,2024-11-01,2,0.0,5.877350731514428,-5.877350731514428
train,base8_structure10,2024-11-04,2,-4.453697478991615,0.0,-4.453697478991615
train,base8_structure10,2024-11-05,2,0.0,6.53509803921568,-6.53509803921568
train,base8_structure10,2024-11-06,2,0.0,0.0,0.0
train,base8_structure10,2024-11-07,2,0.0,0.0,0.0
train,base8_structure10,2024-11-08,2,0.0,-0.7852253909843583,0.7852253909843583
train,base8_structure10,2024-11-11,2,0.0,-13.13452236333518,13.13452236333518
train,base8_structure10,2024-11-12,2,0.0,0.0,0.0
train,base8_structure10,2024-11-13,2,-8.106882494004799,-6.210000000000005,-1.8968824940047933
train,base8_structure10,2024-11-14,2,0.0,0.0,0.0
train,base8_structure10,2024-11-15,2,0.0,0.0,0.0
train,base8_structure10,2024-11-18,2,0.0,0.0,0.0
train,base8_structure10,2024-11-19,2,0.0,14.99737327188939,-14.99737327188939
train,base8_structure10,2024-11-20,2,0.0,0.0,0.0
train,base8_structure10,2024-11-21,2,0.0,0.0,0.0
train,base8_structure10,2024-11-22,2,0.0,0.0,0.0
train,base8_structure10,2024-11-25,2,0.0,4.156666666666674,-4.156666666666674
train,base8_structure10,2024-11-26,2,0.0,0.0,0.0
train,base8_structure10,2024-11-27,2,0.0,0.0,0.0
train,base8_structure10,2024-11-28,2,0.0,1.5775920084121866,-1.5775920084121866
train,base8_structure10,2024-11-29,2,0.0,3.987901049475261,-3.987901049475261
train,base8_structure10,2024-12-02,2,0.0,0.8954813450023016,-0.8954813450023016
train,base8_structure10,2024-12-03,2,0.0,0.0,0.0
train,base8_structure10,2024-12-04,2,0.0,0.0,0.0
train,base8_structure10,2024-12-05,2,0.0,-1.7982122717850175,1.7982122717850175
train,base8_structure10,2024-12-06,2,-5.809375000000006,0.0,-5.809375000000006
train,base8_structure10,2024-12-09,2,0.0,11.956666666666658,-11.956666666666658
train,base8_structure10,2024-12-10,2,0.0,-12.939669551534207,12.939669551534207
train,base8_structure10,2024-12-11,2,0.0,12.989577613516355,-12.989577613516355
train,base8_structure10,2024-12-12,2,0.0,0.0,0.0
train,base8_structure10,2024-12-13,2,0.0,-12.420000000000021,12.420000000000021
train,base8_structure10,2024-12-16,2,0.0,-12.420000000000021,12.420000000000021
train,base8_structure10,2024-12-17,2,0.0,0.0,0.0
train,base8_structure10,2024-12-18,2,0.0,21.387654294500443,-21.387654294500443
train,base8_structure10,2024-12-19,2,0.0,-6.209999999999995,6.209999999999995
train,base8_structure10,2024-12-20,2,0.0,-1.7595867768595128,1.7595867768595128
train,base8_structure10,2024-12-23,2,0.0,0.0,0.0
train,base8_structure10,2024-12-24,2,0.0,0.0,0.0
train,base8_structure10,2024-12-25,2,0.0,0.0,0.0
train,base8_structure10,2024-12-26,2,0.0,-6.210000000000005,6.210000000000005
train,base8_structure10,2024-12-27,2,0.0,0.0,0.0
train,base8_structure10,2024-12-30,2,0.0,-12.420000000000021,12.420000000000021
train,base8_structure10,2024-12-31,2,0.0,0.0,0.0
train,base8_structure10,2025-01-02,2,0.0,-6.210000000000005,6.210000000000005
train,base8_structure10,2025-01-03,2,0.0,0.0,0.0
train,base8_structure10,2025-01-06,2,0.0,0.0,0.0
train,base8_structure10,2025-01-07,2,0.0,2.2540342822160877,-2.2540342822160877
train,base8_structure10,2025-01-08,2,0.0,0.0,0.0
train,base8_structure10,2025-01-09,2,0.0,0.0,0.0
train,base8_structure10,2025-01-10,2,0.0,-0.8561538461538407,0.8561538461538407
train,base8_structure10,2025-01-13,2,0.0,7.88806835066864,-7.88806835066864
train,base8_structure10,2025-01-14,2,0.0,5.609850746268649,-5.609850746268649
train,base8_structure10,2025-01-15,2,0.0,0.0,0.0
train,base8_structure10,2025-01-16,2,0.0,0.0,0.0
train,base8_structure10,2025-01-17,2,0.0,2.0100486845260317,-2.0100486845260317
train,base8_structure10,2025-01-20,2,0.0,14.91881122103713,-14.91881122103713
train,base8_structure10,2025-01-21,2,0.0,0.0,0.0
train,base8_structure10,2025-01-22,2,0.0,0.0,0.0
train,base8_structure10,2025-01-23,2,0.0,10.03089877770826,-10.03089877770826
train,base8_structure10,2025-01-24,2,0.0,16.083829087457,-16.083829087457
train,base8_structure10,2025-01-27,2,0.0,0.0,0.0
train,base8_structure10,2025-02-05,2,0.0,0.0,0.0
train,base8_structure10,2025-02-06,2,0.0,-4.090708359923425,4.090708359923425
train,base8_structure10,2025-02-07,2,0.0,0.0,0.0
train,base8_structure10,2025-02-10,2,0.0,0.0,0.0
train,base8_structure10,2025-02-11,2,0.0,0.0,0.0
train,base8_structure10,2025-02-12,2,0.0,-10.985792149684784,10.985792149684784
train,base8_structure10,2025-02-13,2,0.0,0.0,0.0
train,base8_structure10,2025-02-14,2,0.0,-12.42000000000001,12.42000000000001
train,base8_structure10,2025-02-17,2,0.0,31.782650511169994,-31.782650511169994
train,base8_structure10,2025-02-18,2,0.0,0.0,0.0
train,base8_structure10,2025-02-19,2,0.0,10.961770393316426,-10.961770393316426
train,base8_structure10,2025-02-20,2,0.0,0.0,0.0
train,base8_structure10,2025-02-21,2,0.0,0.0,0.0
train,base8_structure10,2025-02-24,2,0.0,-6.210000000000005,6.210000000000005
train,base8_structure10,2025-02-25,2,0.0,-6.210000000000005,6.210000000000005
train,base8_structure10,2025-02-26,2,0.0,-12.42000000000001,12.42000000000001
train,base8_structure10,2025-02-27,2,0.0,0.0,0.0
train,base8_structure10,2025-02-28,2,0.0,0.0,0.0
train,base8_structure10,2025-03-03,2,0.0,0.0,0.0
train,base8_structure10,2025-03-04,2,0.0,0.0,0.0
train,base8_structure10,2025-03-05,2,0.0,-7.625384615384624,7.625384615384624
train,base8_structure10,2025-03-06,2,0.0,-5.506497288038827,5.506497288038827
train,base8_structure10,2025-03-07,2,0.0,0.0,0.0
train,base8_structure10,2025-03-10,2,0.0,-10.19622377622379,10.19622377622379
train,base8_structure10,2025-03-11,2,0.0,2.2258974358974495,-2.2258974358974495
train,base8_structure10,2025-03-12,2,0.0,3.080063609920834,-3.080063609920834
train,base8_structure10,2025-03-13,2,0.0,0.0,0.0
train,base8_structure10,2025-03-14,2,0.0,5.242959794696308,-5.242959794696308
train,base8_structure10,2025-03-17,2,0.0,28.64066163956221,-28.64066163956221
train,base8_structure10,2025-03-18,2,0.0,0.0,0.0
train,base8_structure10,2025-03-19,2,0.0,-6.210000000000005,6.210000000000005
train,base8_structure10,2025-03-20,2,0.0,-12.420000000000021,12.420000000000021
train,base8_structure10,2025-03-21,2,0.0,-12.420000000000021,12.420000000000021
train,base8_structure10,2025-03-24,2,0.0,-6.210000000000005,6.210000000000005
train,base8_structure10,2025-03-25,2,-5.922685337726531,33.47983957219254,-39.402524909919066
train,base8_structure10,2025-03-26,2,0.0,-6.210000000000005,6.210000000000005
train,base8_structure10,2025-03-27,2,0.0,0.0,0.0
train,base8_structure10,2025-03-28,2,0.0,0.0,0.0
train,base8_structure10,2025-03-31,2,0.0,-21.336760563380267,21.336760563380267
train,base8_structure10,2025-04-01,2,0.0,0.0,0.0
train,base8_structure10,2025-04-02,2,0.0,0.0,0.0
train,base8_structure10,2025-04-03,2,0.0,0.0,0.0
train,base8_structure10,2025-04-07,2,0.0,0.0,0.0
train,base8_structure10,2025-04-08,2,0.0,0.0,0.0
train,base8_structure10,2025-04-09,2,0.0,0.0,0.0
train,base8_structure10,2025-04-10,2,0.0,0.0,0.0
train,base8_structure10,2025-04-11,2,0.0,0.0,0.0
train,base8_structure10,2025-04-14,2,0.0,0.0,0.0
train,base8_structure10,2025-04-15,2,0.0,0.0,0.0
train,base8_structure10,2025-04-16,2,0.0,0.0,0.0
train,base8_structure10,2025-04-17,2,0.0,-10.677425742574222,10.677425742574222
train,base8_structure10,2025-04-18,2,0.0,2.158231292516975,-2.158231292516975
train,base8_structure10,2025-04-21,2,0.0,28.059069160724825,-28.059069160724825
train,base8_structure10,2025-04-22,2,0.0,0.0,0.0
train,base8_structure10,2025-04-23,2,0.0,0.0,0.0
train,base8_structure10,2025-04-24,2,0.0,-12.420000000000021,12.420000000000021
train,base8_structure10,2025-04-25,2,0.0,4.279795918367334,-4.279795918367334
train,base8_structure10,2025-04-28,2,0.0,2.8160380014074606,-2.8160380014074606
train,base8_structure10,2025-04-29,2,0.0,-7.285709459459479,7.285709459459479
train,base8_structure10,2025-04-30,2,0.0,0.0,0.0
train,base8_structure10,2025-05-06,2,0.0,0.0,0.0
train,base8_structure10,2025-05-07,2,0.0,0.0,0.0
train,base8_structure10,2025-05-08,2,0.0,0.0,0.0
train,base8_structure10,2025-05-09,2,0.0,2.183942477010401,-2.183942477010401
train,base8_structure10,2025-05-12,2,0.0,-1.3254288440177637,1.3254288440177637
train,base8_structure10,2025-05-13,2,0.0,-1.0616382252559804,1.0616382252559804
train,base8_structure10,2025-05-14,2,0.0,0.0,0.0
train,base8_structure10,2025-05-15,2,0.0,16.87826781233461,-16.87826781233461
train,base8_structure10,2025-05-16,2,23.526780258519373,22.498918918918918,1.027861339600456
train,base8_structure10,2025-05-19,2,0.0,-6.209999999999995,6.209999999999995
train,base8_structure10,2025-05-20,2,0.0,9.76506234413965,-9.76506234413965
train,base8_structure10,2025-05-21,2,0.0,4.4442553191489145,-4.4442553191489145
train,base8_structure10,2025-05-22,2,0.0,0.0,0.0
train,base8_structure10,2025-05-23,2,0.0,0.0,0.0
train,base8_structure10,2025-05-26,2,0.0,0.0,0.0
train,base8_structure10,2025-05-27,2,0.0,0.0,0.0
train,base8_structure10,2025-05-28,2,0.0,0.0,0.0
train,base8_structure10,2025-05-29,2,2.2519840695148554,-1.8187751371115177,4.070759206626374
train,base8_structure10,2025-05-30,2,0.0,3.7060839160839123,-3.7060839160839123
validation_2025h2,legacy_original4,2025-07-01,2,0.0,0.0,0.0
validation_2025h2,legacy_original4,2025-07-02,2,0.0,0.0,0.0
validation_2025h2,legacy_original4,2025-07-03,2,15.239648556098693,15.239648556098693,0.0
validation_2025h2,legacy_original4,2025-07-04,2,3.4582615629984206,3.4582615629984206,0.0
validation_2025h2,legacy_original4,2025-07-07,2,0.0,0.0,0.0
validation_2025h2,legacy_original4,2025-07-08,2,2.9140804559999216,2.9140804559999216,0.0
validation_2025h2,legacy_original4,2025-07-09,2,0.0,0.0,0.0
validation_2025h2,legacy_original4,2025-07-10,2,0.0,0.0,0.0
validation_2025h2,legacy_original4,2025-07-11,2,-5.925974264705893,-5.925974264705893,0.0
validation_2025h2,legacy_original4,2025-07-14,2,0.0,0.0,0.0
validation_2025h2,legacy_original4,2025-07-15,2,-9.32162946582902,-9.32162946582902,0.0
validation_2025h2,legacy_original4,2025-07-16,2,-1.4634802100320106,-1.4634802100320106,0.0
validation_2025h2,legacy_original4,2025-07-17,2,5.343470919324566,5.343470919324566,0.0
validation_2025h2,legacy_original4,2025-07-18,2,0.0,0.0,0.0
validation_2025h2,legacy_original4,2025-07-21,2,0.0,0.0,0.0
validation_2025h2,legacy_original4,2025-07-22,2,-10.03952861952865,-10.03952861952865,0.0
validation_2025h2,legacy_original4,2025-07-23,2,-2.802592592592602,-2.802592592592602,0.0
validation_2025h2,legacy_original4,2025-07-24,2,-6.4819195046439635,-6.4819195046439635,0.0
validation_2025h2,legacy_original4,2025-07-25,2,0.0,0.0,0.0
validation_2025h2,legacy_original4,2025-07-28,2,0.0,0.0,0.0
validation_2025h2,legacy_original4,2025-07-29,2,-7.614787171324134,-7.614787171324134,0.0
validation_2025h2,legacy_original4,2025-07-30,2,0.0,0.0,0.0
validation_2025h2,legacy_original4,2025-07-31,2,17.416624254449427,17.416624254449427,0.0
validation_2025h2,legacy_original4,2025-08-01,2,-3.5200359841669604,-3.5200359841669604,0.0
validation_2025h2,legacy_original4,2025-08-04,2,0.1983317835559144,0.1983317835559144,0.0
validation_2025h2,legacy_original4,2025-08-05,2,20.05590813729506,20.05590813729506,0.0
validation_2025h2,legacy_original4,2025-08-06,2,-0.21,-0.21,0.0
validation_2025h2,legacy_original4,2025-08-07,2,0.0,0.0,0.0
validation_2025h2,legacy_original4,2025-08-08,2,1.082596944770863,1.082596944770863,0.0
validation_2025h2,legacy_original4,2025-08-11,2,-1.1861691542288684,-1.1861691542288684,0.0
validation_2025h2,legacy_original4,2025-08-12,2,7.551324041811846,7.551324041811846,0.0
validation_2025h2,legacy_original4,2025-08-13,2,-6.210000000000016,-6.210000000000016,0.0
validation_2025h2,legacy_original4,2025-08-14,2,0.0,0.0,0.0
validation_2025h2,legacy_original4,2025-08-15,2,-8.382323390894832,-8.382323390894832,0.0
validation_2025h2,legacy_original4,2025-08-18,2,0.0,0.0,0.0
validation_2025h2,legacy_original4,2025-08-19,2,0.0,0.0,0.0
validation_2025h2,legacy_original4,2025-08-20,2,-3.752234332425065,-3.752234332425065,0.0
validation_2025h2,legacy_original4,2025-08-21,2,10.857254171604877,10.857254171604877,0.0
validation_2025h2,legacy_original4,2025-08-22,2,-12.658779174147218,-12.658779174147218,0.0
validation_2025h2,legacy_original4,2025-08-25,2,-12.42,-12.42,0.0
validation_2025h2,legacy_original4,2025-08-26,2,0.0,0.0,0.0
validation_2025h2,legacy_original4,2025-08-27,2,0.0,0.0,0.0
validation_2025h2,legacy_original4,2025-08-28,2,-11.09032967032967,-11.09032967032967,0.0
validation_2025h2,legacy_original4,2025-08-29,2,0.0,0.0,0.0
validation_2025h2,legacy_original4,2025-09-01,2,0.0,0.0,0.0
validation_2025h2,legacy_original4,2025-09-02,2,0.0,0.0,0.0
validation_2025h2,legacy_original4,2025-09-03,2,0.0,0.0,0.0
validation_2025h2,legacy_original4,2025-09-04,2,-4.219311950336258,-4.219311950336258,0.0
validation_2025h2,legacy_original4,2025-09-05,2,-5.716050058662504,-5.716050058662504,0.0
validation_2025h2,legacy_original4,2025-09-08,2,0.0,0.0,0.0
validation_2025h2,legacy_original4,2025-09-09,2,0.0,0.0,0.0
validation_2025h2,legacy_original4,2025-09-10,2,-3.095064984945441,-3.095064984945441,0.0
validation_2025h2,legacy_original4,2025-09-11,2,29.008669439669486,29.008669439669486,0.0
validation_2025h2,legacy_original4,2025-09-12,2,10.72025321646419,10.72025321646419,0.0
validation_2025h2,legacy_original4,2025-09-15,2,-1.4978787878787934,-1.4978787878787934,0.0
validation_2025h2,legacy_original4,2025-09-16,2,-12.42,-12.42,0.0
validation_2025h2,legacy_original4,2025-09-17,2,2.8864668519253502,2.8864668519253502,0.0
validation_2025h2,legacy_original4,2025-09-18,2,-6.209999999999995,-6.209999999999995,0.0
validation_2025h2,legacy_original4,2025-09-19,2,16.5787323943662,16.5787323943662,0.0
validation_2025h2,legacy_original4,2025-09-22,2,-5.191611501170169,-5.191611501170169,0.0
validation_2025h2,legacy_original4,2025-09-23,2,-3.9362542620555283,-3.9362542620555283,0.0
validation_2025h2,legacy_original4,2025-09-24,2,-8.501978261047107,-8.501978261047107,0.0
validation_2025h2,legacy_original4,2025-09-25,2,0.0,0.0,0.0
validation_2025h2,legacy_original4,2025-09-26,2,0.08959619643089575,0.08959619643089575,0.0
validation_2025h2,legacy_original4,2025-09-29,2,-13.82078655702539,-13.82078655702539,0.0
validation_2025h2,legacy_original4,2025-09-30,2,-7.142153392330386,-7.142153392330386,0.0
validation_2025h2,legacy_original4,2025-10-09,2,-24.605118398796378,-24.605118398796378,0.0
validation_2025h2,legacy_original4,2025-10-10,2,0.0,0.0,0.0
validation_2025h2,legacy_original4,2025-10-13,2,-15.003576933297904,-15.003576933297904,0.0
validation_2025h2,legacy_original4,2025-10-14,2,5.417147766323026,5.417147766323026,0.0
validation_2025h2,legacy_original4,2025-10-15,2,0.0,0.0,0.0
validation_2025h2,legacy_original4,2025-10-16,2,-6.210000000000005,-6.210000000000005,0.0
validation_2025h2,legacy_original4,2025-10-17,2,-5.5608284123645175,-5.5608284123645175,0.0
validation_2025h2,legacy_original4,2025-10-20,2,-2.5380752122927914,-2.5380752122927914,0.0
validation_2025h2,legacy_original4,2025-10-21,2,0.0,0.0,0.0
validation_2025h2,legacy_original4,2025-10-22,2,0.0,0.0,0.0
validation_2025h2,legacy_original4,2025-10-23,2,3.616086956521757,3.616086956521757,0.0
validation_2025h2,legacy_original4,2025-10-24,2,-3.191786527295095,-3.191786527295095,0.0
validation_2025h2,legacy_original4,2025-10-27,2,10.454610788662219,10.454610788662219,0.0
validation_2025h2,legacy_original4,2025-10-28,2,4.2542857142856985,4.2542857142856985,0.0
validation_2025h2,legacy_original4,2025-10-29,2,0.0,0.0,0.0
validation_2025h2,legacy_original4,2025-10-30,2,0.0,0.0,0.0
validation_2025h2,legacy_original4,2025-10-31,2,2.59635506401039,2.59635506401039,0.0
validation_2025h2,legacy_original4,2025-11-03,2,5.58150579150578,5.58150579150578,0.0
validation_2025h2,legacy_original4,2025-11-04,2,0.0,0.0,0.0
validation_2025h2,legacy_original4,2025-11-05,2,11.803396668489972,11.803396668489972,0.0
validation_2025h2,legacy_original4,2025-11-06,2,-9.732191684284722,-9.732191684284722,0.0
validation_2025h2,legacy_original4,2025-11-07,2,0.0,0.0,0.0
validation_2025h2,legacy_original4,2025-11-10,2,-2.2115831663326775,-2.2115831663326775,0.0
validation_2025h2,legacy_original4,2025-11-11,2,3.3374366819649763,3.3374366819649763,0.0
validation_2025h2,legacy_original4,2025-11-12,2,0.5272662145573959,0.5272662145573959,0.0
validation_2025h2,legacy_original4,2025-11-13,2,3.503150755729954,3.503150755729954,0.0
validation_2025h2,legacy_original4,2025-11-14,2,0.0,0.0,0.0
validation_2025h2,legacy_original4,2025-11-17,2,0.0,0.0,0.0
validation_2025h2,legacy_original4,2025-11-18,2,0.0,0.0,0.0
validation_2025h2,legacy_original4,2025-11-19,2,0.0,0.0,0.0
validation_2025h2,legacy_original4,2025-11-20,2,0.0,0.0,0.0
validation_2025h2,legacy_original4,2025-11-21,2,0.0,0.0,0.0
validation_2025h2,legacy_original4,2025-11-24,2,3.0631376975169147,3.0631376975169147,0.0
validation_2025h2,legacy_original4,2025-11-25,2,0.0,0.0,0.0
validation_2025h2,legacy_original4,2025-11-26,2,0.0,0.0,0.0
validation_2025h2,legacy_original4,2025-11-27,2,-0.14694829760404463,-0.14694829760404463,0.0
validation_2025h2,legacy_original4,2025-11-28,2,-4.87888994759408,-4.87888994759408,0.0
validation_2025h2,legacy_original4,2025-12-01,2,-5.21984467293809,-5.21984467293809,0.0
validation_2025h2,legacy_original4,2025-12-02,2,0.0,0.0,0.0
validation_2025h2,legacy_original4,2025-12-03,2,2.853282205244299,2.853282205244299,0.0
validation_2025h2,baseline_flat4,2025-07-01,2,0.0,0.0,0.0
validation_2025h2,baseline_flat4,2025-07-02,2,0.0,0.0,0.0
validation_2025h2,baseline_flat4,2025-07-03,2,15.239648556098693,15.239648556098693,0.0
validation_2025h2,baseline_flat4,2025-07-04,2,3.4582615629984206,3.4582615629984206,0.0
validation_2025h2,baseline_flat4,2025-07-07,2,0.0,0.0,0.0
validation_2025h2,baseline_flat4,2025-07-08,2,2.9140804559999216,2.9140804559999216,0.0
validation_2025h2,baseline_flat4,2025-07-09,2,0.0,0.0,0.0
validation_2025h2,baseline_flat4,2025-07-10,2,0.0,0.0,0.0
validation_2025h2,baseline_flat4,2025-07-11,2,-5.925974264705893,-5.925974264705893,0.0
validation_2025h2,baseline_flat4,2025-07-14,2,0.0,0.0,0.0
validation_2025h2,baseline_flat4,2025-07-15,2,-9.32162946582902,-9.32162946582902,0.0
validation_2025h2,baseline_flat4,2025-07-16,2,-1.4634802100320106,-1.4634802100320106,0.0
validation_2025h2,baseline_flat4,2025-07-17,2,5.343470919324566,5.343470919324566,0.0
validation_2025h2,baseline_flat4,2025-07-18,2,0.0,0.0,0.0
validation_2025h2,baseline_flat4,2025-07-21,2,0.0,0.0,0.0
validation_2025h2,baseline_flat4,2025-07-22,2,-10.03952861952865,-10.03952861952865,0.0
validation_2025h2,baseline_flat4,2025-07-23,2,-2.802592592592602,-2.802592592592602,0.0
validation_2025h2,baseline_flat4,2025-07-24,2,-6.4819195046439635,-6.4819195046439635,0.0
validation_2025h2,baseline_flat4,2025-07-25,2,0.0,0.0,0.0
validation_2025h2,baseline_flat4,2025-07-28,2,0.0,0.0,0.0
validation_2025h2,baseline_flat4,2025-07-29,2,-7.614787171324134,-7.614787171324134,0.0
validation_2025h2,baseline_flat4,2025-07-30,2,0.0,0.0,0.0
validation_2025h2,baseline_flat4,2025-07-31,2,17.416624254449427,17.416624254449427,0.0
validation_2025h2,baseline_flat4,2025-08-01,2,-3.5200359841669604,-3.5200359841669604,0.0
validation_2025h2,baseline_flat4,2025-08-04,2,0.1983317835559144,0.1983317835559144,0.0
validation_2025h2,baseline_flat4,2025-08-05,2,20.05590813729506,20.05590813729506,0.0
validation_2025h2,baseline_flat4,2025-08-06,2,-0.21,-0.21,0.0
validation_2025h2,baseline_flat4,2025-08-07,2,0.0,0.0,0.0
validation_2025h2,baseline_flat4,2025-08-08,2,1.082596944770863,1.082596944770863,0.0
validation_2025h2,baseline_flat4,2025-08-11,2,-1.1861691542288684,-1.1861691542288684,0.0
validation_2025h2,baseline_flat4,2025-08-12,2,7.551324041811846,7.551324041811846,0.0
validation_2025h2,baseline_flat4,2025-08-13,2,-6.210000000000016,-6.210000000000016,0.0
validation_2025h2,baseline_flat4,2025-08-14,2,0.0,0.0,0.0
validation_2025h2,baseline_flat4,2025-08-15,2,-8.382323390894832,-8.382323390894832,0.0
validation_2025h2,baseline_flat4,2025-08-18,2,0.0,0.0,0.0
validation_2025h2,baseline_flat4,2025-08-19,2,0.0,0.0,0.0
validation_2025h2,baseline_flat4,2025-08-20,2,-3.752234332425065,-3.752234332425065,0.0
validation_2025h2,baseline_flat4,2025-08-21,2,10.857254171604877,10.857254171604877,0.0
validation_2025h2,baseline_flat4,2025-08-22,2,-12.658779174147218,-12.658779174147218,0.0
validation_2025h2,baseline_flat4,2025-08-25,2,-12.42,-12.42,0.0
validation_2025h2,baseline_flat4,2025-08-26,2,0.0,0.0,0.0
validation_2025h2,baseline_flat4,2025-08-27,2,0.0,0.0,0.0
validation_2025h2,baseline_flat4,2025-08-28,2,-11.09032967032967,-11.09032967032967,0.0
validation_2025h2,baseline_flat4,2025-08-29,2,0.0,0.0,0.0
validation_2025h2,baseline_flat4,2025-09-01,2,0.0,0.0,0.0
validation_2025h2,baseline_flat4,2025-09-02,2,0.0,0.0,0.0
validation_2025h2,baseline_flat4,2025-09-03,2,0.0,0.0,0.0
validation_2025h2,baseline_flat4,2025-09-04,2,-4.219311950336258,-4.219311950336258,0.0
validation_2025h2,baseline_flat4,2025-09-05,2,-5.716050058662504,-5.716050058662504,0.0
validation_2025h2,baseline_flat4,2025-09-08,2,0.0,0.0,0.0
validation_2025h2,baseline_flat4,2025-09-09,2,0.0,0.0,0.0
validation_2025h2,baseline_flat4,2025-09-10,2,-3.095064984945441,-3.095064984945441,0.0
validation_2025h2,baseline_flat4,2025-09-11,2,29.008669439669486,29.008669439669486,0.0
validation_2025h2,baseline_flat4,2025-09-12,2,10.72025321646419,10.72025321646419,0.0
validation_2025h2,baseline_flat4,2025-09-15,2,-1.4978787878787934,-1.4978787878787934,0.0
validation_2025h2,baseline_flat4,2025-09-16,2,-12.42,-12.42,0.0
validation_2025h2,baseline_flat4,2025-09-17,2,2.8864668519253502,2.8864668519253502,0.0
validation_2025h2,baseline_flat4,2025-09-18,2,-6.209999999999995,-6.209999999999995,0.0
validation_2025h2,baseline_flat4,2025-09-19,2,16.5787323943662,16.5787323943662,0.0
validation_2025h2,baseline_flat4,2025-09-22,2,-5.191611501170169,-5.191611501170169,0.0
validation_2025h2,baseline_flat4,2025-09-23,2,-3.9362542620555283,-3.9362542620555283,0.0
validation_2025h2,baseline_flat4,2025-09-24,2,-8.501978261047107,-8.501978261047107,0.0
validation_2025h2,baseline_flat4,2025-09-25,2,0.0,0.0,0.0
validation_2025h2,baseline_flat4,2025-09-26,2,0.08959619643089575,0.08959619643089575,0.0
validation_2025h2,baseline_flat4,2025-09-29,2,-13.82078655702539,-13.82078655702539,0.0
validation_2025h2,baseline_flat4,2025-09-30,2,-7.142153392330386,-7.142153392330386,0.0
validation_2025h2,baseline_flat4,2025-10-09,2,-24.605118398796378,-24.605118398796378,0.0
validation_2025h2,baseline_flat4,2025-10-10,2,0.0,0.0,0.0
validation_2025h2,baseline_flat4,2025-10-13,2,-15.003576933297904,-15.003576933297904,0.0
validation_2025h2,baseline_flat4,2025-10-14,2,5.417147766323026,5.417147766323026,0.0
validation_2025h2,baseline_flat4,2025-10-15,2,0.0,0.0,0.0
validation_2025h2,baseline_flat4,2025-10-16,2,-6.210000000000005,-6.210000000000005,0.0
validation_2025h2,baseline_flat4,2025-10-17,2,-5.5608284123645175,-5.5608284123645175,0.0
validation_2025h2,baseline_flat4,2025-10-20,2,-2.5380752122927914,-2.5380752122927914,0.0
validation_2025h2,baseline_flat4,2025-10-21,2,0.0,0.0,0.0
validation_2025h2,baseline_flat4,2025-10-22,2,0.0,0.0,0.0
validation_2025h2,baseline_flat4,2025-10-23,2,3.616086956521757,3.616086956521757,0.0
validation_2025h2,baseline_flat4,2025-10-24,2,-3.191786527295095,-3.191786527295095,0.0
validation_2025h2,baseline_flat4,2025-10-27,2,10.454610788662219,10.454610788662219,0.0
validation_2025h2,baseline_flat4,2025-10-28,2,4.2542857142856985,4.2542857142856985,0.0
validation_2025h2,baseline_flat4,2025-10-29,2,0.0,0.0,0.0
validation_2025h2,baseline_flat4,2025-10-30,2,0.0,0.0,0.0
validation_2025h2,baseline_flat4,2025-10-31,2,2.59635506401039,2.59635506401039,0.0
validation_2025h2,baseline_flat4,2025-11-03,2,5.58150579150578,5.58150579150578,0.0
validation_2025h2,baseline_flat4,2025-11-04,2,0.0,0.0,0.0
validation_2025h2,baseline_flat4,2025-11-05,2,11.803396668489972,11.803396668489972,0.0
validation_2025h2,baseline_flat4,2025-11-06,2,-9.732191684284722,-9.732191684284722,0.0
validation_2025h2,baseline_flat4,2025-11-07,2,0.0,0.0,0.0
validation_2025h2,baseline_flat4,2025-11-10,2,-2.2115831663326775,-2.2115831663326775,0.0
validation_2025h2,baseline_flat4,2025-11-11,2,3.3374366819649763,3.3374366819649763,0.0
validation_2025h2,baseline_flat4,2025-11-12,2,0.5272662145573959,0.5272662145573959,0.0
validation_2025h2,baseline_flat4,2025-11-13,2,3.503150755729954,3.503150755729954,0.0
validation_2025h2,baseline_flat4,2025-11-14,2,0.0,0.0,0.0
validation_2025h2,baseline_flat4,2025-11-17,2,0.0,0.0,0.0
validation_2025h2,baseline_flat4,2025-11-18,2,0.0,0.0,0.0
validation_2025h2,baseline_flat4,2025-11-19,2,0.0,0.0,0.0
validation_2025h2,baseline_flat4,2025-11-20,2,0.0,0.0,0.0
validation_2025h2,baseline_flat4,2025-11-21,2,0.0,0.0,0.0
validation_2025h2,baseline_flat4,2025-11-24,2,3.0631376975169147,3.0631376975169147,0.0
validation_2025h2,baseline_flat4,2025-11-25,2,0.0,0.0,0.0
validation_2025h2,baseline_flat4,2025-11-26,2,0.0,0.0,0.0
validation_2025h2,baseline_flat4,2025-11-27,2,-0.14694829760404463,-0.14694829760404463,0.0
validation_2025h2,baseline_flat4,2025-11-28,2,-4.87888994759408,-4.87888994759408,0.0
validation_2025h2,baseline_flat4,2025-12-01,2,-5.21984467293809,-5.21984467293809,0.0
validation_2025h2,baseline_flat4,2025-12-02,2,0.0,0.0,0.0
validation_2025h2,baseline_flat4,2025-12-03,2,2.853282205244299,2.853282205244299,0.0
observed_2026,legacy_original4,2026-01-05,2,2.8658440850445084,2.8658440850445084,0.0
observed_2026,legacy_original4,2026-01-06,2,8.656408806902725,8.656408806902725,0.0
observed_2026,legacy_original4,2026-01-07,2,0.0,0.0,0.0
observed_2026,legacy_original4,2026-01-08,2,1.7901705101582825,1.7901705101582825,0.0
observed_2026,legacy_original4,2026-01-09,2,-3.488062827225126,-3.488062827225126,0.0
observed_2026,legacy_original4,2026-01-12,2,-2.168843366053977,-2.168843366053977,0.0
observed_2026,legacy_original4,2026-01-13,2,2.7412195121951246,2.7412195121951246,0.0
observed_2026,legacy_original4,2026-01-14,2,11.082256053704164,11.082256053704164,0.0
observed_2026,legacy_original4,2026-01-15,2,-9.30990825688073,-9.30990825688073,0.0
observed_2026,legacy_original4,2026-01-16,2,-8.978922558922555,-8.978922558922555,0.0
observed_2026,legacy_original4,2026-01-19,2,0.021347270615577507,0.021347270615577507,0.0
observed_2026,legacy_original4,2026-01-20,2,0.0,0.0,0.0
observed_2026,legacy_original4,2026-01-21,2,5.630107939553828,5.630107939553828,0.0
observed_2026,legacy_original4,2026-01-22,2,-3.612646502835527,-3.612646502835527,0.0
observed_2026,legacy_original4,2026-01-23,2,-8.37127784880111,-8.37127784880111,0.0
observed_2026,legacy_original4,2026-01-26,2,-8.22967238689545,-8.22967238689545,0.0
observed_2026,legacy_original4,2026-01-27,2,-3.3726488513830217,-3.3726488513830217,0.0
observed_2026,legacy_original4,2026-01-28,2,13.655546218487412,13.655546218487412,0.0
observed_2026,legacy_original4,2026-01-29,2,-5.213242156074018,-5.213242156074018,0.0
observed_2026,legacy_original4,2026-01-30,2,-5.761238471673271,-5.761238471673271,0.0
observed_2026,legacy_original4,2026-02-02,2,10.948992968927193,10.948992968927193,0.0
observed_2026,legacy_original4,2026-02-03,2,13.562917788095394,13.562917788095394,0.0
observed_2026,legacy_original4,2026-02-04,2,0.0,0.0,0.0
observed_2026,legacy_original4,2026-02-05,2,0.0,0.0,0.0
observed_2026,legacy_original4,2026-02-06,2,-12.42000000000001,-12.42000000000001,0.0
observed_2026,legacy_original4,2026-02-09,2,-12.42000000000001,-12.42000000000001,0.0
observed_2026,legacy_original4,2026-02-10,2,1.4750490196078427,1.4750490196078427,0.0
observed_2026,legacy_original4,2026-02-11,2,0.0,0.0,0.0
observed_2026,legacy_original4,2026-02-12,2,2.658404401650613,2.658404401650613,0.0
observed_2026,legacy_original4,2026-02-13,2,1.4919082001031416,1.4919082001031416,0.0
observed_2026,legacy_original4,2026-02-24,2,30.825985870263303,30.825985870263303,0.0
observed_2026,legacy_original4,2026-02-25,2,0.0,0.0,0.0
observed_2026,legacy_original4,2026-02-26,2,-6.210000000000005,-6.210000000000005,0.0
observed_2026,legacy_original4,2026-02-27,2,0.0,0.0,0.0
observed_2026,legacy_original4,2026-03-02,2,-1.690769230769241,-1.690769230769241,0.0
observed_2026,legacy_original4,2026-03-03,2,0.0,0.0,0.0
observed_2026,legacy_original4,2026-03-04,2,0.0,0.0,0.0
observed_2026,legacy_original4,2026-03-05,2,0.0,0.0,0.0
observed_2026,legacy_original4,2026-03-06,2,0.0,0.0,0.0
observed_2026,legacy_original4,2026-03-09,2,0.0,0.0,0.0
observed_2026,legacy_original4,2026-03-10,2,-12.42000000000001,-12.42000000000001,0.0
observed_2026,legacy_original4,2026-03-11,2,0.0,0.0,0.0
observed_2026,legacy_original4,2026-03-12,2,0.0,0.0,0.0
observed_2026,legacy_original4,2026-03-13,2,-12.41999999999999,-12.41999999999999,0.0
observed_2026,legacy_original4,2026-03-16,2,-1.8826561305123741,-1.8826561305123741,0.0
observed_2026,legacy_original4,2026-03-17,2,0.0,0.0,0.0
observed_2026,legacy_original4,2026-03-18,2,4.772206405693934,4.772206405693934,0.0
observed_2026,legacy_original4,2026-03-19,2,0.0,0.0,0.0
observed_2026,legacy_original4,2026-03-20,2,0.0,0.0,0.0
observed_2026,legacy_original4,2026-03-23,2,0.0,0.0,0.0
observed_2026,legacy_original4,2026-03-24,2,2.6353181583031784,2.6353181583031784,0.0
observed_2026,legacy_original4,2026-03-25,2,0.0,0.0,0.0
observed_2026,legacy_original4,2026-03-26,2,11.659784123042957,11.659784123042957,0.0
observed_2026,legacy_original4,2026-03-27,2,0.0,0.0,0.0
observed_2026,legacy_original4,2026-03-30,2,-8.5015752461322,-8.5015752461322,0.0
observed_2026,legacy_original4,2026-03-31,2,-2.7267229617855557,-2.7267229617855557,0.0
observed_2026,legacy_original4,2026-04-01,2,-12.663985281630332,-12.663985281630332,0.0
observed_2026,legacy_original4,2026-04-02,2,0.0,0.0,0.0
observed_2026,legacy_original4,2026-04-03,2,0.0,0.0,0.0
observed_2026,legacy_original4,2026-04-07,2,-4.0895105399103695,-4.0895105399103695,0.0
observed_2026,legacy_original4,2026-04-08,2,2.586556284031558,2.586556284031558,0.0
observed_2026,legacy_original4,2026-04-09,2,0.0,0.0,0.0
observed_2026,legacy_original4,2026-04-10,2,0.0,0.0,0.0
observed_2026,legacy_original4,2026-04-13,2,-5.567888095209129,-5.567888095209129,0.0
observed_2026,legacy_original4,2026-04-14,2,-8.310189018901895,-8.310189018901895,0.0
observed_2026,legacy_original4,2026-04-15,2,-1.062272727272707,-1.062272727272707,0.0
observed_2026,legacy_original4,2026-04-16,2,15.390904013079538,15.390904013079538,0.0
observed_2026,legacy_original4,2026-04-17,2,22.241052052965824,22.241052052965824,0.0
observed_2026,legacy_original4,2026-04-20,2,-6.210000000000005,-6.210000000000005,0.0
observed_2026,legacy_original4,2026-04-21,2,-12.420000000000021,-12.420000000000021,0.0
observed_2026,legacy_original4,2026-04-22,2,-5.651689896142999,-5.651689896142999,0.0
observed_2026,legacy_original4,2026-04-23,2,0.0,0.0,0.0
observed_2026,legacy_original4,2026-04-24,2,-0.35887282007655097,-0.35887282007655097,0.0
observed_2026,legacy_original4,2026-04-27,2,2.4548926424277058,2.4548926424277058,0.0
observed_2026,legacy_original4,2026-04-28,2,-1.0385862247540132,-1.0385862247540132,0.0
observed_2026,legacy_original4,2026-04-29,2,23.15404099811453,23.15404099811453,0.0
observed_2026,legacy_original4,2026-04-30,2,5.21653222067686,5.21653222067686,0.0
observed_2026,legacy_original4,2026-05-06,2,-10.931430305482506,-10.931430305482506,0.0
observed_2026,legacy_original4,2026-05-07,2,16.050347180528156,16.050347180528156,0.0
observed_2026,legacy_original4,2026-05-08,2,0.0,0.0,0.0
observed_2026,legacy_original4,2026-05-11,2,-12.42000000000001,-12.42000000000001,0.0
observed_2026,legacy_original4,2026-05-12,2,1.3689473684210576,1.3689473684210576,0.0
observed_2026,legacy_original4,2026-05-13,2,-12.420000000000021,-12.420000000000021,0.0
observed_2026,legacy_original4,2026-05-14,2,15.876793437733003,15.876793437733003,0.0
observed_2026,legacy_original4,2026-05-15,2,-8.806400784570124,-8.806400784570124,0.0
observed_2026,legacy_original4,2026-05-18,2,8.245063207606638,8.245063207606638,0.0
observed_2026,legacy_original4,2026-05-19,2,-12.420000000000021,-12.420000000000021,0.0
observed_2026,legacy_original4,2026-05-20,2,-6.210000000000005,-6.210000000000005,0.0
observed_2026,legacy_original4,2026-05-21,2,0.0,0.0,0.0
observed_2026,legacy_original4,2026-05-22,2,18.78416776576099,18.78416776576099,0.0
observed_2026,legacy_original4,2026-05-25,2,0.0,0.0,0.0
observed_2026,legacy_original4,2026-05-26,2,0.0,0.0,0.0
observed_2026,legacy_original4,2026-05-27,2,-6.209999999999995,-6.209999999999995,0.0
observed_2026,legacy_original4,2026-05-28,2,-16.969872122762165,-16.969872122762165,0.0
observed_2026,legacy_original4,2026-05-29,2,0.0,0.0,0.0
observed_2026,legacy_original4,2026-06-01,2,0.0,0.0,0.0
observed_2026,legacy_original4,2026-06-02,2,-6.9799368904188155,-6.9799368904188155,0.0
observed_2026,legacy_original4,2026-06-03,2,4.9927027027026885,4.9927027027026885,0.0
observed_2026,legacy_original4,2026-06-04,2,-6.209999999999995,-6.209999999999995,0.0
observed_2026,legacy_original4,2026-06-05,2,-6.210000000000005,-6.210000000000005,0.0
observed_2026,legacy_original4,2026-06-08,2,1.8034228187919323,1.8034228187919323,0.0
observed_2026,legacy_original4,2026-06-09,2,33.147141861273425,33.147141861273425,0.0
observed_2026,legacy_original4,2026-06-10,2,-6.210000000000005,-6.210000000000005,0.0
observed_2026,legacy_original4,2026-06-11,2,0.0,0.0,0.0
observed_2026,legacy_original4,2026-06-12,2,-6.358507465101527,-6.358507465101527,0.0
observed_2026,legacy_original4,2026-06-15,2,37.70640637369715,37.70640637369715,0.0
observed_2026,legacy_original4,2026-06-16,2,0.0,0.0,0.0
observed_2026,legacy_original4,2026-06-17,2,0.0,0.0,0.0
observed_2026,legacy_original4,2026-06-18,2,6.164121272975763,6.164121272975763,0.0
observed_2026,legacy_original4,2026-06-22,2,-7.608191580580627,-7.608191580580627,0.0
observed_2026,legacy_original4,2026-06-23,2,-12.42000000000001,-12.42000000000001,0.0
observed_2026,legacy_original4,2026-06-24,2,-12.420000000000021,-12.420000000000021,0.0
observed_2026,legacy_original4,2026-06-25,2,14.58242241031844,14.58242241031844,0.0
observed_2026,legacy_original4,2026-06-26,2,-8.597596899224804,-8.597596899224804,0.0
observed_2026,legacy_original4,2026-06-29,2,17.801536903554126,17.801536903554126,0.0
observed_2026,legacy_original4,2026-06-30,2,-7.675495608531992,-7.675495608531992,0.0
observed_2026,legacy_original4,2026-07-01,2,-6.210000000000005,-6.210000000000005,0.0
observed_2026,legacy_original4,2026-07-02,2,0.0,0.0,0.0
observed_2026,legacy_original4,2026-07-03,2,0.0,0.0,0.0
observed_2026,legacy_original4,2026-07-06,2,-6.210000000000005,-6.210000000000005,0.0
observed_2026,legacy_original4,2026-07-07,2,-6.209999999999995,-6.209999999999995,0.0
observed_2026,legacy_original4,2026-07-08,2,0.0,0.0,0.0
observed_2026,legacy_original4,2026-07-09,2,0.0,0.0,0.0
observed_2026,legacy_original4,2026-07-10,2,-22.43858544140423,-22.43858544140423,0.0
observed_2026,legacy_original4,2026-07-13,2,-6.210000000000005,-6.210000000000005,0.0
observed_2026,legacy_original4,2026-07-14,2,0.0,0.0,0.0
observed_2026,legacy_original4,2026-07-15,2,-12.42000000000001,-12.42000000000001,0.0
observed_2026,legacy_original4,2026-07-16,2,0.0,0.0,0.0
observed_2026,legacy_original4,2026-07-17,2,0.0,0.0,0.0
observed_2026,legacy_original4,2026-07-20,2,0.0,0.0,0.0
observed_2026,legacy_original4,2026-07-21,2,0.0,0.0,0.0
observed_2026,legacy_original4,2026-07-22,2,0.0,0.0,0.0
observed_2026,legacy_original4,2026-07-23,2,0.0,0.0,0.0
observed_2026,legacy_original4,2026-07-24,2,0.0,0.0,0.0
observed_2026,legacy_original4,2026-07-27,2,-6.210000000000016,-6.210000000000016,0.0
observed_2026,legacy_original4,2026-07-28,2,0.0,0.0,0.0
observed_2026,legacy_original4,2026-07-29,2,0.0,0.0,0.0
observed_2026,legacy_original4,2026-07-30,2,0.0,0.0,0.0
observed_2026,legacy_original4,2026-07-31,2,6.04781327797199,6.04781327797199,0.0
observed_2026,legacy_original4,2026-08-03,2,0.0,0.0,0.0
observed_2026,legacy_original4,2026-08-04,2,0.0,0.0,0.0
observed_2026,legacy_original4,2026-08-05,2,0.0,0.0,0.0
observed_2026,legacy_original4,2026-08-06,2,0.0,0.0,0.0
observed_2026,legacy_original4,2026-08-07,2,-1.484944134078205,-1.484944134078205,0.0
observed_2026,legacy_original4,2026-08-10,2,-4.629582119917177,-4.629582119917177,0.0
observed_2026,legacy_original4,2026-08-11,2,-0.2285185185185177,-0.2285185185185177,0.0
observed_2026,legacy_original4,2026-08-12,2,-4.73083202511775,-4.73083202511775,0.0
observed_2026,legacy_original4,2026-08-13,2,0.0,0.0,0.0
observed_2026,legacy_original4,2026-08-14,2,8.365803981623275,8.365803981623275,0.0
observed_2026,legacy_original4,2026-08-17,2,-12.42000000000001,-12.42000000000001,0.0
observed_2026,legacy_original4,2026-08-18,2,0.0,0.0,0.0
observed_2026,legacy_original4,2026-08-19,2,-7.837118644067776,-7.837118644067776,0.0
observed_2026,legacy_original4,2026-08-20,2,4.960360151714325,4.960360151714325,0.0
observed_2026,legacy_original4,2026-08-21,2,0.0,0.0,0.0
observed_2026,legacy_original4,2026-08-24,2,0.0,0.0,0.0
observed_2026,legacy_original4,2026-08-25,2,-3.169641255605383,-3.169641255605383,0.0
observed_2026,legacy_original4,2026-08-26,2,4.002983548243665,4.002983548243665,0.0
observed_2026,legacy_original4,2026-08-27,2,-12.907997686300977,-12.907997686300977,0.0
observed_2026,legacy_original4,2026-08-28,2,-3.1392107404393808,-3.1392107404393808,0.0
observed_2026,legacy_original4,2026-08-31,2,-5.695362318840582,-5.695362318840582,0.0
observed_2026,legacy_original4,2026-09-01,2,2.5982409733271687,2.5982409733271687,0.0
observed_2026,baseline_flat4,2026-01-05,2,2.8658440850445084,2.8658440850445084,0.0
observed_2026,baseline_flat4,2026-01-06,2,8.656408806902725,8.656408806902725,0.0
observed_2026,baseline_flat4,2026-01-07,2,0.0,0.0,0.0
observed_2026,baseline_flat4,2026-01-08,2,1.7901705101582825,1.7901705101582825,0.0
observed_2026,baseline_flat4,2026-01-09,2,-3.488062827225126,-3.488062827225126,0.0
observed_2026,baseline_flat4,2026-01-12,2,-2.168843366053977,-2.168843366053977,0.0
observed_2026,baseline_flat4,2026-01-13,2,2.7412195121951246,2.7412195121951246,0.0
observed_2026,baseline_flat4,2026-01-14,2,11.082256053704164,11.082256053704164,0.0
observed_2026,baseline_flat4,2026-01-15,2,-9.30990825688073,-9.30990825688073,0.0
observed_2026,baseline_flat4,2026-01-16,2,-8.978922558922555,-8.978922558922555,0.0
observed_2026,baseline_flat4,2026-01-19,2,0.021347270615577507,0.021347270615577507,0.0
observed_2026,baseline_flat4,2026-01-20,2,0.0,0.0,0.0
observed_2026,baseline_flat4,2026-01-21,2,5.630107939553828,5.630107939553828,0.0
observed_2026,baseline_flat4,2026-01-22,2,-3.612646502835527,-3.612646502835527,0.0
observed_2026,baseline_flat4,2026-01-23,2,-8.37127784880111,-8.37127784880111,0.0
observed_2026,baseline_flat4,2026-01-26,2,-8.22967238689545,-8.22967238689545,0.0
observed_2026,baseline_flat4,2026-01-27,2,-3.3726488513830217,-3.3726488513830217,0.0
observed_2026,baseline_flat4,2026-01-28,2,13.655546218487412,13.655546218487412,0.0
observed_2026,baseline_flat4,2026-01-29,2,-5.213242156074018,-5.213242156074018,0.0
observed_2026,baseline_flat4,2026-01-30,2,-5.761238471673271,-5.761238471673271,0.0
observed_2026,baseline_flat4,2026-02-02,2,10.948992968927193,10.948992968927193,0.0
observed_2026,baseline_flat4,2026-02-03,2,13.562917788095394,13.562917788095394,0.0
observed_2026,baseline_flat4,2026-02-04,2,0.0,0.0,0.0
observed_2026,baseline_flat4,2026-02-05,2,0.0,0.0,0.0
observed_2026,baseline_flat4,2026-02-06,2,-12.42000000000001,-12.42000000000001,0.0
observed_2026,baseline_flat4,2026-02-09,2,-12.42000000000001,-12.42000000000001,0.0
observed_2026,baseline_flat4,2026-02-10,2,1.4750490196078427,1.4750490196078427,0.0
observed_2026,baseline_flat4,2026-02-11,2,0.0,0.0,0.0
observed_2026,baseline_flat4,2026-02-12,2,2.658404401650613,2.658404401650613,0.0
observed_2026,baseline_flat4,2026-02-13,2,1.4919082001031416,1.4919082001031416,0.0
observed_2026,baseline_flat4,2026-02-24,2,30.825985870263303,30.825985870263303,0.0
observed_2026,baseline_flat4,2026-02-25,2,0.0,0.0,0.0
observed_2026,baseline_flat4,2026-02-26,2,-6.210000000000005,-6.210000000000005,0.0
observed_2026,baseline_flat4,2026-02-27,2,0.0,0.0,0.0
observed_2026,baseline_flat4,2026-03-02,2,-1.690769230769241,-1.690769230769241,0.0
observed_2026,baseline_flat4,2026-03-03,2,0.0,0.0,0.0
observed_2026,baseline_flat4,2026-03-04,2,0.0,0.0,0.0
observed_2026,baseline_flat4,2026-03-05,2,0.0,0.0,0.0
observed_2026,baseline_flat4,2026-03-06,2,0.0,0.0,0.0
observed_2026,baseline_flat4,2026-03-09,2,0.0,0.0,0.0
observed_2026,baseline_flat4,2026-03-10,2,-12.42000000000001,-12.42000000000001,0.0
observed_2026,baseline_flat4,2026-03-11,2,0.0,0.0,0.0
observed_2026,baseline_flat4,2026-03-12,2,0.0,0.0,0.0
observed_2026,baseline_flat4,2026-03-13,2,-12.41999999999999,-12.41999999999999,0.0
observed_2026,baseline_flat4,2026-03-16,2,-1.8826561305123741,-1.8826561305123741,0.0
observed_2026,baseline_flat4,2026-03-17,2,0.0,0.0,0.0
observed_2026,baseline_flat4,2026-03-18,2,4.772206405693934,4.772206405693934,0.0
observed_2026,baseline_flat4,2026-03-19,2,0.0,0.0,0.0
observed_2026,baseline_flat4,2026-03-20,2,0.0,0.0,0.0
observed_2026,baseline_flat4,2026-03-23,2,0.0,0.0,0.0
observed_2026,baseline_flat4,2026-03-24,2,2.6353181583031784,2.6353181583031784,0.0
observed_2026,baseline_flat4,2026-03-25,2,0.0,0.0,0.0
observed_2026,baseline_flat4,2026-03-26,2,11.659784123042957,11.659784123042957,0.0
observed_2026,baseline_flat4,2026-03-27,2,0.0,0.0,0.0
observed_2026,baseline_flat4,2026-03-30,2,-8.5015752461322,-8.5015752461322,0.0
observed_2026,baseline_flat4,2026-03-31,2,-2.7267229617855557,-2.7267229617855557,0.0
observed_2026,baseline_flat4,2026-04-01,2,-12.663985281630332,-12.663985281630332,0.0
observed_2026,baseline_flat4,2026-04-02,2,0.0,0.0,0.0
observed_2026,baseline_flat4,2026-04-03,2,0.0,0.0,0.0
observed_2026,baseline_flat4,2026-04-07,2,-4.0895105399103695,-4.0895105399103695,0.0
observed_2026,baseline_flat4,2026-04-08,2,2.586556284031558,2.586556284031558,0.0
observed_2026,baseline_flat4,2026-04-09,2,0.0,0.0,0.0
observed_2026,baseline_flat4,2026-04-10,2,0.0,0.0,0.0
observed_2026,baseline_flat4,2026-04-13,2,-5.567888095209129,-5.567888095209129,0.0
observed_2026,baseline_flat4,2026-04-14,2,-8.310189018901895,-8.310189018901895,0.0
observed_2026,baseline_flat4,2026-04-15,2,-1.062272727272707,-1.062272727272707,0.0
observed_2026,baseline_flat4,2026-04-16,2,15.390904013079538,15.390904013079538,0.0
observed_2026,baseline_flat4,2026-04-17,2,22.241052052965824,22.241052052965824,0.0
observed_2026,baseline_flat4,2026-04-20,2,-6.210000000000005,-6.210000000000005,0.0
observed_2026,baseline_flat4,2026-04-21,2,-12.420000000000021,-12.420000000000021,0.0
observed_2026,baseline_flat4,2026-04-22,2,-5.651689896142999,-5.651689896142999,0.0
observed_2026,baseline_flat4,2026-04-23,2,0.0,0.0,0.0
observed_2026,baseline_flat4,2026-04-24,2,-0.35887282007655097,-0.35887282007655097,0.0
observed_2026,baseline_flat4,2026-04-27,2,2.4548926424277058,2.4548926424277058,0.0
observed_2026,baseline_flat4,2026-04-28,2,-1.0385862247540132,-1.0385862247540132,0.0
observed_2026,baseline_flat4,2026-04-29,2,23.15404099811453,23.15404099811453,0.0
observed_2026,baseline_flat4,2026-04-30,2,5.21653222067686,5.21653222067686,0.0
observed_2026,baseline_flat4,2026-05-06,2,-10.931430305482506,-10.931430305482506,0.0
observed_2026,baseline_flat4,2026-05-07,2,16.050347180528156,16.050347180528156,0.0
observed_2026,baseline_flat4,2026-05-08,2,0.0,0.0,0.0
observed_2026,baseline_flat4,2026-05-11,2,-12.42000000000001,-12.42000000000001,0.0
observed_2026,baseline_flat4,2026-05-12,2,1.3689473684210576,1.3689473684210576,0.0
observed_2026,baseline_flat4,2026-05-13,2,-12.420000000000021,-12.420000000000021,0.0
observed_2026,baseline_flat4,2026-05-14,2,15.876793437733003,15.876793437733003,0.0
observed_2026,baseline_flat4,2026-05-15,2,-8.806400784570124,-8.806400784570124,0.0
observed_2026,baseline_flat4,2026-05-18,2,8.245063207606638,8.245063207606638,0.0
observed_2026,baseline_flat4,2026-05-19,2,-12.420000000000021,-12.420000000000021,0.0
observed_2026,baseline_flat4,2026-05-20,2,-6.210000000000005,-6.210000000000005,0.0
observed_2026,baseline_flat4,2026-05-21,2,0.0,0.0,0.0
observed_2026,baseline_flat4,2026-05-22,2,18.78416776576099,18.78416776576099,0.0
observed_2026,baseline_flat4,2026-05-25,2,0.0,0.0,0.0
observed_2026,baseline_flat4,2026-05-26,2,0.0,0.0,0.0
observed_2026,baseline_flat4,2026-05-27,2,-6.209999999999995,-6.209999999999995,0.0
observed_2026,baseline_flat4,2026-05-28,2,-16.969872122762165,-16.969872122762165,0.0
observed_2026,baseline_flat4,2026-05-29,2,0.0,0.0,0.0
observed_2026,baseline_flat4,2026-06-01,2,0.0,0.0,0.0
observed_2026,baseline_flat4,2026-06-02,2,-6.9799368904188155,-6.9799368904188155,0.0
observed_2026,baseline_flat4,2026-06-03,2,4.9927027027026885,4.9927027027026885,0.0
observed_2026,baseline_flat4,2026-06-04,2,-6.209999999999995,-6.209999999999995,0.0
observed_2026,baseline_flat4,2026-06-05,2,-6.210000000000005,-6.210000000000005,0.0
observed_2026,baseline_flat4,2026-06-08,2,1.8034228187919323,1.8034228187919323,0.0
observed_2026,baseline_flat4,2026-06-09,2,33.147141861273425,33.147141861273425,0.0
observed_2026,baseline_flat4,2026-06-10,2,-6.210000000000005,-6.210000000000005,0.0
observed_2026,baseline_flat4,2026-06-11,2,0.0,0.0,0.0
observed_2026,baseline_flat4,2026-06-12,2,-6.358507465101527,-6.358507465101527,0.0
observed_2026,baseline_flat4,2026-06-15,2,37.70640637369715,37.70640637369715,0.0
observed_2026,baseline_flat4,2026-06-16,2,0.0,0.0,0.0
observed_2026,baseline_flat4,2026-06-17,2,0.0,0.0,0.0
observed_2026,baseline_flat4,2026-06-18,2,6.164121272975763,6.164121272975763,0.0
observed_2026,baseline_flat4,2026-06-22,2,-7.608191580580627,-7.608191580580627,0.0
observed_2026,baseline_flat4,2026-06-23,2,-12.42000000000001,-12.42000000000001,0.0
observed_2026,baseline_flat4,2026-06-24,2,-12.420000000000021,-12.420000000000021,0.0
observed_2026,baseline_flat4,2026-06-25,2,14.58242241031844,14.58242241031844,0.0
observed_2026,baseline_flat4,2026-06-26,2,-8.597596899224804,-8.597596899224804,0.0
observed_2026,baseline_flat4,2026-06-29,2,17.801536903554126,17.801536903554126,0.0
observed_2026,baseline_flat4,2026-06-30,2,-7.675495608531992,-7.675495608531992,0.0
observed_2026,baseline_flat4,2026-07-01,2,-6.210000000000005,-6.210000000000005,0.0
observed_2026,baseline_flat4,2026-07-02,2,0.0,0.0,0.0
observed_2026,baseline_flat4,2026-07-03,2,0.0,0.0,0.0
observed_2026,baseline_flat4,2026-07-06,2,-6.210000000000005,-6.210000000000005,0.0
observed_2026,baseline_flat4,2026-07-07,2,-6.209999999999995,-6.209999999999995,0.0
observed_2026,baseline_flat4,2026-07-08,2,0.0,0.0,0.0
observed_2026,baseline_flat4,2026-07-09,2,0.0,0.0,0.0
observed_2026,baseline_flat4,2026-07-10,2,-22.43858544140423,-22.43858544140423,0.0
observed_2026,baseline_flat4,2026-07-13,2,-6.210000000000005,-6.210000000000005,0.0
observed_2026,baseline_flat4,2026-07-14,2,0.0,0.0,0.0
observed_2026,baseline_flat4,2026-07-15,2,-12.42000000000001,-12.42000000000001,0.0
observed_2026,baseline_flat4,2026-07-16,2,0.0,0.0,0.0
observed_2026,baseline_flat4,2026-07-17,2,0.0,0.0,0.0
observed_2026,baseline_flat4,2026-07-20,2,0.0,0.0,0.0
observed_2026,baseline_flat4,2026-07-21,2,0.0,0.0,0.0
observed_2026,baseline_flat4,2026-07-22,2,0.0,0.0,0.0
observed_2026,baseline_flat4,2026-07-23,2,0.0,0.0,0.0
observed_2026,baseline_flat4,2026-07-24,2,0.0,0.0,0.0
observed_2026,baseline_flat4,2026-07-27,2,-6.210000000000016,-6.210000000000016,0.0
observed_2026,baseline_flat4,2026-07-28,2,0.0,0.0,0.0
observed_2026,baseline_flat4,2026-07-29,2,0.0,0.0,0.0
observed_2026,baseline_flat4,2026-07-30,2,0.0,0.0,0.0
observed_2026,baseline_flat4,2026-07-31,2,6.04781327797199,6.04781327797199,0.0
observed_2026,baseline_flat4,2026-08-03,2,0.0,0.0,0.0
observed_2026,baseline_flat4,2026-08-04,2,0.0,0.0,0.0
observed_2026,baseline_flat4,2026-08-05,2,0.0,0.0,0.0
observed_2026,baseline_flat4,2026-08-06,2,0.0,0.0,0.0
observed_2026,baseline_flat4,2026-08-07,2,-1.484944134078205,-1.484944134078205,0.0
observed_2026,baseline_flat4,2026-08-10,2,-4.629582119917177,-4.629582119917177,0.0
observed_2026,baseline_flat4,2026-08-11,2,-0.2285185185185177,-0.2285185185185177,0.0
observed_2026,baseline_flat4,2026-08-12,2,-4.73083202511775,-4.73083202511775,0.0
observed_2026,baseline_flat4,2026-08-13,2,0.0,0.0,0.0
observed_2026,baseline_flat4,2026-08-14,2,8.365803981623275,8.365803981623275,0.0
observed_2026,baseline_flat4,2026-08-17,2,-12.42000000000001,-12.42000000000001,0.0
observed_2026,baseline_flat4,2026-08-18,2,0.0,0.0,0.0
observed_2026,baseline_flat4,2026-08-19,2,-7.837118644067776,-7.837118644067776,0.0
observed_2026,baseline_flat4,2026-08-20,2,4.960360151714325,4.960360151714325,0.0
observed_2026,baseline_flat4,2026-08-21,2,0.0,0.0,0.0
observed_2026,baseline_flat4,2026-08-24,2,0.0,0.0,0.0
observed_2026,baseline_flat4,2026-08-25,2,-3.169641255605383,-3.169641255605383,0.0
observed_2026,baseline_flat4,2026-08-26,2,4.002983548243665,4.002983548243665,0.0
observed_2026,baseline_flat4,2026-08-27,2,-12.907997686300977,-12.907997686300977,0.0
observed_2026,baseline_flat4,2026-08-28,2,-3.1392107404393808,-3.1392107404393808,0.0
observed_2026,baseline_flat4,2026-08-31,2,-5.695362318840582,-5.695362318840582,0.0
observed_2026,baseline_flat4,2026-09-01,2,2.5982409733271687,2.5982409733271687,0.0
