setup_id,code,arm_date,push_start,push_end,upper,floor,push_pct,tr_ratio,vol_ratio,avg_volume,factor_at_arm,terminal_date,terminal_reason
base8:300001:2024-10-30,300001,2024-10-30,2024-09-20,2024-10-18,162.0463969533677,152.60883716531566,30.069524913093847,0.4806055447470811,0.6702985661828991,21620587.5,6.990785028186701,2024-11-01,floor_violated_first
base8:300003:2024-03-12,300003,2024-03-12,2024-01-31,2024-02-29,69.29025314688168,64.1226921145267,15.19083969465649,0.5313071297989018,0.6977321271769797,17306450.0,4.4935313324826,2024-03-25,floor_violated_first
base8:300003:2024-10-30,300003,2024-10-30,2024-09-20,2024-10-18,59.09206908257752,54.75802931547995,34.471365638766535,0.4466119096509243,0.6781040465306958,37029300.0,4.6602578140834,2024-11-07,first_qualified_breakout
base8:300003:2025-03-05,300003,2025-03-05,2025-01-23,2025-02-21,56.99495306623999,53.68617001824077,14.891611687087657,0.655853314527503,0.6204907896107095,23713962.5,4.6602578140834,2025-03-20,expired
base8:300004:2024-03-19,300004,2024-03-19,2024-02-07,2024-03-07,20.420415264942573,19.156876595854314,29.810298102981037,0.4653937947494026,0.686039159049497,6111900.0,4.0759311906073,2024-03-20,first_price_breakout_consumed
base8:300004:2024-11-12,300004,2024-11-12,2024-10-10,2024-10-31,30.610243241460825,27.67557278422357,32.68206039076376,0.48631656804733786,0.4338943699532485,27377300.0,4.0759311906073,2024-11-18,floor_violated_first
base8:300005:2024-03-13,300005,2024-03-13,2024-02-01,2024-03-01,65.55156773886594,59.117802757088356,13.465783664459142,0.5309139784946222,0.5424822988059518,11961387.5,12.1391792109011,2024-03-14,first_price_breakout_consumed
base8:300005:2024-05-21,300005,2024-05-21,2024-04-15,2024-05-09,74.0489931864967,66.88687745206505,24.2489270386266,0.6432481751824821,0.6432339051110334,11552712.5,12.1391792109011,2024-06-05,expired
base8:300005:2024-09-10,300005,2024-09-10,2024-08-08,2024-08-29,67.31597835879538,60.36487189783281,15.250544662309373,0.556429856115108,0.6403486426538526,24404412.5,12.1949236157238,2024-09-18,floor_violated_first
base8:300005:2025-06-04,300005,2025-06-04,2025-04-28,2025-05-22,116.82736823863401,107.19337858221219,13.316892725030826,0.5352079395085081,0.36949774778395233,44593050.0,12.1949236157238,2025-06-05,factor_changed_raw_volume_not_comparable
base8:300006:2024-04-09,300006,2024-04-09,2024-03-05,2024-03-26,24.32182432911546,22.864049369326207,12.5,0.5982142857142859,0.6239661980582705,14299450.0,7.672499788364499,2024-04-11,floor_violated_first
base8:300006:2024-05-22,300006,2024-05-22,2024-04-16,2024-05-10,23.24767435874443,21.713174401071534,22.44897959183674,0.5907534246575344,0.6639405280571298,13512075.0,7.672499788364499,2024-05-23,floor_violated_first
base8:300009:2024-03-11,300009,2024-03-11,2024-01-30,2024-02-28,191.02956091450127,180.76528599969222,13.934426229508222,0.45378989361702265,0.5900688932768027,12545112.5,19.0079165089056,2024-03-18,first_qualified_breakout
base8:300012:2024-02-29,300012,2024-02-29,2024-01-19,2024-02-19,264.8448847820378,249.0011361355496,16.180371352785162,0.6050272798129387,0.6864326818860607,24273362.5,19.560183514183,2024-03-05,floor_violated_first
base8:300012:2024-10-30,300012,2024-10-30,2024-09-20,2024-10-18,301.80991442235745,273.0097526539495,40.075973409306755,0.4367514970059884,0.6617654107813435,27612025.0,19.7261381975397,2024-10-31,floor_violated_first
base8:300013:2024-03-18,300013,2024-03-18,2024-02-06,2024-03-06,15.369635687046674,13.805061994353302,57.28155339805827,0.5026140684410645,0.6297298007582539,26278125.0,4.6016873314511,2024-03-26,floor_violated_first
base8:300015:2024-10-30,300015,2024-10-30,2024-09-20,2024-10-18,983.7585132808144,913.997568149936,54.004106776180706,0.3569824876515493,0.6106686904268854,172011312.5,64.59346771377639,2024-11-07,first_qualified_breakout
base8:300016:2024-05-22,300016,2024-05-22,2024-04-16,2024-05-10,39.60504891754268,37.7190942071835,27.250608272506092,0.5685131195335285,0.6055404299900085,7490850.0,7.543818841436701,2024-05-23,floor_violated_first
base8:300019:2024-11-04,300019,2024-11-04,2024-09-25,2024-10-23,117.46618982148091,107.54820017956169,28.734622144112485,0.44855305466237905,0.6387538619712693,8221550.0,7.748429407749401,2024-11-11,first_qualified_breakout
base8:300019:2025-03-12,300019,2025-03-12,2025-02-07,2025-02-28,140.8664466328841,132.96304863697972,12.856196156394972,0.6965387251542156,0.6939118504874696,18630737.5,7.748429407749399,2025-03-13,floor_violated_first
base8:300021:2024-03-15,300021,2024-03-15,2024-02-05,2024-03-05,46.89660267336912,43.42692562593608,15.384615384615397,0.5113636363636368,0.6674483090127964,7720250.0,11.1925066046227,2024-03-21,first_price_breakout_consumed
base8:300022:2024-03-19,300022,2024-03-19,2024-02-07,2024-03-07,17.92388004630023,16.666775337170577,31.775700934579444,0.4916452442159375,0.6889462012251925,11581475.0,4.0551764810634,2024-03-26,floor_violated_first
base8:300022:2024-10-30,300022,2024-10-30,2024-09-20,2024-10-18,19.26208828505115,18.004983575921496,27.49326145552562,0.44117647058823606,0.6988670524196314,17319812.5,4.0551764810634,2024-11-01,floor_violated_first
base8:300022:2025-06-04,300022,2025-06-04,2025-04-28,2025-05-22,35.07727656119841,32.52251537812847,21.751412429378526,0.6534536891679747,0.5821528135902921,14630012.5,4.0551764810634,2025-06-10,floor_violated_first
base8:300025:2024-04-08,300025,2024-04-08,2024-03-04,2024-03-25,80.89557877895824,73.5775913181282,18.97983392645315,0.6910994764397901,0.6048099448790288,12251062.5,7.9543341965544,2024-04-10,floor_violated_first
base8:300026:2025-06-17,300026,2025-06-17,2025-05-14,2025-06-05,199.67451472399108,185.8013474478825,14.57725947521864,0.5717213114754108,0.6420172447534088,79719987.5,49.547025986102,2025-06-18,floor_violated_first
base8:300030:2024-05-27,300030,2024-05-27,2024-04-19,2024-05-15,20.19793926742513,18.380537779149662,12.713936430317885,0.6172648514851471,0.5194183191139169,7060612.5,4.1304579278988,2024-05-30,floor_violated_first
base8:300030:2025-03-05,300030,2025-03-05,2025-01-23,2025-02-21,26.145798683599406,24.328397195323934,15.837937384898737,0.650759219088937,0.6303384832610532,7288637.5,4.1304579278988,2025-03-20,expired
base8:300031:2025-06-04,300031,2025-06-04,2025-04-28,2025-05-22,175.5736917018649,164.22871979742368,13.336306868867087,0.5893602225312938,0.45953951960165496,17623650.0,6.8343204243622,2025-06-10,floor_violated_first
base8:300032:2024-03-12,300032,2024-03-12,2024-01-31,2024-02-29,19.463260059201218,17.94004840239417,13.994910941475824,0.37060761346998594,0.5143147520774448,22673775.0,4.2311434911307,2024-03-18,first_price_breakout_consumed
base8:300032:2025-05-30,300032,2025-05-30,2025-04-24,2025-05-20,22.42506050299271,20.394111627249973,31.23425692695212,0.39372246696035285,0.4816937303384491,45863662.5,4.2311434911307,2025-06-17,expired
base8:300033:2024-03-14,300033,2024-03-14,2024-02-02,2024-03-04,1317.6705779876715,1218.7089738891493,27.52000000000001,0.6025643902001253,0.6429212286812626,6696487.5,9.087383296466701,2024-03-15,floor_violated_first
base8:300033:2024-10-30,300033,2024-10-30,2024-09-20,2024-10-18,1958.4839043755346,1764.4831402628638,104.59000485201359,0.4039913083257089,0.6905765509755817,19536737.5,9.2381316244129,2024-11-04,first_qualified_breakout
base8:300034:2024-11-04,300034,2024-11-04,2024-09-25,2024-10-23,111.2922784007502,100.09611698700606,34.68335787923416,0.5352994321115124,0.6455921190400433,20100700.0,6.0848703335566,2024-11-08,first_price_breakout_consumed
base8:300035:2024-03-13,300035,2024-03-13,2024-02-01,2024-03-01,82.14537319421407,75.02095733724461,15.364916773367487,0.6258411843876184,0.6990290500314089,10690200.0,8.5836335626138,2024-03-20,first_price_breakout_consumed
base8:300035:2024-11-26,300035,2024-11-26,2024-10-24,2024-11-14,145.9227539257776,132.49855792543727,51.36921624173751,0.49181609674728904,0.3957782396248024,33343475.0,8.7170103898314,2024-11-27,floor_violated_first
base8:300036:2024-10-31,300036,2024-10-31,2024-09-23,2024-10-21,110.3977341141364,99.08869793659072,51.371386212008915,0.5116409109394063,0.6182527560004121,25443475.0,5.3852553226408,2024-11-01,floor_violated_first
base8:300042:2024-03-15,300042,2024-03-15,2024-02-05,2024-03-05,110.96491756016219,100.92067933273371,42.18816517667094,0.5741965973534967,0.6437269817735122,7392337.5,3.1886470563265,2024-03-25,floor_violated_first
base8:300042:2024-05-22,300042,2024-05-22,2024-04-16,2024-05-10,78.4407175856319,73.97661170677479,12.155963302752259,0.5108560794044662,0.489716113431364,2701587.5,3.1886470563265,2024-05-23,floor_violated_first
base8:300046:2025-05-13,300046,2025-05-13,2025-04-07,2025-04-28,142.8759760566126,131.95635726038898,26.438698915763137,0.5379375676651023,0.6079496303850631,10762050.0,4.3853890747886,2025-05-23,floor_violated_first
base8:300047:2024-03-21,300047,2024-03-21,2024-02-19,2024-03-11,48.277439806936535,43.60204030441494,34.7626339969372,0.49985448195576226,0.6822711356086492,44265537.5,5.2532578680018,2024-03-25,floor_violated_first
base8:300047:2025-06-05,300047,2025-06-05,2025-04-29,2025-05-23,83.1156634350705,75.7369742271378,16.733386709367505,0.4571889013452914,0.39683839431397255,48336162.5,5.2704922913805,2025-06-13,floor_violated_first
base8:300048:2024-03-12,300048,2024-03-12,2024-01-31,2024-02-29,41.664576309839,39.08137257862899,14.841849148418484,0.5445359281437122,0.6851470427534959,6896850.0,8.3329152619678,2024-03-13,first_price_breakout_consumed
base8:300048:2024-05-22,300048,2024-05-22,2024-04-16,2024-05-10,45.41438817772451,43.33115936223256,15.565031982942411,0.6223060344827617,0.6459446071674707,6098475.0,8.3329152619678,2024-05-23,floor_violated_first
base8:300048:2025-05-22,300048,2025-05-22,2025-04-16,2025-05-12,46.914312924878715,44.74775495676709,14.784394250513344,0.49778761061946764,0.5531282360805637,14827775.0,8.3329152619678,2025-05-23,floor_violated_first
base8:300049:2024-05-16,300049,2024-05-16,2024-04-10,2024-05-06,199.38315864599414,185.81943109265552,15.463477146518589,0.6481094942748085,0.6751474089248145,4064837.5,3.636388084005,2024-05-24,floor_violated_first
base8:300052:2024-03-13,300052,2024-03-13,2024-02-01,2024-03-01,46.21272266702808,41.56458253830956,14.477401129943512,0.5159198113207548,0.6798767752345758,12814462.5,2.6867862015714,2024-03-27,floor_violated_first
base8:300052:2025-06-05,300052,2025-06-05,2025-04-29,2025-05-23,27.082804911839713,25.282658156786876,18.215158924205376,0.6722184065934061,0.5207984762109857,7480850.0,2.6867862015714,2025-06-20,expired
base8:300054:2024-03-12,300054,2024-03-12,2024-01-31,2024-02-29,280.1257316244836,261.4076527832163,22.18370883882148,0.5412975508077118,0.6250703531216373,7144825.0,12.9090198905292,2024-03-18,first_qualified_breakout
base8:300054:2024-05-20,300054,2024-05-20,2024-04-12,2024-05-08,303.62014782524676,289.93658674128585,13.999021047479188,0.6075949367088602,0.6854062907417204,5709375.0,12.9090198905292,2024-05-22,floor_violated_first
base8:300054:2024-10-31,300054,2024-10-31,2024-09-23,2024-10-21,365.32526290197643,340.79812510997084,52.502720348204605,0.4098782031002854,0.6007978952950499,20604500.0,12.9090198905292,2024-11-01,floor_violated_first
base8:300055:2024-03-15,300055,2024-03-15,2024-02-05,2024-03-05,41.77530168846954,38.22682046396634,18.45386533665834,0.5732758620689652,0.663060257132275,5227487.5,8.0647300556891,2024-03-18,first_price_breakout_consumed
base8:300057:2025-02-28,300057,2025-02-28,2025-01-20,2025-02-18,15.21932277103742,13.85011034180914,19.53781512605044,0.5183209647495363,0.6625834675326145,38639937.5,2.633100825439,2025-03-17,expired
base8:300058:2024-03-14,300058,2024-03-14,2024-02-02,2024-03-04,147.4291367984731,135.09519594213023,29.81260647359456,0.544096728307256,0.6962289538877633,94254450.0,19.2717825880357,2024-03-20,first_qualified_breakout
base8:300061:2024-03-15,300061,2024-03-15,2024-02-05,2024-03-05,24.637923969801825,22.755113186083346,25.79710144927536,0.4274193548387099,0.6213965238862592,13136612.5,5.3794593820528,2024-03-18,first_price_breakout_consumed
base8:300061:2024-05-22,300061,2024-05-22,2024-04-16,2024-05-10,22.970291561365453,21.30265915292909,21.345029239766113,0.6380208333333338,0.6599931829237378,7706450.0,5.3794593820528,2024-05-27,floor_violated_first
base8:300062:2024-03-21,300062,2024-03-21,2024-02-19,2024-03-11,35.19937033999164,33.571653792477576,21.749408983451545,0.3777985074626859,0.6626598377311388,9131187.5,6.7821522813086,2024-03-26,floor_violated_first
base8:300062:2025-03-06,300062,2025-03-06,2025-01-24,2025-02-24,39.01843310646192,37.179868195686225,12.055335968379444,0.6907894736842121,0.6829285938337155,14717912.5,6.8094996695396,2025-03-11,floor_violated_first
base8:300063:2024-03-14,300063,2024-03-14,2024-02-02,2024-03-04,42.483334393048324,38.077655270806275,19.585253456221196,0.45062154696132606,0.6742042326762452,62915462.5,7.867284146860799,2024-03-20,first_qualified_breakout
base8:300066:2025-05-30,300066,2025-05-30,2025-04-24,2025-05-20,91.34035845207598,86.3738614204028,12.234042553191493,0.6571261682243004,0.4908661038534906,12356837.5,21.5934653551007,2025-06-06,factor_changed_raw_volume_not_comparable
base8:300067:2024-05-21,300067,2024-05-21,2024-04-15,2024-05-09,43.07205057460673,38.55974051440983,37.866666666666674,0.5208333333333333,0.6191157041611446,86768112.5,8.2042001094489,2024-05-22,floor_violated_first
base8:300069:2025-06-16,300069,2025-06-16,2025-05-13,2025-06-04,42.14819074818124,37.74644836675459,20.793838862559234,0.34137694419030196,0.5406669099534714,9482000.0,2.0099280280487,2025-06-19,floor_violated_first
base8:300070:2024-03-14,300070,2024-03-14,2024-02-02,2024-03-04,95.78100981814116,92.97492554612529,12.666666666666671,0.4368279569892483,0.597671875359611,23718062.5,18.707228480105695,2024-03-18,first_price_breakout_consumed
base8:300070:2024-10-25,300070,2024-10-25,2024-09-13,2024-10-15,97.38742586558746,89.83801300778998,57.993730407523515,0.4297488226059665,0.6544300006661293,84358575.0,18.873532144493694,2024-11-05,first_qualified_breakout
base8:300072:2024-03-15,300072,2024-03-15,2024-02-05,2024-03-05,53.75418430603242,50.2795792368212,19.04761904761907,0.5186170212765951,0.5795280739827249,22885737.5,20.4388533483013,2024-03-18,first_price_breakout_consumed
base8:300072:2024-08-15,300072,2024-08-15,2024-07-15,2024-08-05,42.512814964466706,39.242598428738496,12.154696132596676,0.5283149171270719,0.49909323969784264,16045475.0,20.4388533483013,2024-08-22,floor_violated_first
base8:300072:2024-12-17,300072,2024-12-17,2024-11-14,2024-12-05,91.56606300038983,84.61685286196737,13.157894736842103,0.583951271186442,0.5164532512355158,54087212.5,20.4388533483013,2024-12-18,floor_violated_first
base8:300077:2024-05-22,300077,2024-05-22,2024-04-16,2024-05-10,49.10044161462837,46.06064512432084,19.49044585987263,0.6160714285714293,0.6070024156062002,7367637.5,5.1521974411992,2024-05-24,floor_violated_first
base8:300077:2024-08-14,300077,2024-08-14,2024-07-12,2024-08-02,55.43764446730339,50.440012949340165,23.014959723820482,0.4875,0.5023503636629598,27404850.0,5.1521974411992,2024-08-19,floor_violated_first
base8:300077:2025-05-13,300077,2025-05-13,2025-04-07,2025-04-28,138.33650129619852,125.04383189790458,31.584582441113483,0.6584499794153976,0.6692223409729195,39365175.0,5.1521974411992,2025-05-19,floor_violated_first
base8:300078:2025-05-23,300078,2025-05-23,2025-04-17,2025-05-13,47.586756762119634,44.28740829327934,21.311475409836067,0.6328124999999997,0.6988949782135041,43566862.5,12.689801803231902,2025-06-05,first_qualified_breakout
base8:300079:2024-03-12,300079,2024-03-12,2024-01-31,2024-02-29,65.97277395900106,61.44029330532923,21.29186602870814,0.35294117647058865,0.5045217888841399,30659237.5,12.5902240379773,2024-03-20,first_qualified_breakout
base8:300079:2024-11-04,300079,2024-11-04,2024-09-25,2024-10-23,76.61535329909661,69.16839144630138,27.57847533632287,0.571136701337296,0.6986179163272502,60908262.5,12.6219692420258,2024-11-07,first_qualified_breakout
base8:300079:2025-05-16,300079,2025-05-16,2025-04-10,2025-05-06,70.68302775534448,65.63424005853416,12.500000000000021,0.5242443324937034,0.6328783264621948,32505500.0,12.6219692420258,2025-05-19,floor_violated_first
base8:300082:2024-03-15,300082,2024-03-15,2024-02-05,2024-03-05,43.4722578492993,39.746064319359355,21.091811414392048,0.55316091954023,0.6602920484854025,5393600.0,8.2804300665332,2024-03-18,first_price_breakout_consumed
base8:300082:2024-10-24,300082,2024-10-24,2024-09-12,2024-10-14,54.236816935792454,48.85453739254588,24.4399185336049,0.621778350515464,0.6686888523115087,9373662.5,8.2804300665332,2024-10-25,first_price_breakout_consumed
base8:300082:2025-06-25,300082,2025-06-25,2025-05-22,2025-06-13,64.58735451895895,59.12227067504704,16.874999999999996,0.30405405405405417,0.38364792024270006,23152287.5,8.2804300665332,,still_armed_at_cutoff
base8:300083:2024-03-19,300083,2024-03-19,2024-02-07,2024-03-07,44.701022504468604,42.39599740294905,24.29906542056075,0.453345070422535,0.6146945549358661,31666387.5,8.232232505427,2024-03-21,first_qualified_breakout
base8:300084:2024-03-15,300084,2024-03-15,2024-02-05,2024-03-05,27.607535897815776,25.625918312980716,23.175965665236053,0.4015426497277679,0.5214163621639504,5138012.5,4.5036763291706,2024-03-18,first_price_breakout_consumed
base8:300085:2024-03-15,300085,2024-03-15,2024-02-05,2024-03-05,131.67562188488802,120.79424745533552,40.361445783132545,0.6206380857427717,0.6406685990528309,15192025.0,10.9912873025783,2024-03-18,first_qualified_breakout
base8:300086:2024-03-15,300086,2024-03-15,2024-02-05,2024-03-05,25.742948518903248,23.581326887544957,24.371859296482423,0.4782731376975172,0.6513628501764075,10080187.5,4.9127764349052,2024-03-20,first_price_breakout_consumed
base8:300092:2024-03-13,300092,2024-03-13,2024-02-01,2024-03-01,31.582657772519998,29.161320676626797,25.823591923485644,0.3946167883211681,0.6438364937448624,7623625.0,2.63188814771,2024-03-14,floor_violated_first
base8:300092:2024-11-15,300092,2024-11-15,2024-10-15,2024-11-05,34.9513760289993,31.94018055573167,13.471971066907784,0.5195783132530116,0.48946278733759346,10689237.5,2.6885673868461,2024-11-18,floor_violated_first
base8:300095:2025-05-29,300095,2025-05-29,2025-04-23,2025-05-19,38.29157882749498,34.668833195850794,36.19909502262444,0.46800000000000025,0.6744293782924697,45139900.0,4.2124949205165,2025-06-05,factor_changed_raw_volume_not_comparable
base8:300096:2024-03-15,300096,2024-03-15,2024-02-05,2024-03-05,22.41204921414326,20.04747521448594,25.90361445783134,0.5290307101727458,0.69848438738058,22813925.0,5.1403782601246,2024-03-26,first_price_breakout_consumed
base8:300096:2025-03-03,300096,2025-03-03,2025-01-21,2025-02-19,19.996071431884694,18.196939040841084,23.841059602648997,0.6780660377358494,0.6879600774768443,10740712.5,5.1403782601246,2025-03-14,first_price_breakout_consumed
base8:300097:2024-03-20,300097,2024-03-20,2024-02-08,2024-03-08,31.73890898351318,29.25531196293908,47.07964601769912,0.4817574511819124,0.6857414571147761,22885112.5,3.6523485596678,2024-03-22,first_qualified_breakout
base8:300098:2024-05-22,300098,2024-05-22,2024-04-16,2024-05-10,52.33776916570296,49.41301147703133,14.28571428571428,0.675761421319797,0.6061218895011661,19467487.5,15.3934615193244,2024-05-24,floor_violated_first
base8:300099:2024-03-14,300099,2024-03-14,2024-02-02,2024-03-04,80.1301540851486,74.1889449419532,15.296803652968038,0.47590648854961887,0.6357265679343305,10010612.5,15.233869597936996,2024-03-18,first_price_breakout_consumed
base8:300099:2024-05-21,300099,2024-05-21,2024-04-15,2024-05-09,81.50120234896293,76.93104146958184,12.526539278131633,0.45333655705996073,0.40397859721727336,10037500.0,15.233869597936996,2024-05-24,floor_violated_first
base8:300099:2024-10-31,300099,2024-10-31,2024-09-23,2024-10-21,100.27682495214563,93.81727487854116,35.33190578158458,0.4880136986301364,0.6753661539683053,18940112.5,15.379881127629698,2024-11-01,floor_violated_first
base8:300100:2024-03-22,300100,2024-03-22,2024-02-20,2024-03-12,34.813471001290786,32.295967933015625,34.49275362318838,0.5923344947735196,0.6011117727357936,8714301.5,3.5964329546788,2024-03-26,floor_violated_first
base8:300100:2024-05-20,300100,2024-05-20,2024-04-12,2024-05-08,38.58972560370353,35.964329546788,22.5479143179256,0.6197225572979498,0.5547535221007505,9486116.25,3.5964329546788,2024-05-21,factor_changed_raw_volume_not_comparable
base8:300100:2025-05-09,300100,2025-05-09,2025-04-02,2025-04-24,297.71485993433896,271.0294426109562,20.24316109422495,0.6087162785926754,0.669987200431109,31833472.625,3.6306690235894994,2025-05-15,factor_changed_raw_volume_not_comparable
base8:300101:2024-05-22,300101,2024-05-22,2024-04-16,2024-05-10,130.02352990349388,122.90007454983899,15.877640203932986,0.6335893290218272,0.5250966161523949,8627862.5,8.187879716844703,2024-05-24,floor_violated_first
base8:300102:2024-03-13,300102,2024-03-13,2024-02-01,2024-03-01,36.953760389972274,34.45394718712121,12.649572649572649,0.5236757624398064,0.5451621460087854,12259137.5,5.4343765279371,2024-03-18,first_price_breakout_consumed
base8:300102:2024-11-14,300102,2024-11-14,2024-10-14,2024-11-04,78.1463344717355,69.99476967982984,61.43712574850302,0.46158612143742245,0.4816982227202466,74543150.0,5.434376527937101,2024-11-15,floor_violated_first
base8:300103:2024-09-11,300103,2024-09-11,2024-08-09,2024-08-30,26.372508818637133,24.44157368355387,16.820276497695865,0.5769230769230772,0.6038940648128669,7827075.0,5.0814082502191,2024-09-27,first_qualified_breakout
base8:300105:2024-03-13,300105,2024-03-13,2024-02-01,2024-03-01,39.34133758000299,35.94308250664726,12.185686653771754,0.4841549295774651,0.6396098995535171,10509200.0,6.5351059102995,2024-03-18,first_price_breakout_consumed
base8:300106:2025-05-09,300106,2025-05-09,2025-04-02,2025-04-24,17.235181843086597,15.59883361131174,15.772532188841204,0.3029983108108108,0.38785398856578873,16536462.5,1.5292974128737,2025-05-19,first_price_breakout_consumed
base8:300109:2024-03-27,300109,2024-03-27,2024-02-23,2024-03-15,90.32174747634897,84.50782860686276,12.521942656524288,0.6074334319526629,0.68745057813496,6815825.0,4.5778888736112,2024-04-03,first_qualified_breakout
base8:300109:2024-10-31,300109,2024-10-31,2024-09-23,2024-10-21,95.62766082032006,89.3487125249481,32.28105906313645,0.3817816476892165,0.6807234066221726,10973937.5,7.2171819487034,2024-11-01,floor_violated_first
base8:300109:2024-12-25,300109,2024-12-25,2024-11-22,2024-12-13,125.218106810004,113.30975659464337,14.305270362765231,0.6595138055222082,0.46029955703935743,16892312.5,7.2171819487034,2025-01-02,floor_violated_first
base8:300110:2024-03-14,300110,2024-03-14,2024-02-02,2024-03-04,20.433358379945023,19.009049216731697,12.654320987654287,0.5094339622641502,0.6370608621578526,12060462.5,5.4781121662051,2024-03-28,floor_violated_first
base8:300111:2024-03-15,300111,2024-03-15,2024-02-05,2024-03-05,5.83010587102996,5.314365736285002,18.81188118811883,0.5044843049327349,0.6266434613422016,13041875.0,2.2423484119346,2024-03-18,first_price_breakout_consumed
base8:300118:2025-05-29,300118,2025-05-29,2025-04-23,2025-05-19,35.304217178983414,33.24189162100319,13.370786516853927,0.5344347133757977,0.6597631910950811,19809425.0,3.4954670474241,2025-05-30,floor_violated_first
base8:300119:2024-11-25,300119,2024-11-25,2024-10-23,2024-11-13,125.39824209100001,112.73301963980902,31.027253668763088,0.659443887775552,0.41001199655413,7945125.0,6.26991210455,2024-11-29,first_price_breakout_consumed
base8:300120:2024-03-15,300120,2024-03-15,2024-02-05,2024-03-05,18.192682412385963,16.68519083772498,25.954198473282442,0.4467773437500007,0.5211964235712148,7557025.0,3.4261172151385995,2024-03-18,first_price_breakout_consumed
base8:300121:2025-05-14,300121,2025-05-14,2025-04-08,2025-04-29,82.00694901393048,75.65759273330832,14.472361809045232,0.580658783783783,0.6305550091543222,8334550.0,6.683532926970701,2025-05-19,first_price_breakout_consumed
base8:300124:2024-10-31,300124,2024-10-31,2024-09-23,2024-10-21,1457.6226783141258,1354.7987089956891,33.48676639815879,0.3274947271289214,0.6201800078196779,25569600.0,24.776860076731698,2024-11-04,first_qualified_breakout
base8:300125:2024-03-18,300125,2024-03-18,2024-02-06,2024-03-06,41.241492131509375,37.283045342101104,37.33766233766236,0.5399580615097856,0.6724863486899206,13559275.0,4.6028451039631,2024-03-25,floor_violated_first
base8:300125:2025-06-04,300125,2025-06-04,2025-04-28,2025-05-22,32.31197262982096,29.50423711640347,16.216216216216228,0.6738281249999998,0.5808720132713904,7416175.0,4.6028451039631,2025-06-16,floor_violated_first
base8:300126:2024-03-18,300126,2024-03-18,2024-02-06,2024-03-06,21.961076148083166,19.628926468640707,26.315789473684205,0.5706521739130447,0.6295916052587677,6189162.5,3.8869161324041,2024-03-20,first_price_breakout_consumed
base8:300126:2025-05-28,300126,2025-05-28,2025-04-22,2025-05-16,28.44014712028936,26.492191838077755,18.270799347471446,0.6238185255198494,0.6358042136078484,5976975.0,3.8959105644232,2025-05-30,floor_violated_first
base8:300128:2024-03-12,300128,2024-03-12,2024-01-31,2024-02-29,45.819723608161915,41.33735934214609,29.846153846153832,0.5261011419249588,0.6005676290748969,29714725.0,9.9608094800352,2024-03-25,floor_violated_first
base8:300128:2024-08-23,300128,2024-08-23,2024-07-23,2024-08-13,35.36087365412496,31.874590336112643,12.371134020618557,0.6904761904761902,0.6538093832668108,24242262.5,9.960809480035202,2024-09-09,expired
base8:300131:2024-05-22,300131,2024-05-22,2024-04-16,2024-05-10,91.26207901015592,85.51182606439407,15.107913669064743,0.6914893617021262,0.6780390581279448,25128575.0,18.5492030508447,2024-05-30,floor_violated_first
base8:300132:2024-03-15,300132,2024-03-15,2024-02-05,2024-03-05,24.66754919101226,22.58641600864398,22.4755700325733,0.4292168674698789,0.4614506366699024,6734487.5,6.120979948142,2024-03-18,first_price_breakout_consumed
base8:300132:2024-05-27,300132,2024-05-27,2024-04-19,2024-05-15,27.72803916508326,25.27964718582646,21.739130434782616,0.604219948849106,0.6322909720032507,10119787.5,6.120979948142,2024-06-03,floor_violated_first
base8:300134:2024-03-13,300134,2024-03-13,2024-02-01,2024-03-01,39.714944947467046,36.60004730452846,22.222222222222232,0.46569767441860455,0.6784902804143231,15681100.0,4.3262467263036,2024-03-18,first_qualified_breakout
base8:300134:2025-05-22,300134,2025-05-22,2025-04-16,2025-05-12,53.64545940616464,50.22772449238479,16.826003824091785,0.6955218617771521,0.6175631422120941,12453362.5,4.3262467263036,2025-05-23,floor_violated_first
base8:300135:2024-03-18,300135,2024-03-18,2024-02-06,2024-03-06,32.22311296343414,29.01314768738323,25.668449197860976,0.5758928571428565,0.6963475290820391,37444412.5,12.346020292503503,2024-03-19,first_price_breakout_consumed
base8:300137:2024-03-14,300137,2024-03-14,2024-02-02,2024-03-04,23.37215068306006,22.267954587797377,12.917594654788411,0.3668478260869571,0.47651415761680604,5407012.5,4.6008170635945,2024-03-18,first_price_breakout_consumed
base8:300137:2024-05-22,300137,2024-05-22,2024-04-16,2024-05-10,26.178649091852705,24.66037946086652,22.89416846652268,0.5785123966942147,0.6678489961761517,4372162.5,4.6008170635945,2024-05-27,floor_violated_first
base8:300137:2024-07-10,300137,2024-07-10,2024-06-06,2024-06-28,20.703676786175247,18.909358131373395,15.760869565217384,0.6123417721518991,0.29491537791173056,4749012.5,4.6008170635945,2024-07-17,floor_violated_first
base8:300137:2024-10-30,300137,2024-10-30,2024-09-20,2024-10-18,27.972967746654557,25.948608238672975,64.10958904109592,0.6375754527162982,0.6918891519508238,13152637.5,4.6008170635945,2024-11-01,floor_violated_first
base8:300137:2024-12-13,300137,2024-12-13,2024-11-12,2024-12-03,27.052804333935658,25.396510191041635,19.712525667351134,0.5739795918367354,0.3660696695867028,6218650.0,4.6008170635945,2024-12-24,floor_violated_first
base8:300137:2025-03-11,300137,2025-03-11,2025-02-06,2025-02-27,32.25172761579744,29.81329457209236,15.068493150684926,0.6881157635467974,0.5706796834462287,5389137.5,4.6008170635945,2025-03-13,floor_violated_first
base8:300138:2025-05-06,300138,2025-05-06,2025-03-28,2025-04-21,59.89917795279131,53.79546206468304,14.285714285714302,0.6300978792822179,0.6321423879436716,22518812.5,5.1726405831426,2025-05-16,factor_changed_raw_volume_not_comparable
base8:300140:2024-03-15,300140,2024-03-15,2024-02-05,2024-03-05,29.719796432454746,28.045441703865748,14.141414141414144,0.5362215909090905,0.5740085869230698,4923937.5,4.1858868214725,2024-03-18,first_price_breakout_consumed
base8:300141:2024-03-22,300141,2024-03-22,2024-02-20,2024-03-12,40.667335404338246,36.53008047302985,35.808580858085804,0.4697125256673512,0.6382356181229867,8864237.5,4.701426058305,2024-03-27,floor_violated_first
base8:300141:2024-10-31,300141,2024-10-31,2024-09-23,2024-10-21,45.90944354639468,42.801727367869496,22.308690012970178,0.4649390243902442,0.6580155555473854,7159025.0,4.7086608765533,2024-11-01,floor_violated_first
base8:300143:2024-03-14,300143,2024-03-14,2024-02-02,2024-03-04,37.44628525695024,34.130950126368944,14.919354838709676,0.5381493506493497,0.6486532538240072,5377162.5,4.2504296545914,2024-03-18,first_price_breakout_consumed
base8:300143:2025-03-05,300143,2025-03-05,2025-01-23,2025-02-21,46.49970042122992,42.504296545914,25.895953757225442,0.6901385224274419,0.641985971774675,10289550.0,4.2504296545914,2025-03-20,expired
base8:300144:2024-03-12,300144,2024-03-12,2024-01-31,2024-02-29,169.39641677920017,160.06201621593803,21.484814398200225,0.523026315789473,0.5977224694590726,20513875.0,15.302296005347802,2024-03-25,floor_violated_first
base8:300144:2024-10-31,300144,2024-10-31,2024-09-23,2024-10-21,159.50576948959747,146.49753197782448,44.964539007092206,0.39037854889589957,0.6177712152937701,57461100.0,15.485997037824998,2024-11-01,floor_violated_first
base8:300145:2024-03-28,300145,2024-03-28,2024-02-26,2024-03-18,63.46120512505148,58.95624303284102,15.498154981549828,0.6146265560165988,0.6957618721559278,39621825.0,19.5867917052628,2024-04-11,floor_violated_first
base8:300146:2024-03-12,300146,2024-03-12,2024-01-31,2024-02-29,521.5119288292268,489.2565667571301,12.29235880398669,0.4980178394449953,0.6840602892705514,10949862.5,30.1451981982212,2024-03-19,first_price_breakout_consumed
base8:300148:2024-09-11,300148,2024-09-11,2024-08-09,2024-08-30,16.77614167671941,15.834323196622876,12.550607287449388,0.5492424242424242,0.4697858091237457,38307525.0,5.8863655006033,2024-09-18,floor_violated_first
base8:300149:2024-08-29,300149,2024-08-29,2024-07-29,2024-08-19,31.353442958373037,28.729723882358552,23.056994818652843,0.27792696025778735,0.32018070760098816,14422350.0,6.5592976900362,2024-09-09,first_price_breakout_consumed
base8:300150:2024-05-22,300150,2024-05-22,2024-04-16,2024-05-10,15.821211528993839,14.470620300909001,23.4375,0.6701807228915664,0.6076352256085014,7321208.75,4.823540100303,2024-05-27,floor_violated_first
base8:300150:2024-09-11,300150,2024-09-11,2024-08-09,2024-08-30,15.00120971194233,13.84356008786961,16.602316602316613,0.45108695652173825,0.5025243911536299,14923063.25,4.823540100303,2024-09-19,first_price_breakout_consumed
base8:300150:2024-10-31,300150,2024-10-31,2024-09-23,2024-10-21,22.38122606540592,20.35533922327866,39.616613418530356,0.537557339449541,0.6874163462933683,16755048.125,4.823540100303,2024-11-01,floor_violated_first
base8:300150:2025-02-19,300150,2025-02-19,2025-01-09,2025-02-07,26.09535194263923,24.31064210552712,24.09638554216866,0.5486918604651161,0.6616304009080357,23818145.5,4.823540100303,2025-02-21,first_price_breakout_consumed
base8:300153:2024-03-14,300153,2024-03-14,2024-02-02,2024-03-04,28.514723058624348,26.02187150288572,12.979890310786102,0.42727882037533477,0.5892687425430918,5989300.0,4.3734237819976,2024-03-19,first_price_breakout_consumed
base8:300153:2024-05-21,300153,2024-05-21,2024-04-15,2024-05-09,29.30193933938392,28.033646442604617,15.625,0.5574324324324317,0.6577267802728578,3974450.0,4.3734237819976,2024-05-22,floor_violated_first
base8:300154:2024-03-19,300154,2024-03-19,2024-02-07,2024-03-07,33.71194263479678,31.023589952596076,40.47619047619049,0.4094036697247706,0.6253934020302147,6411812.5,5.3767053644014,2024-03-21,first_price_breakout_consumed
base8:300155:2024-03-15,300155,2024-03-15,2024-02-05,2024-03-05,33.938884639107215,30.718406534666386,17.554858934169282,0.482897384305835,0.48477948128051945,9858837.5,8.2576361652329,2024-03-18,first_price_breakout_consumed
base8:300155:2024-10-24,300155,2024-10-24,2024-09-12,2024-10-14,42.11394444268778,37.902549998419005,31.30193905817178,0.46040076335877866,0.5893136132289147,26532187.5,8.2576361652329,2024-11-04,floor_violated_first
base8:300157:2024-03-15,300157,2024-03-15,2024-02-05,2024-03-05,18.96203251836363,17.42788749260605,42.78846153846154,0.3302556818181818,0.4835059226174892,21361462.5,6.1365801030303,2024-03-25,first_qualified_breakout
base8:300157:2024-05-22,300157,2024-05-22,2024-04-16,2024-05-10,15.464181859636357,14.175500037999994,14.018691588785037,0.5868902439024392,0.6093267611014046,11676187.5,6.1365801030303,2024-05-23,floor_violated_first
base8:300157:2025-05-27,300157,2025-05-27,2025-04-21,2025-05-15,23.87129660078787,22.153054171939385,32.500000000000014,0.4606681034482754,0.5506281585818223,44805112.5,6.1365801030303,2025-06-06,first_price_breakout_consumed
base8:300158:2024-03-12,300158,2024-03-12,2024-01-31,2024-02-29,31.112893742610243,28.99156007834136,12.582781456953619,0.4204963235294118,0.5899267869070597,23887225.0,5.892593511858,2024-03-25,floor_violated_first
base8:300161:2024-03-19,300161,2024-03-19,2024-02-07,2024-03-07,53.98076751109773,49.34941902162335,51.35011441647597,0.48076923076923067,0.6525505983173532,10701025.0,1.5489459831018,2024-03-25,floor_violated_first
base8:300162:2024-03-14,300162,2024-03-14,2024-02-02,2024-03-04,30.390305350929737,28.272514037276093,13.131313131313128,0.37815126050420195,0.41638159576389033,7102287.5,5.2944782841341,2024-03-18,first_price_breakout_consumed
base8:300163:2025-05-29,300163,2025-05-29,2025-04-23,2025-05-19,24.09629105624781,21.99819711203626,31.358885017421613,0.6755514705882365,0.5609474651389039,10378650.0,6.3578604370047,2025-05-30,missing_or_invalid_bar
base8:300164:2024-10-31,300164,2024-10-31,2024-09-23,2024-10-21,29.12820320362246,26.69043512434933,31.176470588235293,0.44851618705035906,0.6898799204631235,47760925.0,6.2506873827516,2024-11-06,first_qualified_breakout
base8:300165:2024-03-19,300165,2024-03-19,2024-02-07,2024-03-07,31.85040526031053,29.35893592705157,57.432432432432456,0.46712802768166056,0.6665846670068915,18295025.0,6.7337009006999,2024-03-20,first_qualified_breakout
base8:300168:2024-03-14,300168,2024-03-14,2024-02-02,2024-03-04,57.63296994061908,53.2879522921798,18.41652323580034,0.4537671232876705,0.6555600166835722,16471937.5,8.1981465064892,2024-03-18,first_qualified_breakout
base8:300168:2024-12-16,300168,2024-12-16,2024-11-13,2024-12-04,80.9157060190484,75.25898492957086,12.891986062717798,0.5440920938314504,0.554474051364154,49354275.0,8.1981465064892,2024-12-17,floor_violated_first
base8:300169:2024-03-14,300169,2024-03-14,2024-02-02,2024-03-04,19.44034376285421,17.99003240276826,13.857677902621713,0.3861556064073226,0.6200719216068497,24489075.0,3.0857688512467,2024-03-18,first_qualified_breakout
base8:300170:2024-03-13,300170,2024-03-13,2024-02-01,2024-03-01,47.429038725090166,44.04598841043338,19.49579831932773,0.44567510548523204,0.6608306003195404,22599825.0,6.6334319895231,2024-03-20,first_qualified_breakout
base8:300171:2024-12-25,300171,2024-12-25,2024-11-22,2024-12-13,133.81348079369633,125.25670038920148,15.059760956175294,0.6887450199203187,0.44971660066615055,10033750.0,9.1029578771222,2024-12-30,floor_violated_first
base8:300172:2024-11-05,300172,2024-11-05,2024-09-26,2024-10-24,41.54128108426582,37.90369079667686,17.67241379310345,0.5863515901060079,0.6891112020627951,33820025.0,7.275180575177901,2024-11-07,first_qualified_breakout
base8:300174:2024-04-29,300174,2024-04-29,2024-03-25,2024-04-17,64.7341805559427,58.464619396929834,12.30551626591232,0.6087198221092754,0.4216433032783694,5125600.0,3.8463565392717,2024-05-17,expired
base8:300174:2024-12-04,300174,2024-12-04,2024-11-01,2024-11-22,73.62006423991839,65.79308898914813,23.030303030303024,0.5538289408254592,0.5445272922228174,10288712.5,3.8747402231536006,2024-12-06,floor_violated_first
base8:300175:2025-04-29,300175,2025-04-29,2025-03-26,2025-04-17,22.68837929520806,20.767906244629426,15.476190476190466,0.5350928074245938,0.42675992609261615,6550312.5,4.4662163966945,2025-05-09,first_price_breakout_consumed
base8:300176:2024-05-21,300176,2024-05-21,2024-04-15,2024-05-09,24.773986671243335,23.131512416796266,15.334773218142539,0.5969730941704037,0.6833802896796883,5421187.5,4.5624284845752,2024-05-22,floor_violated_first
base8:300177:2024-03-15,300177,2024-03-15,2024-02-05,2024-03-05,66.15100675062334,60.494972716183426,31.93717277486914,0.5282738095238086,0.5519597699683204,13269525.0,12.2957261618259,2024-03-18,first_qualified_breakout
base8:300180:2024-03-15,300180,2024-03-15,2024-02-05,2024-03-05,25.020278247573827,23.333517916276715,24.452554744525568,0.5107758620689646,0.5787669407295146,30291712.5,7.0281680470713,2024-03-18,first_price_breakout_consumed
base8:300180:2025-05-13,300180,2025-05-13,2025-04-07,2025-04-28,56.08478101562898,50.46224657797193,33.50515463917525,0.551470588235294,0.5868900551807509,146641812.5,7.0281680470713,2025-05-22,floor_violated_first
base8:300181:2024-03-29,300181,2024-03-29,2024-02-27,2024-03-19,101.0715296523437,94.35914562199721,24.446583253128008,0.6229096989966553,0.5656048287793057,18602912.5,7.715383942926999,2024-04-01,first_price_breakout_consumed
base8:300183:2024-03-13,300183,2024-03-13,2024-02-01,2024-03-01,66.30484106125547,61.212382360662545,16.26617375231052,0.4573507737656588,0.6172819663531022,4800750.0,5.1438976773666,2024-03-14,first_price_breakout_consumed
base8:300183:2024-09-11,300183,2024-09-11,2024-08-09,2024-08-30,66.77070849523116,62.56835621231452,17.25746268656716,0.6871118012422357,0.5188209066654135,6476725.0,5.1880892381687,2024-09-23,first_price_breakout_consumed
base8:300184:2024-05-22,300184,2024-05-22,2024-04-16,2024-05-10,44.068963040097245,42.065828356456464,22.434367541766086,0.5744219653179196,0.6499227711511851,34500925.0,8.7092812332208,2024-05-23,floor_violated_first
base8:300187:2024-04-29,300187,2024-04-29,2024-03-25,2024-04-17,59.04742355437749,54.995149388880996,13.043478260869579,0.6250000000000006,0.4597538556531357,5802887.5,9.6482718226107,2024-05-17,expired
base8:300188:2024-03-20,300188,2024-03-20,2024-02-08,2024-03-08,224.35003353639806,209.2857626994217,36.15384615384616,0.4366158868335149,0.6238843757538268,26397725.0,13.4502418187289,2024-03-26,floor_violated_first
base8:300189:2024-03-15,300189,2024-03-15,2024-02-05,2024-03-05,20.87032670548256,18.718074263979673,15.810276679841916,0.4638501742160269,0.6710299627641088,24288775.0,6.521977095463299,2024-03-26,floor_violated_first
base8:300190:2024-03-15,300190,2024-03-15,2024-02-05,2024-03-05,40.36154932362164,37.79520803714859,17.216117216117222,0.47368421052631615,0.6385317720933122,7946587.5,11.6651876657866,2024-03-20,first_price_breakout_consumed
base8:300190:2024-05-22,300190,2024-05-22,2024-04-16,2024-05-10,40.59485307693737,38.261815543780045,19.285714285714285,0.5370145631067961,0.5574951482073667,4958150.0,11.6651876657866,2024-05-28,floor_violated_first
base8:300190:2024-10-25,300190,2024-10-25,2024-09-13,2024-10-15,43.889772633064126,40.37859082241899,24.567474048442904,0.4368455497382203,0.6363702921100725,10966425.0,11.7039393688171,2024-10-28,first_qualified_breakout
base8:300191:2024-03-15,300191,2024-03-15,2024-02-05,2024-03-05,53.98594869146506,49.06695564440675,33.63128491620115,0.6102783725910068,0.6931067423418725,4288025.0,4.0991608725486,2024-03-19,first_price_breakout_consumed
base8:300191:2024-11-04,300191,2024-11-04,2024-09-25,2024-10-23,64.88971661244433,58.24907599891561,25.901639344262286,0.4809686018957342,0.634301711056015,4976875.0,4.0991608725486,2024-11-18,floor_violated_first
base8:300191:2025-02-20,300191,2025-02-20,2025-01-10,2025-02-10,57.101310954602,53.82198225656312,16.314454775993227,0.5025773195876286,0.4740961739687829,2830262.5,4.0991608725486,2025-02-28,first_price_breakout_consumed
base8:300192:2024-03-15,300192,2024-03-15,2024-02-05,2024-03-05,38.21201081325893,34.60845050313833,63.85350318471335,0.5481230031948879,0.686910519490998,18332300.0,3.5678814951688995,2024-03-18,first_qualified_breakout
base8:300192:2024-08-21,300192,2024-08-21,2024-07-19,2024-08-09,43.898764245543525,40.3413873601486,23.021582733812963,0.5044475655430714,0.642650281058053,26537575.0,3.6673988509226003,2024-08-22,floor_violated_first
base8:300192:2025-05-13,300192,2025-05-13,2025-04-07,2025-04-28,61.59349802209065,56.03141850373216,15.308453922315302,0.6942733990147785,0.6723318520590364,12147037.5,3.7329392740661,2025-05-16,floor_violated_first
base8:300193:2024-03-19,300193,2024-03-19,2024-02-07,2024-03-07,22.86685795032035,21.125726634306112,29.29824561403509,0.4942152917505036,0.6292330107054206,4780925.0,2.9018855266904,2024-04-01,first_qualified_breakout
base8:300193:2024-10-31,300193,2024-10-31,2024-09-23,2024-10-21,29.51031241717196,28.016505280352305,25.099601593625497,0.4022491349480969,0.6816594106878363,10713850.0,3.0485859935095,2024-11-01,floor_violated_first
base8:300194:2024-03-14,300194,2024-03-14,2024-02-02,2024-03-04,24.691011269751698,23.006060369453678,13.496932515337434,0.5184659090909102,0.6735632035835124,20827162.5,6.4805803857616,2024-03-28,first_qualified_breakout
base8:300194:2024-05-21,300194,2024-05-21,2024-04-15,2024-05-09,28.644165305066274,27.024020208625874,18.699186991869922,0.5319148936170226,0.6013092125297566,26288425.0,6.4805803857616,2024-05-23,floor_violated_first
base8:300195:2024-03-15,300195,2024-03-15,2024-02-05,2024-03-05,18.031302393702124,16.56208516162269,24.626865671641806,0.5412735849056606,0.621970826178233,10481937.5,3.3391300729078006,2024-03-18,first_price_breakout_consumed
base8:300195:2025-05-13,300195,2025-05-13,2025-04-07,2025-04-28,22.305388887024105,20.068171738175877,18.518518518518533,0.49021946564885527,0.643622132350227,11159275.0,3.3391300729078,2025-05-20,first_price_breakout_consumed
base8:300196:2024-05-17,300196,2024-05-17,2024-04-11,2024-05-07,45.09272038357966,41.2214852473105,22.826086956521753,0.681818181818183,0.5165403764879826,3866287.5,3.584476978027,2024-05-29,factor_changed_raw_volume_not_comparable
base8:300196:2024-10-24,300196,2024-10-24,2024-09-12,2024-10-14,41.68001288352731,38.884402263290724,21.149674620390456,0.5155767250257463,0.6872956884461494,2665937.5,3.6306631431644,2024-10-25,first_qualified_breakout
base8:300197:2024-07-26,300197,2024-07-26,2024-06-25,2024-07-16,44.08189663311509,40.27626526910516,17.094017094017122,0.35576923076923095,0.4202861926860185,47983312.5,31.713594700082805,2024-07-31,first_qualified_breakout
base8:300200:2024-05-17,300200,2024-05-17,2024-04-11,2024-05-07,32.2001118076464,29.32799128209,27.662957074721774,0.5845256024096382,0.6400628058444301,11688579.0,4.04524017684,2024-05-27,floor_violated_first
base8:300201:2024-03-13,300201,2024-03-13,2024-02-01,2024-03-01,50.12575993073188,47.448101814773985,21.01063829787233,0.4528601694915245,0.6807935686698318,20544775.0,10.7106324638316,2024-03-15,first_qualified_breakout
base8:300201:2024-10-24,300201,2024-10-24,2024-09-12,2024-10-14,44.53099936897846,41.28845087123731,36.57718120805371,0.42040358744394646,0.6475638670211128,25236600.0,10.8084949924705,2024-10-25,first_qualified_breakout
base8:300207:2024-05-22,300207,2024-05-22,2024-04-16,2024-05-10,106.29129560956626,102.40343633188128,12.731310140636577,0.596488595438176,0.6037139222369637,21135062.5,6.9426058530089,2024-05-23,factor_changed_raw_volume_not_comparable
base8:300207:2024-08-05,300207,2024-08-05,2024-07-03,2024-07-24,121.82247803291442,111.25659969691782,20.76271186440679,0.6317934782608698,0.6547664669123804,43084912.5,6.9972704211898,2024-08-16,floor_violated_first
base8:300209:2025-03-31,300209,2025-03-31,2025-02-26,2025-03-19,20.806452893333542,19.184657135488145,22.7699530516432,0.6946378830083574,0.5606922214351732,6163562.5,3.9555994093790003,2025-04-02,floor_violated_first
base8:300211:2025-06-09,300211,2025-06-09,2025-05-06,2025-05-27,44.7303155881059,41.91832206429223,13.532513181019334,0.5772292993630566,0.6085009913660829,9319537.5,6.5395198228225,2025-06-11,first_price_breakout_consumed
base8:300213:2024-03-25,300213,2024-03-25,2024-02-21,2024-03-13,47.37793490383034,43.18804950417187,26.306306306306304,0.5759999999999988,0.6988772150910317,24523587.5,6.4459775379361,2024-03-26,floor_violated_first
base8:300213:2024-08-20,300213,2024-08-20,2024-07-18,2024-08-08,39.30086006101744,36.37765559366904,12.190476190476174,0.5007763975155285,0.5551687520661985,15516900.0,6.496009927440899,2024-08-22,first_price_breakout_consumed
base8:300214:2025-03-18,300214,2025-03-18,2025-02-13,2025-03-06,25.716590818049653,23.8431967849467,15.981012658227844,0.578874538745387,0.5548067406703993,24908400.0,3.4061709692781,2025-03-21,floor_violated_first
base8:300214:2025-05-26,300214,2025-05-26,2025-04-18,2025-05-14,22.412604977849902,21.254506848295343,15.901060070671381,0.6074617346938775,0.5948545968981382,8176962.5,3.4061709692781,2025-05-29,first_qualified_breakout
base8:300215:2024-03-25,300215,2024-03-25,2024-02-21,2024-03-13,83.3678141266453,78.29814975407902,19.12568306010929,0.45743967828418297,0.667984220783303,6375375.0,18.7765347132084,2024-03-27,floor_violated_first
base8:300215:2024-11-04,300215,2024-11-04,2024-09-25,2024-10-23,117.79583791547914,106.64021281593936,27.5711159737418,0.5689233278955954,0.6726073352713758,15737787.5,18.9078391517623,2024-11-07,first_qualified_breakout
base8:300217:2025-05-29,300217,2025-05-29,2025-04-23,2025-05-19,73.16064857891142,66.61891175342481,26.558891454965373,0.5267857142857144,0.5754745733301935,38692512.5,13.350483317319602,2025-06-04,floor_violated_first
base8:300218:2024-03-15,300218,2024-03-15,2024-02-05,2024-03-05,29.59719834016438,27.066750848486205,38.02197802197804,0.5208333333333337,0.5944579937588996,3270212.5,2.2593281175698,2024-03-18,first_price_breakout_consumed
base8:300218:2024-10-31,300218,2024-10-31,2024-09-23,2024-10-21,40.886553320328844,37.357925389008706,29.55376737381128,0.34876943005181454,0.6436786630502774,5083375.0,2.2765341492388,2024-11-01,floor_violated_first
base8:300219:2024-03-14,300219,2024-03-14,2024-02-02,2024-03-04,37.22989232377643,34.72659484277859,17.68826619964974,0.4274316109422491,0.5080826542882364,8771762.5,5.3261648531869,2024-03-18,first_price_breakout_consumed
base8:300219:2024-11-01,300219,2024-11-01,2024-09-24,2024-10-22,42.14348355537138,38.13497740743117,31.3458262350937,0.5015519187358917,0.6617388313931932,21381412.5,5.4169001999192,2024-11-11,first_qualified_breakout
base8:300220:2024-03-15,300220,2024-03-15,2024-02-05,2024-03-05,30.369425019851327,27.849501341523176,12.15753424657533,0.5249023437499999,0.46151528749316956,850225.0,4.3446959971175,2024-03-19,first_price_breakout_consumed
base8:300221:2024-08-20,300221,2024-08-20,2024-07-18,2024-08-08,20.94857693761023,19.599775203196696,12.97169811320753,0.6382978723404259,0.6628347649598256,11467337.5,4.2150054200423,2024-08-22,floor_violated_first
base8:300221:2025-03-17,300221,2025-03-17,2025-02-12,2025-03-05,36.92344747957055,33.172092655732904,27.59643916913945,0.69464544138929,0.6311154191590899,29948837.5,4.2150054200423,2025-03-24,floor_violated_first
base8:300222:2024-03-22,300222,2024-03-22,2024-02-20,2024-03-12,43.222369142305865,40.217263595429564,31.96078431372551,0.509410801963994,0.6273329089952555,17234625.0,6.3938415890985,2024-03-25,floor_violated_first
base8:300225:2024-03-15,300225,2024-03-15,2024-02-05,2024-03-05,49.427812438914074,45.953653098159734,23.880597014925353,0.44263196480938405,0.6284499106107598,11002712.5,7.8958166835326,2024-03-18,first_price_breakout_consumed
base8:300225:2024-10-23,300225,2024-10-23,2024-09-11,2024-10-11,58.58695979181189,53.92842794852766,36.72316384180792,0.484949832775919,0.5349967343937521,17141837.5,7.8958166835326,2024-10-25,first_price_breakout_consumed
base8:300225:2025-02-11,300225,2025-02-11,2024-12-31,2025-01-22,59.06070879282385,55.2707167847282,12.38390092879258,0.4891304347826087,0.5360433761047941,7338612.5,7.8958166835326,2025-02-13,floor_violated_first
base8:300226:2024-03-13,300226,2024-03-13,2024-02-01,2024-03-01,191.14996890560295,176.1013113870714,14.014598540145972,0.5281432748538021,0.6696603407358634,8583800.0,8.0046050630487,2024-03-18,first_qualified_breakout
base8:300229:2024-03-15,300229,2024-03-15,2024-02-05,2024-03-05,88.1201132788573,81.58476141258339,60.03976143141154,0.626507840772015,0.6797382575460407,39740362.5,5.3568457920278,2024-03-18,first_qualified_breakout
base8:300230:2024-04-09,300230,2024-04-09,2024-03-05,2024-03-26,29.454463728760818,27.94582046460478,12.464589235127498,0.6098300970873777,0.5434615273833893,10943500.0,7.1840155436002,2024-04-10,floor_violated_first
base8:300230:2025-05-22,300230,2025-05-22,2025-04-16,2025-05-12,35.983916344016606,34.054881653409524,13.809523809523805,0.6925675675675688,0.6696441782738298,19912825.0,7.419364194642599,2025-05-26,floor_violated_first
base8:300232:2024-03-13,300232,2024-03-13,2024-02-01,2024-03-01,65.71601832075847,61.535857392071165,21.081081081081066,0.4895833333333333,0.6993345404750827,34499800.0,9.7213044853193,2024-03-25,floor_violated_first
base8:300233:2024-03-26,300233,2024-03-26,2024-02-22,2024-03-14,37.95557603154931,35.03248346239413,16.80911680911681,0.648148148148146,0.6490273029369723,3523387.5,2.2313683734009,2024-03-27,floor_violated_first
base8:300233:2024-11-05,300233,2024-11-05,2024-09-26,2024-10-24,32.71655459220879,29.48585170480013,17.4428450465707,0.5132035466461061,0.6807678729131527,8561600.0,2.2751428784568,2024-11-12,first_price_breakout_consumed
base8:300234:2024-03-15,300234,2024-03-15,2024-02-05,2024-03-05,26.652648244478122,23.968657906041216,19.44444444444442,0.5287322274881516,0.6102616162257049,6925200.0,6.2418379963649,2024-03-18,first_price_breakout_consumed
base8:300235:2024-03-14,300235,2024-03-14,2024-02-02,2024-03-04,56.368659525109344,51.33574349608172,19.58128078817736,0.386904761904762,0.5956715364603836,9633625.0,5.5921289211418,2024-03-20,first_price_breakout_consumed
base8:300235:2024-10-31,300235,2024-10-31,2024-09-23,2024-10-21,61.854017141708,56.34338652362856,27.791262135922313,0.4960317460317458,0.6429676904144147,9484575.0,5.623092467428,2024-11-01,floor_violated_first
base8:300236:2024-03-15,300236,2024-03-15,2024-02-05,2024-03-05,92.3869027663397,86.80940489786502,35.72808033989956,0.5674715909090924,0.6637661983371775,4493175.0,2.5584852607682,2024-03-25,floor_violated_first
base8:300239:2024-03-14,300239,2024-03-14,2024-02-02,2024-03-04,28.80302363984813,27.22103938690193,20.04504504504505,0.38932724252491707,0.6622112042081838,15204175.0,5.4551181136076,2024-03-28,floor_violated_first
base8:300240:2024-03-15,300240,2024-03-15,2024-02-05,2024-03-05,20.09952186264529,19.08549193083616,22.706422018348604,0.3313821752265857,0.45189692684253463,4431000.0,3.6215354707469003,2024-03-18,first_price_breakout_consumed
base8:300240:2024-10-31,300240,2024-10-31,2024-09-23,2024-10-21,27.138210250285113,24.377160746909386,37.34290843806103,0.5065620998719591,0.6894295983157075,21533975.0,3.6329598728628,2024-11-01,floor_violated_first
base8:300241:2024-03-15,300241,2024-03-15,2024-02-05,2024-03-05,16.858771233320148,15.756623961408177,29.702970297029708,0.39564220183486243,0.44651790727188373,12215825.0,4.0820269330073,2024-03-18,first_price_breakout_consumed
base8:300243:2024-03-18,300243,2024-03-18,2024-02-06,2024-03-06,34.31285688065928,30.7414264543456,20.035149384885752,0.494953416149069,0.559104120736237,4049162.5,4.520798007992,2024-03-20,first_price_breakout_consumed
base8:300244:2024-10-30,300244,2024-10-30,2024-09-20,2024-10-18,141.80202057355592,129.76026772836374,43.19196428571428,0.44131832797427706,0.6215885410228171,16928462.5,10.3808214182691,2024-11-01,floor_violated_first
base8:300246:2024-03-15,300246,2024-03-15,2024-02-05,2024-03-05,44.81664641676664,40.65594979982544,17.85714285714286,0.4062117503059973,0.4948108915702514,4785662.5,5.943852309916,2024-03-18,first_qualified_breakout
base8:300246:2024-05-22,300246,2024-05-22,2024-04-16,2024-05-10,44.757207893667484,42.14191287730444,23.83333333333333,0.43482274741506627,0.6810869572978512,6359150.0,5.943852309916,2024-05-23,floor_violated_first
base8:300246:2025-03-11,300246,2025-03-11,2025-02-06,2025-02-27,45.35159312465908,42.201351400403595,12.785388127853881,0.6434911242603554,0.5754111623415792,9463012.5,5.943852309916,2025-03-24,floor_violated_first
base8:300247:2024-03-15,300247,2024-03-15,2024-02-05,2024-03-05,18.431302636677685,17.42136824562685,14.46280991735538,0.5099999999999995,0.6593675513184446,10818050.0,6.312089944067699,2024-03-18,first_price_breakout_consumed
base8:300248:2024-03-13,300248,2024-03-13,2024-02-01,2024-03-01,83.51597673159137,77.25740845072272,14.18234442836468,0.45154816513761403,0.6287479926225278,7277112.5,10.259948001424,2024-03-18,first_price_breakout_consumed
base8:300249:2024-03-21,300249,2024-03-21,2024-02-19,2024-03-11,43.97278096183886,39.36562114045877,52.77777777777777,0.4903846153846148,0.6149683752312434,23595512.5,5.1190664682001,2024-03-25,first_price_breakout_consumed
base8:300251:2024-12-26,300251,2024-12-26,2024-11-25,2024-12-16,259.72102754763614,242.54938936266845,15.338164251207754,0.6405431937172774,0.5774762420301153,42163500.0,26.830684664012,2025-01-03,floor_violated_first
base8:300251:2025-03-07,300251,2025-03-07,2025-01-27,2025-02-25,669.9621960603795,613.8860651125946,156.87303252885627,0.2981944191136237,0.5494148690041469,198763062.5,26.830684664012,2025-03-11,floor_violated_first
base8:300253:2024-03-11,300253,2024-03-11,2024-01-30,2024-02-28,255.63810277931572,235.8376411532553,12.45847176079733,0.6101694915254233,0.6729289719991605,34648875.0,35.3579671893936,2024-03-15,first_price_breakout_consumed
base8:300253:2024-11-04,300253,2024-11-04,2024-09-25,2024-10-23,283.7926324114832,258.96077707547846,39.99999999999999,0.4800328227571116,0.6142097319581525,48130637.5,35.4740790514354,2024-11-07,first_price_breakout_consumed
base8:300254:2024-11-05,300254,2024-11-05,2024-09-26,2024-10-24,15.183050730040867,13.627348980361802,24.22360248447204,0.4454507160909858,0.6982899938334312,15113500.0,1.4958670669991,2024-11-18,floor_violated_first
base8:300255:2024-05-23,300255,2024-05-23,2024-04-17,2024-05-13,92.569013233197,83.44695965837468,14.30030643513791,0.6892820773930751,0.56444466802169,23310537.5,7.932220499845502,2024-05-24,floor_violated_first
base8:300256:2025-03-18,300256,2025-03-18,2025-02-13,2025-03-06,24.735386392259716,22.482535215269518,18.161434977578452,0.5467462932454693,0.6204990235545141,112062512.5,4.5976554632453,2025-03-20,first_price_breakout_consumed
base8:300257:2024-03-12,300257,2024-03-12,2024-01-31,2024-02-29,95.60229463904004,90.16887599920285,15.537848605577675,0.45348127035830615,0.5859689510139898,4031900.0,6.4683555236157,2024-03-15,floor_violated_first
base8:300257:2025-05-27,300257,2025-05-27,2025-04-21,2025-05-15,67.36763401258598,62.06979094946027,18.0505415162455,0.6197301854974708,0.4882588788123211,10145375.0,6.5405469915132,2025-05-30,floor_violated_first
base8:300258:2024-05-22,300258,2024-05-22,2024-04-16,2024-05-10,44.868246256227266,42.742432169490684,15.276145710928324,0.5795454545454554,0.5011282413276784,6287562.5,4.5230086951842,2024-05-24,factor_changed_raw_volume_not_comparable
base8:300259:2024-03-14,300259,2024-03-14,2024-02-02,2024-03-04,51.26594441621191,49.06433944128257,14.855072463768115,0.39909638554216886,0.5189045691016417,7584537.5,15.7257498209239,2024-03-18,first_qualified_breakout
base8:300260:2024-03-19,300260,2024-03-19,2024-02-07,2024-03-07,156.62581900251567,144.33153428511395,42.53770150806033,0.48810356892932144,0.5879468504585367,9282450.0,5.613828638083,2024-03-22,first_price_breakout_consumed
base8:300261:2024-03-14,300261,2024-03-14,2024-02-02,2024-03-04,58.31593625217968,54.310209001630604,17.658349328214975,0.4985119047619044,0.6694209655249055,10120025.0,9.3156447687188,2024-03-25,floor_violated_first
base8:300261:2024-05-24,300261,2024-05-24,2024-04-18,2024-05-14,62.880602188851896,57.29121532762062,21.778584392014544,0.4791666666666672,0.46222625488110347,19826412.5,9.3156447687188,2024-05-27,first_qualified_breakout
base8:300263:2024-03-14,300263,2024-03-14,2024-02-02,2024-03-04,52.945431314863505,50.17209919837065,19.379844961240323,0.42290419161676684,0.6430410941609874,9236175.0,8.404036716645,2024-03-18,first_qualified_breakout
base8:300264:2024-03-15,300264,2024-03-15,2024-02-05,2024-03-05,26.905972450039798,24.87767606534449,12.12121212121211,0.46334827144686314,0.6283804895549779,26003687.5,4.1393803769292,2024-03-20,first_qualified_breakout
base8:300264:2024-08-02,300264,2024-08-02,2024-07-02,2024-07-23,19.951813416798746,17.84072942456485,14.17910447761197,0.579427083333334,0.6547382905233586,28936700.0,4.1393803769292,2024-08-05,floor_violated_first
base8:300265:2024-10-28,300265,2024-10-28,2024-09-18,2024-10-16,22.118345364221547,20.085991434573504,22.063492063492074,0.4681528662420383,0.6914530299562175,17037375.0,2.6394206878546,2024-11-07,first_qualified_breakout
base8:300266:2024-07-25,300266,2024-07-25,2024-06-24,2024-07-15,24.911163766337424,22.611671726367813,19.626168224299057,0.44241573033707926,0.32938974877135324,14902312.5,19.162433666413403,2024-07-29,first_qualified_breakout
base8:300268:2025-05-26,300268,2025-05-26,2025-04-18,2025-05-14,21.967533156498757,20.24498673740061,21.058823529411754,0.6167491749174904,0.6053129345058595,2234775.0,2.026525198939,2025-06-06,first_qualified_breakout
base8:300269:2024-03-15,300269,2024-03-15,2024-02-05,2024-03-05,21.850830997665433,20.241661273031156,34.77088948787064,0.5167844522968192,0.6204605885471003,37480200.0,4.2346571700902,2024-03-18,first_qualified_breakout
base8:300271:2024-03-12,300271,2024-03-12,2024-01-31,2024-02-29,56.484772807852345,51.88420307689604,12.676056338028175,0.4359375000000001,0.45229117846258726,15021175.0,8.519573575845,2024-03-13,first_price_breakout_consumed
base8:300271:2025-05-21,300271,2025-05-21,2025-04-15,2025-05-09,69.43452464313675,64.4079762333882,15.735294117647069,0.6711254612546131,0.5485142709611016,14751362.5,8.519573575845,2025-05-23,floor_violated_first
base8:300274:2024-03-27,300274,2024-03-27,2024-02-23,2024-03-15,754.8096955251505,691.8408130972316,21.59437280187575,0.6878760319014969,0.5600986637027893,15799987.5,6.807446748964199,2024-04-10,floor_violated_first
base8:300275:2024-03-13,300275,2024-03-13,2024-02-01,2024-03-01,44.85198923274429,41.691434551058684,13.325183374083128,0.4056255430060815,0.542071271007209,4767300.0,4.6478745318906,2024-03-18,first_price_breakout_consumed
base8:300275:2025-03-20,300275,2025-03-20,2025-02-17,2025-03-10,81.37114740334968,74.5242334546992,24.99999999999998,0.6471932114882499,0.6813933025757354,26257500.0,4.6577645909187,2025-03-21,floor_violated_first
base8:300277:2024-03-26,300277,2024-03-26,2024-02-22,2024-03-14,42.20650553830005,38.03928094084764,13.373860182370812,0.5967114568599712,0.680007892631745,7645025.0,5.3425956377595,2024-03-27,floor_violated_first
base8:300277:2025-05-14,300277,2025-05-14,2025-04-08,2025-04-29,70.39917983537762,66.27380932752062,20.05676442762534,0.4813144329896903,0.6273422506837404,7012875.0,5.3576240361779,2025-05-15,floor_violated_first
base8:300278:2024-03-19,300278,2024-03-19,2024-02-07,2024-03-07,14.777224814032044,13.599918441485535,38.40000000000001,0.4132231404958674,0.6599614057059313,22582225.0,4.0596771467121,2024-03-26,floor_violated_first
base8:300278:2024-05-21,300278,2024-05-21,2024-04-15,2024-05-09,14.290063556426592,13.43753135561705,12.703583061889256,0.5838815789473697,0.5993195737381366,10781875.0,4.0596771467121,2024-05-24,floor_violated_first
base8:300278:2025-03-19,300278,2025-03-19,2025-02-14,2025-03-07,29.838627028333935,26.915659482701223,14.332247557003264,0.6147119341563787,0.5595464012720557,70316775.0,4.0596771467121,2025-03-24,floor_violated_first
base8:300279:2024-03-25,300279,2024-03-25,2024-02-21,2024-03-13,30.90621115672515,28.30662330242117,19.43793911007028,0.4798228346456688,0.6610205500268237,12165550.0,5.7768618984533,2024-03-27,floor_violated_first
base8:300279:2025-05-13,300279,2025-05-13,2025-04-07,2025-04-28,39.9181157183123,36.105386865333124,24.606299212598426,0.5698529411764699,0.6794080332502104,11711762.5,5.7768618984533,2025-05-28,expired
base8:300281:2024-04-01,300281,2024-04-01,2024-02-28,2024-03-20,32.132849085128704,29.559710779483634,27.98982188295165,0.6646039603960394,0.6431116979020448,15354287.5,6.2759470869392,2024-04-09,floor_violated_first
base8:300281:2024-05-22,300281,2024-05-22,2024-04-16,2024-05-10,29.68522972122242,28.2417618912264,25.67567567567568,0.6362815884476555,0.6400111597738836,4557400.0,6.2759470869392,2024-05-24,floor_violated_first
base8:300281:2024-08-21,300281,2024-08-21,2024-07-19,2024-08-09,32.53346612319537,29.128801063791197,26.566416040100236,0.29563492063492075,0.37274974024119284,20218925.0,6.3049352951929,2024-08-22,floor_violated_first
base8:300281:2024-10-30,300281,2024-10-30,2024-09-20,2024-10-18,39.91024041857106,36.50557535916689,32.26544622425629,0.42362002567394114,0.6088534722213302,22122662.5,6.3049352951929,2024-10-31,first_price_breakout_consumed
base8:300283:2024-03-14,300283,2024-03-14,2024-02-02,2024-03-04,31.94538935108036,29.937034814273737,16.898148148148138,0.4119547657512116,0.6573418629932227,10835912.5,6.2761079275207,2024-03-18,first_price_breakout_consumed
base8:300283:2024-10-31,300283,2024-10-31,2024-09-23,2024-10-21,40.52529133805923,36.365619132286426,30.415754923413573,0.5083198051948048,0.6520117336729427,13079125.0,6.302533645110301,2024-11-07,first_qualified_breakout
base8:300284:2024-03-15,300284,2024-03-15,2024-02-05,2024-03-05,19.650857996808224,18.658390421211852,14.319809069212397,0.45238095238095094,0.6073747721345649,6963612.5,3.9698703023854995,2024-03-18,first_price_breakout_consumed
base8:300285:2024-10-31,300285,2024-10-31,2024-09-23,2024-10-21,247.55401285880032,233.6338024092933,32.684283727399155,0.35109890109890085,0.681991852501238,14516237.5,12.540730134691,2024-11-01,floor_violated_first
base8:300285:2025-03-18,300285,2025-03-18,2025-02-13,2025-03-06,254.45141443288037,240.15498207933263,15.389048991354448,0.5868902439024377,0.586409006357837,16010600.0,12.540730134691,2025-03-19,floor_violated_first
base8:300286:2024-03-18,300286,2024-03-18,2024-02-06,2024-03-06,161.8705778576604,145.39273460268902,40.129870129870106,0.61595513748191,0.6229435487819607,3816812.5,6.923463552508999,2024-03-20,first_price_breakout_consumed
base8:300286:2024-10-30,300286,2024-10-30,2024-09-20,2024-10-18,144.20515951946015,130.64620230705256,26.806833114323236,0.4799257759784072,0.6577238062686583,4926325.0,7.0619568814623,2024-11-01,floor_violated_first
base8:300287:2024-08-20,300287,2024-08-20,2024-07-18,2024-08-08,31.58792589576718,28.367196196590925,35.91160220994474,0.4615384615384615,0.4715195931628893,74325787.5,12.3874219199087,2024-08-21,floor_violated_first
base8:300288:2024-05-22,300288,2024-05-22,2024-04-16,2024-05-10,78.9027590301268,74.737085416735,14.412024756852325,0.6389405204460981,0.5944790426137325,5035075.0,6.125990607929099,2024-05-23,floor_violated_first
base8:300289:2024-03-15,300289,2024-03-15,2024-02-05,2024-03-05,12.537787058891197,11.452040550698559,15.64102564102563,0.4739467849223931,0.5552948450544087,5704462.5,2.585110733792,2024-03-18,first_price_breakout_consumed
base8:300292:2024-03-14,300292,2024-03-14,2024-02-02,2024-03-04,30.59237019377435,28.898023536888385,19.926199261992615,0.4385593220338983,0.5880881535134057,24068825.0,9.4130369826998,2024-03-18,first_price_breakout_consumed
base8:300292:2025-05-13,300292,2025-05-13,2025-04-07,2025-04-28,47.253445653152994,43.86475233938107,16.500000000000004,0.5494712990936539,0.6990239125375156,31315637.5,9.4130369826998,2025-05-23,floor_violated_first
base8:300293:2024-03-19,300293,2024-03-19,2024-02-07,2024-03-07,80.83518734023505,72.83735961752629,96.92307692307696,0.48426644871270974,0.6923815179642802,28723775.0,4.7606117397076,2024-03-20,first_price_breakout_consumed
base8:300296:2024-03-12,300296,2024-03-12,2024-01-31,2024-02-29,104.82667728297785,99.63342905061015,17.47787610619469,0.44744318181818193,0.6201451782657206,22881600.0,19.234252712473,2024-03-25,floor_violated_first
base8:300298:2024-05-16,300298,2024-05-16,2024-04-10,2024-05-06,158.5530066887254,144.9609427182007,23.280159521435696,0.679467733039161,0.5228580760100365,3866162.5,6.321890218848699,2024-05-23,first_qualified_breakout
base8:300300:2024-03-15,300300,2024-03-15,2024-02-05,2024-03-05,20.785583142302567,19.181551002703657,22.26890756302522,0.5316310975609755,0.6837483397998485,19947051.125,6.6834672483288,2024-03-18,first_price_breakout_consumed
base8:300302:2024-05-22,300302,2024-05-22,2024-04-16,2024-05-10,72.2042968149999,68.81864079209562,14.766558089033644,0.5904562982005144,0.5734795967360973,8886387.5,6.9095020875598,2024-05-24,floor_violated_first
base8:300303:2024-03-20,300303,2024-03-20,2024-02-08,2024-03-08,90.89677870638825,84.67321547964455,17.467248908296938,0.4727224576271192,0.6922939169506905,45471987.5,16.377797965115,2024-03-26,floor_violated_first
base8:300303:2024-11-14,300303,2024-11-14,2024-10-14,2024-11-04,134.14941903986735,120.28341433213512,20.232172470978437,0.6159822419533856,0.6442358098052604,103755500.0,16.7060297683521,2024-11-15,floor_violated_first
base8:300305:2024-03-22,300305,2024-03-22,2024-02-20,2024-03-12,30.653440225512814,28.1593282911535,17.540983606557383,0.5701410658307207,0.6700578376806778,3226462.5,4.0227611844505,2024-03-26,floor_violated_first
base8:300306:2024-03-14,300306,2024-03-14,2024-02-02,2024-03-04,46.62379328375808,42.85802536468532,17.508813160987067,0.4096487006737248,0.526884699745488,3175650.0,4.4830570465152,2024-03-18,first_price_breakout_consumed
base8:300307:2024-03-13,300307,2024-03-13,2024-02-01,2024-03-01,12.441359576625457,11.474186747347153,13.778705636743194,0.47041814946619254,0.6392888840860819,11654287.5,2.1981200665416,2024-03-18,first_price_breakout_consumed
base8:300307:2024-05-29,300307,2024-05-29,2024-04-23,2024-05-17,14.793348047824969,13.452494807234594,44.74789915966386,0.673076923076922,0.5595813409299013,22183837.5,2.1981200665416,2024-06-04,floor_violated_first
base8:300307:2024-11-12,300307,2024-11-12,2024-10-10,2024-10-31,18.74742637356193,16.86820941010226,17.22141823444283,0.6286507009345801,0.6950068674701071,36787200.0,2.2371630517377,2024-11-18,floor_violated_first
base8:300314:2024-03-15,300314,2024-03-15,2024-02-05,2024-03-05,47.530837172202496,43.54088099556285,32.09876543209875,0.46984435797665297,0.569207374996263,3934775.0,3.8737438608152,2024-03-18,first_price_breakout_consumed
base8:300316:2024-11-06,300316,2024-11-06,2024-09-27,2024-10-25,357.6558496012917,322.15674584895487,37.6435716932197,0.4878769958604381,0.5865492935367234,27932212.5,9.5171859925836,2024-11-11,first_qualified_breakout
base8:300317:2025-05-23,300317,2025-05-23,2025-04-17,2025-05-13,10.942202563577359,10.305061654812096,17.629179331306986,0.6024096385542166,0.6516103312676013,22767612.5,2.7701778641968,2025-06-06,first_price_breakout_consumed
base8:300318:2024-03-15,300318,2024-03-15,2024-02-05,2024-03-05,31.098512772848434,28.587452735289244,17.829457364341074,0.4697368421052624,0.5266145822026642,6630537.5,6.438615480921,2024-03-18,first_qualified_breakout
base8:300318:2024-05-24,300318,2024-05-24,2024-04-18,2024-05-14,36.7001082412497,34.31782051330893,14.54918032786885,0.6234137055837569,0.5523846365108668,7803825.0,6.438615480921,2024-05-30,floor_violated_first
base8:300319:2024-03-14,300319,2024-03-14,2024-02-02,2024-03-04,67.61417451565504,63.69798710280976,28.61491628614914,0.534172661870504,0.6358988564343652,16350587.5,7.9922192098883,2024-03-18,first_price_breakout_consumed
base8:300320:2024-03-14,300320,2024-03-14,2024-02-02,2024-03-04,54.33532088273996,50.13590333817488,13.670411985018749,0.4522613065326633,0.6362911776561377,5809050.0,8.570239886867501,2024-03-18,first_price_breakout_consumed
base8:300321:2024-05-24,300321,2024-05-24,2024-04-18,2024-05-14,49.657515701824934,44.38818106621643,17.61395610579628,0.5410933432502785,0.6967619704273315,1542775.0,2.1684504673286,2024-06-03,floor_violated_first
base8:300322:2024-03-21,300322,2024-03-21,2024-02-19,2024-03-11,47.40845993079924,42.43678623019109,53.6621823617339,0.5219673405909797,0.6946377632776447,42421662.5,4.438994375543,2024-03-25,floor_violated_first
base8:300322:2024-05-22,300322,2024-05-22,2024-04-16,2024-05-10,41.682157186348775,38.53047117971324,25.132978723404275,0.6202548806941436,0.5694298695317355,23499387.5,4.438994375543,2024-05-27,floor_violated_first
base8:300322:2025-05-22,300322,2025-05-22,2025-04-16,2025-05-12,71.46780944624231,64.0546888390855,33.39041095890411,0.6495959241040052,0.636139715698992,34926475.0,4.438994375543,2025-05-23,floor_violated_first
base8:300323:2024-11-04,300323,2024-11-04,2024-09-25,2024-10-23,22.54266738917375,20.184357569998653,36.073059360730596,0.6625939849624057,0.6896299166266099,30511112.5,3.4681026752575,2024-11-05,first_qualified_breakout
base8:300327:2024-03-12,300327,2024-03-12,2024-01-31,2024-02-29,60.507251842909085,56.63527940400276,15.033072760072175,0.4749177631578942,0.6536456078070095,6390375.0,3.072993999132,2024-03-20,first_price_breakout_consumed
base8:300327:2024-11-04,300327,2024-11-04,2024-09-25,2024-10-23,82.4553989152654,74.50789058608319,44.6035242290749,0.4659397482014387,0.6889153699102972,16807900.0,3.1044954410868,2024-11-05,first_price_breakout_consumed
base8:300328:2024-05-22,300328,2024-05-22,2024-04-16,2024-05-10,29.281073284153408,27.54879604787715,20.000000000000018,0.6568113772455106,0.6339511700537293,8566075.0,5.5879910847621,2024-05-24,floor_violated_first
base8:300328:2025-02-13,300328,2025-02-13,2025-01-03,2025-01-24,47.62710859409754,42.819677444928075,15.440115440115454,0.5692771084337348,0.6808264416410892,27042512.5,5.5900362199645,2025-02-20,first_price_breakout_consumed
base8:300329:2024-03-15,300329,2024-03-15,2024-02-05,2024-03-05,19.201176060986906,17.292287212818618,16.089108910891103,0.3813559322033901,0.43723511892214945,4701700.0,3.7429193101339,2024-03-18,first_price_breakout_consumed
base8:300329:2025-05-14,300329,2025-05-14,2025-04-08,2025-04-29,27.706207307197985,25.184038978961212,25.233644859813097,0.608108108108108,0.6744341540951587,7900537.5,3.7644303406519,2025-05-20,first_price_breakout_consumed
base8:300331:2024-03-18,300331,2024-03-18,2024-02-06,2024-03-06,59.468389453973494,55.17430834534891,46.513409961685845,0.5215360664244943,0.6868464602273383,9135062.5,3.089266984622,2024-03-19,first_price_breakout_consumed
base8:300332:2024-03-14,300332,2024-03-14,2024-02-02,2024-03-04,14.836111734256681,13.99672776060708,13.09904153354633,0.508643617021276,0.6938661983982055,6434175.0,2.098459934124,2024-03-22,floor_violated_first
base8:300332:2024-12-04,300332,2024-12-04,2024-11-01,2024-11-22,14.039871202191236,13.02187449870909,17.09090909090909,0.59375,0.6180357469578494,20605250.0,2.1208264655878,2024-12-13,floor_violated_first
base8:300333:2024-03-15,300333,2024-03-15,2024-02-05,2024-03-05,18.288046681232796,16.652801631268545,23.902439024390265,0.40473568281938405,0.5591858456704852,11447675.0,3.3372347958454,2024-03-18,first_price_breakout_consumed
base8:300334:2024-03-15,300334,2024-03-15,2024-02-05,2024-03-05,13.29757798461126,11.915717240043481,12.210526315789473,0.4813787638668779,0.5467485670211716,4763612.5,2.265345482898,2024-03-18,first_price_breakout_consumed
base8:300334:2024-05-22,300334,2024-05-22,2024-04-16,2024-05-10,13.478805623243101,12.617974339741862,23.829787234042566,0.6712962962962962,0.6537105929551016,3369712.5,2.265345482898,2024-05-23,floor_violated_first
base8:300335:2024-03-15,300335,2024-03-15,2024-02-05,2024-03-05,11.993687281875072,10.838934020600448,16.201117318435763,0.4460352422907487,0.6993509447889674,17015912.5,2.6244392301696,2024-03-18,first_price_breakout_consumed
base8:300335:2024-11-04,300335,2024-11-04,2024-09-25,2024-10-23,13.855024892996902,12.911589345808396,23.61809045226131,0.5945121951219512,0.6627934428114124,16142975.0,2.6955301348243,2024-11-06,first_price_breakout_consumed
base8:300340:2024-05-22,300340,2024-05-22,2024-04-16,2024-05-10,31.036640961395253,29.124430854769006,25.816023738872396,0.5708955223880595,0.6883726966875451,4083950.0,3.6773271281274,2024-05-24,floor_violated_first
base8:300343:2024-03-12,300343,2024-03-12,2024-01-31,2024-02-29,75.62525574484906,69.4151526271151,13.763440860215038,0.47428330522765605,0.6255305662240139,23417625.0,13.8002291505199,2024-03-15,first_qualified_breakout
base8:300345:2025-06-05,300345,2025-06-05,2025-04-29,2025-05-23,40.77800804218288,37.72073394398332,13.707571801566587,0.6419491525423728,0.5429326215608881,13626812.5,4.3060198566191,2025-06-09,first_qualified_breakout
base8:300346:2024-03-14,300346,2024-03-14,2024-02-02,2024-03-04,294.6148631516009,274.74315203338,35.8735095904614,0.507114665558787,0.642164059732412,13341737.5,11.1638826506859,2024-03-20,first_qualified_breakout
base8:300347:2024-05-27,300347,2024-05-27,2024-04-19,2024-05-15,746.0490001767442,679.5118833899537,14.625302175664778,0.688988426441131,0.5113845117918697,7488275.0,12.625638858973499,2024-05-29,floor_violated_first
base8:300349:2024-03-12,300349,2024-03-12,2024-01-31,2024-02-29,75.85435066138407,71.051883655225,13.896987366375125,0.42138810198300325,0.6693258046464263,5573650.0,6.157008982255201,2024-03-13,first_qualified_breakout
base8:300349:2024-05-17,300349,2024-05-17,2024-04-11,2024-05-07,89.0303498834102,83.73532215867071,14.28571428571428,0.5559142561983469,0.6244556634076821,7939487.5,6.1570089822552,2024-05-20,factor_changed_raw_volume_not_comparable
base8:300349:2024-11-01,300349,2024-11-01,2024-09-24,2024-10-22,93.28374506803284,84.53639867903865,37.66233766233766,0.48727394507702615,0.6816318128532131,14451012.5,6.3849243715286,2024-11-11,first_price_breakout_consumed
base8:300350:2024-05-21,300350,2024-05-21,2024-04-15,2024-05-09,20.902361349291056,19.187857015230534,22.41379310344829,0.5463773885350319,0.587720495758272,29930599.625,3.6478815618309,2024-05-22,floor_violated_first
base8:300351:2024-03-22,300351,2024-03-22,2024-02-20,2024-03-12,90.61225475919677,83.10990148959544,29.61038961038962,0.522982062780269,0.6538487223380584,21654362.5,4.4924271075457,2024-03-25,floor_violated_first
base8:300351:2024-11-01,300351,2024-11-01,2024-09-24,2024-10-22,84.41188662509096,75.37421139756516,26.503496503496503,0.4624711316397226,0.6868172914863572,15077700.0,4.5188376137629,2024-11-11,first_qualified_breakout
base8:300351:2025-05-13,300351,2025-05-13,2025-04-07,2025-04-28,75.23864626915227,69.72566438036154,12.156295224312586,0.5295688291139237,0.5501055829476947,8135687.5,4.5188376137629,2025-05-23,floor_violated_first
base8:300353:2024-03-11,300353,2024-03-11,2024-01-30,2024-02-28,70.31675886657239,62.98391250432273,12.988505747126444,0.4926273458445039,0.6196872468296086,32401537.5,6.5471842520086,2024-03-26,expired
base8:300354:2024-12-27,300354,2024-12-27,2024-11-26,2024-12-17,130.1623981024282,118.62902105537759,12.922705314009676,0.6994529983792538,0.5346058034276396,4747075.0,3.2952505848716,2024-12-31,floor_violated_first
base8:300357:2024-03-11,300357,2024-03-11,2024-01-30,2024-02-28,147.43152585952055,132.76527496365912,15.220354384370726,0.5785230073952332,0.5783098994512587,4534512.5,5.492977863618501,2024-03-25,floor_violated_first
base8:300357:2024-11-06,300357,2024-11-06,2024-09-27,2024-10-25,139.62504821894015,127.48132877495767,19.97077447637603,0.4345770288858328,0.6517549487698912,10005937.5,5.5450773716815,2024-11-19,floor_violated_first
base8:300358:2024-11-01,300358,2024-11-01,2024-09-24,2024-10-22,42.69596452141346,38.627098779220304,24.62809917355373,0.485941320293398,0.6992174663719145,13731475.0,5.4251543229242,2024-11-07,first_price_breakout_consumed
base8:300358:2025-05-22,300358,2025-05-22,2025-04-16,2025-05-12,42.15344908912103,40.200393532868326,14.328358208955194,0.5563186813186802,0.6015085153905214,7583675.0,5.4251543229242,2025-05-26,floor_violated_first
base8:300359:2024-03-14,300359,2024-03-14,2024-02-02,2024-03-04,43.66883607168652,40.09215045057696,28.921568627450966,0.40252770083102435,0.514959787036974,19177562.5,8.317873537464099,2024-03-20,first_price_breakout_consumed
base8:300365:2024-11-01,300365,2024-11-01,2024-09-24,2024-10-22,74.00433585673194,66.54825991327174,30.75356415478614,0.5048076923076928,0.6984842465362362,24467437.5,11.1284715574033,2024-11-07,first_qualified_breakout
base8:300368:2024-03-14,300368,2024-03-14,2024-02-02,2024-03-04,48.832241065132834,45.89741522482434,12.237093690248567,0.40592783505154645,0.6010451091372403,12457012.5,8.1522940008569,2024-03-20,first_price_breakout_consumed
base8:300369:2024-03-12,300369,2024-03-12,2024-01-31,2024-02-29,64.7779422668625,58.54929397197188,14.000000000000012,0.5341045673076923,0.6080606986259803,14775575.0,8.3048643931875,2024-03-20,first_price_breakout_consumed
base8:300370:2024-03-12,300370,2024-03-12,2024-01-31,2024-02-29,38.07108501423959,35.59893663669157,13.065326633165819,0.42518587360594823,0.6382495003520355,22469437.5,16.480989183653502,2024-03-20,first_qualified_breakout
base8:300371:2024-04-09,300371,2024-04-09,2024-03-05,2024-03-26,47.99886243732069,44.36046470154711,12.870159453302964,0.6910639777468709,0.5038213858789958,2177600.0,4.664612481761,2024-04-11,floor_violated_first
base8:300371:2024-05-22,300371,2024-05-22,2024-04-16,2024-05-10,45.94643294534585,43.800711203735794,16.07142857142856,0.6668260038240929,0.6770998910032245,1192725.0,4.664612481761,2024-05-27,floor_violated_first
base8:300371:2024-10-30,300371,2024-10-30,2024-09-20,2024-10-18,50.28594477632487,46.76545289983665,28.967254408060448,0.45487106017191953,0.6169969299948808,5391512.5,4.7574214547138,2024-11-01,floor_violated_first
base8:300373:2024-11-06,300373,2024-11-06,2024-09-27,2024-10-25,268.75739914602804,243.98488373462527,23.28662420382168,0.4932262695137278,0.6219256109347713,16640237.5,5.4206817092785,2024-11-11,first_qualified_breakout
base8:300374:2024-03-20,300374,2024-03-20,2024-02-08,2024-03-08,37.22089258944834,33.865272379723464,16.679132385938654,0.4354985812728007,0.4860830120483007,18083762.5,2.207644874819,2024-03-22,floor_violated_first
base8:300375:2024-05-22,300375,2024-05-22,2024-04-16,2024-05-10,30.256627017000014,28.36979949700892,15.404699738903393,0.6897321428571436,0.6460201840496941,15483450.0,6.7386697142539,2024-05-23,floor_violated_first
base8:300376:2024-03-21,300376,2024-03-21,2024-02-19,2024-03-11,150.95780576872937,144.1810621661084,13.854351687388998,0.479052197802197,0.6350437246088982,17207212.5,23.368081388348205,2024-03-22,floor_violated_first
base8:300377:2024-03-13,300377,2024-03-13,2024-02-01,2024-03-01,74.25712752307076,68.81305659029434,14.480408858603067,0.4169474393530999,0.4961046091612468,16572837.5,10.888141865552898,2024-03-19,first_price_breakout_consumed
base8:300377:2024-08-15,300377,2024-08-15,2024-07-15,2024-08-05,63.11478177745167,57.407010208012565,12.423625254582472,0.6199596774193552,0.4564607992206909,17599862.5,10.976483787382898,2024-08-19,first_qualified_breakout
base8:300377:2025-06-04,300377,2025-06-04,2025-04-28,2025-05-22,262.1184328427036,245.21464781013395,15.755785327424942,0.6318136769078295,0.6002950866509881,37356887.5,10.976483787382898,2025-06-11,first_price_breakout_consumed
base8:300380:2024-05-21,300380,2024-05-21,2024-04-15,2024-05-09,35.66206735083652,32.953817598396185,17.896935933147628,0.595257496740547,0.5836451629454796,3184975.0,2.0673662232369,2024-05-27,floor_violated_first
base8:300380:2024-08-16,300380,2024-08-16,2024-07-16,2024-08-06,36.55103482682839,34.11154268340885,12.922077922077913,0.41836474783494654,0.38549802674890193,4426900.0,2.0673662232369,2024-08-21,floor_violated_first
base8:300381:2024-03-15,300381,2024-03-15,2024-02-05,2024-03-05,34.91595546404804,31.642584639293528,22.033898305084733,0.45132743362831834,0.4697726877366263,5184925.0,6.4183741661853,2024-03-18,first_price_breakout_consumed
base8:300382:2024-03-12,300382,2024-03-12,2024-01-31,2024-02-29,96.38562471467624,90.57926178005718,14.85148514851482,0.44037530266343844,0.6251856228308247,5585337.5,11.6127258692381,2024-03-15,first_price_breakout_consumed
base8:300384:2024-03-14,300384,2024-03-14,2024-02-02,2024-03-04,85.21064774376292,76.80473249336468,24.26404995539697,0.5963387573964497,0.6515701117503443,3803875.0,5.7574761989029,2024-03-27,floor_violated_first
base8:300384:2024-05-20,300384,2024-05-20,2024-04-12,2024-05-08,89.58632965492913,85.55609631569709,14.520958083832337,0.6171482412060306,0.6918511567458494,2157750.0,5.7574761989029,2024-05-31,first_price_breakout_consumed
base8:300386:2024-03-15,300386,2024-03-15,2024-02-05,2024-03-05,36.81683677940203,33.79017657790518,28.333333333333343,0.45535714285714307,0.5444171642011356,5163550.0,4.5174032858162,2024-03-18,first_price_breakout_consumed
base8:300386:2024-05-21,300386,2024-05-21,2024-04-15,2024-05-09,33.8805246436215,31.034560573557293,14.531249999999996,0.601926163723917,0.6256859729779057,3382425.0,4.5174032858162,2024-05-30,floor_violated_first
base8:300387:2024-03-15,300387,2024-03-15,2024-02-05,2024-03-05,25.57100893908737,23.440091527496758,13.306451612903247,0.4428391959798993,0.536376561103414,7273187.5,4.1782694344914,2024-03-18,first_price_breakout_consumed
base8:300387:2024-05-28,300387,2024-05-28,2024-04-22,2024-05-16,30.45958417744231,27.785491739367814,24.52830188679245,0.621859296482412,0.6484767462464928,11930325.0,4.1782694344914,2024-05-31,factor_changed_raw_volume_not_comparable
base8:300387:2025-03-10,300387,2025-03-10,2025-02-05,2025-02-26,40.72790221818902,37.903089124380884,15.089820359281436,0.6102724594992617,0.6660591227411743,15014025.0,4.2161389459823,2025-03-11,floor_violated_first
base8:300388:2024-03-19,300388,2024-03-19,2024-02-07,2024-03-07,35.745458814123,33.48157975589521,13.88329979879277,0.5389221556886232,0.6714847137335155,4073087.5,5.9575764690205,2024-03-21,first_price_breakout_consumed
base8:300389:2024-01-19,300389,2024-01-19,2023-12-18,2024-01-09,83.76082279857746,78.65403759091491,16.632302405498265,0.6970373376623367,0.6966932613091719,5491712.5,4.7726964557594,2024-01-22,floor_violated_first
base8:300390:2024-03-14,300390,2024-03-14,2024-02-02,2024-03-04,195.4107341668354,181.04604774917766,23.19956019791094,0.5745045731707313,0.690815632702163,12943550.0,8.4998144483182,2024-03-22,floor_violated_first
base8:300390:2024-05-22,300390,2024-05-22,2024-04-16,2024-05-10,183.76598837263947,175.5211683577708,15.273311897106122,0.6686580882352935,0.6621757105450478,8335150.0,8.4998144483182,2024-05-27,floor_violated_first
base8:300390:2024-12-04,300390,2024-12-04,2024-11-01,2024-11-22,256.16316526512963,229.92206053065297,16.759298845660542,0.5893514259429625,0.5033430173067088,24349450.0,8.925545828053298,2024-12-13,floor_violated_first
base8:300394:2024-01-04,300394,2024-01-04,2023-12-01,2023-12-22,473.1646154826456,426.0958840995552,21.283255086071982,0.689882866329812,0.5342195083794444,10039487.5,4.9546033034832,2024-01-05,floor_violated_first
base8:300395:2024-03-13,300395,2024-03-13,2024-02-01,2024-03-01,228.3802283339584,207.79444770209722,25.130052020808336,0.6339118198874294,0.6958445018585636,6900175.0,7.17274586476,2024-03-18,first_qualified_breakout
base8:300399:2024-03-15,300399,2024-03-15,2024-02-05,2024-03-05,28.338306041176658,25.472074559439356,30.45066991473813,0.4074606537530264,0.5563273854379239,6742725.0,2.4923752015107,2024-03-20,first_price_breakout_consumed
base8:300399:2024-05-22,300399,2024-05-22,2024-04-16,2024-05-10,24.300658214729328,22.755385589792695,19.17808219178083,0.6396754143646417,0.5296570184193812,2918675.0,2.4923752015107,2024-05-24,floor_violated_first
base8:300403:2024-12-27,300403,2024-12-27,2024-11-26,2024-12-17,74.01653479382664,66.7362198960732,26.593406593406588,0.6246353558926491,0.6101599898911457,54162112.5,6.0669290814612,2024-12-30,floor_violated_first
base8:300404:2025-03-06,300404,2025-03-06,2025-01-24,2025-02-24,48.38978281074729,44.57956369179081,22.395209580838337,0.6760563380281704,0.4571539526507753,11484487.5,4.7627738986956,2025-03-10,first_price_breakout_consumed
base8:300405:2024-03-15,300405,2024-03-15,2024-02-05,2024-03-05,21.0328890450076,19.0370674567952,24.644549763033186,0.40890957446808524,0.6417601175725374,21086962.5,3.8381184388700005,2024-03-20,first_price_breakout_consumed
base8:300405:2024-05-22,300405,2024-05-22,2024-04-16,2024-05-10,17.924013109522903,16.3887657339749,26.55367231638419,0.6376080691642656,0.6623153747192049,6596537.5,3.83811843887,2024-05-27,floor_violated_first
base8:300406:2024-03-13,300406,2024-03-13,2024-02-01,2024-03-01,93.43918467706145,86.83237363928941,25.294117647058822,0.6072566628041719,0.6419823703875913,3718700.0,4.2901370375143,2024-03-20,floor_violated_first
base8:300406:2024-10-31,300406,2024-10-31,2024-09-23,2024-10-21,63.26103888071133,58.53488861477745,23.035714285714292,0.43366486850977737,0.6759507821202755,7180512.5,4.3359176751687,2024-11-01,floor_violated_first
base8:300407:2024-05-24,300407,2024-05-24,2024-04-18,2024-05-14,34.42811003606785,32.32026656447186,19.699248120300727,0.5416093535075652,0.6984329950644231,10862300.0,4.1330264148941,2024-05-30,factor_changed_raw_volume_not_comparable
base8:300408:2024-05-17,300408,2024-05-17,2024-04-11,2024-05-07,124.41337838061546,118.25344123624748,14.989979959919864,0.688804023845008,0.5147877720484982,6095300.0,4.3379839044845,2024-05-27,first_qualified_breakout
base8:300409:2024-03-14,300409,2024-03-14,2024-02-02,2024-03-04,54.77279078241461,50.87658195356244,15.920398009950265,0.4945286195286204,0.589107698789182,6460237.5,5.6466794621046,2024-03-18,first_qualified_breakout
base8:300409:2024-05-22,300409,2024-05-22,2024-04-16,2024-05-10,62.7346088239821,59.17720076285621,22.75711159737417,0.5597882231404958,0.4904349398932222,11537112.5,5.6466794621046,2024-05-23,floor_violated_first
base8:300410:2024-03-18,300410,2024-03-18,2024-02-06,2024-03-06,31.604264771888477,28.860328605646995,33.86004514672687,0.5078659370725039,0.637298969240342,10938625.0,4.8998860111455,2024-03-20,first_price_breakout_consumed
base8:300410:2025-05-21,300410,2025-05-21,2025-04-15,2025-05-09,28.860328605646995,27.488360522526257,13.91129032258065,0.6363636363636358,0.6671284791963069,8943600.0,4.8998860111455,2025-06-04,first_price_breakout_consumed
base8:300412:2024-03-18,300412,2024-03-18,2024-02-06,2024-03-06,34.24014306360377,30.955716870452324,22.8013029315961,0.4752304147465436,0.6737803824085322,16761675.0,8.2110654828786,2024-03-20,first_price_breakout_consumed
base8:300412:2024-10-23,300412,2024-10-23,2024-09-11,2024-10-11,35.225470921549196,31.776823418740186,17.611940298507456,0.5382352941176459,0.6764303874379399,16907125.0,8.2110654828786,2024-10-25,first_price_breakout_consumed
base8:300414:2024-03-14,300414,2024-03-14,2024-02-02,2024-03-04,30.847431568291466,27.968856617404246,15.58641975308641,0.42622950819672123,0.50643396606805,6531175.0,3.8899661498476,2024-03-18,first_price_breakout_consumed
base8:300414:2024-05-22,300414,2024-05-22,2024-04-16,2024-05-10,29.991639015324996,28.2022545863951,25.52504038772212,0.6915137614678909,0.5734543861673407,5003087.5,3.8899661498476,2024-05-24,floor_violated_first
base8:300414:2024-10-30,300414,2024-10-30,2024-09-20,2024-10-18,35.32398794650517,32.399816758880576,35.44891640866874,0.4597989949748739,0.6847083479262461,10922075.0,3.8988949168328007,2024-11-01,floor_violated_first
base8:300414:2025-05-23,300414,2025-05-23,2025-04-17,2025-05-13,32.98465099640549,31.69801567385067,18.07909604519773,0.6470893970893972,0.5485424407441629,5022487.5,3.8988949168328,2025-06-04,first_price_breakout_consumed
base8:300415:2024-03-13,300415,2024-03-13,2024-02-01,2024-03-01,77.66552314652063,71.53512451948859,16.754617414248017,0.564024390243902,0.6950726320722043,4776275.0,4.1421612344811,2024-03-21,first_qualified_breakout
base8:300415:2024-05-17,300415,2024-05-17,2024-04-11,2024-05-07,108.93884046685294,97.8378483584436,20.439780109945026,0.6915917843388965,0.5524892867918161,8643275.0,4.1421612344811,2024-05-24,floor_violated_first
base8:300416:2024-03-12,300416,2024-03-12,2024-01-31,2024-02-29,99.64279245898965,92.85364142427528,17.307692307692314,0.5501760563380288,0.648185354099045,6914850.0,6.8577283178933,2024-03-22,first_price_breakout_consumed
base8:300417:2024-05-22,300417,2024-05-22,2024-04-16,2024-05-10,29.525543664335018,26.996907683006576,30.5982905982906,0.539351851851852,0.49993573856109874,2282050.0,3.718582325483,2024-05-30,floor_violated_first
base8:300417:2024-09-11,300417,2024-09-11,2024-08-09,2024-08-30,33.392869282837346,30.15770265966713,17.68707482993197,0.6222707423580788,0.6639314942899205,4064925.0,3.718582325483,2024-09-13,floor_violated_first
base8:300418:2024-03-15,300418,2024-03-15,2024-02-05,2024-03-05,175.15621795544644,159.59665544671387,56.74198250728861,0.6139788804592983,0.6699644452660071,66542825.0,4.041444807463,2024-03-20,first_price_breakout_consumed
base8:300420:2025-03-19,300420,2025-03-19,2025-02-14,2025-03-07,32.17122008515215,29.91359060549235,13.35616438356164,0.6119791666666666,0.5541515711401345,44543087.5,9.4067894985825,2025-03-20,first_price_breakout_consumed
base8:300421:2024-01-15,300421,2024-01-15,2023-12-12,2024-01-03,33.42481815278234,31.243182157314678,22.32415902140672,0.6900289017341041,0.47018711057979606,10538112.5,2.6933777721823,2024-01-17,floor_violated_first
base8:300421:2025-03-14,300421,2025-03-14,2025-02-11,2025-03-04,42.69466648010435,38.193311867186,12.883435582822077,0.5766636690647475,0.6880224214330014,27600762.5,2.728093704799,2025-03-18,first_qualified_breakout
base8:300422:2024-05-16,300422,2024-05-16,2024-04-10,2024-05-06,27.366339072190662,26.234648358679017,12.923728813559343,0.36830357142857156,0.682561684462574,7001062.5,5.1440486977802,2024-05-23,floor_violated_first
base8:300422:2025-06-25,300422,2025-06-25,2025-05-22,2025-06-13,26.49185079356803,24.639993262367156,13.963963963963932,0.34659090909090945,0.3071696212955176,13473612.5,5.1440486977802,,still_armed_at_cutoff
base8:300423:2024-03-18,300423,2024-03-18,2024-02-06,2024-03-06,24.020156254879794,21.580873814327827,40.28056112224449,0.4778696498054474,0.5817674802625147,14400137.5,3.3878922785444,2024-03-20,first_qualified_breakout
base8:300423:2024-10-22,300423,2024-10-22,2024-09-10,2024-10-10,22.834393957389256,20.66614289912084,29.38856015779092,0.6510416666666666,0.6808169664395005,12634687.5,3.3878922785444,2024-10-23,first_price_breakout_consumed
base8:300424:2024-06-05,300424,2024-06-05,2024-04-30,2024-05-24,26.31612010677804,24.1063695634608,19.865319865319876,0.43689320388349573,0.40483865708067074,17463150.0,1.8262401184440002,2024-06-06,floor_violated_first
base8:300425:2024-03-19,300425,2024-03-19,2024-02-07,2024-03-07,38.159612993421746,35.854669926705,12.533333333333307,0.4540094339622644,0.5202207678684495,18135600.0,8.536826173025,2024-03-20,first_price_breakout_consumed
base8:300426:2024-03-15,300426,2024-03-15,2024-02-05,2024-03-05,47.65700732733385,42.871155640128016,42.05748865355523,0.4964999999999997,0.6637915543656404,12350337.5,5.0377386181114,2024-03-20,first_qualified_breakout
base8:300427:2024-03-14,300427,2024-03-14,2024-02-02,2024-03-04,13.3321885788156,12.03230019238108,28.712871287128717,0.5337591240875905,0.5813364920063465,9758450.0,3.3330471447039,2024-03-27,floor_violated_first
base8:300432:2024-03-12,300432,2024-03-12,2024-01-31,2024-02-29,69.70338409248751,63.351907504620655,18.35260115606936,0.6021251475796929,0.6873318056660129,22188175.0,8.1429187023934,2024-03-26,floor_violated_first
base8:300432:2024-05-21,300432,2024-05-21,2024-04-15,2024-05-09,66.52764579855408,61.31617782902231,18.577648766328014,0.6490384615384618,0.6227250584622374,11040537.5,8.1429187023934,2024-05-23,floor_violated_first
base8:300433:2024-11-04,300433,2024-11-04,2024-09-25,2024-10-23,138.96242574535853,127.14468099180027,43.403205918619015,0.44137899375688583,0.5682904284014773,44893462.5,5.9385652027931,2024-11-12,first_price_breakout_consumed
base8:300433:2025-05-23,300433,2025-05-23,2025-04-17,2025-05-13,133.43956010676095,124.41294099851544,18.497109826589607,0.6407742155525242,0.5772606752776868,45294362.5,5.9385652027931,2025-05-26,floor_violated_first
base8:300435:2024-03-14,300435,2024-03-14,2024-02-02,2024-03-04,43.04888491360292,41.468529373455965,20.967741935483897,0.42039473684210527,0.5621586366472867,3639437.5,3.1607110802939,2024-03-21,first_qualified_breakout
base8:300435:2024-11-05,300435,2024-11-05,2024-09-26,2024-10-24,39.289919605367665,37.052088545664056,20.17629774730654,0.42050209205020894,0.6878077548369717,7251387.5,3.1969015138623,2024-11-07,first_qualified_breakout
base8:300435:2025-06-24,300435,2025-06-24,2025-05-21,2025-06-12,53.77954854866401,48.62216120292362,15.74007220216609,0.6484102787456439,0.6904465000473632,14869262.5,3.2436398400883,,still_armed_at_cutoff
base8:300436:2024-05-22,300436,2024-05-22,2024-04-16,2024-05-10,37.780129987856206,35.2871278480996,24.056603773584897,0.6204379562043789,0.5128695242079444,1315862.5,2.0268310079322,2024-05-24,floor_violated_first
base8:300436:2024-11-12,300436,2024-11-12,2024-10-10,2024-10-31,64.61537253287852,58.98078233082702,41.71122994652408,0.5729663645038169,0.5495088739829012,7280150.0,2.0268310079322,2024-11-14,first_price_breakout_consumed
base8:300436:2025-05-13,300436,2025-05-13,2025-04-07,2025-04-28,65.10181197478225,59.14292881146159,16.18564742589701,0.529411764705882,0.5448575253152891,2443562.5,2.0268310079322,2025-05-19,floor_violated_first
base8:300437:2024-05-22,300437,2024-05-22,2024-04-16,2024-05-10,30.640573885902636,28.412168512382447,32.0253164556962,0.4721467391304345,0.5903617016723206,6068875.0,2.9321123335792,2024-05-23,floor_violated_first
base8:300437:2024-11-06,300437,2024-11-06,2024-09-27,2024-10-25,31.080390735939517,28.030993909017152,18.505747126436802,0.5364216549295774,0.6808060643784457,6380287.5,2.9321123335792,2024-11-11,first_price_breakout_consumed
base8:300437:2025-05-30,300437,2025-05-30,2025-04-24,2025-05-20,24.864312588751616,23.22232968194726,19.883889695210442,0.6165540540540532,0.6661994211738071,7054550.0,2.9321123335792,2025-06-17,expired
base8:300439:2024-03-15,300439,2024-03-15,2024-02-05,2024-03-05,30.62604981731105,28.456442592060064,19.37581274382314,0.5014534883720932,0.5298800092012561,3301700.0,3.1443582974652,2024-03-18,first_qualified_breakout
base8:300439:2024-05-21,300439,2024-05-21,2024-04-15,2024-05-09,34.273505442370684,32.26111613199295,24.00455062571105,0.6272851919561266,0.6479311600708184,3801187.5,3.1443582974652,2024-05-23,floor_violated_first
base8:300440:2024-03-14,300440,2024-03-14,2024-02-02,2024-03-04,26.952494502549953,24.892163409531314,20.70312499999998,0.47351233671988363,0.5003044951517785,6684525.0,4.2047573326911,2024-03-18,first_price_breakout_consumed
base8:300440:2024-05-22,300440,2024-05-22,2024-04-16,2024-05-10,24.892163409531314,23.168212903127962,15.821501014198791,0.6310975609756094,0.6590391989049444,4907737.5,4.2047573326911,2024-05-27,floor_violated_first
base8:300440:2024-11-15,300440,2024-11-15,2024-10-15,2024-11-05,32.97051889131183,30.47018391112238,13.84136858475895,0.636253462603878,0.5052476822286502,18465812.5,4.2378558986262,2024-11-18,floor_violated_first
base8:300441:2024-08-08,300441,2024-08-08,2024-07-08,2024-07-29,45.15627075811253,41.93082284681878,12.891344383057103,0.6500589622641518,0.673411522132236,12525162.5,7.0118432854212,2024-08-21,floor_violated_first
base8:300441:2024-11-13,300441,2024-11-13,2024-10-11,2024-11-01,69.22416580294319,64.13626127705399,15.306122448979597,0.5322838847385266,0.6049846110758094,22767462.5,7.16606271252,2024-11-14,floor_violated_first
base8:300442:2025-03-18,300442,2025-03-18,2025-02-13,2025-03-06,135.775341094646,121.65837832656361,20.56173820879703,0.6194643610291012,0.6030503960563928,31320150.0,1.912867583751,2025-03-20,floor_violated_first
base8:300444:2024-03-22,300444,2024-03-22,2024-02-20,2024-03-12,26.590062500389596,25.2929862808584,20.55045871559633,0.4947418738049706,0.6603325818521802,20538337.5,4.053363186035,2024-03-25,floor_violated_first
base8:300447:2024-11-04,300447,2024-11-04,2024-09-25,2024-10-23,51.84069800275405,46.407460628633636,35.759209344114986,0.5302547770700635,0.6653021315365791,6834875.0,3.4606607478474,2024-11-11,first_qualified_breakout
base8:300449:2024-03-15,300449,2024-03-15,2024-02-05,2024-03-05,17.08375625978061,15.596635226551298,20.994475138121537,0.370145631067961,0.4831941645882223,6292425.0,3.6271244712910002,2024-03-18,first_price_breakout_consumed
base8:300449:2024-05-21,300449,2024-05-21,2024-04-15,2024-05-09,17.08375625978061,15.814262694828761,20.769230769230784,0.606060606060606,0.6045152248817665,4570925.0,3.6271244712909994,2024-05-24,floor_violated_first
base8:300450:2024-12-05,300450,2024-12-05,2024-11-04,2024-11-25,505.14954938912587,462.8819340320766,33.315363881401616,0.5613057324840767,0.5458045864698782,58734991.875,20.6183489546582,2024-12-12,floor_violated_first
base8:300450:2025-03-13,300450,2025-03-13,2025-02-10,2025-03-03,501.64443006683393,465.35613590663553,17.827569410618604,0.6886641443539001,0.6086635521212033,39395731.125,20.6183489546582,2025-03-21,floor_violated_first
base8:300451:2024-03-15,300451,2024-03-15,2024-02-05,2024-03-05,87.75554540201324,79.51726971121201,29.24791086350973,0.626535626535626,0.6777621856439661,31795387.5,17.909294980002702,2024-03-18,first_qualified_breakout
base8:300452:2024-03-12,300452,2024-03-12,2024-01-31,2024-02-29,71.71868896587046,66.9153587579946,12.356575463371588,0.43997524752475353,0.645263166067016,2908962.5,5.521069204455,2024-03-18,first_qualified_breakout
base8:300453:2024-03-14,300453,2024-03-14,2024-02-02,2024-03-04,45.58255619854144,41.091333749567504,13.595706618962433,0.46266233766233744,0.42241941600587035,3764875.0,6.7033170880208,2024-03-18,first_qualified_breakout
base8:300454:2024-10-30,300454,2024-10-30,2024-09-20,2024-10-18,70.358482627671,64.13678252102409,56.00907029478457,0.4046749179838948,0.6468512287887653,8136250.0,1.0051211803953,2024-11-01,floor_violated_first
base8:300457:2024-03-13,300457,2024-03-13,2024-02-01,2024-03-01,98.07509544062196,90.84241878570884,14.404432132963985,0.5621123363197794,0.6721284613756917,12493837.5,5.7861413239305,2024-03-18,first_qualified_breakout
base8:300458:2024-03-18,300458,2024-03-18,2024-02-06,2024-03-06,83.58216491417784,77.98568807858516,33.08724832214762,0.5557958477508648,0.6910471584919685,14986062.5,4.0554179968063,2024-03-21,first_price_breakout_consumed
base8:300458:2025-03-18,300458,2025-03-18,2025-02-13,2025-03-06,256.4916032505975,229.69031434769977,27.67282541000622,0.6179838347552763,0.5841233598053021,49368887.5,4.0855623327588,2025-03-21,floor_violated_first
base8:300459:2024-11-04,300459,2024-11-04,2024-09-25,2024-10-23,72.5223136737146,65.89170213783213,34.8901098901099,0.5443548387096779,0.6799697829117797,216033100.0,13.813774033088498,2024-11-06,first_price_breakout_consumed
base8:300461:2024-03-15,300461,2024-03-15,2024-02-05,2024-03-05,32.8050893089188,29.889081370348237,26.223241590214073,0.47970675733106677,0.6421249809436302,4155850.0,1.8225049616066,2024-03-18,first_price_breakout_consumed
base8:300463:2024-11-04,300463,2024-11-04,2024-09-25,2024-10-23,47.95982742981027,44.64659721749096,21.066208082545135,0.4438946975354749,0.6585939360395792,10122400.0,3.2804259527914,2024-11-07,first_price_breakout_consumed
base8:300464:2024-03-15,300464,2024-03-15,2024-02-05,2024-03-05,11.58806709051719,10.44199452112538,13.043478260869556,0.4039634146341458,0.38300534953354015,2829475.0,2.5468279319818,2024-03-18,first_price_breakout_consumed
base8:300464:2024-10-25,300464,2024-10-25,2024-09-13,2024-10-15,13.141632129026089,12.22477407351264,30.23255813953487,0.5553135888501748,0.6462412763287921,15973912.5,2.5468279319818,2024-10-28,first_price_breakout_consumed
base8:300465:2024-03-15,300465,2024-03-15,2024-02-05,2024-03-05,27.897402542273856,25.992371581632472,36.1290322580645,0.4623287671232873,0.6459583166349613,9165937.5,3.2288660349854,2024-03-20,first_qualified_breakout
base8:300467:2024-03-14,300467,2024-03-14,2024-02-02,2024-03-04,58.57329049517851,52.948969048453556,18.287614297589382,0.4904340376927473,0.5678450448779052,5917437.5,4.0173724619464,2024-03-20,first_price_breakout_consumed
base8:300467:2024-10-31,300467,2024-10-31,2024-09-23,2024-10-21,69.82193338862844,63.95656959418669,39.169381107491866,0.5008754377188587,0.6115288631445237,9076450.0,4.0173724619464,2024-11-01,floor_violated_first
base8:300468:2024-03-18,300468,2024-03-18,2024-02-06,2024-03-06,48.07209402544513,44.666576070870484,37.41007194244605,0.4894578313253007,0.6524683224063959,16944250.0,4.9355332674995,2024-03-21,first_price_breakout_consumed
base8:300468:2024-05-22,300468,2024-05-22,2024-04-16,2024-05-10,43.18591609062063,41.01428145292085,15.263157894736846,0.6405950095969298,0.6820437083212525,9409475.0,4.9355332674995,2024-05-24,floor_violated_first
base8:300470:2024-05-27,300470,2024-05-27,2024-04-19,2024-05-15,143.93145783697375,137.3697053755633,15.408805031446548,0.5839853609288219,0.6794472175944514,1432850.0,3.8826937641481996,2024-06-12,expired
base8:300471:2024-03-20,300471,2024-03-20,2024-02-08,2024-03-08,60.66250011610962,54.970583368106105,25.780346820809253,0.47510593220338976,0.6514069453049625,10843237.5,5.1278529261293,2024-03-21,first_qualified_breakout
base8:300471:2024-05-22,300471,2024-05-22,2024-04-16,2024-05-10,49.48378073714775,46.868575744821804,15.238095238095228,0.5787937743190666,0.5516216167183844,4662225.0,5.1278529261293,2024-05-24,floor_violated_first
base8:300471:2024-11-05,300471,2024-11-05,2024-09-26,2024-10-24,56.76533189225135,50.868301027202655,19.977037887485636,0.5509547934528453,0.6779282288999056,12378400.0,5.1278529261293,2024-11-07,first_price_breakout_consumed
base8:300473:2024-03-22,300473,2024-03-22,2024-02-20,2024-03-12,17.618442577588453,16.28595532382126,14.483260553129561,0.6158536585365848,0.673558040310848,3759325.0,1.0575295664819,2024-03-26,first_qualified_breakout
base8:300473:2024-05-22,300473,2024-05-22,2024-04-16,2024-05-10,17.026226020358592,16.05329881919524,19.001490312965743,0.6572740814299918,0.5759899143186941,2737837.5,1.0575295664819,2024-05-23,floor_violated_first
base8:300473:2025-03-19,300473,2025-03-19,2025-02-14,2025-03-07,34.57064152829331,31.620134037808807,28.382292097641717,0.5465070643642076,0.6149486841066314,14953125.0,1.0575295664819,2025-03-21,floor_violated_first
base8:300476:2025-02-21,300476,2025-02-21,2025-01-13,2025-02-11,282.7041700131327,256.02562216517805,16.19944361224055,0.6501334890705824,0.6530922571690388,32052575.0,4.913176399255,2025-02-27,floor_violated_first
base8:300478:2024-04-01,300478,2024-04-01,2024-02-28,2024-03-20,21.999227087022458,20.16756488433435,22.75711159737419,0.6655935050391941,0.6662405146816233,4079137.5,1.9280654765138,2024-04-08,floor_violated_first
base8:300478:2025-03-18,300478,2025-03-18,2025-02-13,2025-03-06,27.86054613562441,25.276938397095915,34.13729128014844,0.3721937770775901,0.3429672380127596,8480212.5,1.9280654765138,2025-03-21,floor_violated_first
base8:300479:2024-03-13,300479,2024-03-13,2024-02-01,2024-03-01,37.34309785292566,34.263254731034884,13.724226804123706,0.400459688826025,0.6299702360083852,5210950.0,2.0262125801913,2024-03-15,first_price_breakout_consumed
base8:300480:2024-03-20,300480,2024-03-20,2024-02-08,2024-03-08,69.74570077916533,63.959544778111876,45.46099290780143,0.5530447193149387,0.6696971011439266,9005975.0,3.4647640724871,2024-03-25,floor_violated_first
base8:300481:2024-11-05,300481,2024-11-05,2024-09-26,2024-10-24,54.70565787804671,51.13789758165235,18.515742128935543,0.4800277606415792,0.632428719090673,7452325.0,3.397866948947,2024-11-08,first_price_breakout_consumed
base8:300482:2024-03-14,300482,2024-03-14,2024-02-02,2024-03-04,136.31715460647422,128.09281760528881,20.138888888888907,0.5473389675650978,0.6107324363639002,3367200.0,4.9247526953206,2024-03-22,floor_violated_first
base8:300482:2024-05-20,300482,2024-05-20,2024-04-12,2024-05-08,147.93957096743083,140.65093697835633,23.787625418060188,0.5595969033635878,0.6081117474415486,5532175.0,4.9247526953206,2024-05-23,floor_violated_first
base8:300483:2024-11-05,300483,2024-11-05,2024-09-26,2024-10-24,17.005161453578452,15.627344534098746,28.922237380627536,0.4312668463611854,0.6480163485242824,7358325.0,1.8129169993154,2024-11-07,first_qualified_breakout
base8:300485:2025-05-13,300485,2025-05-13,2025-04-07,2025-04-28,35.940150989906925,34.01707513432332,14.28571428571428,0.40105585831062607,0.46644109229668496,9778937.5,4.2735019012969,2025-05-16,first_qualified_breakout
base8:300486:2024-05-21,300486,2024-05-21,2024-04-15,2024-05-09,12.5503305545618,11.386572630411523,15.086206896551735,0.5784161490683237,0.6245574665021383,9738125.0,2.2818782826476,2024-05-23,floor_violated_first
base8:300486:2024-10-31,300486,2024-10-31,2024-09-23,2024-10-21,14.855027620035875,13.805363610017979,30.549898167006106,0.4648109243697472,0.6875157513508429,19587062.5,2.2818782826476,2024-11-01,floor_violated_first
base8:300487:2024-03-14,300487,2024-03-14,2024-02-02,2024-03-04,284.56090580208684,265.68340099457737,17.667071688942904,0.4930381191508793,0.6198494910267653,3331612.5,5.8263903726881,2024-03-18,floor_violated_first
base8:300488:2024-03-19,300488,2024-03-19,2024-02-07,2024-03-07,65.35594738115302,59.78738162340724,29.68299711815561,0.5529549444119362,0.6497000495391797,1634987.5,2.7163735403638,2024-04-03,expired
base8:300488:2024-11-01,300488,2024-11-01,2024-09-24,2024-10-22,63.98063946207361,60.554084220959986,25.067971723762916,0.35661597821152885,0.6694648049969433,1379762.5,2.7412441928909,2024-11-04,first_qualified_breakout
base8:300489:2024-03-14,300489,2024-03-14,2024-02-02,2024-03-04,49.65774781186543,46.16454056736793,12.42060691601976,0.4387161841480776,0.6073823228061717,2015537.5,3.0113855556013,2024-03-15,first_qualified_breakout
base8:300490:2024-03-22,300490,2024-03-22,2024-02-20,2024-03-12,20.136917217793652,18.952392675570493,17.96778190830235,0.5148121387283234,0.6157289222730842,8940425.0,2.0422836934882,2024-03-25,floor_violated_first
base8:300491:2025-06-05,300491,2025-06-05,2025-04-29,2025-05-23,35.316693325247996,32.64954721474749,14.25959780621573,0.5195677570093464,0.5780708631472329,8157512.5,1.8394111106899997,2025-06-13,floor_violated_first
base8:300497:2024-03-12,300497,2024-03-12,2024-01-31,2024-02-29,53.71087714877251,48.867087999511064,21.338912133891206,0.4863344051446935,0.5420722779731983,6493950.0,6.1313786699512,2024-03-15,first_price_breakout_consumed
base8:300497:2024-05-30,300497,2024-05-30,2024-04-24,2024-05-20,67.87436187635979,61.559041846310045,29.71098265895955,0.42158223455933436,0.4082958926139913,11790262.5,6.1313786699512,2024-06-03,floor_violated_first
base8:300497:2025-05-13,300497,2025-05-13,2025-04-07,2025-04-28,54.32401501576763,51.44226704089057,23.638968481375365,0.5748820754716981,0.6861839843870634,6813962.5,6.1313786699512,2025-05-14,floor_violated_first
base8:300498:2024-11-04,300498,2024-11-04,2024-09-25,2024-10-23,40.04600211196125,38.35744085684992,16.3548581774291,0.33505805148914747,0.6542398120448254,57227612.5,2.0846435248288,2024-11-07,first_qualified_breakout
base8:300499:2024-03-21,300499,2024-03-21,2024-02-19,2024-03-11,60.851362020626276,55.16470677040404,52.62593783494105,0.441176470588235,0.6933869810696379,20394637.5,4.1508432483374,2024-03-25,floor_violated_first
base8:300500:2024-10-31,300500,2024-10-31,2024-09-23,2024-10-21,35.5277200619608,32.59222504525825,33.01886792452828,0.5564425244177299,0.677411980554327,5498200.25,2.7434532866379,2024-11-01,floor_violated_first
base8:300501:2024-10-31,300501,2024-10-31,2024-09-23,2024-10-21,44.447356974374586,42.067882819260504,25.66607460035526,0.4312920089619125,0.684211137724045,3239425.0,3.0506078911719,2024-11-01,floor_violated_first
base8:300503:2024-12-27,300503,2024-12-27,2024-11-26,2024-12-17,57.43443366580049,51.59884949654803,26.392961876832842,0.5600977747808492,0.5080250041203654,22152200.0,2.5594667409002,2024-12-30,floor_violated_first
base8:300504:2024-10-31,300504,2024-10-31,2024-09-23,2024-10-21,19.953406472109354,17.89148287542206,50.0398406374502,0.5754093198992446,0.6826333539347815,12753375.0,1.0739185399413,2024-11-01,floor_violated_first
base8:300506:2025-04-02,300506,2025-04-02,2025-02-28,2025-03-21,17.98883106524828,16.146309284980262,17.808219178082176,0.6366822429906547,0.543161373982118,8186162.5,4.8487415270211,2025-04-03,floor_violated_first
base8:300507:2024-05-22,300507,2024-05-22,2024-04-16,2024-05-10,57.49724846202833,55.2361207135216,16.739130434782634,0.6092057761732853,0.6374621725661803,8548100.0,10.7672749928892,2024-05-23,floor_violated_first
base8:300508:2024-03-14,300508,2024-03-14,2024-02-02,2024-03-04,46.522224765552124,41.74267830542803,22.393822393822393,0.46570221066319983,0.6816899488212098,3250025.0,1.9588305164443003,2024-03-18,first_price_breakout_consumed
base8:300508:2024-11-06,300508,2024-11-06,2024-09-27,2024-10-25,58.40441037485406,52.58363412200665,33.77212891511574,0.49386160714285626,0.6807633169486951,3329450.0,1.9664784637998,2024-11-11,first_price_breakout_consumed
base8:300508:2025-03-21,300508,2025-03-21,2025-02-18,2025-03-11,70.59657685041282,65.56239198308533,25.296167247386748,0.5340081892629661,0.519022992072922,3512062.5,1.9664784637998,2025-03-24,floor_violated_first
base8:300509:2024-05-24,300509,2024-05-24,2024-04-18,2024-05-14,23.191339992047293,21.770609253795747,13.263157894736842,0.6924019607843145,0.6907811521538085,3331375.0,4.1786198183869,2024-05-27,floor_violated_first
base8:300509:2024-10-31,300509,2024-10-31,2024-09-23,2024-10-21,28.43086495321374,26.19762480583139,28.00829875518671,0.48061708860759533,0.6985718994055926,6040737.5,4.2946925911199,2024-11-01,floor_violated_first
base8:300510:2024-03-21,300510,2024-03-21,2024-02-19,2024-03-11,32.23914798529427,30.745442287133915,14.798206278026903,0.4276315789473678,0.6889292957518439,12935437.5,6.2237737423348,2024-03-25,floor_violated_first
base8:300510:2024-10-22,300510,2024-10-22,2024-09-10,2024-10-10,29.189498851550216,26.13984971780616,17.402597402597397,0.403250303766707,0.36927722692120213,34939637.5,6.2237737423348,2024-10-28,first_price_breakout_consumed
base8:300511:2024-05-28,300511,2024-05-28,2024-04-22,2024-05-16,12.384440757628948,11.18497918304019,27.129337539432186,0.5377906976744187,0.6548355091721885,17532125.0,2.9986539364719005,2024-05-29,floor_violated_first
base8:300511:2025-06-12,300511,2025-06-12,2025-05-09,2025-05-30,21.020564094668018,18.981479417867124,27.5797373358349,0.5699999999999993,0.5304449144915768,39884287.5,2.9986539364719,2025-06-16,first_qualified_breakout
base8:300512:2024-03-19,300512,2024-03-19,2024-02-07,2024-03-07,23.230403555738548,21.69726357931965,46.3157894736842,0.3018390191897652,0.5250913508451909,6041225.0,3.332912992215,2024-03-20,first_price_breakout_consumed
base8:300513:2024-10-31,300513,2024-10-31,2024-09-23,2024-10-21,29.008099166588377,27.141387984264508,24.86979166666665,0.4247448979591834,0.6807326343401178,9017225.0,2.9630336227363,2024-11-01,floor_violated_first
base8:300513:2025-06-25,300513,2025-06-25,2025-05-22,2025-06-13,27.200648656719235,25.037634112121733,16.95137976346912,0.4654255319148944,0.4709608855442098,12222637.5,2.9630336227363,,still_armed_at_cutoff
base8:300514:2024-03-21,300514,2024-03-21,2024-02-19,2024-03-11,32.852177270553995,30.01258844653766,28.17493692178301,0.5808950086058524,0.6612390335464813,6115575.0,2.0726925722747,2024-03-27,floor_violated_first
base8:300515:2025-02-25,300515,2025-02-25,2025-01-15,2025-02-13,35.826804969030846,32.64755973004096,23.4726688102894,0.5293261231281206,0.6392638986979814,13854775.0,2.1925829234413,2025-02-28,floor_violated_first
base8:300516:2024-03-13,300516,2024-03-13,2024-02-01,2024-03-01,42.25554207265875,39.79703780661315,13.74527112232029,0.449170761670762,0.6994599837275758,1879850.0,1.5365651662785,2024-03-19,first_price_breakout_consumed
base8:300516:2024-05-20,300516,2024-05-20,2024-04-12,2024-05-08,45.86647021341323,42.7165116225423,14.313496693893434,0.610112359550562,0.5609003026927075,2111225.0,1.5365651662785,2024-05-21,factor_changed_raw_volume_not_comparable
base8:300517:2025-05-13,300517,2025-05-13,2025-04-07,2025-04-28,17.9432755887531,16.529117737848303,12.250000000000005,0.5265567765567761,0.5377069620638834,3470837.5,1.8365686375387,2025-05-20,factor_changed_raw_volume_not_comparable
base8:300519:2024-11-01,300519,2024-11-01,2024-09-24,2024-10-22,37.365039211871256,33.530848913659625,41.628545288197614,0.5177785923753673,0.6589651061293138,6190450.0,2.4421594256125,2024-11-11,first_price_breakout_consumed
base8:300522:2024-05-22,300522,2024-05-22,2024-04-16,2024-05-10,66.55059514185892,61.63051223253862,24.495967741935498,0.6606328392246292,0.6815527685760833,3595050.0,5.1790346413898,2024-05-24,floor_violated_first
base8:300522:2024-11-01,300522,2024-11-01,2024-09-24,2024-10-22,67.08425718179842,60.167818263054855,27.010923535253227,0.47543397396156245,0.5562146357536152,7360125.0,5.2003300140929,2024-11-04,floor_violated_first
base8:300523:2024-03-08,300523,2024-03-08,2024-01-29,2024-02-27,61.53821412158334,55.05042197442353,29.46273830155979,0.5063234770217314,0.6775880010527957,5560775.0,2.7374650409957,2024-03-25,expired
base8:300523:2024-07-26,300523,2024-07-26,2024-06-25,2024-07-16,47.08439870512604,43.744691355111286,14.362416107382536,0.6745245641838352,0.5736971693768378,1943250.0,2.7374650409957,2024-08-05,floor_violated_first
base8:300527:2024-03-14,300527,2024-03-14,2024-02-02,2024-03-04,14.184521392344802,13.3619395294224,13.56209150326797,0.46605603448275906,0.6003938345992987,9568412.5,2.00629722664,2024-03-21,first_price_breakout_consumed
base8:300528:2024-03-15,300528,2024-03-15,2024-02-05,2024-03-05,10.903202327727143,9.77402881271754,21.09038737446196,0.5629049676025915,0.6395080844593207,9656150.0,1.2141650699028,2024-03-20,first_qualified_breakout
base8:300528:2025-05-20,300528,2025-05-20,2025-04-14,2025-05-08,11.2310268966009,10.575377758853389,13.530135301353008,0.5642361111111117,0.5643326650899818,11402650.0,1.2141650699028,2025-05-26,first_price_breakout_consumed
base8:300529:2024-03-26,300529,2024-03-26,2024-02-22,2024-03-14,49.59456012816375,45.782763857407495,18.48654139156931,0.6432995495495509,0.633141509054865,5041900.0,2.060430416625,2024-03-27,floor_violated_first
base8:300529:2024-05-27,300529,2024-05-27,2024-04-19,2024-05-15,61.5244522404225,56.70304506552,31.31768953068592,0.6181431705979166,0.4323570354878766,5512912.5,2.060430416625,2024-05-31,factor_changed_raw_volume_not_comparable
base8:300529:2024-11-01,300529,2024-11-01,2024-09-24,2024-10-22,69.83976011639486,63.509683145031524,27.939418094858514,0.42040126861555394,0.6892974487436875,9183225.0,2.0891343139813,2024-11-07,first_qualified_breakout
base8:300531:2025-05-21,300531,2025-05-21,2025-04-15,2025-05-09,57.78140616679259,54.53164846519919,30.427764326069394,0.4021111786148237,0.563483688360983,14120912.5,3.5711623094433,2025-05-29,first_qualified_breakout
base8:300532:2024-03-13,300532,2024-03-13,2024-02-01,2024-03-01,54.64019806617591,50.48085963173052,22.799664710813072,0.48096192384769515,0.6936018207673398,10896387.5,3.5549901149106,2024-03-18,first_qualified_breakout
base8:300532:2024-09-11,300532,2024-09-11,2024-08-09,2024-08-30,53.72607852210873,51.62201872853526,22.212837837837853,0.6804635761589388,0.6491492024195652,7034250.0,3.6276892992646,2024-09-13,floor_violated_first
base8:300535:2024-05-22,300535,2024-05-22,2024-04-16,2024-05-10,23.81547977156975,21.615795458122946,31.46853146853148,0.6735603290676415,0.6969640053925594,2557337.5,1.7320348924778,2024-06-04,floor_violated_first
base8:300536:2025-03-06,300536,2025-03-06,2025-01-24,2025-02-24,23.350994880821954,21.749417728502205,20.74829931972788,0.6182588597842834,0.6860829107265987,6208812.5,3.2031543046395,2025-03-10,floor_violated_first
base8:300536:2025-05-14,300536,2025-05-14,2025-04-08,2025-04-29,33.05655242387964,30.461997437121642,21.026282853566958,0.5479127134724855,0.6542185976654107,7448475.0,3.2031543046395,2025-05-21,first_price_breakout_consumed
base8:300537:2024-03-15,300537,2024-03-15,2024-02-05,2024-03-05,27.048558173187672,24.908847351516428,42.75618374558303,0.44744318181818193,0.6861775448120686,10344250.0,1.6333670394437,2024-03-19,first_qualified_breakout
base8:300537:2025-03-21,300537,2025-03-21,2025-02-18,2025-03-11,33.43502329741254,30.592964648780505,12.492836676217767,0.5945707879564383,0.6265804077820226,8935387.5,1.6333670394437,2025-03-24,first_qualified_breakout
base8:300538:2024-03-15,300538,2024-03-15,2024-02-05,2024-03-05,42.82884072808738,39.81506174851248,40.87452471482891,0.4632352941176475,0.6622755971329116,8514687.5,2.7649348436467,2024-03-18,first_price_breakout_consumed
base8:300538:2024-11-01,300538,2024-11-01,2024-09-24,2024-10-22,50.70631038956529,45.411118872667,27.892122072391757,0.610890200102617,0.6904597392954377,8815412.5,2.7723515795279,2024-11-05,first_price_breakout_consumed
base8:300539:2024-10-23,300539,2024-10-23,2024-09-11,2024-10-11,22.81630865590654,20.643326879153538,16.302952503209234,0.5999139908256883,0.6863569563884899,3717625.0,2.3116827412266,2024-10-28,first_price_breakout_consumed
base8:300540:2024-03-14,300540,2024-03-14,2024-02-02,2024-03-04,34.66920297246066,31.617708854623164,25.34168564920276,0.38404452690166996,0.6220099093148735,2115775.0,1.5106406523948,2024-03-18,first_qualified_breakout
base8:300540:2024-05-22,300540,2024-05-22,2024-04-16,2024-05-10,37.7358034968221,34.049840304978794,14.19418432725481,0.5536322965487863,0.5343270322936965,3076537.5,1.5106406523948,2024-05-23,first_qualified_breakout
base8:300541:2025-05-27,300541,2025-05-27,2025-04-21,2025-05-15,48.555262298999786,44.43167314409534,13.057851239669427,0.6105567226890755,0.507392155442394,20966837.5,3.4363242957537,2025-05-29,first_qualified_breakout
base8:300543:2024-03-15,300543,2024-03-15,2024-02-05,2024-03-05,37.672412663959115,33.984530879011444,30.155979202772976,0.5447048611111113,0.6774039028943576,7576437.5,4.668204791073,2024-03-18,first_qualified_breakout
base8:300543:2024-09-12,300543,2024-09-12,2024-08-12,2024-09-02,36.91095404187898,34.55993786086758,14.117647058823524,0.4308510638297869,0.3259085520630195,4321762.5,4.7020323620228,2024-09-18,floor_violated_first
base8:300543:2025-03-20,300543,2025-03-20,2025-02-17,2025-03-10,67.38012374778673,60.93833941181549,20.891608391608397,0.5642797319932994,0.572848100208148,22624250.0,4.7020323620228,2025-03-21,floor_violated_first
base8:300546:2024-03-14,300546,2024-03-14,2024-02-02,2024-03-04,41.804718752980754,37.807454808472635,14.677103718199614,0.4480830670926513,0.6777341834232466,4836650.0,3.3310532870901,2024-03-20,first_price_breakout_consumed
base8:300546:2024-05-22,300546,2024-05-22,2024-04-16,2024-05-10,36.9746914867001,34.30984885702803,33.698296836982976,0.5562563067608485,0.6045427357765654,4201237.5,3.3310532870901,2024-05-24,floor_violated_first
base8:300546:2024-10-24,300546,2024-10-24,2024-09-12,2024-10-14,58.95964318149477,52.96374726473259,41.90800681431004,0.6759185303514378,0.6959228343063826,11585412.5,3.3310532870901,2024-11-01,floor_violated_first
base8:300548:2025-05-29,300548,2025-05-29,2025-04-23,2025-05-19,140.30293962902218,127.01550838343644,40.11379800853485,0.5471720532319387,0.5755002930665789,22412575.0,2.8032555370434,2025-06-05,first_qualified_breakout
base8:300549:2024-05-22,300549,2024-05-22,2024-04-16,2024-05-10,33.21677447084809,31.380885907549285,30.0906842539159,0.6244995996797434,0.5651062230015328,1946587.5,2.1347541433707,2024-05-24,floor_violated_first
base8:300550:2024-08-20,300550,2024-08-20,2024-07-18,2024-08-08,32.1880675867949,29.320099627071823,26.493799323562595,0.47331363004172505,0.31860723806545177,4080532.125,2.7844349123525,2024-08-23,floor_violated_first
base8:300557:2025-03-14,300557,2025-03-14,2025-02-11,2025-03-04,50.49672934054462,46.17190273480428,12.57881462799495,0.553160919540229,0.5528105148662514,3286587.5,1.3472980080188,2025-03-24,floor_violated_first
base8:300558:2024-08-20,300558,2024-08-20,2024-07-18,2024-08-08,37.46692531052289,35.17073070872888,12.468513853904284,0.6695863233431806,0.6267074239971864,6747575.0,1.0250868758009,2024-08-23,floor_violated_first
base8:300558:2024-10-24,300558,2024-10-24,2024-09-12,2024-10-14,48.60961965047868,43.66870090911834,12.512690355329958,0.5903523326176067,0.6550429977415794,8509912.5,1.0250868758009,2024-10-28,first_qualified_breakout
base8:300558:2024-12-18,300558,2024-12-18,2024-11-15,2024-12-06,59.42428619017817,54.00157661719141,21.375817683055498,0.6567666870789955,0.6255650269133619,6919637.5,1.0250868758009,2025-01-03,expired
base8:300560:2024-10-30,300560,2024-10-30,2024-09-20,2024-10-18,46.174248971530375,41.623421548855504,25.08143322475569,0.634971693257849,0.6493419368554408,14966487.5,2.7748947699237,2024-11-04,floor_violated_first
base8:300561:2024-03-14,300561,2024-03-14,2024-02-02,2024-03-04,62.06196545524742,57.25991327996382,20.04773269689737,0.4021121039805034,0.565011279003504,5730762.5,6.078547057321,2024-03-18,first_price_breakout_consumed
base8:300561:2024-05-22,300561,2024-05-22,2024-04-16,2024-05-10,52.51864657525344,49.41858757601973,19.001386962552026,0.661016949152542,0.6315617073457526,2757150.0,6.078547057321,2024-05-27,floor_violated_first
base8:300562:2024-04-12,300562,2024-04-12,2024-03-08,2024-03-29,31.87794936759225,29.425799416239002,15.191387559808621,0.6961382113821128,0.6673967207844398,7141225.0,3.269533268471,2024-04-15,floor_violated_first
base8:300563:2024-03-14,300563,2024-03-14,2024-02-02,2024-03-04,24.77037304396347,22.637039480368532,15.101645692158773,0.3890041493775932,0.52010659432209,4869550.0,1.9753088551805,2024-03-18,first_price_breakout_consumed
base8:300564:2024-12-05,300564,2024-12-05,2024-11-04,2024-11-25,31.876996972135174,28.666635902666584,31.2202852614897,0.6259412650602403,0.4975885983387029,4638537.5,1.8884476879227,2024-12-06,first_qualified_breakout
base8:300565:2024-05-22,300565,2024-05-22,2024-04-16,2024-05-10,14.84411875897275,13.8545108417079,22.134831460674143,0.571551724137931,0.6674534372418514,3301950.0,1.3194772230198,2024-06-04,floor_violated_first
base8:300566:2024-03-14,300566,2024-03-14,2024-02-02,2024-03-04,43.34784892912546,40.34799779216176,19.62616822429908,0.4983628659476121,0.6386006465408576,5150625.0,2.9998511369637,2024-03-18,first_price_breakout_consumed
base8:300566:2024-05-21,300566,2024-05-21,2024-04-15,2024-05-09,45.41774621363042,42.20790549707926,18.080000000000005,0.6871508379888258,0.6766336030752892,4689125.0,2.9998511369637,2024-05-22,first_qualified_breakout
base8:300566:2024-08-08,300566,2024-08-08,2024-07-08,2024-07-29,45.12080301240442,41.63598612427379,12.715855572998414,0.6411415289256223,0.6350327323513214,5119862.5,3.0302755548962,2024-08-16,first_price_breakout_consumed
base8:300568:2025-06-04,300568,2025-06-04,2025-04-28,2025-05-22,75.49193719526625,71.47252137170415,12.417582417582418,0.5055555555555545,0.45867645654918526,23927050.0,7.308028770112899,2025-06-12,first_price_breakout_consumed
base8:300569:2024-11-05,300569,2024-11-05,2024-09-26,2024-10-24,49.9479911671333,45.62387179047335,24.942263279445733,0.4972222222222226,0.6889467622665182,29609062.5,8.824733421755,2024-11-11,first_price_breakout_consumed
base8:300569:2025-05-19,300569,2025-05-19,2025-04-11,2025-05-07,45.18263511938561,42.976451763946855,14.73922902494329,0.529485049833887,0.5942113126709556,24799987.5,8.824733421755,2025-05-22,floor_violated_first
base8:300570:2024-05-22,300570,2024-05-22,2024-04-16,2024-05-10,77.73496163146784,72.799091317079,13.604185903354837,0.5315163596370636,0.6200309118097828,11546087.5,1.9983280625056,2024-05-27,floor_violated_first
base8:300571:2025-05-30,300571,2025-05-30,2025-04-24,2025-05-20,97.57929349035936,91.22743381976049,18.887644643523704,0.6059329549485633,0.5358477773398588,6099987.5,3.0685312418352,2025-06-06,first_price_breakout_consumed
base8:300573:2024-04-09,300573,2024-04-09,2024-03-05,2024-03-26,330.8686001374654,301.6734519192559,36.29355534998457,0.6918801568707351,0.674180995180409,3105412.5,1.4619503364151,2024-04-17,first_price_breakout_consumed
base8:300576:2024-03-15,300576,2024-03-15,2024-02-05,2024-03-05,118.0858137794136,109.99378542448561,50.6228765571914,0.5289584306398876,0.6754791378260808,11333225.0,2.89001012676,2024-03-19,first_price_breakout_consumed
base8:300577:2024-03-14,300577,2024-03-14,2024-02-02,2024-03-04,44.582965677916086,40.08099325829231,12.239347234814169,0.4333667334669338,0.4406429732571186,1330025.0,3.359680910167,2024-03-15,first_qualified_breakout
base8:300577:2024-05-29,300577,2024-05-29,2024-04-23,2024-05-17,76.6007247518076,70.78847677721869,12.081218274111682,0.5582648870636543,0.502515340017839,1307062.5,3.3596809101669995,2024-06-05,factor_changed_raw_volume_not_comparable
base8:300578:2024-05-22,300578,2024-05-22,2024-04-16,2024-05-10,26.31817297126878,24.696324776960896,34.54545454545457,0.5531875463306151,0.641532166844063,5766112.5,1.8430093117135,2024-05-23,floor_violated_first
base8:300579:2024-03-18,300579,2024-03-18,2024-02-06,2024-03-06,80.46959169872167,75.27800513751382,27.52808988764044,0.5690749697702526,0.6829415911599795,2915937.5,3.4610577074719,2024-03-20,first_qualified_breakout
base8:300580:2024-12-25,300580,2024-12-25,2024-11-22,2024-12-13,62.327562122740865,55.830645566991244,25.12218963831867,0.5831175753883648,0.5747346419374808,24274500.0,2.379822914194,2024-12-30,floor_violated_first
base8:300581:2025-05-30,300581,2025-05-30,2025-04-24,2025-05-20,172.31739370893285,155.1092271689163,51.27388535031847,0.417665649520488,0.6586892694350497,57620675.0,11.7864154383675,2025-06-12,floor_violated_first
base8:300582:2024-03-18,300582,2024-03-18,2024-02-06,2024-03-06,21.520693149503856,19.750592847163713,37.28813559322035,0.395916334661354,0.5927383225630666,5279050.0,2.3290793451844,2024-03-20,first_price_breakout_consumed
base8:300582:2024-05-22,300582,2024-05-22,2024-04-16,2024-05-10,22.009799811992576,20.98500490011144,41.23867069486404,0.48158409387222867,0.6990007553425276,5515437.5,2.3290793451844,2024-05-27,first_price_breakout_consumed
base8:300582:2024-10-25,300582,2024-10-25,2024-09-13,2024-10-15,28.29831404399046,25.38696486250996,25.5079006772009,0.5904404873477038,0.6592030555707938,8011075.0,2.3290793451844,2024-11-11,expired
base8:300583:2025-03-13,300583,2025-03-13,2025-02-10,2025-03-03,45.05411515524595,40.51182899190085,26.252408477841982,0.6923191573926866,0.6091497679851464,4192887.5,1.6761203554779,2025-03-28,expired
base8:300584:2024-05-24,300584,2024-05-24,2024-04-18,2024-05-14,28.579215152555506,26.727294566063716,18.737672583826416,0.37057832678270586,0.42768377194413626,2097087.5,1.5694242258405,2024-05-27,floor_violated_first
base8:300584:2025-05-13,300584,2025-05-13,2025-04-07,2025-04-28,31.78862709886999,29.867768997799093,16.270566727605118,0.4940572119258676,0.5421071181052448,1527900.0,1.5744738533368,2025-05-15,first_qualified_breakout
base8:300586:2024-03-14,300586,2024-03-14,2024-02-02,2024-03-04,42.45487319081299,38.85379019694939,17.18464351005484,0.5086580086580085,0.6205907461482453,8153962.5,6.3176894629186,2024-03-18,first_price_breakout_consumed
base8:300587:2024-03-14,300587,2024-03-14,2024-02-02,2024-03-04,38.65436978766686,35.81340274313901,14.173228346456668,0.5132450331125813,0.6324037871943846,14177675.0,8.6089910440238,2024-03-18,first_price_breakout_consumed
base8:300587:2024-05-17,300587,2024-05-17,2024-04-11,2024-05-07,43.389314861879946,41.150977190433764,14.685314685314687,0.5324074074074074,0.6850732824894629,14926262.5,8.6089910440238,2024-05-27,floor_violated_first
base8:300589:2024-11-04,300589,2024-11-04,2024-09-25,2024-10-23,55.778120948994584,51.52453762482665,32.57575757575757,0.43557168784029077,0.6300477320443859,12597775.0,4.0128144567622,2024-11-05,first_qualified_breakout
base8:300590:2024-03-13,300590,2024-03-13,2024-02-01,2024-03-01,54.947008315226206,51.30662681193999,14.199759326113103,0.4570798755186726,0.6442052869207892,5769137.5,5.6880960988847,2024-03-18,first_price_breakout_consumed
base8:300590:2024-10-30,300590,2024-10-30,2024-09-20,2024-10-18,90.02659535136169,81.496546624088,43.695014662756584,0.5086276083467094,0.6463321989017302,22162925.0,5.7635464373471,2024-11-01,floor_violated_first
base8:300591:2024-05-22,300591,2024-05-22,2024-04-16,2024-05-10,5.321602033207571,4.928380208093711,20.668693009118556,0.5436390532544381,0.6232261742240438,6516000.0,1.3107394170462,2024-05-24,floor_violated_first
base8:300591:2025-03-19,300591,2025-03-19,2025-02-14,2025-03-07,6.527482296890076,6.016293924242057,18.225419664268582,0.5844763092269323,0.679743547320932,17625437.5,1.3107394170462,2025-03-21,first_qualified_breakout
base8:300591:2025-06-16,300591,2025-06-16,2025-05-13,2025-06-04,8.873705853402774,8.034832626493204,19.705340699815842,0.6626628664495117,0.6733216785965702,27405925.0,1.3107394170462,2025-06-19,floor_violated_first
base8:300593:2024-03-15,300593,2024-03-15,2024-02-05,2024-03-05,47.63815626815644,42.8203479620482,30.844553243574026,0.5931303116147316,0.6774776835893866,11632612.5,4.1532830225071,2024-03-26,floor_violated_first
base8:300595:2024-03-14,300595,2024-03-14,2024-02-02,2024-03-04,257.7740578472384,238.65654410481116,25.015069318866768,0.6313532401524768,0.6785316889387153,9712100.0,12.4951070211943,2024-03-22,floor_violated_first
base8:300595:2024-10-30,300595,2024-10-30,2024-09-20,2024-10-18,253.54888407796116,233.31555667024355,41.8141592920354,0.411242603550296,0.6422811376370627,14418937.5,12.6458296298235,2024-11-01,floor_violated_first
base8:300596:2024-03-12,300596,2024-03-12,2024-01-31,2024-02-29,38.73299353731619,36.098838242424264,12.367328103368713,0.4924659040915088,0.5349518283336983,1596175.0,1.5586717721254,2024-03-18,first_price_breakout_consumed
base8:300596:2024-05-20,300596,2024-05-20,2024-04-12,2024-05-08,52.96366681682109,47.866810121971035,43.625,0.6610427057356596,0.6583936584735278,5942112.5,1.5586717721254,2024-06-03,floor_violated_first
base8:300597:2024-03-15,300597,2024-03-15,2024-02-05,2024-03-05,7.778570523784984,7.180218945032292,23.19587628865978,0.5041152263374484,0.6984951206693507,5741425.0,1.0141552182249,2024-03-18,first_price_breakout_consumed
base8:300597:2024-05-22,300597,2024-05-22,2024-04-16,2024-05-10,7.575739480140003,7.078803423209803,22.036727879799667,0.5601933216168709,0.5234896379620376,4229025.0,1.0141552182249,2024-05-27,floor_violated_first
base8:300599:2024-03-15,300599,2024-03-15,2024-02-05,2024-03-05,6.726971518964634,6.121327780922802,18.595041322314067,0.4562401883830456,0.47380679451214613,3419650.0,1.0815066750747,2024-03-18,first_qualified_breakout
base8:300599:2025-05-13,300599,2025-05-13,2025-04-07,2025-04-28,8.663764347291888,8.250672490526682,26.755852842809368,0.4323366214549945,0.5381816166142276,6035775.0,1.1164644777438,2025-05-19,first_qualified_breakout
base8:300600:2024-11-05,300600,2024-11-05,2024-09-26,2024-10-24,22.090986307867265,20.00411850550464,19.39291736930859,0.5385944700460829,0.6650001173717943,5391912.5,2.9812397176609,2024-11-08,first_qualified_breakout
base8:300602:2024-03-22,300602,2024-03-22,2024-02-20,2024-03-12,83.83291426348225,77.54187123745629,40.72847682119205,0.4088499184339318,0.6533240701154339,17104812.5,4.7659416863833,2024-03-26,floor_violated_first
base8:300605:2024-03-15,300605,2024-03-15,2024-02-05,2024-03-05,22.69066517511284,20.44544173834598,33.00124533001245,0.507874015748032,0.6390850847144613,4752462.5,1.9869233953689003,2024-03-18,first_qualified_breakout
base8:300605:2024-10-22,300605,2024-10-22,2024-09-10,2024-10-10,26.096018600556,23.342768931690003,36.706135629709365,0.6669463087248324,0.5718443057786604,7955162.5,1.9951084557,2024-10-25,first_qualified_breakout
base8:300606:2024-03-14,300606,2024-03-14,2024-02-02,2024-03-04,37.0511455444605,33.292787585597225,18.253968253968278,0.5096618357487928,0.6754708891805666,7050362.5,1.5659824828597,2024-03-18,first_price_breakout_consumed
base8:300607:2024-03-22,300607,2024-03-22,2024-02-20,2024-03-12,79.01638093073542,73.42990668410287,25.800711743772233,0.49958368026644395,0.662244503558193,10485900.0,5.3716098525313,2024-03-25,floor_violated_first
base8:300609:2024-09-12,300609,2024-09-12,2024-08-12,2024-09-02,24.553187520135246,22.667721811810832,14.529914529914523,0.6173279263480925,0.6493763736263736,3939550.0,1.0533327979466,2024-09-13,floor_violated_first
base8:300612:2024-03-15,300612,2024-03-15,2024-02-05,2024-03-05,41.1912184936176,36.820372531239286,60.58394160583942,0.4975961538461546,0.5876322273681035,11011750.0,2.2884010274232,2024-03-21,first_price_breakout_consumed
base8:300613:2024-03-13,300613,2024-03-13,2024-02-01,2024-03-01,196.6476424634279,181.1296574814894,21.55570204350692,0.5263349868689817,0.6879289832973356,3509937.5,5.1899615324209,2024-03-25,floor_violated_first
base8:300615:2024-09-05,300615,2024-09-05,2024-08-05,2024-08-26,25.45726176817084,23.276610856364098,15.057471264367827,0.3232416710735064,0.38875984953381737,8291962.5,2.4501695638278,2024-09-13,floor_violated_first
base8:300615:2024-10-28,300615,2024-10-28,2024-09-18,2024-10-16,31.019146678059947,28.348461853487645,28.17679558011048,0.39114614918132207,0.5284887486020433,7671137.5,2.4501695638278,2024-11-01,floor_violated_first
base8:300616:2024-10-25,300616,2024-10-25,2024-09-13,2024-10-15,27.96016350131444,25.195965260430583,37.65690376569037,0.43451801363193754,0.6777782454447115,10037575.0,1.988631827974,2024-10-28,first_price_breakout_consumed
base8:300616:2025-03-03,300616,2025-03-03,2025-01-21,2025-02-19,27.68175504539808,25.69312321742408,14.89001692047378,0.687814070351759,0.6852401113110631,5366462.5,1.9886318279740003,2025-03-14,first_qualified_breakout
base8:300617:2024-03-22,300617,2024-03-22,2024-02-20,2024-03-12,62.613615537416564,58.746242170889325,18.337994406711957,0.5253395372233394,0.6524716496410073,1361312.5,2.1018333513735,2024-03-25,floor_violated_first
base8:300617:2024-11-01,300617,2024-11-01,2024-09-24,2024-10-22,60.28486163582736,56.052860116990765,23.88717496694579,0.441307357594936,0.6589379488152858,1666375.0,2.1160007594183,2024-11-11,first_qualified_breakout
base8:300618:2024-05-07,300618,2024-05-07,2024-03-28,2024-04-22,71.72893329557894,65.19970179481933,30.081300813008106,0.48684368257012645,0.5488758938268266,13123275.0,2.3153303194183,2024-05-09,first_price_breakout_consumed
base8:300620:2024-11-14,300620,2024-11-14,2024-10-14,2024-11-04,126.46586685738065,113.42334651849795,19.057971014492757,0.5843172285226034,0.6611205310462651,13884562.5,2.3290214890862,2024-11-18,floor_violated_first
base8:300621:2024-03-15,300621,2024-03-15,2024-02-05,2024-03-05,12.917786125132345,11.562881263378296,13.541666666666652,0.40651862464183425,0.34948159879413154,2287625.0,1.5396646156296,2024-03-18,first_price_breakout_consumed
base8:300622:2024-03-14,300622,2024-03-14,2024-02-02,2024-03-04,36.941071470883685,34.472507853964785,14.7887323943662,0.48100871731008676,0.4701885617847468,1933500.0,2.1845695724946,2024-03-18,first_price_breakout_consumed
base8:300622:2024-05-22,300622,2024-05-22,2024-04-16,2024-05-10,34.69096481121425,32.98700054466846,12.784090909090917,0.6718384074941454,0.5838726775651397,1046475.0,2.1845695724946,2024-05-23,floor_violated_first
base8:300623:2024-05-16,300623,2024-05-16,2024-04-10,2024-05-06,121.1047772061929,112.12877607208685,17.986111111111104,0.539403213465951,0.503536962605453,10223650.0,7.1238104238937,2024-05-17,floor_violated_first
base8:300623:2025-05-13,300623,2025-05-13,2025-04-07,2025-04-28,221.35303971922957,203.55616955775454,13.820492454328836,0.6698630136986297,0.6151604770686758,11078687.5,7.147337414247,2025-05-28,expired
base8:300624:2024-03-18,300624,2024-03-18,2024-02-06,2024-03-06,182.2817172772477,163.32246914333078,33.36930455635492,0.6030143805309734,0.6171620667793951,12596825.0,1.6246142359826,2024-03-21,first_price_breakout_consumed
base8:300625:2024-03-15,300625,2024-03-15,2024-02-05,2024-03-05,15.834882909856448,14.806806584750962,24.71204188481675,0.47017766497461916,0.522851810077077,2320862.5,1.2537516159823,2024-03-18,first_qualified_breakout
base8:300625:2024-11-04,300625,2024-11-04,2024-09-25,2024-10-23,16.042591633767383,14.94937726135138,20.45454545454546,0.5157646474677255,0.678183882268369,2679287.5,1.3171257498988,2024-11-07,first_price_breakout_consumed
base8:300626:2024-05-21,300626,2024-05-21,2024-04-15,2024-05-09,14.797511054285302,13.670427902730399,20.642201834862384,0.5928738317757013,0.613423519260863,3815412.5,1.817876050895,2024-05-27,first_price_breakout_consumed
base8:300626:2024-10-30,300626,2024-10-30,2024-09-20,2024-10-18,18.908611293099924,17.48773298783808,22.999999999999975,0.45141741988496303,0.5323411201267556,8009750.0,1.8216388528998,2024-11-01,floor_violated_first
base8:300626:2025-05-23,300626,2025-05-23,2025-04-17,2025-05-13,19.20007350956389,18.216388528998,19.29625425652666,0.6424632352941166,0.6917263762419262,4669337.5,1.8216388528998,2025-05-26,floor_violated_first
base8:300627:2024-11-01,300627,2024-11-01,2024-09-24,2024-10-22,157.47330633466888,146.76595801549885,23.28024398508981,0.5145929339477721,0.6888492423111455,10920350.0,4.1825579371758,2024-11-05,first_qualified_breakout
base8:300629:2024-05-22,300629,2024-05-22,2024-04-16,2024-05-10,52.51073298775247,47.56369631765999,19.654959950708562,0.6834222082810525,0.6042776336972343,8142625.0,2.5765815990065,2024-05-27,factor_changed_raw_volume_not_comparable
base8:300631:2024-03-21,300631,2024-03-21,2024-02-19,2024-03-11,41.4239923987567,38.70684521123261,28.21316614420062,0.4220043358297217,0.6595623106761517,1924787.5,1.6669614647387,2024-03-25,floor_violated_first
base8:300631:2024-05-22,300631,2024-05-22,2024-04-16,2024-05-10,39.45697787036504,37.65665948844723,25.0791974656811,0.3532608695652177,0.4266298604486436,1493725.0,1.6669614647387,2024-05-23,floor_violated_first
base8:300632:2024-03-14,300632,2024-03-14,2024-02-02,2024-03-04,20.890604663251214,19.63213450281439,14.437869822485228,0.4179447852760739,0.4863444887552371,3054512.5,2.0974502673947,2024-03-18,first_qualified_breakout
base8:300632:2024-11-04,300632,2024-11-04,2024-09-25,2024-10-23,26.765091992072346,24.203839169864466,27.243243243243253,0.5889897395422253,0.697264515939466,6802712.5,2.1343773518399,2024-11-07,first_qualified_breakout
base8:300632:2025-03-12,300632,2025-03-12,2025-02-07,2025-02-28,34.01104616114665,30.761583152119897,22.41521918941274,0.5441216960352417,0.4981067744602719,15691037.5,2.1663086726845,2025-03-13,floor_violated_first
base8:300633:2024-05-17,300633,2024-05-17,2024-04-11,2024-05-07,43.77995480399763,40.60074439501168,12.936400541271986,0.6998877762430933,0.6890271000989485,2966450.0,1.0124873913968,2024-05-27,floor_violated_first
base8:300635:2024-03-15,300635,2024-03-15,2024-02-05,2024-03-05,15.687761565166538,14.248369009187343,14.83870967741936,0.3389423076923072,0.34995738099379187,3246200.0,1.6172950067182,2024-03-18,first_price_breakout_consumed
base8:300635:2024-10-22,300635,2024-10-22,2024-09-10,2024-10-10,18.234990433137224,16.388819110421736,38.53658536585367,0.6157544378698226,0.486489670539366,10034550.0,1.6194485286978,2024-10-28,first_qualified_breakout
base8:300636:2024-05-15,300636,2024-05-15,2024-04-09,2024-04-30,44.9635405504928,41.28825984462644,37.869062901155324,0.6783036551077793,0.500756749425765,6941450.0,3.9098730913471997,2024-05-17,floor_violated_first
base8:300637:2024-03-14,300637,2024-03-14,2024-02-02,2024-03-04,16.33606194750292,14.730211197809064,19.613670133729567,0.4258808095952026,0.6308227713383858,17722612.5,1.9825317897455,2024-03-19,first_qualified_breakout
base8:300639:2024-03-14,300639,2024-03-14,2024-02-02,2024-03-04,54.16785461321857,50.36534296487343,14.440993788819867,0.45777591973244175,0.5508146937083844,4731237.5,7.1745502798965,2024-03-26,floor_violated_first
base8:300639:2025-03-05,300639,2025-03-05,2025-01-23,2025-02-21,46.12640609558999,43.37042585717424,13.57142857142859,0.6492130750605328,0.5786844552640936,8462450.0,7.2525795747783,2025-03-20,expired
base8:300640:2024-03-15,300640,2024-03-15,2024-02-05,2024-03-05,14.446657526818653,13.069389973551965,19.628647214854112,0.4390404929577468,0.4182101952731402,4225225.0,2.9303564963121,2024-03-18,first_qualified_breakout
base8:300641:2024-03-15,300641,2024-03-15,2024-02-05,2024-03-05,7.682863913959377,6.876969097809792,16.616314199395752,0.4994158878504669,0.5232769106977111,4066650.0,1.7908773692213,2024-03-18,first_price_breakout_consumed
base8:300641:2024-11-13,300641,2024-11-13,2024-10-11,2024-11-01,49.55004861032758,44.90865165189183,15.284974093264259,0.6257647598654029,0.6061238047631401,32585587.5,1.7920451576972,2024-11-14,factor_changed_raw_volume_not_comparable
base8:300642:2024-03-15,300642,2024-03-15,2024-02-05,2024-03-05,40.02931202185436,36.43403435086744,20.55555555555555,0.5137844611528812,0.6319510068656793,1814512.5,2.8309272999897,2024-03-18,first_price_breakout_consumed
base8:300642:2024-12-04,300642,2024-12-04,2024-11-01,2024-11-22,47.190369340290005,43.386539569224205,13.121845710165836,0.504270186335404,0.5008449063393928,5065812.5,2.86002238426,2024-12-11,first_price_breakout_consumed
base8:300645:2024-10-22,300645,2024-10-22,2024-09-10,2024-10-10,31.625353762189246,28.299440174652734,25.32154340836015,0.6521739130434784,0.6774959630620175,8234575.0,1.9449787061617,2024-10-23,first_qualified_breakout
base8:300648:2024-10-31,300648,2024-10-31,2024-09-23,2024-10-21,53.67270189002211,48.679892411880516,44.175824175824175,0.5390936254980078,0.5951909068061019,4041687.5,2.0132296282829,2024-11-01,floor_violated_first
base8:300648:2025-03-12,300648,2025-03-12,2025-02-07,2025-02-28,57.84008722056772,52.4848964093352,15.620998719590261,0.5776406429391507,0.6443557650799491,6398500.0,2.0132296282829,2025-03-13,floor_violated_first
base8:300649:2024-03-15,300649,2024-03-15,2024-02-05,2024-03-05,25.847764344861304,23.21778514284044,13.98601398601398,0.43852718078381775,0.5549545744727435,3210575.0,2.0546712515788,2024-03-18,first_price_breakout_consumed
base8:300649:2024-10-29,300649,2024-10-29,2024-09-19,2024-10-17,25.76037133950817,23.322741974582772,31.608548931383563,0.48218221895664976,0.688550377138987,4202200.0,2.0657875973944,2024-11-07,first_price_breakout_consumed
base8:300650:2024-03-14,300650,2024-03-14,2024-02-02,2024-03-04,30.334491835288922,27.950641789293723,13.547646383467281,0.4265474276527326,0.5965038694923722,5789708.75,2.979812557494,2024-03-18,first_price_breakout_consumed
base8:300651:2024-03-15,300651,2024-03-15,2024-02-05,2024-03-05,26.31167242479472,23.50740207425739,15.029387069689326,0.45953473132372225,0.5451870903221974,2202425.0,1.7310310805786,2024-03-18,first_price_breakout_consumed
base8:300651:2024-05-23,300651,2024-05-23,2024-04-17,2024-05-13,26.39822397882365,24.75374445227398,13.553979511426316,0.548741467576792,0.6758649809611204,2955900.0,1.7310310805786,2024-05-27,floor_violated_first
base8:300652:2024-05-21,300652,2024-05-21,2024-04-15,2024-05-09,27.134009176897287,25.37956119397341,17.08352996696556,0.5858270499528738,0.6256913584956039,1312275.0,1.0897192440521,2024-05-24,floor_violated_first
base8:300653:2024-03-12,300653,2024-03-12,2024-01-31,2024-02-29,59.147458528681256,54.494333242969915,14.492753623188403,0.6089585389930903,0.6701922974569685,2098662.5,2.398518188511,2024-03-15,first_price_breakout_consumed
base8:300653:2024-05-22,300653,2024-05-22,2024-04-16,2024-05-10,62.96110244841375,58.379932708357735,15.263394867176938,0.5928156146179401,0.6344249787437378,3089112.5,2.398518188511,2024-05-23,floor_violated_first
base8:300656:2024-03-15,300656,2024-03-15,2024-02-05,2024-03-05,57.11583071163393,53.71157590100674,15.228426395939065,0.4792650531286892,0.6535760581792616,1189887.5,2.7017895322438,2024-03-18,first_price_breakout_consumed
base8:300656:2025-05-15,300656,2025-05-15,2025-04-09,2025-04-30,69.27490636617473,63.59219920332444,13.31403762662806,0.5997757847533631,0.6996678450750393,4567837.5,2.7060510299287004,2025-05-20,first_qualified_breakout
base8:300658:2024-03-15,300658,2024-03-15,2024-02-05,2024-03-05,15.28926840174736,13.933427618950896,15.67695961995248,0.39587332053742774,0.4875175021197301,4672637.5,2.8847676229712,2024-03-18,first_price_breakout_consumed
base8:300660:2024-05-21,300660,2024-05-21,2024-04-15,2024-05-09,96.18069178991546,91.52459469619869,13.155770782889409,0.570431127982647,0.5695403726996572,4087287.5,3.3986110173115,2024-05-24,floor_violated_first
base8:300660:2025-05-23,300660,2025-05-23,2025-04-17,2025-05-13,218.24623273589435,198.05312844241797,27.95316746811627,0.6742671009771982,0.6717930804184221,8368925.0,3.493616659771,2025-05-26,floor_violated_first
base8:300662:2024-10-28,300662,2024-10-28,2024-09-18,2024-10-16,21.235212080401222,19.068563265621407,46.09374999999998,0.4452232606438219,0.506488551083841,8793975.0,1.0268477795165,2024-11-05,first_price_breakout_consumed
base8:300662:2025-04-02,300662,2025-04-02,2025-02-28,2025-03-21,36.95625158479884,33.064498500431306,44.75092630712227,0.5545256270447111,0.29924084821776054,4228937.5,1.0268477795165,2025-04-03,floor_violated_first
base8:300664:2024-10-24,300664,2024-10-24,2024-09-12,2024-10-14,8.07922803601429,7.652276960940366,19.704433497536943,0.41338582677165375,0.6458376912931789,10126812.5,1.6421195195151,2024-10-25,first_price_breakout_consumed
base8:300664:2024-12-13,300664,2024-12-13,2024-11-12,2024-12-03,10.082613849822714,9.52429321318758,15.444015444015458,0.5197010869565214,0.6213652674021559,33745237.5,1.6421195195151,2024-12-16,floor_violated_first
base8:300665:2024-05-22,300665,2024-05-22,2024-04-16,2024-05-10,14.736941936711593,13.448589650833435,13.873873873873887,0.6712062256809328,0.6387889472548032,5326350.0,2.2602671682073,2024-05-24,floor_violated_first
base8:300666:2024-03-22,300666,2024-03-22,2024-02-20,2024-03-12,51.21739408825075,48.437136809476776,17.757889778615166,0.5406126181042366,0.6555324472742317,3633712.5,1.0110026468269,2024-03-25,floor_violated_first
base8:300667:2025-02-14,300667,2025-02-14,2025-01-06,2025-01-27,43.25860923604836,38.62375824647175,13.75259156876294,0.5692298105682952,0.4991478207930448,6509912.5,2.3408338331195,2025-02-18,floor_violated_first
base8:300669:2024-11-27,300669,2024-11-27,2024-10-25,2024-11-15,46.11181908548294,41.411200631121574,18.5430463576159,0.6865972812234498,0.45258004778289646,1583650.0,2.0799196700714,2024-12-12,expired
base8:300670:2024-03-21,300670,2024-03-21,2024-02-19,2024-03-11,16.7360243090096,15.119943401920295,50.99009900990099,0.3537735849056604,0.6198309199811385,11891700.0,2.7391201815073,2024-03-25,floor_violated_first
base8:300671:2024-03-12,300671,2024-03-12,2024-01-31,2024-02-29,48.436878873762716,44.822460260834205,13.051305130513068,0.5056606961811426,0.6492657468772423,4488175.0,1.8347302603698,2024-03-18,first_price_breakout_consumed
base8:300671:2025-05-13,300671,2025-05-13,2025-04-07,2025-04-28,57.940781622478276,53.26221945853529,27.316017316017316,0.4736842105263154,0.4490471990508371,5245712.5,1.8347302603698,2025-05-23,first_qualified_breakout
base8:300672:2024-03-15,300672,2024-03-15,2024-02-05,2024-03-05,94.72086501588667,88.06296090882107,54.29326287978864,0.6166931860726318,0.6686113156745985,6688275.0,1.6238790505038,2024-03-25,floor_violated_first
base8:300672:2024-05-22,300672,2024-05-22,2024-04-16,2024-05-10,80.99908703912955,75.77019649650731,14.851485148514843,0.6337842586085729,0.6422413639140018,2397350.0,1.6238790505038,2024-05-23,floor_violated_first
base8:300672:2024-10-31,300672,2024-10-31,2024-09-23,2024-10-21,121.42997656247427,111.85327412499309,75.80147233436239,0.3859342356253973,0.6562330344608217,10975550.0,1.6314654919048,2024-11-01,floor_violated_first
base8:300673:2024-03-15,300673,2024-03-15,2024-02-05,2024-03-05,31.373104676828735,29.124236111498533,14.33121019108279,0.5285234899328866,0.6749124007503451,1906875.0,2.7763809448521,2024-03-18,first_qualified_breakout
base8:300673:2024-05-21,300673,2024-05-21,2024-04-15,2024-05-09,43.06166845465607,40.70174465153179,29.820051413881753,0.6362208258527821,0.5474783728590926,3556675.0,2.7763809448521,2024-05-22,floor_violated_first
base8:300674:2024-03-12,300674,2024-03-12,2024-01-31,2024-02-29,23.6262519490038,22.107898186744375,15.04201680672268,0.5498949579831935,0.6946103564587979,12090800.0,1.6685206178675,2024-03-18,first_price_breakout_consumed
base8:300675:2024-03-18,300675,2024-03-18,2024-02-06,2024-03-06,12.18699766066311,11.1353278117734,12.88981288981288,0.418375717801477,0.595538215165386,3289900.0,1.0310488714605,2024-03-20,first_price_breakout_consumed
base8:300676:2024-03-15,300676,2024-03-15,2024-02-05,2024-03-05,46.53011741787492,43.25451288279467,19.385026737967912,0.6153620516258814,0.6814467155925371,3164475.0,1.0333137334638,2024-03-20,first_qualified_breakout
base8:300677:2024-01-02,300677,2024-01-02,2023-11-29,2023-12-20,139.3003472135888,130.47145196765712,14.750121300339636,0.6868131868131854,0.48802654867641293,7485162.5,5.7705197685828,2024-01-04,first_qualified_breakout
base8:300677:2024-05-28,300677,2024-05-28,2024-04-22,2024-05-16,148.24465285489214,138.03083286450058,12.572447614801607,0.4532197853476433,0.5558333095668234,11303837.5,5.7705197685828,2024-05-31,factor_changed_raw_volume_not_comparable
base8:300677:2024-10-28,300677,2024-10-28,2024-09-18,2024-10-16,158.6193384286711,145.94136940827732,16.359447004608295,0.41718458669981345,0.6816449704385912,18742037.5,5.7890269499515,2024-10-31,factor_changed_raw_volume_not_comparable
base8:300678:2024-03-14,300678,2024-03-14,2024-02-02,2024-03-04,104.42995104067649,94.10441572982751,39.301310043668124,0.5423553719008258,0.6725124313347739,23076475.0,2.7316230981082,2024-03-15,floor_violated_first
base8:300679:2024-03-12,300679,2024-03-12,2024-01-31,2024-02-29,142.0648238735479,133.16746505878706,17.874241940631986,0.5602446692181512,0.6407421241566047,3685262.5,3.6614645328234,2024-03-13,first_price_breakout_consumed
base8:300679:2024-10-31,300679,2024-10-31,2024-09-23,2024-10-21,173.30425513734306,157.38139562674945,36.310223266745,0.5190540289639807,0.6861644391909845,9400187.5,3.6943989583744,2024-11-07,first_price_breakout_consumed
base8:300681:2024-05-22,300681,2024-05-22,2024-04-16,2024-05-10,44.027324025620956,41.043893515990064,18.11145510835912,0.579324699352451,0.5591494161358811,3202450.0,2.8965344753698,2024-05-23,floor_violated_first
base8:300682:2024-03-13,300682,2024-03-13,2024-02-01,2024-03-01,20.732484146533203,18.868716998145,20.07233273056055,0.5869932432432423,0.6862062755495134,13514000.0,1.5403034284200001,2024-03-20,first_price_breakout_consumed
base8:300682:2024-12-04,300682,2024-12-04,2024-11-01,2024-11-22,22.1907004371598,20.098434395941876,16.333622936576898,0.5179687500000004,0.4349728980981885,15588912.5,1.5850500312256999,2024-12-12,first_qualified_breakout
base8:300682:2025-03-12,300682,2025-03-12,2025-02-07,2025-02-28,22.476009442780427,20.51054740406056,12.607204116638094,0.6487771739130438,0.47440593583887986,16891100.0,1.5850500312257,2025-03-18,first_price_breakout_consumed
base8:300684:2025-05-19,300684,2025-05-19,2025-04-11,2025-05-07,83.83214016947716,76.62218284450257,13.577386468952746,0.6192320369149628,0.6968368735971369,8135937.5,3.2772533295339,2025-05-22,floor_violated_first
base8:300685:2024-03-12,300685,2024-03-12,2024-01-31,2024-02-29,115.67050787635206,106.64691917789683,30.23668639053256,0.575189225289403,0.602859967291128,4440662.5,4.958015768382,2024-03-13,first_price_breakout_consumed
base8:300685:2025-03-07,300685,2025-03-07,2025-01-27,2025-02-25,123.63162948893265,116.08275118208718,17.195004803073964,0.65119760479042,0.6252664669364945,8682075.0,4.9992571568513,2025-03-21,floor_violated_first
base8:300687:2024-10-31,300687,2024-10-31,2024-09-23,2024-10-21,90.66142417250182,81.03564333443373,52.02702702702702,0.42690360090022494,0.5934117671150076,14006337.5,4.4771073665433,2024-11-01,floor_violated_first
base8:300688:2024-03-15,300688,2024-03-15,2024-02-05,2024-03-05,58.53463671823861,53.118316963618355,50.27932960893855,0.4931210094253571,0.6840490739458261,8428725.0,2.1324093522127,2024-03-21,first_price_breakout_consumed
base8:300688:2025-05-13,300688,2025-05-13,2025-04-07,2025-04-28,62.022483823551156,56.56245773729631,16.470074268239408,0.5582264957264963,0.6970481861196037,5429187.5,2.1328226899433,2025-05-19,first_qualified_breakout
base8:300689:2024-03-15,300689,2024-03-15,2024-02-05,2024-03-05,26.016712501623,23.299065221014345,33.94230769230771,0.4375670600858362,0.4886264425209706,1608125.0,1.7309855290500997,2024-03-18,first_qualified_breakout
base8:300690:2025-05-23,300690,2025-05-23,2025-04-17,2025-05-13,68.06412342335122,63.51005470578722,25.38779731127199,0.536825726141078,0.5415604173836863,6923525.0,2.7434148900988,2025-05-28,floor_violated_first
base8:300691:2024-03-14,300691,2024-03-14,2024-02-02,2024-03-04,48.496178486722506,45.05901854967906,18.632707774798906,0.5586352279825105,0.67696090857415,5287687.5,2.6852812008152,2024-03-18,first_qualified_breakout
base8:300692:2024-05-28,300692,2024-05-28,2024-04-22,2024-05-16,15.931837739567777,15.053243746576905,12.708333333333343,0.6789867109634551,0.5300642915423693,3828562.5,2.9286466433029,2024-05-29,floor_violated_first
base8:300693:2024-03-22,300693,2024-03-22,2024-02-20,2024-03-12,114.63839526950184,104.21038182697642,21.39136904761907,0.5576544021024965,0.6749460072467381,10375562.5,3.4876299138881,2024-03-26,floor_violated_first
base8:300694:2024-03-22,300694,2024-03-22,2024-02-20,2024-03-12,10.952164641886815,9.995377024472912,17.55196304849882,0.5778452685421994,0.6867448799174893,3542312.5,1.0178591674616,2024-04-10,expired
base8:300694:2024-05-21,300694,2024-05-21,2024-04-15,2024-05-09,10.880914500164504,10.198948857965231,16.150442477876116,0.6205610795454564,0.600038766139282,2259850.0,1.0178591674616,2024-05-23,floor_violated_first
base8:300695:2024-03-15,300695,2024-03-15,2024-02-05,2024-03-05,47.509818427308836,43.11678727135905,15.333906563485233,0.5040723700572,0.6950114946914557,485725.0,1.0846990508518,2024-03-18,first_price_breakout_consumed
base8:300696:2025-05-27,300696,2025-05-27,2025-04-21,2025-05-15,91.2653058001117,82.05618218317736,13.875338753387556,0.5923723897911833,0.6677280682119829,22035462.5,4.1296518461589,2025-06-10,floor_violated_first
base8:300698:2024-03-14,300698,2024-03-14,2024-02-02,2024-03-04,32.80055667305873,29.57558591008929,15.979976896418947,0.5692640692640694,0.672589076241305,1634100.0,1.0015437152079,2024-03-19,first_price_breakout_consumed
base8:300698:2024-05-30,300698,2024-05-30,2024-04-24,2024-05-20,35.865280441594905,33.551714459464655,18.796484110885746,0.6239100104638998,0.5467458979833579,1993975.0,1.0015437152079,2024-05-31,first_qualified_breakout
base8:300700:2024-03-22,300700,2024-03-22,2024-02-20,2024-03-12,32.9395784617363,30.155287445629646,22.985347985347993,0.5359428327645065,0.6751236178096809,6834669.125,2.3595686577175,2024-03-26,floor_violated_first
base8:300702:2024-05-23,300702,2024-05-23,2024-04-17,2024-05-13,57.86408820671991,55.174011999766144,19.38352104327208,0.6780946601941753,0.3926311867987523,1526437.5,2.7449757213814,2024-05-27,floor_violated_first
base8:300702:2024-10-30,300702,2024-10-30,2024-09-20,2024-10-18,49.51172507339432,44.88806203152092,18.43615494978481,0.5205933179723502,0.6437840546487115,3725750.0,2.7521803820675,2024-11-01,floor_violated_first
base8:300703:2024-03-18,300703,2024-03-18,2024-02-06,2024-03-06,22.100388383810916,19.994409670106965,19.32650073206443,0.4075062814070347,0.43559581424962907,3064962.5,2.4776220161223,2024-03-20,first_price_breakout_consumed
base8:300706:2024-03-14,300706,2024-03-14,2024-02-02,2024-03-04,37.21491550103811,34.43147840188324,15.7303370786517,0.4737512124151303,0.6738646515417767,2745675.0,1.8074266877629002,2024-03-18,first_price_breakout_consumed
base8:300706:2024-10-31,300706,2024-10-31,2024-09-23,2024-10-21,46.88607145119065,42.26987522723173,49.03565166569259,0.45263112191733185,0.6616017675996868,6314587.5,1.8102730290034998,2024-11-01,floor_violated_first
base8:300707:2024-05-20,300707,2024-05-20,2024-04-12,2024-05-08,31.142963428304334,28.43222119272549,21.370967741935498,0.5396959459459459,0.5753516805404827,5050625.0,2.0381520568262,2024-05-24,floor_violated_first
base8:300709:2025-06-03,300709,2025-06-03,2025-04-25,2025-05-21,77.46415511002756,71.19370668891698,22.83931357254292,0.6985413950456327,0.6528457029289902,7285862.5,1.9293687449571,2025-06-06,factor_changed_raw_volume_not_comparable
base8:300710:2024-03-15,300710,2024-03-15,2024-02-05,2024-03-05,27.501675521195292,25.068158390854983,34.17085427135682,0.4283187331536393,0.6483239863197079,2915500.0,1.4659741749038,2024-03-25,floor_violated_first
base8:300711:2024-03-18,300711,2024-03-18,2024-02-06,2024-03-06,23.17203573696119,21.32961087714164,46.21749408983451,0.4727450284090914,0.6640123997745832,7203237.5,1.7715623652111,2024-03-19,first_price_breakout_consumed
base8:300712:2024-03-27,300712,2024-03-27,2024-02-23,2024-03-15,34.978226319122626,31.313840704738354,25.808080808080792,0.6668860698898994,0.6938911836086997,2973462.5,1.3325038597761,2024-04-15,expired
base8:300713:2024-03-22,300713,2024-03-22,2024-02-20,2024-03-12,45.207333333333835,41.37065833333379,36.759259259259224,0.40493858751279377,0.6067210943721886,5830525.0,2.9741666666667,2024-03-27,floor_violated_first
base8:300713:2024-10-31,300713,2024-10-31,2024-09-23,2024-10-21,51.601791666667246,46.21855000000051,28.780864197530853,0.47470767666497166,0.6636156866632522,7230000.0,2.9741666666667,2024-11-01,floor_violated_first
base8:300715:2024-10-31,300715,2024-10-31,2024-09-23,2024-10-21,31.373288221840816,29.163345906843222,27.926421404682266,0.3771760154738878,0.6578492877507948,4145525.0,3.9463255624957,2024-11-01,floor_violated_first
base8:300715:2025-05-13,300715,2025-05-13,2025-04-07,2025-04-28,43.76475048807731,40.88393282745545,19.2865105908584,0.6229967948717947,0.5783838901214682,3564537.5,3.9463255624957,2025-05-14,floor_violated_first
base8:300717:2024-10-31,300717,2024-10-31,2024-09-23,2024-10-21,26.876746911873994,25.26583779097303,25.2,0.39329268292682884,0.6825415207595699,2809350.0,1.6956938114747,2024-11-01,floor_violated_first
base8:300718:2024-03-13,300718,2024-03-13,2024-02-01,2024-03-01,58.154458072741186,52.23534416884515,14.51263537906138,0.5259584664536747,0.6753001489110877,3627937.5,3.3441321490938,2024-03-28,expired
base8:300720:2024-03-18,300720,2024-03-18,2024-02-06,2024-03-06,48.9256548060448,44.454111280744556,66.46216768916156,0.586710650329877,0.587227249705955,4676462.5,2.9035996917534,2024-03-28,floor_violated_first
base8:300721:2024-11-01,300721,2024-11-01,2024-09-24,2024-10-22,28.94870149395036,26.1459497582463,35.62901744719924,0.4942173211403979,0.6325520515325437,8287950.0,1.9599662487441003,2024-11-11,first_qualified_breakout
base8:300723:2024-12-20,300723,2024-12-20,2024-11-19,2024-12-10,59.86126610479786,54.17346997746728,27.427184466019416,0.6238967343336276,0.48939702211825037,8917525.0,2.7881353565346,2024-12-24,floor_violated_first
base8:300725:2025-03-06,300725,2025-03-06,2025-01-24,2025-02-24,107.49072255136895,98.77665627765923,30.959949141767318,0.6867106773823186,0.515693686975974,7930200.0,2.5857763423471,2025-03-13,floor_violated_first
base8:300726:2024-03-13,300726,2024-03-13,2024-02-01,2024-03-01,27.480466979307995,25.522088872736617,19.19850885368126,0.5637417218543047,0.6936698853825081,3872500.0,1.0528914551459,2024-03-18,first_qualified_breakout
base8:300726:2024-05-22,300726,2024-05-22,2024-04-16,2024-05-10,26.16435266037562,24.55342873400239,20.988851187590907,0.6863735239279066,0.6791811513750614,4229175.0,1.0528914551459,2024-05-24,floor_violated_first
base8:300726:2024-11-06,300726,2024-11-06,2024-09-27,2024-10-25,37.071152357293386,33.167803173527744,34.48275862068966,0.4915865384615373,0.5834653241029538,9571612.5,1.0664888480234,2024-11-11,first_qualified_breakout
base8:300727:2024-05-22,300727,2024-05-22,2024-04-16,2024-05-10,34.58306450649343,32.077045339356225,22.896963663514192,0.6729055258467008,0.5665078789477154,2864075.0,1.3546049552093,2024-05-23,factor_changed_raw_volume_not_comparable
base8:300729:2024-11-04,300729,2024-11-04,2024-09-25,2024-10-23,49.732793852640995,45.3992309028258,17.69722814498933,0.4417839657282739,0.6388816308237062,6870737.5,2.948002006677,2024-11-11,first_price_breakout_consumed
base8:300730:2024-05-22,300730,2024-05-22,2024-04-16,2024-05-10,24.55146213822792,22.732835313174,16.185696361355074,0.6031128404669255,0.5737529474511565,5041712.5,2.5980383215056,2024-05-27,floor_violated_first
base8:300731:2024-03-21,300731,2024-03-21,2024-02-19,2024-03-11,28.702566603372752,25.90370936244685,63.3306645316253,0.4026714235990252,0.5430178466668847,9188300.0,1.4279883882275,2024-03-25,floor_violated_first
base8:300731:2024-11-14,300731,2024-11-14,2024-10-14,2024-11-04,34.28369799426558,30.737603603736435,30.293941211757634,0.4332129963898918,0.41416171683285563,10170312.5,1.4356657451535,2024-11-15,floor_violated_first
base8:300732:2024-03-15,300732,2024-03-15,2024-02-05,2024-03-05,35.59005774071543,32.88579283775739,14.380165289256208,0.4239649681528663,0.6281661510321027,3516650.0,4.829044469567899,2024-03-18,first_qualified_breakout
base8:300733:2024-05-21,300733,2024-05-21,2024-04-15,2024-05-09,17.219959011532083,16.113787147895792,17.836593785960897,0.6489398084815314,0.596816143148432,2043025.0,1.6510027815467,2024-05-27,floor_violated_first
base8:300733:2025-05-22,300733,2025-05-22,2025-04-16,2025-05-12,30.081270679780875,27.241545895520552,29.563350035791004,0.61144156752974,0.6445533842769614,7462037.5,1.6510027815467,2025-06-09,expired
base8:300736:2024-10-24,300736,2024-10-24,2024-09-12,2024-10-14,26.387703170870225,24.217499545602397,15.375982042648694,0.4478043143297379,0.5833547390447367,9735125.0,2.4661404832589,2024-10-28,first_qualified_breakout
base8:300739:2024-03-20,300739,2024-03-20,2024-02-08,2024-03-08,37.67923857249974,34.00563691984496,55.78947368421054,0.47755281690140805,0.6711966761200245,9701875.0,2.4821632788208,2024-03-22,floor_violated_first
base8:300740:2025-06-27,300740,2025-06-27,2025-05-26,2025-06-17,45.00405524946349,40.81339423433126,25.507246376811587,0.41620727673649394,0.3932015002157785,19826037.5,2.6028950404548,,still_armed_at_cutoff
base8:300741:2024-03-13,300741,2024-03-13,2024-02-01,2024-03-01,26.155037277976135,24.916687438071957,12.360211889346683,0.35104625550660684,0.5014076326380337,1579775.0,1.3608239998947,2024-03-18,first_price_breakout_consumed
base8:300741:2025-06-25,300741,2025-06-25,2025-05-22,2025-06-13,28.27303266431738,25.36278017226681,17.959682345754423,0.5430840420210109,0.6114134887290115,5970387.5,1.4059190782853,,still_armed_at_cutoff
base8:300743:2024-03-15,300743,2024-03-15,2024-02-05,2024-03-05,24.78150377073494,22.278549340751706,25.0620347394541,0.49657534246575274,0.4938412353355517,2710925.0,2.2549139008858,2024-03-18,first_price_breakout_consumed
base8:300743:2024-05-16,300743,2024-05-16,2024-04-10,2024-05-06,30.035453159798855,27.284458200718177,16.72760511882998,0.5431360201511335,0.6344294668376369,4508987.5,2.2549139008858,2024-05-31,expired
base8:300745:2024-10-31,300745,2024-10-31,2024-09-23,2024-10-21,18.14745190921783,17.091782961590198,26.588750913075245,0.47716777834787016,0.6457612290647606,5381025.0,1.0053989977406,2024-11-01,floor_violated_first
base8:300747:2025-05-27,300747,2025-05-27,2025-04-21,2025-05-15,95.47787860123951,88.46335967733002,16.079295154185004,0.5252100840336152,0.6474211429449331,13119812.5,4.46784644835,2025-05-28,floor_violated_first
base8:300749:2024-10-29,300749,2024-10-29,2024-09-19,2024-10-17,12.6533893984974,11.52864367418652,18.511450381679406,0.4208591331269345,0.6666598929756824,4920950.0,1.8745762071848,2024-11-07,first_price_breakout_consumed
base8:300750:2024-10-30,300750,2024-10-30,2024-09-20,2024-10-18,494.57971611153954,456.31977580857136,34.63900862068967,0.48883263583486974,0.6149959726789479,34947677.75,1.8663385513643,2024-11-11,first_qualified_breakout
base8:300752:2024-03-15,300752,2024-03-15,2024-02-05,2024-03-05,34.518348015852766,32.22590810945644,26.65310274669377,0.4157557776389757,0.5219698557550211,3602712.5,2.6349883981567004,2024-03-20,first_price_breakout_consumed
base8:300752:2024-09-12,300752,2024-09-12,2024-08-12,2024-09-02,35.96759163483896,32.96370486094032,13.730569948186533,0.6127659574468091,0.6519153619147557,5736225.0,2.6349883981567,2024-09-13,floor_violated_first
base8:300753:2024-04-11,300753,2024-04-11,2024-03-07,2024-03-28,21.784906687717264,19.601599901033737,12.728857890148193,0.6715425531914893,0.5103783959982209,3350675.0,1.6053726372673,2024-04-15,floor_violated_first
base8:300753:2024-05-22,300753,2024-05-22,2024-04-16,2024-05-10,21.335402349282415,19.103934383480873,32.33779608650873,0.5313199105145407,0.6720175835372115,4942425.0,1.6053726372673,2024-05-27,floor_violated_first
base8:300756:2024-12-09,300756,2024-12-09,2024-11-06,2024-11-27,62.9065831174825,58.792900309452676,12.67029972752043,0.6054427430093199,0.665898192102785,4129687.5,3.6404272637432,2024-12-17,floor_violated_first
base8:300758:2024-11-06,300758,2024-11-06,2024-09-27,2024-10-25,47.870678323223615,43.36831853625376,26.56112576956906,0.5268404907975456,0.6502529691664491,17385462.5,3.3105586668896,2024-11-15,floor_violated_first
base8:300758:2025-06-04,300758,2025-06-04,2025-04-28,2025-05-22,55.22011856371852,49.658380003344,12.284482758620685,0.5020775623268694,0.4725618235422227,24070837.5,3.3105586668896,2025-06-17,floor_violated_first
base8:300759:2024-05-30,300759,2024-05-30,2024-04-24,2024-05-20,51.0688142018697,46.74250049315013,21.794166208035204,0.668456032719835,0.4548173424327579,14350700.0,2.2890548723384,2024-06-03,floor_violated_first
base8:300760:2024-10-30,300760,2024-10-30,2024-09-20,2024-10-18,308.31991079235326,281.87700807413387,18.13235035983851,0.48812946844886534,0.611026966570042,8992325.0,1.0837255212385,2024-11-07,factor_changed_raw_volume_not_comparable
base8:300761:2024-03-14,300761,2024-03-14,2024-02-02,2024-03-04,40.076203776064105,36.63003746102092,13.534278959810875,0.6131995954146989,0.5752372072536468,1993787.5,1.9360484915973002,2024-03-21,first_qualified_breakout
base8:300762:2024-03-12,300762,2024-03-12,2024-01-31,2024-02-29,56.7897912723551,51.094303484866,22.37487733071639,0.5932395644283117,0.64593980955957,27295112.5,4.1271650633979,2024-03-13,first_qualified_breakout
base8:300765:2024-03-11,300765,2024-03-11,2024-01-30,2024-02-28,181.61935461040682,162.5997721970392,15.690450834220805,0.6182744043043825,0.5087434946108186,12741287.5,5.0449820725113,2024-03-12,first_qualified_breakout
base8:300767:2024-03-15,300767,2024-03-15,2024-02-05,2024-03-05,39.20547225831682,35.87987188776699,22.7551020408163,0.5867970660146695,0.6027772802674616,5654075.0,3.0510095142659,2024-03-18,first_price_breakout_consumed
base8:300767:2024-10-24,300767,2024-10-24,2024-09-12,2024-10-14,34.04926617920745,31.852539328935997,30.16627078384799,0.5105769230769237,0.6850143529938078,7472337.5,3.0510095142658997,2024-10-28,first_price_breakout_consumed
base8:300768:2024-03-12,300768,2024-03-12,2024-01-31,2024-02-29,19.280800094341938,17.89160547155087,12.765957446808507,0.536770504731862,0.5120049917012036,4121312.5,1.5265874975725997,2024-03-13,first_qualified_breakout
base8:300771:2024-05-21,300771,2024-05-21,2024-04-15,2024-05-09,25.730406875549633,24.31239848060451,20.000000000000018,0.39890035906642657,0.5169766853936207,8016175.0,2.5781970817184,2024-05-24,floor_violated_first
base8:300771:2025-06-17,300771,2025-06-17,2025-05-14,2025-06-05,35.56903726239338,31.813793179672295,19.521531100478494,0.41968911917098434,0.533846463844791,19901212.5,2.6445380864233,2025-06-19,floor_violated_first
base8:300772:2024-08-15,300772,2024-08-15,2024-07-15,2024-08-05,21.2328967756135,19.150511102348432,16.59436008676789,0.6835736354273942,0.6787244110396504,15319000.0,1.8592729225581,2024-08-16,floor_violated_first
base8:300772:2024-12-25,300772,2024-12-25,2024-11-22,2024-12-13,28.409690256687767,25.509224497497133,19.52998379254458,0.6976415094339621,0.5067281001306273,11852225.0,1.8592729225581,2024-12-27,floor_violated_first
base8:300774:2024-03-15,300774,2024-03-15,2024-02-05,2024-03-05,8.87292937989051,8.179413060542746,20.481927710843383,0.47695154777927307,0.5990252376441119,2984487.5,1.0198769402173,2024-03-18,first_price_breakout_consumed
base8:300774:2024-09-13,300774,2024-09-13,2024-08-13,2024-09-03,7.861254061019688,7.299735913803995,12.808641975308621,0.6039207419898822,0.6590602990559133,5079325.0,1.0398484207698,2024-09-18,floor_violated_first
base8:300775:2024-06-07,300775,2024-06-07,2024-05-07,2024-05-28,33.7849771689897,30.25217306598236,22.243418542540994,0.6977554179566557,0.5333957558568561,21150112.5,1.0151735928182,2024-06-11,floor_violated_first
base8:300778:2024-03-15,300778,2024-03-15,2024-02-05,2024-03-05,24.566622965738393,22.492817130968266,19.736842105263165,0.4197563559322035,0.6777869534148402,5210437.5,2.2789075107364,2024-03-18,first_price_breakout_consumed
base8:300778:2024-10-30,300778,2024-10-30,2024-09-20,2024-10-18,30.309469892794123,27.825460706091448,35.31914893617023,0.4478173607626698,0.6384924042380726,10355512.5,2.2789075107364,2024-11-01,floor_violated_first
base8:300779:2024-03-14,300779,2024-03-14,2024-02-02,2024-03-04,42.660913822030416,38.240675562892065,20.24691358024693,0.6695688225538982,0.5443187858308972,1911575.0,1.0208402446047,2024-03-26,first_qualified_breakout
base8:300781:2025-05-13,300781,2025-05-13,2025-04-07,2025-04-28,73.57942550207387,68.54858361216975,19.782003710575147,0.6015887367605258,0.6952147848414804,2604650.0,1.3451448903486998,2025-05-16,floor_violated_first
base8:300783:2024-03-22,300783,2024-03-22,2024-02-20,2024-03-12,22.223427879026374,20.745287641345175,19.587628865979354,0.5854072398190039,0.5966427303111126,7058550.0,1.0264862761675,2024-03-26,first_qualified_breakout
base8:300783:2024-05-16,300783,2024-05-16,2024-04-10,2024-05-06,28.259167182891275,26.432021611313125,17.165492957746476,0.6231003039513681,0.5954287876278929,6879937.5,1.0264862761675,2024-05-21,factor_changed_raw_volume_not_comparable
base8:300783:2024-10-24,300783,2024-10-24,2024-09-12,2024-10-14,26.88561974842808,24.273755378110472,49.455205811138,0.5463150514178867,0.6899065582428924,13689337.5,1.0364541152054,2024-10-28,first_qualified_breakout
base8:300784:2025-05-19,300784,2025-05-19,2025-04-11,2025-05-07,55.82927835051512,53.11814432989657,15.78947368421051,0.6399700598802395,0.6945041041342639,1137162.5,1.0041237113402,2025-05-20,factor_changed_raw_volume_not_comparable
base8:300785:2024-03-15,300785,2024-03-15,2024-02-05,2024-03-05,71.78097830816307,66.04126616984173,56.10658771280532,0.5347418313836226,0.5581655893946451,6551450.0,3.4576579146514,2024-03-19,first_qualified_breakout
base8:300787:2024-03-14,300787,2024-03-14,2024-02-02,2024-03-04,40.914876358163504,37.011336917632,16.62269129287599,0.4478790613718412,0.6787783510744871,2461825.0,2.89151069669,2024-03-20,first_price_breakout_consumed
base8:300787:2024-05-21,300787,2024-05-21,2024-04-15,2024-05-09,39.2667152610502,36.6643556340292,14.358974358974375,0.6010584677419366,0.5799111405646529,1627625.0,2.89151069669,2024-05-22,first_qualified_breakout
base8:300788:2025-05-13,300788,2025-05-13,2025-04-07,2025-04-28,33.58269013097856,31.64522723880672,14.296754250386412,0.5935754189944119,0.6988701955273413,2191512.5,1.0763682734288,2025-05-28,expired
base8:300789:2024-03-21,300789,2024-03-21,2024-02-19,2024-03-11,48.772000536419604,44.232247375488555,24.095607235142126,0.5770881006864983,0.6206223914250273,1811137.5,2.4276754871289,2024-03-27,floor_violated_first
base8:300789:2024-10-31,300789,2024-10-31,2024-09-23,2024-10-21,51.66186742081822,47.90522448220061,36.193712829226854,0.4117330462863295,0.5872433781476329,3464387.5,3.2108059304424,2024-11-01,floor_violated_first
base8:300789:2025-03-06,300789,2025-03-06,2025-01-24,2025-02-24,60.65212402605694,56.06067154552431,15.043695380774036,0.6850208768267227,0.5780316048003258,3917825.0,3.2108059304424,2025-03-10,first_price_breakout_consumed
base8:300789:2025-05-13,300789,2025-05-13,2025-04-07,2025-04-28,88.77878397673236,81.90765928558564,40.147523709167565,0.6152677554120773,0.6754799886876643,4299250.0,3.2108059304424,2025-05-14,floor_violated_first
base8:300790:2024-03-14,300790,2024-03-14,2024-02-02,2024-03-04,34.02195725398615,31.353568449751943,18.78121878121879,0.43003207698476303,0.5081654580889432,3641700.0,2.7795716710773006,2024-03-15,first_qualified_breakout
base8:300790:2025-03-07,300790,2025-03-07,2025-01-27,2025-02-25,78.79042999578971,70.53352880617764,37.407224146462134,0.42370250807052423,0.3800464707932299,26020512.5,2.7989495558007,2025-03-14,floor_violated_first
base8:300791:2024-03-25,300791,2024-03-25,2024-02-21,2024-03-13,85.24773728008357,78.69021902776944,14.299393552505602,0.6157094594594582,0.6816659009112489,712150.0,2.3419708043979,2024-04-01,first_qualified_breakout
base8:300792:2024-10-31,300792,2024-10-31,2024-09-23,2024-10-21,61.84831720308157,55.4272110125594,38.083067092651746,0.4826953589845296,0.6427028094126169,6695725.0,2.7796996495767,2024-11-01,floor_violated_first
base8:300793:2024-10-31,300793,2024-10-31,2024-09-23,2024-10-21,29.470717591823117,26.359827694426855,47.80810587262201,0.46399111675126903,0.6006721981909195,24435325.0,1.6547286688278,2024-11-01,floor_violated_first
base8:300796:2024-10-23,300796,2024-10-23,2024-09-11,2024-10-11,28.76730556068673,26.690521469407205,17.12765957446807,0.47937443336355307,0.6430731265170837,8350587.5,2.5639309768883,2024-10-24,first_qualified_breakout
base8:300796:2025-06-27,300796,2025-06-27,2025-05-26,2025-06-17,28.049404887158,25.639309768883003,23.740201567749164,0.21593090211132407,0.3534384931039396,17214087.5,2.5639309768883,,still_armed_at_cutoff
base8:300797:2024-03-14,300797,2024-03-14,2024-02-02,2024-03-04,17.075198101953372,15.745258769034892,13.617021276595743,0.4724999999999995,0.5510767538300322,2710037.5,1.5286658999063,2024-03-18,first_price_breakout_consumed
base8:300797:2024-05-22,300797,2024-05-22,2024-04-16,2024-05-10,16.616598331981482,15.821692064030206,14.893617021276583,0.6169527896995712,0.5603439904747535,2500550.0,1.5286658999063,2024-05-23,floor_violated_first
base8:300797:2024-10-22,300797,2024-10-22,2024-09-10,2024-10-10,20.017410257460945,17.899738284277817,29.69072164948454,0.5304496724240624,0.4639330958169732,9184700.0,1.5457459658270998,2024-11-01,first_price_breakout_consumed
base8:300798:2024-05-22,300798,2024-05-22,2024-04-16,2024-05-10,7.725519901298717,7.148384076431054,20.7516339869281,0.5242598684210523,0.6099866805883566,7629750.0,1.0125189909959,2024-05-27,floor_violated_first
base8:300800:2024-03-15,300800,2024-03-15,2024-02-05,2024-03-05,32.2908994493059,29.481652938897824,21.689785624211865,0.49186390532544455,0.5840555147239713,2033818.75,3.0870840773715003,2024-03-18,first_qualified_breakout
base8:300801:2024-03-14,300801,2024-03-14,2024-02-02,2024-03-04,27.575196313122312,25.747112817137232,14.872637633525066,0.38532838983050816,0.5599087523452599,1587625.0,1.9242984168264,2024-03-27,floor_violated_first
base8:300802:2024-05-22,300802,2024-05-22,2024-04-16,2024-05-10,43.557030047929715,41.34005546465186,21.73595915390227,0.4999011075949358,0.6801862383440926,1327587.5,2.6082053920916,2024-05-27,floor_violated_first
base8:300803:2024-03-12,300803,2024-03-12,2024-01-31,2024-02-29,52.36347250670131,47.43809606976829,15.735328501285938,0.595094381035998,0.6786641246721049,10219437.5,1.0031316572165,2024-03-15,floor_violated_first
base8:300804:2024-03-15,300804,2024-03-15,2024-02-05,2024-03-05,25.222373433177008,22.65721308806865,19.347942276857278,0.4958605410447757,0.5886750807118751,536075.0,1.0219762331109,2024-03-18,first_qualified_breakout
base8:300804:2024-05-24,300804,2024-05-24,2024-04-18,2024-05-14,25.42676867979919,23.893804330132838,15.533980582524265,0.4118217054263565,0.6915613853895207,1151712.5,1.0219762331109,2024-05-31,floor_violated_first
base8:300804:2025-05-26,300804,2025-05-26,2025-04-18,2025-05-14,28.56423571544965,26.734898258181143,16.067653276955607,0.6089228295819933,0.6484049383235801,1848187.5,1.0219762331109,2025-05-27,first_qualified_breakout
base8:300806:2024-05-21,300806,2024-05-21,2024-04-15,2024-05-09,34.626237355369916,32.34199342512037,16.192830655129796,0.6934079601990055,0.546135217378287,4013012.5,3.6257840162690997,2024-05-23,factor_changed_raw_volume_not_comparable
base8:300806:2024-10-30,300806,2024-10-30,2024-09-20,2024-10-18,52.24975329911016,46.94484093355377,43.24607329842933,0.5789786223277913,0.6856080783627825,16165637.5,3.6335016202441,2024-10-31,first_qualified_breakout
base8:300807:2024-05-22,300807,2024-05-22,2024-04-16,2024-05-10,24.9351687388986,23.174440497335556,39.3622869708631,0.5812688316036152,0.5725761409129783,2463787.5,1.0177619893428,2024-05-27,first_qualified_breakout
base8:300808:2025-01-24,300808,2025-01-24,2024-12-23,2025-01-14,26.77711218806089,24.91471644082327,13.080357142857157,0.6880165289256202,0.6300218071878511,1996337.5,1.0346643040209,2025-01-27,first_qualified_breakout
base8:300808:2025-03-24,300808,2025-03-24,2025-02-19,2025-03-12,31.24686198143118,29.756945383641085,12.368421052631561,0.6469144460028056,0.46600994403056667,1700200.0,1.0346643040209,2025-03-25,first_qualified_breakout
base8:300809:2024-03-19,300809,2024-03-19,2024-02-07,2024-03-07,47.7865118777073,43.4198133785375,40.0103519668737,0.48632997163567526,0.6945021502207505,6708525.0,1.6478107544037,2024-03-22,floor_violated_first
base8:300809:2024-11-05,300809,2024-11-05,2024-09-26,2024-10-24,40.366861527583794,36.4262081052848,25.818181818181806,0.5563940724478592,0.6954196316098015,6057837.5,1.6557367320584,2024-11-06,factor_changed_raw_volume_not_comparable
base8:300810:2024-08-19,300810,2024-08-19,2024-07-17,2024-08-07,25.664366952317998,23.86786126565574,22.295321637426913,0.5799359838274933,0.6890142245656525,3277337.5,1.509668644254,2024-08-23,floor_violated_first
base8:300812:2024-03-14,300812,2024-03-14,2024-02-02,2024-03-04,56.51919603180004,50.647071768755886,25.185185185185198,0.5492676431424767,0.6782976648376688,10170562.5,1.8350388322013,2024-03-19,first_qualified_breakout
base8:300813:2024-10-30,300813,2024-10-30,2024-09-20,2024-10-18,45.414621288860204,42.5400066205998,23.70555208983156,0.48085955847815876,0.6758612300506033,2315050.0,2.14523482706,2024-11-01,first_price_breakout_consumed
base8:300814:2024-11-06,300814,2024-11-06,2024-09-27,2024-10-25,34.230411674632926,30.590180227554,27.366412213740432,0.5049253905339235,0.6124248538780853,5090900.0,1.0196726742518,2024-11-11,first_qualified_breakout
base8:300815:2024-03-15,300815,2024-03-15,2024-02-05,2024-03-05,41.051364308017725,37.75259396183773,18.035882908404144,0.47103213242453784,0.6583805215260554,3675637.5,3.0544169872037,2024-03-18,first_price_breakout_consumed
base8:300816:2024-05-16,300816,2024-05-16,2024-04-10,2024-05-06,24.344190769439322,22.399895999167963,13.117206982543639,0.5655452436194885,0.5903395845056674,1028100.0,1.012653526183,2024-05-17,first_qualified_breakout
base8:300816:2024-11-01,300816,2024-11-01,2024-09-24,2024-10-22,25.498615789287943,22.93660236804495,32.100108813928195,0.45979899497487425,0.6094812411891614,2086750.0,1.012653526183,2024-11-18,expired
base8:300816:2025-03-06,300816,2025-03-06,2025-01-24,2025-02-24,34.468152399377516,31.685514285815515,40.711625982623055,0.43546247156937123,0.5442084668559738,4314662.5,1.0155613553146,2025-03-07,first_qualified_breakout
base8:300817:2024-03-18,300817,2024-03-18,2024-02-06,2024-03-06,28.422606472981794,25.506351291221026,28.958785249457677,0.5166903409090907,0.6274770140342997,3464150.0,2.1763098371349,2024-03-20,first_price_breakout_consumed
base8:300817:2024-05-21,300817,2024-05-21,2024-04-15,2024-05-09,27.48679324301379,25.789271570048562,12.961296129612965,0.5864537444933926,0.5776899532367133,1809375.0,2.1763098371349,2024-05-27,floor_violated_first
base8:300818:2024-03-13,300818,2024-03-13,2024-02-01,2024-03-01,47.32065970360044,43.87498059896934,19.014937424303604,0.4432240099009901,0.6783993513336299,772525.0,1.5314129353916002,2024-03-14,first_qualified_breakout
base8:300818:2025-05-22,300818,2025-05-22,2025-04-16,2025-05-12,47.962068553153806,44.78906041754912,16.199047114875587,0.42306556408741747,0.42446303384551914,2935725.0,2.1585089357855,2025-05-23,floor_violated_first
base8:300821:2024-03-13,300821,2024-03-13,2024-02-01,2024-03-01,8.58811054057749,7.972359218800236,15.712187958884005,0.5269258202567767,0.6656647374952822,8160100.0,1.0802654768021998,2024-03-15,first_qualified_breakout
base8:300821:2024-05-22,300821,2024-05-22,2024-04-16,2024-05-10,9.009414076530348,8.512491957201336,21.80451127819547,0.644531249999999,0.6675827501803998,5569362.5,1.0802654768022,2024-05-27,floor_violated_first
base8:300821:2024-11-06,300821,2024-11-06,2024-09-27,2024-10-25,9.527941505395404,8.80416363593793,21.95804195804194,0.509946555819477,0.656773127813306,12054900.0,1.0802654768022,2024-11-11,first_qualified_breakout
base8:300821:2025-03-06,300821,2025-03-06,2025-01-24,2025-02-24,9.635968053075624,8.944598147922216,14.973958333333325,0.6215846994535515,0.6958105816006398,14716250.0,1.0802654768022,2025-03-21,expired
base8:300822:2024-05-21,300822,2024-05-21,2024-04-15,2024-05-09,26.5318310849884,24.61668130596635,22.05240174672487,0.5437284234752585,0.5525211231629272,2393812.5,2.3355485110025,2024-05-22,first_qualified_breakout
base8:300823:2024-05-16,300823,2024-05-16,2024-04-10,2024-05-06,21.925603968339466,19.632447559218612,12.98932384341638,0.45070304653498505,0.5003182635192808,6869750.0,1.0816775514721,2024-05-31,expired
base8:300823:2024-11-04,300823,2024-11-04,2024-09-25,2024-10-23,21.512428989378265,19.60646215081316,25.396825396825395,0.5540685224839393,0.6517166585554579,4963700.0,1.5622679004632,2024-11-07,first_price_breakout_consumed
base8:300824:2024-03-15,300824,2024-03-15,2024-02-05,2024-03-05,11.84876471814122,10.97223786977146,15.4471544715447,0.3852739726027399,0.5591113574129613,2143912.5,1.565226514946,2024-03-19,first_price_breakout_consumed
base8:300825:2024-03-12,300825,2024-03-12,2024-01-31,2024-02-29,17.97,16.665,17.68990634755463,0.5163421418636991,0.6490376236374773,10427300.0,1.5,2024-03-13,first_price_breakout_consumed
base8:300827:2024-03-22,300827,2024-03-22,2024-02-20,2024-03-12,134.46000595354502,122.81239629020952,24.017467248908297,0.5618138151875561,0.664969628395679,8760700.0,4.6590438653342,2024-03-25,floor_violated_first
base8:300828:2024-03-27,300828,2024-03-27,2024-02-23,2024-03-15,21.877798624985775,19.724536701715202,13.44765342960288,0.6047297297297298,0.6932215517362923,4589025.0,1.6437113918096002,2024-03-28,floor_violated_first
base8:300828:2024-05-21,300828,2024-05-21,2024-04-15,2024-05-09,20.497081055865713,19.264297512008515,16.026241799437678,0.6042993630573236,0.6600132484099631,1932950.0,1.6437113918096,2024-05-22,first_price_breakout_consumed
base8:300828:2024-10-31,300828,2024-10-31,2024-09-23,2024-10-21,24.123816175791337,22.425659343541014,34.49862005519779,0.5124676165803107,0.6678532348672493,4862350.0,1.6648596394611,2024-11-01,floor_violated_first
base8:300829:2024-10-31,300829,2024-10-31,2024-09-23,2024-10-21,27.459084127442473,25.311809776244367,25.819344524380483,0.40170057215511656,0.6725583691787775,2499612.5,1.6267229933319,2024-11-01,floor_violated_first
base8:300829:2025-03-12,300829,2025-03-12,2025-02-07,2025-02-28,30.07810814670683,27.97963548530868,13.33333333333333,0.5721114727420671,0.5726327284887711,3287725.0,1.6267229933319,2025-03-13,floor_violated_first
base8:300829:2025-05-20,300829,2025-05-20,2025-04-14,2025-05-08,33.006209534704254,30.370918285506576,16.588235294117638,0.646797717184527,0.6825808206882401,6276362.5,1.6267229933319,2025-05-23,floor_violated_first
base8:300830:2024-03-21,300830,2024-03-21,2024-02-19,2024-03-11,7.214386012355529,6.443228013847764,21.86311787072246,0.5788177339901476,0.60002014635351,8309475.0,1.0146815769839,2024-03-27,floor_violated_first
base8:300830:2025-05-21,300830,2025-05-21,2025-04-15,2025-05-09,9.002956254636343,8.432633233980647,12.285336856010565,0.6890715667311405,0.6775914099756272,7602675.0,1.0184339654566,2025-05-23,floor_violated_first
base8:300834:2024-05-22,300834,2024-05-22,2024-04-16,2024-05-10,21.345354428061103,20.647442940222085,14.601512507271664,0.6827309236947768,0.6246354176467267,442600.0,1.0737099812908,2024-05-23,floor_violated_first
base8:300834:2024-10-22,300834,2024-10-22,2024-09-10,2024-10-10,22.195734241942205,20.991566841719536,18.48145968216597,0.612160674981658,0.6906692719284254,952612.5,1.0848354956961,2024-10-25,first_price_breakout_consumed
base8:300834:2025-06-27,300834,2025-06-27,2025-05-26,2025-06-17,25.797388087653257,24.12674142428126,13.605769230769237,0.25119617224880425,0.3578212470125073,3338675.0,1.0848354956961,,still_armed_at_cutoff
base8:300835:2024-05-21,300835,2024-05-21,2024-04-15,2024-05-09,45.2884057292858,42.7965850215952,13.327526132404177,0.5901073619631892,0.615405600520358,1721950.0,1.7425319634200003,2024-05-29,floor_violated_first
base8:300836:2024-04-03,300836,2024-04-03,2024-03-01,2024-03-22,33.101241354849236,29.96063131760868,21.480759863614217,0.5143540669856457,0.27782271184721197,1497062.5,1.3140627770881,2024-04-08,floor_violated_first
base8:300836:2024-06-05,300836,2024-06-05,2024-04-30,2024-05-24,49.277354140803745,44.04738428799311,44.6945337620579,0.403988979396262,0.4334905688785035,2399312.5,1.3140627770881,2024-06-06,floor_violated_first
base8:300837:2024-05-22,300837,2024-05-22,2024-04-16,2024-05-10,26.051686988729948,24.783865486923624,16.821130676552375,0.6131516587677738,0.5821291226350775,1092912.5,1.0224366950051,2024-05-23,floor_violated_first
base8:300839:2024-03-14,300839,2024-03-14,2024-02-02,2024-03-04,22.125263161607318,20.33393988594108,13.202614379084965,0.4621478873239436,0.6747006098067666,2814725.0,2.4207071292787,2024-03-18,first_price_breakout_consumed
base8:300839:2024-05-22,300839,2024-05-22,2024-04-16,2024-05-10,19.874005531378128,18.591030752860412,20.0860832137733,0.32371794871794873,0.3821024308671736,5605837.5,2.4207071292787,2024-05-27,floor_violated_first
base8:300839:2025-03-21,300839,2025-03-21,2025-02-18,2025-03-11,21.7863641635083,20.818081311796817,18.278145695364255,0.6487996688741732,0.5604850569303563,5081712.5,2.4207071292787,2025-03-24,floor_violated_first
base8:300841:2024-03-12,300841,2024-03-12,2024-01-31,2024-02-29,153.07024498999294,138.2717747320559,12.279451078239155,0.5890035118525021,0.6615718181847733,1356800.0,2.2907848696497,2024-03-18,floor_violated_first
base8:300841:2024-11-04,300841,2024-11-04,2024-09-25,2024-10-23,154.30321330051967,138.3652379404813,32.28820598006645,0.4447559366754617,0.6939904816267766,3817600.0,2.3611815348205,2024-11-12,first_price_breakout_consumed
base8:300843:2024-03-15,300843,2024-03-15,2024-02-05,2024-03-05,17.33123303229467,15.732672133810983,25.626959247648905,0.45916307857911765,0.529792296451309,1795787.5,1.0117474041036,2024-03-18,first_qualified_breakout
base8:300844:2024-10-30,300844,2024-10-30,2024-09-20,2024-10-18,53.6,48.784,26.599597585513067,0.4655112851220642,0.6679053245922298,2289575.0,1.6,2024-11-01,floor_violated_first
base8:300845:2024-05-21,300845,2024-05-21,2024-04-15,2024-05-09,20.250180911393276,18.147910722968458,30.125523012552335,0.47307208717518817,0.5127946887538876,6576650.0,1.2664278243523,2024-05-27,floor_violated_first
base8:300845:2024-10-31,300845,2024-10-31,2024-09-23,2024-10-21,24.648184397598687,22.74703891632247,33.92193308550184,0.47029295589203396,0.6867901906407368,6831850.0,1.6676714748037,2024-11-01,floor_violated_first
base8:300846:2024-03-19,300846,2024-03-19,2024-02-07,2024-03-07,13.72180834129278,12.399707099649973,51.674641148325364,0.6079209748892165,0.6953787342844968,23695512.5,1.0015918497294,2024-03-21,first_price_breakout_consumed
base8:300847:2024-03-15,300847,2024-03-15,2024-02-05,2024-03-05,24.971723923013876,23.022711324144502,16.84743311641359,0.49733889528193337,0.5129018530151365,8780062.5,1.5226660928667,2024-03-21,first_price_breakout_consumed
base8:300847:2024-05-16,300847,2024-05-16,2024-04-10,2024-05-06,26.64665662516725,24.25607085936653,13.61788617886177,0.5544659022329511,0.696102915155536,11513700.0,1.5226660928667,2024-05-17,floor_violated_first
base8:300848:2024-03-12,300848,2024-03-12,2024-01-31,2024-02-29,71.9842023548264,66.88152471954756,14.776119402985088,0.5618852459016399,0.661864165393635,1727262.5,4.5559621743561,2024-03-14,first_qualified_breakout
base8:300848:2024-11-26,300848,2024-11-26,2024-10-24,2024-11-14,121.39674301019963,108.90001946503203,22.337188070602565,0.5840030408340579,0.44636101021970587,4011250.0,5.9508207357941,2024-11-27,floor_violated_first
base8:300849:2025-06-25,300849,2025-06-25,2025-05-22,2025-06-13,27.01036947548555,25.054867613006955,18.26923076923077,0.6183510638297878,0.5718422399265056,3784562.5,1.5277358300614,2025-06-26,floor_violated_first
base8:300851:2024-03-21,300851,2024-03-21,2024-02-19,2024-03-11,27.484311829886003,25.60039098853814,25.83541147132169,0.38153594771241894,0.6479581972847568,1206550.0,1.0466226896377,2024-03-28,floor_violated_first
base8:300851:2025-05-13,300851,2025-05-13,2025-04-07,2025-04-28,29.41526372372273,27.468430717776524,14.864864864864868,0.47118069405664137,0.5351554169161234,1388475.0,1.0638431726482,2025-05-26,factor_changed_raw_volume_not_comparable
base8:300854:2024-05-22,300854,2024-05-22,2024-04-16,2024-05-10,12.37411005711895,11.31347205222304,24.36440677966103,0.6348094170403585,0.615663724573299,1755462.5,1.0101314332342,2024-05-24,floor_violated_first
base8:300854:2024-10-25,300854,2024-10-25,2024-09-13,2024-10-15,13.695615773657488,12.439418353702326,22.549019607843146,0.5257009345794387,0.6845609176696023,2781800.0,1.0212987154107,2024-10-28,first_price_breakout_consumed
base8:300856:2024-03-21,300856,2024-03-21,2024-02-19,2024-03-11,124.3207413972837,116.5084874008371,26.112999838109108,0.6888085473775095,0.6185161384305597,1118087.5,1.5348239678677,2024-04-01,first_qualified_breakout
base8:300858:2025-05-12,300858,2025-05-12,2025-04-03,2025-04-25,42.95828162315919,40.36252888231756,16.653875671527253,0.43668739400791395,0.47568977431405374,6420350.0,2.8524755393864,2025-05-13,floor_violated_first
base8:300858:2025-06-17,300858,2025-06-17,2025-05-14,2025-06-05,47.80749004011607,44.327469882064655,17.313218390804575,0.5685318275154012,0.5264255546875402,8194087.5,2.8524755393864,2025-06-18,floor_violated_first
base8:300859:2024-11-04,300859,2024-11-04,2024-09-25,2024-10-23,41.104509398970315,37.06691726450721,33.795669824086595,0.5932768410185817,0.6690449756783727,10901512.5,1.0119278532489,2024-11-07,first_price_breakout_consumed
base8:300861:2025-05-30,300861,2025-05-30,2025-04-24,2025-05-20,24.89335091164141,23.124216597860443,16.115702479338843,0.6194046553267695,0.6927067968282065,3099475.0,1.2547051870787,2025-06-03,floor_violated_first
base8:300862:2025-05-29,300862,2025-05-29,2025-04-23,2025-05-19,42.51870367326018,38.85796436202807,19.41000427533135,0.6950021132713449,0.6933659090661054,5506125.0,1.4244121833588,2025-06-03,floor_violated_first
base8:300863:2024-03-14,300863,2024-03-14,2024-02-02,2024-03-04,61.60718519496271,57.10564808864107,19.327217125382255,0.5141379310344826,0.6944329744450547,1205262.5,1.5207895629465,2024-03-18,first_price_breakout_consumed
base8:300863:2025-04-02,300863,2025-04-02,2025-02-28,2025-03-21,107.52404367757238,100.25396430909478,15.664631282292163,0.6587317873999589,0.3314314126700268,2776275.0,2.1509110557626,2025-04-03,floor_violated_first
base8:300864:2024-03-14,300864,2024-03-14,2024-02-02,2024-03-04,65.8714223802096,61.080773479830725,12.152991980259099,0.46976902173912977,0.5973464714260447,1283375.0,3.4218920716992,2024-03-18,first_qualified_breakout
base8:300865:2024-11-14,300865,2024-11-14,2024-10-14,2024-11-04,32.935228138142485,29.615226785936407,47.24608388074787,0.33642019968166664,0.4158704590048332,4843737.5,1.0184053227626,2024-11-15,floor_violated_first
base8:300865:2025-06-27,300865,2025-06-27,2025-05-26,2025-06-17,30.633632108699008,27.578416140411207,32.2004357298475,0.4408307210031345,0.4398247376074953,4008375.0,1.0184053227626,,still_armed_at_cutoff
base8:300866:2024-03-12,300866,2024-03-12,2024-01-31,2024-02-29,89.32251423905588,83.90620410027022,19.165694282380397,0.5499133615710441,0.6573257835557839,2200437.5,1.0356233534963,2024-03-25,floor_violated_first
base8:300866:2025-05-30,300866,2025-05-30,2025-04-24,2025-05-20,147.10208613396597,137.1878998493094,23.95287958115182,0.6778750826173148,0.6008862288012643,4486837.5,1.3885414964505,2025-06-04,factor_changed_raw_volume_not_comparable
base8:300867:2024-03-15,300867,2024-03-15,2024-02-05,2024-03-05,12.76976395229068,11.793731038739798,18.062563067608473,0.45821114369501453,0.6743998527568648,2564900.0,1.0167009516155,2024-03-18,first_qualified_breakout
base8:300867:2024-10-25,300867,2024-10-25,2024-09-13,2024-10-15,14.316366454656851,13.38646684910812,18.666666666666654,0.5309734513274341,0.6919586394867395,3811525.0,1.0218676984052,2024-10-28,first_qualified_breakout
base8:300868:2024-03-22,300868,2024-03-22,2024-02-20,2024-03-12,16.411401098901898,14.861435439561165,24.143556280587262,0.4219434973209936,0.6647525121613465,3120237.5,1.0130494505495,2024-03-27,floor_violated_first
base8:300868:2024-07-12,300868,2024-07-12,2024-06-11,2024-07-02,20.250858516484502,18.366586538462435,39.645390070921984,0.2592564720048163,0.46169316635969077,8885325.0,1.0130494505495,2024-07-18,floor_violated_first
base8:300868:2024-11-28,300868,2024-11-28,2024-10-28,2024-11-18,31.18166208791361,27.950034340660704,13.138108428967165,0.5072201159678861,0.33171477652993336,3340600.0,1.0130494505495,2024-12-13,expired
base8:300868:2025-03-21,300868,2025-03-21,2025-02-18,2025-03-11,34.26133241758409,31.455185439561976,17.636429345861938,0.57966852641943,0.5717886263883772,3663312.5,1.0130494505495,2025-03-24,floor_violated_first
base8:300869:2024-03-14,300869,2024-03-14,2024-02-02,2024-03-04,18.60710857657699,17.362554165205065,15.077319587628857,0.5140416339355849,0.6614403140226527,2746675.0,1.0201265666983,2024-03-25,floor_violated_first
base8:300869:2024-11-04,300869,2024-11-04,2024-09-25,2024-10-23,17.637198914053215,15.993141434159169,21.57612853863813,0.5041328758577666,0.61416953800747,4838812.5,1.0405427087937,2024-11-11,first_qualified_breakout
base8:300871:2024-05-07,300871,2024-05-07,2024-03-28,2024-04-22,23.740001257121538,21.625951013248574,14.677419354838705,0.561175991309071,0.4700537301052839,2289462.5,1.5659631436096,2024-05-08,first_qualified_breakout
base8:300871:2025-02-27,300871,2025-02-27,2025-01-17,2025-02-17,18.514589372034926,17.571272642371664,14.485514485514472,0.6334803256445054,0.6848935202582673,2138475.0,1.5988419146835,2025-03-10,first_price_breakout_consumed
base8:300872:2024-05-16,300872,2024-05-16,2024-04-10,2024-05-06,24.276523819714022,22.841010809416563,19.103139013452886,0.47653008298755156,0.6767685905395796,6427537.5,1.8171050763259,2024-05-20,first_qualified_breakout
base8:300873:2024-03-12,300873,2024-03-12,2024-01-31,2024-02-29,31.839606018819143,29.38152244534554,14.19753086419755,0.4929917834702757,0.5171902473890038,2537425.0,1.6497205191098,2024-03-18,first_qualified_breakout
base8:300876:2024-03-18,300876,2024-03-18,2024-02-06,2024-03-06,19.074418920824225,17.0692913253737,25.449101796407202,0.6107653601694916,0.6345825708492013,855375.0,1.0282705617695,2024-03-19,first_price_breakout_consumed
base8:300876:2025-01-20,300876,2025-01-20,2024-12-17,2025-01-08,30.440153689405744,27.436669764435358,13.446421183285073,0.6080895795246791,0.6021626958848261,1890550.0,1.0392677941074,2025-01-21,floor_violated_first
base8:300876:2025-06-30,300876,2025-06-30,2025-05-27,2025-06-18,27.935518305606912,26.44936536003333,12.127751402675857,0.6477927063339743,0.69594370524777,1028312.5,1.0392677941074,,still_armed_at_cutoff
base8:300878:2024-05-22,300878,2024-05-22,2024-04-16,2024-05-10,34.97797797201376,32.409079110844054,16.500000000000004,0.6617647058823523,0.6564738328017985,1255637.5,1.8615209138911,2024-05-23,floor_violated_first
base8:300879:2024-03-15,300879,2024-03-15,2024-02-05,2024-03-05,12.242692056084358,11.132472661056097,18.996798292422646,0.46679958391123477,0.5165312661198904,2196287.5,1.0092903591166,2024-03-18,first_price_breakout_consumed
base8:300880:2024-03-18,300880,2024-03-18,2024-02-06,2024-03-06,26.275904414622353,24.09751325389037,45.54707379134864,0.5757304299889746,0.6387094966934499,4959187.5,1.5023387315393,2024-03-27,floor_violated_first
base8:300880:2024-09-05,300880,2024-09-05,2024-08-05,2024-08-26,29.475189464383593,26.48185416126484,19.51697127937335,0.5740005476451255,0.6087833625950051,6387075.0,1.5272118893463,2024-09-18,floor_violated_first
base8:300881:2024-10-23,300881,2024-10-23,2024-09-11,2024-10-11,39.42111342299513,36.05227551459896,42.926186291739896,0.512099522835719,0.6672317899112881,3811312.5,1.1419789519987,2024-10-28,first_qualified_breakout
base8:300882:2024-03-21,300882,2024-03-21,2024-02-19,2024-03-11,30.882916143496796,27.954363750579,31.748826291079823,0.5422794117647057,0.6593365899577297,5141137.5,1.331160178599,2024-03-27,floor_violated_first
base8:300882:2024-11-04,300882,2024-11-04,2024-09-25,2024-10-23,30.409973291105924,27.492903752836835,20.839813374805605,0.5607028753993603,0.6885060986827581,4989925.0,1.9065813975615,2024-11-11,first_qualified_breakout
base8:300883:2024-03-15,300883,2024-03-15,2024-02-05,2024-03-05,5.32108295786499,4.859253116238972,14.928909952606627,0.48014018691588795,0.6685157094080613,6488662.5,1.0039779165783,2024-03-18,first_price_breakout_consumed
base8:300884:2024-03-13,300884,2024-03-13,2024-02-01,2024-03-01,23.727321275794257,22.038698046312547,13.276231263383309,0.4233870967741949,0.6149643161253084,7891300.0,2.1649015762586,2024-03-18,first_price_breakout_consumed
base8:300884:2024-10-24,300884,2024-10-24,2024-09-12,2024-10-14,26.376370991291225,23.933276594156187,23.863636363636353,0.5372106943335992,0.5808159186779137,8870000.0,2.2621244417917,2024-10-30,floor_violated_first
base8:300884:2025-05-27,300884,2025-05-27,2025-04-21,2025-05-15,29.58858769863544,26.806174635231645,23.121951219512194,0.4903616852146268,0.6810630016603918,16948725.0,2.2621244417917,2025-06-12,expired
base8:300885:2024-03-22,300885,2024-03-22,2024-02-20,2024-03-12,26.490926123595628,23.68562949438213,21.5873015873016,0.6223290598290601,0.5995835177057297,5013537.5,3.1878370786517,2024-03-27,floor_violated_first
base8:300885:2024-05-21,300885,2024-05-21,2024-04-15,2024-05-09,27.16037191011248,25.120156179775396,22.108345534407036,0.4384328358208953,0.4338325876388447,3418300.0,3.1878370786517,2024-06-04,floor_violated_first
base8:300886:2024-03-15,300886,2024-03-15,2024-02-05,2024-03-05,22.755197217830002,20.5792970230375,20.74752097635395,0.4142754662840748,0.47770395624518114,660887.5,1.310783249875,2024-03-18,first_qualified_breakout
base8:300886:2024-05-24,300886,2024-05-24,2024-04-18,2024-05-14,24.983528742617498,22.951814705311254,28.79213483146068,0.5572724881641223,0.6669707543149371,1252037.5,1.310783249875,2024-06-03,floor_violated_first
base8:300886:2024-10-21,300886,2024-10-21,2024-09-09,2024-10-09,27.3429385923925,25.717567362547502,20.1430274135876,0.6185671722643548,0.6966099267597247,1434937.5,1.310783249875,2024-10-23,first_price_breakout_consumed
base8:300888:2024-03-12,300888,2024-03-12,2024-01-31,2024-02-29,54.329498457083304,51.64637725088083,15.47426351570087,0.39770783441669466,0.5888841034422794,2663962.5,1.4823874067417,2024-03-20,first_qualified_breakout
base8:300888:2025-03-31,300888,2025-03-31,2025-02-26,2025-03-19,72.20745185343903,66.04619775711552,21.256171146461877,0.6962649529142274,0.623746321102509,5537125.0,1.5288471703036,2025-04-07,floor_violated_first
base8:300889:2024-03-15,300889,2024-03-15,2024-02-05,2024-03-05,11.83446555680215,10.62171076020415,18.840579710144922,0.42797494780793294,0.505346521781524,2798700.0,1.010628997165,2024-03-18,first_price_breakout_consumed
base8:300889:2024-10-31,300889,2024-10-31,2024-09-23,2024-10-21,14.149693197224998,13.05501779228209,25.451263537906144,0.5087939698492471,0.6899643315017427,4743100.0,1.0135883379101,2024-11-01,floor_violated_first
base8:300891:2024-03-18,300891,2024-03-18,2024-02-06,2024-03-06,8.0949749004748,7.272273561781628,19.83471074380163,0.5956239870340355,0.6673349535114818,3541337.5,1.0156806650533,2024-03-20,first_price_breakout_consumed
base8:300891:2024-05-22,300891,2024-05-22,2024-04-16,2024-05-10,10.583392529855384,9.68959354460848,51.07604017216643,0.5498231132075475,0.666276012255972,14965150.0,1.0156806650533,2024-05-23,floor_violated_first
base8:300892:2025-05-13,300892,2025-05-13,2025-04-07,2025-04-28,34.90787277945972,32.548959102657484,26.82053322721849,0.257600258732212,0.42851189666005995,6128600.0,1.0124093033486,2025-05-14,floor_violated_first
base8:300893:2024-03-11,300893,2024-03-11,2024-01-30,2024-02-28,70.42741500831761,63.754128799332754,12.781350482315101,0.5198386565689832,0.623507500336338,1359462.5,2.3090955740432,2024-03-12,floor_violated_first
base8:300894:2024-03-14,300894,2024-03-14,2024-02-02,2024-03-04,14.832409206466801,13.807662986361901,15.793848711554448,0.5087327376116983,0.6038865903533158,3633412.5,1.05643940217,2024-03-18,first_price_breakout_consumed
base8:300894:2024-10-24,300894,2024-10-24,2024-09-12,2024-10-14,16.668676661736065,14.964670397495679,33.66880146386093,0.5588942307692313,0.6607618627220655,12544075.0,1.0923117078464,2024-10-30,floor_violated_first
base8:300897:2024-10-30,300897,2024-10-30,2024-09-20,2024-10-18,35.971397750320435,33.7321186850687,28.67946480511925,0.3854613733905578,0.6265036086607859,1484375.0,1.5881411810296,2024-11-01,floor_violated_first
base8:300897:2025-03-17,300897,2025-03-17,2025-02-12,2025-03-05,44.67924448366316,41.03787800212408,14.0993265993266,0.5303612605687932,0.5385564260297633,2176425.0,1.6112241068757,2025-03-24,floor_violated_first
base8:300898:2024-10-31,300898,2024-10-31,2024-09-23,2024-10-21,24.00291949373836,21.618384384294767,38.74278383579215,0.4997291440953413,0.6664285754216229,4768487.5,1.0504559953496,2024-11-01,floor_violated_first
base8:300899:2024-05-22,300899,2024-05-22,2024-04-16,2024-05-10,22.57483248757289,21.469337258204334,28.35294117647058,0.5072515795519813,0.5852825260291974,1817212.5,1.0331731115594,2024-05-23,floor_violated_first
base8:300899:2025-06-06,300899,2025-06-06,2025-04-30,2025-05-26,23.421272936956985,22.411644646904055,15.078534031413614,0.5783220174587775,0.6885262558933507,847025.0,1.0516961354718,2025-06-09,first_qualified_breakout
base8:300900:2025-05-23,300900,2025-05-23,2025-04-17,2025-05-13,32.69875894594567,30.00341655994581,19.989451476793253,0.6766528925619842,0.6523059378624726,8566323.625,1.4186012557894,2025-05-26,floor_violated_first
base8:300901:2024-03-20,300901,2024-03-20,2024-02-08,2024-03-08,8.684341645711628,7.8087808232834925,28.221859706362153,0.38896276595744617,0.5472966690368102,5003112.5,1.0180939795676,2024-03-21,first_price_breakout_consumed
base8:300902:2024-03-13,300902,2024-03-13,2024-02-01,2024-03-01,30.94136187064034,28.602117278901602,16.920077972709556,0.43135245901639335,0.6026921053391378,1252462.5,1.0215041885322,2024-03-15,first_price_breakout_consumed
base8:300903:2024-03-13,300903,2024-03-13,2024-02-01,2024-03-01,14.199675279404383,13.076741775165772,13.787878787878771,0.3783839212469237,0.6484634428319265,16397025.0,1.8111830713526,2024-03-18,first_price_breakout_consumed
base8:300905:2024-03-18,300905,2024-03-18,2024-02-06,2024-03-06,30.87121437729522,27.58838585455626,24.90458015267174,0.5141810668670171,0.6572120121339925,3041787.5,2.104377258166,2024-03-20,first_qualified_breakout
base8:300906:2024-03-22,300906,2024-03-22,2024-02-20,2024-03-12,21.52354743795505,20.15894212488585,18.986604542807207,0.5097688497523402,0.6442639954169616,1177087.5,1.0337919038403,2024-03-25,floor_violated_first
base8:300906:2024-05-24,300906,2024-05-24,2024-04-18,2024-05-14,21.83368500910714,20.686175995844405,13.750000000000018,0.49058710912571746,0.6068540688541947,932362.5,1.0337919038403,2024-05-27,floor_violated_first
base8:300906:2024-10-25,300906,2024-10-25,2024-09-13,2024-10-15,25.217599698799578,22.987543732141273,22.179416620803515,0.502183406113538,0.6975438026483664,1173650.0,1.0568985623973,2024-10-28,first_price_breakout_consumed
base8:300906:2024-12-25,300906,2024-12-25,2024-11-22,2024-12-13,29.529745833380563,26.49644695930031,15.503875968992254,0.5540160947464318,0.5142224168323356,2434850.0,1.0568985623973,2025-01-03,floor_violated_first
base8:300907:2024-05-16,300907,2024-05-16,2024-04-10,2024-05-06,21.600651325548885,19.48698377340687,15.038945476333133,0.6499667110519306,0.5826771058097562,2889437.5,1.0310573425083,2024-05-31,expired
base8:300907:2025-04-02,300907,2025-04-02,2025-02-28,2025-03-21,29.707683352839098,27.00698486621736,16.932624113475182,0.5747178740444124,0.5686463295348075,4232237.5,1.0889913252507,2025-04-07,floor_violated_first
base8:300908:2024-03-13,300908,2024-03-13,2024-02-01,2024-03-01,42.212052710024956,37.885291179460374,12.540861812778603,0.5425126903553287,0.5950920550624598,697737.5,1.0451114808127,2024-03-20,first_price_breakout_consumed
base8:300910:2024-05-23,300910,2024-05-23,2024-04-17,2024-05-13,102.145896679434,94.54628983802327,23.846527440505106,0.6306509945750451,0.5453814942653046,1983512.5,1.9946474649372,2024-05-28,factor_changed_raw_volume_not_comparable
base8:300910:2024-10-31,300910,2024-10-31,2024-09-23,2024-10-21,94.15747010952329,86.6986411389321,27.546099290780134,0.40762442129629634,0.6434296342942839,2499900.0,2.0491288380745,2024-11-04,floor_violated_first
base8:300910:2025-05-12,300910,2025-05-12,2025-04-03,2025-04-25,128.2754652634637,118.09129493823345,13.677755064114482,0.5194026145953998,0.5569638307106457,4243500.0,2.0491288380745,2025-05-20,floor_violated_first
base8:300912:2024-05-22,300912,2024-05-22,2024-04-16,2024-05-10,11.966095999153268,11.18242220575784,20.102564102564102,0.5802707930367507,0.5349795244533336,1915162.5,1.0047099915326,2024-05-23,floor_violated_first
base8:300912:2024-10-21,300912,2024-10-21,2024-09-09,2024-10-09,12.639251693480109,11.423552603725662,22.842105263157908,0.6616795366795364,0.6046595065043284,4527900.0,1.0047099915326,2024-10-28,first_price_breakout_consumed
base8:300915:2024-03-18,300915,2024-03-18,2024-02-06,2024-03-06,42.6905011040638,39.27587904688027,13.29278887923544,0.52140029688273,0.6424036399559865,533225.0,1.5450778539292,2024-03-19,first_price_breakout_consumed
base8:300915:2024-05-21,300915,2024-05-21,2024-04-15,2024-05-09,50.84851217280997,47.21757921607635,16.22492836676217,0.576377207737594,0.45759303512230376,481275.0,1.5450778539292,2024-05-23,floor_violated_first
base8:300915:2024-10-25,300915,2024-10-25,2024-09-13,2024-10-15,52.16449756170931,47.023285061637,23.224261771747813,0.49714153275649,0.692377331723889,741850.0,1.5674428353879,2024-11-07,first_qualified_breakout
base8:300918:2024-03-14,300918,2024-03-14,2024-02-02,2024-03-04,10.111235126896938,9.552946070810606,12.023121387283231,0.40807560137457083,0.564831301084576,1944612.5,1.0338686223821,2024-03-15,first_price_breakout_consumed
base8:300918:2024-10-30,300918,2024-10-30,2024-09-20,2024-10-18,11.22082767085632,10.109231658603264,33.69863013698628,0.6009343148357872,0.6502240084162979,5051625.0,1.0486754832576,2024-11-06,first_price_breakout_consumed
base8:300920:2024-05-21,300920,2024-05-21,2024-04-15,2024-05-09,17.814665671644285,16.209457280736405,21.703703703703713,0.46849757673667325,0.4804719349656503,2380700.0,1.0491558110509,2024-05-30,factor_changed_raw_volume_not_comparable
base8:300921:2024-03-14,300921,2024-03-14,2024-02-02,2024-03-04,39.7118051356194,35.916373665501354,25.168815224063845,0.5041075429424943,0.677468446428074,4539562.5,1.869670674935,2024-03-19,first_qualified_breakout
base8:300921:2024-10-30,300921,2024-10-30,2024-09-20,2024-10-18,45.960409090739155,41.38328193026225,30.58823529411765,0.5017510775862063,0.6883304147282032,4381425.0,1.8913748597012,2024-11-01,floor_violated_first
base8:300922:2024-03-18,300922,2024-03-18,2024-02-06,2024-03-06,18.966750449824517,17.03548558639254,25.670103092783503,0.5553944315545238,0.6943443830178838,4783537.5,1.441242435397,2024-03-20,first_price_breakout_consumed
base8:300922:2024-11-04,300922,2024-11-04,2024-09-25,2024-10-23,24.240613470519463,21.692801243888294,40.066777963272116,0.43788923487544457,0.49797171222848813,7022500.0,1.4558927009321,2024-11-11,first_qualified_breakout
base8:300923:2024-03-22,300923,2024-03-22,2024-02-20,2024-03-12,19.892310891654,18.58197713478675,33.49719101123596,0.40683196188826304,0.6242623924270636,1678562.5,1.031758863675,2024-03-26,floor_violated_first
base8:300923:2024-10-24,300923,2024-10-24,2024-09-12,2024-10-14,24.29217623586989,21.910798784301022,17.050438596491247,0.5218077642656684,0.6305937849469034,2304412.5,1.0631149337361,2024-11-01,floor_violated_first
base8:300925:2024-05-21,300925,2024-05-21,2024-04-15,2024-05-09,32.950314914303235,30.042078823014336,29.147465437788036,0.46266233766233733,0.6768317173793486,19699137.5,2.9082360912889,2024-05-24,floor_violated_first
base8:300926:2024-03-15,300926,2024-03-15,2024-02-05,2024-03-05,51.860229585867756,47.67501807542929,40.24831867563374,0.44442336874051597,0.6065480678032052,4156775.0,1.8196571784515,2024-03-18,first_qualified_breakout
base8:300926:2025-02-12,300926,2025-02-12,2025-01-02,2025-01-23,68.54823910055657,64.73116778173207,16.23255813953486,0.5525013743815276,0.6766664943663029,8596312.5,2.6507439714058996,2025-02-14,floor_violated_first
base8:300927:2025-02-21,300927,2025-02-21,2025-01-13,2025-02-11,35.77263098980416,32.959262615085194,23.559870550161822,0.5029911838790934,0.6611705862223586,2988350.0,1.8631578640523,2025-02-28,first_price_breakout_consumed
base8:300929:2024-05-22,300929,2024-05-22,2024-04-16,2024-05-10,15.230791934730133,13.754751395794624,28.183118741058657,0.634495856353591,0.4977778751753156,1419662.5,1.6220225702588,2024-05-23,floor_violated_first
base8:300930:2024-10-31,300930,2024-10-31,2024-09-23,2024-10-21,25.42735512779406,22.965002210256582,27.895855472901165,0.48618352450469243,0.6973678598570032,2997612.5,1.017501205594,2024-11-01,first_qualified_breakout
base8:300930:2025-05-13,300930,2025-05-13,2025-04-07,2025-04-28,28.205133419065678,25.6410303809688,20.04694835680749,0.5664167113015539,0.6386249092239361,1565325.0,1.017501205594,2025-05-27,factor_changed_raw_volume_not_comparable
base8:300931:2024-03-22,300931,2024-03-22,2024-02-20,2024-03-12,6.69872483221446,6.009597315435967,25.155925155925175,0.5769230769230778,0.5605726499288844,4303875.0,1.0134228187919,2024-03-27,floor_violated_first
base8:300931:2024-10-30,300931,2024-10-30,2024-09-20,2024-10-18,7.209496534989,6.45764903919729,26.961770623742453,0.49791350531107803,0.6412299337042149,6446237.5,1.029928076427,2024-11-07,first_price_breakout_consumed
base8:300932:2024-03-26,300932,2024-03-26,2024-02-22,2024-03-14,17.80292372536832,16.19892653907296,14.55078125,0.5434511952191223,0.6172709728541486,2414887.5,1.4450425101759998,2024-03-27,floor_violated_first
base8:300933:2024-11-04,300933,2024-11-04,2024-09-25,2024-10-23,7.248631962702131,6.579527473837318,19.156414762741658,0.5504587155963305,0.6532169584033523,11508537.5,1.0137946800982,2024-11-11,first_price_breakout_consumed
base8:300935:2024-03-15,300935,2024-03-15,2024-02-05,2024-03-05,29.78160607793095,27.110933695760703,41.706813489332426,0.46682220816197395,0.6317784920363516,2377075.0,1.443606693065,2024-03-20,first_price_breakout_consumed
base8:300935:2024-08-19,300935,2024-08-19,2024-07-17,2024-08-07,24.15153997497745,22.53470047874465,14.75295755045234,0.37674418604651205,0.6060726988505011,2018662.5,1.443606693065,2024-08-23,floor_violated_first
base8:300936:2024-03-18,300936,2024-03-18,2024-02-06,2024-03-06,39.377708315727354,35.870631168857884,50.55643879173293,0.5549900968309859,0.6895194574549911,2940350.0,1.0254611540554,2024-03-20,first_price_breakout_consumed
base8:300937:2024-03-15,300937,2024-03-15,2024-02-05,2024-03-05,25.71469377251565,23.2007720020577,21.754746023601857,0.5002696871628914,0.6757842253625226,2194375.0,1.0096071367301,2024-03-19,first_price_breakout_consumed
base8:300937:2024-10-31,300937,2024-10-31,2024-09-23,2024-10-21,26.00443668368895,23.24082792240279,36.821917808219176,0.4568661971830981,0.6874478639923817,2483300.0,1.0197818307329,2024-11-01,floor_violated_first
base8:300937:2025-03-05,300937,2025-03-05,2025-01-23,2025-02-21,30.9095872895142,28.145978528228042,28.216989066442387,0.5715638528138526,0.41961968762240504,3085312.5,1.0197818307329,2025-03-20,expired
base8:300938:2024-05-22,300938,2024-05-22,2024-04-16,2024-05-10,61.84338097135629,59.22466237161574,18.437077131258462,0.4218580715059591,0.4556407360870326,1145900.0,1.734250728305,2024-05-24,floor_violated_first
base8:300938:2025-04-03,300938,2025-04-03,2025-03-03,2025-03-24,90.30000988414773,83.06706111555786,16.95963541666665,0.4341547539893617,0.47509590668328405,8132375.0,2.4855494050137,2025-04-07,floor_violated_first
base8:300941:2024-03-20,300941,2024-03-20,2024-02-08,2024-03-08,32.22338970424543,28.806453943880843,23.166023166023187,0.5142513736263729,0.6587799572952542,8375500.0,1.5322581885042998,2024-03-27,floor_violated_first
base8:300941:2024-05-28,300941,2024-05-28,2024-04-22,2024-05-16,28.147582922823993,25.864518221952583,12.944162436548211,0.654176904176904,0.6012013656441432,3086912.5,1.5322581885043,2024-06-04,floor_violated_first
base8:300941:2025-05-19,300941,2025-05-19,2025-04-11,2025-05-07,38.255145757745396,35.11745097438285,18.10824481537685,0.5329769114307348,0.6259135380164693,9891900.0,1.5456624548584001,2025-05-22,floor_violated_first
base8:300942:2024-03-15,300942,2024-03-15,2024-02-05,2024-03-05,8.40982419067606,7.52724915498388,13.803230543318644,0.4576133909287258,0.4879016423529798,3172362.5,1.014454064014,2024-03-18,first_qualified_breakout
base8:300942:2024-05-22,300942,2024-05-22,2024-04-16,2024-05-10,8.15621067467256,7.62869456138528,28.409090909090896,0.5662933526011562,0.581282956753084,3644400.0,1.014454064014,2024-05-23,floor_violated_first
base8:300943:2024-03-14,300943,2024-03-14,2024-02-02,2024-03-04,17.812543957017393,16.132115281827073,16.27408993576016,0.3561654861558276,0.5596974402895109,3324162.5,1.5276624319912002,2024-03-19,first_price_breakout_consumed
base8:300943:2024-05-22,300943,2024-05-22,2024-04-16,2024-05-10,17.338968603100117,16.43764776822531,26.145251396648028,0.4828660436137073,0.59351277573626,2259012.5,1.5276624319912,2024-05-23,first_price_breakout_consumed
base8:300943:2024-08-21,300943,2024-08-21,2024-07-19,2024-08-09,18.856276593007106,16.912012394382803,16.028225806451623,0.4913949275362321,0.6837493854465335,9763025.0,1.5430668243050003,2024-08-23,floor_violated_first
base8:300943:2024-10-24,300943,2024-10-24,2024-09-12,2024-10-14,21.60293554027,19.365488645027753,25.286259541984734,0.5748485995457976,0.6762871194304723,5939162.5,1.5430668243050003,2024-11-01,floor_violated_first
base8:300943:2025-02-13,300943,2025-02-13,2025-01-03,2025-01-24,21.37147551662425,19.6586713416457,12.165660051768779,0.46406249999999943,0.5248774924802295,5796862.5,1.543066824305,2025-02-19,first_price_breakout_consumed
base8:300945:2024-11-01,300945,2024-11-01,2024-09-24,2024-10-22,11.348514193380119,10.1805887800359,29.594272076372285,0.4489213197969551,0.6089953992675753,12842462.5,1.033562312694,2024-11-04,floor_violated_first
base8:300946:2024-03-14,300946,2024-03-14,2024-02-02,2024-03-04,50.0845220268067,46.318077780476784,18.313689936536726,0.4212037589498808,0.6716094315219657,1568212.5,1.8372898762584997,2024-03-20,first_price_breakout_consumed
base8:300946:2024-07-25,300946,2024-07-25,2024-06-24,2024-07-15,48.676684751499,43.5401355415313,12.365339578454314,0.5472080136402392,0.5079569984340979,2536700.0,1.8543498952952,2024-07-26,first_qualified_breakout
base8:300946:2024-11-01,300946,2024-11-01,2024-09-24,2024-10-22,54.6662349133025,49.436968208570036,27.200000000000003,0.5019889311656863,0.6554347724344073,1400450.0,1.8543498952952002,2024-11-11,first_qualified_breakout
base8:300946:2025-03-14,300946,2025-03-14,2025-02-11,2025-03-04,64.67972434789658,58.24513021122223,16.53944020356233,0.5497595408004964,0.6208671857171058,2956375.0,1.8543498952952,2025-03-24,floor_violated_first
base8:300947:2024-03-15,300947,2024-03-15,2024-02-05,2024-03-05,33.60360054595075,30.23743676069144,13.755458515283836,0.5058608762490391,0.5472201779273363,2805700.0,2.9018653321201,2024-03-18,first_price_breakout_consumed
base8:300947:2024-10-29,300947,2024-10-29,2024-09-19,2024-10-17,56.93459781619636,51.94338944494978,36.64959765910751,0.4175713399503726,0.6390365088119125,10505675.0,2.9018653321201,2024-10-30,floor_violated_first
base8:300947:2025-02-11,300947,2025-02-11,2024-12-31,2025-01-22,55.54170245677871,49.62189717925371,14.051669817265289,0.5413027656477432,0.530724575385056,6869012.5,2.9018653321201,2025-02-12,first_qualified_breakout
base8:300948:2024-03-15,300948,2024-03-15,2024-02-05,2024-03-05,16.75309816840572,14.9824455164604,13.166855845629977,0.4573170731707312,0.5449409317007844,3418087.5,1.5133783349960002,2024-03-18,first_price_breakout_consumed
base8:300948:2024-10-29,300948,2024-10-29,2024-09-19,2024-10-17,17.454914315623732,15.947029047520115,18.81188118811883,0.4565570809248553,0.6492195861337042,4828575.0,1.5231164324279,2024-10-30,floor_violated_first
base8:300949:2024-10-31,300949,2024-10-31,2024-09-23,2024-10-21,35.15,32.39,36.56866693515908,0.5428286852589643,0.6942153670128498,1314612.5,1.0,2024-11-01,floor_violated_first
base8:300950:2024-03-14,300950,2024-03-14,2024-02-02,2024-03-04,21.075298411749042,19.406268299947463,23.47670250896059,0.3401708373435995,0.5312132200709553,4016182.375,1.5173001016378,2024-03-19,first_price_breakout_consumed
base8:300950:2024-05-22,300950,2024-05-22,2024-04-16,2024-05-10,26.552751778661502,24.823029662794408,63.662790697674424,0.6079141607435754,0.6291905157582345,5784193.0,1.5173001016378,2024-05-27,floor_violated_first
base8:300950:2024-11-13,300950,2024-11-13,2024-10-11,2024-11-01,28.226303645734,26.341485324113325,17.26472579553149,0.5495283018867924,0.613122175797173,4466010.5,1.5323726192038,2024-11-15,floor_violated_first
base8:300951:2024-03-14,300951,2024-03-14,2024-02-02,2024-03-04,73.97543447293583,67.02279609608739,23.86301369863013,0.4792490118577075,0.6543762700529028,2543975.0,1.5946418295523999,2024-03-18,first_qualified_breakout
base8:300951:2024-11-04,300951,2024-11-04,2024-09-25,2024-10-23,72.75690664784273,66.44612530440948,22.20897894318634,0.549290723621294,0.6614532467036873,3120000.0,2.2865149795048,2024-11-08,first_price_breakout_consumed
base8:300952:2024-03-15,300952,2024-03-15,2024-02-05,2024-03-05,18.402623081815552,16.632943374670425,22.11466865227103,0.5446376388077135,0.629612478315839,1284825.0,1.0229362469047,2024-03-20,first_qualified_breakout
base8:300953:2024-05-14,300953,2024-05-14,2024-04-08,2024-04-29,70.1625987541221,63.86544023439199,15.9965034965035,0.5871180842279123,0.6132862431667981,1202662.5,1.0043315023493,2024-05-16,floor_violated_first
base8:300955:2024-03-15,300955,2024-03-15,2024-02-05,2024-03-05,16.188461621944878,14.594616944880809,15.109666937449218,0.43371522094926346,0.5096923154992473,1205300.0,1.0417285471007,2024-03-18,first_qualified_breakout
base8:300955:2024-10-25,300955,2024-10-25,2024-09-13,2024-10-15,16.397884981585992,15.23887216875138,27.136563876651977,0.4788498098859311,0.6777849220382575,1405500.0,1.0731600118839,2024-10-28,first_price_breakout_consumed
base8:300957:2024-11-04,300957,2024-11-04,2024-09-25,2024-10-23,56.0356979647043,50.74389339849137,27.30895452414441,0.37638959877331973,0.6741540178837995,6397825.0,1.0255435205839,2024-11-05,first_price_breakout_consumed
base8:300958:2024-03-15,300958,2024-03-15,2024-02-05,2024-03-05,14.583040686705,13.3345277296678,16.180371352785137,0.47262979683972933,0.6430052719096028,3402912.5,1.02337127626,2024-03-18,first_price_breakout_consumed
base8:300959:2024-03-15,300959,2024-03-15,2024-02-05,2024-03-05,29.338641068393784,27.322696774541818,28.24644549763031,0.5568507890961262,0.6611204048586096,1151350.0,1.0233219765746,2024-03-18,first_qualified_breakout
base8:300959:2024-05-22,300959,2024-05-22,2024-04-16,2024-05-10,27.987856059315313,26.626837830471093,21.760500446827535,0.6724296205630362,0.5892950042222088,521062.5,1.0233219765746,2024-05-27,floor_violated_first
base8:300959:2024-11-04,300959,2024-11-04,2024-09-25,2024-10-23,33.0967393137088,30.511056554825302,22.12523719165087,0.527890695573622,0.6148845674148973,1410000.0,1.0342731035534,2024-11-06,first_price_breakout_consumed
base8:300960:2024-03-25,300960,2024-03-25,2024-02-21,2024-03-13,18.87981078178362,17.217040378482718,30.900967982129536,0.4594997705369434,0.6444129688569133,3026275.0,1.0523863312031,2024-03-26,floor_violated_first
base8:300960:2024-05-21,300960,2024-05-21,2024-04-15,2024-05-09,20.82672549450935,18.637761925606902,17.527675276752742,0.6626712328767123,0.521528557783693,2937600.0,1.0523863312031,2024-05-22,floor_violated_first
base8:300960:2024-10-31,300960,2024-10-31,2024-09-23,2024-10-21,25.865543965360178,23.259194509666994,21.640969162995603,0.5520519578313252,0.68692019798673,3016175.0,1.0997255087313,2024-11-01,floor_violated_first
base8:300961:2024-04-01,300961,2024-04-01,2024-02-28,2024-03-20,10.167774222899974,9.13393340852811,35.099337748344375,0.6409438775510202,0.5398019005445279,4377012.5,1.0037289459921,2024-04-10,floor_violated_first
base8:300962:2024-03-15,300962,2024-03-15,2024-02-05,2024-03-05,13.986941253083906,13.154385226114625,14.13237924865831,0.42491007194244623,0.5372146018436335,2364525.0,1.0406950337116,2024-03-18,first_qualified_breakout
base8:300962:2024-10-25,300962,2024-10-25,2024-09-13,2024-10-15,17.30158234277376,16.0573997157888,27.40619902120718,0.44450900639163166,0.6402060874216858,4707350.0,1.063403954688,2024-10-28,first_price_breakout_consumed
base8:300964:2025-04-03,300964,2025-04-03,2025-03-03,2025-03-24,42.36571320414201,39.59784717754547,13.708553914739486,0.3830238191360518,0.2807890081458193,2189325.0,1.0213527773419,2025-04-07,floor_violated_first
base8:300964:2025-05-21,300964,2025-05-21,2025-04-15,2025-05-09,41.77332859328371,39.43443073317076,13.91576550939102,0.6329666940789455,0.6030396819368898,2064337.5,1.0213527773419,2025-05-23,floor_violated_first
base8:300967:2024-03-18,300967,2024-03-18,2024-02-06,2024-03-06,10.252565180607782,9.297420357042736,14.695340501792131,0.4239795918367351,0.5554424645838604,3513062.5,1.0161115144309,2024-03-19,first_price_breakout_consumed
base8:300967:2024-11-04,300967,2024-11-04,2024-09-25,2024-10-23,13.41267199048788,12.244143748892347,35.60767590618337,0.5400874635568514,0.6791059612014433,8323675.0,1.0161115144309,2024-11-06,first_qualified_breakout
base8:300967:2025-05-08,300967,2025-05-08,2025-04-01,2025-04-23,20.190135791741987,18.808224132115964,15.914489311163905,0.24539660056657253,0.3667227732609755,10260712.5,1.0161115144309,2025-05-16,floor_violated_first
base8:300969:2024-05-21,300969,2024-05-21,2024-04-15,2024-05-09,93.25024182477924,86.26001432413675,23.564625850340136,0.5369818864229762,0.6068523356035107,563737.5,1.0116103474157,2024-05-24,floor_violated_first
base8:300971:2024-11-01,300971,2024-11-01,2024-09-24,2024-10-22,23.250081224766657,21.068409958435424,24.98560736902704,0.5270903411821234,0.6886789558301935,3740950.0,1.0539474716576,2024-11-11,first_qualified_breakout
base8:300972:2024-09-11,300972,2024-09-11,2024-08-09,2024-08-30,34.12763528539521,31.271808747218902,56.89655172413792,0.6715541246084223,0.4202050792574686,1884250.0,1.0163083765752,2024-09-13,floor_violated_first
base8:300973:2024-10-31,300973,2024-10-31,2024-09-23,2024-10-21,39.46120271265987,35.97902797734529,36.4692218350755,0.6021163712686571,0.46882109767549934,2905500.0,1.0332862716067,2024-11-06,first_price_breakout_consumed
base8:300976:2024-05-21,300976,2024-05-21,2024-04-15,2024-05-09,79.1076883488865,74.39216090796575,19.451659451659452,0.6364107883817448,0.633971611021185,712825.0,1.8862109763683,2024-05-22,first_qualified_breakout
base8:300976:2024-08-28,300976,2024-08-28,2024-07-26,2024-08-16,91.17039879463202,86.29710584741481,17.470026914607285,0.5727310117905129,0.5638696905391728,1537612.5,1.8962229366604002,2024-08-30,first_price_breakout_consumed
base8:300977:2024-03-15,300977,2024-03-15,2024-02-05,2024-03-05,51.96200397624573,47.49815397023268,16.204869857262793,0.4206500956022953,0.5929910286763141,1783337.5,3.4873828171977,2024-03-18,first_price_breakout_consumed
base8:300977:2024-10-31,300977,2024-10-31,2024-09-23,2024-10-21,72.46355977930958,65.13936208677194,35.43788187372707,0.39280185758513886,0.5898957051070346,5239375.0,3.5382597548491006,2024-11-01,floor_violated_first
base8:300978:2024-03-14,300978,2024-03-14,2024-02-02,2024-03-04,11.94919490000195,10.97695069553985,12.970711297071148,0.47380845323741017,0.5458177613172097,4973375.0,1.0454238757657,2024-03-15,first_price_breakout_consumed
base8:300978:2024-05-21,300978,2024-05-21,2024-04-15,2024-05-09,11.719201647333497,10.987404934297507,14.431934493346986,0.5364109232769837,0.47897904357017457,2468137.5,1.0454238757657,2024-05-23,floor_violated_first
base8:300978:2024-10-29,300978,2024-10-29,2024-09-19,2024-10-17,12.984846980220338,11.951598286962444,24.50331125827814,0.43788187372708776,0.675739850514942,12637975.0,1.0652048384102,2024-11-01,floor_violated_first
base8:300980:2024-03-20,300980,2024-03-20,2024-02-08,2024-03-08,29.326002863850242,27.03490889011194,23.684210526315773,0.5227212153518119,0.4950276841226144,1280300.0,1.5273959824922,2024-03-26,floor_violated_first
base8:300981:2024-03-15,300981,2024-03-15,2024-02-05,2024-03-05,31.836100087976142,28.51657241049423,21.61572052401748,0.5052083333333325,0.4596911398236556,3153162.5,2.6138013208519,2024-03-19,first_price_breakout_consumed
base8:300981:2024-10-23,300981,2024-10-23,2024-09-11,2024-10-11,35.49502617408697,33.051826383295214,24.302788844621514,0.4904051172707881,0.6612188558870001,5908925.0,2.7451683042604,2024-10-28,first_price_breakout_consumed
base8:300984:2024-04-01,300984,2024-04-01,2024-02-28,2024-03-20,38.16528379363403,34.11468386077335,26.968174204355112,0.6841947115384613,0.5107168182918814,984287.5,1.6600819396970001,2024-04-15,floor_violated_first
base8:300985:2024-03-14,300985,2024-03-14,2024-02-02,2024-03-04,30.672118587607446,28.774563624249737,17.470817120622574,0.34134392393320967,0.5196488381998471,2147237.5,1.0039973351099,2024-03-18,first_price_breakout_consumed
base8:300985:2025-05-19,300985,2025-05-19,2025-04-11,2025-05-07,24.40189195742379,23.30180666426124,14.139344262295083,0.5324292452830204,0.6382737129797363,1616075.0,1.4286821989124,2025-06-04,expired
base8:300987:2024-03-15,300987,2024-03-15,2024-02-05,2024-03-05,20.965968034208288,19.193450862861972,27.465986394557817,0.3679245283018866,0.4564772669038625,4988237.5,1.3227740084674,2024-03-19,first_price_breakout_consumed
base8:300990:2024-03-20,300990,2024-03-20,2024-02-08,2024-03-08,143.58834903815136,128.56166134811227,40.15256588072123,0.6026507276507284,0.679544793357505,4406925.0,3.3392639311198,2024-03-26,floor_violated_first
base8:300990:2024-11-01,300990,2024-11-01,2024-09-24,2024-10-22,127.07635511164023,114.8027050181467,21.647446457990107,0.48521256931608164,0.44867763657876525,3872937.5,3.3905110755507,2024-11-04,floor_violated_first
base8:300990:2025-03-11,300990,2025-03-11,2025-02-06,2025-02-27,170.10222335020092,153.53847248901124,24.62967612352498,0.6600801832760591,0.47455622489959837,2954112.5,3.4081791895452,2025-03-26,expired
base8:300992:2024-05-22,300992,2024-05-22,2024-04-16,2024-05-10,17.759885138083927,16.903622950484873,18.40324763193506,0.6232829670329664,0.6680263494115348,888862.5,1.0073672795283,2024-05-23,floor_violated_first
base8:300992:2024-08-16,300992,2024-08-16,2024-07-16,2024-08-06,16.65466110041356,15.824963524329771,12.242090784044034,0.6948424068767916,0.6076333409419463,798612.5,1.0118263122973,2024-08-20,floor_violated_first
base8:300992:2024-11-28,300992,2024-11-28,2024-10-28,2024-11-18,22.36136150177033,20.610901981496,15.173572228443444,0.5890015157256536,0.2982047905238471,1205387.5,1.0118263122973,2024-12-03,first_qualified_breakout
base8:300993:2024-05-06,300993,2024-05-06,2024-03-27,2024-04-19,31.090959925442302,28.771095992543913,16.82242990654206,0.6844190140845074,0.500714988982137,3203925.0,2.3916123019571,2024-05-16,floor_violated_first
base8:300994:2024-03-15,300994,2024-03-15,2024-02-05,2024-03-05,13.747793187809306,12.45493740385331,18.803418803418825,0.5473818350324374,0.6291682738369272,3033937.5,1.2800552316396,2024-03-18,first_price_breakout_consumed
base8:300994:2024-10-24,300994,2024-10-24,2024-09-12,2024-10-14,14.899107166291628,13.709293816720868,18.551042810098807,0.5344202898550731,0.6762626887235189,2752312.5,1.3220148328564,2024-10-28,first_price_breakout_consumed
base8:300996:2024-03-13,300996,2024-03-13,2024-02-01,2024-03-01,39.03164840539056,35.49167558181568,14.66666666666665,0.46660174152154,0.5492619366400877,4911925.0,2.298683651672,2024-03-20,first_qualified_breakout
base8:300996:2024-05-22,300996,2024-05-22,2024-04-16,2024-05-10,35.83647812956648,33.35389978576072,22.20472440944883,0.6561018957345977,0.5764413389604001,4077600.0,2.298683651672,2024-05-27,floor_violated_first
base8:300997:2024-03-04,300997,2024-03-04,2024-01-23,2024-02-21,14.542988332304951,13.424296922127649,12.22780569514239,0.4422169811320753,0.559048449574203,5483300.0,1.0358253797938,2024-03-05,first_price_breakout_consumed
base8:300997:2024-10-24,300997,2024-10-24,2024-09-12,2024-10-14,13.40498594141289,12.061313317451221,19.3069306930693,0.4717655468191565,0.6677596687040586,3831787.5,1.0580099401273,2024-11-04,first_qualified_breakout
base8:300997:2025-06-18,300997,2025-06-18,2025-05-15,2025-06-06,19.606232945798727,17.70502247832734,15.564462257849044,0.3825136612021857,0.44118460340510124,8974762.5,1.0802332201542,2025-06-19,floor_violated_first
base8:300998:2025-06-20,300998,2025-06-20,2025-05-19,2025-06-10,23.325968006724757,21.579313023199873,14.771519659936239,0.6863941427699832,0.6059003401717251,3967237.5,1.0154970834447,2025-06-23,first_qualified_breakout
base8:300999:2024-10-24,300999,2024-10-24,2024-09-12,2024-10-14,34.792347880669205,32.09972269686089,33.51691581431942,0.49618454214505897,0.6361114826528036,13823512.5,1.0084738516136,2024-11-07,first_qualified_breakout
base8:301000:2024-01-15,301000,2024-01-15,2023-12-12,2024-01-03,69.68022351107686,64.51230250403334,15.162037037037003,0.4913101604278068,0.31391077743483947,2644654.75,3.4684033604319,2024-01-18,floor_violated_first
base8:301000:2024-03-18,301000,2024-03-18,2024-02-06,2024-03-06,67.59918149481773,60.93984704278848,47.35595895816891,0.49300193050193114,0.5931273340381544,3006427.5,3.4684033604319,2024-03-25,floor_violated_first
base8:301000:2025-05-28,301000,2025-05-28,2025-04-22,2025-05-16,257.3142497280726,230.7615554639852,27.61642463695544,0.4835218408736354,0.4162531557145108,9162388.0,5.038461909694,2025-05-30,floor_violated_first
base8:301002:2024-03-15,301002,2024-03-15,2024-02-05,2024-03-05,20.330105722973666,18.263098318363635,16.296928327645045,0.5661525974025968,0.6252747155027198,1640675.0,1.3598732925066,2024-03-18,first_qualified_breakout
base8:301003:2024-03-18,301003,2024-03-18,2024-02-06,2024-03-06,40.39765602940334,36.76438509532522,31.565495207667738,0.6175085616438332,0.6224365876142396,1152362.5,1.7986489772663998,2024-04-01,first_qualified_breakout
base8:301003:2024-05-23,301003,2024-05-23,2024-04-17,2024-05-13,47.30776112852202,44.10202565056106,19.339622641509436,0.5247084952803996,0.4834301753003742,752675.0,1.8530262878386998,2024-06-04,floor_violated_first
base8:301003:2025-06-12,301003,2025-06-12,2025-05-09,2025-05-30,60.07963879013134,56.209295359647165,12.666413084823148,0.45370370370370366,0.5747091867548403,3527212.5,1.9847915028124,2025-06-18,floor_violated_first
base8:301005:2025-05-22,301005,2025-05-22,2025-04-16,2025-05-12,82.33437347035314,74.85820013238903,25.26901669758812,0.678298922800719,0.6161155049652873,3931412.5,2.4116688186981,2025-05-23,floor_violated_first
base8:301006:2024-10-22,301006,2024-10-22,2024-09-10,2024-10-10,16.287332794543516,14.78718372136188,30.90430201931518,0.5146059782608694,0.45208056543588326,3513862.5,1.0715350522725997,2024-11-01,floor_violated_first
base8:301007:2024-05-22,301007,2024-05-22,2024-04-16,2024-05-10,13.49496443463848,12.844114605085458,24.22825070159027,0.5708204334365312,0.4889381018097302,4367237.5,1.0169528586766,2024-05-23,floor_violated_first
base8:301008:2024-03-15,301008,2024-03-15,2024-02-05,2024-03-05,28.93707610633178,26.065646826319387,24.57577530719719,0.4897040562913907,0.5109161599042967,1127500.0,1.2376850344881,2024-03-18,first_price_breakout_consumed
base8:301008:2024-05-15,301008,2024-05-15,2024-04-09,2024-04-30,35.286400333255735,32.229318298070126,16.392733564013827,0.4449233716475103,0.667385611907387,2421275.0,1.2376850344881,2024-05-22,first_qualified_breakout
base8:301008:2024-11-26,301008,2024-11-26,2024-10-24,2024-11-14,37.59175922008427,34.254585667902056,17.8752107925801,0.49267100977198713,0.29196438056209784,2033837.5,1.7657002921599,2024-11-27,floor_violated_first
base8:301009:2024-03-15,301009,2024-03-15,2024-02-05,2024-03-05,8.80008176614875,8.22681929681106,14.383561643835607,0.4251310615989526,0.6720255543301602,2778637.5,1.005723630417,2024-03-18,first_price_breakout_consumed
base8:301009:2024-10-24,301009,2024-10-24,2024-09-12,2024-10-14,9.571173639639907,8.697372224556009,22.451790633608827,0.5353802992518704,0.6390045991164455,2795487.5,1.0160481570743,2024-10-28,first_qualified_breakout
base8:301009:2025-05-13,301009,2025-05-13,2025-04-07,2025-04-28,12.598997147721322,11.521986101222563,25.29989094874592,0.43165467625899306,0.6954339534561463,8163625.0,1.0160481570743,2025-05-15,first_qualified_breakout
base8:301010:2024-11-01,301010,2024-11-01,2024-09-24,2024-10-22,15.207689420844153,13.917152300949027,23.20637732506643,0.5910613540197465,0.6942481567063291,2413600.0,1.0324296959161,2024-11-04,floor_violated_first
base8:301011:2024-03-15,301011,2024-03-15,2024-02-05,2024-03-05,29.001001618123645,26.51763139158637,21.052631578947366,0.48814120242691617,0.6984865695072341,3084912.5,1.7009385113269,2024-03-18,first_price_breakout_consumed
base8:301011:2025-05-13,301011,2025-05-13,2025-04-07,2025-04-28,47.85185244455906,42.990821324470566,20.370370370370374,0.49327859978347205,0.5490527026743609,4712237.5,1.7237699007406,2025-05-20,first_qualified_breakout
base8:301013:2024-05-22,301013,2024-05-22,2024-04-16,2024-05-10,17.4127215189878,15.920202531645987,13.017154389505547,0.6834484590860783,0.6554526621150987,6647312.5,1.5075949367089,2024-05-24,first_price_breakout_consumed
base8:301015:2024-03-12,301015,2024-03-12,2024-01-31,2024-02-29,37.610904381777935,35.09785551273893,17.421361908053925,0.5743517017828185,0.5046330125362061,1915287.5,1.0603581725903,2024-03-13,first_qualified_breakout
base8:301018:2024-03-18,301018,2024-03-18,2024-02-06,2024-03-06,29.55394201076941,27.188811087520534,72.76073619631902,0.6023377862595418,0.698203016703906,7353800.0,1.019452984159,2024-03-25,floor_violated_first
base8:301018:2024-05-22,301018,2024-05-22,2024-04-16,2024-05-10,23.090610091201352,22.244464114349384,12.118226600985228,0.6680584551148199,0.6331645671798414,2823800.0,1.019452984159,2024-05-23,floor_violated_first
base8:301019:2024-11-01,301019,2024-11-01,2024-09-24,2024-10-22,35.52186579707506,32.74150685866906,26.503164556962023,0.40674603174603124,0.651734693877551,1304012.5,2.2242871507248,2024-11-13,first_price_breakout_consumed
base8:301020:2024-05-22,301020,2024-05-22,2024-04-16,2024-05-10,18.541466228260333,17.51138477113476,17.101827676240223,0.6142769607843128,0.5405202261684237,1114650.0,1.0198826308174,2024-05-27,floor_violated_first
base8:301020:2025-04-03,301020,2025-04-03,2025-03-03,2025-03-24,23.372277316878936,21.550384875696835,13.395638629283479,0.4491758241758243,0.37819497124237006,2618387.5,1.0410813949612,2025-04-07,floor_violated_first
base8:301021:2024-03-15,301021,2024-03-15,2024-02-05,2024-03-05,19.1718229292844,17.37572583380407,26.87545520757466,0.638040238450075,0.6990483302812575,3064050.0,1.0090433120676,2024-03-18,first_price_breakout_consumed
base8:301023:2024-03-25,301023,2024-03-25,2024-02-21,2024-03-13,53.57671278037568,48.18780143657696,21.657953696788624,0.5461165048543687,0.6924693008383491,1374450.0,1.5620032880576,2024-03-28,floor_violated_first
base8:301023:2024-08-06,301023,2024-08-06,2024-07-04,2024-07-25,53.57989790904916,48.08616172999911,12.419700214132746,0.6972297756628137,0.6208907809445416,1206887.5,1.5970163311192,2024-08-08,floor_violated_first
base8:301027:2024-03-15,301027,2024-03-15,2024-02-05,2024-03-05,9.03386525904117,8.246556331437583,12.328767123287676,0.3844589096826691,0.5318200493616324,3637287.5,1.0093704200046,2024-03-18,first_price_breakout_consumed
base8:301027:2024-11-27,301027,2024-11-27,2024-10-25,2024-11-15,13.620984984707261,12.34686166765224,32.66331658291457,0.6728927203065139,0.5069865960641176,6557875.0,1.0112089817897,2024-11-28,first_price_breakout_consumed
base8:301027:2025-05-13,301027,2025-05-13,2025-04-07,2025-04-28,12.721008990914427,11.497446122948888,12.772277227722784,0.4929886064855393,0.5842175990856183,4232212.5,1.0112089817897,2025-05-16,first_price_breakout_consumed
base8:301028:2024-03-15,301028,2024-03-15,2024-02-05,2024-03-05,9.354148465584846,8.517088200208127,22.03898050974513,0.5651913875598088,0.6932872386702789,4430600.0,1.0463253317209,2024-03-18,first_qualified_breakout
base8:301029:2024-10-31,301029,2024-10-31,2024-09-23,2024-10-21,40.95366352416108,36.728285541509536,53.05755395683454,0.5772445081184344,0.6299873089760715,6775912.5,1.4774048890389997,2024-11-01,floor_violated_first
base8:301029:2024-12-27,301029,2024-12-27,2024-11-26,2024-12-17,39.71264341736832,37.62950252382333,12.20757124627816,0.5802238805970151,0.47146809308240195,4083250.0,1.477404889039,2024-12-30,floor_violated_first
base8:301031:2025-05-21,301031,2025-05-21,2025-04-15,2025-05-09,133.5146374233034,123.32268036808941,13.958314535775518,0.6615556458164087,0.6418424429562497,640225.0,1.0191957055214,2025-05-23,floor_violated_first
base8:301032:2024-03-15,301032,2024-03-15,2024-02-05,2024-03-05,7.822330890128736,7.031991758742672,15.999999999999993,0.5581713244228433,0.6000076767776594,5666512.5,1.0132552966488,2024-03-18,first_price_breakout_consumed
base8:301032:2024-05-21,301032,2024-05-21,2024-04-15,2024-05-09,8.268163220654207,7.771668125296296,15.714285714285703,0.44562780269058333,0.422789390699437,2499125.0,1.0132552966488,2024-05-24,floor_violated_first
base8:301033:2024-03-15,301033,2024-03-15,2024-02-05,2024-03-05,34.86838992548457,31.282847807208288,27.43111831442464,0.5035405192761593,0.4108303630509851,492550.0,1.0071747523248,2024-03-18,first_price_breakout_consumed
base8:301033:2024-05-27,301033,2024-05-27,2024-04-19,2024-05-15,44.194828132012226,40.286990092992,23.353115727002958,0.6811276164753554,0.5355321319279156,987000.0,1.0071747523248,2024-06-04,floor_violated_first
base8:301035:2024-03-08,301035,2024-03-08,2024-01-29,2024-02-27,74.4006618281286,67.07586427631708,12.185886402753887,0.6314678649237477,0.597775248861988,796675.0,1.0478966454666,2024-03-19,first_price_breakout_consumed
base8:301035:2024-10-25,301035,2024-10-25,2024-09-13,2024-10-15,52.3552080506888,47.267801610338964,17.38445378151261,0.464269301470589,0.6608336491747924,1278625.0,1.0732924979641,2024-10-28,first_price_breakout_consumed
base8:301036:2024-03-22,301036,2024-03-22,2024-02-20,2024-03-12,19.801799048778385,17.748279147423595,21.280991735537192,0.5474160895045282,0.692949430631359,2879537.5,1.0477142353851,2024-04-02,first_qualified_breakout
base8:301036:2024-05-24,301036,2024-05-24,2024-04-18,2024-05-14,23.573570296164746,21.080010415948212,35.03465658475109,0.45603015075376846,0.6986244431830854,5555075.0,1.0477142353851,2024-05-27,first_qualified_breakout
base8:301037:2025-03-19,301037,2025-03-19,2025-02-14,2025-03-07,20.399493933823376,19.117769485293973,22.07207207207209,0.6097146739130429,0.61664236649138,3032437.5,1.5442463235294,2025-03-21,floor_violated_first
base8:301040:2024-05-22,301040,2024-05-22,2024-04-16,2024-05-10,12.801515896905272,11.86334333708479,24.720244150559513,0.6181544359255207,0.6704527512433884,1415437.5,1.0087876987317,2024-05-23,floor_violated_first
base8:301040:2024-08-09,301040,2024-08-09,2024-07-09,2024-07-30,10.743588991492604,9.88611944757066,13.043478260869579,0.5286430834213295,0.6309642151272644,2515637.5,1.0087876987317,2024-08-13,first_qualified_breakout
base8:301042:2024-03-14,301042,2024-03-14,2024-02-02,2024-03-04,37.067721840038224,34.12915838062902,28.222049689440997,0.4760649514972584,0.6875444849079552,2653225.0,1.1005855653218,2024-03-15,first_qualified_breakout
base8:301042:2024-05-22,301042,2024-05-22,2024-04-16,2024-05-10,40.66663663864051,37.045710128731784,23.053589484327585,0.5251842751842756,0.4500697729185874,1796462.5,1.1005855653218,2024-05-27,factor_changed_raw_volume_not_comparable
base8:301047:2024-03-13,301047,2024-03-13,2024-02-01,2024-03-01,148.7078810553066,141.2475527501846,12.922403003754713,0.5368795728692906,0.6976259039890049,568500.0,1.9947401885353,2024-03-18,first_qualified_breakout
base8:301048:2024-10-25,301048,2024-10-25,2024-09-13,2024-10-15,10.715484844237949,9.715372925442407,25.968992248062015,0.5434027777777781,0.6966282262696951,8133487.5,1.0205223661179,2024-10-30,floor_violated_first
base8:301050:2024-05-23,301050,2024-05-23,2024-04-17,2024-05-13,93.83486090697525,89.42760276235504,12.394115024520724,0.6197546804389954,0.5590435624232218,3292052.125,1.8062533379591,2024-05-24,floor_violated_first
base8:301050:2025-06-04,301050,2025-06-04,2025-04-28,2025-05-22,131.17255060335233,122.9519275410169,17.065462753950335,0.4083774149034035,0.3933329118828653,5859570.75,2.5529885286756,2025-06-06,factor_changed_raw_volume_not_comparable
base8:301051:2024-11-04,301051,2024-11-04,2024-09-25,2024-10-23,61.55509473137899,55.863503627465725,20.568278201865997,0.4951716738197429,0.6216590564775222,2743800.0,2.1477702278918,2024-11-08,first_price_breakout_consumed
base8:301053:2024-03-15,301053,2024-03-15,2024-02-05,2024-03-05,20.94830787973708,19.02635147717868,18.765743073047858,0.5232352941176469,0.6422455284188847,956325.0,1.0169081495018,2024-03-18,first_qualified_breakout
base8:301053:2024-05-22,301053,2024-05-22,2024-04-16,2024-05-10,21.772003480833536,20.022921463690444,23.51874244256351,0.6973379629629616,0.6246481074490556,1072462.5,1.0169081495018,2024-05-28,factor_changed_raw_volume_not_comparable
base8:301053:2024-07-25,301053,2024-07-25,2024-06-24,2024-07-15,22.32751212203004,20.55111198063396,12.424409015942794,0.5868142144638415,0.6580834299242891,1778975.0,1.020919621492,2024-08-02,first_price_breakout_consumed
base8:301053:2024-10-29,301053,2024-10-29,2024-09-19,2024-10-17,24.49186171959308,22.19479257123608,27.13797035347778,0.36442006269592564,0.6149262079280126,1989975.0,1.020919621492,2024-11-01,floor_violated_first
base8:301053:2025-05-27,301053,2025-05-27,2025-04-21,2025-05-15,29.5045770611188,27.309599874911,19.108543128353283,0.4718338815789459,0.6079499125589978,2231812.5,1.020919621492,2025-06-03,floor_violated_first
base8:301055:2024-03-15,301055,2024-03-15,2024-02-05,2024-03-05,11.57732774705155,10.51442276937445,17.66743648960738,0.3873374139250187,0.3744866785392087,1278512.5,1.042063703605,2024-03-18,first_qualified_breakout
base8:301055:2024-05-22,301055,2024-05-22,2024-04-16,2024-05-10,14.5472093023258,13.59893133204525,33.239171374764595,0.5845282146160964,0.6256747892916018,1077887.5,1.042063703605,2024-05-23,floor_violated_first
base8:301055:2025-06-18,301055,2025-06-18,2025-05-15,2025-06-06,22.32386029531607,20.142066583734184,14.834205933682366,0.6793203638201116,0.5135232296196722,3433050.0,1.0540066239526,2025-06-19,floor_violated_first
base8:301056:2024-03-18,301056,2024-03-18,2024-02-06,2024-03-06,8.82313388567467,7.896550397097401,26.732673267326735,0.5262728459530027,0.4769896224254277,3248700.0,1.0295372095303,2024-03-19,first_price_breakout_consumed
base8:301056:2024-05-29,301056,2024-05-29,2024-04-23,2024-05-17,9.20406265320088,8.771657025198154,19.812583668005356,0.565326633165831,0.6224576233727527,3285862.5,1.0295372095303,2024-06-03,floor_violated_first
base8:301056:2024-10-24,301056,2024-10-24,2024-09-12,2024-10-14,8.9918108829613,8.25130881024684,28.253968253968264,0.49188311688311764,0.6841174692785993,3840562.5,1.0578601038778,2024-10-28,first_price_breakout_consumed
base8:301057:2024-10-21,301057,2024-10-21,2024-09-09,2024-10-09,14.83977125824869,13.644199580905687,13.029045643153525,0.6777821625887925,0.5067193491902513,2558162.5,1.0487470853886,2024-11-04,first_price_breakout_consumed
base8:301057:2025-06-03,301057,2025-06-03,2025-04-25,2025-05-21,17.93357516014506,16.38142947376993,14.647887323943664,0.6975048606610507,0.6685533836825517,5388050.0,1.0487470853886,2025-06-13,factor_changed_raw_volume_not_comparable
base8:301058:2024-03-18,301058,2024-03-18,2024-02-06,2024-03-06,10.338422185803019,9.580953629615472,12.630359212051001,0.4609374999999991,0.5368646990566136,11316775.0,1.0236061570102,2024-03-25,floor_violated_first
base8:301058:2025-03-12,301058,2025-03-12,2025-02-07,2025-02-28,13.566997684994627,12.454607836493151,25.5609756097561,0.5598534201954393,0.48769558273980995,9173775.0,1.0396166808425,2025-03-13,floor_violated_first
base8:301059:2024-05-22,301059,2024-05-22,2024-04-16,2024-05-10,19.68070953140447,18.5299049106385,35.1278600269179,0.5357142857142867,0.6555138758466365,2187275.0,1.950516306383,2024-05-29,first_qualified_breakout
base8:301059:2024-10-23,301059,2024-10-23,2024-09-11,2024-10-11,19.92275192696492,18.28715508231795,13.530135301353008,0.5536060019361079,0.6882600143061517,2501687.5,1.9705986080084001,2024-10-25,first_price_breakout_consumed
base8:301060:2024-03-15,301060,2024-03-15,2024-02-05,2024-03-05,11.0847791637072,9.9044554564606,28.1725888324873,0.6173012318029106,0.6777910566012346,3895337.5,1.026368441084,2024-03-18,first_qualified_breakout
base8:301060:2024-10-25,301060,2024-10-25,2024-09-13,2024-10-15,11.536381277784159,10.56133125875436,26.997578692493953,0.4745275267050125,0.6958031765471032,8779862.5,1.026368441084,2024-10-28,first_price_breakout_consumed
base8:301061:2025-02-25,301061,2025-02-25,2025-01-15,2025-02-13,184.0428008305278,171.98404553684657,12.693674484719274,0.6680128948130981,0.5956893153654751,805987.5,2.2581938752212,2025-02-28,floor_violated_first
base8:301061:2025-05-23,301061,2025-05-23,2025-04-17,2025-05-13,181.01682103773138,165.99983176751041,30.787920860812235,0.6906185031185017,0.5510143251982585,813400.0,2.2581938752212,2025-05-26,factor_changed_raw_volume_not_comparable
base8:301062:2024-04-09,301062,2024-04-09,2024-03-05,2024-03-26,10.358834487700014,9.601609744447089,22.783251231527114,0.6270000000000007,0.693862606607176,3513012.5,1.0096329910039,2024-04-11,first_qualified_breakout
base8:301063:2024-05-22,301063,2024-05-22,2024-04-16,2024-05-10,16.79490049087091,15.874770482039331,22.12189616252822,0.5663726333907049,0.5356099945240619,1714962.5,1.0111318778369,2024-05-24,floor_violated_first
base8:301063:2024-11-04,301063,2024-11-04,2024-09-25,2024-10-23,18.388340180526264,16.67114109751992,26.334776334776343,0.578966005665723,0.6908865497550094,2954475.0,1.0221423113133,2024-11-19,expired
base8:301065:2024-05-21,301065,2024-05-21,2024-04-15,2024-05-09,29.674928166192988,27.972268353378634,18.075980392156854,0.5466585872576185,0.5901263516339088,987812.5,1.5202319757271,2024-05-23,floor_violated_first
base8:301066:2024-03-15,301066,2024-03-15,2024-02-05,2024-03-05,14.87369309462923,13.339887468030756,18.92901618929017,0.4021084337349399,0.5273412266561137,3020487.5,1.4071611253197,2024-03-18,first_price_breakout_consumed
base8:301069:2024-03-13,301069,2024-03-13,2024-02-01,2024-03-01,16.20554428668,15.030642325895698,12.769010043041607,0.4913949275362316,0.6647098270670361,3315612.5,1.0128465179175,2024-03-20,first_price_breakout_consumed
base8:301070:2024-03-15,301070,2024-03-15,2024-02-05,2024-03-05,33.073350383633276,29.55014249178072,30.892857142857146,0.5514206474983019,0.66724954623932,1205800.0,1.018268176836,2024-03-20,first_qualified_breakout
base8:301071:2024-04-08,301071,2024-04-08,2024-03-04,2024-03-25,129.25812998842247,115.52125693142787,16.760365425158106,0.6998906092224848,0.4912146433211547,4453787.5,3.6534236853709,2024-04-09,floor_violated_first
base8:301072:2024-05-22,301072,2024-05-22,2024-04-16,2024-05-10,21.271801696888172,19.999900182997028,20.30629608621668,0.5014740566037734,0.3874378185509391,1689575.0,1.0014972550324,2024-05-24,floor_violated_first
base8:301072:2024-10-28,301072,2024-10-28,2024-09-18,2024-10-16,22.47730413280897,20.086956329588,26.355611601513253,0.46056547619047655,0.680205443338313,2167325.0,1.0043478164794,2024-10-29,first_qualified_breakout
base8:301072:2025-06-04,301072,2025-06-04,2025-04-28,2025-05-22,22.457217176479382,21.0913041460674,18.95991332611051,0.6474905303030299,0.5917669668803198,1722787.5,1.0043478164794,2025-06-05,floor_violated_first
base8:301073:2025-05-13,301073,2025-05-13,2025-04-07,2025-04-28,51.82000293059587,48.453878126885044,13.648024628014355,0.30373657517899777,0.3991469737257493,8176100.0,2.2898808188509,2025-05-22,floor_violated_first
base8:301075:2024-05-22,301075,2024-05-22,2024-04-16,2024-05-10,20.77563261480882,19.537282099344846,24.46941323345819,0.5975519287833818,0.6142663167157205,1214662.5,1.0234301780694,2024-05-23,floor_violated_first
base8:301077:2024-11-22,301077,2024-11-22,2024-10-22,2024-11-12,57.761623575576586,51.94744543788789,21.452460582895384,0.510888096714197,0.33791499060816554,2542562.5,2.2362223606495,2024-12-03,first_qualified_breakout
base8:301077:2025-02-05,301077,2025-02-05,2024-12-25,2025-01-16,66.99722192505902,60.64635042081445,18.99834437086092,0.5790834522111264,0.6060957010091795,2834750.0,2.2362223606495,2025-02-06,floor_violated_first
base8:301078:2025-05-13,301078,2025-05-13,2025-04-07,2025-04-28,13.658714994029895,12.583864370891686,27.766798418972314,0.44313850063532434,0.3929004860061231,41882987.5,1.0140100218285,2025-05-14,floor_violated_first
base8:301079:2024-05-22,301079,2024-05-22,2024-04-16,2024-05-10,16.345307995580413,14.982106687208027,15.043394406943111,0.6209677419354843,0.6533584763985119,1914275.0,1.3107704888196,2024-05-27,factor_changed_raw_volume_not_comparable
base8:301079:2024-11-05,301079,2024-11-05,2024-09-26,2024-10-24,22.840289352646053,20.76747733787404,18.086592178770957,0.5583003952569165,0.587525234304329,7382587.5,1.3119063384633,2024-11-07,first_qualified_breakout
base8:301080:2024-05-22,301080,2024-05-22,2024-04-16,2024-05-10,67.72391245017462,61.52231500029531,22.98490458558815,0.5485556238475723,0.6954050998128509,2675362.5,1.5426859328058,2024-05-23,floor_violated_first
base8:301081:2024-03-21,301081,2024-03-21,2024-02-19,2024-03-11,11.075026148217978,9.893859368648858,15.89895988112926,0.6231203007518802,0.6341278383352713,2370437.5,1.2700718059883,2024-04-02,first_price_breakout_consumed
base8:301081:2024-05-21,301081,2024-05-21,2024-04-15,2024-05-09,11.405244817774935,10.592398861942423,18.40324763193506,0.6462378640776706,0.6567328918322296,1981350.0,1.2700718059883,2024-05-22,factor_changed_raw_volume_not_comparable
base8:301081:2024-10-22,301081,2024-10-22,2024-09-10,2024-10-10,11.01884414832986,10.216756447795106,21.68141592920354,0.6569343065693426,0.6966666519117894,2623112.5,1.3148978697291,2024-10-28,first_qualified_breakout
base8:301082:2024-03-19,301082,2024-03-19,2024-02-07,2024-03-07,13.97717783973776,12.713065432173241,44.94892167990918,0.45493197278911635,0.6798485872230978,2844137.5,1.0277336646866,2024-03-20,first_price_breakout_consumed
base8:301083:2024-05-21,301083,2024-05-21,2024-04-15,2024-05-09,14.277083380175393,13.392929025878816,15.832649712879409,0.5287009063444116,0.6553529443518108,2185287.5,1.0047208571552,2024-05-27,floor_violated_first
base8:301083:2024-11-04,301083,2024-11-04,2024-09-25,2024-10-23,15.069134993471089,13.57032317960434,25.021276595744666,0.48949115044247793,0.6411657903046445,3736150.0,1.0127106850451,2024-11-07,first_price_breakout_consumed
base8:301085:2024-03-15,301085,2024-03-15,2024-02-05,2024-03-05,55.888519492407596,51.638955545132134,55.470588235294095,0.507041451563924,0.6461362451749766,3545362.5,1.0390131900429,2024-03-19,first_price_breakout_consumed
base8:301087:2024-03-15,301087,2024-03-15,2024-02-05,2024-03-05,46.71060578436389,43.436047853088894,22.92134831460675,0.5093658434491423,0.6482675006342578,1107262.5,1.3758646770063,2024-03-18,first_qualified_breakout
base8:301087:2025-03-06,301087,2025-03-06,2025-01-24,2025-02-24,57.24590088495642,53.652699644635234,14.400476048795019,0.6566278549037166,0.5859876055015261,1580662.5,1.4430527069563,2025-03-11,floor_violated_first
base8:301088:2024-11-04,301088,2024-11-04,2024-09-25,2024-10-23,15.020201298881467,13.773889889246094,22.66419981498611,0.5272277227722768,0.6874416680807738,1620437.5,1.0744063876167,2024-11-19,expired
base8:301090:2024-03-15,301090,2024-03-15,2024-02-05,2024-03-05,9.875073002770447,9.470356896099528,13.24582338902147,0.5720899470899476,0.6985425542780437,2553350.0,1.0117902666773,2024-03-25,floor_violated_first
base8:301090:2024-10-22,301090,2024-10-22,2024-09-10,2024-10-10,7.90372035759497,7.130640888898423,24.838709677419367,0.5491214057507986,0.3897070460270185,12722675.0,1.0172098272323,2024-10-25,first_qualified_breakout
base8:301092:2024-05-22,301092,2024-05-22,2024-04-16,2024-05-10,29.75253699554383,26.7177983863745,16.500000000000004,0.6481109324758841,0.5215270186982319,3238050.0,1.008218807033,2024-05-23,floor_violated_first
base8:301092:2024-11-04,301092,2024-11-04,2024-09-25,2024-10-23,25.88414115906144,23.79506677417656,23.557925351429976,0.5228517270429659,0.6913934031908194,1580912.5,1.0190606755536,2024-11-12,first_price_breakout_consumed
base8:301093:2024-03-15,301093,2024-03-15,2024-02-05,2024-03-05,28.3110406849325,26.4579543855551,15.050021748586362,0.4102958697378873,0.5911574960987553,621275.0,1.029492388543,2024-03-19,floor_violated_first
base8:301093:2025-05-22,301093,2025-05-22,2025-04-16,2025-05-12,30.416845630791094,29.005317204798345,12.937898089171963,0.497112211221122,0.6385577990584937,1372737.5,1.0612995684156,2025-05-26,first_price_breakout_consumed
base8:301096:2024-03-12,301096,2024-03-12,2024-01-31,2024-02-29,71.46309266322928,67.10695553729082,13.271344040574817,0.538755458515283,0.5467434334548197,870087.5,1.0201726290254,2024-03-13,first_price_breakout_consumed
base8:301096:2025-06-26,301096,2025-06-26,2025-05-23,2025-06-16,46.82692323270351,42.49071733790632,20.35040431266846,0.6857002617801042,0.4119445757972942,3461400.0,1.0251077765478,,still_armed_at_cutoff
base8:301097:2024-12-03,301097,2024-12-03,2024-10-31,2024-11-21,49.848483050010906,44.831766257186544,20.03231017770597,0.6745517928286843,0.45730954940753804,796837.5,1.0280157362345,2024-12-11,floor_violated_first
base8:301098:2024-03-15,301098,2024-03-15,2024-02-05,2024-03-05,13.10547908530589,11.757054069592336,14.662756598240456,0.40615141955836026,0.5052244392868191,2514950.0,1.5150842873186,2024-03-18,first_qualified_breakout
base8:301098:2024-11-04,301098,2024-11-04,2024-09-25,2024-10-23,14.386966102249893,12.882246061673065,15.517241379310342,0.593867481203008,0.6897030276020837,8842025.0,1.5354286128335,2024-11-19,expired
base8:301099:2024-05-20,301099,2024-05-20,2024-04-12,2024-05-08,42.39168061512859,39.2346373509272,14.826320248517376,0.6010739333722971,0.45063028125845755,1298737.5,1.0151264515117,2024-05-27,floor_violated_first
base8:301099:2025-05-13,301099,2025-05-13,2025-04-07,2025-04-28,64.84489654080191,60.20275629627023,20.294725956566694,0.3888295029396045,0.4656045845897113,4412112.5,1.3187898421965,2025-05-15,floor_violated_first
base8:301100:2024-03-15,301100,2024-03-15,2024-02-05,2024-03-05,16.432072652906836,15.057486754100454,24.247635425623383,0.5104486196319025,0.6394935204955211,1052343.375,1.0493022128292997,2024-03-18,first_price_breakout_consumed
base8:301100:2024-08-20,301100,2024-08-20,2024-07-18,2024-08-08,14.227181959508213,13.382838816510693,12.256973795435332,0.5845588235294126,0.4375799562734136,1681887.25,1.0554289287469,2024-08-23,floor_violated_first
base8:301103:2024-03-14,301103,2024-03-14,2024-02-02,2024-03-04,35.474660216337305,32.53305659246453,13.611859838274931,0.5308464849354378,0.6555139514985383,1103212.5,1.3493594604921,2024-03-18,first_price_breakout_consumed
base8:301103:2025-05-22,301103,2025-05-22,2025-04-16,2025-05-12,29.831755249163137,28.109624126771966,13.204419889502738,0.5476485148514859,0.5608915158231745,1457600.0,1.3888154212832,2025-06-03,factor_changed_raw_volume_not_comparable
base8:301105:2024-05-21,301105,2024-05-21,2024-04-15,2024-05-09,29.550548862114532,27.16843373493921,17.38403677392395,0.5687777329568373,0.5953953673027955,434912.5,1.0267737617135,2024-06-03,floor_violated_first
base8:301105:2025-05-15,301105,2025-05-15,2025-04-09,2025-04-30,34.561204819276405,32.476854082998,12.914862914862923,0.6547863599013978,0.6506451142188728,921500.0,1.0267737617135,2025-05-22,first_price_breakout_consumed
base8:301106:2024-03-19,301106,2024-03-19,2024-02-07,2024-03-07,38.47240955065437,34.81572805387196,21.89285714285716,0.4417723749119099,0.4602141138004632,810750.0,1.0300511258542,2024-03-22,first_price_breakout_consumed
base8:301107:2024-03-14,301107,2024-03-14,2024-02-02,2024-03-04,26.98887491264889,25.184860237596453,27.76971456216737,0.35316154970760205,0.5135717518473898,2125762.5,1.0192173305381,2024-03-18,first_price_breakout_consumed
base8:301107:2024-11-01,301107,2024-11-01,2024-09-24,2024-10-22,29.58724885354228,26.564338893698217,29.976798143851504,0.48442249240121577,0.6465523399796799,1357587.5,1.0352431369329,2024-11-07,first_qualified_breakout
base8:301107:2025-02-13,301107,2025-02-13,2025-01-03,2025-01-24,29.59760128491161,28.003326854034945,16.455696202531666,0.616300856531049,0.685500766479305,894350.0,1.0352431369329,2025-02-18,first_price_breakout_consumed
base8:301108:2024-10-25,301108,2024-10-25,2024-09-13,2024-10-15,27.33120110661353,25.329567896735014,13.210161662817544,0.4073397737983027,0.6835841216929975,582400.0,1.0479755025542,2024-10-28,first_price_breakout_consumed
base8:301108:2025-05-14,301108,2025-05-14,2025-04-08,2025-04-29,30.517046634378303,28.0962232234781,14.572649572649588,0.45517051705170614,0.5849767498462799,1522187.5,1.0479755025542,2025-05-15,first_price_breakout_consumed
base8:301110:2024-03-14,301110,2024-03-14,2024-02-02,2024-03-04,37.1633105632272,33.50840646651312,17.57534710463935,0.46026894865525625,0.5928930926761541,797125.0,1.023782660144,2024-03-18,first_qualified_breakout
base8:301110:2024-05-17,301110,2024-05-17,2024-04-11,2024-05-07,44.01241655959057,41.21748989739744,21.636107193229858,0.42621448212648894,0.5403925053073492,755162.5,1.023782660144,2024-05-22,first_price_breakout_consumed
base8:301115:2024-03-19,301115,2024-03-19,2024-02-07,2024-03-07,17.11139194751868,16.4433796492672,12.795549374130722,0.5186721991701259,0.6984253728959724,728900.0,1.0277112280792,2024-03-20,first_price_breakout_consumed
base8:301115:2024-10-28,301115,2024-10-28,2024-09-18,2024-10-16,16.189546054870082,15.196840686861089,26.302729528535984,0.4267621145374445,0.634141149474528,3986875.0,1.0560695404351,2024-10-30,floor_violated_first
base8:301116:2024-03-15,301116,2024-03-15,2024-02-05,2024-03-05,10.147475040248551,9.302690200426076,14.405762304921964,0.5079941860465116,0.5581832682077473,2940762.5,1.0056962378839,2024-03-18,first_price_breakout_consumed
base8:301118:2024-03-15,301118,2024-03-15,2024-02-05,2024-03-05,17.293180798792683,15.632371118236362,14.178544636159064,0.43660440122824945,0.6719915001491202,1802550.0,1.0380060503477,2024-03-18,first_price_breakout_consumed
base8:301118:2024-05-22,301118,2024-05-22,2024-04-16,2024-05-10,19.151211628915064,17.230900435771822,23.259052924791092,0.6993306351183062,0.5153670833769133,2003812.5,1.0380060503477,2024-05-24,floor_violated_first
base8:301119:2024-03-15,301119,2024-03-15,2024-02-05,2024-03-05,28.166568353578494,25.601211756319486,39.799331103678924,0.4166666666666664,0.6185724534465405,2368250.0,1.3088554067648,2024-03-18,first_price_breakout_consumed
base8:301119:2024-10-30,301119,2024-10-30,2024-09-20,2024-10-18,28.9433223987952,26.33842338290363,19.455943228858665,0.6051257712387279,0.6935486049577488,2139412.5,1.3156055635816,2024-10-31,first_qualified_breakout
base8:301119:2025-05-28,301119,2025-05-28,2025-04-22,2025-05-16,65.58144376106463,61.77962093433623,51.779141104294446,0.5942999419841429,0.5579795241210267,2359900.0,1.3200773703918,2025-05-29,floor_violated_first
base8:301120:2024-03-22,301120,2024-03-22,2024-02-20,2024-03-12,17.111811915106774,15.511865119838552,46.84684684684684,0.4892732049036782,0.6734271605963958,8754162.5,1.5237588526364,2024-03-25,floor_violated_first
base8:301121:2025-03-14,301121,2025-03-14,2025-02-11,2025-03-04,66.16731749107139,60.338532423537316,24.273504273504297,0.5133989145183171,0.6139017972548778,3457675.0,1.0101880532988,2025-03-21,floor_violated_first
base8:301123:2024-03-14,301123,2024-03-14,2024-02-02,2024-03-04,17.759404640303604,16.282037064059615,16.42208245981831,0.5080049261083754,0.6408049756806286,2858050.0,1.0331241791916,2024-03-18,first_price_breakout_consumed
base8:301123:2025-05-26,301123,2025-05-26,2025-04-18,2025-05-14,22.713002485041564,21.164152429997536,18.196811434854297,0.667134831460674,0.5895917698150127,2948800.0,1.0394966812376,2025-05-27,floor_violated_first
base8:301125:2024-05-22,301125,2024-05-22,2024-04-16,2024-05-10,21.212386511871312,19.75825118208225,21.01576182136604,0.6682746878547091,0.5688581945354698,1342475.0,1.4991085874114,2024-05-24,floor_violated_first
base8:301125:2025-06-04,301125,2025-06-04,2025-04-28,2025-05-22,28.6433290114519,26.751986670270192,15.221238938053073,0.6201644100580275,0.6402993836219548,4581150.0,2.1014914902019,2025-06-10,floor_violated_first
base8:301127:2024-03-15,301127,2024-03-15,2024-02-05,2024-03-05,9.383438969536261,8.757876371567177,15.8311345646438,0.44595926412615006,0.49038639349378,3394350.0,1.0089719322082,2024-03-18,first_price_breakout_consumed
base8:301127:2024-05-21,301127,2024-05-21,2024-04-15,2024-05-09,10.74555107801733,9.918194093606607,14.925373134328336,0.5423328488372072,0.6267609323582254,4944400.0,1.0089719322082,2024-05-28,first_price_breakout_consumed
base8:301129:2024-05-22,301129,2024-05-22,2024-04-16,2024-05-10,30.979246107702483,29.13524336319638,14.344543582704183,0.6847826086956516,0.6448721341526387,999087.5,1.8440027445061,2024-05-24,floor_violated_first
base8:301129:2025-05-23,301129,2025-05-23,2025-04-17,2025-05-13,43.81575920670189,39.83081553044426,17.221341785525635,0.6377180232558146,0.6721541154343359,2575475.0,1.8621232132045,2025-05-29,first_qualified_breakout
base8:301130:2024-03-18,301130,2024-03-18,2024-02-06,2024-03-06,24.120105531621046,21.71818707282364,30.959387875220724,0.5428493449781645,0.5457156153270132,1200025.0,1.0092094364695,2024-03-20,first_price_breakout_consumed
base8:301130:2024-11-05,301130,2024-11-05,2024-09-26,2024-10-24,27.45171908031518,25.47340054332367,12.60683760683763,0.4061850311850309,0.6574795385070507,1155700.0,1.0197518231915,2024-11-11,first_qualified_breakout
base8:301132:2024-03-14,301132,2024-03-14,2024-02-02,2024-03-04,24.277161096507726,21.958783327074755,24.973089343380007,0.45487160120845943,0.6948610837309602,4605687.5,1.0123920390537,2024-03-18,first_qualified_breakout
base8:301133:2024-03-15,301133,2024-03-15,2024-02-05,2024-03-05,24.460044872587197,22.1905561730688,23.093922651933706,0.42652346707040073,0.6021005640793319,2002450.0,1.0086616442304,2024-03-18,first_price_breakout_consumed
base8:301133:2024-05-21,301133,2024-05-21,2024-04-15,2024-05-09,23.592595858549057,22.089690008645757,14.792899408284011,0.5316511085180882,0.5319322073196833,1192975.0,1.0086616442304,2024-05-23,floor_violated_first
base8:301135:2025-06-04,301135,2025-06-04,2025-04-28,2025-05-22,29.743535892342823,26.661951494676224,20.493609519612143,0.41826396495071216,0.41430974990593394,2840875.0,1.0410758100225,2025-06-10,factor_changed_raw_volume_not_comparable
base8:301137:2024-03-19,301137,2024-03-19,2024-02-07,2024-03-07,15.915537295634406,14.865273413181376,38.85350318471339,0.4489247311827954,0.588928431509087,3016487.5,1.0098691177433,2024-03-20,first_price_breakout_consumed
base8:301138:2024-05-22,301138,2024-05-22,2024-04-16,2024-05-10,27.088178398105686,25.717959257345477,22.614503816793885,0.5435635792778644,0.41795907728398285,1069000.0,1.0540147236617,2024-05-23,floor_violated_first
base8:301138:2024-10-30,301138,2024-10-30,2024-09-20,2024-10-18,31.516356490260037,29.433254845527095,28.519527702089007,0.49365633514986373,0.6545657323439016,2415125.0,1.0793272770637,2024-11-01,floor_violated_first
base8:301148:2024-10-30,301148,2024-10-30,2024-09-20,2024-10-18,21.759293815924735,20.059348986555612,24.85322896281803,0.4454419889502761,0.6489898089591206,2366437.5,1.0624655183557,2024-11-01,floor_violated_first
base8:301149:2024-10-22,301149,2024-10-22,2024-09-10,2024-10-10,10.412231735573508,9.721519333312692,21.25603864734298,0.6793802145411195,0.6904398861447573,5051875.0,1.0309140332251,2024-10-28,first_price_breakout_consumed
base8:301149:2025-03-21,301149,2025-03-21,2025-02-18,2025-03-11,12.92945907139677,11.985172734721726,19.25777331995986,0.6382978723404262,0.6822774225737305,9845900.0,1.0376772930495,2025-03-24,floor_violated_first
base8:301151:2024-03-15,301151,2024-03-15,2024-02-05,2024-03-05,16.88822218420195,15.55196601624927,22.697899838449096,0.4980842911877413,0.613951643284079,2433712.5,1.0278893599636,2024-03-20,first_price_breakout_consumed
base8:301151:2024-10-29,301151,2024-10-29,2024-09-19,2024-10-17,18.579049295729497,16.922654781573033,23.84905660377359,0.5285850081477449,0.6506332838748509,6010437.5,1.0550283529659,2024-10-30,floor_violated_first
base8:301152:2024-03-21,301152,2024-03-21,2024-02-19,2024-03-11,29.090161662817188,27.368314087759472,16.803278688524582,0.48394448946515445,0.5992358123281287,3026025.0,1.0069284064665,2024-03-22,floor_violated_first
base8:301156:2024-03-15,301156,2024-03-15,2024-02-05,2024-03-05,21.456465116278842,19.402733850128993,23.88737511353316,0.4764437689969608,0.5066020034538816,1333775.0,1.4361757105943,2024-03-18,first_price_breakout_consumed
base8:301156:2025-05-08,301156,2025-05-08,2025-04-01,2025-04-23,40.03636602679155,36.1201782767825,29.129886506935687,0.26838325558556325,0.39587832233067916,6127837.5,1.9010620145675001,2025-05-15,first_price_breakout_consumed
base8:301157:2024-05-21,301157,2024-05-21,2024-04-15,2024-05-09,36.01519216277362,33.32509419743825,18.106312292358794,0.6215647543799375,0.6338854348170442,640275.0,1.0037678975132,2024-05-27,first_qualified_breakout
base8:301157:2024-10-31,301157,2024-10-31,2024-09-23,2024-10-21,39.48159405954765,35.96383140272301,36.24439074905075,0.41587089381207,0.6770134338210543,1032450.0,1.0079549159956,2024-11-01,floor_violated_first
base8:301157:2025-03-11,301157,2025-03-11,2025-02-06,2025-02-27,65.2650808107151,58.41098738194503,23.232521602513746,0.6331605222734255,0.5123261285046967,3021962.5,1.0079549159956,2025-03-14,floor_violated_first
base8:301158:2024-03-15,301158,2024-03-15,2024-02-05,2024-03-05,13.700327940815852,12.76667596262692,27.05410821643286,0.430765805877115,0.6445205640232067,2379600.0,1.0148391067271,2024-03-18,first_price_breakout_consumed
base8:301159:2024-10-29,301159,2024-10-29,2024-09-19,2024-10-17,38.811257237466194,35.16766929141776,34.49450965543357,0.5945397111913355,0.6881662866977687,3777175.0,1.0065160071957,2024-10-30,floor_violated_first
base8:301159:2025-05-22,301159,2025-05-22,2025-04-16,2025-05-12,31.896492268031736,29.843199613352503,15.903165735567981,0.6137088204038257,0.6267545778751844,1079075.0,1.0065160071957,2025-05-23,floor_violated_first
base8:301160:2024-03-13,301160,2024-03-13,2024-02-01,2024-03-01,38.3740492170028,34.98261297539201,13.913043478260857,0.5376440922190202,0.6136502782931355,1102525.0,1.0371364653244,2024-03-15,first_qualified_breakout
base8:301160:2024-05-17,301160,2024-05-17,2024-04-11,2024-05-07,46.28740044742797,43.020420581656104,16.158696794534944,0.6504154879773701,0.554485826432177,1234662.5,1.0371364653244,2024-05-27,floor_violated_first
base8:301160:2024-12-27,301160,2024-12-27,2024-11-26,2024-12-17,69.43500266215604,62.765923821902994,20.16484569676058,0.5939635932487095,0.5411705283067532,2517850.0,1.0636489378394,2024-12-30,floor_violated_first
base8:301161:2024-03-15,301161,2024-03-15,2024-02-05,2024-03-05,16.42647193062544,15.348169785486224,16.226415094339618,0.42094146047072917,0.606100384440596,986937.5,1.0077590141488,2024-03-18,first_price_breakout_consumed
base8:301161:2024-11-11,301161,2024-11-11,2024-10-09,2024-10-30,21.22216878811981,19.522776816525848,17.748659916617026,0.484154929577466,0.5303979211213375,4264862.5,1.0115428402345,2024-11-13,first_qualified_breakout
base8:301163:2024-03-19,301163,2024-03-19,2024-02-07,2024-03-07,23.07519417475656,20.917880258899025,75.96006144393239,0.3374363327674023,0.6831362443140477,3480187.5,1.0080906148867,2024-03-20,first_price_breakout_consumed
base8:301163:2024-05-22,301163,2024-05-22,2024-04-16,2024-05-10,24.708300970873015,22.228398058251734,17.181274900398424,0.6907051282051276,0.6674902622029346,3643237.5,1.0080906148867,2024-05-24,floor_violated_first
base8:301163:2024-11-04,301163,2024-11-04,2024-09-25,2024-10-23,24.869421831600807,22.593721762480175,40.10039040713889,0.48286659161272183,0.6221925089330562,3625312.5,1.0204933045384,2024-11-11,first_price_breakout_consumed
base8:301165:2024-11-04,301165,2024-11-04,2024-09-25,2024-10-23,55.0726803363569,50.46093659144278,53.125953034461745,0.6178534303534303,0.6927982811394806,4427175.0,1.0317100100479,2024-11-11,first_price_breakout_consumed
base8:301166:2024-03-14,301166,2024-03-14,2024-02-02,2024-03-04,33.168111773208025,30.404958454226,16.187989556135783,0.4014989293361884,0.5382359573889263,1002425.0,1.0271945423725,2024-03-28,floor_violated_first
base8:301167:2024-03-15,301167,2024-03-15,2024-02-05,2024-03-05,17.972991712008266,16.7207167550354,18.956870611835484,0.3858218318695108,0.4932230312825989,2392437.5,1.4230397238328,2024-03-18,first_qualified_breakout
base8:301167:2024-10-30,301167,2024-10-30,2024-09-20,2024-10-18,20.93201089537669,19.295113157537543,24.06749555950267,0.3985507246376821,0.6241164846237753,4253125.0,1.4485820688842,2024-11-01,floor_violated_first
base8:301167:2025-02-20,301167,2025-02-20,2025-01-10,2025-02-10,20.323606426445323,19.164740771337964,13.552188552188538,0.6552863436123344,0.6244517794633223,1547212.5,1.4485820688842,2025-03-07,expired
base8:301170:2024-03-18,301170,2024-03-18,2024-02-06,2024-03-06,25.68,23.37,31.36315228966986,0.40941455696202556,0.6388302870045458,1708862.5,1.0,2024-03-19,first_price_breakout_consumed
base8:301170:2024-05-22,301170,2024-05-22,2024-04-16,2024-05-10,24.23,23.23,18.73479318734792,0.6016483516483521,0.6791451437307452,977312.5,1.0,2024-05-24,first_qualified_breakout
base8:301172:2024-03-21,301172,2024-03-21,2024-02-19,2024-03-11,38.10256884681755,34.71166092943358,18.433333333333344,0.47878590078328964,0.6929681001609576,3848925.0,1.0032271944923,2024-03-25,floor_violated_first
base8:301175:2024-03-15,301175,2024-03-15,2024-02-05,2024-03-05,5.024141821111993,4.711394037066868,13.834951456310684,0.56799674267101,0.6136795002302351,13958062.5,1.0088638195004,2024-04-01,expired
base8:301175:2024-10-31,301175,2024-10-31,2024-09-23,2024-10-21,5.897809719861531,5.558145285733381,29.411764705882337,0.3947368421052632,0.6303866594662219,35151612.5,1.0292861640247,2024-11-05,first_qualified_breakout
base8:301176:2024-03-15,301176,2024-03-15,2024-02-05,2024-03-05,12.319106933020535,11.111351351351855,25.307950727883544,0.588968957871397,0.5561056756215768,1833625.0,1.0064629847239,2024-03-18,first_price_breakout_consumed
base8:301176:2025-02-13,301176,2025-02-13,2025-01-03,2025-01-24,18.50885428907252,16.707285546416742,12.402088772845943,0.548025928108426,0.5063551799731608,2890312.5,1.0064629847239,2025-02-26,first_price_breakout_consumed
base8:301177:2024-03-15,301177,2024-03-15,2024-02-05,2024-03-05,27.02502403852032,25.177610285887095,21.66918049270987,0.5460750853242331,0.6338168026582807,901587.5,1.0556650015047,2024-03-18,first_price_breakout_consumed
base8:301177:2024-10-30,301177,2024-10-30,2024-09-20,2024-10-18,25.81761054734838,24.13973648661924,25.984251968503933,0.4313261163734778,0.659292553254932,1474037.5,1.0824993940188,2024-11-01,floor_violated_first
base8:301177:2025-04-02,301177,2025-04-02,2025-02-28,2025-03-21,32.226006959939674,30.201733093124517,14.319066147859916,0.5496231155778889,0.4233721420676014,1746562.5,1.0824993940188,2025-04-07,floor_violated_first
base8:301178:2024-03-15,301178,2024-03-15,2024-02-05,2024-03-05,33.47258172142601,30.074350074580725,26.420620972466313,0.47500000000000003,0.5676505298401525,2007375.0,1.4159298528522,2024-03-18,first_qualified_breakout
base8:301179:2024-03-18,301179,2024-03-18,2024-02-06,2024-03-06,45.87518098397827,43.01490220179137,36.38904415874791,0.4710545722713869,0.6921399684087257,2033175.0,1.845341149798,2024-03-22,floor_violated_first
base8:301180:2024-03-13,301180,2024-03-13,2024-02-01,2024-03-01,14.850357452232029,13.653883155132766,14.598540145985407,0.44734904270986786,0.5854871961401871,3672062.5,1.0054405857977,2024-03-19,first_price_breakout_consumed
base8:301180:2025-05-19,301180,2025-05-19,2025-04-11,2025-05-07,14.260447176800833,13.424559383245416,15.029888983774553,0.6401273885350327,0.6526644765001494,3100500.0,1.0070937271752,2025-05-26,floor_violated_first
base8:301181:2024-03-15,301181,2024-03-15,2024-02-05,2024-03-05,30.987231616975503,28.184908062049026,32.16656608328303,0.41401571856287434,0.6457971406601544,1511725.0,1.3472709398685,2024-03-18,first_price_breakout_consumed
base8:301181:2025-03-17,301181,2025-03-17,2025-02-12,2025-03-05,36.54379739118556,34.0110589581331,19.379844961240323,0.5778240499739714,0.6726865512519302,3386187.5,1.3916145236552,2025-03-19,first_qualified_breakout
base8:301182:2024-03-15,301182,2024-03-15,2024-02-05,2024-03-05,16.978455021680592,15.34062922270481,28.583333333333314,0.48500722543352626,0.5051266115330801,1617375.0,1.0172831049539,2024-03-18,first_qualified_breakout
base8:301185:2024-10-28,301185,2024-10-28,2024-09-18,2024-10-16,20.717573409347427,18.612963622966742,27.399165507649492,0.5357142857142864,0.6464415191717063,7349962.5,1.0266389201857,2024-11-01,floor_violated_first
base8:301186:2024-05-22,301186,2024-05-22,2024-04-16,2024-05-10,34.60126784141196,32.898228722780715,17.22820423758251,0.6893520843797093,0.573191954261236,663687.5,1.019783903372,2024-05-24,floor_violated_first
base8:301187:2025-02-10,301187,2025-02-10,2024-12-30,2025-01-21,44.98294338653586,40.95613526492269,17.114397826743133,0.6643670496512105,0.69545676433228,4416475.0,1.1279574570345,2025-02-13,floor_violated_first
base8:301187:2025-03-19,301187,2025-03-19,2025-02-14,2025-03-07,48.7277621438904,44.39640550887791,18.607242339832887,0.5583371480888076,0.6326227934473329,3969387.5,1.1279574570345,2025-03-28,floor_violated_first
base8:301188:2024-03-21,301188,2024-03-21,2024-02-19,2024-03-11,19.440520912592902,18.10014815493518,21.786197564276044,0.6382705479452051,0.6418918599907839,2265912.5,1.0231853111891,2024-03-25,floor_violated_first
base8:301188:2024-05-24,301188,2024-05-24,2024-04-18,2024-05-14,19.83956318395665,17.844351827137906,25.795531482735278,0.6511454183266941,0.6293018706324334,3232912.5,1.0231853111891,2024-05-27,floor_violated_first
base8:301189:2024-10-25,301189,2024-10-25,2024-09-13,2024-10-15,25.945802564342653,23.80143737003153,21.994884910485936,0.4871166950596249,0.6988864797933217,1828725.0,1.0162868219484,2024-11-01,floor_violated_first
base8:301189:2025-03-07,301189,2025-03-07,2025-01-27,2025-02-25,28.313750859482425,25.8543367503673,17.31843575418994,0.6678211586901763,0.518458088598241,2366775.0,1.0162868219484,2025-03-24,expired
base8:301189:2025-05-19,301189,2025-05-19,2025-04-11,2025-05-07,26.840134967657246,24.878701401296833,15.391705069124416,0.6762295081967207,0.6657356057714949,1093200.0,1.0162868219484,2025-05-22,floor_violated_first
base8:301190:2024-05-22,301190,2024-05-22,2024-04-16,2024-05-10,18.767804236343203,17.43884080122917,14.076433121019116,0.6865050651230101,0.5878175041918974,1070400.0,1.0144759046672,2024-05-29,floor_violated_first
base8:301190:2024-10-24,301190,2024-10-24,2024-09-12,2024-10-14,15.826623145992366,14.70860504948351,17.811501597444092,0.5674528301886791,0.6855564914697369,1473137.5,1.0257046756962,2024-10-25,first_price_breakout_consumed
base8:301190:2025-03-26,301190,2025-03-26,2025-02-21,2025-03-14,20.71923444906324,18.985793547136666,28.015315890236113,0.5794341675734496,0.5476950493498355,2563687.5,1.0257046756962,2025-03-27,first_price_breakout_consumed
base8:301192:2024-03-22,301192,2024-03-22,2024-02-20,2024-03-12,17.956170770037374,16.27877946568948,25.15015015015014,0.6519784172661867,0.6559147457992245,2029837.5,1.0104766893662,2024-03-25,floor_violated_first
base8:301192:2024-05-21,301192,2024-05-21,2024-04-15,2024-05-09,16.36972236773244,15.187464641173985,18.970588235294116,0.6070804195804198,0.47754474255773427,1037787.5,1.0104766893662,2024-05-27,floor_violated_first
base8:301192:2024-10-25,301192,2024-10-25,2024-09-13,2024-10-15,18.58017473108656,16.965396069088943,17.188587334725124,0.4067128523650262,0.65563601446619,1597750.0,1.0220118113909,2024-10-29,first_price_breakout_consumed
base8:301192:2025-02-19,301192,2025-02-19,2025-01-09,2025-02-07,23.761774614838426,21.97325394490435,27.345082433200663,0.6101332064700283,0.647179349656921,2433437.5,1.0220118113909,2025-02-24,floor_violated_first
base8:301193:2024-10-23,301193,2024-10-23,2024-09-11,2024-10-11,26.97640831557424,24.83803448568116,14.338235294117663,0.5583220796758949,0.6932827503911922,1231700.0,1.6449029460716,2024-10-28,first_qualified_breakout
base8:301195:2024-03-19,301195,2024-03-19,2024-02-07,2024-03-07,67.51246985658226,61.125335067903336,28.119122257053284,0.6313617606602475,0.6267917619797392,1406562.5,1.5171341540805,2024-03-22,floor_violated_first
base8:301195:2024-11-04,301195,2024-11-04,2024-09-25,2024-10-23,53.22099497536606,47.937629826428704,26.996197718631176,0.5115094070695554,0.6860249028670261,2210637.5,1.5493739439699,2024-11-11,first_qualified_breakout
base8:301196:2024-03-15,301196,2024-03-15,2024-02-05,2024-03-05,31.05614298053297,29.645443098985716,20.891130727196305,0.4017857142857142,0.4771742514659333,367825.0,1.0372793246671,2024-03-18,first_qualified_breakout
base8:301197:2024-03-15,301197,2024-03-15,2024-02-05,2024-03-05,13.99857142857186,12.763403361344933,24.5664739884393,0.4687499999999997,0.5656159032314266,1926212.5,1.0042016806723,2024-03-18,first_price_breakout_consumed
base8:301197:2024-05-23,301197,2024-05-23,2024-04-17,2024-05-13,13.707352941176895,13.004411764706283,13.054830287206265,0.5893456375838936,0.6646899922611396,1368512.5,1.0042016806723,2024-05-24,floor_violated_first
base8:301197:2024-11-15,301197,2024-11-15,2024-10-15,2024-11-05,17.173160317864944,15.87783649895704,13.884892086330947,0.4642221657346217,0.4002904256978014,3422750.0,1.0119717335218,2024-11-18,floor_violated_first
base8:301198:2024-03-15,301198,2024-03-15,2024-02-05,2024-03-05,15.745497333411405,14.127927115552747,16.901408450704245,0.4570537428023027,0.4970723524865773,3263137.5,1.7208193807007,2024-03-18,first_price_breakout_consumed
base8:301199:2024-05-17,301199,2024-05-17,2024-04-11,2024-05-07,26.144338786735922,23.72915737456632,19.84126984126984,0.4549522673031028,0.6252242873085917,3170900.0,1.006325588404,2024-05-27,floor_violated_first
base8:301199:2025-05-28,301199,2025-05-28,2025-04-22,2025-05-16,36.23316648459454,34.365997738173924,21.047297297297284,0.6901178010471208,0.47519745134178243,1500550.0,1.0092804034706,2025-06-05,factor_changed_raw_volume_not_comparable
base8:301200:2024-03-12,301200,2024-03-12,2024-01-31,2024-02-29,38.581403778819165,36.32145047451054,23.79089615931722,0.39158950617283944,0.42487009206171483,1173510.625,1.0813173704826,2024-03-25,floor_violated_first
base8:301201:2024-11-04,301201,2024-11-04,2024-09-25,2024-10-23,37.2897514138821,33.78051359393014,20.044918585064565,0.5580577492596246,0.6651221885813149,2050350.0,1.6398307569869,2024-11-11,first_qualified_breakout
base8:301203:2024-03-15,301203,2024-03-15,2024-02-05,2024-03-05,34.85305785124011,31.34380165289296,21.050537206526077,0.5453635757171436,0.6378052966429455,879525.0,1.0413223140496,2024-04-01,expired
base8:301203:2024-10-30,301203,2024-10-30,2024-09-20,2024-10-18,33.716252725658684,31.597382291976214,21.693783896537354,0.36846167816927056,0.6739009515664973,619912.5,1.0922012544755,2024-11-01,floor_violated_first
base8:301206:2024-05-24,301206,2024-05-24,2024-04-18,2024-05-14,46.32846360208938,43.44753393271575,20.483870967741936,0.4145454545454543,0.6260338451359063,2119387.5,1.5572592807425,2024-05-29,factor_changed_raw_volume_not_comparable
base8:301207:2024-03-12,301207,2024-03-12,2024-01-31,2024-02-29,38.56139394349939,36.060360138201666,13.826366559485525,0.46682098765432234,0.5949046467093803,2108350.0,1.5157780638168,2024-03-25,floor_violated_first
base8:301210:2024-05-28,301210,2024-05-28,2024-04-22,2024-05-16,36.8,33.26,19.920053297801466,0.6494604974396484,0.6691544284835353,1000600.0,1.0,2024-06-03,floor_violated_first
base8:301210:2024-10-22,301210,2024-10-22,2024-09-10,2024-10-10,34.32282173498562,31.398951382268752,25.762195121951237,0.5508967688937567,0.6897895706607995,1350212.5,1.0047664442326,2024-10-23,first_price_breakout_consumed
base8:301212:2024-11-04,301212,2024-11-04,2024-09-25,2024-10-23,23.02405401181436,20.58102019335167,22.48018120045301,0.5044092647683799,0.6580251999550885,1328412.5,1.0264847976734,2024-11-12,first_price_breakout_consumed
base8:301212:2025-06-03,301212,2025-06-03,2025-04-25,2025-05-21,29.7680591325286,27.201847138345098,22.777307366638432,0.34760311540149247,0.32665655644884667,2780775.0,1.0264847976734,2025-06-10,first_qualified_breakout
base8:301215:2024-03-19,301215,2024-03-19,2024-02-07,2024-03-07,5.841003290755436,5.405711884338654,22.74774774774775,0.43762575452716257,0.6606404672933341,17992825.0,1.0123055963181,2024-03-26,floor_violated_first
base8:301215:2024-11-04,301215,2024-11-04,2024-09-25,2024-10-23,7.078035208506703,6.36920439662432,29.038461538461526,0.4663337628865976,0.6888258154842033,29572500.0,1.0272910317136,2024-11-15,factor_changed_raw_volume_not_comparable
base8:301216:2024-10-24,301216,2024-10-24,2024-09-12,2024-10-14,17.677422364903272,16.40811532994524,15.173867228661742,0.519412381951732,0.6947779252226645,4202512.5,1.5479354084854,2024-10-25,first_price_breakout_consumed
base8:301218:2024-10-31,301218,2024-10-31,2024-09-23,2024-10-21,38.3274890553558,35.0025491530773,39.02439024390243,0.43182501503307275,0.6230768364804419,4981275.0,1.5113363192175,2024-11-01,floor_violated_first
base8:301219:2024-05-21,301219,2024-05-21,2024-04-15,2024-05-09,117.04030611981263,106.88947497253525,19.67545638945234,0.63650747986191,0.5151130136040553,5844537.5,2.4459834089825,2024-05-23,floor_violated_first
base8:301219:2025-03-26,301219,2025-03-26,2025-02-21,2025-03-14,151.96766102715887,140.2350495934481,31.527415143603132,0.6169707091469687,0.6446969166619266,9823075.0,2.5285800503687,2025-03-27,floor_violated_first
base8:301220:2024-12-09,301220,2024-12-09,2024-11-06,2024-11-27,37.73759934625085,34.69014852421175,15.313835031219192,0.6755350772889418,0.4822790321205166,2149000.0,1.0158169406797,2024-12-18,floor_violated_first
base8:301221:2024-05-22,301221,2024-05-22,2024-04-16,2024-05-10,37.98097198377375,36.44147658603145,12.667660208643827,0.5088552361396302,0.5001363089418666,1596075.0,1.0128259195673,2024-05-24,floor_violated_first
base8:301222:2024-05-22,301222,2024-05-22,2024-04-16,2024-05-10,26.4750436647606,24.772334974164234,26.917138445702516,0.6063148261134832,0.6767339417844701,940200.0,1.0382370064612,2024-06-04,floor_violated_first
base8:301223:2024-10-28,301223,2024-10-28,2024-09-18,2024-10-16,18.24457037126446,17.366434198242104,23.563218390804575,0.37250830564784115,0.6889558159011219,1497225.0,1.0331013800263,2024-11-12,expired
base8:301225:2024-03-19,301225,2024-03-19,2024-02-07,2024-03-07,30.96,29.07,48.87365328109694,0.43457182748991613,0.6242900973778621,1802775.0,1.0,2024-03-25,floor_violated_first
base8:301226:2024-05-27,301226,2024-05-27,2024-04-19,2024-05-15,28.386307305100352,26.560287536936,13.453815261044188,0.5724489795918376,0.5738627734527182,1738150.0,1.6600179710585,2024-05-29,first_qualified_breakout
base8:301226:2024-08-14,301226,2024-08-14,2024-07-12,2024-08-02,36.973486719213284,33.186943928215115,21.98421645997748,0.3083453757225439,0.40646861362347625,5189775.0,1.6829079071103,2024-08-16,first_price_breakout_consumed
base8:301227:2024-03-18,301227,2024-03-18,2024-02-06,2024-03-06,28.973762259708614,26.427646135738527,16.29494765589441,0.6722861842105261,0.6508385335413417,1001250.0,1.0392310710082,2024-04-02,expired
base8:301227:2024-10-30,301227,2024-10-30,2024-09-20,2024-10-18,20.497182501201767,18.384836919772898,19.780971937029435,0.5140027322404365,0.5233083647757928,1881625.0,1.0614801916728,2024-11-14,expired
base8:301228:2024-05-22,301228,2024-05-22,2024-04-16,2024-05-10,11.885053763440936,10.814692082111506,19.198312236286917,0.622012428298279,0.5181928284150072,2729750.0,1.0097751710655,2024-05-24,floor_violated_first
base8:301228:2024-10-30,301228,2024-10-30,2024-09-20,2024-10-18,14.116656891495692,12.824144672531851,15.489130434782616,0.5586316747572816,0.6207917376055948,5595825.0,1.0097751710655,2024-11-01,floor_violated_first
base8:301228:2025-02-14,301228,2025-02-14,2025-01-06,2025-01-27,15.540439882698047,14.742717497556301,22.68835616438356,0.6182212581344904,0.6249330122531394,3615012.5,1.0097751710655,2025-02-18,floor_violated_first
base8:301232:2024-03-19,301232,2024-03-19,2024-02-07,2024-03-07,43.40731308860115,40.20887949259896,34.20965058236274,0.4188195548489672,0.6784314388051632,669250.0,1.0153757447626,2024-03-21,first_price_breakout_consumed
base8:301232:2025-03-19,301232,2025-03-19,2025-02-14,2025-03-07,42.27287863442064,39.38804029517977,14.621716973735776,0.6262966804979251,0.6574406037785308,1605150.0,1.4281377917034,2025-03-24,floor_violated_first
base8:301232:2025-05-19,301232,2025-05-19,2025-04-11,2025-05-07,42.38712965775691,39.11669411475613,19.87012987012986,0.5669724770642198,0.6291010179057345,3121075.0,1.4281377917034,2025-05-23,floor_violated_first
base8:301233:2024-05-22,301233,2024-05-22,2024-04-16,2024-05-10,42.75028779157797,38.178990049635004,26.880355442716585,0.6622620240480963,0.6446781604423132,1863287.5,1.0181064013236,2024-05-27,floor_violated_first
base8:301233:2024-11-01,301233,2024-11-01,2024-09-24,2024-10-22,45.473604823588936,41.09619099572364,27.304550758459744,0.53015681544029,0.6706485020160429,1360562.5,1.0299797242036,2024-11-08,first_price_breakout_consumed
base8:301234:2024-05-22,301234,2024-05-22,2024-04-16,2024-05-10,25.488857743517418,24.166082690959627,23.80718150516481,0.6745647969052215,0.6193247905046393,937137.5,1.0175192711983,2024-05-23,floor_violated_first
base8:301234:2024-11-01,301234,2024-11-01,2024-09-24,2024-10-22,28.360563619983175,26.64834517969879,22.883720930232563,0.40343533487297967,0.666276530813418,1644712.5,1.0377081456269,2024-11-04,first_qualified_breakout
base8:301235:2024-03-14,301235,2024-03-14,2024-02-02,2024-03-04,20.793170169044625,18.6192472472084,13.444893248701684,0.456645146927871,0.5543256342367762,1338537.5,1.0064457971464,2024-03-18,first_qualified_breakout
base8:301235:2024-05-22,301235,2024-05-22,2024-04-16,2024-05-10,20.632138841501202,19.32375930521088,15.244596131968159,0.5892437304075235,0.5364207730241327,1050787.5,1.0064457971464,2024-05-23,floor_violated_first
base8:301235:2024-10-31,301235,2024-10-31,2024-09-23,2024-10-21,20.823004289532058,19.5278903201151,20.739348370927303,0.5256696428571427,0.693294984311764,1524625.0,1.011807788607,2024-11-07,first_price_breakout_consumed
base8:301235:2025-05-26,301235,2025-05-26,2025-04-18,2025-05-14,25.27495855940286,23.40311415047991,23.248730964467,0.6666449765747015,0.49699049659823524,2676512.5,1.011807788607,2025-05-29,factor_changed_raw_volume_not_comparable
base8:301237:2024-03-15,301237,2024-03-15,2024-02-05,2024-03-05,22.747118536051758,20.43760580568767,16.805225653206655,0.5056561085972846,0.6262010708582108,629987.5,1.0545720229973,2024-03-18,first_price_breakout_consumed
base8:301237:2024-10-24,301237,2024-10-24,2024-09-12,2024-10-14,26.45205281736654,24.15325607673036,26.49391856160761,0.48185483870967777,0.654522635395929,859187.5,1.0593533366987,2024-10-28,first_qualified_breakout
base8:301238:2025-03-14,301238,2025-03-14,2025-02-11,2025-03-04,22.19245328875788,20.09825018409268,43.94822006472492,0.436289793239252,0.49318588942939784,23007187.5,1.0166034488666,2025-03-21,floor_violated_first
base8:301246:2024-03-14,301246,2024-03-14,2024-02-02,2024-03-04,22.54698450536409,21.012425506555946,14.59740259740261,0.5313479623824446,0.6221496833788416,856725.0,1.0029797377831,2024-03-18,first_price_breakout_consumed
base8:301251:2024-11-14,301251,2024-11-14,2024-10-14,2024-11-04,37.65368654032296,33.86621593581342,13.743279569892453,0.5415913784202373,0.5451039623393674,5961787.5,1.004634112602,2024-11-18,floor_violated_first
base8:301252:2024-11-04,301252,2024-11-04,2024-09-25,2024-10-23,43.184384858043,38.6075782577034,21.53316106804479,0.5495802728226645,0.6773801476414525,2017500.0,1.476389225916,2024-11-11,first_qualified_breakout
base8:301252:2025-05-20,301252,2025-05-20,2025-04-14,2025-05-08,53.32717884008592,50.197233681144006,18.38741396263519,0.6816436251920108,0.679313818737016,1628437.5,1.476389225916,2025-05-23,floor_violated_first
base8:301255:2024-05-22,301255,2024-05-22,2024-04-16,2024-05-10,52.081857178904976,48.85032147363119,15.35911602209945,0.6464350180505419,0.6128139725908953,945000.0,1.6403734544537,2024-05-24,floor_violated_first
base8:301257:2024-03-12,301257,2024-03-12,2024-01-31,2024-02-29,51.64635312822765,46.40149047073968,13.376533209905105,0.562368605466013,0.61144517859876,1411537.5,1.0028418083151,2024-03-13,first_price_breakout_consumed
base8:301258:2024-03-15,301258,2024-03-15,2024-02-05,2024-03-05,27.55521937401699,25.393824843192608,21.432003844305637,0.4959562321598481,0.6571809369951535,1016987.5,1.0243575975471,2024-03-20,first_qualified_breakout
base8:301259:2024-04-12,301259,2024-04-12,2024-03-08,2024-03-29,31.617031967838354,28.898706180954086,21.677957269411152,0.5853521478521473,0.4643714133112934,1588175.0,1.3195756247011,2024-04-15,floor_violated_first
base8:301259:2025-06-18,301259,2025-06-18,2025-05-15,2025-06-06,67.8921658908716,60.96439386119082,17.669623591464866,0.6218660458452726,0.6256877982495709,2986837.5,1.3195756247011,2025-06-19,floor_violated_first
base8:301260:2024-05-28,301260,2024-05-28,2024-04-22,2024-05-16,16.74531517307726,15.371597700794874,54.03899721448471,0.48315047021943625,0.5836733004887737,5994675.0,1.0027134834178,2024-05-29,floor_violated_first
base8:301260:2025-06-12,301260,2025-06-12,2025-05-09,2025-05-30,21.377851466467497,19.733401353662302,33.58730158730159,0.2841948764867342,0.40489851879593225,12462012.5,1.0027134834178,2025-06-13,floor_violated_first
base8:301262:2024-03-15,301262,2024-03-15,2024-02-05,2024-03-05,31.19128634010259,28.24481083233685,40.23809523809525,0.4679439941046425,0.6218673045218786,5990000.0,1.0338510553564,2024-03-20,first_qualified_breakout
base8:301263:2024-08-19,301263,2024-08-19,2024-07-17,2024-08-07,27.427128902514667,25.678483123560163,13.751017087062657,0.6690871369294588,0.6756291336399795,2388362.5,1.9007019336462,2024-08-21,floor_violated_first
base8:301263:2025-06-30,301263,2025-06-30,2025-05-27,2025-06-18,67.77573989027161,62.06871234370451,28.714710252600263,0.6998872286439247,0.6129757084156907,10539937.5,1.9151099149554,,still_armed_at_cutoff
base8:301265:2024-10-31,301265,2024-10-31,2024-09-23,2024-10-21,10.00820512820496,9.428461538461379,24.805194805194787,0.45481569560047586,0.6590340875958842,3315187.5,1.017094017094,2024-11-07,first_qualified_breakout
base8:301270:2024-03-12,301270,2024-03-12,2024-01-31,2024-02-29,33.50045248868924,29.968778280544292,16.93667157584684,0.47151035986913875,0.6599121475131243,3717487.5,1.0090497737557,2024-03-20,first_price_breakout_consumed
base8:301270:2024-09-13,301270,2024-09-13,2024-08-13,2024-09-03,27.41495581727532,24.929196763694012,15.486523526724527,0.6963796253997266,0.6409612756385845,2401237.5,1.0229461125849,2024-09-25,first_qualified_breakout
base8:301279:2024-05-22,301279,2024-05-22,2024-04-16,2024-05-10,19.10700685453125,18.34272658035,23.344262295081954,0.5706521739130431,0.5152714617566406,802975.0,1.019040365575,2024-05-23,floor_violated_first
base8:301279:2024-10-24,301279,2024-10-24,2024-09-12,2024-10-14,21.74561259673388,19.817736551456235,18.76127480457006,0.5751910480349343,0.6646718621459307,2009112.5,1.0364924974611,2024-11-06,first_price_breakout_consumed
base8:301280:2024-03-27,301280,2024-03-27,2024-02-23,2024-03-15,62.45020725388435,56.606018333996104,16.696375519904947,0.49081469648562287,0.6987963765362795,3273875.0,1.5298923874053,2024-04-01,first_price_breakout_consumed
base8:301281:2025-03-20,301281,2025-03-20,2025-02-17,2025-03-10,49.99610144753075,46.90621363274773,12.557985420808482,0.5344562861271678,0.5343546126762095,2455562.5,1.4305036179551,2025-03-21,floor_violated_first
base8:301281:2025-05-13,301281,2025-05-13,2025-04-07,2025-04-28,45.103779074124304,42.48595745326647,16.445830085736546,0.4482848232848224,0.5575838563770891,1225350.0,1.4305036179551,2025-05-19,first_qualified_breakout
base8:301282:2024-03-26,301282,2024-03-26,2024-02-22,2024-03-14,20.35031002162862,18.181917808218465,13.016270337922386,0.6421846981470413,0.6774032605743027,3092237.5,1.0180245133381,2024-03-27,floor_violated_first
base8:301285:2024-04-11,301285,2024-04-11,2024-03-07,2024-03-28,24.55319703912502,22.439478322170558,12.530712530712517,0.586802707136998,0.5081100604150249,3327125.0,1.0017624250969,2024-04-15,floor_violated_first
base8:301285:2025-03-18,301285,2025-03-18,2025-02-13,2025-03-06,36.009833696294244,32.891663739352566,18.603863097255168,0.6847949886104774,0.5812949868856279,3293350.0,1.0058612764328,2025-03-19,floor_violated_first
base8:301286:2025-05-26,301286,2025-05-26,2025-04-18,2025-05-14,29.1866153385966,26.924476705739472,17.11967545638946,0.5223880597014927,0.6292812489608619,1135462.5,1.0053949479365,2025-05-27,floor_violated_first
base8:301287:2024-03-15,301287,2024-03-15,2024-02-05,2024-03-05,29.96,27.9,21.765469493725664,0.403488556897648,0.5968101176246444,877100.0,1.0,2024-03-18,first_price_breakout_consumed
base8:301287:2024-10-23,301287,2024-10-23,2024-09-11,2024-10-11,29.22127061469327,27.13187406296909,13.492063492063512,0.44792036971205074,0.689949022293236,906800.0,1.0093703148426,2024-10-25,first_price_breakout_consumed
base8:301288:2024-09-04,301288,2024-09-04,2024-08-02,2024-08-23,14.984093156163825,13.403620855716527,34.489051094890485,0.2844158496732025,0.5671503878142775,5824850.0,1.0131232695175,2024-09-12,floor_violated_first
base8:301288:2025-06-06,301288,2025-06-06,2025-04-30,2025-05-26,13.2111274345082,12.4411537496749,24.248496993987967,0.5820446735395188,0.6074127092526441,1387525.0,1.0131232695175,2025-06-09,first_price_breakout_consumed
base8:301289:2024-03-18,301289,2024-03-18,2024-02-06,2024-03-06,63.021304535634805,58.17250107991145,29.186206896551713,0.49949849548645875,0.6659084466093751,2145375.0,1.3140388768898,2024-03-26,first_qualified_breakout
base8:301290:2024-03-14,301290,2024-03-14,2024-02-02,2024-03-04,23.31547445255508,21.5094890510952,13.934426229508201,0.4948434393638164,0.6574866095174479,1063037.5,1.014598540146,2024-03-18,first_qualified_breakout
base8:301290:2024-10-24,301290,2024-10-24,2024-09-12,2024-10-14,24.32228801747017,22.76624640536066,16.640746500777603,0.4450190528034835,0.6955248973786323,1114912.5,1.0443232296037,2024-10-25,first_price_breakout_consumed
base8:301291:2024-03-27,301291,2024-03-27,2024-02-23,2024-03-15,35.07686019862665,31.70659281894734,17.05615626089989,0.6669960474308309,0.6698665194247938,2968250.0,1.0030557677617,2024-04-11,first_price_breakout_consumed
base8:301296:2024-03-15,301296,2024-03-15,2024-02-05,2024-03-05,8.959523106888192,8.157776072714753,18.428571428571416,0.5167322834645676,0.6159282361629873,2518625.0,1.0021837927168,2024-03-18,first_price_breakout_consumed
base8:301296:2024-05-24,301296,2024-05-24,2024-04-18,2024-05-14,9.139916189577216,8.548627751874303,15.665796344647509,0.6487500000000012,0.666155606251335,2931737.5,1.0021837927168,2024-05-27,floor_violated_first
base8:301298:2025-05-28,301298,2025-05-28,2025-04-22,2025-05-16,17.66759633171572,16.32866659195278,20.113717128642495,0.6255430060816691,0.5115460962676408,3928237.5,1.0460388591898,2025-05-30,floor_violated_first
base8:301299:2024-03-14,301299,2024-03-14,2024-02-02,2024-03-04,48.9029747522016,44.62396446138396,20.72792978833249,0.3834549790432146,0.6014640090501108,1722625.0,1.0188119740042,2024-03-18,first_qualified_breakout
base8:301299:2024-05-24,301299,2024-05-24,2024-04-18,2024-05-14,50.5025095513882,46.3559448171911,21.946169772256717,0.5793539325842704,0.6534124955059322,1962825.0,1.0188119740042,2024-06-05,floor_violated_first
base8:301299:2024-10-31,301299,2024-10-31,2024-09-23,2024-10-21,62.159893753082585,56.189976246332144,55.13586956521741,0.4405512494215638,0.6269559303332096,2636450.0,1.0698776893818,2024-11-01,floor_violated_first
base8:301300:2025-03-18,301300,2025-03-18,2025-02-13,2025-03-06,34.31477589934348,31.43834327195362,12.103321033210324,0.5031046416938117,0.5593407031022541,2082033.75,1.0653454175518,2025-03-24,floor_violated_first
base8:301301:2024-03-12,301301,2024-03-12,2024-01-31,2024-02-29,9.764001254311324,9.289432423956999,15.855181023720345,0.5068277310924362,0.6825073316546707,10621625.0,1.0097209156475,2024-03-19,first_qualified_breakout
base8:301302:2024-05-23,301302,2024-05-23,2024-04-17,2024-05-13,30.705,27.75,14.985074626865668,0.6890539721043051,0.6680539857291999,4645687.5,1.5,2024-05-27,floor_violated_first
base8:301302:2025-05-30,301302,2025-05-30,2025-04-24,2025-05-20,37.815,34.425,22.849872773536916,0.5379218995290427,0.6585896274693512,7605775.0,1.5,2025-06-17,expired
base8:301303:2024-05-22,301303,2024-05-22,2024-04-16,2024-05-10,18.339317773787265,17.84447935367957,17.109526895657833,0.5209802538787046,0.5572588765037467,992537.5,1.0098743267504,2024-05-27,floor_violated_first
base8:301303:2024-10-24,301303,2024-10-24,2024-09-12,2024-10-14,19.056200713587835,17.756914301297762,21.007604562737647,0.5068108974358969,0.6855537346531384,2436037.5,1.4436515692112,2024-10-25,first_price_breakout_consumed
base8:301305:2024-03-14,301305,2024-03-14,2024-02-02,2024-03-04,16.0446472019461,15.024817518247826,13.629629629629614,0.3732085987261142,0.5944807629223487,1268562.5,1.0097323600973,2024-03-15,first_price_breakout_consumed
base8:301305:2024-05-22,301305,2024-05-22,2024-04-16,2024-05-10,18.13479318734751,16.93321167883172,20.49012933968686,0.5536317567567572,0.6077657476032314,2793575.0,1.0097323600973,2024-05-27,floor_violated_first
base8:301305:2024-11-13,301305,2024-11-13,2024-10-11,2024-11-01,20.611712771715467,19.239631300225533,12.632821723730792,0.6334821428571423,0.5290925793573444,2931575.0,1.0163566455481,2024-11-14,floor_violated_first
base8:301309:2024-03-14,301309,2024-03-14,2024-02-02,2024-03-04,25.21399117971356,23.210771775082893,12.29314420803782,0.48331015299026364,0.6854944029850746,306187.5,1.0220507166483,2024-03-29,expired
base8:301310:2024-03-19,301310,2024-03-19,2024-02-07,2024-03-07,41.68033414833113,37.50825998370177,28.576282704723077,0.4415649213430372,0.6975289614039112,1459537.5,1.0101874490628,2024-03-27,floor_violated_first
base8:301311:2024-03-15,301311,2024-03-15,2024-02-05,2024-03-05,23.008097505237767,21.174263949724477,37.67164179104476,0.47888420666910936,0.6579689181534503,6574500.0,1.0020948390783,2024-03-25,floor_violated_first
base8:301311:2024-05-22,301311,2024-05-22,2024-04-16,2024-05-10,20.332504284898707,19.00973909731535,14.326484018264862,0.6583867521367529,0.5021098338936583,2622600.0,1.0020948390783,2024-05-24,floor_violated_first
base8:301311:2024-10-30,301311,2024-10-30,2024-09-20,2024-10-18,22.499252293427137,20.418222255563233,25.97087378640779,0.49511173184357543,0.6743140927196265,8860662.5,1.0053285207072,2024-11-01,floor_violated_first
base8:301311:2025-06-05,301311,2025-06-05,2025-04-29,2025-05-23,19.6039061537904,18.196446224800322,13.432835820895516,0.5610546601261379,0.6522603420582652,6968462.5,1.0053285207072,2025-06-10,floor_violated_first
base8:301314:2024-11-04,301314,2024-11-04,2024-09-25,2024-10-23,50.95228091032708,45.6008831521748,26.905080213903744,0.45196467195385787,0.5707978799971211,951687.5,1.3412024456522,2024-11-11,first_qualified_breakout
base8:301315:2024-03-11,301315,2024-03-11,2024-01-30,2024-02-28,64.69,57.88,23.061786698150332,0.4852659944367174,0.619823043516017,4330137.5,1.0,2024-03-25,floor_violated_first
base8:301315:2024-10-31,301315,2024-10-31,2024-09-23,2024-10-21,48.83714586402844,43.780164175962796,50.722815839094906,0.34686257979043716,0.4283466697013668,3676162.5,1.0073668701326,2024-11-01,floor_violated_first
base8:301316:2024-11-15,301316,2024-11-15,2024-10-15,2024-11-05,22.53461677940604,20.286196402758367,14.754098360655732,0.6081818181818174,0.6104964145092633,18099550.0,1.0082602585864,2024-11-18,floor_violated_first
base8:301317:2024-11-15,301317,2024-11-15,2024-10-15,2024-11-05,24.548996112947776,22.377156205261407,24.972129319955407,0.6297915668423569,0.6448067218803943,2144150.0,1.0293080131215,2024-11-18,floor_violated_first
base8:301318:2025-02-21,301318,2025-02-21,2025-01-13,2025-02-11,71.45215525514492,65.6055274663855,33.03370786516855,0.5691848390446522,0.6808896494129592,4158125.0,1.9886489077412999,2025-02-28,floor_violated_first
base8:301318:2025-05-19,301318,2025-05-19,2025-04-11,2025-05-07,65.18791119575982,61.07140795673533,21.275768183586163,0.6176053005205876,0.6177270747775713,2439762.5,1.9886489077413,2025-05-20,floor_violated_first
base8:301319:2025-05-13,301319,2025-05-13,2025-04-07,2025-04-28,56.68023062394786,51.429819511692145,12.969058591178428,0.4345469497607651,0.5891668806436428,2753412.5,1.5130867758662,2025-05-20,first_qualified_breakout
base8:301320:2024-10-29,301320,2024-10-29,2024-09-19,2024-10-17,17.596804362557233,16.193128638838793,29.74238875878219,0.4781684698608957,0.67647972765082,5892400.0,1.0171563215351,2024-11-01,floor_violated_first
base8:301321:2024-03-14,301321,2024-03-14,2024-02-02,2024-03-04,21.889051094890554,20.16216401889227,17.21581548599669,0.48162358642972536,0.6821848558726517,4883725.0,1.5148132245599,2024-03-18,first_qualified_breakout
base8:301321:2025-05-28,301321,2025-05-28,2025-04-22,2025-05-16,23.373568054959257,21.96479175611855,20.849724626278498,0.6681743421052637,0.5714874838631158,2629562.5,1.5148132245599,2025-06-03,floor_violated_first
base8:301323:2025-06-06,301323,2025-06-06,2025-04-30,2025-05-26,42.80766074454526,40.610578818914625,12.519936204146752,0.6083131067961168,0.49314315379456225,764687.5,1.0124801500602,2025-06-11,first_qualified_breakout
base8:301326:2024-03-20,301326,2024-03-20,2024-02-08,2024-03-08,29.85703479576465,27.427987897126172,46.96569920844329,0.45199022346368667,0.6994269345635074,1433275.0,1.0121028744327,2024-03-25,floor_violated_first
base8:301326:2024-05-22,301326,2024-05-22,2024-04-16,2024-05-10,28.510937972769163,26.142617246596643,22.799999999999997,0.6276270538784866,0.5582383943133962,1375912.5,1.0121028744327,2024-05-23,first_qualified_breakout
base8:301326:2025-06-24,301326,2025-06-24,2025-05-21,2025-06-12,71.20931032889443,66.45183566171363,17.00969552645011,0.6458978959386722,0.5327380728032022,1413450.0,1.0187311921158,2025-06-25,first_qualified_breakout
base8:301327:2024-05-22,301327,2024-05-22,2024-04-16,2024-05-10,89.80899481320968,85.09057654970574,31.644567583613693,0.6219225604297227,0.6300326889949941,726612.5,1.3253983886247,2024-06-03,floor_violated_first
base8:301327:2024-08-12,301327,2024-08-12,2024-07-10,2024-07-31,91.96939418666794,87.23772193927775,15.49828178694157,0.6408674188998591,0.6787212414432034,703300.0,1.3253983886247,2024-08-23,floor_violated_first
base8:301327:2025-05-27,301327,2025-05-27,2025-04-21,2025-05-15,96.83097089516032,91.1115591527264,19.858272907053397,0.6363987635239536,0.5836749012000405,808362.5,1.3300957540544,2025-05-30,factor_changed_raw_volume_not_comparable
base8:301330:2024-10-31,301330,2024-10-31,2024-09-23,2024-10-21,37.233378449866436,35.138166831002984,31.109022556390965,0.3702596515203281,0.5977888423619709,2951287.5,1.3345296935436,2024-11-01,floor_violated_first
base8:301330:2025-05-22,301330,2025-05-22,2025-04-16,2025-05-12,41.10351456114287,38.96826705147312,24.647302904564295,0.6898032479700211,0.6619592179091353,2770087.5,1.3345296935436,2025-05-23,floor_violated_first
base8:301332:2024-03-13,301332,2024-03-13,2024-02-01,2024-03-01,11.17,10.46,13.043478260869556,0.34126030219780196,0.595892691020106,4851075.0,1.0,2024-03-14,first_price_breakout_consumed
base8:301336:2024-03-21,301336,2024-03-21,2024-02-19,2024-03-11,35.586829436037256,31.895374828059392,16.54411764705881,0.5832141580264567,0.6643821438940203,411912.5,1.0058459422283,2024-04-01,first_qualified_breakout
base8:301337:2024-10-24,301337,2024-10-24,2024-09-12,2024-10-14,39.02800420309606,35.173635639088126,44.67432950191568,0.5703338539632958,0.5820124664175262,5917037.5,1.0089970062848,2024-10-29,floor_violated_first
base8:301337:2025-05-30,301337,2025-05-30,2025-04-24,2025-05-20,30.11480547074983,28.201629593784546,15.61165048543689,0.5957488299531981,0.4596463359566508,1425087.5,1.0122623687647,2025-06-16,floor_violated_first
base8:301338:2024-03-15,301338,2024-03-15,2024-02-05,2024-03-05,46.612311023623526,42.27200787401709,52.41706161137438,0.48177676537585357,0.6433248863966216,3339225.0,1.4137795275591,2024-03-22,first_price_breakout_consumed
base8:301339:2024-03-13,301339,2024-03-13,2024-02-01,2024-03-01,17.29659853017994,15.967639853821527,13.122476446837151,0.4148590021691973,0.535182378394032,3794650.0,1.0067868760291,2024-03-19,first_qualified_breakout
base8:301345:2024-05-10,301345,2024-05-10,2024-04-02,2024-04-25,77.49149474984631,70.9247683755411,13.818531580634819,0.6587226827430298,0.6316287295122772,888150.0,1.0308832612724,2024-05-13,first_qualified_breakout
base8:301345:2025-05-23,301345,2025-05-23,2025-04-17,2025-05-13,71.36039344022133,67.6565300686215,20.20968908170644,0.6041147132169568,0.6272026431718062,825775.0,1.0612789030372,2025-05-29,factor_changed_raw_volume_not_comparable
base8:301348:2024-03-15,301348,2024-03-15,2024-02-05,2024-03-05,36.73,34.34,32.676579925650564,0.48274818401936986,0.6862241694769319,4590675.0,1.0,2024-03-19,first_qualified_breakout
base8:301353:2024-03-15,301353,2024-03-15,2024-02-05,2024-03-05,26.24,24.0,22.397959183673443,0.4882291269538699,0.6199445572001386,834900.0,1.0,2024-03-18,first_price_breakout_consumed
base8:301355:2024-03-15,301355,2024-03-15,2024-02-05,2024-03-05,13.049787485241723,12.32930932703631,23.995983935742938,0.4648631840796025,0.6237618062171524,1977287.5,1.0147579693034,2024-03-18,first_price_breakout_consumed
base8:301356:2024-10-25,301356,2024-10-25,2024-09-13,2024-10-15,30.876480682626486,28.040885517895486,21.193092621664043,0.5766441005802709,0.6132451453541056,1827237.5,1.8533301730268,2024-10-31,first_price_breakout_consumed
base8:301356:2025-05-26,301356,2025-05-26,2025-04-18,2025-05-14,33.28580990756133,30.913547286087024,17.729502452697975,0.6766102394715122,0.6775781181491334,2163525.0,1.8533301730268001,2025-06-11,expired
base8:301357:2025-04-03,301357,2025-04-03,2025-03-03,2025-03-24,50.47634097534304,45.47124312020369,12.122229684351904,0.6229155977424313,0.3954658565635369,2417187.5,1.4178747464984,2025-04-07,floor_violated_first
base8:301358:2024-11-29,301358,2024-11-29,2024-10-29,2024-11-19,55.82869982073607,50.23562349500236,12.929879410451095,0.6294393708777278,0.5400165384845375,8789950.0,1.0206343660098,2024-12-04,floor_violated_first
base8:301359:2024-11-04,301359,2024-11-04,2024-09-25,2024-10-23,25.235838680617253,22.72780050373455,24.26352437064807,0.578248031496064,0.6946875577637247,1653625.0,1.036379411935,2024-11-11,first_price_breakout_consumed
base8:301359:2025-05-19,301359,2025-05-19,2025-04-11,2025-05-07,29.277718387163752,27.992607916364353,23.361952101220073,0.6537656903765698,0.6491399069248818,1676637.5,1.036379411935,2025-05-21,factor_changed_raw_volume_not_comparable
base8:301362:2024-03-13,301362,2024-03-13,2024-02-01,2024-03-01,35.882332722273844,33.638423464711934,15.921228304405876,0.44363367174280793,0.5230399143486308,1032425.0,1.0107699358387,2024-03-15,first_price_breakout_consumed
base8:301362:2024-11-04,301362,2024-11-04,2024-09-25,2024-10-23,45.0666945511667,41.3916824571993,34.49920508744037,0.6156921386718747,0.6872629328730896,1396362.5,1.06214222369,2024-11-06,first_qualified_breakout
base8:301365:2024-11-14,301365,2024-11-14,2024-10-14,2024-11-04,24.74574441292359,23.106436423423922,16.614173228346463,0.40217391304347827,0.6650889969803913,5795687.5,1.5612457042854,2024-11-18,floor_violated_first
base8:301366:2025-03-20,301366,2025-03-20,2025-02-17,2025-03-10,119.27171972014747,109.75800703262296,29.317111459968604,0.4332615017135738,0.4990656580793174,6882787.5,1.8437427689001,2025-03-21,floor_violated_first
base8:301367:2024-05-21,301367,2024-05-21,2024-04-15,2024-05-09,90.18972763581797,85.71709253644852,12.871037008968035,0.6359036985345432,0.4675301204819277,452725.0,1.0096241759299,2024-05-22,first_qualified_breakout
base8:301367:2024-08-14,301367,2024-08-14,2024-07-12,2024-08-02,102.23828429912076,95.99865776574777,15.186573244256142,0.6985371500736683,0.494647522114738,509975.0,1.4311070030672,2024-08-15,floor_violated_first
base8:301370:2024-03-15,301370,2024-03-15,2024-02-05,2024-03-05,14.33,13.2,20.353982300884944,0.5153878583473861,0.5960642296780486,3340562.5,1.0,2024-03-19,first_price_breakout_consumed
base8:301371:2024-11-05,301371,2024-11-05,2024-09-26,2024-10-24,38.01716621253243,35.225119588251594,17.829457364341074,0.47200694815606703,0.6940066339213513,2471700.0,1.0302755071147,2024-11-07,first_qualified_breakout
base8:301373:2024-03-14,301373,2024-03-14,2024-02-02,2024-03-04,26.321945702118068,23.712178816083124,13.461538461538458,0.5740373725934317,0.682675836569936,805025.0,1.0194401898574,2024-03-18,first_price_breakout_consumed
base8:301373:2024-05-22,301373,2024-05-22,2024-04-16,2024-05-10,27.025359433119675,25.82242000908794,16.343612334801747,0.6605871886120996,0.5333349602225584,582800.0,1.0194401898574,2024-06-03,floor_violated_first
base8:301373:2024-11-01,301373,2024-11-01,2024-09-24,2024-10-22,28.146879347999633,26.537307068568566,28.550724637681157,0.45255518234165093,0.6793790209704351,737787.5,1.0317771021994,2024-11-07,first_price_breakout_consumed
base8:301377:2024-03-26,301377,2024-03-26,2024-02-22,2024-03-14,20.65207382567314,18.64142671642218,15.537600994406443,0.6834222082810535,0.6725070033729935,3074437.5,1.0103754317844,2024-04-10,first_price_breakout_consumed
base8:301377:2025-02-14,301377,2025-02-14,2025-01-06,2025-01-27,24.265389364153652,22.01290596326175,13.195876288659814,0.4761650277896535,0.6978578595809981,7270125.0,1.0238560913145,2025-02-17,first_qualified_breakout
base8:301379:2024-03-14,301379,2024-03-14,2024-02-02,2024-03-04,23.847486136784248,22.18133086876203,16.864363073749367,0.46629581151832417,0.6474699460062836,2064950.0,1.0221811460259,2024-03-18,first_price_breakout_consumed
base8:301379:2024-05-21,301379,2024-05-21,2024-04-15,2024-05-09,26.30072088724641,24.246136783734347,17.027281279397922,0.5094922232387923,0.6851458980438159,2211687.5,1.0221811460259,2024-05-23,first_qualified_breakout
base8:301379:2025-05-21,301379,2025-05-21,2025-04-15,2025-05-09,45.34741406292707,41.35172714613599,16.148830072880706,0.674927815206929,0.6366116317309721,3499912.5,1.4529770606512997,2025-05-23,floor_violated_first
base8:301382:2024-03-15,301382,2024-03-15,2024-02-05,2024-03-05,32.44,30.12,34.54935622317596,0.5765503875968989,0.6751190609023777,2662237.5,1.0,2024-03-19,first_price_breakout_consumed
base8:301383:2024-03-15,301383,2024-03-15,2024-02-05,2024-03-05,44.55,40.4,22.51277427111511,0.37972982657302584,0.5628986458284676,2490462.5,1.0,2024-03-19,first_qualified_breakout
base8:301386:2024-03-26,301386,2024-03-26,2024-02-22,2024-03-14,22.97232320458578,21.057962937536967,12.887700534759361,0.5115606936416193,0.6703919055377464,1774800.0,1.0347893335399,2024-03-27,floor_violated_first
base8:301387:2025-05-23,301387,2025-05-23,2025-04-17,2025-05-13,58.00493205742789,53.77959756166877,32.302062541583524,0.6476028533510283,0.5967094843697462,3348212.5,1.4371886039997,2025-05-27,floor_violated_first
base8:301388:2024-03-22,301388,2024-03-22,2024-02-20,2024-03-12,20.215043988270573,18.3958944281532,21.832358674463936,0.5230596175478075,0.6448624511205582,1816225.0,1.0219941348974,2024-03-27,floor_violated_first
base8:301390:2024-11-04,301390,2024-11-04,2024-09-25,2024-10-23,33.008265497809546,29.839067000627214,21.679389312977104,0.5378953961791418,0.6845212561804349,1010650.0,1.0125234815279,2024-11-12,first_price_breakout_consumed
base8:301395:2024-03-15,301395,2024-03-15,2024-02-05,2024-03-05,15.46,14.52,21.02272727272727,0.5728322528363046,0.616517829995314,1149012.5,1.0,2024-03-18,first_qualified_breakout
base8:301395:2024-10-23,301395,2024-10-23,2024-09-11,2024-10-11,17.54584615384643,16.541538461538718,24.078091106290643,0.39418465227817817,0.5557215407976208,2354462.5,1.4769230769231,2024-10-28,first_price_breakout_consumed
base8:301396:2024-03-14,301396,2024-03-14,2024-02-02,2024-03-04,27.31839063643022,25.251379663496785,21.038543897216265,0.3883071553228619,0.5692948417857501,2764537.5,1.2087783467447,2024-03-18,first_price_breakout_consumed
base8:301397:2024-03-14,301397,2024-03-14,2024-02-02,2024-03-04,36.63,33.53,21.77747625508819,0.45455966975231443,0.5960164363752678,1192537.5,1.0,2024-03-15,first_qualified_breakout
base8:301397:2025-03-14,301397,2025-03-14,2025-02-11,2025-03-04,52.44286714803729,47.988883399244905,32.967032967032964,0.6639790687740283,0.579425770585332,3122637.5,1.2406639968781,2025-03-21,floor_violated_first
base8:301398:2024-05-22,301398,2024-05-22,2024-04-16,2024-05-10,49.21994676131523,45.67183673469574,18.08741849794737,0.609832161487866,0.5259076350810334,1729587.5,1.0079858030169,2024-05-24,floor_violated_first
base8:301399:2024-03-21,301399,2024-03-21,2024-02-19,2024-03-11,39.504794347182575,36.69389580257184,60.382059800664464,0.3753571428571435,0.5452241123121299,2619900.0,1.014764817549,2024-03-25,floor_violated_first
base8:301408:2024-03-15,301408,2024-03-15,2024-02-05,2024-03-05,13.05,12.03,16.23931623931625,0.46915584415584516,0.5839478259781847,2800987.5,1.0,2024-03-20,first_price_breakout_consumed
base8:301413:2024-05-16,301413,2024-05-16,2024-04-10,2024-05-06,64.49,58.88,21.774653239597196,0.6122247131742052,0.5137612528132033,949650.0,1.0,2024-05-24,floor_violated_first
base8:301413:2024-12-30,301413,2024-12-30,2024-11-27,2024-12-18,80.56399509803875,72.37303921568585,14.097363083164293,0.6386333170850598,0.6953645798327031,3034775.0,1.3063725490196,2024-12-31,floor_violated_first
base8:301419:2024-03-15,301419,2024-03-15,2024-02-05,2024-03-05,32.931606905710495,29.760039840637457,51.71580473658772,0.49397886458589374,0.6576882621060423,2813700.0,1.0132802124834,2024-03-19,first_qualified_breakout
base8:301419:2024-05-22,301419,2024-05-22,2024-04-16,2024-05-10,27.08498007968128,25.960239043824707,12.584175084175087,0.5686220254565569,0.5303458921811045,759275.0,1.0132802124834,2024-05-23,first_qualified_breakout
base8:301429:2024-03-15,301429,2024-03-15,2024-02-05,2024-03-05,15.100550008461052,13.736042477576019,12.540983606557376,0.494266055045872,0.6875212124640399,1701587.5,1.0107463191741,2024-03-18,first_qualified_breakout
base8:301448:2025-03-19,301448,2025-03-19,2025-02-14,2025-03-07,32.72607456968773,30.5107302433246,13.237410071942435,0.6033737024221454,0.6496957921033482,2309400.0,1.3265534888402,2025-03-24,floor_violated_first
base8:301456:2024-03-22,301456,2024-03-22,2024-02-20,2024-03-12,28.377879759003992,26.772342007433753,21.846943138093188,0.44427710843373425,0.6398217846460618,2139137.5,1.0034610947314,2024-03-25,floor_violated_first
base8:301456:2025-03-06,301456,2025-03-06,2025-01-24,2025-02-24,27.57363504613063,25.793049757173854,14.70331588132634,0.6825192802056554,0.6834511935728019,2094987.5,1.0174773079753,2025-03-13,floor_violated_first
base8:301459:2024-03-12,301459,2024-03-12,2024-01-31,2024-02-29,40.88,38.0,16.3793103448276,0.47156852581380937,0.6853294529144032,1452537.5,1.0,2024-03-13,first_qualified_breakout
base8:301459:2025-02-13,301459,2025-02-13,2025-01-03,2025-01-24,45.34377358490786,42.941320754719065,16.560340244550776,0.6657400306748474,0.6672256232319661,1207625.0,1.0094339622642,2025-02-14,first_price_breakout_consumed
base8:301468:2024-10-23,301468,2024-10-23,2024-09-11,2024-10-11,24.870745747927597,22.837352812908044,19.157894736842106,0.5658594624860018,0.6592421619308373,903737.5,1.0218054949847,2024-10-28,first_price_breakout_consumed
base8:301469:2024-10-24,301469,2024-10-24,2024-09-12,2024-10-14,25.33155970102245,23.672153040462142,17.670093000489473,0.4741379310344829,0.6997836570882832,1279825.0,1.0243250991113,2024-10-28,first_price_breakout_consumed
base8:301486:2024-11-13,301486,2024-11-13,2024-10-11,2024-11-01,53.833888284822876,48.30522059740104,27.04108164326573,0.5935018050541508,0.6839142946638994,6419137.5,1.008880964858,2024-11-18,floor_violated_first
base8:301488:2024-05-22,301488,2024-05-22,2024-04-16,2024-05-10,58.89058696590254,54.66037548554013,28.672880603639573,0.4936512921751612,0.46758910304727036,1737000.0,1.0071932096101,2024-05-28,floor_violated_first
base8:301498:2024-11-05,301498,2024-11-05,2024-09-26,2024-10-24,67.2233771327721,61.705040203962454,23.372894333843796,0.6181347697507394,0.697608233608041,2196912.5,1.0033339870563,2024-11-08,first_price_breakout_consumed
base8:301499:2024-03-15,301499,2024-03-15,2024-02-05,2024-03-05,24.98,23.04,36.02305475504322,0.4892625607779581,0.699336966301325,3420037.5,1.0,2024-03-18,first_qualified_breakout
base8:301502:2025-06-05,301502,2025-06-05,2025-04-29,2025-05-23,42.264845699279206,39.41609980302173,14.342516330587895,0.5093457943925216,0.6166848034359839,1137175.0,1.0137885751806,2025-06-13,floor_violated_first
base8:301503:2024-11-01,301503,2024-11-01,2024-09-24,2024-10-22,35.09871099905405,31.638704695870985,26.13678373382622,0.5367057371992588,0.6989213706335436,1686562.5,1.0176489127009,2024-11-08,first_qualified_breakout
base8:301503:2025-02-20,301503,2025-02-20,2025-01-10,2025-02-10,42.83284273558089,39.76971950835117,35.572220410824904,0.5826328633405639,0.6538629827129157,2555375.0,1.0176489127009,2025-02-21,first_price_breakout_consumed
base8:301505:2025-05-23,301505,2025-05-23,2025-04-17,2025-05-13,24.59684663784699,23.3869975743764,12.850241545893715,0.6202687358062081,0.6992913170926287,1776475.0,1.0252958165005,2025-05-27,factor_changed_raw_volume_not_comparable
base8:301507:2024-03-15,301507,2024-03-15,2024-02-05,2024-03-05,13.75,12.7,18.80733944954127,0.4756255392579812,0.6622407682753514,4436112.5,1.0,2024-03-26,floor_violated_first
base8:301507:2024-05-21,301507,2024-05-21,2024-04-15,2024-05-09,13.97,12.93,16.30067567567568,0.5679744525547448,0.6030343993839056,3440162.5,1.0,2024-05-23,floor_violated_first
base8:301507:2024-11-01,301507,2024-11-01,2024-09-24,2024-10-22,14.278891687657081,12.998228379512696,20.969162995594726,0.4767441860465113,0.6701670581114026,7203862.5,1.0083963056255,2024-11-07,first_qualified_breakout
base8:301508:2024-03-15,301508,2024-03-15,2024-02-05,2024-03-05,39.18,36.05,22.597402597402592,0.3903273294076894,0.4395449231623757,6499562.5,1.0,2024-03-20,first_price_breakout_consumed
base8:301509:2024-03-20,301509,2024-03-20,2024-02-08,2024-03-08,70.15,63.46,14.240113495300587,0.5395341863254702,0.6733438892127066,3450250.0,1.0,2024-03-21,floor_violated_first
base8:301510:2024-10-31,301510,2024-10-31,2024-09-23,2024-10-21,27.900365111561012,25.356685018834344,40.67708333333335,0.36203753713205505,0.5887130805947487,4859512.5,1.0014488554042,2024-11-01,floor_violated_first
base8:301511:2025-02-18,301511,2025-02-18,2025-01-08,2025-02-06,20.85816426035501,18.710587455621287,14.539306846999178,0.5110714285714284,0.6484224075845348,20635887.5,1.4036449704142,2025-02-19,first_qualified_breakout
base8:301511:2025-06-18,301511,2025-06-18,2025-05-15,2025-06-06,23.286470059171577,21.419622248520692,15.274803711634522,0.5588673621460503,0.5943513914925603,13125775.0,1.4036449704142,2025-06-20,first_qualified_breakout
base8:301512:2024-03-14,301512,2024-03-14,2024-02-02,2024-03-04,56.49,51.5,37.53623188405797,0.5059316726969104,0.6759335779919319,1930250.0,1.0,2024-03-15,first_qualified_breakout
base8:301512:2024-10-30,301512,2024-10-30,2024-09-20,2024-10-18,45.18867346938672,41.53325801749176,25.693822739480755,0.4233528412308855,0.6737542939728236,1236950.0,1.018221574344,2024-11-01,floor_violated_first
base8:301512:2025-03-05,301512,2025-03-05,2025-01-23,2025-02-21,50.46306122448864,45.07666909620888,35.0867678958785,0.548729983434567,0.3866690647942599,1610587.5,1.018221574344,2025-03-19,floor_violated_first
base8:301515:2024-05-21,301515,2024-05-21,2024-04-15,2024-05-09,22.98,21.1,15.420081967213118,0.5389292482627924,0.6423932249247674,1396087.5,1.0,2024-05-24,floor_violated_first
base8:301515:2024-10-31,301515,2024-10-31,2024-09-23,2024-10-21,20.568415728579108,18.957392033582025,24.743589743589745,0.4052511415525115,0.6146056433181446,1995350.0,1.0132224496837,2024-11-01,floor_violated_first
base8:301516:2024-03-15,301516,2024-03-15,2024-02-05,2024-03-05,24.45,22.2,27.95167490389896,0.436576889661164,0.506256073004259,12004087.5,1.0,2024-03-21,floor_violated_first
base8:301516:2024-05-20,301516,2024-05-20,2024-04-12,2024-05-08,24.59,22.0,19.577252138902868,0.49220807726075516,0.5051370530812569,11225425.0,1.0,2024-05-24,floor_violated_first
base8:301518:2024-11-04,301518,2024-11-04,2024-09-25,2024-10-23,17.715112133409473,16.28514663599721,16.66666666666665,0.5000811161583399,0.6529033894007269,1544900.0,1.0287521564117,2024-11-07,first_price_breakout_consumed
base8:301519:2024-11-04,301519,2024-11-04,2024-09-25,2024-10-23,14.266124999999999,12.939749999999998,17.164816396242543,0.4953667192429024,0.6635217585090382,2888062.5,1.0125,2024-11-11,first_price_breakout_consumed
base8:301520:2024-10-22,301520,2024-10-22,2024-09-10,2024-10-10,44.41548736462298,40.25912003610294,20.574162679425847,0.5951220763233488,0.5630450119190072,1593537.5,1.0112815884477,2024-10-25,first_qualified_breakout
base8:301525:2024-10-25,301525,2024-10-25,2024-09-13,2024-10-15,60.515432662051275,55.40953744493362,12.674670340484152,0.49981132075471735,0.5983012787983355,1179012.5,1.0070799244808,2024-10-30,floor_violated_first
base8:301525:2025-03-21,301525,2025-03-21,2025-02-18,2025-03-11,89.940735747264,81.1487761854528,28.845590389686482,0.6767785065590314,0.6385343399388212,2459000.0,1.010570064576,2025-03-25,floor_violated_first
base8:301525:2025-05-23,301525,2025-05-23,2025-04-17,2025-05-13,89.2333367020608,79.74408379569216,34.416589291241095,0.6120263304541659,0.6300518648036277,1388512.5,1.010570064576,2025-05-26,floor_violated_first
base8:301526:2024-03-15,301526,2024-03-15,2024-02-05,2024-03-05,5.1,4.63,16.582914572864315,0.5678104575163394,0.6099311813494548,49314225.0,1.0,2024-03-26,floor_violated_first
base8:301526:2024-10-30,301526,2024-10-30,2024-09-20,2024-10-18,4.228676923077052,3.865353846153964,19.047619047619047,0.46255506607929364,0.68509888020406,47901625.0,1.0092307692308,2024-11-07,first_qualified_breakout
base8:301526:2025-05-22,301526,2025-05-22,2025-04-16,2025-05-12,3.946092307692428,3.7543384615385764,14.589665653495443,0.6310975609756094,0.6809436528528752,22514212.5,1.0092307692308,2025-05-23,floor_violated_first
base8:301529:2024-03-22,301529,2024-03-22,2024-02-20,2024-03-12,35.15,31.9,25.187969924812002,0.5672132331696037,0.6977830501964487,1744025.0,1.0,2024-03-25,floor_violated_first
base8:301529:2024-05-22,301529,2024-05-22,2024-04-16,2024-05-10,31.37,29.85,24.960443037974667,0.5195989061075657,0.5194835874842018,586400.0,1.0,2024-05-23,first_qualified_breakout
base8:301529:2024-11-05,301529,2024-11-05,2024-09-26,2024-10-24,37.312847790508265,33.58661211129377,18.0505415162455,0.3835227272727268,0.6339295608697211,2593287.5,1.0098199672668,2024-11-11,first_qualified_breakout
base8:301533:2024-11-01,301533,2024-11-01,2024-09-24,2024-10-22,29.825678544796133,27.30891492482014,24.736379613356775,0.47352991162474467,0.6741835846180332,1801450.0,1.0148240403129,2024-11-07,first_qualified_breakout
base8:301533:2025-05-13,301533,2025-05-13,2025-04-07,2025-04-28,33.43845212831006,30.140273997293132,16.79596586501164,0.48448992644707495,0.36637489259419415,1739675.0,1.0148240403129,2025-05-19,first_qualified_breakout
base8:301551:2025-05-13,301551,2025-05-13,2025-04-07,2025-04-28,49.546505376343816,46.51243279569867,15.420792079207924,0.5293264582661946,0.6106010582967754,1350100.0,1.0013440860215,2025-05-23,first_price_breakout_consumed
base8:301558:2024-03-15,301558,2024-03-15,2024-02-05,2024-03-05,11.9,11.26,22.186836518046714,0.4963720316622693,0.5925432278248881,8045587.5,1.0,2024-03-19,first_qualified_breakout
base8:301558:2024-12-13,301558,2024-12-13,2024-11-12,2024-12-03,11.26037151702759,10.205345717234016,18.38316722037654,0.5398105053191482,0.5972453707610511,39161912.5,1.0144478844169,2024-12-18,floor_violated_first
base8:301558:2025-02-20,301558,2025-02-20,2025-01-10,2025-02-10,9.505376676986353,8.785118679050354,18.00766283524904,0.45913461538461603,0.6134956996888496,14946812.5,1.0144478844169,2025-02-28,floor_violated_first
base8:301559:2024-10-24,301559,2024-10-24,2024-09-12,2024-10-14,18.306134191930816,16.98783530105992,16.795502459592427,0.46685733512786026,0.6911700763384206,3873312.5,1.0717877161552,2024-11-08,expired
base8:301565:2024-10-31,301565,2024-10-31,2024-09-23,2024-10-21,22.38,20.18,30.202140309155755,0.4791666666666666,0.6337295106146275,7017937.5,1.0,2024-11-07,first_price_breakout_consumed
base8:301565:2024-12-17,301565,2024-12-17,2024-11-14,2024-12-05,27.21,24.55,16.04774535809017,0.5745233968804156,0.6327069094259721,8111775.0,1.0,2024-12-18,floor_violated_first
base8:301566:2024-03-19,301566,2024-03-19,2024-02-07,2024-03-07,20.06,18.33,30.800000000000004,0.5012719703977798,0.64324434255827,5880312.5,1.0,2024-03-25,floor_violated_first
base8:301566:2025-05-22,301566,2025-05-22,2025-04-16,2025-05-12,17.835274611399758,16.09989637305771,26.588750913075245,0.5742087254063303,0.5243382302366427,9300337.5,1.0031088082902,2025-05-23,floor_violated_first
base8:301577:2024-03-15,301577,2024-03-15,2024-02-05,2024-03-05,62.31,56.02,34.30167597765363,0.5776599289204799,0.6522076475258362,3225762.5,1.0,2024-03-19,first_price_breakout_consumed
base8:301578:2024-03-22,301578,2024-03-22,2024-02-20,2024-03-12,60.12,55.5,29.978494623655916,0.4785820578231293,0.6238644569192425,2142650.0,1.0,2024-03-25,floor_violated_first
base8:301580:2024-10-24,301580,2024-10-24,2024-09-12,2024-10-14,65.99,60.7,29.563977180114122,0.6478043267678396,0.6087354029007189,1464800.0,1.0,2024-10-28,floor_violated_first
base8:301600:2025-05-14,301600,2025-05-14,2025-04-08,2025-04-29,172.72,157.8,16.882199137870124,0.5381556709120539,0.6461048832010269,1298191.75,1.0,2025-05-21,factor_changed_raw_volume_not_comparable
base8:301607:2024-10-25,301607,2024-10-25,2024-09-13,2024-10-15,46.0,41.89,37.30650154798762,0.5699021411843423,0.4822679931445029,3804400.0,1.0,2024-10-30,floor_violated_first
base8:301611:2025-05-13,301611,2025-05-13,2025-04-07,2025-04-28,58.46739520957944,54.331212574849,14.564124056999162,0.602357784431139,0.6310612539635155,2085750.0,1.001497005988,2025-05-22,floor_violated_first
base8:301618:2025-05-15,301618,2025-05-15,2025-04-09,2025-04-30,86.81,80.5,19.2974655402401,0.5144167758846656,0.6827527517045805,1325787.5,1.0,2025-05-21,floor_violated_first
base8:301628:2025-02-17,301628,2025-02-17,2025-01-07,2025-02-05,102.6,92.0,41.91281904215658,0.4267651436707223,0.6626305524306549,3981800.0,1.0,2025-02-18,floor_violated_first
base8:301631:2025-03-18,301631,2025-03-18,2025-02-13,2025-03-06,140.2,132.88,15.124876766348994,0.5661772335789143,0.5891173083507112,1261850.0,1.0,2025-03-21,floor_violated_first
