segment,variant,signal_date,opportunities,selected_orders,closed_trades,unresolved_positions,net_sum,delta_net_sum
train,baseline,2024-01-02,2,1,1,0,-1.6616129032257962,0.0
train,baseline,2024-01-03,2,2,2,0,3.156188237896416,0.0
train,baseline,2024-01-04,2,2,2,0,-3.777604227833244,0.0
train,baseline,2024-01-05,2,2,2,0,-16.88707934721439,0.0
train,baseline,2024-01-08,2,2,2,0,-17.548749439179826,0.0
train,baseline,2024-01-09,2,2,2,0,-12.420000000000021,0.0
train,baseline,2024-01-10,2,2,2,0,0.9632382369966201,0.0
train,baseline,2024-01-11,2,2,2,0,6.062773026229026,0.0
train,baseline,2024-01-12,2,2,2,0,-12.42000000000001,0.0
train,baseline,2024-01-15,2,2,2,0,-8.711237987563583,0.0
train,baseline,2024-01-16,2,2,2,0,-7.548425577646446,0.0
train,baseline,2024-01-17,2,2,2,0,-13.179906759906759,0.0
train,baseline,2024-01-18,2,1,1,0,-21.27072252113759,0.0
train,baseline,2024-01-19,2,2,2,0,-31.655454246313067,0.0
train,baseline,2024-01-22,2,2,2,0,-22.214421637893214,0.0
train,baseline,2024-01-23,2,2,2,0,-3.2587013251218178,0.0
train,baseline,2024-01-24,2,1,1,0,5.854880112834992,0.0
train,baseline,2024-01-25,2,1,1,0,-18.179661610268372,0.0
train,baseline,2024-01-26,2,1,1,0,-2.6246544546211457,0.0
train,baseline,2024-01-29,2,2,2,0,-13.639512195121963,0.0
train,baseline,2024-01-30,2,2,2,0,-12.420000000000021,0.0
train,baseline,2024-01-31,2,1,1,0,-6.210000000000005,0.0
train,baseline,2024-02-01,2,1,1,0,-6.210000000000005,0.0
train,baseline,2024-02-02,2,2,2,0,-9.310093055304726,0.0
train,baseline,2024-02-05,2,2,2,0,-31.502574048636227,0.0
train,baseline,2024-02-06,2,2,2,0,17.573636198473903,0.0
train,baseline,2024-02-08,2,1,1,0,-0.1687968685620387,0.0
train,baseline,2024-02-19,2,2,2,0,11.627466727594669,0.0
train,baseline,2024-02-20,2,2,2,0,13.091774546390429,0.0
train,baseline,2024-02-21,2,2,2,0,31.760938374062704,0.0
train,baseline,2024-02-22,2,2,2,0,30.572985513497116,0.0
train,baseline,2024-02-26,2,2,2,0,36.20150173866694,0.0
train,baseline,2024-02-27,2,2,2,0,-15.993241061130362,0.0
train,baseline,2024-02-28,2,2,2,0,-22.6256365423581,0.0
train,baseline,2024-02-29,2,2,2,0,0.2616880343450183,0.0
train,baseline,2024-03-04,2,1,1,0,-2.7779196129512638,0.0
train,baseline,2024-03-05,2,2,2,0,-9.013965060878784,0.0
train,baseline,2024-03-06,2,2,2,0,7.360025284450042,0.0
train,baseline,2024-03-08,2,2,2,0,0.5892949192711976,0.0
train,baseline,2024-03-11,2,2,2,0,-0.013073593073599898,0.0
train,baseline,2024-03-12,2,2,2,0,11.259711017459349,0.0
train,baseline,2024-03-13,2,2,2,0,11.575812675613115,0.0
train,baseline,2024-03-14,2,2,2,0,6.3512097667919525,0.0
train,baseline,2024-03-15,2,1,1,0,1.029669421487588,0.0
train,baseline,2024-03-18,2,2,2,0,-1.2232921810699922,0.0
train,baseline,2024-03-19,2,1,1,0,3.382375366568912,0.0
train,baseline,2024-03-20,2,2,2,0,-5.494199966838,0.0
train,baseline,2024-03-21,2,2,2,0,3.920984587288843,0.0
train,baseline,2024-03-22,2,2,2,0,1.9537632325468772,0.0
train,baseline,2024-03-25,2,2,2,0,-14.807622149837144,0.0
train,baseline,2024-03-26,2,2,2,0,-14.55953488372096,0.0
train,baseline,2024-03-27,2,2,2,0,-13.889040482671202,0.0
train,baseline,2024-03-28,2,2,2,0,15.680125734268465,0.0
train,baseline,2024-03-29,2,2,2,0,-6.753333333333336,0.0
train,baseline,2024-04-01,2,2,2,0,-9.442670025188917,0.0
train,baseline,2024-04-02,2,2,2,0,-7.397873977873982,0.0
train,baseline,2024-04-03,2,2,2,0,-13.781376673040182,0.0
train,baseline,2024-04-08,2,2,2,0,-6.88511627906976,0.0
train,baseline,2024-04-09,2,2,2,0,-4.981695685087064,0.0
train,baseline,2024-04-10,2,2,2,0,-12.42000000000001,0.0
train,baseline,2024-04-11,2,2,2,0,-12.42000000000001,0.0
train,baseline,2024-04-12,2,1,1,0,-18.862849740932653,0.0
train,baseline,2024-04-15,2,2,2,0,-15.802385086507357,0.0
train,baseline,2024-04-16,2,2,2,0,11.71628183831673,0.0
train,baseline,2024-04-17,2,1,1,0,2.541119641714639,0.0
train,baseline,2024-04-18,2,1,1,0,-6.210000000000005,0.0
train,baseline,2024-04-19,2,2,2,0,11.769405864479985,0.0
train,baseline,2024-04-22,2,2,2,0,6.450707264897234,0.0
train,baseline,2024-04-23,2,2,2,0,6.494786907539816,0.0
train,baseline,2024-04-24,2,2,2,0,8.55862765443922,0.0
train,baseline,2024-04-25,2,2,2,0,-4.545618443770562,0.0
train,baseline,2024-04-26,2,2,2,0,28.133385416666652,0.0
train,baseline,2024-04-29,2,2,2,0,19.967398893146026,0.0
train,baseline,2024-04-30,2,2,2,0,9.82872836901034,0.0
train,baseline,2024-05-06,2,2,2,0,-2.6903071420670295,0.0
train,baseline,2024-05-07,2,1,1,0,-1.4280267965895441,0.0
train,baseline,2024-05-08,2,2,2,0,-2.0811570247933915,0.0
train,baseline,2024-05-09,2,1,1,0,-6.210000000000005,0.0
train,baseline,2024-05-13,2,2,2,0,-2.2684848484848548,0.0
train,baseline,2024-05-16,2,2,2,0,-2.2151884218162072,0.0
train,baseline,2024-05-17,2,2,2,0,10.512847685948042,0.0
train,baseline,2024-05-21,2,2,2,0,-6.903481063658369,0.0
train,baseline,2024-05-22,2,2,2,0,15.668047966651653,0.0
train,baseline,2024-05-27,2,1,1,0,-2.4877822695097427,0.0
train,baseline,2024-05-28,2,2,2,0,-13.279350395149327,0.0
train,baseline,2024-05-29,2,2,2,0,-8.443608768971336,0.0
train,baseline,2024-06-03,2,1,1,0,-9.227341040462434,0.0
train,baseline,2024-06-04,2,1,1,0,-7.452339832869082,0.0
train,baseline,2024-06-06,2,2,2,0,-16.447100271002725,0.0
train,baseline,2024-06-07,2,2,2,0,-12.42,0.0
train,baseline,2024-06-11,2,1,1,0,7.722263814616758,0.0
train,baseline,2024-06-14,2,2,2,0,15.011351484682576,0.0
train,baseline,2024-06-17,2,2,2,0,2.645703766638339,0.0
train,baseline,2024-06-18,2,1,1,0,-6.387105831533492,0.0
train,baseline,2024-06-19,2,2,2,0,-12.42000000000001,0.0
train,baseline,2024-06-20,2,2,2,0,-9.804841795437826,0.0
train,baseline,2024-06-21,2,2,2,0,-12.42000000000001,0.0
train,baseline,2024-06-24,2,1,1,0,-6.210000000000005,0.0
train,baseline,2024-06-25,2,1,1,0,-6.210000000000005,0.0
train,baseline,2024-06-26,2,2,2,0,-1.130949217913026,0.0
train,baseline,2024-06-27,2,2,2,0,2.0082352941176866,0.0
train,baseline,2024-06-28,2,2,2,0,-8.746411526245414,0.0
train,baseline,2024-07-02,2,1,1,0,4.367908441831169,0.0
train,baseline,2024-07-03,2,1,1,0,-6.210000000000005,0.0
train,baseline,2024-07-04,2,2,2,0,-14.147975270479142,0.0
train,baseline,2024-07-05,2,2,2,0,11.003442449841582,0.0
train,baseline,2024-07-08,2,1,1,0,-6.210000000000016,0.0
train,baseline,2024-07-09,2,2,2,0,-3.362425409672511,0.0
train,baseline,2024-07-11,2,2,2,0,27.0206022112444,0.0
train,baseline,2024-07-15,2,2,2,0,4.073028628001006,0.0
train,baseline,2024-07-17,2,1,1,0,-2.0192105263157965,0.0
train,baseline,2024-07-18,2,1,1,0,-4.624003044140036,0.0
train,baseline,2024-07-19,2,2,2,0,-14.420000000000012,0.0
train,baseline,2024-07-23,2,2,2,0,4.797158176943704,0.0
train,baseline,2024-07-24,2,2,2,0,7.615982525529539,0.0
train,baseline,2024-07-25,2,1,1,0,-1.610560224089642,0.0
train,baseline,2024-07-26,2,1,1,0,2.505231788079464,0.0
train,baseline,2024-07-29,2,1,1,0,1.0104424103737566,0.0
train,baseline,2024-07-30,2,2,2,0,9.712591913332755,0.0
train,baseline,2024-07-31,2,1,1,0,-6.210000000000005,0.0
train,baseline,2024-08-01,2,2,2,0,-9.470288540807926,0.0
train,baseline,2024-08-02,2,2,2,0,0.06814629421274354,0.0
train,baseline,2024-08-05,2,2,2,0,-3.137557251908409,0.0
train,baseline,2024-08-06,2,1,1,0,-6.210000000000005,0.0
train,baseline,2024-08-07,2,1,1,0,15.618877005347606,0.0
train,baseline,2024-08-08,2,2,2,0,-4.7555889857852325,0.0
train,baseline,2024-08-09,2,2,2,0,-2.8518300507311096,0.0
train,baseline,2024-08-12,2,1,1,0,-6.210000000000005,0.0
train,baseline,2024-08-13,2,2,2,0,3.463905027995649,0.0
train,baseline,2024-08-14,2,2,2,0,-5.402986997205019,0.0
train,baseline,2024-08-15,2,2,2,0,-2.344111486293134,0.0
train,baseline,2024-08-19,2,1,1,0,-5.765555555555546,0.0
train,baseline,2024-08-20,2,1,1,0,8.074409654272683,0.0
train,baseline,2024-08-21,2,2,2,0,1.171093117408926,0.0
train,baseline,2024-08-23,2,2,2,0,-6.823426392327628,0.0
train,baseline,2024-08-26,2,1,1,0,-6.210000000000005,0.0
train,baseline,2024-08-27,2,1,1,0,5.990527704485492,0.0
train,baseline,2024-08-29,2,1,1,0,-0.33722646310433513,0.0
train,baseline,2024-08-30,2,1,1,0,-4.250404040404033,0.0
train,baseline,2024-09-02,2,1,1,0,-6.210000000000005,0.0
train,baseline,2024-09-03,2,2,2,0,-12.056363636363633,0.0
train,baseline,2024-09-04,2,1,1,0,-6.210000000000016,0.0
train,baseline,2024-09-05,2,1,1,0,-6.209999999999995,0.0
train,baseline,2024-09-06,2,2,2,0,-15.584251207729462,0.0
train,baseline,2024-09-09,2,2,2,0,-2.910499534369017,0.0
train,baseline,2024-09-11,2,2,2,0,1.0837147102525906,0.0
train,baseline,2024-09-12,2,1,1,0,1.5918018018018056,0.0
train,baseline,2024-09-13,2,1,1,0,-6.210000000000016,0.0
train,baseline,2024-09-18,2,2,2,0,11.552378760219105,0.0
train,baseline,2024-09-19,2,1,1,0,14.002678936605315,0.0
train,baseline,2024-09-23,2,1,1,0,8.381549295774636,0.0
train,baseline,2024-09-24,2,1,1,0,8.084930875576022,0.0
train,baseline,2024-09-25,2,1,1,0,18.97194640338504,0.0
train,baseline,2024-09-26,2,2,2,0,43.743471124806405,0.0
train,baseline,2024-09-27,2,1,1,0,0.3115123859191762,0.0
train,baseline,2024-10-09,2,2,2,0,-12.561732283464568,0.0
train,baseline,2024-10-14,2,2,2,0,4.972642257509039,0.0
train,baseline,2024-10-16,2,1,1,0,-0.906864111498241,0.0
train,baseline,2024-10-18,2,1,1,0,18.389033816425137,0.0
train,baseline,2024-10-22,2,2,2,0,10.300795360397695,0.0
train,baseline,2024-10-23,2,2,2,0,12.592931895346492,0.0
train,baseline,2024-10-24,2,2,2,0,1.7764218854286788,0.0
train,baseline,2024-10-25,2,1,1,0,-1.48388535031846,0.0
train,baseline,2024-10-28,2,2,2,0,-4.800184591595104,0.0
train,baseline,2024-10-29,2,2,2,0,-14.430680907877182,0.0
train,baseline,2024-10-30,2,2,2,0,-7.086222518321129,0.0
train,baseline,2024-10-31,2,2,2,0,-12.42,0.0
train,baseline,2024-11-01,2,2,2,0,-17.120934579439265,0.0
train,baseline,2024-11-04,2,2,2,0,9.693047827425703,0.0
train,baseline,2024-11-05,2,2,2,0,6.377139296100685,0.0
train,baseline,2024-11-06,2,2,2,0,25.367474580978055,0.0
train,baseline,2024-11-07,2,2,2,0,-0.86313146233379,0.0
train,baseline,2024-11-08,2,2,2,0,3.021971383147846,0.0
train,baseline,2024-11-11,2,2,2,0,-4.2504377223152945,0.0
train,baseline,2024-11-12,2,1,1,0,-6.210000000000005,0.0
train,baseline,2024-11-13,2,2,2,0,-12.41999999999999,0.0
train,baseline,2024-11-14,2,2,2,0,8.498032786885233,0.0
train,baseline,2024-11-15,2,2,2,0,-12.42000000000001,0.0
train,baseline,2024-11-19,2,1,1,0,2.296112469437638,0.0
train,baseline,2024-11-20,2,2,2,0,0.26908819133034534,0.0
train,baseline,2024-11-21,2,1,1,0,-6.210000000000005,0.0
train,baseline,2024-11-22,2,2,2,0,-12.42,0.0
train,baseline,2024-11-25,2,2,2,0,0.3269398499539431,0.0
train,baseline,2024-11-27,2,2,2,0,5.195987460815042,0.0
train,baseline,2024-11-28,2,1,1,0,5.681472868217051,0.0
train,baseline,2024-11-29,2,2,2,0,0.1045418158837137,0.0
train,baseline,2024-12-02,2,2,2,0,9.040856140317931,0.0
train,baseline,2024-12-03,2,2,2,0,-11.530228180672268,0.0
train,baseline,2024-12-04,2,2,2,0,2.2037530585356717,0.0
train,baseline,2024-12-05,2,2,2,0,6.317506362846968,0.0
train,baseline,2024-12-06,2,2,2,0,-0.5844545911852035,0.0
train,baseline,2024-12-09,2,2,2,0,44.53779592111333,0.0
train,baseline,2024-12-11,2,2,2,0,16.447838839729354,0.0
train,baseline,2024-12-12,2,2,2,0,-12.42000000000001,0.0
train,baseline,2024-12-13,2,2,2,0,6.328710390567436,0.0
train,baseline,2024-12-16,2,2,2,0,-12.42000000000001,0.0
train,baseline,2024-12-17,2,2,2,0,-17.01218559218558,0.0
train,baseline,2024-12-18,2,2,2,0,-12.420000000000021,0.0
train,baseline,2024-12-20,2,2,2,0,-17.689276393831534,0.0
train,baseline,2024-12-23,2,2,2,0,-0.792655273030431,0.0
train,baseline,2024-12-24,2,2,2,0,1.9834616559591716,0.0
train,baseline,2024-12-25,2,1,1,0,4.882592592592582,0.0
train,baseline,2024-12-26,2,2,2,0,-4.207734528143383,0.0
train,baseline,2024-12-27,2,1,1,0,-6.210000000000005,0.0
train,baseline,2024-12-30,2,2,2,0,-12.42000000000001,0.0
train,baseline,2024-12-31,2,2,2,0,-12.42000000000001,0.0
train,baseline,2025-01-02,2,2,2,0,-32.41989598321864,0.0
train,baseline,2025-01-03,2,2,2,0,-22.541329491195285,0.0
train,baseline,2025-01-06,2,1,1,0,-0.6923151125401992,0.0
train,baseline,2025-01-08,2,1,1,0,-6.672984723854282,0.0
train,baseline,2025-01-09,2,1,1,0,7.308796992481214,0.0
train,baseline,2025-01-13,2,2,2,0,19.78114621122113,0.0
train,baseline,2025-01-14,2,1,1,0,19.701991199119902,0.0
train,baseline,2025-01-15,2,1,1,0,-0.635170068027203,0.0
train,baseline,2025-01-16,2,2,2,0,0.5210847533133038,0.0
train,baseline,2025-01-17,2,2,2,0,-3.0338722009830583,0.0
train,baseline,2025-01-20,2,2,2,0,-2.3700048823308135,0.0
train,baseline,2025-01-22,2,2,2,0,-5.049428227548915,0.0
train,baseline,2025-01-24,2,2,2,0,-0.0913668554343734,0.0
train,baseline,2025-01-27,2,2,2,0,-12.611369606003745,0.0
train,baseline,2025-02-05,2,1,1,0,4.322415375788856,0.0
train,baseline,2025-02-06,2,2,2,0,6.101526520281773,0.0
train,baseline,2025-02-10,2,2,2,0,0.1978715399218216,0.0
train,baseline,2025-02-11,2,2,2,0,-7.711073968705552,0.0
train,baseline,2025-02-12,2,2,2,0,9.139705774949135,0.0
train,baseline,2025-02-13,2,2,2,0,-12.420000000000021,0.0
train,baseline,2025-02-14,2,2,2,0,-2.468244980499758,0.0
train,baseline,2025-02-18,2,2,2,0,5.40116956690224,0.0
train,baseline,2025-02-19,2,2,2,0,4.219395166734161,0.0
train,baseline,2025-02-21,2,2,2,0,2.3476508344030793,0.0
train,baseline,2025-02-24,2,2,2,0,-1.614805194805193,0.0
train,baseline,2025-02-25,2,2,2,0,-8.920000000000018,0.0
train,baseline,2025-02-26,2,1,1,0,-1.023008130081283,0.0
train,baseline,2025-02-27,2,1,1,0,-6.210000000000005,0.0
train,baseline,2025-02-28,2,2,2,0,-14.75333333333333,0.0
train,baseline,2025-03-03,2,2,2,0,-16.07554948544726,0.0
train,baseline,2025-03-05,2,2,2,0,5.404432576769034,0.0
train,baseline,2025-03-06,2,2,2,0,3.0075449225083632,0.0
train,baseline,2025-03-07,2,2,2,0,-6.072777777777795,0.0
train,baseline,2025-03-10,2,2,2,0,-8.50432022738036,0.0
train,baseline,2025-03-11,2,2,2,0,6.3379816504324875,0.0
train,baseline,2025-03-13,2,1,1,0,-9.591443298969084,0.0
train,baseline,2025-03-14,2,1,1,0,6.059592476489039,0.0
train,baseline,2025-03-18,2,2,2,0,5.43383244206774,0.0
train,baseline,2025-03-19,2,1,1,0,18.23660194174754,0.0
train,baseline,2025-03-21,2,1,1,0,-6.210000000000005,0.0
train,baseline,2025-03-24,2,2,2,0,-15.906862799073687,0.0
train,baseline,2025-03-25,2,1,1,0,-6.841989596879073,0.0
train,baseline,2025-03-26,2,1,1,0,-6.210000000000005,0.0
train,baseline,2025-03-27,2,2,2,0,-11.015995625428657,0.0
train,baseline,2025-03-28,2,2,2,0,-3.4463813493863427,0.0
train,baseline,2025-03-31,2,2,2,0,-5.212650918635166,0.0
train,baseline,2025-04-03,2,2,2,0,-12.067849659017918,0.0
train,baseline,2025-04-07,2,1,1,0,-10.183226238286482,0.0
train,baseline,2025-04-08,2,1,1,0,15.221164901664139,0.0
train,baseline,2025-04-10,2,1,1,0,-1.3847430249632762,0.0
train,baseline,2025-04-11,2,1,1,0,1.9835483870967776,0.0
train,baseline,2025-04-14,2,2,2,0,-5.041621621621619,0.0
train,baseline,2025-04-15,2,2,2,0,2.1988790806129237,0.0
train,baseline,2025-04-16,2,2,2,0,-1.0874053177640581,0.0
train,baseline,2025-04-17,2,2,2,0,3.2601838334684756,0.0
train,baseline,2025-04-18,2,1,1,0,3.1192231812577234,0.0
train,baseline,2025-04-21,2,2,2,0,-2.8065546218487576,0.0
train,baseline,2025-04-22,2,1,1,0,2.939606299212593,0.0
train,baseline,2025-04-23,2,2,2,0,-9.950684479454942,0.0
train,baseline,2025-04-24,2,2,2,0,-12.971270713578857,0.0
train,baseline,2025-04-25,2,2,2,0,-2.952846715328496,0.0
train,baseline,2025-04-28,2,1,1,0,-6.210000000000005,0.0
train,baseline,2025-04-29,2,2,2,0,17.83239744586602,0.0
train,baseline,2025-04-30,2,1,1,0,5.909610570236422,0.0
train,baseline,2025-05-08,2,2,2,0,6.661024930747937,0.0
train,baseline,2025-05-09,2,1,1,0,-0.5835990037359804,0.0
train,baseline,2025-05-12,2,2,2,0,12.560009298000939,0.0
train,baseline,2025-05-13,2,1,1,0,-7.0899999999999865,0.0
train,baseline,2025-05-14,2,2,2,0,-5.651034284729786,0.0
train,baseline,2025-05-15,2,1,1,0,2.0755530474040764,0.0
train,baseline,2025-05-16,2,2,2,0,-4.583541807541449,0.0
train,baseline,2025-05-19,2,2,2,0,-2.217548343231936,0.0
train,baseline,2025-05-21,2,2,2,0,2.9215583483902945,0.0
train,baseline,2025-05-22,2,2,2,0,1.8022222222221904,0.0
train,baseline,2025-05-23,2,2,2,0,-1.491593132962556,0.0
train,baseline,2025-05-26,2,2,2,0,1.506336740080159,0.0
train,baseline,2025-05-28,2,2,2,0,17.436755451542716,0.0
train,baseline,2025-05-29,2,2,2,0,-7.222854594112406,0.0
train,baseline,2025-05-30,2,2,2,0,-3.206570743405292,0.0
train,baseline,2025-06-03,2,2,2,0,0.05828348364200586,0.0
train,baseline,2025-06-05,2,2,2,0,-9.304497031842365,0.0
train,baseline,2025-06-06,2,1,1,0,-2.7962068965517126,0.0
train,baseline,2025-06-09,2,1,1,0,5.413309416258304,0.0
train,baseline,2025-06-10,2,2,2,0,-9.506998312865903,0.0
train,baseline,2025-06-11,2,2,2,0,9.070554371266958,0.0
train,baseline,2025-06-12,2,2,2,0,-7.440408163265301,0.0
train,baseline,2025-06-13,2,2,2,0,-12.420000000000021,0.0
train,baseline,2025-06-16,2,2,2,0,-7.551071190951443,0.0
train,baseline,2025-06-17,2,2,2,0,-12.42,0.0
train,baseline,2025-06-18,2,2,2,0,-1.804615384615384,0.0
train,baseline,2025-06-19,2,2,2,0,1.307272727272733,0.0
train,baseline,2025-06-20,2,1,1,0,-6.210000000000016,0.0
train,baseline,2025-06-23,2,2,2,0,9.077314914060961,0.0
train,baseline,2025-06-24,2,2,2,0,3.95381436927603,0.0
train,support_hold,2024-01-02,2,1,1,0,-1.6616129032257962,0.0
train,support_hold,2024-01-03,2,2,2,0,0.8545627764584323,-2.301625461437984
train,support_hold,2024-01-04,2,2,2,0,-3.777604227833244,0.0
train,support_hold,2024-01-05,2,2,2,0,-16.88707934721439,0.0
train,support_hold,2024-01-08,2,2,2,0,-2.6727989636258904,14.875950475553935
train,support_hold,2024-01-09,2,1,1,0,-6.210000000000016,6.210000000000005
train,support_hold,2024-01-10,2,2,2,0,0.9632382369966201,0.0
train,support_hold,2024-01-11,2,2,2,0,6.062773026229026,0.0
train,support_hold,2024-01-12,2,2,2,0,-12.42000000000001,0.0
train,support_hold,2024-01-15,2,2,2,0,-8.711237987563583,0.0
train,support_hold,2024-01-16,2,2,2,0,-7.548425577646446,0.0
train,support_hold,2024-01-17,2,2,2,0,-13.179906759906759,0.0
train,support_hold,2024-01-18,2,1,1,0,-21.27072252113759,0.0
train,support_hold,2024-01-19,2,2,2,0,-31.655454246313067,0.0
train,support_hold,2024-01-22,2,2,2,0,-18.903805081607143,3.310616556286071
train,support_hold,2024-01-23,2,2,2,0,10.015478226088701,13.27417955121052
train,support_hold,2024-01-24,2,1,1,0,5.854880112834992,0.0
train,support_hold,2024-01-25,2,1,1,0,-18.179661610268372,0.0
train,support_hold,2024-01-26,2,1,1,0,-2.6246544546211457,0.0
train,support_hold,2024-01-29,2,2,2,0,-13.639512195121963,0.0
train,support_hold,2024-01-30,2,1,1,0,-6.758100242522203,5.661899757477818
train,support_hold,2024-01-31,2,1,1,0,-6.210000000000005,0.0
train,support_hold,2024-02-01,2,1,1,0,-6.210000000000005,0.0
train,support_hold,2024-02-02,2,2,2,0,-26.248105935874236,-16.93801288056951
train,support_hold,2024-02-05,2,2,2,0,-31.502574048636227,0.0
train,support_hold,2024-02-06,2,1,1,0,21.706508538899435,4.132872340425532
train,support_hold,2024-02-08,2,1,1,0,-0.1687968685620387,0.0
train,support_hold,2024-02-19,2,1,1,0,1.427630662020917,-10.199836065573752
train,support_hold,2024-02-20,2,2,2,0,13.091774546390429,0.0
train,support_hold,2024-02-21,2,2,2,0,31.760938374062704,0.0
train,support_hold,2024-02-22,2,2,2,0,30.572985513497116,0.0
train,support_hold,2024-02-26,2,2,2,0,36.20150173866694,0.0
train,support_hold,2024-02-27,2,2,2,0,-15.993241061130362,0.0
train,support_hold,2024-02-28,2,2,2,0,-22.6256365423581,0.0
train,support_hold,2024-02-29,2,0,0,0,0.0,-0.2616880343450183
train,support_hold,2024-03-04,2,1,1,0,-2.7779196129512638,0.0
train,support_hold,2024-03-05,2,2,2,0,-4.867189671701612,4.146775389177171
train,support_hold,2024-03-06,2,2,2,0,7.360025284450042,0.0
train,support_hold,2024-03-08,2,2,2,0,0.5892949192711976,0.0
train,support_hold,2024-03-11,2,2,2,0,-0.013073593073599898,0.0
train,support_hold,2024-03-12,2,2,2,0,11.259711017459349,0.0
train,support_hold,2024-03-13,2,2,2,0,11.575812675613115,0.0
train,support_hold,2024-03-14,2,2,2,0,6.3512097667919525,0.0
train,support_hold,2024-03-15,2,0,0,0,0.0,-1.029669421487588
train,support_hold,2024-03-18,2,2,2,0,-2.987454895778598,-1.7641627147086059
train,support_hold,2024-03-19,2,0,0,0,0.0,-3.382375366568912
train,support_hold,2024-03-20,2,2,2,0,-5.494199966838,0.0
train,support_hold,2024-03-21,2,2,2,0,3.920984587288843,0.0
train,support_hold,2024-03-22,2,2,2,0,1.9537632325468772,0.0
train,support_hold,2024-03-25,2,2,2,0,-12.42000000000001,2.3876221498371333
train,support_hold,2024-03-26,2,0,0,0,0.0,14.55953488372096
train,support_hold,2024-03-27,2,2,2,0,-13.889040482671202,0.0
train,support_hold,2024-03-28,2,2,2,0,35.147999259548165,19.4678735252797
train,support_hold,2024-03-29,2,2,2,0,-6.753333333333336,0.0
train,support_hold,2024-04-01,2,2,2,0,-9.442670025188917,0.0
train,support_hold,2024-04-02,2,2,2,0,-7.397873977873982,0.0
train,support_hold,2024-04-03,2,2,2,0,-12.42000000000001,1.361376673040171
train,support_hold,2024-04-08,2,2,2,0,-6.88511627906976,0.0
train,support_hold,2024-04-09,2,2,2,0,-12.42000000000001,-7.438304314912947
train,support_hold,2024-04-10,2,2,2,0,-12.42000000000001,0.0
train,support_hold,2024-04-11,2,2,2,0,-12.420000000000021,-1.0658141036401503e-14
train,support_hold,2024-04-12,2,1,1,0,-18.862849740932653,0.0
train,support_hold,2024-04-15,2,2,2,0,-15.802385086507357,0.0
train,support_hold,2024-04-16,2,1,1,0,21.56083333333334,9.844551495016608
train,support_hold,2024-04-17,2,1,1,0,2.541119641714639,0.0
train,support_hold,2024-04-18,2,1,1,0,-6.210000000000005,0.0
train,support_hold,2024-04-19,2,2,2,0,11.769405864479985,0.0
train,support_hold,2024-04-22,2,2,2,0,-9.225024952675987,-15.675732217573222
train,support_hold,2024-04-23,2,2,2,0,5.410652339242337,-1.084134568297479
train,support_hold,2024-04-24,2,2,2,0,8.55862765443922,0.0
train,support_hold,2024-04-25,2,2,2,0,-4.545618443770562,0.0
train,support_hold,2024-04-26,2,2,2,0,28.133385416666652,0.0
train,support_hold,2024-04-29,2,2,2,0,19.967398893146026,0.0
train,support_hold,2024-04-30,2,2,2,0,9.82872836901034,0.0
train,support_hold,2024-05-06,2,1,1,0,-1.0478378378378403,1.6424693042291891
train,support_hold,2024-05-07,2,1,1,0,-1.4280267965895441,0.0
train,support_hold,2024-05-08,2,2,2,0,-2.0811570247933915,0.0
train,support_hold,2024-05-09,2,1,1,0,-6.210000000000005,0.0
train,support_hold,2024-05-13,2,2,2,0,-2.2684848484848548,0.0
train,support_hold,2024-05-16,2,1,1,0,-2.2914479638009198,-0.07625954198471252
train,support_hold,2024-05-17,2,2,2,0,10.512847685948042,0.0
train,support_hold,2024-05-21,2,1,1,0,-0.6934810636583641,6.210000000000005
train,support_hold,2024-05-22,2,2,2,0,15.668047966651653,0.0
train,support_hold,2024-05-27,2,1,1,0,-2.4877822695097427,0.0
train,support_hold,2024-05-28,2,1,1,0,-6.514728546409821,6.764621848739506
train,support_hold,2024-05-29,2,2,2,0,-8.443608768971336,0.0
train,support_hold,2024-06-03,2,1,1,0,-9.227341040462434,0.0
train,support_hold,2024-06-04,2,1,1,0,-7.452339832869082,0.0
train,support_hold,2024-06-06,2,2,2,0,-16.420000000000016,0.027100271002709064
train,support_hold,2024-06-07,2,1,1,0,-6.210000000000005,6.209999999999995
train,support_hold,2024-06-11,2,0,0,0,0.0,-7.722263814616758
train,support_hold,2024-06-14,2,1,1,0,7.304450867052025,-7.706900617630551
train,support_hold,2024-06-17,2,2,2,0,-0.35678751585970403,-3.002491282498043
train,support_hold,2024-06-18,2,1,1,0,-6.387105831533492,0.0
train,support_hold,2024-06-19,2,2,2,0,-12.42000000000001,0.0
train,support_hold,2024-06-20,2,2,2,0,-12.327569068165094,-2.522727272727268
train,support_hold,2024-06-21,2,2,2,0,-12.42000000000001,0.0
train,support_hold,2024-06-24,2,0,0,0,0.0,6.210000000000005
train,support_hold,2024-06-25,2,1,1,0,-6.210000000000005,0.0
train,support_hold,2024-06-26,2,2,2,0,-1.130949217913026,0.0
train,support_hold,2024-06-27,2,2,2,0,2.0082352941176866,0.0
train,support_hold,2024-06-28,2,2,2,0,-2.4382959424412727,6.308115583804141
train,support_hold,2024-07-02,2,1,1,0,4.367908441831169,0.0
train,support_hold,2024-07-03,2,0,0,0,0.0,6.210000000000005
train,support_hold,2024-07-04,2,2,2,0,-14.147975270479142,0.0
train,support_hold,2024-07-05,2,1,1,0,17.213442449841597,6.210000000000015
train,support_hold,2024-07-08,2,1,1,0,-6.210000000000016,0.0
train,support_hold,2024-07-09,2,2,2,0,-3.362425409672511,0.0
train,support_hold,2024-07-11,2,2,2,0,6.334143388329359,-20.686458822915043
train,support_hold,2024-07-15,2,2,2,0,-4.484516129032247,-8.557544757033252
train,support_hold,2024-07-17,2,1,1,0,-2.0192105263157965,0.0
train,support_hold,2024-07-18,2,1,1,0,6.012707423580776,10.63671046772081
train,support_hold,2024-07-19,2,2,2,0,-14.420000000000012,0.0
train,support_hold,2024-07-23,2,2,2,0,4.797158176943704,0.0
train,support_hold,2024-07-24,2,2,2,0,7.615982525529539,0.0
train,support_hold,2024-07-25,2,1,1,0,-1.610560224089642,0.0
train,support_hold,2024-07-26,2,1,1,0,2.505231788079464,0.0
train,support_hold,2024-07-29,2,1,1,0,1.0104424103737566,0.0
train,support_hold,2024-07-30,2,2,2,0,4.95047856126801,-4.762113352064745
train,support_hold,2024-07-31,2,1,1,0,-6.210000000000005,0.0
train,support_hold,2024-08-01,2,2,2,0,-9.470288540807926,0.0
train,support_hold,2024-08-02,2,2,2,0,0.06814629421274354,0.0
train,support_hold,2024-08-05,2,2,2,0,-3.137557251908409,0.0
train,support_hold,2024-08-06,2,1,1,0,-6.210000000000005,0.0
train,support_hold,2024-08-07,2,1,1,0,15.618877005347606,0.0
train,support_hold,2024-08-08,2,2,2,0,-4.7555889857852325,0.0
train,support_hold,2024-08-09,2,2,2,0,-2.8518300507311096,0.0
train,support_hold,2024-08-12,2,0,0,0,0.0,6.210000000000005
train,support_hold,2024-08-13,2,2,2,0,3.463905027995649,0.0
train,support_hold,2024-08-14,2,2,2,0,-5.402986997205019,0.0
train,support_hold,2024-08-15,2,2,2,0,-2.344111486293134,0.0
train,support_hold,2024-08-19,2,1,1,0,-5.765555555555546,0.0
train,support_hold,2024-08-20,2,1,1,0,8.074409654272683,0.0
train,support_hold,2024-08-21,2,2,2,0,1.171093117408926,0.0
train,support_hold,2024-08-23,2,2,2,0,-6.823426392327628,0.0
train,support_hold,2024-08-26,2,1,1,0,-6.210000000000005,0.0
train,support_hold,2024-08-27,2,1,1,0,5.990527704485492,0.0
train,support_hold,2024-08-29,2,1,1,0,-0.33722646310433513,0.0
train,support_hold,2024-08-30,2,1,1,0,-4.250404040404033,0.0
train,support_hold,2024-09-02,2,1,1,0,-6.210000000000005,0.0
train,support_hold,2024-09-03,2,2,2,0,-12.056363636363633,0.0
train,support_hold,2024-09-04,2,1,1,0,-6.210000000000016,0.0
train,support_hold,2024-09-05,2,0,0,0,0.0,6.209999999999995
train,support_hold,2024-09-06,2,1,1,0,-7.818695652173914,7.765555555555548
train,support_hold,2024-09-09,2,2,2,0,-8.697603384741361,-5.787103850372344
train,support_hold,2024-09-11,2,1,1,0,7.293714710252596,6.210000000000005
train,support_hold,2024-09-12,2,1,1,0,1.5918018018018056,0.0
train,support_hold,2024-09-13,2,1,1,0,-6.210000000000016,0.0
train,support_hold,2024-09-18,2,2,2,0,11.552378760219105,0.0
train,support_hold,2024-09-19,2,1,1,0,14.002678936605315,0.0
train,support_hold,2024-09-23,2,1,1,0,8.381549295774636,0.0
train,support_hold,2024-09-24,2,1,1,0,8.084930875576022,0.0
train,support_hold,2024-09-25,2,1,1,0,18.97194640338504,0.0
train,support_hold,2024-09-26,2,2,2,0,43.743471124806405,0.0
train,support_hold,2024-09-27,2,1,1,0,0.3115123859191762,0.0
train,support_hold,2024-10-09,2,2,2,0,-12.561732283464568,0.0
train,support_hold,2024-10-14,2,2,2,0,1.8795064546249223,-3.093135802884117
train,support_hold,2024-10-16,2,1,1,0,-0.906864111498241,0.0
train,support_hold,2024-10-18,2,0,0,0,0.0,-18.389033816425137
train,support_hold,2024-10-22,2,2,2,0,10.300795360397695,0.0
train,support_hold,2024-10-23,2,2,2,0,12.592931895346492,0.0
train,support_hold,2024-10-24,2,2,2,0,1.7764218854286788,0.0
train,support_hold,2024-10-25,2,1,1,0,-1.48388535031846,0.0
train,support_hold,2024-10-28,2,1,1,0,-0.872983425414354,3.92720116618075
train,support_hold,2024-10-29,2,2,2,0,-14.430680907877182,0.0
train,support_hold,2024-10-30,2,2,2,0,-7.086222518321129,0.0
train,support_hold,2024-10-31,2,2,2,0,-12.42,0.0
train,support_hold,2024-11-01,2,2,2,0,-17.120934579439265,0.0
train,support_hold,2024-11-04,2,2,2,0,12.349084058967927,2.656036231542224
train,support_hold,2024-11-05,2,1,1,0,6.070788177339924,-0.3063511187607606
train,support_hold,2024-11-06,2,2,2,0,25.367474580978055,0.0
train,support_hold,2024-11-07,2,2,2,0,-0.86313146233379,0.0
train,support_hold,2024-11-08,2,1,1,0,-0.8856756756756909,-3.907647058823537
train,support_hold,2024-11-11,2,2,2,0,-4.130348513188522,0.1200892091267729
train,support_hold,2024-11-12,2,1,1,0,-6.210000000000005,0.0
train,support_hold,2024-11-13,2,2,2,0,-12.42,-1.0658141036401503e-14
train,support_hold,2024-11-14,2,2,2,0,-12.420000000000021,-20.918032786885256
train,support_hold,2024-11-15,2,2,2,0,-2.23196581196581,10.188034188034202
train,support_hold,2024-11-19,2,1,1,0,2.296112469437638,0.0
train,support_hold,2024-11-20,2,1,1,0,-6.210000000000016,-6.479088191330361
train,support_hold,2024-11-21,2,1,1,0,-6.210000000000005,0.0
train,support_hold,2024-11-22,2,2,2,0,-2.331111111111097,10.088888888888903
train,support_hold,2024-11-25,2,2,2,0,0.3269398499539431,0.0
train,support_hold,2024-11-27,2,2,2,0,5.195987460815042,0.0
train,support_hold,2024-11-28,2,0,0,0,0.0,-5.681472868217051
train,support_hold,2024-11-29,2,2,2,0,2.9968282960205004,2.8922864801367867
train,support_hold,2024-12-02,2,1,1,0,6.266399560922053,-2.7744565793958786
train,support_hold,2024-12-03,2,2,2,0,-11.530228180672268,0.0
train,support_hold,2024-12-04,2,2,2,0,2.2037530585356717,0.0
train,support_hold,2024-12-05,2,2,2,0,7.69360427282215,1.376097909975182
train,support_hold,2024-12-06,2,2,2,0,-0.5844545911852035,0.0
train,support_hold,2024-12-09,2,2,2,0,19.70940239264932,-24.82839352846401
train,support_hold,2024-12-11,2,2,2,0,3.4586636605862013,-12.989175179143153
train,support_hold,2024-12-12,2,2,2,0,-12.42000000000001,0.0
train,support_hold,2024-12-13,2,2,2,0,6.328710390567436,0.0
train,support_hold,2024-12-16,2,2,2,0,-17.4436220472441,-5.023622047244091
train,support_hold,2024-12-17,2,2,2,0,-8.089677066228763,8.922508525956818
train,support_hold,2024-12-18,2,1,1,0,-6.210000000000005,6.210000000000016
train,support_hold,2024-12-20,2,2,2,0,-17.689276393831534,0.0
train,support_hold,2024-12-23,2,2,2,0,-0.792655273030431,0.0
train,support_hold,2024-12-24,2,1,1,0,2.576377708978338,0.5929160530191666
train,support_hold,2024-12-25,2,1,1,0,4.882592592592582,0.0
train,support_hold,2024-12-26,2,2,2,0,-4.207734528143383,0.0
train,support_hold,2024-12-27,2,0,0,0,0.0,6.210000000000005
train,support_hold,2024-12-30,2,2,2,0,-12.42000000000001,0.0
train,support_hold,2024-12-31,2,2,2,0,-12.42000000000001,0.0
train,support_hold,2025-01-02,2,2,2,0,-32.41989598321864,0.0
train,support_hold,2025-01-03,2,2,2,0,-0.48737039811053506,22.05395909308475
train,support_hold,2025-01-06,2,1,1,0,-0.6923151125401992,0.0
train,support_hold,2025-01-08,2,1,1,0,-6.672984723854282,0.0
train,support_hold,2025-01-09,2,1,1,0,7.308796992481214,0.0
train,support_hold,2025-01-13,2,2,2,0,15.637609931073921,-4.1435362801472095
train,support_hold,2025-01-14,2,0,0,0,0.0,-19.701991199119902
train,support_hold,2025-01-15,2,1,1,0,-0.635170068027203,0.0
train,support_hold,2025-01-16,2,2,2,0,0.5210847533133038,0.0
train,support_hold,2025-01-17,2,2,2,0,-3.0338722009830583,0.0
train,support_hold,2025-01-20,2,2,2,0,-2.3700048823308135,0.0
train,support_hold,2025-01-22,2,1,1,0,-4.445727440147318,0.6037007874015963
train,support_hold,2025-01-24,2,2,2,0,6.251121252617462,6.342488108051835
train,support_hold,2025-01-27,2,2,2,0,-12.611369606003745,0.0
train,support_hold,2025-02-05,2,0,0,0,0.0,-4.322415375788856
train,support_hold,2025-02-06,2,1,1,0,4.3012781954887105,-1.8002483247930625
train,support_hold,2025-02-10,2,2,2,0,0.1978715399218216,0.0
train,support_hold,2025-02-11,2,2,2,0,-7.711073968705552,0.0
train,support_hold,2025-02-12,2,2,2,0,9.139705774949135,0.0
train,support_hold,2025-02-13,2,2,2,0,-12.420000000000021,0.0
train,support_hold,2025-02-14,2,2,2,0,-2.468244980499758,0.0
train,support_hold,2025-02-18,2,2,2,0,5.40116956690224,0.0
train,support_hold,2025-02-19,2,2,2,0,4.219395166734161,0.0
train,support_hold,2025-02-21,2,2,2,0,3.72939024390244,1.3817394094993607
train,support_hold,2025-02-24,2,2,2,0,6.544663243733016,8.159468438538209
train,support_hold,2025-02-25,2,2,2,0,-12.420000000000032,-3.500000000000014
train,support_hold,2025-02-26,2,1,1,0,-1.023008130081283,0.0
train,support_hold,2025-02-27,2,1,1,0,-6.210000000000005,0.0
train,support_hold,2025-02-28,2,1,1,0,-6.210000000000005,8.543333333333326
train,support_hold,2025-03-03,2,0,0,0,0.0,16.07554948544726
train,support_hold,2025-03-05,2,2,2,0,5.404432576769034,0.0
train,support_hold,2025-03-06,2,2,2,0,3.0075449225083632,0.0
train,support_hold,2025-03-07,2,1,1,0,0.1372222222222099,6.210000000000005
train,support_hold,2025-03-10,2,2,2,0,-8.50432022738036,0.0
train,support_hold,2025-03-11,2,2,2,0,1.1539237146119579,-5.18405793582053
train,support_hold,2025-03-13,2,1,1,0,-6.210000000000005,3.381443298969079
train,support_hold,2025-03-14,2,0,0,0,0.0,-6.059592476489039
train,support_hold,2025-03-18,2,2,2,0,5.43383244206774,0.0
train,support_hold,2025-03-19,2,1,1,0,18.23660194174754,0.0
train,support_hold,2025-03-21,2,1,1,0,-6.210000000000005,0.0
train,support_hold,2025-03-24,2,2,2,0,-15.906862799073687,0.0
train,support_hold,2025-03-25,2,1,1,0,-6.841989596879073,0.0
train,support_hold,2025-03-26,2,0,0,0,0.0,6.210000000000005
train,support_hold,2025-03-27,2,2,2,0,-7.356454849498331,3.659540775930326
train,support_hold,2025-03-28,2,2,2,0,-3.4463813493863427,0.0
train,support_hold,2025-03-31,2,2,2,0,3.447566735536565,8.660217654171731
train,support_hold,2025-04-03,2,1,1,0,-8.959298934380246,3.108550724637672
train,support_hold,2025-04-07,2,0,0,0,0.0,10.183226238286482
train,support_hold,2025-04-08,2,1,1,0,15.221164901664139,0.0
train,support_hold,2025-04-10,2,1,1,0,-1.3847430249632762,0.0
train,support_hold,2025-04-11,2,1,1,0,1.9835483870967776,0.0
train,support_hold,2025-04-14,2,2,2,0,-5.041621621621619,0.0
train,support_hold,2025-04-15,2,2,2,0,2.1988790806129237,0.0
train,support_hold,2025-04-16,2,2,2,0,-4.772748445260646,-3.685343127496588
train,support_hold,2025-04-17,2,2,2,0,-4.949411764705893,-8.209595598174369
train,support_hold,2025-04-18,2,1,1,0,3.1192231812577234,0.0
train,support_hold,2025-04-21,2,2,2,0,-2.8065546218487576,0.0
train,support_hold,2025-04-22,2,1,1,0,2.939606299212593,0.0
train,support_hold,2025-04-23,2,2,2,0,-9.950684479454942,0.0
train,support_hold,2025-04-24,2,2,2,0,-12.971270713578857,0.0
train,support_hold,2025-04-25,2,2,2,0,-3.7618881759853524,-0.8090414606568563
train,support_hold,2025-04-28,2,1,1,0,-6.210000000000005,0.0
train,support_hold,2025-04-29,2,2,2,0,17.83239744586602,0.0
train,support_hold,2025-04-30,2,0,0,0,0.0,-5.909610570236422
train,support_hold,2025-05-08,2,2,2,0,6.661024930747937,0.0
train,support_hold,2025-05-09,2,1,1,0,-0.5835990037359804,0.0
train,support_hold,2025-05-12,2,2,2,0,12.560009298000939,0.0
train,support_hold,2025-05-13,2,1,1,0,-7.0899999999999865,0.0
train,support_hold,2025-05-14,2,2,2,0,-5.651034284729786,0.0
train,support_hold,2025-05-15,2,1,1,0,2.0755530474040764,0.0
train,support_hold,2025-05-16,2,2,2,0,-4.583541807541449,0.0
train,support_hold,2025-05-19,2,2,2,0,-2.217548343231936,0.0
train,support_hold,2025-05-21,2,2,2,0,2.9215583483902945,0.0
train,support_hold,2025-05-22,2,2,2,0,1.8022222222221904,0.0
train,support_hold,2025-05-23,2,2,2,0,2.8323812986257617,4.323974431588318
train,support_hold,2025-05-26,2,1,1,0,25.895563480741778,24.38922674066162
train,support_hold,2025-05-28,2,2,2,0,17.436755451542716,0.0
train,support_hold,2025-05-29,2,2,2,0,-7.222854594112406,0.0
train,support_hold,2025-05-30,2,2,2,0,-3.206570743405292,0.0
train,support_hold,2025-06-03,2,2,2,0,0.05828348364200586,0.0
train,support_hold,2025-06-05,2,2,2,0,-9.304497031842365,0.0
train,support_hold,2025-06-06,2,1,1,0,-3.4642372881355863,-0.6680303915838737
train,support_hold,2025-06-09,2,1,1,0,5.413309416258304,0.0
train,support_hold,2025-06-10,2,2,2,0,-9.506998312865903,0.0
train,support_hold,2025-06-11,2,2,2,0,3.003186750428319,-6.067367620838639
train,support_hold,2025-06-12,2,2,2,0,-3.42968999054374,4.010718172721561
train,support_hold,2025-06-13,2,2,2,0,-12.420000000000021,0.0
train,support_hold,2025-06-16,2,2,2,0,-2.2802378576180966,5.270833333333346
train,support_hold,2025-06-17,2,2,2,0,-12.42,0.0
train,support_hold,2025-06-18,2,2,2,0,-1.804615384615384,0.0
train,support_hold,2025-06-19,2,1,1,0,7.517272727272738,6.210000000000005
train,support_hold,2025-06-20,2,1,1,0,-6.210000000000016,0.0
train,support_hold,2025-06-23,2,2,2,0,9.077314914060961,0.0
train,support_hold,2025-06-24,2,2,2,0,3.95381436927603,0.0
train,safe_gap,2024-01-02,2,1,1,0,-3.2062546816479585,-1.5446417784221622
train,safe_gap,2024-01-03,2,2,2,0,1.1214646545381495,-2.0347235833582666
train,safe_gap,2024-01-04,2,2,2,0,-3.777604227833244,0.0
train,safe_gap,2024-01-05,2,0,0,0,0.0,16.88707934721439
train,safe_gap,2024-01-08,2,1,1,0,4.6579440704298305,22.206693509609657
train,safe_gap,2024-01-09,2,1,1,0,-6.210000000000005,6.210000000000016
train,safe_gap,2024-01-10,2,1,1,0,-0.8095203836930418,-1.772758620689662
train,safe_gap,2024-01-11,2,2,2,0,-6.529890109890115,-12.59266313611914
train,safe_gap,2024-01-12,2,2,2,0,-12.42000000000001,0.0
train,safe_gap,2024-01-15,2,0,0,0,0.0,8.711237987563583
train,safe_gap,2024-01-16,2,0,0,0,0.0,7.548425577646446
train,safe_gap,2024-01-17,2,2,2,0,-13.179906759906759,0.0
train,safe_gap,2024-01-18,2,0,0,0,0.0,21.27072252113759
train,safe_gap,2024-01-19,2,2,2,0,-9.720355224599889,21.935099021713178
train,safe_gap,2024-01-22,2,1,1,0,-11.40402985074627,10.810391787146944
train,safe_gap,2024-01-23,2,0,0,0,0.0,3.2587013251218178
train,safe_gap,2024-01-24,2,0,0,0,0.0,-5.854880112834992
train,safe_gap,2024-01-25,2,1,1,0,-18.179661610268372,0.0
train,safe_gap,2024-01-26,2,0,0,0,0.0,2.6246544546211457
train,safe_gap,2024-01-29,2,0,0,0,0.0,13.639512195121963
train,safe_gap,2024-01-30,2,0,0,0,0.0,12.420000000000021
train,safe_gap,2024-01-31,2,0,0,0,0.0,6.210000000000005
train,safe_gap,2024-02-01,2,0,0,0,0.0,6.210000000000005
train,safe_gap,2024-02-02,2,2,2,0,-26.248105935874236,-16.93801288056951
train,safe_gap,2024-02-05,2,1,1,0,-18.71348027842226,12.789093770213967
train,safe_gap,2024-02-06,2,0,0,0,0.0,-17.573636198473903
train,safe_gap,2024-02-08,2,1,1,0,-0.1687968685620387,0.0
train,safe_gap,2024-02-19,2,0,0,0,0.0,-11.627466727594669
train,safe_gap,2024-02-20,2,2,2,0,12.117870781371096,-0.9739037650193332
train,safe_gap,2024-02-21,2,2,2,0,31.760938374062704,0.0
train,safe_gap,2024-02-22,2,2,2,0,27.054916613776655,-3.518068899720461
train,safe_gap,2024-02-26,2,2,2,0,13.955224296241429,-22.246277442425512
train,safe_gap,2024-02-27,2,2,2,0,-15.993241061130362,0.0
train,safe_gap,2024-02-28,2,2,2,0,-21.475048951390434,1.1505875909676675
train,safe_gap,2024-02-29,2,0,0,0,0.0,-0.2616880343450183
train,safe_gap,2024-03-04,2,1,1,0,-2.7779196129512638,0.0
train,safe_gap,2024-03-05,2,2,2,0,-9.013965060878784,0.0
train,safe_gap,2024-03-06,2,2,2,0,7.360025284450042,0.0
train,safe_gap,2024-03-08,2,2,2,0,-0.26844850970924217,-0.8577434289804398
train,safe_gap,2024-03-11,2,2,2,0,-3.5630954366734264,-3.5500218435998265
train,safe_gap,2024-03-12,2,2,2,0,5.04947082767979,-6.210240189779559
train,safe_gap,2024-03-13,2,2,2,0,7.752720976332104,-3.8230916992810107
train,safe_gap,2024-03-14,2,1,1,0,-0.6436513443191636,-6.994861111111116
train,safe_gap,2024-03-15,2,1,1,0,1.029669421487588,0.0
train,safe_gap,2024-03-18,2,2,2,0,15.578637718075214,16.801929899145208
train,safe_gap,2024-03-19,2,0,0,0,0.0,-3.382375366568912
train,safe_gap,2024-03-20,2,2,2,0,-5.494199966838,0.0
train,safe_gap,2024-03-21,2,1,1,0,-6.210000000000005,-10.130984587288848
train,safe_gap,2024-03-22,2,2,2,0,1.9537632325468772,0.0
train,safe_gap,2024-03-25,2,2,2,0,-14.807622149837144,0.0
train,safe_gap,2024-03-26,2,1,1,0,-6.210000000000016,8.349534883720946
train,safe_gap,2024-03-27,2,0,0,0,0.0,13.889040482671202
train,safe_gap,2024-03-28,2,0,0,0,0.0,-15.680125734268465
train,safe_gap,2024-03-29,2,0,0,0,0.0,6.753333333333336
train,safe_gap,2024-04-01,2,1,1,0,-6.210000000000005,3.232670025188912
train,safe_gap,2024-04-02,2,2,2,0,-7.012592592592594,0.3852813852813881
train,safe_gap,2024-04-03,2,2,2,0,-12.42000000000001,1.361376673040171
train,safe_gap,2024-04-08,2,0,0,0,0.0,6.88511627906976
train,safe_gap,2024-04-09,2,0,0,0,0.0,4.981695685087064
train,safe_gap,2024-04-10,2,1,1,0,-6.210000000000005,6.210000000000005
train,safe_gap,2024-04-11,2,2,2,0,-26.610476190476188,-14.190476190476177
train,safe_gap,2024-04-12,2,0,0,0,0.0,18.862849740932653
train,safe_gap,2024-04-15,2,1,1,0,-4.0351366120218515,11.767248474485505
train,safe_gap,2024-04-16,2,1,1,0,-9.844551495016608,-21.56083333333334
train,safe_gap,2024-04-17,2,1,1,0,2.541119641714639,0.0
train,safe_gap,2024-04-18,2,0,0,0,0.0,6.210000000000005
train,safe_gap,2024-04-19,2,2,2,0,11.769405864479985,0.0
train,safe_gap,2024-04-22,2,0,0,0,0.0,-6.450707264897234
train,safe_gap,2024-04-23,2,2,2,0,9.185718696019716,2.6909317884799
train,safe_gap,2024-04-24,2,1,1,0,4.839088359046272,-3.7195392953929485
train,safe_gap,2024-04-25,2,1,1,0,1.7008280254777066,6.246446469248268
train,safe_gap,2024-04-26,2,1,1,0,8.67671875,-19.456666666666653
train,safe_gap,2024-04-29,2,1,1,0,21.458909825033643,1.4915109318876176
train,safe_gap,2024-04-30,2,2,2,0,9.82872836901034,0.0
train,safe_gap,2024-05-06,2,2,2,0,-2.6903071420670295,0.0
train,safe_gap,2024-05-07,2,0,0,0,0.0,1.4280267965895441
train,safe_gap,2024-05-08,2,2,2,0,5.033256050986699,7.1144130757800905
train,safe_gap,2024-05-09,2,1,1,0,-6.210000000000005,0.0
train,safe_gap,2024-05-13,2,0,0,0,0.0,2.2684848484848548
train,safe_gap,2024-05-16,2,1,1,0,-2.2914479638009198,-0.07625954198471252
train,safe_gap,2024-05-17,2,1,1,0,0.46643742953777956,-10.046410256410262
train,safe_gap,2024-05-21,2,1,1,0,-0.6934810636583641,6.210000000000005
train,safe_gap,2024-05-22,2,2,2,0,11.73203145478374,-3.936016511867912
train,safe_gap,2024-05-27,2,0,0,0,0.0,2.4877822695097427
train,safe_gap,2024-05-28,2,1,1,0,-6.764621848739506,6.514728546409821
train,safe_gap,2024-05-29,2,1,1,0,4.375653455617433,12.819262224588769
train,safe_gap,2024-06-03,2,0,0,0,0.0,9.227341040462434
train,safe_gap,2024-06-04,2,0,0,0,0.0,7.452339832869082
train,safe_gap,2024-06-06,2,0,0,0,0.0,16.447100271002725
train,safe_gap,2024-06-07,2,1,1,0,-6.209999999999995,6.210000000000005
train,safe_gap,2024-06-11,2,1,1,0,7.722263814616758,0.0
train,safe_gap,2024-06-14,2,0,0,0,0.0,-15.011351484682576
train,safe_gap,2024-06-17,2,2,2,0,-0.35678751585970403,-3.002491282498043
train,safe_gap,2024-06-18,2,1,1,0,-6.387105831533492,0.0
train,safe_gap,2024-06-19,2,1,1,0,-6.210000000000005,6.210000000000005
train,safe_gap,2024-06-20,2,2,2,0,-9.804841795437826,0.0
train,safe_gap,2024-06-21,2,2,2,0,-12.42000000000001,0.0
train,safe_gap,2024-06-24,2,0,0,0,0.0,6.210000000000005
train,safe_gap,2024-06-25,2,0,0,0,0.0,6.210000000000005
train,safe_gap,2024-06-26,2,2,2,0,9.450032614325107,10.580981832238132
train,safe_gap,2024-06-27,2,2,2,0,2.0082352941176866,0.0
train,safe_gap,2024-06-28,2,0,0,0,0.0,8.746411526245414
train,safe_gap,2024-07-02,2,1,1,0,4.367908441831169,0.0
train,safe_gap,2024-07-03,2,1,1,0,-6.210000000000005,0.0
train,safe_gap,2024-07-04,2,1,1,0,5.7180169371912495,19.86599220767039
train,safe_gap,2024-07-05,2,0,0,0,0.0,-11.003442449841582
train,safe_gap,2024-07-08,2,1,1,0,-6.210000000000016,0.0
train,safe_gap,2024-07-09,2,1,1,0,-1.3312333566923749,2.031192052980136
train,safe_gap,2024-07-11,2,0,0,0,0.0,-27.0206022112444
train,safe_gap,2024-07-15,2,2,2,0,4.073028628001006,0.0
train,safe_gap,2024-07-17,2,1,1,0,-2.0192105263157965,0.0
train,safe_gap,2024-07-18,2,0,0,0,0.0,4.624003044140036
train,safe_gap,2024-07-19,2,1,1,0,-6.210000000000005,8.210000000000008
train,safe_gap,2024-07-23,2,2,2,0,0.15425713207583946,-4.642901044867864
train,safe_gap,2024-07-24,2,1,1,0,8.362895277207393,0.7469127516778542
train,safe_gap,2024-07-25,2,0,0,0,0.0,1.610560224089642
train,safe_gap,2024-07-26,2,0,0,0,0.0,-2.505231788079464
train,safe_gap,2024-07-29,2,1,1,0,1.0104424103737566,0.0
train,safe_gap,2024-07-30,2,2,2,0,4.586265066804683,-5.126326846528072
train,safe_gap,2024-07-31,2,0,0,0,0.0,6.210000000000005
train,safe_gap,2024-08-01,2,2,2,0,-9.470288540807926,0.0
train,safe_gap,2024-08-02,2,1,1,0,-6.210000000000005,-6.278146294212749
train,safe_gap,2024-08-05,2,0,0,0,0.0,3.137557251908409
train,safe_gap,2024-08-06,2,1,1,0,-6.210000000000005,0.0
train,safe_gap,2024-08-07,2,1,1,0,15.618877005347606,0.0
train,safe_gap,2024-08-08,2,2,2,0,-8.485727699530523,-3.7301387137452906
train,safe_gap,2024-08-09,2,1,1,0,-2.537663384064438,0.3141666666666718
train,safe_gap,2024-08-12,2,0,0,0,0.0,6.210000000000005
train,safe_gap,2024-08-13,2,1,1,0,4.161584699453535,0.6976796714578857
train,safe_gap,2024-08-14,2,2,2,0,-5.402986997205019,0.0
train,safe_gap,2024-08-15,2,2,2,0,30.628344718864927,32.97245620515806
train,safe_gap,2024-08-19,2,1,1,0,-5.765555555555546,0.0
train,safe_gap,2024-08-20,2,1,1,0,8.074409654272683,0.0
train,safe_gap,2024-08-21,2,0,0,0,0.0,-1.171093117408926
train,safe_gap,2024-08-23,2,0,0,0,0.0,6.823426392327628
train,safe_gap,2024-08-26,2,0,0,0,0.0,6.210000000000005
train,safe_gap,2024-08-27,2,0,0,0,0.0,-5.990527704485492
train,safe_gap,2024-08-29,2,0,0,0,0.0,0.33722646310433513
train,safe_gap,2024-08-30,2,1,1,0,-4.250404040404033,0.0
train,safe_gap,2024-09-02,2,0,0,0,0.0,6.210000000000005
train,safe_gap,2024-09-03,2,2,2,0,-6.278757062146891,5.777606574216742
train,safe_gap,2024-09-04,2,0,0,0,0.0,6.210000000000016
train,safe_gap,2024-09-05,2,0,0,0,0.0,6.209999999999995
train,safe_gap,2024-09-06,2,0,0,0,0.0,15.584251207729462
train,safe_gap,2024-09-09,2,0,0,0,0.0,2.910499534369017
train,safe_gap,2024-09-11,2,0,0,0,0.0,-1.0837147102525906
train,safe_gap,2024-09-12,2,1,1,0,1.5918018018018056,0.0
train,safe_gap,2024-09-13,2,0,0,0,0.0,6.210000000000016
train,safe_gap,2024-09-18,2,1,1,0,5.2507508532423355,-6.301627906976769
train,safe_gap,2024-09-19,2,1,1,0,14.002678936605315,0.0
train,safe_gap,2024-09-23,2,1,1,0,8.381549295774636,0.0
train,safe_gap,2024-09-24,2,1,1,0,8.084930875576022,0.0
train,safe_gap,2024-09-25,2,0,0,0,0.0,-18.97194640338504
train,safe_gap,2024-09-26,2,2,2,0,39.91042275394292,-3.8330483708634873
train,safe_gap,2024-09-27,2,1,1,0,0.3115123859191762,0.0
train,safe_gap,2024-10-09,2,2,2,0,-12.42,0.14173228346456845
train,safe_gap,2024-10-14,2,2,2,0,3.074470455745269,-1.8981718017637705
train,safe_gap,2024-10-16,2,0,0,0,0.0,0.906864111498241
train,safe_gap,2024-10-18,2,0,0,0,0.0,-18.389033816425137
train,safe_gap,2024-10-22,2,1,1,0,3.451971830985933,-6.848823529411762
train,safe_gap,2024-10-23,2,0,0,0,0.0,-12.592931895346492
train,safe_gap,2024-10-24,2,2,2,0,1.7764218854286788,0.0
train,safe_gap,2024-10-25,2,1,1,0,-1.48388535031846,0.0
train,safe_gap,2024-10-28,2,0,0,0,0.0,4.800184591595104
train,safe_gap,2024-10-29,2,2,2,0,-14.430680907877182,0.0
train,safe_gap,2024-10-30,2,0,0,0,0.0,7.086222518321129
train,safe_gap,2024-10-31,2,2,2,0,-12.42,0.0
train,safe_gap,2024-11-01,2,2,2,0,-0.8600939702427608,16.260840609196503
train,safe_gap,2024-11-04,2,1,1,0,12.826565977742476,3.133518150316773
train,safe_gap,2024-11-05,2,1,1,0,0.3063511187607606,-6.070788177339924
train,safe_gap,2024-11-06,2,2,2,0,25.367474580978055,0.0
train,safe_gap,2024-11-07,2,1,1,0,-1.7338095238095272,-0.8706780614757372
train,safe_gap,2024-11-08,2,1,1,0,-0.8856756756756909,-3.907647058823537
train,safe_gap,2024-11-11,2,0,0,0,0.0,4.2504377223152945
train,safe_gap,2024-11-12,2,0,0,0,0.0,6.210000000000005
train,safe_gap,2024-11-13,2,2,2,0,-12.42,-1.0658141036401503e-14
train,safe_gap,2024-11-14,2,2,2,0,8.498032786885233,0.0
train,safe_gap,2024-11-15,2,1,1,0,3.9780341880341954,16.398034188034206
train,safe_gap,2024-11-19,2,1,1,0,2.296112469437638,0.0
train,safe_gap,2024-11-20,2,1,1,0,-6.210000000000016,-6.479088191330361
train,safe_gap,2024-11-21,2,1,1,0,-6.210000000000005,0.0
train,safe_gap,2024-11-22,2,2,2,0,-14.936063233044354,-2.5160632330443544
train,safe_gap,2024-11-25,2,1,1,0,-7.071755802219982,-7.398695652173925
train,safe_gap,2024-11-27,2,1,1,0,0.012965440356737162,-5.183022020458305
train,safe_gap,2024-11-28,2,0,0,0,0.0,-5.681472868217051
train,safe_gap,2024-11-29,2,1,1,0,-7.218703618873113,-7.323245434756827
train,safe_gap,2024-12-02,2,2,2,0,-3.826989853438569,-12.8678459937565
train,safe_gap,2024-12-03,2,1,1,0,-1.1180590238365604,10.412169156835708
train,safe_gap,2024-12-04,2,2,2,0,5.555588791473285,3.3518357329376136
train,safe_gap,2024-12-05,2,2,2,0,-3.2808878491912514,-9.598394212038219
train,safe_gap,2024-12-06,2,2,2,0,3.50297052718662,4.087425118371824
train,safe_gap,2024-12-09,2,2,2,0,24.193570757250267,-20.34422516386306
train,safe_gap,2024-12-11,2,2,2,0,22.288709200273747,5.840870360544393
train,safe_gap,2024-12-12,2,1,1,0,-6.210000000000005,6.210000000000005
train,safe_gap,2024-12-13,2,2,2,0,6.328710390567436,0.0
train,safe_gap,2024-12-16,2,2,2,0,-17.4436220472441,-5.023622047244091
train,safe_gap,2024-12-17,2,1,1,0,-1.1336453201970307,15.87854027198855
train,safe_gap,2024-12-18,2,1,1,0,-8.833298033282901,3.5867019667171203
train,safe_gap,2024-12-20,2,1,1,0,-5.379442848937367,12.309833544894168
train,safe_gap,2024-12-23,2,2,2,0,-0.792655273030431,0.0
train,safe_gap,2024-12-24,2,2,2,0,1.9834616559591716,0.0
train,safe_gap,2024-12-25,2,0,0,0,0.0,-4.882592592592582
train,safe_gap,2024-12-26,2,2,2,0,-1.9708474576271247,2.236887070516258
train,safe_gap,2024-12-27,2,0,0,0,0.0,6.210000000000005
train,safe_gap,2024-12-30,2,2,2,0,-12.42000000000001,0.0
train,safe_gap,2024-12-31,2,2,2,0,-12.42000000000001,0.0
train,safe_gap,2025-01-02,2,1,1,0,-17.15915254237288,15.260743440845758
train,safe_gap,2025-01-03,2,0,0,0,0.0,22.541329491195285
train,safe_gap,2025-01-06,2,1,1,0,-0.6923151125401992,0.0
train,safe_gap,2025-01-08,2,0,0,0,0.0,6.672984723854282
train,safe_gap,2025-01-09,2,1,1,0,7.308796992481214,0.0
train,safe_gap,2025-01-13,2,0,0,0,0.0,-19.78114621122113
train,safe_gap,2025-01-14,2,0,0,0,0.0,-19.701991199119902
train,safe_gap,2025-01-15,2,1,1,0,-0.635170068027203,0.0
train,safe_gap,2025-01-16,2,1,1,0,1.4160162601626105,0.8949315068493067
train,safe_gap,2025-01-17,2,1,1,0,3.176127799016947,6.210000000000005
train,safe_gap,2025-01-20,2,1,1,0,-2.4365624999999955,-0.066557617669182
train,safe_gap,2025-01-22,2,0,0,0,0.0,5.049428227548915
train,safe_gap,2025-01-24,2,1,1,0,5.409596541786764,5.500963397221138
train,safe_gap,2025-01-27,2,1,1,0,-6.401369606003749,6.2099999999999955
train,safe_gap,2025-02-05,2,1,1,0,4.322415375788856,0.0
train,safe_gap,2025-02-06,2,2,2,0,6.101526520281773,0.0
train,safe_gap,2025-02-10,2,2,2,0,0.1978715399218216,0.0
train,safe_gap,2025-02-11,2,0,0,0,0.0,7.711073968705552
train,safe_gap,2025-02-12,2,2,2,0,9.139705774949135,0.0
train,safe_gap,2025-02-13,2,1,1,0,-6.210000000000016,6.210000000000005
train,safe_gap,2025-02-14,2,2,2,0,5.2792624965856545,7.747507477085413
train,safe_gap,2025-02-18,2,0,0,0,0.0,-5.40116956690224
train,safe_gap,2025-02-19,2,2,2,0,0.7824557561538863,-3.436939410580275
train,safe_gap,2025-02-21,2,0,0,0,0.0,-2.3476508344030793
train,safe_gap,2025-02-24,2,1,1,0,-6.210000000000005,-4.595194805194812
train,safe_gap,2025-02-25,2,2,2,0,-8.920000000000007,1.0658141036401503e-14
train,safe_gap,2025-02-26,2,1,1,0,-1.023008130081283,0.0
train,safe_gap,2025-02-27,2,0,0,0,0.0,6.210000000000005
train,safe_gap,2025-02-28,2,2,2,0,-5.455608308605344,9.297725024727987
train,safe_gap,2025-03-03,2,0,0,0,0.0,16.07554948544726
train,safe_gap,2025-03-05,2,2,2,0,5.404432576769034,0.0
train,safe_gap,2025-03-06,2,2,2,0,5.355747296237532,2.348202373729169
train,safe_gap,2025-03-07,2,1,1,0,0.1372222222222099,6.210000000000005
train,safe_gap,2025-03-10,2,2,2,0,-5.985217391304333,2.5191028360760264
train,safe_gap,2025-03-11,2,0,0,0,0.0,-6.3379816504324875
train,safe_gap,2025-03-13,2,1,1,0,-6.210000000000005,3.381443298969079
train,safe_gap,2025-03-14,2,1,1,0,9.852111801242213,3.792519324753174
train,safe_gap,2025-03-18,2,1,1,0,11.643832442067746,6.210000000000005
train,safe_gap,2025-03-19,2,0,0,0,0.0,-18.23660194174754
train,safe_gap,2025-03-21,2,0,0,0,0.0,6.210000000000005
train,safe_gap,2025-03-24,2,2,2,0,-1.344019185936531,14.562843613137156
train,safe_gap,2025-03-25,2,0,0,0,0.0,6.841989596879073
train,safe_gap,2025-03-26,2,0,0,0,0.0,6.210000000000005
train,safe_gap,2025-03-27,2,2,2,0,-11.015995625428657,0.0
train,safe_gap,2025-03-28,2,2,2,0,-3.8516487158243535,-0.40526736643801087
train,safe_gap,2025-03-31,2,1,1,0,0.9973490813648391,6.210000000000005
train,safe_gap,2025-04-03,2,0,0,0,0.0,12.067849659017918
train,safe_gap,2025-04-07,2,0,0,0,0.0,10.183226238286482
train,safe_gap,2025-04-08,2,0,0,0,0.0,-15.221164901664139
train,safe_gap,2025-04-10,2,0,0,0,0.0,1.3847430249632762
train,safe_gap,2025-04-11,2,0,0,0,0.0,-1.9835483870967776
train,safe_gap,2025-04-14,2,0,0,0,0.0,5.041621621621619
train,safe_gap,2025-04-15,2,2,2,0,2.1988790806129237,0.0
train,safe_gap,2025-04-16,2,2,2,0,-1.0874053177640581,0.0
train,safe_gap,2025-04-17,2,2,2,0,3.2601838334684756,0.0
train,safe_gap,2025-04-18,2,0,0,0,0.0,-3.1192231812577234
train,safe_gap,2025-04-21,2,1,1,0,-6.210000000000005,-3.4034453781512477
train,safe_gap,2025-04-22,2,1,1,0,2.939606299212593,0.0
train,safe_gap,2025-04-23,2,1,1,0,0.2793964110930016,10.230080890547944
train,safe_gap,2025-04-24,2,0,0,0,0.0,12.971270713578857
train,safe_gap,2025-04-25,2,2,2,0,-2.952846715328496,0.0
train,safe_gap,2025-04-28,2,1,1,0,-6.210000000000005,0.0
train,safe_gap,2025-04-29,2,1,1,0,-0.2099999999999778,-18.042397445866
train,safe_gap,2025-04-30,2,0,0,0,0.0,-5.909610570236422
train,safe_gap,2025-05-08,2,2,2,0,6.661024930747937,0.0
train,safe_gap,2025-05-09,2,1,1,0,-0.5835990037359804,0.0
train,safe_gap,2025-05-12,2,0,0,0,0.0,-12.560009298000939
train,safe_gap,2025-05-13,2,0,0,0,0.0,7.0899999999999865
train,safe_gap,2025-05-14,2,2,2,0,-10.260749414519923,-4.609715129790137
train,safe_gap,2025-05-15,2,1,1,0,2.0755530474040764,0.0
train,safe_gap,2025-05-16,2,0,0,0,0.0,4.583541807541449
train,safe_gap,2025-05-19,2,1,1,0,-4.159447077409163,-1.9418987341772267
train,safe_gap,2025-05-21,2,0,0,0,0.0,-2.9215583483902945
train,safe_gap,2025-05-22,2,1,1,0,4.689497487437188,2.8872752652149973
train,safe_gap,2025-05-23,2,0,0,0,0.0,1.491593132962556
train,safe_gap,2025-05-26,2,1,1,0,-0.4073359644795058,-1.9136727045596649
train,safe_gap,2025-05-28,2,1,1,0,23.64675545154273,6.210000000000015
train,safe_gap,2025-05-29,2,1,1,0,-6.209999999999995,1.0128545941124116
train,safe_gap,2025-05-30,2,1,1,0,-6.210000000000005,-3.003429256594713
train,safe_gap,2025-06-03,2,1,1,0,0.9327353108845129,0.874451827242507
train,safe_gap,2025-06-05,2,2,2,0,-12.516863877603438,-3.212366845761073
train,safe_gap,2025-06-06,2,1,1,0,-2.7962068965517126,0.0
train,safe_gap,2025-06-09,2,1,1,0,5.413309416258304,0.0
train,safe_gap,2025-06-10,2,2,2,0,-10.018509128694522,-0.5115108158286183
train,safe_gap,2025-06-11,2,2,2,0,9.070554371266958,0.0
train,safe_gap,2025-06-12,2,0,0,0,0.0,7.440408163265301
train,safe_gap,2025-06-13,2,2,2,0,-12.420000000000021,0.0
train,safe_gap,2025-06-16,2,2,2,0,-12.42000000000001,-4.868928809048567
train,safe_gap,2025-06-17,2,1,1,0,-6.209999999999995,6.210000000000005
train,safe_gap,2025-06-18,2,2,2,0,-1.804615384615384,0.0
train,safe_gap,2025-06-19,2,1,1,0,-6.210000000000005,-7.517272727272738
train,safe_gap,2025-06-20,2,0,0,0,0.0,6.210000000000016
train,safe_gap,2025-06-23,2,1,1,0,12.195699916177702,3.1183850021167405
train,safe_gap,2025-06-24,2,0,0,0,0.0,-3.95381436927603
train,quality_rank,2024-01-02,2,1,1,0,-3.2062546816479585,-1.5446417784221622
train,quality_rank,2024-01-03,2,2,2,0,0.8545627764584323,-2.301625461437984
train,quality_rank,2024-01-04,2,2,2,0,-7.571079136690663,-3.7934749088574193
train,quality_rank,2024-01-05,2,2,2,0,-16.88707934721439,0.0
train,quality_rank,2024-01-08,2,2,2,0,-8.091707221383539,9.457042217796287
train,quality_rank,2024-01-09,2,2,2,0,-12.420000000000021,0.0
train,quality_rank,2024-01-10,2,2,2,0,0.9632382369966201,0.0
train,quality_rank,2024-01-11,2,2,2,0,-6.8610143329658335,-12.92378735919486
train,quality_rank,2024-01-12,2,2,2,0,-6.648484386900234,5.771515613099776
train,quality_rank,2024-01-15,2,2,2,0,-0.049042305432224875,8.662195682131358
train,quality_rank,2024-01-16,2,2,2,0,-7.5484255776464355,1.0658141036401503e-14
train,quality_rank,2024-01-17,2,2,2,0,-12.42000000000001,0.7599067599067482
train,quality_rank,2024-01-18,2,1,1,0,-21.27072252113759,0.0
train,quality_rank,2024-01-19,2,2,2,0,-21.26848484848485,10.386969397828217
train,quality_rank,2024-01-22,2,2,2,0,-18.903805081607143,3.310616556286071
train,quality_rank,2024-01-23,2,2,2,0,10.015478226088701,13.27417955121052
train,quality_rank,2024-01-24,2,1,1,0,5.854880112834992,0.0
train,quality_rank,2024-01-25,2,1,1,0,-18.179661610268372,0.0
train,quality_rank,2024-01-26,2,1,1,0,-2.6246544546211457,0.0
train,quality_rank,2024-01-29,2,2,2,0,-12.420000000000021,1.2195121951219416
train,quality_rank,2024-01-30,2,2,2,0,-12.968100242522208,-0.548100242522187
train,quality_rank,2024-01-31,2,1,1,0,-6.210000000000005,0.0
train,quality_rank,2024-02-01,2,1,1,0,-6.210000000000005,0.0
train,quality_rank,2024-02-02,2,2,2,0,-26.248105935874236,-16.93801288056951
train,quality_rank,2024-02-05,2,2,2,0,-31.502574048636227,0.0
train,quality_rank,2024-02-06,2,2,2,0,17.573636198473903,0.0
train,quality_rank,2024-02-08,2,1,1,0,-0.1687968685620387,0.0
train,quality_rank,2024-02-19,2,2,2,0,9.767860482887844,-1.859606244706825
train,quality_rank,2024-02-20,2,2,2,0,10.324324045407637,-2.7674505009827914
train,quality_rank,2024-02-21,2,2,2,0,19.06130978896696,-12.699628585095745
train,quality_rank,2024-02-22,2,2,2,0,32.647816931494006,2.07483141799689
train,quality_rank,2024-02-26,2,2,2,0,23.96674033149173,-12.23476140717521
train,quality_rank,2024-02-27,2,2,2,0,-15.993241061130362,0.0
train,quality_rank,2024-02-28,2,2,2,0,-11.53764854742381,11.087987994934291
train,quality_rank,2024-02-29,2,2,2,0,0.2616880343450183,0.0
train,quality_rank,2024-03-04,2,1,1,0,-2.7779196129512638,0.0
train,quality_rank,2024-03-05,2,2,2,0,-4.867189671701612,4.146775389177171
train,quality_rank,2024-03-06,2,2,2,0,7.360025284450042,0.0
train,quality_rank,2024-03-08,2,2,2,0,5.175217725521029,4.585922806249831
train,quality_rank,2024-03-11,2,2,2,0,-2.6366885102665067,-2.623614917192907
train,quality_rank,2024-03-12,2,2,2,0,5.820090936048248,-5.439620081411101
train,quality_rank,2024-03-13,2,2,2,0,-0.20806333739340666,-11.783876013006521
train,quality_rank,2024-03-14,2,2,2,0,6.3512097667919525,0.0
train,quality_rank,2024-03-15,2,1,1,0,1.029669421487588,0.0
train,quality_rank,2024-03-18,2,2,2,0,12.012759280520466,13.236051461590458
train,quality_rank,2024-03-19,2,1,1,0,3.382375366568912,0.0
train,quality_rank,2024-03-20,2,2,2,0,-1.4692311366302908,4.024968830207709
train,quality_rank,2024-03-21,2,2,2,0,-4.860860215053766,-8.781844802342608
train,quality_rank,2024-03-22,2,2,2,0,12.126017323581538,10.17225409103466
train,quality_rank,2024-03-25,2,2,2,0,-12.42000000000001,2.3876221498371333
train,quality_rank,2024-03-26,2,2,2,0,-14.55953488372096,0.0
train,quality_rank,2024-03-27,2,2,2,0,-13.889040482671202,0.0
train,quality_rank,2024-03-28,2,2,2,0,45.940465019583684,30.26033928531522
train,quality_rank,2024-03-29,2,2,2,0,-6.753333333333336,0.0
train,quality_rank,2024-04-01,2,2,2,0,-9.442670025188917,0.0
train,quality_rank,2024-04-02,2,2,2,0,-7.012592592592594,0.3852813852813881
train,quality_rank,2024-04-03,2,2,2,0,-12.42000000000001,1.361376673040171
train,quality_rank,2024-04-08,2,2,2,0,-12.42000000000001,-5.53488372093025
train,quality_rank,2024-04-09,2,2,2,0,-12.42000000000001,-7.438304314912947
train,quality_rank,2024-04-10,2,2,2,0,-12.42000000000001,0.0
train,quality_rank,2024-04-11,2,2,2,0,-25.44439024390245,-13.02439024390244
train,quality_rank,2024-04-12,2,1,1,0,-18.862849740932653,0.0
train,quality_rank,2024-04-15,2,2,2,0,-11.794432386669754,4.0079526998376025
train,quality_rank,2024-04-16,2,2,2,0,11.71628183831673,0.0
train,quality_rank,2024-04-17,2,1,1,0,2.541119641714639,0.0
train,quality_rank,2024-04-18,2,1,1,0,-6.210000000000005,0.0
train,quality_rank,2024-04-19,2,2,2,0,5.4489746081058374,-6.320431256374148
train,quality_rank,2024-04-22,2,2,2,0,-9.225024952675987,-15.675732217573222
train,quality_rank,2024-04-23,2,2,2,0,8.101584127722237,1.606797220182421
train,quality_rank,2024-04-24,2,2,2,0,8.55862765443922,0.0
train,quality_rank,2024-04-25,2,2,2,0,-4.509171974522299,0.036446469248263114
train,quality_rank,2024-04-26,2,2,2,0,28.133385416666652,0.0
train,quality_rank,2024-04-29,2,2,2,0,19.967398893146026,0.0
train,quality_rank,2024-04-30,2,2,2,0,9.82872836901034,0.0
train,quality_rank,2024-05-06,2,2,2,0,-2.6903071420670295,0.0
train,quality_rank,2024-05-07,2,1,1,0,-1.4280267965895441,0.0
train,quality_rank,2024-05-08,2,2,2,0,5.033256050986699,7.1144130757800905
train,quality_rank,2024-05-09,2,1,1,0,-6.210000000000005,0.0
train,quality_rank,2024-05-13,2,2,2,0,-2.2684848484848548,0.0
train,quality_rank,2024-05-16,2,2,2,0,-8.501447963800924,-6.286259541984717
train,quality_rank,2024-05-17,2,2,2,0,10.512847685948042,0.0
train,quality_rank,2024-05-21,2,2,2,0,-6.903481063658369,0.0
train,quality_rank,2024-05-22,2,2,2,0,11.73203145478374,-3.936016511867912
train,quality_rank,2024-05-27,2,1,1,0,-2.4877822695097427,0.0
train,quality_rank,2024-05-28,2,2,2,0,-13.279350395149327,0.0
train,quality_rank,2024-05-29,2,2,2,0,-1.834346544382572,6.609262224588764
train,quality_rank,2024-06-03,2,1,1,0,-9.227341040462434,0.0
train,quality_rank,2024-06-04,2,1,1,0,-7.452339832869082,0.0
train,quality_rank,2024-06-06,2,2,2,0,-16.420000000000016,0.027100271002709064
train,quality_rank,2024-06-07,2,2,2,0,-12.42,0.0
train,quality_rank,2024-06-11,2,1,1,0,7.722263814616758,0.0
train,quality_rank,2024-06-14,2,2,2,0,15.011351484682576,0.0
train,quality_rank,2024-06-17,2,2,2,0,-0.35678751585970403,-3.002491282498043
train,quality_rank,2024-06-18,2,1,1,0,-6.387105831533492,0.0
train,quality_rank,2024-06-19,2,2,2,0,-12.42000000000001,0.0
train,quality_rank,2024-06-20,2,2,2,0,-14.94272727272729,-5.137885477289464
train,quality_rank,2024-06-21,2,2,2,0,-12.42,1.0658141036401503e-14
train,quality_rank,2024-06-24,2,1,1,0,-6.210000000000005,0.0
train,quality_rank,2024-06-25,2,1,1,0,-6.210000000000005,0.0
train,quality_rank,2024-06-26,2,2,2,0,-6.573846153846166,-5.44289693593314
train,quality_rank,2024-06-27,2,2,2,0,2.0082352941176866,0.0
train,quality_rank,2024-06-28,2,2,2,0,-2.4382959424412727,6.308115583804141
train,quality_rank,2024-07-02,2,1,1,0,4.367908441831169,0.0
train,quality_rank,2024-07-03,2,1,1,0,-6.210000000000005,0.0
train,quality_rank,2024-07-04,2,2,2,0,-0.4919830628087558,13.655992207670387
train,quality_rank,2024-07-05,2,2,2,0,11.003442449841582,0.0
train,quality_rank,2024-07-08,2,1,1,0,-6.210000000000016,0.0
train,quality_rank,2024-07-09,2,2,2,0,-12.694115562206155,-9.331690152533644
train,quality_rank,2024-07-11,2,2,2,0,6.334143388329359,-20.686458822915043
train,quality_rank,2024-07-15,2,2,2,0,6.663825930304588,2.5907973023035824
train,quality_rank,2024-07-17,2,1,1,0,-2.0192105263157965,0.0
train,quality_rank,2024-07-18,2,1,1,0,6.012707423580776,10.63671046772081
train,quality_rank,2024-07-19,2,2,2,0,-14.420000000000012,0.0
train,quality_rank,2024-07-23,2,2,2,0,4.797158176943704,0.0
train,quality_rank,2024-07-24,2,2,2,0,7.615982525529539,0.0
train,quality_rank,2024-07-25,2,1,1,0,-1.610560224089642,0.0
train,quality_rank,2024-07-26,2,1,1,0,2.505231788079464,0.0
train,quality_rank,2024-07-29,2,1,1,0,1.0104424103737566,0.0
train,quality_rank,2024-07-30,2,2,2,0,-0.17584828526006246,-9.888440198592818
train,quality_rank,2024-07-31,2,1,1,0,-6.210000000000005,0.0
train,quality_rank,2024-08-01,2,2,2,0,13.037681070945803,22.50796961175373
train,quality_rank,2024-08-02,2,2,2,0,-9.833284132841326,-9.90143042705407
train,quality_rank,2024-08-05,2,2,2,0,5.008571428571426,8.146128680479835
train,quality_rank,2024-08-06,2,1,1,0,-6.210000000000005,0.0
train,quality_rank,2024-08-07,2,1,1,0,15.618877005347606,0.0
train,quality_rank,2024-08-08,2,2,2,0,-8.485727699530523,-3.7301387137452906
train,quality_rank,2024-08-09,2,2,2,0,-2.8518300507311096,0.0
train,quality_rank,2024-08-12,2,1,1,0,-6.210000000000005,0.0
train,quality_rank,2024-08-13,2,2,2,0,3.463905027995649,0.0
train,quality_rank,2024-08-14,2,2,2,0,-5.402986997205019,0.0
train,quality_rank,2024-08-15,2,2,2,0,30.628344718864927,32.97245620515806
train,quality_rank,2024-08-19,2,1,1,0,-5.765555555555546,0.0
train,quality_rank,2024-08-20,2,1,1,0,8.074409654272683,0.0
train,quality_rank,2024-08-21,2,2,2,0,1.171093117408926,0.0
train,quality_rank,2024-08-23,2,2,2,0,-6.823426392327628,0.0
train,quality_rank,2024-08-26,2,1,1,0,-6.210000000000005,0.0
train,quality_rank,2024-08-27,2,1,1,0,5.990527704485492,0.0
train,quality_rank,2024-08-29,2,1,1,0,-0.33722646310433513,0.0
train,quality_rank,2024-08-30,2,1,1,0,-4.250404040404033,0.0
train,quality_rank,2024-09-02,2,1,1,0,-6.210000000000005,0.0
train,quality_rank,2024-09-03,2,2,2,0,-6.278757062146891,5.777606574216742
train,quality_rank,2024-09-04,2,1,1,0,-6.210000000000016,0.0
train,quality_rank,2024-09-05,2,1,1,0,-6.209999999999995,0.0
train,quality_rank,2024-09-06,2,2,2,0,-15.584251207729462,0.0
train,quality_rank,2024-09-09,2,2,2,0,-7.484887810794417,-4.5743882764254
train,quality_rank,2024-09-11,2,2,2,0,1.0837147102525906,0.0
train,quality_rank,2024-09-12,2,1,1,0,1.5918018018018056,0.0
train,quality_rank,2024-09-13,2,1,1,0,-6.210000000000016,0.0
train,quality_rank,2024-09-18,2,2,2,0,5.75995294843613,-5.792425811782975
train,quality_rank,2024-09-19,2,1,1,0,14.002678936605315,0.0
train,quality_rank,2024-09-23,2,1,1,0,8.381549295774636,0.0
train,quality_rank,2024-09-24,2,1,1,0,8.084930875576022,0.0
train,quality_rank,2024-09-25,2,1,1,0,18.97194640338504,0.0
train,quality_rank,2024-09-26,2,2,2,0,39.91042275394292,-3.8330483708634873
train,quality_rank,2024-09-27,2,1,1,0,0.3115123859191762,0.0
train,quality_rank,2024-10-09,2,2,2,0,-12.561732283464558,1.0658141036401503e-14
train,quality_rank,2024-10-14,2,2,2,0,-2.819594407132055,-7.792236664641095
train,quality_rank,2024-10-16,2,1,1,0,-0.906864111498241,0.0
train,quality_rank,2024-10-18,2,1,1,0,18.389033816425137,0.0
train,quality_rank,2024-10-22,2,2,2,0,10.300795360397695,0.0
train,quality_rank,2024-10-23,2,2,2,0,6.337468396992604,-6.255463498353889
train,quality_rank,2024-10-24,2,2,2,0,7.237648569332354,5.461226683903675
train,quality_rank,2024-10-25,2,1,1,0,-1.48388535031846,0.0
train,quality_rank,2024-10-28,2,2,2,0,-5.582984298710871,-0.7827997071157666
train,quality_rank,2024-10-29,2,2,2,0,-14.430680907877182,0.0
train,quality_rank,2024-10-30,2,2,2,0,-7.086222518321129,0.0
train,quality_rank,2024-10-31,2,2,2,0,-0.3258171745152323,12.094182825484769
train,quality_rank,2024-11-01,2,2,2,0,-17.120934579439265,0.0
train,quality_rank,2024-11-04,2,2,2,0,19.396545009655593,9.70349718222989
train,quality_rank,2024-11-05,2,2,2,0,3.3263252789674773,-3.0508140171332077
train,quality_rank,2024-11-06,2,2,2,0,32.72938824118749,7.361913660209439
train,quality_rank,2024-11-07,2,2,2,0,-5.704255206260768,-4.841123743926978
train,quality_rank,2024-11-08,2,2,2,0,3.021971383147846,0.0
train,quality_rank,2024-11-11,2,2,2,0,2.163930093776643,6.4143678160919375
train,quality_rank,2024-11-12,2,1,1,0,-6.210000000000005,0.0
train,quality_rank,2024-11-13,2,2,2,0,-13.42218818380745,-1.0021881838074602
train,quality_rank,2024-11-14,2,2,2,0,-12.420000000000021,-20.918032786885256
train,quality_rank,2024-11-15,2,2,2,0,-1.1360616914688055,11.283938308531205
train,quality_rank,2024-11-19,2,1,1,0,2.296112469437638,0.0
train,quality_rank,2024-11-20,2,2,2,0,0.26908819133034534,0.0
train,quality_rank,2024-11-21,2,1,1,0,-6.210000000000005,0.0
train,quality_rank,2024-11-22,2,2,2,0,-14.936063233044354,-2.5160632330443544
train,quality_rank,2024-11-25,2,2,2,0,0.3269398499539431,0.0
train,quality_rank,2024-11-27,2,2,2,0,8.90987949901647,3.7138920382014273
train,quality_rank,2024-11-28,2,1,1,0,5.681472868217051,0.0
train,quality_rank,2024-11-29,2,2,2,0,2.9968282960205004,2.8922864801367867
train,quality_rank,2024-12-02,2,2,2,0,0.4478459937564887,-8.593010146561443
train,quality_rank,2024-12-03,2,2,2,0,-11.530228180672268,0.0
train,quality_rank,2024-12-04,2,2,2,0,-2.610476190476187,-4.814229249011859
train,quality_rank,2024-12-05,2,2,2,0,3.5173739955135157,-2.8001323673334526
train,quality_rank,2024-12-06,2,2,2,0,3.50297052718662,4.087425118371824
train,quality_rank,2024-12-09,2,2,2,0,-1.9013659853678995,-46.43916190648123
train,quality_rank,2024-12-11,2,2,2,0,-5.077815494114437,-21.52565433384379
train,quality_rank,2024-12-12,2,2,2,0,-12.42000000000001,0.0
train,quality_rank,2024-12-13,2,2,2,0,-12.42,-18.748710390567435
train,quality_rank,2024-12-16,2,2,2,0,-6.951250000000032,5.468749999999979
train,quality_rank,2024-12-17,2,2,2,0,-8.089677066228763,8.922508525956818
train,quality_rank,2024-12-18,2,2,2,0,-30.79169888616138,-18.37169888616136
train,quality_rank,2024-12-20,2,2,2,0,-11.589442848937372,6.099833544894162
train,quality_rank,2024-12-23,2,2,2,0,-12.42000000000001,-11.627344726969579
train,quality_rank,2024-12-24,2,2,2,0,1.9834616559591716,0.0
train,quality_rank,2024-12-25,2,1,1,0,4.882592592592582,0.0
train,quality_rank,2024-12-26,2,2,2,0,-3.434925373134325,0.7728091550090577
train,quality_rank,2024-12-27,2,1,1,0,-6.210000000000005,0.0
train,quality_rank,2024-12-30,2,2,2,0,-12.42000000000001,0.0
train,quality_rank,2024-12-31,2,2,2,0,-12.42000000000001,0.0
train,quality_rank,2025-01-02,2,2,2,0,-24.97541652447577,7.444479458742869
train,quality_rank,2025-01-03,2,2,2,0,-0.48737039811053506,22.05395909308475
train,quality_rank,2025-01-06,2,1,1,0,-0.6923151125401992,0.0
train,quality_rank,2025-01-08,2,1,1,0,-6.672984723854282,0.0
train,quality_rank,2025-01-09,2,1,1,0,7.308796992481214,0.0
train,quality_rank,2025-01-13,2,2,2,0,4.6715619718643,-15.109584239356831
train,quality_rank,2025-01-14,2,1,1,0,19.701991199119902,0.0
train,quality_rank,2025-01-15,2,1,1,0,-0.635170068027203,0.0
train,quality_rank,2025-01-16,2,2,2,0,1.1036574502059175,0.5825726968926137
train,quality_rank,2025-01-17,2,2,2,0,-3.0338722009830583,0.0
train,quality_rank,2025-01-20,2,2,2,0,-7.711497564935079,-5.341492682604265
train,quality_rank,2025-01-22,2,2,2,0,-5.049428227548915,0.0
train,quality_rank,2025-01-24,2,2,2,0,5.91761220758311,6.008979063017483
train,quality_rank,2025-01-27,2,2,2,0,-12.611369606003745,0.0
train,quality_rank,2025-02-05,2,1,1,0,4.322415375788856,0.0
train,quality_rank,2025-02-06,2,2,2,0,6.101526520281773,0.0
train,quality_rank,2025-02-10,2,2,2,0,-7.296232201533427,-7.494103741455248
train,quality_rank,2025-02-11,2,2,2,0,-7.442161267850924,0.26891270085462793
train,quality_rank,2025-02-12,2,2,2,0,6.91080829051711,-2.228897484432025
train,quality_rank,2025-02-13,2,2,2,0,-12.420000000000021,0.0
train,quality_rank,2025-02-14,2,2,2,0,0.12677467874006965,2.595019659239828
train,quality_rank,2025-02-18,2,2,2,0,5.40116956690224,0.0
train,quality_rank,2025-02-19,2,2,2,0,6.910915774570923,2.691520607836762
train,quality_rank,2025-02-21,2,2,2,0,3.72939024390244,1.3817394094993607
train,quality_rank,2025-02-24,2,2,2,0,-4.260531561461802,-2.645726366656609
train,quality_rank,2025-02-25,2,2,2,0,-2.4953532182103846,6.424646781789633
train,quality_rank,2025-02-26,2,1,1,0,-1.023008130081283,0.0
train,quality_rank,2025-02-27,2,1,1,0,-6.210000000000005,0.0
train,quality_rank,2025-02-28,2,2,2,0,-5.455608308605344,9.297725024727987
train,quality_rank,2025-03-03,2,2,2,0,-16.07554948544726,0.0
train,quality_rank,2025-03-05,2,2,2,0,5.404432576769034,0.0
train,quality_rank,2025-03-06,2,2,2,0,5.249269922679376,2.241725000171013
train,quality_rank,2025-03-07,2,2,2,0,-6.072777777777795,0.0
train,quality_rank,2025-03-10,2,2,2,0,-5.985217391304333,2.5191028360760264
train,quality_rank,2025-03-11,2,2,2,0,1.1539237146119579,-5.18405793582053
train,quality_rank,2025-03-13,2,1,1,0,-6.210000000000005,3.381443298969079
train,quality_rank,2025-03-14,2,1,1,0,9.852111801242213,3.792519324753174
train,quality_rank,2025-03-18,2,2,2,0,5.43383244206774,0.0
train,quality_rank,2025-03-19,2,1,1,0,18.23660194174754,0.0
train,quality_rank,2025-03-21,2,1,1,0,-6.210000000000005,0.0
train,quality_rank,2025-03-24,2,2,2,0,-11.61892924004844,4.287933559025248
train,quality_rank,2025-03-25,2,1,1,0,-6.841989596879073,0.0
train,quality_rank,2025-03-26,2,1,1,0,-6.210000000000005,0.0
train,quality_rank,2025-03-27,2,2,2,0,-7.356454849498331,3.659540775930326
train,quality_rank,2025-03-28,2,2,2,0,8.704760026053979,12.151141375440321
train,quality_rank,2025-03-31,2,2,2,0,3.447566735536565,8.660217654171731
train,quality_rank,2025-04-03,2,2,2,0,-12.067849659017918,0.0
train,quality_rank,2025-04-07,2,1,1,0,-10.183226238286482,0.0
train,quality_rank,2025-04-08,2,1,1,0,15.221164901664139,0.0
train,quality_rank,2025-04-10,2,1,1,0,6.919909365558906,8.304652390522183
train,quality_rank,2025-04-11,2,1,1,0,-0.08473903966594956,-2.068287426762727
train,quality_rank,2025-04-14,2,2,2,0,-4.1214474561644305,0.9201741654571887
train,quality_rank,2025-04-15,2,2,2,0,-8.610322530600836,-10.80920161121376
train,quality_rank,2025-04-16,2,2,2,0,-4.256983386490456,-3.1695780687263975
train,quality_rank,2025-04-17,2,2,2,0,3.8755665024630543,0.6153826689945787
train,quality_rank,2025-04-18,2,1,1,0,3.1192231812577234,0.0
train,quality_rank,2025-04-21,2,2,2,0,-12.42000000000001,-9.613445378151253
train,quality_rank,2025-04-22,2,1,1,0,2.939606299212593,0.0
train,quality_rank,2025-04-23,2,2,2,0,-4.841317874621267,5.109366604833675
train,quality_rank,2025-04-24,2,2,2,0,-12.971270713578857,0.0
train,quality_rank,2025-04-25,2,2,2,0,-3.7618881759853524,-0.8090414606568563
train,quality_rank,2025-04-28,2,1,1,0,-6.210000000000005,0.0
train,quality_rank,2025-04-29,2,2,2,0,17.83239744586602,0.0
train,quality_rank,2025-04-30,2,1,1,0,5.909610570236422,0.0
train,quality_rank,2025-05-08,2,2,2,0,6.661024930747937,0.0
train,quality_rank,2025-05-09,2,1,1,0,-0.5835990037359804,0.0
train,quality_rank,2025-05-12,2,2,2,0,11.1412058791975,-1.4188034188034386
train,quality_rank,2025-05-13,2,1,1,0,-7.0899999999999865,0.0
train,quality_rank,2025-05-14,2,2,2,0,-9.692727272727266,-4.041692987997481
train,quality_rank,2025-05-15,2,1,1,0,2.0755530474040764,0.0
train,quality_rank,2025-05-16,2,2,2,0,-4.583541807541449,0.0
train,quality_rank,2025-05-19,2,2,2,0,-2.217548343231936,0.0
train,quality_rank,2025-05-21,2,2,2,0,2.9215583483902945,0.0
train,quality_rank,2025-05-22,2,2,2,0,12.701719709659383,10.899497487437191
train,quality_rank,2025-05-23,2,2,2,0,21.038306011285673,22.52989914424823
train,quality_rank,2025-05-26,2,2,2,0,25.48822751626227,23.981890776182112
train,quality_rank,2025-05-28,2,2,2,0,17.436755451542716,0.0
train,quality_rank,2025-05-29,2,2,2,0,2.4856577045580623,9.708512298670469
train,quality_rank,2025-05-30,2,2,2,0,-3.206570743405292,0.0
train,quality_rank,2025-06-03,2,2,2,0,5.329781381345209,5.271497897703203
train,quality_rank,2025-06-05,2,2,2,0,-12.516863877603438,-3.212366845761073
train,quality_rank,2025-06-06,2,1,1,0,-6.380798898071606,-3.5845920015198933
train,quality_rank,2025-06-09,2,1,1,0,5.413309416258304,0.0
train,quality_rank,2025-06-10,2,2,2,0,-9.506998312865903,0.0
train,quality_rank,2025-06-11,2,2,2,0,3.003186750428319,-6.067367620838639
train,quality_rank,2025-06-12,2,2,2,0,-3.42968999054374,4.010718172721561
train,quality_rank,2025-06-13,2,2,2,0,-12.420000000000021,0.0
train,quality_rank,2025-06-16,2,2,2,0,-7.149166666666664,0.4019045242847792
train,quality_rank,2025-06-17,2,2,2,0,-12.42,0.0
train,quality_rank,2025-06-18,2,2,2,0,-12.42000000000001,-10.615384615384627
train,quality_rank,2025-06-19,2,2,2,0,1.307272727272733,0.0
train,quality_rank,2025-06-20,2,1,1,0,-6.210000000000016,0.0
train,quality_rank,2025-06-23,2,2,2,0,18.703257168086115,9.625942254025153
train,quality_rank,2025-06-24,2,2,2,0,3.95381436927603,0.0
train,quality_gate,2024-01-02,2,1,1,0,-1.6616129032257962,0.0
train,quality_gate,2024-01-03,2,0,0,0,0.0,-3.156188237896416
train,quality_gate,2024-01-04,2,1,1,0,-6.210000000000005,-2.4323957721667613
train,quality_gate,2024-01-05,2,0,0,0,0.0,16.88707934721439
train,quality_gate,2024-01-08,2,0,0,0,0.0,17.548749439179826
train,quality_gate,2024-01-09,2,0,0,0,0.0,12.420000000000021
train,quality_gate,2024-01-10,2,0,0,0,0.0,-0.9632382369966201
train,quality_gate,2024-01-11,2,0,0,0,0.0,-6.062773026229026
train,quality_gate,2024-01-12,2,1,1,0,-6.210000000000005,6.210000000000005
train,quality_gate,2024-01-15,2,0,0,0,0.0,8.711237987563583
train,quality_gate,2024-01-16,2,0,0,0,0.0,7.548425577646446
train,quality_gate,2024-01-17,2,0,0,0,0.0,13.179906759906759
train,quality_gate,2024-01-18,2,0,0,0,0.0,21.27072252113759
train,quality_gate,2024-01-19,2,1,1,0,-16.59696939782822,15.058484848484845
train,quality_gate,2024-01-22,2,0,0,0,0.0,22.214421637893214
train,quality_gate,2024-01-23,2,0,0,0,0.0,3.2587013251218178
train,quality_gate,2024-01-24,2,0,0,0,0.0,-5.854880112834992
train,quality_gate,2024-01-25,2,0,0,0,0.0,18.179661610268372
train,quality_gate,2024-01-26,2,0,0,0,0.0,2.6246544546211457
train,quality_gate,2024-01-29,2,0,0,0,0.0,13.639512195121963
train,quality_gate,2024-01-30,2,0,0,0,0.0,12.420000000000021
train,quality_gate,2024-01-31,2,0,0,0,0.0,6.210000000000005
train,quality_gate,2024-02-01,2,0,0,0,0.0,6.210000000000005
train,quality_gate,2024-02-02,2,1,1,0,-19.502158223455925,-10.1920651681512
train,quality_gate,2024-02-05,2,0,0,0,0.0,31.502574048636227
train,quality_gate,2024-02-06,2,0,0,0,0.0,-17.573636198473903
train,quality_gate,2024-02-08,2,1,1,0,-0.1687968685620387,0.0
train,quality_gate,2024-02-19,2,1,1,0,10.199836065573752,-1.427630662020917
train,quality_gate,2024-02-20,2,2,2,0,10.324324045407637,-2.7674505009827914
train,quality_gate,2024-02-21,2,2,2,0,19.06130978896696,-12.699628585095745
train,quality_gate,2024-02-22,2,1,1,0,14.890671140939602,-15.682314372557514
train,quality_gate,2024-02-26,2,2,2,0,23.96674033149173,-12.23476140717521
train,quality_gate,2024-02-27,2,0,0,0,0.0,15.993241061130362
train,quality_gate,2024-02-28,2,2,2,0,-11.53764854742381,11.087987994934291
train,quality_gate,2024-02-29,2,0,0,0,0.0,-0.2616880343450183
train,quality_gate,2024-03-04,2,1,1,0,-2.7779196129512638,0.0
train,quality_gate,2024-03-05,2,0,0,0,0.0,9.013965060878784
train,quality_gate,2024-03-06,2,0,0,0,0.0,-7.360025284450042
train,quality_gate,2024-03-08,2,0,0,0,0.0,-0.5892949192711976
train,quality_gate,2024-03-11,2,1,1,0,-0.4697402597402598,-0.4566666666666599
train,quality_gate,2024-03-12,2,1,1,0,6.015165562913904,-5.244545454545445
train,quality_gate,2024-03-13,2,2,2,0,-0.20806333739340666,-11.783876013006521
train,quality_gate,2024-03-14,2,0,0,0,0.0,-6.3512097667919525
train,quality_gate,2024-03-15,2,0,0,0,0.0,-1.029669421487588
train,quality_gate,2024-03-18,2,1,1,0,15.289425947187139,16.51271812825713
train,quality_gate,2024-03-19,2,0,0,0,0.0,-3.382375366568912
train,quality_gate,2024-03-20,2,0,0,0,0.0,5.494199966838
train,quality_gate,2024-03-21,2,0,0,0,0.0,-3.920984587288843
train,quality_gate,2024-03-22,2,1,1,0,7.130206185567011,5.176442953020134
train,quality_gate,2024-03-25,2,2,2,0,-12.42000000000001,2.3876221498371333
train,quality_gate,2024-03-26,2,0,0,0,0.0,14.55953488372096
train,quality_gate,2024-03-27,2,0,0,0,0.0,13.889040482671202
train,quality_gate,2024-03-28,2,0,0,0,0.0,-15.680125734268465
train,quality_gate,2024-03-29,2,0,0,0,0.0,6.753333333333336
train,quality_gate,2024-04-01,2,1,1,0,-6.210000000000005,3.232670025188912
train,quality_gate,2024-04-02,2,0,0,0,0.0,7.397873977873982
train,quality_gate,2024-04-03,2,1,1,0,-6.210000000000005,7.571376673040176
train,quality_gate,2024-04-08,2,0,0,0,0.0,6.88511627906976
train,quality_gate,2024-04-09,2,0,0,0,0.0,4.981695685087064
train,quality_gate,2024-04-10,2,0,0,0,0.0,12.42000000000001
train,quality_gate,2024-04-11,2,1,1,0,-19.234390243902435,-6.814390243902425
train,quality_gate,2024-04-12,2,0,0,0,0.0,18.862849740932653
train,quality_gate,2024-04-15,2,0,0,0,0.0,15.802385086507357
train,quality_gate,2024-04-16,2,0,0,0,0.0,-11.71628183831673
train,quality_gate,2024-04-17,2,1,1,0,2.541119641714639,0.0
train,quality_gate,2024-04-18,2,0,0,0,0.0,6.210000000000005
train,quality_gate,2024-04-19,2,2,2,0,5.4489746081058374,-6.320431256374148
train,quality_gate,2024-04-22,2,0,0,0,0.0,-6.450707264897234
train,quality_gate,2024-04-23,2,1,1,0,4.746521739130437,-1.7482651684093788
train,quality_gate,2024-04-24,2,1,1,0,4.839088359046272,-3.7195392953929485
train,quality_gate,2024-04-25,2,0,0,0,0.0,4.545618443770562
train,quality_gate,2024-04-26,2,0,0,0,0.0,-28.133385416666652
train,quality_gate,2024-04-29,2,1,1,0,6.226781609195408,-13.740617283950618
train,quality_gate,2024-04-30,2,0,0,0,0.0,-9.82872836901034
train,quality_gate,2024-05-06,2,1,1,0,-1.0478378378378403,1.6424693042291891
train,quality_gate,2024-05-07,2,0,0,0,0.0,1.4280267965895441
train,quality_gate,2024-05-08,2,2,2,0,5.033256050986699,7.1144130757800905
train,quality_gate,2024-05-09,2,0,0,0,0.0,6.210000000000005
train,quality_gate,2024-05-13,2,0,0,0,0.0,2.2684848484848548
train,quality_gate,2024-05-16,2,0,0,0,0.0,2.2151884218162072
train,quality_gate,2024-05-17,2,0,0,0,0.0,-10.512847685948042
train,quality_gate,2024-05-21,2,0,0,0,0.0,6.903481063658369
train,quality_gate,2024-05-22,2,0,0,0,0.0,-15.668047966651653
train,quality_gate,2024-05-27,2,0,0,0,0.0,2.4877822695097427
train,quality_gate,2024-05-28,2,0,0,0,0.0,13.279350395149327
train,quality_gate,2024-05-29,2,0,0,0,0.0,8.443608768971336
train,quality_gate,2024-06-03,2,0,0,0,0.0,9.227341040462434
train,quality_gate,2024-06-04,2,0,0,0,0.0,7.452339832869082
train,quality_gate,2024-06-06,2,0,0,0,0.0,16.447100271002725
train,quality_gate,2024-06-07,2,0,0,0,0.0,12.42
train,quality_gate,2024-06-11,2,0,0,0,0.0,-7.722263814616758
train,quality_gate,2024-06-14,2,0,0,0,0.0,-15.011351484682576
train,quality_gate,2024-06-17,2,0,0,0,0.0,-2.645703766638339
train,quality_gate,2024-06-18,2,1,1,0,-6.387105831533492,0.0
train,quality_gate,2024-06-19,2,0,0,0,0.0,12.42000000000001
train,quality_gate,2024-06-20,2,0,0,0,0.0,9.804841795437826
train,quality_gate,2024-06-21,2,0,0,0,0.0,12.42000000000001
train,quality_gate,2024-06-24,2,0,0,0,0.0,6.210000000000005
train,quality_gate,2024-06-25,2,0,0,0,0.0,6.210000000000005
train,quality_gate,2024-06-26,2,1,1,0,-6.210000000000005,-5.079050782086979
train,quality_gate,2024-06-27,2,2,2,0,2.0082352941176866,0.0
train,quality_gate,2024-06-28,2,0,0,0,0.0,8.746411526245414
train,quality_gate,2024-07-02,2,1,1,0,4.367908441831169,0.0
train,quality_gate,2024-07-03,2,0,0,0,0.0,6.210000000000005
train,quality_gate,2024-07-04,2,0,0,0,0.0,14.147975270479142
train,quality_gate,2024-07-05,2,0,0,0,0.0,-11.003442449841582
train,quality_gate,2024-07-08,2,0,0,0,0.0,6.210000000000016
train,quality_gate,2024-07-09,2,0,0,0,0.0,3.362425409672511
train,quality_gate,2024-07-11,2,0,0,0,0.0,-27.0206022112444
train,quality_gate,2024-07-15,2,1,1,0,4.93834205933683,0.8653134313358244
train,quality_gate,2024-07-17,2,0,0,0,0.0,2.0192105263157965
train,quality_gate,2024-07-18,2,0,0,0,0.0,4.624003044140036
train,quality_gate,2024-07-19,2,0,0,0,0.0,14.420000000000012
train,quality_gate,2024-07-23,2,0,0,0,0.0,-4.797158176943704
train,quality_gate,2024-07-24,2,0,0,0,0.0,-7.615982525529539
train,quality_gate,2024-07-25,2,0,0,0,0.0,1.610560224089642
train,quality_gate,2024-07-26,2,0,0,0,0.0,-2.505231788079464
train,quality_gate,2024-07-29,2,0,0,0,0.0,-1.0104424103737566
train,quality_gate,2024-07-30,2,1,1,0,0.42025210084033393,-9.292339812492422
train,quality_gate,2024-07-31,2,0,0,0,0.0,6.210000000000005
train,quality_gate,2024-08-01,2,2,2,0,9.765005576839156,19.235294117647083
train,quality_gate,2024-08-02,2,0,0,0,0.0,-0.06814629421274354
train,quality_gate,2024-08-05,2,0,0,0,0.0,3.137557251908409
train,quality_gate,2024-08-06,2,0,0,0,0.0,6.210000000000005
train,quality_gate,2024-08-07,2,0,0,0,0.0,-15.618877005347606
train,quality_gate,2024-08-08,2,1,1,0,-6.210000000000005,-1.4544110142147728
train,quality_gate,2024-08-09,2,0,0,0,0.0,2.8518300507311096
train,quality_gate,2024-08-12,2,0,0,0,0.0,6.210000000000005
train,quality_gate,2024-08-13,2,0,0,0,0.0,-3.463905027995649
train,quality_gate,2024-08-14,2,2,2,0,-5.402986997205019,0.0
train,quality_gate,2024-08-15,2,0,0,0,0.0,2.344111486293134
train,quality_gate,2024-08-19,2,0,0,0,0.0,5.765555555555546
train,quality_gate,2024-08-20,2,0,0,0,0.0,-8.074409654272683
train,quality_gate,2024-08-21,2,1,1,0,-6.210000000000005,-7.381093117408931
train,quality_gate,2024-08-23,2,0,0,0,0.0,6.823426392327628
train,quality_gate,2024-08-26,2,0,0,0,0.0,6.210000000000005
train,quality_gate,2024-08-27,2,0,0,0,0.0,-5.990527704485492
train,quality_gate,2024-08-29,2,0,0,0,0.0,0.33722646310433513
train,quality_gate,2024-08-30,2,1,1,0,-4.250404040404033,0.0
train,quality_gate,2024-09-02,2,0,0,0,0.0,6.210000000000005
train,quality_gate,2024-09-03,2,1,1,0,-0.06875706214688562,11.987606574216747
train,quality_gate,2024-09-04,2,0,0,0,0.0,6.210000000000016
train,quality_gate,2024-09-05,2,0,0,0,0.0,6.209999999999995
train,quality_gate,2024-09-06,2,0,0,0,0.0,15.584251207729462
train,quality_gate,2024-09-09,2,0,0,0,0.0,2.910499534369017
train,quality_gate,2024-09-11,2,0,0,0,0.0,-1.0837147102525906
train,quality_gate,2024-09-12,2,0,0,0,0.0,-1.5918018018018056
train,quality_gate,2024-09-13,2,0,0,0,0.0,6.210000000000016
train,quality_gate,2024-09-18,2,0,0,0,0.0,-11.552378760219105
train,quality_gate,2024-09-19,2,0,0,0,0.0,-14.002678936605315
train,quality_gate,2024-09-23,2,0,0,0,0.0,-8.381549295774636
train,quality_gate,2024-09-24,2,0,0,0,0.0,-8.084930875576022
train,quality_gate,2024-09-25,2,0,0,0,0.0,-18.97194640338504
train,quality_gate,2024-09-26,2,1,1,0,19.695586152635713,-24.047884972170692
train,quality_gate,2024-09-27,2,1,1,0,0.3115123859191762,0.0
train,quality_gate,2024-10-09,2,1,1,0,-6.209999999999995,6.351732283464574
train,quality_gate,2024-10-14,2,0,0,0,0.0,-4.972642257509039
train,quality_gate,2024-10-16,2,0,0,0,0.0,0.906864111498241
train,quality_gate,2024-10-18,2,0,0,0,0.0,-18.389033816425137
train,quality_gate,2024-10-22,2,1,1,0,6.848823529411762,-3.451971830985933
train,quality_gate,2024-10-23,2,1,1,0,12.943724247226626,0.35079235188013413
train,quality_gate,2024-10-24,2,1,1,0,4.639137931034497,2.8627160456058185
train,quality_gate,2024-10-25,2,0,0,0,0.0,1.48388535031846
train,quality_gate,2024-10-28,2,1,1,0,-3.92720116618075,0.872983425414354
train,quality_gate,2024-10-29,2,1,1,0,-8.220680907877167,6.210000000000015
train,quality_gate,2024-10-30,2,0,0,0,0.0,7.086222518321129
train,quality_gate,2024-10-31,2,2,2,0,-12.42,0.0
train,quality_gate,2024-11-01,2,1,1,0,-6.210000000000005,10.91093457943926
train,quality_gate,2024-11-04,2,0,0,0,0.0,-9.693047827425703
train,quality_gate,2024-11-05,2,0,0,0,0.0,-6.377139296100685
train,quality_gate,2024-11-06,2,2,2,0,32.72938824118749,7.361913660209439
train,quality_gate,2024-11-07,2,1,1,0,-3.970445682451241,-3.107314220117451
train,quality_gate,2024-11-08,2,0,0,0,0.0,-3.021971383147846
train,quality_gate,2024-11-11,2,0,0,0,0.0,4.2504377223152945
train,quality_gate,2024-11-12,2,0,0,0,0.0,6.210000000000005
train,quality_gate,2024-11-13,2,1,1,0,-7.212188183807445,5.207811816192544
train,quality_gate,2024-11-14,2,1,1,0,-6.210000000000016,-14.708032786885248
train,quality_gate,2024-11-15,2,0,0,0,0.0,12.42000000000001
train,quality_gate,2024-11-19,2,0,0,0,0.0,-2.296112469437638
train,quality_gate,2024-11-20,2,1,1,0,-6.210000000000016,-6.479088191330361
train,quality_gate,2024-11-21,2,1,1,0,-6.210000000000005,0.0
train,quality_gate,2024-11-22,2,2,2,0,-14.936063233044354,-2.5160632330443544
train,quality_gate,2024-11-25,2,0,0,0,0.0,-0.3269398499539431
train,quality_gate,2024-11-27,2,0,0,0,0.0,-5.195987460815042
train,quality_gate,2024-11-28,2,0,0,0,0.0,-5.681472868217051
train,quality_gate,2024-11-29,2,0,0,0,0.0,-0.1045418158837137
train,quality_gate,2024-12-02,2,1,1,0,-6.210000000000005,-15.250856140317936
train,quality_gate,2024-12-03,2,0,0,0,0.0,11.530228180672268
train,quality_gate,2024-12-04,2,0,0,0,0.0,-2.2037530585356717
train,quality_gate,2024-12-05,2,0,0,0,0.0,-6.317506362846968
train,quality_gate,2024-12-06,2,0,0,0,0.0,0.5844545911852035
train,quality_gate,2024-12-09,2,1,1,0,-0.3174113856068703,-44.855207306720196
train,quality_gate,2024-12-11,2,2,2,0,-5.1988141690569,-21.646653008786252
train,quality_gate,2024-12-12,2,0,0,0,0.0,12.42000000000001
train,quality_gate,2024-12-13,2,2,2,0,-12.42,-18.748710390567435
train,quality_gate,2024-12-16,2,1,1,0,-6.210000000000016,6.209999999999995
train,quality_gate,2024-12-17,2,0,0,0,0.0,17.01218559218558
train,quality_gate,2024-12-18,2,1,1,0,-8.833298033282901,3.5867019667171203
train,quality_gate,2024-12-20,2,0,0,0,0.0,17.689276393831534
train,quality_gate,2024-12-23,2,0,0,0,0.0,0.792655273030431
train,quality_gate,2024-12-24,2,0,0,0,0.0,-1.9834616559591716
train,quality_gate,2024-12-25,2,0,0,0,0.0,-4.882592592592582
train,quality_gate,2024-12-26,2,2,2,0,-1.9708474576271247,2.236887070516258
train,quality_gate,2024-12-27,2,0,0,0,0.0,6.210000000000005
train,quality_gate,2024-12-30,2,0,0,0,0.0,12.42000000000001
train,quality_gate,2024-12-31,2,0,0,0,0.0,12.42000000000001
train,quality_gate,2025-01-02,2,0,0,0,0.0,32.41989598321864
train,quality_gate,2025-01-03,2,0,0,0,0.0,22.541329491195285
train,quality_gate,2025-01-06,2,0,0,0,0.0,0.6923151125401992
train,quality_gate,2025-01-08,2,0,0,0,0.0,6.672984723854282
train,quality_gate,2025-01-09,2,1,1,0,7.308796992481214,0.0
train,quality_gate,2025-01-13,2,0,0,0,0.0,-19.78114621122113
train,quality_gate,2025-01-14,2,0,0,0,0.0,-19.701991199119902
train,quality_gate,2025-01-15,2,1,1,0,-0.635170068027203,0.0
train,quality_gate,2025-01-16,2,0,0,0,0.0,-0.5210847533133038
train,quality_gate,2025-01-17,2,1,1,0,3.176127799016947,6.210000000000005
train,quality_gate,2025-01-20,2,1,1,0,-2.4365624999999955,-0.066557617669182
train,quality_gate,2025-01-22,2,0,0,0,0.0,5.049428227548915
train,quality_gate,2025-01-24,2,0,0,0,0.0,0.0913668554343734
train,quality_gate,2025-01-27,2,0,0,0,0.0,12.611369606003745
train,quality_gate,2025-02-05,2,1,1,0,4.322415375788856,0.0
train,quality_gate,2025-02-06,2,1,1,0,4.3012781954887105,-1.8002483247930625
train,quality_gate,2025-02-10,2,1,1,0,-6.210000000000016,-6.407871539921837
train,quality_gate,2025-02-11,2,0,0,0,0.0,7.711073968705552
train,quality_gate,2025-02-12,2,0,0,0,0.0,-9.139705774949135
train,quality_gate,2025-02-13,2,0,0,0,0.0,12.420000000000021
train,quality_gate,2025-02-14,2,0,0,0,0.0,2.468244980499758
train,quality_gate,2025-02-18,2,0,0,0,0.0,-5.40116956690224
train,quality_gate,2025-02-19,2,0,0,0,0.0,-4.219395166734161
train,quality_gate,2025-02-21,2,1,1,0,2.8143902439024417,0.46673940949936243
train,quality_gate,2025-02-24,2,0,0,0,0.0,1.614805194805193
train,quality_gate,2025-02-25,2,0,0,0,0.0,8.920000000000018
train,quality_gate,2025-02-26,2,0,0,0,0.0,1.023008130081283
train,quality_gate,2025-02-27,2,0,0,0,0.0,6.210000000000005
train,quality_gate,2025-02-28,2,1,1,0,-6.210000000000005,8.543333333333326
train,quality_gate,2025-03-03,2,0,0,0,0.0,16.07554948544726
train,quality_gate,2025-03-05,2,2,2,0,3.4737282229965287,-1.9307043537725055
train,quality_gate,2025-03-06,2,2,2,0,2.8748831706595572,-0.13266175184880602
train,quality_gate,2025-03-07,2,1,1,0,-6.210000000000005,-0.13722222222220992
train,quality_gate,2025-03-10,2,0,0,0,0.0,8.50432022738036
train,quality_gate,2025-03-11,2,0,0,0,0.0,-6.3379816504324875
train,quality_gate,2025-03-13,2,0,0,0,0.0,9.591443298969084
train,quality_gate,2025-03-14,2,0,0,0,0.0,-6.059592476489039
train,quality_gate,2025-03-18,2,1,1,0,11.643832442067746,6.210000000000005
train,quality_gate,2025-03-19,2,0,0,0,0.0,-18.23660194174754
train,quality_gate,2025-03-21,2,0,0,0,0.0,6.210000000000005
train,quality_gate,2025-03-24,2,0,0,0,0.0,15.906862799073687
train,quality_gate,2025-03-25,2,0,0,0,0.0,6.841989596879073
train,quality_gate,2025-03-26,2,0,0,0,0.0,6.210000000000005
train,quality_gate,2025-03-27,2,0,0,0,0.0,11.015995625428657
train,quality_gate,2025-03-28,2,1,1,0,2.3583512841756518,5.804732633561994
train,quality_gate,2025-03-31,2,0,0,0,0.0,5.212650918635166
train,quality_gate,2025-04-03,2,0,0,0,0.0,12.067849659017918
train,quality_gate,2025-04-07,2,0,0,0,0.0,10.183226238286482
train,quality_gate,2025-04-08,2,0,0,0,0.0,-15.221164901664139
train,quality_gate,2025-04-10,2,0,0,0,0.0,1.3847430249632762
train,quality_gate,2025-04-11,2,0,0,0,0.0,-1.9835483870967776
train,quality_gate,2025-04-14,2,0,0,0,0.0,5.041621621621619
train,quality_gate,2025-04-15,2,0,0,0,0.0,-2.1988790806129237
train,quality_gate,2025-04-16,2,1,1,0,7.328994800693266,8.416400118457325
train,quality_gate,2025-04-17,2,0,0,0,0.0,-3.2601838334684756
train,quality_gate,2025-04-18,2,0,0,0,0.0,-3.1192231812577234
train,quality_gate,2025-04-21,2,0,0,0,0.0,2.8065546218487576
train,quality_gate,2025-04-22,2,0,0,0,0.0,-2.939606299212593
train,quality_gate,2025-04-23,2,0,0,0,0.0,9.950684479454942
train,quality_gate,2025-04-24,2,1,1,0,-4.006296296296309,8.964974417282548
train,quality_gate,2025-04-25,2,0,0,0,0.0,2.952846715328496
train,quality_gate,2025-04-28,2,0,0,0,0.0,6.210000000000005
train,quality_gate,2025-04-29,2,0,0,0,0.0,-17.83239744586602
train,quality_gate,2025-04-30,2,0,0,0,0.0,-5.909610570236422
train,quality_gate,2025-05-08,2,1,1,0,0.6210249307479145,-6.040000000000022
train,quality_gate,2025-05-09,2,1,1,0,-0.5835990037359804,0.0
train,quality_gate,2025-05-12,2,0,0,0,0.0,-12.560009298000939
train,quality_gate,2025-05-13,2,0,0,0,0.0,7.0899999999999865
train,quality_gate,2025-05-14,2,0,0,0,0.0,5.651034284729786
train,quality_gate,2025-05-15,2,0,0,0,0.0,-2.0755530474040764
train,quality_gate,2025-05-16,2,0,0,0,0.0,4.583541807541449
train,quality_gate,2025-05-19,2,0,0,0,0.0,2.217548343231936
train,quality_gate,2025-05-21,2,0,0,0,0.0,-2.9215583483902945
train,quality_gate,2025-05-22,2,1,1,0,4.689497487437188,2.8872752652149973
train,quality_gate,2025-05-23,2,0,0,0,0.0,1.491593132962556
train,quality_gate,2025-05-26,2,0,0,0,0.0,-1.506336740080159
train,quality_gate,2025-05-28,2,1,1,0,23.64675545154273,6.210000000000015
train,quality_gate,2025-05-29,2,1,1,0,4.5154150702426445,11.738269664355052
train,quality_gate,2025-05-30,2,0,0,0,0.0,3.206570743405292
train,quality_gate,2025-06-03,2,0,0,0,0.0,-0.05828348364200586
train,quality_gate,2025-06-05,2,1,1,0,-7.62797432239657,1.6765227094457948
train,quality_gate,2025-06-06,2,0,0,0,0.0,2.7962068965517126
train,quality_gate,2025-06-09,2,0,0,0,0.0,-5.413309416258304
train,quality_gate,2025-06-10,2,1,1,0,-5.325511551155095,4.181486761710809
train,quality_gate,2025-06-11,2,0,0,0,0.0,-9.070554371266958
train,quality_gate,2025-06-12,2,0,0,0,0.0,7.440408163265301
train,quality_gate,2025-06-13,2,1,1,0,-6.210000000000016,6.210000000000005
train,quality_gate,2025-06-16,2,0,0,0,0.0,7.551071190951443
train,quality_gate,2025-06-17,2,0,0,0,0.0,12.42
train,quality_gate,2025-06-18,2,0,0,0,0.0,1.804615384615384
train,quality_gate,2025-06-19,2,0,0,0,0.0,-1.307272727272733
train,quality_gate,2025-06-20,2,0,0,0,0.0,6.210000000000016
train,quality_gate,2025-06-23,2,0,0,0,0.0,-9.077314914060961
train,quality_gate,2025-06-24,2,0,0,0,0.0,-3.95381436927603
train,confirm_close,2024-01-02,2,1,1,0,4.954319248826299,6.615932152052095
train,confirm_close,2024-01-03,2,2,2,0,2.074883720930219,-1.0813045169661972
train,confirm_close,2024-01-04,2,1,1,0,2.1195454545454675,5.8971496823787115
train,confirm_close,2024-01-05,2,0,0,0,0.0,16.88707934721439
train,confirm_close,2024-01-08,2,2,2,0,-6.240774782710703,11.307974656469122
train,confirm_close,2024-01-09,2,0,0,0,0.0,12.420000000000021
train,confirm_close,2024-01-10,2,0,0,0,0.0,-0.9632382369966201
train,confirm_close,2024-01-11,2,2,2,0,-8.18233635448137,-14.245109380710396
train,confirm_close,2024-01-12,2,0,0,0,0.0,12.42000000000001
train,confirm_close,2024-01-15,2,2,2,0,-10.479722793974812,-1.7684848064112284
train,confirm_close,2024-01-16,2,1,1,0,-6.210000000000005,1.3384255776464409
train,confirm_close,2024-01-17,2,0,0,0,0.0,13.179906759906759
train,confirm_close,2024-01-18,2,0,0,0,0.0,21.27072252113759
train,confirm_close,2024-01-19,2,2,2,0,1.6156370047818953,33.27109125109496
train,confirm_close,2024-01-22,2,0,0,0,0.0,22.214421637893214
train,confirm_close,2024-01-23,2,2,2,0,-12.42000000000001,-9.161298674878193
train,confirm_close,2024-01-24,2,1,1,0,-16.65444444444444,-22.50932455727943
train,confirm_close,2024-01-25,2,1,1,0,-19.68308132875143,-1.5034197184830589
train,confirm_close,2024-01-26,2,1,1,0,-8.258780487804886,-5.63412603318374
train,confirm_close,2024-01-29,2,0,0,0,0.0,13.639512195121963
train,confirm_close,2024-01-30,2,0,0,0,0.0,12.420000000000021
train,confirm_close,2024-01-31,2,0,0,0,0.0,6.210000000000005
train,confirm_close,2024-02-01,2,0,0,0,0.0,6.210000000000005
train,confirm_close,2024-02-02,2,2,2,0,-19.378081766430903,-10.067988711126176
train,confirm_close,2024-02-05,2,0,0,0,0.0,31.502574048636227
train,confirm_close,2024-02-06,2,1,1,0,9.151329833770781,-8.422306364703122
train,confirm_close,2024-02-08,2,0,0,0,0.0,0.1687968685620387
train,confirm_close,2024-02-19,2,0,0,0,0.0,-11.627466727594669
train,confirm_close,2024-02-20,2,2,2,0,20.00387372979355,6.912099183403122
train,confirm_close,2024-02-21,2,2,2,0,32.024691202348826,0.26375282828612256
train,confirm_close,2024-02-22,2,2,2,0,-4.376945795604805,-34.94993130910192
train,confirm_close,2024-02-26,2,1,1,0,1.5549267743147013,-34.64657496435224
train,confirm_close,2024-02-27,2,2,2,0,-19.79016574585636,-3.7969246847259974
train,confirm_close,2024-02-28,2,0,0,0,0.0,22.6256365423581
train,confirm_close,2024-02-29,2,2,2,0,-8.058269986893853,-8.319958021238872
train,confirm_close,2024-03-04,2,0,0,0,0.0,2.7779196129512638
train,confirm_close,2024-03-05,2,1,1,0,-0.734344569288393,8.279620491590391
train,confirm_close,2024-03-06,2,1,1,0,5.147142857142838,-2.2128824273072034
train,confirm_close,2024-03-08,2,2,2,0,-0.576772747760625,-1.1660676670318226
train,confirm_close,2024-03-11,2,1,1,0,-2.1707843137254943,-2.1577107206518944
train,confirm_close,2024-03-12,2,0,0,0,0.0,-11.259711017459349
train,confirm_close,2024-03-13,2,2,2,0,0.5476688597244688,-11.028143815888646
train,confirm_close,2024-03-14,2,1,1,0,3.6503696098562513,-2.7008401569357012
train,confirm_close,2024-03-15,2,0,0,0,0.0,-1.029669421487588
train,confirm_close,2024-03-18,2,2,2,0,-4.230026385224264,-3.0067342041542715
train,confirm_close,2024-03-19,2,0,0,0,0.0,-3.382375366568912
train,confirm_close,2024-03-20,2,2,2,0,-12.42000000000001,-6.925800033162011
train,confirm_close,2024-03-21,2,1,1,0,-6.210000000000005,-10.130984587288848
train,confirm_close,2024-03-22,2,2,2,0,-12.73011927664485,-14.683882509191726
train,confirm_close,2024-03-25,2,0,0,0,0.0,14.807622149837144
train,confirm_close,2024-03-26,2,1,1,0,-10.736315789473684,3.8232190942472766
train,confirm_close,2024-03-27,2,1,1,0,2.49531400966183,16.38435449233303
train,confirm_close,2024-03-28,2,2,2,0,2.61089244851259,-13.069233285755875
train,confirm_close,2024-03-29,2,1,1,0,-6.210000000000005,0.5433333333333303
train,confirm_close,2024-04-01,2,0,0,0,0.0,9.442670025188917
train,confirm_close,2024-04-02,2,1,1,0,-6.210000000000005,1.187873977873977
train,confirm_close,2024-04-03,2,2,2,0,-15.004905660377368,-1.2235289873371862
train,confirm_close,2024-04-08,2,0,0,0,0.0,6.88511627906976
train,confirm_close,2024-04-09,2,1,1,0,-6.210000000000005,-1.2283043149129416
train,confirm_close,2024-04-10,2,1,1,0,-19.76380577427822,-7.343805774278211
train,confirm_close,2024-04-11,2,2,2,0,-27.52891089108911,-15.108910891089101
train,confirm_close,2024-04-12,2,1,1,0,-13.565408388520973,5.2974413524116795
train,confirm_close,2024-04-15,2,2,2,0,-21.93713063171397,-6.134745545206613
train,confirm_close,2024-04-16,2,1,1,0,3.2682608695652196,-8.44802096875151
train,confirm_close,2024-04-17,2,1,1,0,-0.3319512195121952,-2.873070861226834
train,confirm_close,2024-04-18,2,1,1,0,-6.210000000000005,0.0
train,confirm_close,2024-04-19,2,1,1,0,3.593339517625237,-8.176066346854748
train,confirm_close,2024-04-22,2,1,1,0,-0.8452765321375186,-7.2959837970347525
train,confirm_close,2024-04-23,2,2,2,0,-0.7843357515267124,-7.2791226590665286
train,confirm_close,2024-04-24,2,1,1,0,-2.326402116402094,-10.885029770841314
train,confirm_close,2024-04-25,2,0,0,0,0.0,4.545618443770562
train,confirm_close,2024-04-26,2,2,2,0,-1.6806635071090055,-29.81404892377566
train,confirm_close,2024-04-29,2,2,2,0,16.282649297423887,-3.6847495957221383
train,confirm_close,2024-04-30,2,2,2,0,0.2658432118949321,-9.562885157115408
train,confirm_close,2024-05-06,2,1,1,0,-2.7934230355220477,-0.10311589345501826
train,confirm_close,2024-05-07,2,0,0,0,0.0,1.4280267965895441
train,confirm_close,2024-05-08,2,2,2,0,1.4615771455056863,3.542734170299078
train,confirm_close,2024-05-09,2,1,1,0,-6.209999999999995,1.0658141036401503e-14
train,confirm_close,2024-05-13,2,1,1,0,2.8185381479324247,5.0870229964172795
train,confirm_close,2024-05-16,2,1,1,0,-6.568885017421601,-4.353696595605394
train,confirm_close,2024-05-17,2,1,1,0,-7.374480322906175,-17.88732800885422
train,confirm_close,2024-05-21,2,2,2,0,-9.217761790567549,-2.314280726909179
train,confirm_close,2024-05-22,2,2,2,0,7.160645161290311,-8.507402805361341
train,confirm_close,2024-05-27,2,0,0,0,0.0,2.4877822695097427
train,confirm_close,2024-05-28,2,1,1,0,-6.210000000000005,7.069350395149322
train,confirm_close,2024-05-29,2,2,2,0,-13.701823235130629,-5.258214466159293
train,confirm_close,2024-06-03,2,0,0,0,0.0,9.227341040462434
train,confirm_close,2024-06-04,2,0,0,0,0.0,7.452339832869082
train,confirm_close,2024-06-06,2,0,0,0,0.0,16.447100271002725
train,confirm_close,2024-06-07,2,0,0,0,0.0,12.42
train,confirm_close,2024-06-11,2,1,1,0,0.5935355564483649,-7.128728258168393
train,confirm_close,2024-06-14,2,1,1,0,8.86572383073496,-6.145627653947615
train,confirm_close,2024-06-17,2,2,2,0,-2.1907406748502574,-4.836444441488597
train,confirm_close,2024-06-18,2,0,0,0,0.0,6.387105831533492
train,confirm_close,2024-06-19,2,0,0,0,0.0,12.42000000000001
train,confirm_close,2024-06-20,2,2,2,0,-12.42000000000001,-2.615158204562185
train,confirm_close,2024-06-21,2,1,1,0,-6.210000000000005,6.210000000000005
train,confirm_close,2024-06-24,2,0,0,0,0.0,6.210000000000005
train,confirm_close,2024-06-25,2,0,0,0,0.0,6.210000000000005
train,confirm_close,2024-06-26,2,2,2,0,-0.27111922812084366,0.8598299897921824
train,confirm_close,2024-06-27,2,1,1,0,-5.042424006235392,-7.050659300353079
train,confirm_close,2024-06-28,2,1,1,0,-6.210000000000005,2.5364115262454083
train,confirm_close,2024-07-02,2,1,1,0,1.2012903225806495,-3.1666181192505194
train,confirm_close,2024-07-03,2,0,0,0,0.0,6.210000000000005
train,confirm_close,2024-07-04,2,1,1,0,4.187163120567371,18.335138391046513
train,confirm_close,2024-07-05,2,1,1,0,16.266190476190467,5.262748026348884
train,confirm_close,2024-07-08,2,0,0,0,0.0,6.210000000000016
train,confirm_close,2024-07-09,2,0,0,0,0.0,3.362425409672511
train,confirm_close,2024-07-11,2,1,1,0,-6.210000000000005,-33.23060221124441
train,confirm_close,2024-07-15,2,2,2,0,0.7043417150457292,-3.3686869129552766
train,confirm_close,2024-07-17,2,0,0,0,0.0,2.0192105263157965
train,confirm_close,2024-07-18,2,1,1,0,10.224782608695659,14.848785652835694
train,confirm_close,2024-07-19,2,1,1,0,-6.210000000000005,8.210000000000008
train,confirm_close,2024-07-23,2,0,0,0,0.0,-4.797158176943704
train,confirm_close,2024-07-24,2,1,1,0,2.548620689655178,-5.067361835874361
train,confirm_close,2024-07-25,2,0,0,0,0.0,1.610560224089642
train,confirm_close,2024-07-26,2,0,0,0,0.0,-2.505231788079464
train,confirm_close,2024-07-29,2,0,0,0,0.0,-1.0104424103737566
train,confirm_close,2024-07-30,2,2,2,0,9.235255704378197,-0.47733620895455786
train,confirm_close,2024-07-31,2,1,1,0,-6.210000000000005,0.0
train,confirm_close,2024-08-01,2,2,2,0,-9.008757396449676,0.4615311443582506
train,confirm_close,2024-08-02,2,2,2,0,-8.234058956916115,-8.302205251128859
train,confirm_close,2024-08-05,2,0,0,0,0.0,3.137557251908409
train,confirm_close,2024-08-06,2,0,0,0,0.0,6.210000000000005
train,confirm_close,2024-08-07,2,1,1,0,-6.209999999999995,-21.8288770053476
train,confirm_close,2024-08-08,2,1,1,0,-2.675753424657513,2.0798355611277195
train,confirm_close,2024-08-09,2,0,0,0,0.0,2.8518300507311096
train,confirm_close,2024-08-12,2,0,0,0,0.0,6.210000000000005
train,confirm_close,2024-08-13,2,2,2,0,-5.347613941018771,-8.81151896901442
train,confirm_close,2024-08-14,2,1,1,0,-6.210000000000005,-0.807013002794986
train,confirm_close,2024-08-15,2,2,2,0,3.5733401445491166,5.917451630842251
train,confirm_close,2024-08-19,2,0,0,0,0.0,5.765555555555546
train,confirm_close,2024-08-20,2,1,1,0,5.134494526722476,-2.939915127550207
train,confirm_close,2024-08-21,2,0,0,0,0.0,-1.171093117408926
train,confirm_close,2024-08-23,2,1,1,0,-6.210000000000005,0.6134263923276224
train,confirm_close,2024-08-26,2,0,0,0,0.0,6.210000000000005
train,confirm_close,2024-08-27,2,1,0,0,0.0,-5.990527704485492
train,confirm_close,2024-08-29,2,0,0,0,0.0,0.33722646310433513
train,confirm_close,2024-08-30,2,0,0,0,0.0,4.250404040404033
train,confirm_close,2024-09-02,2,0,0,0,0.0,6.210000000000005
train,confirm_close,2024-09-03,2,2,2,0,-5.78408803568783,6.272275600675803
train,confirm_close,2024-09-04,2,0,0,0,0.0,6.210000000000016
train,confirm_close,2024-09-05,2,0,0,0,0.0,6.209999999999995
train,confirm_close,2024-09-06,2,1,1,0,-14.730547945205476,0.853703262523986
train,confirm_close,2024-09-09,2,1,1,0,5.831426927502891,8.741926461871909
train,confirm_close,2024-09-11,2,0,0,0,0.0,-1.0837147102525906
train,confirm_close,2024-09-12,2,0,0,0,0.0,-1.5918018018018056
train,confirm_close,2024-09-13,2,0,0,0,0.0,6.210000000000016
train,confirm_close,2024-09-18,2,1,1,0,1.8193122886133386,-9.733066471605767
train,confirm_close,2024-09-19,2,1,1,0,7.27560460652592,-6.727074330079396
train,confirm_close,2024-09-23,2,1,1,0,10.714369747899164,2.332820452124528
train,confirm_close,2024-09-24,2,1,1,0,16.05139817629182,7.966467300715797
train,confirm_close,2024-09-25,2,0,0,0,0.0,-18.97194640338504
train,confirm_close,2024-09-26,2,2,2,0,9.489604682679275,-34.25386644212713
train,confirm_close,2024-09-27,2,1,1,0,-6.210000000000016,-6.521512385919192
train,confirm_close,2024-10-09,2,0,0,0,0.0,12.561732283464568
train,confirm_close,2024-10-14,2,2,2,0,-8.623742203742193,-13.596384461251233
train,confirm_close,2024-10-16,2,0,0,0,0.0,0.906864111498241
train,confirm_close,2024-10-18,2,0,0,0,0.0,-18.389033816425137
train,confirm_close,2024-10-22,2,2,2,0,7.8646248687154845,-2.4361704916822102
train,confirm_close,2024-10-23,2,2,2,0,-1.2414188025341795,-13.834350697880671
train,confirm_close,2024-10-24,2,2,2,0,1.2284265329208437,-0.5479953525078352
train,confirm_close,2024-10-25,2,1,1,0,-6.210000000000005,-4.726114649681545
train,confirm_close,2024-10-28,2,2,2,0,-14.06308191815754,-9.262897326562435
train,confirm_close,2024-10-29,2,0,0,0,0.0,14.430680907877182
train,confirm_close,2024-10-30,2,0,0,0,0.0,7.086222518321129
train,confirm_close,2024-10-31,2,1,1,0,1.1561202185792254,13.576120218579225
train,confirm_close,2024-11-01,2,1,1,0,7.758749999999991,24.879684579439257
train,confirm_close,2024-11-04,2,2,2,0,2.526930789924216,-7.166117037501487
train,confirm_close,2024-11-05,2,2,2,0,0.7622093304326931,-5.614929965667992
train,confirm_close,2024-11-06,2,1,1,0,-1.60999999999999,-26.977474580978043
train,confirm_close,2024-11-07,2,1,1,0,12.58999999999999,13.45313146233378
train,confirm_close,2024-11-08,2,2,2,0,-10.905852311939281,-13.927823695087127
train,confirm_close,2024-11-11,2,2,2,0,-10.91617346938777,-6.665735747072476
train,confirm_close,2024-11-12,2,0,0,0,0.0,6.210000000000005
train,confirm_close,2024-11-13,2,2,2,0,-14.887690115955902,-2.4676901159559126
train,confirm_close,2024-11-14,2,0,0,0,0.0,-8.498032786885233
train,confirm_close,2024-11-15,2,2,2,0,-10.078479869162763,2.3415201308372477
train,confirm_close,2024-11-19,2,1,1,0,-6.210000000000016,-8.506112469437653
train,confirm_close,2024-11-20,2,2,2,0,5.717081723211324,5.447993531880979
train,confirm_close,2024-11-21,2,1,1,0,-6.210000000000016,-1.0658141036401503e-14
train,confirm_close,2024-11-22,2,1,1,0,0.0926372676178113,12.51263726761781
train,confirm_close,2024-11-25,2,0,0,0,0.0,-0.3269398499539431
train,confirm_close,2024-11-27,2,2,2,0,-0.5529538278962094,-5.748941288711251
train,confirm_close,2024-11-28,2,1,1,0,-0.8124096385542354,-6.493882506771287
train,confirm_close,2024-11-29,2,1,1,0,1.2751485148514865,1.1706066989677728
train,confirm_close,2024-12-02,2,1,1,0,-6.209999999999995,-15.250856140317925
train,confirm_close,2024-12-03,2,0,0,0,0.0,11.530228180672268
train,confirm_close,2024-12-04,2,1,1,0,2.8889272943980906,0.6851742358624189
train,confirm_close,2024-12-05,2,1,1,0,-2.187611940298507,-8.505118303145476
train,confirm_close,2024-12-06,2,0,0,0,0.0,0.5844545911852035
train,confirm_close,2024-12-09,2,1,1,0,-2.8186956521739424,-47.35649157328727
train,confirm_close,2024-12-11,2,2,2,0,0.571684803839521,-15.876154035889833
train,confirm_close,2024-12-12,2,2,2,0,-13.288451688009319,-0.8684516880093085
train,confirm_close,2024-12-13,2,2,2,0,-13.478823529411766,-19.807533919979203
train,confirm_close,2024-12-16,2,2,2,0,-17.4873076923077,-5.067307692307688
train,confirm_close,2024-12-17,2,0,0,0,0.0,17.01218559218558
train,confirm_close,2024-12-18,2,2,2,0,-57.22556506497598,-44.80556506497596
train,confirm_close,2024-12-20,2,1,1,0,-6.6467816091953855,11.042494784636148
train,confirm_close,2024-12-23,2,1,1,0,2.9800138696255187,3.7726691426559498
train,confirm_close,2024-12-24,2,2,2,0,-6.112217912982345,-8.095679568941517
train,confirm_close,2024-12-25,2,0,0,0,0.0,-4.882592592592582
train,confirm_close,2024-12-26,2,2,2,0,-13.45491401771757,-9.247179489574187
train,confirm_close,2024-12-27,2,0,0,0,0.0,6.210000000000005
train,confirm_close,2024-12-30,2,2,2,0,-12.42000000000001,0.0
train,confirm_close,2024-12-31,2,0,0,0,0.0,12.42000000000001
train,confirm_close,2025-01-02,2,1,1,0,-16.835,15.584895983218637
train,confirm_close,2025-01-03,2,1,1,0,4.011635883905028,26.552965375100314
train,confirm_close,2025-01-06,2,1,1,0,-6.210000000000005,-5.517684887459806
train,confirm_close,2025-01-08,2,0,0,0,0.0,6.672984723854282
train,confirm_close,2025-01-09,2,0,0,0,0.0,-7.308796992481214
train,confirm_close,2025-01-13,2,0,0,0,0.0,-19.78114621122113
train,confirm_close,2025-01-14,2,1,1,0,-6.210000000000005,-25.911991199119907
train,confirm_close,2025-01-15,2,0,0,0,0.0,0.635170068027203
train,confirm_close,2025-01-16,2,2,2,0,-11.626463195691219,-12.147547949004522
train,confirm_close,2025-01-17,2,1,1,0,0.2198764105319819,3.2537486115150402
train,confirm_close,2025-01-20,2,2,2,0,5.1469736401947825,7.516978522525596
train,confirm_close,2025-01-22,2,0,0,0,0.0,5.049428227548915
train,confirm_close,2025-01-24,2,1,1,0,5.672352941176472,5.763719796610845
train,confirm_close,2025-01-27,2,0,0,0,0.0,12.611369606003745
train,confirm_close,2025-02-05,2,1,1,0,5.352200956937802,1.0297855811489454
train,confirm_close,2025-02-06,2,2,2,0,0.46338155051815866,-5.638144969763614
train,confirm_close,2025-02-10,2,2,2,0,-2.671510424853609,-2.8693819647754304
train,confirm_close,2025-02-11,2,0,0,0,0.0,7.711073968705552
train,confirm_close,2025-02-12,2,2,2,0,2.482204951573495,-6.65750082337564
train,confirm_close,2025-02-13,2,0,0,0,0.0,12.420000000000021
train,confirm_close,2025-02-14,2,1,1,0,-6.210000000000005,-3.741755019500247
train,confirm_close,2025-02-18,2,2,2,0,9.856869481775862,4.455699914873621
train,confirm_close,2025-02-19,2,2,2,0,-2.3250709439964896,-6.544466110730651
train,confirm_close,2025-02-21,2,1,1,0,-2.2080970504281603,-4.55574788483124
train,confirm_close,2025-02-24,2,0,0,0,0.0,1.614805194805193
train,confirm_close,2025-02-25,2,1,1,0,-4.888826328310848,4.03117367168917
train,confirm_close,2025-02-26,2,1,1,0,-3.1650033579583745,-2.1419952278770915
train,confirm_close,2025-02-27,2,0,0,0,0.0,6.210000000000005
train,confirm_close,2025-02-28,2,0,0,0,0.0,14.75333333333333
train,confirm_close,2025-03-03,2,0,0,0,0.0,16.07554948544726
train,confirm_close,2025-03-05,2,1,1,0,-6.209999999999995,-11.61443257676903
train,confirm_close,2025-03-06,2,2,2,0,-1.8326517822170114,-4.840196704725375
train,confirm_close,2025-03-07,2,1,1,0,3.199090909090917,9.271868686868713
train,confirm_close,2025-03-10,2,1,1,0,-6.210000000000005,2.2943202273803545
train,confirm_close,2025-03-11,2,1,1,0,-3.286923076923088,-9.624904727355576
train,confirm_close,2025-03-13,2,0,0,0,0.0,9.591443298969084
train,confirm_close,2025-03-14,2,1,1,0,1.933130501339452,-4.126461975149587
train,confirm_close,2025-03-18,2,1,1,0,2.0839677145284554,-3.349864727539285
train,confirm_close,2025-03-19,2,0,0,0,0.0,-18.23660194174754
train,confirm_close,2025-03-21,2,0,0,0,0.0,6.210000000000005
train,confirm_close,2025-03-24,2,2,2,0,-7.322255639097776,8.584607159975912
train,confirm_close,2025-03-25,2,0,0,0,0.0,6.841989596879073
train,confirm_close,2025-03-26,2,0,0,0,0.0,6.210000000000005
train,confirm_close,2025-03-27,2,2,2,0,-14.717213622291027,-3.70121799686237
train,confirm_close,2025-03-28,2,2,1,0,-2.0500000000000083,1.3963813493863344
train,confirm_close,2025-03-31,2,1,1,0,-15.691171548117158,-10.478520629481991
train,confirm_close,2025-04-03,2,2,2,0,-12.42000000000001,-0.3521503409820923
train,confirm_close,2025-04-07,2,0,0,0,0.0,10.183226238286482
train,confirm_close,2025-04-08,2,1,1,0,-8.318108108108115,-23.539273009772252
train,confirm_close,2025-04-10,2,1,1,0,-5.067142857142849,-3.6823998321795726
train,confirm_close,2025-04-11,2,1,1,0,-0.8510256410256387,-2.8345740281224163
train,confirm_close,2025-04-14,2,1,1,0,-2.5595248152059167,2.4820968064157025
train,confirm_close,2025-04-15,2,1,1,0,0.2551162790697772,-1.9437628015431465
train,confirm_close,2025-04-16,2,0,0,0,0.0,1.0874053177640581
train,confirm_close,2025-04-17,2,2,2,0,-0.4997883057745973,-3.759972139243073
train,confirm_close,2025-04-18,2,0,0,0,0.0,-3.1192231812577234
train,confirm_close,2025-04-21,2,2,2,0,-6.581290322580648,-3.77473570073189
train,confirm_close,2025-04-22,2,0,0,0,0.0,-2.939606299212593
train,confirm_close,2025-04-23,2,0,0,0,0.0,9.950684479454942
train,confirm_close,2025-04-24,2,1,1,0,-6.210000000000005,6.761270713578852
train,confirm_close,2025-04-25,2,2,2,0,5.781834862385323,8.734681577713818
train,confirm_close,2025-04-28,2,1,1,0,-6.210000000000005,0.0
train,confirm_close,2025-04-29,2,1,1,0,0.12482142857141906,-17.707576017294603
train,confirm_close,2025-04-30,2,0,0,0,0.0,-5.909610570236422
train,confirm_close,2025-05-08,2,2,2,0,-0.5271428571428611,-7.188167787890798
train,confirm_close,2025-05-09,2,0,0,0,0.0,0.5835990037359804
train,confirm_close,2025-05-12,2,1,1,0,20.187350993377493,7.627341695376554
train,confirm_close,2025-05-13,2,0,0,0,0.0,7.0899999999999865
train,confirm_close,2025-05-14,2,1,1,0,-4.053605036447983,1.5974292482818022
train,confirm_close,2025-05-15,2,1,1,0,-0.9910320781032054,-3.066585125507282
train,confirm_close,2025-05-16,2,0,0,0,0.0,4.583541807541449
train,confirm_close,2025-05-19,2,0,0,0,0.0,2.217548343231936
train,confirm_close,2025-05-21,2,0,0,0,0.0,-2.9215583483902945
train,confirm_close,2025-05-22,2,2,2,0,-6.8507744256105525,-8.652996647832744
train,confirm_close,2025-05-23,2,2,2,0,15.201747137480968,16.693340270443525
train,confirm_close,2025-05-26,2,1,1,0,-6.209999999999995,-7.716336740080154
train,confirm_close,2025-05-28,2,1,1,0,18.03104234527686,0.594286893734143
train,confirm_close,2025-05-29,2,0,0,0,0.0,7.222854594112406
train,confirm_close,2025-05-30,2,1,1,0,-6.209999999999995,-3.0034292565947025
train,confirm_close,2025-06-03,2,1,1,0,-8.98049180327868,-9.038775286920686
train,confirm_close,2025-06-05,2,1,1,0,46.22858665171061,55.533083683552974
train,confirm_close,2025-06-06,2,0,0,0,0.0,2.7962068965517126
train,confirm_close,2025-06-09,2,1,1,0,-0.8551612903225712,-6.268470706580875
train,confirm_close,2025-06-10,2,1,1,0,-6.210000000000005,3.296998312865898
train,confirm_close,2025-06-11,2,1,1,0,25.652068965517238,16.58151459425028
train,confirm_close,2025-06-12,2,0,0,0,0.0,7.440408163265301
train,confirm_close,2025-06-13,2,0,0,0,0.0,12.420000000000021
train,confirm_close,2025-06-16,2,2,2,0,-12.420000000000021,-4.868928809048578
train,confirm_close,2025-06-17,2,1,1,0,-6.210000000000005,6.209999999999995
train,confirm_close,2025-06-18,2,1,1,0,2.075714285714291,3.880329670329675
train,confirm_close,2025-06-19,2,2,2,0,-9.04479474548442,-10.352067472757152
train,confirm_close,2025-06-20,2,1,1,0,-6.209999999999995,2.1316282072803006e-14
train,confirm_close,2025-06-23,2,1,1,0,8.568930566640052,-0.5083843474209093
train,confirm_close,2025-06-24,2,1,1,0,-6.210000000000005,-10.163814369276036
train,reclaim_stop,2024-01-02,2,1,1,0,-4.140817610062898,-2.479204706837102
train,reclaim_stop,2024-01-03,2,2,1,0,2.7811075181891622,-0.3750807197072539
train,reclaim_stop,2024-01-04,2,2,1,0,2.0720362785254567,5.849640506358701
train,reclaim_stop,2024-01-05,2,2,1,0,-6.210000000000005,10.677079347214384
train,reclaim_stop,2024-01-08,2,2,1,0,-9.254972208185944,8.293777230993882
train,reclaim_stop,2024-01-09,2,2,0,0,0.0,12.420000000000021
train,reclaim_stop,2024-01-10,2,2,1,0,-1.0473205741626699,-2.01055881115929
train,reclaim_stop,2024-01-11,2,2,2,0,1.5882135523614043,-4.474559473867622
train,reclaim_stop,2024-01-12,2,2,0,0,0.0,12.42000000000001
train,reclaim_stop,2024-01-15,2,2,2,0,-10.357634279594821,-1.6463962920312376
train,reclaim_stop,2024-01-16,2,2,1,0,-1.86686798503476,5.681557592611686
train,reclaim_stop,2024-01-17,2,2,1,0,-6.209999999999995,6.969906759906764
train,reclaim_stop,2024-01-18,2,1,0,0,0.0,21.27072252113759
train,reclaim_stop,2024-01-19,2,2,0,0,0.0,31.655454246313067
train,reclaim_stop,2024-01-22,2,2,0,0,0.0,22.214421637893214
train,reclaim_stop,2024-01-23,2,2,0,0,0.0,3.2587013251218178
train,reclaim_stop,2024-01-24,2,1,1,0,-4.169131545338446,-10.024011658173437
train,reclaim_stop,2024-01-25,2,1,1,0,-18.370651920838178,-0.19099031056980564
train,reclaim_stop,2024-01-26,2,1,1,0,-8.033960880195592,-5.409306425574446
train,reclaim_stop,2024-01-29,2,2,0,0,0.0,13.639512195121963
train,reclaim_stop,2024-01-30,2,2,1,0,-6.210000000000016,6.210000000000005
train,reclaim_stop,2024-01-31,2,1,1,0,-9.733809523809525,-3.5238095238095193
train,reclaim_stop,2024-02-01,2,1,0,0,0.0,6.210000000000005
train,reclaim_stop,2024-02-02,2,2,2,0,-10.950622905967514,-1.6405298506627872
train,reclaim_stop,2024-02-05,2,2,0,0,0.0,31.502574048636227
train,reclaim_stop,2024-02-06,2,2,1,0,9.431638225255966,-8.141997973217936
train,reclaim_stop,2024-02-08,2,1,1,0,-1.9104048582995978,-1.7416079897375591
train,reclaim_stop,2024-02-19,2,2,1,0,-0.0038852627962891184,-11.631351990390959
train,reclaim_stop,2024-02-20,2,2,1,0,8.542997601918454,-4.548776944471975
train,reclaim_stop,2024-02-21,2,2,2,0,27.605338575797273,-4.155599798265431
train,reclaim_stop,2024-02-22,2,2,2,0,28.697776500321854,-1.8752090131752617
train,reclaim_stop,2024-02-26,2,2,0,0,0.0,-36.20150173866694
train,reclaim_stop,2024-02-27,2,2,2,0,-8.817260273972607,7.175980787157755
train,reclaim_stop,2024-02-28,2,2,2,0,-24.625757350935302,-2.0001208085772006
train,reclaim_stop,2024-02-29,2,2,2,0,-2.5864291962377624,-2.8481172305827807
train,reclaim_stop,2024-03-04,2,1,0,0,0.0,2.7779196129512638
train,reclaim_stop,2024-03-05,2,2,1,0,-3.367894736842115,5.6460703240366685
train,reclaim_stop,2024-03-06,2,2,1,0,13.283064312736446,5.9230390282864045
train,reclaim_stop,2024-03-08,2,2,1,0,0.04389916575988548,-0.5453957535113121
train,reclaim_stop,2024-03-11,2,2,0,0,0.0,0.013073593073599898
train,reclaim_stop,2024-03-12,2,2,1,0,5.005419501133778,-6.254291516325571
train,reclaim_stop,2024-03-13,2,2,1,0,3.6591847075080555,-7.916627968105059
train,reclaim_stop,2024-03-14,2,2,1,0,5.210401195049074,-1.1408085717428786
train,reclaim_stop,2024-03-15,2,1,1,0,-0.18083697871098628,-1.2105064001985744
train,reclaim_stop,2024-03-18,2,2,2,0,-5.635123859191673,-4.411831678121681
train,reclaim_stop,2024-03-19,2,1,0,0,0.0,-3.382375366568912
train,reclaim_stop,2024-03-20,2,2,2,0,-6.337424594253573,-0.843224627415573
train,reclaim_stop,2024-03-21,2,2,2,0,-12.42000000000001,-16.340984587288855
train,reclaim_stop,2024-03-22,2,2,1,0,6.953441745574328,4.999678513027451
train,reclaim_stop,2024-03-25,2,2,1,0,-6.210000000000005,8.59762214983714
train,reclaim_stop,2024-03-26,2,2,1,0,-8.83250262881178,5.727032254909181
train,reclaim_stop,2024-03-27,2,2,1,0,-1.9579300827966781,11.931110399874523
train,reclaim_stop,2024-03-28,2,2,2,0,9.583656604233502,-6.096469130034963
train,reclaim_stop,2024-03-29,2,2,2,0,-9.656245954692569,-2.902912621359233
train,reclaim_stop,2024-04-01,2,2,2,0,-10.708377874456179,-1.2657078492672618
train,reclaim_stop,2024-04-02,2,2,2,0,-7.598203240058901,-0.2003292621849182
train,reclaim_stop,2024-04-03,2,2,2,0,-14.336613388694499,-0.555236715654317
train,reclaim_stop,2024-04-08,2,2,0,0,0.0,6.88511627906976
train,reclaim_stop,2024-04-09,2,2,1,0,-6.210000000000005,-1.2283043149129416
train,reclaim_stop,2024-04-10,2,2,1,0,-11.830795107033644,0.5892048929663662
train,reclaim_stop,2024-04-11,2,2,1,0,-6.210000000000005,6.210000000000005
train,reclaim_stop,2024-04-12,2,1,1,0,-19.198648090815265,-0.33579834988261226
train,reclaim_stop,2024-04-15,2,2,1,0,-6.080020964360578,9.722364122146779
train,reclaim_stop,2024-04-16,2,2,1,0,12.410423892100184,0.6941420537834535
train,reclaim_stop,2024-04-17,2,1,1,0,2.409808306709248,-0.13131133500539072
train,reclaim_stop,2024-04-18,2,1,1,0,-6.210000000000005,0.0
train,reclaim_stop,2024-04-19,2,2,1,0,5.318717122920024,-6.450688741559961
train,reclaim_stop,2024-04-22,2,2,0,0,0.0,-6.450707264897234
train,reclaim_stop,2024-04-23,2,2,2,0,5.296189207195233,-1.1985977003445836
train,reclaim_stop,2024-04-24,2,2,0,0,0.0,-8.55862765443922
train,reclaim_stop,2024-04-25,2,2,1,0,0.33988216810683003,4.885500611877392
train,reclaim_stop,2024-04-26,2,2,2,0,23.71673189345662,-4.416653523210034
train,reclaim_stop,2024-04-29,2,2,2,0,16.44039245094364,-3.527006442202385
train,reclaim_stop,2024-04-30,2,2,2,0,8.821877256317686,-1.0068511126926545
train,reclaim_stop,2024-05-06,2,2,2,0,-3.989962621393119,-1.2996554793260895
train,reclaim_stop,2024-05-07,2,1,0,0,0.0,1.4280267965895441
train,reclaim_stop,2024-05-08,2,2,0,0,0.0,2.0811570247933915
train,reclaim_stop,2024-05-09,2,1,1,0,-6.209999999999995,1.0658141036401503e-14
train,reclaim_stop,2024-05-13,2,2,2,0,-5.6282111436950295,-3.3597262952101747
train,reclaim_stop,2024-05-16,2,2,2,0,-9.553393017009839,-7.338204595193631
train,reclaim_stop,2024-05-17,2,2,1,0,5.370357142857162,-5.14249054309088
train,reclaim_stop,2024-05-21,2,2,2,0,-8.013625498007993,-1.1101444343496238
train,reclaim_stop,2024-05-22,2,2,2,0,13.877329441020656,-1.7907185256309965
train,reclaim_stop,2024-05-27,2,1,0,0,0.0,2.4877822695097427
train,reclaim_stop,2024-05-28,2,2,1,0,-6.210000000000005,7.069350395149322
train,reclaim_stop,2024-05-29,2,2,2,0,-9.10006700167505,-0.6564582327037147
train,reclaim_stop,2024-06-03,2,1,0,0,0.0,9.227341040462434
train,reclaim_stop,2024-06-04,2,1,0,0,0.0,7.452339832869082
train,reclaim_stop,2024-06-06,2,2,0,0,0.0,16.447100271002725
train,reclaim_stop,2024-06-07,2,2,1,0,-6.210000000000016,6.209999999999984
train,reclaim_stop,2024-06-11,2,1,1,0,6.5330586161304485,-1.1892051984863095
train,reclaim_stop,2024-06-14,2,2,1,0,6.686551724137923,-8.324799760544654
train,reclaim_stop,2024-06-17,2,2,2,0,-4.110340574561635,-6.756044341199974
train,reclaim_stop,2024-06-18,2,1,1,0,-7.5478839590443885,-1.1607781275108966
train,reclaim_stop,2024-06-19,2,2,1,0,-6.210000000000005,6.210000000000005
train,reclaim_stop,2024-06-20,2,2,1,0,-6.210000000000005,3.5948417954378202
train,reclaim_stop,2024-06-21,2,2,1,0,-6.210000000000005,6.210000000000005
train,reclaim_stop,2024-06-24,2,1,0,0,0.0,6.210000000000005
train,reclaim_stop,2024-06-25,2,1,0,0,0.0,6.210000000000005
train,reclaim_stop,2024-06-26,2,2,1,0,-1.5912154696132728,-0.4602662517002467
train,reclaim_stop,2024-06-27,2,2,2,0,-0.6244436702680618,-2.6326789643857484
train,reclaim_stop,2024-06-28,2,2,1,0,-6.210000000000005,2.5364115262454083
train,reclaim_stop,2024-07-02,2,1,1,0,3.713205342237046,-0.6547030995941228
train,reclaim_stop,2024-07-03,2,1,0,0,0.0,6.210000000000005
train,reclaim_stop,2024-07-04,2,2,0,0,0.0,14.147975270479142
train,reclaim_stop,2024-07-05,2,2,2,0,9.534118873826888,-1.4693235760146948
train,reclaim_stop,2024-07-08,2,1,0,0,0.0,6.210000000000016
train,reclaim_stop,2024-07-09,2,2,0,0,0.0,3.362425409672511
train,reclaim_stop,2024-07-11,2,2,1,0,4.244342984409787,-22.776259226834615
train,reclaim_stop,2024-07-15,2,2,2,0,2.7970690241004164,-1.2759596039005894
train,reclaim_stop,2024-07-17,2,1,0,0,0.0,2.0192105263157965
train,reclaim_stop,2024-07-18,2,1,0,0,0.0,4.624003044140036
train,reclaim_stop,2024-07-19,2,2,1,0,-6.210000000000005,8.210000000000008
train,reclaim_stop,2024-07-23,2,2,1,0,2.731176470588247,-2.0659817063554566
train,reclaim_stop,2024-07-24,2,2,1,0,-1.7382392026577995,-9.354221728187339
train,reclaim_stop,2024-07-25,2,1,0,0,0.0,1.610560224089642
train,reclaim_stop,2024-07-26,2,1,1,0,1.695387647831791,-0.809844140247673
train,reclaim_stop,2024-07-29,2,1,0,0,0.0,-1.0104424103737566
train,reclaim_stop,2024-07-30,2,2,2,0,9.028608278820947,-0.683983634511808
train,reclaim_stop,2024-07-31,2,1,1,0,-6.210000000000005,0.0
train,reclaim_stop,2024-08-01,2,2,1,0,-6.210000000000005,3.260288540807921
train,reclaim_stop,2024-08-02,2,2,2,0,-5.149293555269365,-5.217439849482108
train,reclaim_stop,2024-08-05,2,2,1,0,-6.210000000000005,-3.0724427480915963
train,reclaim_stop,2024-08-06,2,1,1,0,-6.210000000000005,0.0
train,reclaim_stop,2024-08-07,2,1,1,0,14.636235418875952,-0.9826415864716544
train,reclaim_stop,2024-08-08,2,2,0,0,0.0,4.7555889857852325
train,reclaim_stop,2024-08-09,2,2,1,0,-6.209999999999995,-3.358169949268885
train,reclaim_stop,2024-08-12,2,1,1,0,-6.210000000000016,-1.0658141036401503e-14
train,reclaim_stop,2024-08-13,2,2,2,0,-0.6086780385158992,-4.072583066511548
train,reclaim_stop,2024-08-14,2,2,1,0,-4.858241206030146,0.544745791174873
train,reclaim_stop,2024-08-15,2,2,1,0,-1.5758536585365865,0.7682578277565475
train,reclaim_stop,2024-08-19,2,1,0,0,0.0,5.765555555555546
train,reclaim_stop,2024-08-20,2,1,1,0,7.025142118863047,-1.0492675354096361
train,reclaim_stop,2024-08-21,2,2,1,0,-6.210000000000005,-7.381093117408931
train,reclaim_stop,2024-08-23,2,2,1,0,-0.8527915518824711,5.970634840445157
train,reclaim_stop,2024-08-26,2,1,0,0,0.0,6.210000000000005
train,reclaim_stop,2024-08-27,2,1,1,0,4.335454545454564,-1.6550731590309287
train,reclaim_stop,2024-08-29,2,1,0,0,0.0,0.33722646310433513
train,reclaim_stop,2024-08-30,2,1,1,0,-4.473565891472876,-0.22316185106884312
train,reclaim_stop,2024-09-02,2,1,0,0,0.0,6.210000000000005
train,reclaim_stop,2024-09-03,2,2,2,0,-12.42000000000001,-0.3636363636363775
train,reclaim_stop,2024-09-04,2,1,0,0,0.0,6.210000000000016
train,reclaim_stop,2024-09-05,2,1,0,0,0.0,6.209999999999995
train,reclaim_stop,2024-09-06,2,2,1,0,-12.937272727272733,2.6469784804567293
train,reclaim_stop,2024-09-09,2,2,0,0,0.0,2.910499534369017
train,reclaim_stop,2024-09-11,2,2,1,0,-6.210000000000005,-7.293714710252596
train,reclaim_stop,2024-09-12,2,1,1,0,0.6828571428571397,-0.9089446589446659
train,reclaim_stop,2024-09-13,2,1,1,0,-6.210000000000016,0.0
train,reclaim_stop,2024-09-18,2,2,2,0,8.66284747158834,-2.8895312886307654
train,reclaim_stop,2024-09-19,2,1,1,0,12.961225937183382,-1.0414529994219333
train,reclaim_stop,2024-09-23,2,1,1,0,8.076516853932578,-0.3050324418420587
train,reclaim_stop,2024-09-24,2,1,1,0,7.4235877862595325,-0.6613430893164898
train,reclaim_stop,2024-09-25,2,1,1,0,17.0696668979875,-1.9022795053975408
train,reclaim_stop,2024-09-26,2,2,2,0,40.25768245760585,-3.485788667200552
train,reclaim_stop,2024-09-27,2,1,1,0,-1.3638461538461497,-1.675358539765326
train,reclaim_stop,2024-10-09,2,2,0,0,0.0,12.561732283464568
train,reclaim_stop,2024-10-14,2,2,1,0,4.499647919524462,-0.47299433798457713
train,reclaim_stop,2024-10-16,2,1,1,0,-6.210000000000005,-5.303135888501764
train,reclaim_stop,2024-10-18,2,1,1,0,14.375764294049008,-4.013269522376129
train,reclaim_stop,2024-10-22,2,2,2,0,5.944394993045908,-4.356400367351787
train,reclaim_stop,2024-10-23,2,2,2,0,6.896144581504225,-5.696787313842267
train,reclaim_stop,2024-10-24,2,2,2,0,-1.238222025652382,-3.014643911081061
train,reclaim_stop,2024-10-25,2,1,1,0,-2.1087341772152,-0.62484882689674
train,reclaim_stop,2024-10-28,2,2,2,0,-10.064158628081477,-5.263974036486373
train,reclaim_stop,2024-10-29,2,2,2,0,-15.742053411195347,-1.3113725033181645
train,reclaim_stop,2024-10-30,2,2,1,0,-6.210000000000005,0.8762225183211241
train,reclaim_stop,2024-10-31,2,2,2,0,-12.420000000000021,-2.1316282072803006e-14
train,reclaim_stop,2024-11-01,2,2,0,0,0.0,17.120934579439265
train,reclaim_stop,2024-11-04,2,2,2,0,-2.3870716094011497,-12.080119436826852
train,reclaim_stop,2024-11-05,2,2,2,0,0.7429126405533486,-5.634226655547336
train,reclaim_stop,2024-11-06,2,2,2,0,22.628366815273225,-2.73910776570483
train,reclaim_stop,2024-11-07,2,2,0,0,0.0,0.86313146233379
train,reclaim_stop,2024-11-08,2,2,2,0,-0.4918907260963241,-3.51386210924417
train,reclaim_stop,2024-11-11,2,2,1,0,-6.209999999999995,-1.9595622776847001
train,reclaim_stop,2024-11-12,2,1,0,0,0.0,6.210000000000005
train,reclaim_stop,2024-11-13,2,2,1,0,-6.210000000000005,6.209999999999984
train,reclaim_stop,2024-11-14,2,2,0,0,0.0,-8.498032786885233
train,reclaim_stop,2024-11-15,2,2,2,0,-12.420000000000021,-1.0658141036401503e-14
train,reclaim_stop,2024-11-19,2,1,1,0,1.1193051359516417,-1.1768073334859963
train,reclaim_stop,2024-11-20,2,2,2,0,-2.6734584681542124,-2.9425466594845577
train,reclaim_stop,2024-11-21,2,1,1,0,-6.209999999999995,1.0658141036401503e-14
train,reclaim_stop,2024-11-22,2,2,2,0,-15.003690987124465,-2.5836909871244647
train,reclaim_stop,2024-11-25,2,2,1,0,6.752785114045622,6.425845264091679
train,reclaim_stop,2024-11-27,2,2,1,0,0.40099796334012083,-4.794989497474921
train,reclaim_stop,2024-11-28,2,1,1,0,2.342552552552556,-3.3389203156644953
train,reclaim_stop,2024-11-29,2,2,1,0,5.170710659898491,5.066168844014777
train,reclaim_stop,2024-12-02,2,2,2,0,-5.4211098779134455,-14.461966018231376
train,reclaim_stop,2024-12-03,2,2,0,0,0.0,11.530228180672268
train,reclaim_stop,2024-12-04,2,2,0,0,0.0,-2.2037530585356717
train,reclaim_stop,2024-12-05,2,2,0,0,0.0,-6.317506362846968
train,reclaim_stop,2024-12-06,2,2,1,0,-6.210000000000005,-5.625545408814801
train,reclaim_stop,2024-12-09,2,2,2,0,39.22264788667671,-5.315148034436618
train,reclaim_stop,2024-12-11,2,2,2,0,9.744605975524866,-6.703232864204487
train,reclaim_stop,2024-12-12,2,2,2,0,-12.42000000000001,0.0
train,reclaim_stop,2024-12-13,2,2,2,0,4.933711790393056,-1.3949986001743806
train,reclaim_stop,2024-12-16,2,2,0,0,0.0,12.42000000000001
train,reclaim_stop,2024-12-17,2,2,1,0,-9.47640926640926,7.535776325776322
train,reclaim_stop,2024-12-18,2,2,1,0,-6.210000000000016,6.210000000000005
train,reclaim_stop,2024-12-20,2,2,0,0,0.0,17.689276393831534
train,reclaim_stop,2024-12-23,2,2,1,0,-6.827038875103387,-6.034383602072956
train,reclaim_stop,2024-12-24,2,2,2,0,0.1264122075435119,-1.8570494484156597
train,reclaim_stop,2024-12-25,2,1,0,0,0.0,-4.882592592592582
train,reclaim_stop,2024-12-26,2,2,2,0,-9.654358430540835,-5.4466239023974525
train,reclaim_stop,2024-12-27,2,1,0,0,0.0,6.210000000000005
train,reclaim_stop,2024-12-30,2,2,2,0,-12.42000000000001,0.0
train,reclaim_stop,2024-12-31,2,2,2,0,-12.42000000000001,0.0
train,reclaim_stop,2025-01-02,2,2,1,0,-15.939627289955794,16.480268693262843
train,reclaim_stop,2025-01-03,2,2,0,0,0.0,22.541329491195285
train,reclaim_stop,2025-01-06,2,1,1,0,-1.4859170653907414,-0.7936019528505422
train,reclaim_stop,2025-01-08,2,1,0,0,0.0,6.672984723854282
train,reclaim_stop,2025-01-09,2,1,1,0,-6.210000000000016,-13.51879699248123
train,reclaim_stop,2025-01-13,2,2,1,0,5.1866189856957226,-14.594527225525407
train,reclaim_stop,2025-01-14,2,1,1,0,14.64774499473129,-5.054246204388612
train,reclaim_stop,2025-01-15,2,1,0,0,0.0,0.635170068027203
train,reclaim_stop,2025-01-16,2,2,2,0,-2.7393569257220713,-3.260441679035375
train,reclaim_stop,2025-01-17,2,2,1,0,2.55872964169379,5.5926018426768485
train,reclaim_stop,2025-01-20,2,2,2,0,-3.987950149730848,-1.6179452674000343
train,reclaim_stop,2025-01-22,2,2,1,0,-6.210000000000005,-1.1605717724510907
train,reclaim_stop,2025-01-24,2,2,1,0,-6.210000000000005,-6.1186331445656315
train,reclaim_stop,2025-01-27,2,2,1,0,-6.577041198501877,6.034328407501868
train,reclaim_stop,2025-02-05,2,1,1,0,3.904285714285715,-0.41812966150314157
train,reclaim_stop,2025-02-06,2,2,2,0,3.773241212533283,-2.32828530774849
train,reclaim_stop,2025-02-10,2,2,2,0,-0.45412554392162585,-0.6519970838434475
train,reclaim_stop,2025-02-11,2,2,2,0,-9.95356890459366,-2.242494935888107
train,reclaim_stop,2025-02-12,2,2,2,0,7.304430293491569,-1.8352754814575665
train,reclaim_stop,2025-02-13,2,2,2,0,-12.42000000000001,1.0658141036401503e-14
train,reclaim_stop,2025-02-14,2,2,0,0,0.0,2.468244980499758
train,reclaim_stop,2025-02-18,2,2,2,0,1.6854513816607612,-3.715718185241479
train,reclaim_stop,2025-02-19,2,2,2,0,-1.2168451671599985,-5.43624033389416
train,reclaim_stop,2025-02-21,2,2,2,0,-1.2736103549641626,-3.621261189367242
train,reclaim_stop,2025-02-24,2,2,2,0,-4.13863117870721,-2.523825983902017
train,reclaim_stop,2025-02-25,2,2,0,0,0.0,8.920000000000018
train,reclaim_stop,2025-02-26,2,1,1,0,-1.624141414141412,-0.6011332840601291
train,reclaim_stop,2025-02-27,2,1,1,0,-6.210000000000005,0.0
train,reclaim_stop,2025-02-28,2,2,1,0,-6.876666666666665,7.876666666666665
train,reclaim_stop,2025-03-03,2,2,1,0,-9.324927344782033,6.750622140665229
train,reclaim_stop,2025-03-05,2,2,1,0,-0.05472049689441241,-5.459153073663447
train,reclaim_stop,2025-03-06,2,2,2,0,-2.0137062656268485,-5.021251188135212
train,reclaim_stop,2025-03-07,2,2,2,0,-7.27515264322063,-1.2023748654428346
train,reclaim_stop,2025-03-10,2,2,2,0,-10.235728245695654,-1.7314080183152942
train,reclaim_stop,2025-03-11,2,2,2,0,3.9639401641905363,-2.374041486241951
train,reclaim_stop,2025-03-13,2,1,0,0,0.0,9.591443298969084
train,reclaim_stop,2025-03-14,2,1,1,0,4.0575893886966465,-2.002003087792392
train,reclaim_stop,2025-03-18,2,2,1,0,10.071195079086113,4.637362637018373
train,reclaim_stop,2025-03-19,2,1,1,0,15.195405405405381,-3.0411965363421594
train,reclaim_stop,2025-03-21,2,1,0,0,0.0,6.210000000000005
train,reclaim_stop,2025-03-24,2,2,1,0,-2.9173932662269983,12.98946953284669
train,reclaim_stop,2025-03-25,2,1,0,0,0.0,6.841989596879073
train,reclaim_stop,2025-03-26,2,1,1,0,-6.210000000000005,0.0
train,reclaim_stop,2025-03-27,2,2,1,0,-1.3448464619492682,9.671149163479388
train,reclaim_stop,2025-03-28,2,2,2,0,-18.69071473750792,-15.244333388121579
train,reclaim_stop,2025-03-31,2,2,1,0,0.891206082852646,6.103857001487812
train,reclaim_stop,2025-04-03,2,2,2,0,-21.789210303373032,-9.721360644355114
train,reclaim_stop,2025-04-07,2,1,0,0,0.0,10.183226238286482
train,reclaim_stop,2025-04-08,2,1,1,0,11.995882352941177,-3.225282548722962
train,reclaim_stop,2025-04-10,2,1,1,0,-4.749007092198577,-3.3642640672353012
train,reclaim_stop,2025-04-11,2,1,1,0,-0.21,-2.1935483870967776
train,reclaim_stop,2025-04-14,2,2,2,0,-8.763139807341847,-3.721518185720228
train,reclaim_stop,2025-04-15,2,2,2,0,0.812609476872526,-1.3862696037403976
train,reclaim_stop,2025-04-16,2,2,2,0,-2.373181969100348,-1.28577665133629
train,reclaim_stop,2025-04-17,2,2,2,0,1.6840723981900156,-1.57611143527846
train,reclaim_stop,2025-04-18,2,1,1,0,1.9851219512195364,-1.134101230038187
train,reclaim_stop,2025-04-21,2,2,2,0,-5.684705882352949,-2.8781512605041915
train,reclaim_stop,2025-04-22,2,1,1,0,2.454576802507823,-0.4850294967047697
train,reclaim_stop,2025-04-23,2,2,2,0,-11.745443786982236,-1.7947593075272934
train,reclaim_stop,2025-04-24,2,2,2,0,-16.3020887142055,-3.3308180006266426
train,reclaim_stop,2025-04-25,2,2,2,0,-3.14131147540986,-0.1884647600813638
train,reclaim_stop,2025-04-28,2,1,1,0,-6.210000000000005,0.0
train,reclaim_stop,2025-04-29,2,2,0,0,0.0,-17.83239744586602
train,reclaim_stop,2025-04-30,2,1,0,0,0.0,-5.909610570236422
train,reclaim_stop,2025-05-08,2,2,2,0,5.263836589698066,-1.3971883410498709
train,reclaim_stop,2025-05-09,2,1,0,0,0.0,0.5835990037359804
train,reclaim_stop,2025-05-12,2,2,1,0,10.960928667563927,-1.5990806304370118
train,reclaim_stop,2025-05-13,2,1,1,0,-9.414368174726985,-2.324368174726998
train,reclaim_stop,2025-05-14,2,2,1,0,-3.0885982478097715,2.562436036920014
train,reclaim_stop,2025-05-15,2,1,1,0,1.3021814617754082,-0.7733715856286683
train,reclaim_stop,2025-05-16,2,2,2,0,-7.171206374144325,-2.587664566602876
train,reclaim_stop,2025-05-19,2,2,0,0,0.0,2.217548343231936
train,reclaim_stop,2025-05-21,2,2,1,0,-0.3513094677343296,-3.272867816124624
train,reclaim_stop,2025-05-22,2,2,0,0,0.0,-1.8022222222221904
train,reclaim_stop,2025-05-23,2,2,0,0,0.0,1.491593132962556
train,reclaim_stop,2025-05-26,2,2,2,0,-0.7740072482035028,-2.280343988283662
train,reclaim_stop,2025-05-28,2,2,2,0,14.920072467041145,-2.5166829845015712
train,reclaim_stop,2025-05-29,2,2,0,0,0.0,7.222854594112406
train,reclaim_stop,2025-05-30,2,2,1,0,-6.553713956170694,-3.3471432127654017
train,reclaim_stop,2025-06-03,2,2,1,0,-0.8482767103451425,-0.9065601939871484
train,reclaim_stop,2025-06-05,2,2,2,0,-12.42000000000001,-3.115502968157646
train,reclaim_stop,2025-06-06,2,1,0,0,0.0,2.7962068965517126
train,reclaim_stop,2025-06-09,2,1,1,0,5.13824871465347,-0.27506070160483453
train,reclaim_stop,2025-06-10,2,2,0,0,0.0,9.506998312865903
train,reclaim_stop,2025-06-11,2,2,2,0,8.226780490725524,-0.8437738805414341
train,reclaim_stop,2025-06-12,2,2,1,0,-6.210000000000005,1.2304081632652961
train,reclaim_stop,2025-06-13,2,2,1,0,-6.384200661521512,6.035799338478509
train,reclaim_stop,2025-06-16,2,2,1,0,-3.2126109660574507,4.338460224893993
train,reclaim_stop,2025-06-17,2,2,2,0,-12.42000000000001,-1.0658141036401503e-14
train,reclaim_stop,2025-06-18,2,2,1,0,3.795826656955569,5.600442041570953
train,reclaim_stop,2025-06-19,2,2,1,0,6.868313253012047,5.5610405257393145
train,reclaim_stop,2025-06-20,2,1,1,0,-6.209999999999995,2.1316282072803006e-14
train,reclaim_stop,2025-06-23,2,2,0,0,0.0,-9.077314914060961
train,reclaim_stop,2025-06-24,2,2,1,0,4.205823367065319,0.252008997789289
train,support_limit,2024-01-02,2,1,0,0,0.0,1.6616129032257962
train,support_limit,2024-01-03,2,1,0,0,0.0,-3.156188237896416
train,support_limit,2024-01-04,2,2,0,0,0.0,3.777604227833244
train,support_limit,2024-01-05,2,1,1,0,-6.210000000000005,10.677079347214384
train,support_limit,2024-01-08,2,2,2,0,-0.2907547316807335,17.257994707499094
train,support_limit,2024-01-09,2,1,1,0,-6.210000000000005,6.210000000000016
train,support_limit,2024-01-10,2,2,2,0,5.280809177727861,4.317570940731241
train,support_limit,2024-01-11,2,2,0,0,0.0,-6.062773026229026
train,support_limit,2024-01-12,2,2,2,0,-12.42000000000001,0.0
train,support_limit,2024-01-15,2,2,0,0,0.0,8.711237987563583
train,support_limit,2024-01-16,2,2,1,0,-6.352857142857128,1.195568434789318
train,support_limit,2024-01-17,2,2,2,0,-12.42000000000001,0.7599067599067482
train,support_limit,2024-01-18,2,0,0,0,0.0,21.27072252113759
train,support_limit,2024-01-19,2,1,1,0,-6.210000000000005,25.445454246313062
train,support_limit,2024-01-22,2,0,0,0,0.0,22.214421637893214
train,support_limit,2024-01-23,2,1,1,0,5.114074074074048,8.372775399195866
train,support_limit,2024-01-24,2,0,0,0,0.0,-5.854880112834992
train,support_limit,2024-01-25,2,1,0,0,0.0,18.179661610268372
train,support_limit,2024-01-26,2,1,0,0,0.0,2.6246544546211457
train,support_limit,2024-01-29,2,2,2,0,-12.42000000000001,1.2195121951219523
train,support_limit,2024-01-30,2,0,0,0,0.0,12.420000000000021
train,support_limit,2024-01-31,2,1,1,0,-6.210000000000005,0.0
train,support_limit,2024-02-01,2,0,0,0,0.0,6.210000000000005
train,support_limit,2024-02-02,2,1,0,0,0.0,9.310093055304726
train,support_limit,2024-02-05,2,2,2,0,-29.92658105939006,1.575992989246167
train,support_limit,2024-02-06,2,0,0,0,0.0,-17.573636198473903
train,support_limit,2024-02-08,2,0,0,0,0.0,0.1687968685620387
train,support_limit,2024-02-19,2,1,0,0,0.0,-11.627466727594669
train,support_limit,2024-02-20,2,2,0,0,0.0,-13.091774546390429
train,support_limit,2024-02-21,2,2,0,0,0.0,-31.760938374062704
train,support_limit,2024-02-22,2,2,0,0,0.0,-30.572985513497116
train,support_limit,2024-02-26,2,2,0,0,0.0,-36.20150173866694
train,support_limit,2024-02-27,2,2,1,0,0.7613977334052882,16.75463879453565
train,support_limit,2024-02-28,2,2,2,0,-9.698069781112787,12.927566761245314
train,support_limit,2024-02-29,2,0,0,0,0.0,-0.2616880343450183
train,support_limit,2024-03-04,2,1,0,0,0.0,2.7779196129512638
train,support_limit,2024-03-05,2,2,1,0,0.7225287986834852,9.73649385956227
train,support_limit,2024-03-06,2,2,1,0,13.85844106463878,6.498415780188739
train,support_limit,2024-03-08,2,2,0,0,0.0,-0.5892949192711976
train,support_limit,2024-03-11,2,1,0,0,0.0,0.013073593073599898
train,support_limit,2024-03-12,2,2,0,0,0.0,-11.259711017459349
train,support_limit,2024-03-13,2,2,0,0,0.0,-11.575812675613115
train,support_limit,2024-03-14,2,1,1,0,3.8697824116047377,-2.481427355187215
train,support_limit,2024-03-15,2,0,0,0,0.0,-1.029669421487588
train,support_limit,2024-03-18,2,2,1,0,1.2219809069212486,2.4452730879912408
train,support_limit,2024-03-19,2,0,0,0,0.0,-3.382375366568912
train,support_limit,2024-03-20,2,2,2,0,-2.2643976629832547,3.229802303854745
train,support_limit,2024-03-21,2,2,0,0,0.0,-3.920984587288843
train,support_limit,2024-03-22,2,2,2,0,5.62252413905285,3.668760906505973
train,support_limit,2024-03-25,2,2,2,0,-12.42000000000001,2.3876221498371333
train,support_limit,2024-03-26,2,0,0,0,0.0,14.55953488372096
train,support_limit,2024-03-27,2,1,1,0,-12.43540592168101,1.4536345609901922
train,support_limit,2024-03-28,2,0,0,0,0.0,-15.680125734268465
train,support_limit,2024-03-29,2,2,1,0,-4.167314361938624,2.5860189713947115
train,support_limit,2024-04-01,2,2,1,0,-6.209999999999995,3.2326700251889227
train,support_limit,2024-04-02,2,2,0,0,0.0,7.397873977873982
train,support_limit,2024-04-03,2,2,0,0,0.0,13.781376673040182
train,support_limit,2024-04-08,2,2,2,0,-12.42000000000001,-5.53488372093025
train,support_limit,2024-04-09,2,1,1,0,-6.210000000000016,-1.2283043149129522
train,support_limit,2024-04-10,2,2,2,0,-26.07923984272609,-13.659239842726079
train,support_limit,2024-04-11,2,1,0,0,0.0,12.42000000000001
train,support_limit,2024-04-12,2,1,1,0,-17.491348788198103,1.37150095273455
train,support_limit,2024-04-15,2,2,2,0,-14.752504495173092,1.049880591334265
train,support_limit,2024-04-16,2,0,0,0,0.0,-11.71628183831673
train,support_limit,2024-04-17,2,1,0,0,0.0,-2.541119641714639
train,support_limit,2024-04-18,2,1,0,0,0.0,6.210000000000005
train,support_limit,2024-04-19,2,2,0,0,0.0,-11.769405864479985
train,support_limit,2024-04-22,2,2,2,0,-6.860683941477177,-13.311391206374411
train,support_limit,2024-04-23,2,2,0,0,0.0,-6.494786907539816
train,support_limit,2024-04-24,2,0,0,0,0.0,-8.55862765443922
train,support_limit,2024-04-25,2,2,2,0,-3.9451605500342346,0.6004578937363272
train,support_limit,2024-04-26,2,2,0,0,0.0,-28.133385416666652
train,support_limit,2024-04-29,2,1,0,0,0.0,-19.967398893146026
train,support_limit,2024-04-30,2,2,0,0,0.0,-9.82872836901034
train,support_limit,2024-05-06,2,0,0,0,0.0,2.6903071420670295
train,support_limit,2024-05-07,2,1,0,0,0.0,1.4280267965895441
train,support_limit,2024-05-08,2,2,1,0,4.561784232365128,6.64294125715852
train,support_limit,2024-05-09,2,1,0,0,0.0,6.210000000000005
train,support_limit,2024-05-13,2,2,1,0,-6.210000000000005,-3.9415151515151505
train,support_limit,2024-05-16,2,1,0,0,0.0,2.2151884218162072
train,support_limit,2024-05-17,2,1,1,0,1.7888577955454057,-8.723989890402637
train,support_limit,2024-05-21,2,1,0,0,0.0,6.903481063658369
train,support_limit,2024-05-22,2,2,1,0,-2.0714270941054833,-17.739475060757137
train,support_limit,2024-05-27,2,1,1,0,0.6065882612820808,3.0943705307918234
train,support_limit,2024-05-28,2,1,0,0,0.0,13.279350395149327
train,support_limit,2024-05-29,2,2,2,0,-7.04713797035347,1.396470798617866
train,support_limit,2024-06-03,2,0,0,0,0.0,9.227341040462434
train,support_limit,2024-06-04,2,1,1,0,-6.210000000000005,1.2423398328690771
train,support_limit,2024-06-06,2,1,1,0,4.622424006235381,21.069524277238106
train,support_limit,2024-06-07,2,0,0,0,0.0,12.42
train,support_limit,2024-06-11,2,0,0,0,0.0,-7.722263814616758
train,support_limit,2024-06-14,2,1,0,0,0.0,-15.011351484682576
train,support_limit,2024-06-17,2,2,0,0,0.0,-2.645703766638339
train,support_limit,2024-06-18,2,1,0,0,0.0,6.387105831533492
train,support_limit,2024-06-19,2,2,0,0,0.0,12.42000000000001
train,support_limit,2024-06-20,2,2,2,0,-8.944127691165562,0.8607141042722635
train,support_limit,2024-06-21,2,2,1,0,-6.210000000000016,6.209999999999995
train,support_limit,2024-06-24,2,0,0,0,0.0,6.210000000000005
train,support_limit,2024-06-25,2,0,0,0,0.0,6.210000000000005
train,support_limit,2024-06-26,2,2,2,0,0.2001550387596955,1.3311042566727216
train,support_limit,2024-06-27,2,2,0,0,0.0,-2.0082352941176866
train,support_limit,2024-06-28,2,2,1,0,3.561131339401812,12.307542865647225
train,support_limit,2024-07-02,2,1,0,0,0.0,-4.367908441831169
train,support_limit,2024-07-03,2,0,0,0,0.0,6.210000000000005
train,support_limit,2024-07-04,2,2,1,0,7.931210374639751,22.079185645118894
train,support_limit,2024-07-05,2,1,1,0,17.962157279489908,6.958714829648326
train,support_limit,2024-07-08,2,1,1,0,0.10645569620248893,6.316455696202505
train,support_limit,2024-07-09,2,1,0,0,0.0,3.362425409672511
train,support_limit,2024-07-11,2,2,0,0,0.0,-27.0206022112444
train,support_limit,2024-07-15,2,2,1,0,-1.5871186440677874,-5.660147272068793
train,support_limit,2024-07-17,2,0,0,0,0.0,2.0192105263157965
train,support_limit,2024-07-18,2,0,0,0,0.0,4.624003044140036
train,support_limit,2024-07-19,2,2,1,0,-6.210000000000005,8.210000000000008
train,support_limit,2024-07-23,2,2,0,0,0.0,-4.797158176943704
train,support_limit,2024-07-24,2,1,0,0,0.0,-7.615982525529539
train,support_limit,2024-07-25,2,1,1,0,-0.915218617771508,0.6953416063181339
train,support_limit,2024-07-26,2,1,0,0,0.0,-2.505231788079464
train,support_limit,2024-07-29,2,1,1,0,3.6241158059467695,2.613673395573013
train,support_limit,2024-07-30,2,2,1,0,1.2558562745799131,-8.456735638752843
train,support_limit,2024-07-31,2,1,0,0,0.0,6.210000000000005
train,support_limit,2024-08-01,2,2,0,0,0.0,9.470288540807926
train,support_limit,2024-08-02,2,2,0,0,0.0,-0.06814629421274354
train,support_limit,2024-08-05,2,2,1,0,-6.210000000000005,-3.0724427480915963
train,support_limit,2024-08-06,2,0,0,0,0.0,6.210000000000005
train,support_limit,2024-08-07,2,1,1,0,17.379576547231256,1.7606995418836497
train,support_limit,2024-08-08,2,2,0,0,0.0,4.7555889857852325
train,support_limit,2024-08-09,2,1,1,0,-1.83308385933273,1.0187461913983795
train,support_limit,2024-08-12,2,0,0,0,0.0,6.210000000000005
train,support_limit,2024-08-13,2,2,1,0,-0.21,-3.673905027995649
train,support_limit,2024-08-14,2,1,1,0,-0.772700964630225,4.630286032574794
train,support_limit,2024-08-15,2,2,0,0,0.0,2.344111486293134
train,support_limit,2024-08-19,2,1,0,0,0.0,5.765555555555546
train,support_limit,2024-08-20,2,1,0,0,0.0,-8.074409654272683
train,support_limit,2024-08-21,2,1,1,0,5.894252400548704,4.723159283139778
train,support_limit,2024-08-23,2,2,1,0,-10.744124629080122,-3.9206982367524947
train,support_limit,2024-08-26,2,1,0,0,0.0,6.210000000000005
train,support_limit,2024-08-27,2,1,0,0,0.0,-5.990527704485492
train,support_limit,2024-08-29,2,0,0,0,0.0,0.33722646310433513
train,support_limit,2024-08-30,2,1,0,0,0.0,4.250404040404033
train,support_limit,2024-09-02,2,1,0,0,0.0,6.210000000000005
train,support_limit,2024-09-03,2,2,1,0,-4.571179361179368,7.485184275184265
train,support_limit,2024-09-04,2,1,0,0,0.0,6.210000000000016
train,support_limit,2024-09-05,2,0,0,0,0.0,6.209999999999995
train,support_limit,2024-09-06,2,1,1,0,-6.210000000000005,9.374251207729458
train,support_limit,2024-09-09,2,1,0,0,0.0,2.910499534369017
train,support_limit,2024-09-11,2,0,0,0,0.0,-1.0837147102525906
train,support_limit,2024-09-12,2,0,0,0,0.0,-1.5918018018018056
train,support_limit,2024-09-13,2,1,0,0,0.0,6.210000000000016
train,support_limit,2024-09-18,2,2,1,0,5.61191780821919,-5.940460951999914
train,support_limit,2024-09-19,2,1,0,0,0.0,-14.002678936605315
train,support_limit,2024-09-23,2,1,0,0,0.0,-8.381549295774636
train,support_limit,2024-09-24,2,1,0,0,0.0,-8.084930875576022
train,support_limit,2024-09-25,2,1,0,0,0.0,-18.97194640338504
train,support_limit,2024-09-26,2,2,0,0,0.0,-43.743471124806405
train,support_limit,2024-09-27,2,1,0,0,0.0,-0.3115123859191762
train,support_limit,2024-10-09,2,2,2,0,-7.86389438943892,4.697837894025648
train,support_limit,2024-10-14,2,1,1,0,-1.5214754098360825,-6.494117667345122
train,support_limit,2024-10-16,2,1,0,0,0.0,0.906864111498241
train,support_limit,2024-10-18,2,0,0,0,0.0,-18.389033816425137
train,support_limit,2024-10-22,2,2,0,0,0.0,-10.300795360397695
train,support_limit,2024-10-23,2,2,0,0,0.0,-12.592931895346492
train,support_limit,2024-10-24,2,2,1,0,-0.05579799537396382,-1.8322198808026426
train,support_limit,2024-10-25,2,1,1,0,-0.9782458386683688,0.5056395116500911
train,support_limit,2024-10-28,2,1,0,0,0.0,4.800184591595104
train,support_limit,2024-10-29,2,2,1,0,6.13095634095635,20.56163724883353
train,support_limit,2024-10-30,2,2,1,0,-2.977857142857133,4.108365375463997
train,support_limit,2024-10-31,2,1,0,0,0.0,12.42
train,support_limit,2024-11-01,2,2,1,0,-7.0813450292397615,10.039589550199503
train,support_limit,2024-11-04,2,2,1,0,7.889898751265622,-1.8031490761600812
train,support_limit,2024-11-05,2,1,0,0,0.0,-6.377139296100685
train,support_limit,2024-11-06,2,2,0,0,0.0,-25.367474580978055
train,support_limit,2024-11-07,2,2,1,0,2.456666666666684,3.319798129000474
train,support_limit,2024-11-08,2,1,0,0,0.0,-3.021971383147846
train,support_limit,2024-11-11,2,2,1,0,-3.606226415094339,0.6442113072209557
train,support_limit,2024-11-12,2,1,1,0,0.03999999999999468,6.25
train,support_limit,2024-11-13,2,2,0,0,0.0,12.41999999999999
train,support_limit,2024-11-14,2,2,2,0,-12.420000000000021,-20.918032786885256
train,support_limit,2024-11-15,2,2,1,0,-6.210000000000005,6.210000000000005
train,support_limit,2024-11-19,2,1,0,0,0.0,-2.296112469437638
train,support_limit,2024-11-20,2,1,0,0,0.0,-0.26908819133034534
train,support_limit,2024-11-21,2,1,0,0,0.0,6.210000000000005
train,support_limit,2024-11-22,2,2,2,0,-3.5033333333333267,8.916666666666673
train,support_limit,2024-11-25,2,2,2,0,7.883625442917662,7.556685592963719
train,support_limit,2024-11-27,2,2,2,0,8.079579348425224,2.883591887610182
train,support_limit,2024-11-28,2,0,0,0,0.0,-5.681472868217051
train,support_limit,2024-11-29,2,2,2,0,8.184490014952846,8.079948199069133
train,support_limit,2024-12-02,2,0,0,0,0.0,-9.040856140317931
train,support_limit,2024-12-03,2,2,1,0,-7.794448693435308,3.735779487236959
train,support_limit,2024-12-04,2,2,1,0,5.002355212355235,2.7986021538195636
train,support_limit,2024-12-05,2,2,2,0,10.078897131363581,3.7613907685166126
train,support_limit,2024-12-06,2,2,1,0,4.2650430292599175,4.849497620445121
train,support_limit,2024-12-09,2,2,1,0,21.60025081788441,-22.937545103228917
train,support_limit,2024-12-11,2,2,0,0,0.0,-16.447838839729354
train,support_limit,2024-12-12,2,2,0,0,0.0,12.42000000000001
train,support_limit,2024-12-13,2,2,0,0,0.0,-6.328710390567436
train,support_limit,2024-12-16,2,2,0,0,0.0,12.42000000000001
train,support_limit,2024-12-17,2,2,2,0,-2.613548387096788,14.398637205088793
train,support_limit,2024-12-18,2,1,1,0,-6.210000000000005,6.210000000000016
train,support_limit,2024-12-20,2,2,1,0,-6.210000000000005,11.47927639383153
train,support_limit,2024-12-23,2,2,2,0,9.861015235662162,10.653670508692592
train,support_limit,2024-12-24,2,1,0,0,0.0,-1.9834616559591716
train,support_limit,2024-12-25,2,1,1,0,6.663822975517907,1.781230382925325
train,support_limit,2024-12-26,2,2,0,0,0.0,4.207734528143383
train,support_limit,2024-12-27,2,0,0,0,0.0,6.210000000000005
train,support_limit,2024-12-30,2,2,1,0,-6.210000000000005,6.210000000000005
train,support_limit,2024-12-31,2,2,2,0,-12.42,1.0658141036401503e-14
train,support_limit,2025-01-02,2,2,2,0,-19.12783847980999,13.292057503408646
train,support_limit,2025-01-03,2,1,0,0,0.0,22.541329491195285
train,support_limit,2025-01-06,2,1,1,0,0.768792822185981,1.4611079347261802
train,support_limit,2025-01-08,2,0,0,0,0.0,6.672984723854282
train,support_limit,2025-01-09,2,1,1,0,7.796042296072513,0.48724530359129936
train,support_limit,2025-01-13,2,1,1,0,-0.3638461538461488,-20.14499236506728
train,support_limit,2025-01-14,2,0,0,0,0.0,-19.701991199119902
train,support_limit,2025-01-15,2,1,0,0,0.0,0.635170068027203
train,support_limit,2025-01-16,2,2,1,0,2.5649229188078095,2.0438381654945057
train,support_limit,2025-01-17,2,2,1,0,-5.038660436137088,-2.00478823515403
train,support_limit,2025-01-20,2,2,0,0,0.0,2.3700048823308135
train,support_limit,2025-01-22,2,1,0,0,0.0,5.049428227548915
train,support_limit,2025-01-24,2,2,1,0,5.714855491329506,5.80622234676388
train,support_limit,2025-01-27,2,1,1,0,-1.290550098231825,11.320819507771919
train,support_limit,2025-02-05,2,0,0,0,0.0,-4.322415375788856
train,support_limit,2025-02-06,2,1,1,0,5.226156763590372,-0.8753697566914012
train,support_limit,2025-02-10,2,2,0,0,0.0,-0.1978715399218216
train,support_limit,2025-02-11,2,2,0,0,0.0,7.711073968705552
train,support_limit,2025-02-12,2,2,0,0,0.0,-9.139705774949135
train,support_limit,2025-02-13,2,2,1,0,-5.628719211822642,6.791280788177379
train,support_limit,2025-02-14,2,2,2,0,0.8116416509937645,3.2798866314935227
train,support_limit,2025-02-18,2,1,0,0,0.0,-5.40116956690224
train,support_limit,2025-02-19,2,2,1,0,-1.689654747225645,-5.909049913959806
train,support_limit,2025-02-21,2,2,1,0,3.0158064516129004,0.6681556172098211
train,support_limit,2025-02-24,2,2,1,0,5.142480417754579,6.757285612559772
train,support_limit,2025-02-25,2,2,1,0,-6.210000000000005,2.7100000000000124
train,support_limit,2025-02-26,2,1,0,0,0.0,1.023008130081283
train,support_limit,2025-02-27,2,1,0,0,0.0,6.210000000000005
train,support_limit,2025-02-28,2,1,1,0,9.254788732394356,24.008122065727687
train,support_limit,2025-03-03,2,0,0,0,0.0,16.07554948544726
train,support_limit,2025-03-05,2,2,1,0,2.825143769968074,-2.5792888068009603
train,support_limit,2025-03-06,2,2,0,0,0.0,-3.0075449225083632
train,support_limit,2025-03-07,2,1,0,0,0.0,6.072777777777795
train,support_limit,2025-03-10,2,2,1,0,-0.4513127413127158,8.053007486067644
train,support_limit,2025-03-11,2,2,1,0,1.156635249764392,-5.181346400668096
train,support_limit,2025-03-13,2,1,1,0,0.4679661016949046,10.059409400663988
train,support_limit,2025-03-14,2,0,0,0,0.0,-6.059592476489039
train,support_limit,2025-03-18,2,2,0,0,0.0,-5.43383244206774
train,support_limit,2025-03-19,2,0,0,0,0.0,-18.23660194174754
train,support_limit,2025-03-21,2,1,1,0,0.7399683343888732,6.9499683343888785
train,support_limit,2025-03-24,2,2,2,0,-9.394081278131308,6.512781520942379
train,support_limit,2025-03-25,2,0,0,0,0.0,6.841989596879073
train,support_limit,2025-03-26,2,0,0,0,0.0,6.210000000000005
train,support_limit,2025-03-27,2,2,0,0,0.0,11.015995625428657
train,support_limit,2025-03-28,2,2,0,0,0.0,3.4463813493863427
train,support_limit,2025-03-31,2,2,1,0,2.823980582524265,8.03663150115943
train,support_limit,2025-04-03,2,1,0,0,0.0,12.067849659017918
train,support_limit,2025-04-07,2,0,0,0,0.0,10.183226238286482
train,support_limit,2025-04-08,2,1,0,0,0.0,-15.221164901664139
train,support_limit,2025-04-10,2,1,0,0,0.0,1.3847430249632762
train,support_limit,2025-04-11,2,1,0,0,0.0,-1.9835483870967776
train,support_limit,2025-04-14,2,2,0,0,0.0,5.041621621621619
train,support_limit,2025-04-15,2,2,0,0,0.0,-2.1988790806129237
train,support_limit,2025-04-16,2,2,2,0,2.4244683726747134,3.5118736904387715
train,support_limit,2025-04-17,2,2,1,0,6.052833675564661,2.792649842096185
train,support_limit,2025-04-18,2,1,0,0,0.0,-3.1192231812577234
train,support_limit,2025-04-21,2,2,2,0,-5.805875127942696,-2.9993205060939383
train,support_limit,2025-04-22,2,1,0,0,0.0,-2.939606299212593
train,support_limit,2025-04-23,2,2,0,0,0.0,9.950684479454942
train,support_limit,2025-04-24,2,2,1,0,-8.861109846328976,4.110160867249881
train,support_limit,2025-04-25,2,1,0,0,0.0,2.952846715328496
train,support_limit,2025-04-28,2,1,1,0,-1.38056856187292,4.829431438127085
train,support_limit,2025-04-29,2,0,0,0,0.0,-17.83239744586602
train,support_limit,2025-04-30,2,0,0,0,0.0,-5.909610570236422
train,support_limit,2025-05-08,2,2,1,0,2.1809985935302247,-4.480026337217712
train,support_limit,2025-05-09,2,1,1,0,1.3128426395939021,1.8964416433298825
train,support_limit,2025-05-12,2,2,0,0,0.0,-12.560009298000939
train,support_limit,2025-05-13,2,1,1,0,-6.339032258064515,0.7509677419354714
train,support_limit,2025-05-14,2,2,1,0,-1.233255813953483,4.417778470776303
train,support_limit,2025-05-15,2,1,1,0,3.628441707247209,1.5528886598431324
train,support_limit,2025-05-16,2,2,1,0,-1.4561059190031043,3.127435888538345
train,support_limit,2025-05-19,2,2,0,0,0.0,2.217548343231936
train,support_limit,2025-05-21,2,2,1,0,0.9833174224343812,-1.9382409259559132
train,support_limit,2025-05-22,2,2,1,0,-2.13962542565267,-3.9418476478748605
train,support_limit,2025-05-23,2,2,1,0,12.669884225759763,14.161477358722319
train,support_limit,2025-05-26,2,0,0,0,0.0,-1.506336740080159
train,support_limit,2025-05-28,2,2,0,0,0.0,-17.436755451542716
train,support_limit,2025-05-29,2,2,1,0,-11.212444987775063,-3.989590393662657
train,support_limit,2025-05-30,2,2,2,0,-5.649287090558787,-2.442716347153495
train,support_limit,2025-06-03,2,2,0,0,0.0,-0.05828348364200586
train,support_limit,2025-06-05,2,1,0,0,0.0,9.304497031842365
train,support_limit,2025-06-06,2,1,1,0,-0.5591620111731874,2.237044885378525
train,support_limit,2025-06-09,2,1,1,0,7.8106341960665775,2.3973247798082733
train,support_limit,2025-06-10,2,1,1,0,-4.63900266379016,4.867995649075743
train,support_limit,2025-06-11,2,2,0,0,0.0,-9.070554371266958
train,support_limit,2025-06-12,2,2,0,0,0.0,7.440408163265301
train,support_limit,2025-06-13,2,2,1,0,-6.210000000000005,6.210000000000016
train,support_limit,2025-06-16,2,2,1,0,-0.41942408376964924,7.131647107181794
train,support_limit,2025-06-17,2,2,2,0,-12.42000000000001,-1.0658141036401503e-14
train,support_limit,2025-06-18,2,2,0,0,0.0,1.804615384615384
train,support_limit,2025-06-19,2,1,1,0,7.680743550834589,6.373470823561856
train,support_limit,2025-06-20,2,0,0,0,0.0,6.210000000000016
train,support_limit,2025-06-23,2,2,1,0,6.525751295336789,-2.551563618724172
train,support_limit,2025-06-24,2,1,1,0,7.271060606060597,3.3172462367845665
train,quality_stop,2024-01-02,2,1,1,0,-4.140817610062898,-2.479204706837102
train,quality_stop,2024-01-03,2,0,0,0,0.0,-3.156188237896416
train,quality_stop,2024-01-04,2,1,0,0,0.0,3.777604227833244
train,quality_stop,2024-01-05,2,0,0,0,0.0,16.88707934721439
train,quality_stop,2024-01-08,2,0,0,0,0.0,17.548749439179826
train,quality_stop,2024-01-09,2,0,0,0,0.0,12.420000000000021
train,quality_stop,2024-01-10,2,0,0,0,0.0,-0.9632382369966201
train,quality_stop,2024-01-11,2,0,0,0,0.0,-6.062773026229026
train,quality_stop,2024-01-12,2,1,0,0,0.0,12.42000000000001
train,quality_stop,2024-01-15,2,0,0,0,0.0,8.711237987563583
train,quality_stop,2024-01-16,2,0,0,0,0.0,7.548425577646446
train,quality_stop,2024-01-17,2,0,0,0,0.0,13.179906759906759
train,quality_stop,2024-01-18,2,0,0,0,0.0,21.27072252113759
train,quality_stop,2024-01-19,2,1,0,0,0.0,31.655454246313067
train,quality_stop,2024-01-22,2,0,0,0,0.0,22.214421637893214
train,quality_stop,2024-01-23,2,0,0,0,0.0,3.2587013251218178
train,quality_stop,2024-01-24,2,0,0,0,0.0,-5.854880112834992
train,quality_stop,2024-01-25,2,0,0,0,0.0,18.179661610268372
train,quality_stop,2024-01-26,2,0,0,0,0.0,2.6246544546211457
train,quality_stop,2024-01-29,2,0,0,0,0.0,13.639512195121963
train,quality_stop,2024-01-30,2,0,0,0,0.0,12.420000000000021
train,quality_stop,2024-01-31,2,0,0,0,0.0,6.210000000000005
train,quality_stop,2024-02-01,2,0,0,0,0.0,6.210000000000005
train,quality_stop,2024-02-02,2,1,1,0,-20.60698836413414,-11.296895308829413
train,quality_stop,2024-02-05,2,0,0,0,0.0,31.502574048636227
train,quality_stop,2024-02-06,2,0,0,0,0.0,-17.573636198473903
train,quality_stop,2024-02-08,2,1,1,0,-1.9104048582995978,-1.7416079897375591
train,quality_stop,2024-02-19,2,1,0,0,0.0,-11.627466727594669
train,quality_stop,2024-02-20,2,2,0,0,0.0,-13.091774546390429
train,quality_stop,2024-02-21,2,2,2,0,15.1067377814962,-16.654200592566504
train,quality_stop,2024-02-22,2,1,1,0,14.505719063545161,-16.067266449951955
train,quality_stop,2024-02-26,2,2,0,0,0.0,-36.20150173866694
train,quality_stop,2024-02-27,2,0,0,0,0.0,15.993241061130362
train,quality_stop,2024-02-28,2,2,2,0,-17.408626287548092,5.21701025481001
train,quality_stop,2024-02-29,2,0,0,0,0.0,-0.2616880343450183
train,quality_stop,2024-03-04,2,1,0,0,0.0,2.7779196129512638
train,quality_stop,2024-03-05,2,0,0,0,0.0,9.013965060878784
train,quality_stop,2024-03-06,2,0,0,0,0.0,-7.360025284450042
train,quality_stop,2024-03-08,2,0,0,0,0.0,-0.5892949192711976
train,quality_stop,2024-03-11,2,1,0,0,0.0,0.013073593073599898
train,quality_stop,2024-03-12,2,1,0,0,0.0,-11.259711017459349
train,quality_stop,2024-03-13,2,2,2,0,-1.3597590361445828,-12.935571711757698
train,quality_stop,2024-03-14,2,0,0,0,0.0,-6.3512097667919525
train,quality_stop,2024-03-15,2,0,0,0,0.0,-1.029669421487588
train,quality_stop,2024-03-18,2,1,1,0,14.827164093767895,16.050456274837888
train,quality_stop,2024-03-19,2,0,0,0,0.0,-3.382375366568912
train,quality_stop,2024-03-20,2,0,0,0,0.0,5.494199966838
train,quality_stop,2024-03-21,2,0,0,0,0.0,-3.920984587288843
train,quality_stop,2024-03-22,2,1,1,0,6.953441745574328,4.999678513027451
train,quality_stop,2024-03-25,2,2,2,0,-13.204049715173484,1.6035724346636595
train,quality_stop,2024-03-26,2,0,0,0,0.0,14.55953488372096
train,quality_stop,2024-03-27,2,0,0,0,0.0,13.889040482671202
train,quality_stop,2024-03-28,2,0,0,0,0.0,-15.680125734268465
train,quality_stop,2024-03-29,2,0,0,0,0.0,6.753333333333336
train,quality_stop,2024-04-01,2,1,1,0,-6.210000000000005,3.232670025188912
train,quality_stop,2024-04-02,2,0,0,0,0.0,7.397873977873982
train,quality_stop,2024-04-03,2,1,1,0,-6.210000000000005,7.571376673040176
train,quality_stop,2024-04-08,2,0,0,0,0.0,6.88511627906976
train,quality_stop,2024-04-09,2,0,0,0,0.0,4.981695685087064
train,quality_stop,2024-04-10,2,0,0,0,0.0,12.42000000000001
train,quality_stop,2024-04-11,2,1,1,0,-20.242115616218385,-7.822115616218374
train,quality_stop,2024-04-12,2,0,0,0,0.0,18.862849740932653
train,quality_stop,2024-04-15,2,0,0,0,0.0,15.802385086507357
train,quality_stop,2024-04-16,2,0,0,0,0.0,-11.71628183831673
train,quality_stop,2024-04-17,2,1,1,0,2.409808306709248,-0.13131133500539072
train,quality_stop,2024-04-18,2,0,0,0,0.0,6.210000000000005
train,quality_stop,2024-04-19,2,2,2,0,3.6922865280191712,-8.077119336460814
train,quality_stop,2024-04-22,2,0,0,0,0.0,-6.450707264897234
train,quality_stop,2024-04-23,2,1,1,0,3.7521016365202433,-2.742685271019573
train,quality_stop,2024-04-24,2,1,0,0,0.0,-8.55862765443922
train,quality_stop,2024-04-25,2,0,0,0,0.0,4.545618443770562
train,quality_stop,2024-04-26,2,0,0,0,0.0,-28.133385416666652
train,quality_stop,2024-04-29,2,1,1,0,3.95197975253092,-16.015419140615105
train,quality_stop,2024-04-30,2,0,0,0,0.0,-9.82872836901034
train,quality_stop,2024-05-06,2,1,1,0,-2.213205128205121,0.4771020138619084
train,quality_stop,2024-05-07,2,0,0,0,0.0,1.4280267965895441
train,quality_stop,2024-05-08,2,2,1,0,-0.21,1.8711570247933915
train,quality_stop,2024-05-09,2,0,0,0,0.0,6.210000000000005
train,quality_stop,2024-05-13,2,0,0,0,0.0,2.2684848484848548
train,quality_stop,2024-05-16,2,0,0,0,0.0,2.2151884218162072
train,quality_stop,2024-05-17,2,0,0,0,0.0,-10.512847685948042
train,quality_stop,2024-05-21,2,0,0,0,0.0,6.903481063658369
train,quality_stop,2024-05-22,2,0,0,0,0.0,-15.668047966651653
train,quality_stop,2024-05-27,2,0,0,0,0.0,2.4877822695097427
train,quality_stop,2024-05-28,2,0,0,0,0.0,13.279350395149327
train,quality_stop,2024-05-29,2,0,0,0,0.0,8.443608768971336
train,quality_stop,2024-06-03,2,0,0,0,0.0,9.227341040462434
train,quality_stop,2024-06-04,2,0,0,0,0.0,7.452339832869082
train,quality_stop,2024-06-06,2,0,0,0,0.0,16.447100271002725
train,quality_stop,2024-06-07,2,0,0,0,0.0,12.42
train,quality_stop,2024-06-11,2,0,0,0,0.0,-7.722263814616758
train,quality_stop,2024-06-14,2,0,0,0,0.0,-15.011351484682576
train,quality_stop,2024-06-17,2,0,0,0,0.0,-2.645703766638339
train,quality_stop,2024-06-18,2,1,1,0,-7.5478839590443885,-1.1607781275108966
train,quality_stop,2024-06-19,2,0,0,0,0.0,12.42000000000001
train,quality_stop,2024-06-20,2,0,0,0,0.0,9.804841795437826
train,quality_stop,2024-06-21,2,0,0,0,0.0,12.42000000000001
train,quality_stop,2024-06-24,2,0,0,0,0.0,6.210000000000005
train,quality_stop,2024-06-25,2,0,0,0,0.0,6.210000000000005
train,quality_stop,2024-06-26,2,1,0,0,0.0,1.130949217913026
train,quality_stop,2024-06-27,2,2,2,0,-0.6244436702680618,-2.6326789643857484
train,quality_stop,2024-06-28,2,0,0,0,0.0,8.746411526245414
train,quality_stop,2024-07-02,2,1,1,0,3.713205342237046,-0.6547030995941228
train,quality_stop,2024-07-03,2,0,0,0,0.0,6.210000000000005
train,quality_stop,2024-07-04,2,0,0,0,0.0,14.147975270479142
train,quality_stop,2024-07-05,2,0,0,0,0.0,-11.003442449841582
train,quality_stop,2024-07-08,2,0,0,0,0.0,6.210000000000016
train,quality_stop,2024-07-09,2,0,0,0,0.0,3.362425409672511
train,quality_stop,2024-07-11,2,0,0,0,0.0,-27.0206022112444
train,quality_stop,2024-07-15,2,1,0,0,0.0,-4.073028628001006
train,quality_stop,2024-07-17,2,0,0,0,0.0,2.0192105263157965
train,quality_stop,2024-07-18,2,0,0,0,0.0,4.624003044140036
train,quality_stop,2024-07-19,2,0,0,0,0.0,14.420000000000012
train,quality_stop,2024-07-23,2,0,0,0,0.0,-4.797158176943704
train,quality_stop,2024-07-24,2,0,0,0,0.0,-7.615982525529539
train,quality_stop,2024-07-25,2,0,0,0,0.0,1.610560224089642
train,quality_stop,2024-07-26,2,0,0,0,0.0,-2.505231788079464
train,quality_stop,2024-07-29,2,0,0,0,0.0,-1.0104424103737566
train,quality_stop,2024-07-30,2,1,1,0,0.13916201117316526,-9.57342990215959
train,quality_stop,2024-07-31,2,0,0,0,0.0,6.210000000000005
train,quality_stop,2024-08-01,2,2,1,0,11.725730680948752,21.19601922175668
train,quality_stop,2024-08-02,2,0,0,0,0.0,-0.06814629421274354
train,quality_stop,2024-08-05,2,0,0,0,0.0,3.137557251908409
train,quality_stop,2024-08-06,2,0,0,0,0.0,6.210000000000005
train,quality_stop,2024-08-07,2,0,0,0,0.0,-15.618877005347606
train,quality_stop,2024-08-08,2,1,1,0,-6.210000000000005,-1.4544110142147728
train,quality_stop,2024-08-09,2,0,0,0,0.0,2.8518300507311096
train,quality_stop,2024-08-12,2,0,0,0,0.0,6.210000000000005
train,quality_stop,2024-08-13,2,0,0,0,0.0,-3.463905027995649
train,quality_stop,2024-08-14,2,2,1,0,-4.858241206030146,0.544745791174873
train,quality_stop,2024-08-15,2,0,0,0,0.0,2.344111486293134
train,quality_stop,2024-08-19,2,0,0,0,0.0,5.765555555555546
train,quality_stop,2024-08-20,2,0,0,0,0.0,-8.074409654272683
train,quality_stop,2024-08-21,2,1,0,0,0.0,-1.171093117408926
train,quality_stop,2024-08-23,2,0,0,0,0.0,6.823426392327628
train,quality_stop,2024-08-26,2,0,0,0,0.0,6.210000000000005
train,quality_stop,2024-08-27,2,0,0,0,0.0,-5.990527704485492
train,quality_stop,2024-08-29,2,0,0,0,0.0,0.33722646310433513
train,quality_stop,2024-08-30,2,1,1,0,-4.473565891472876,-0.22316185106884312
train,quality_stop,2024-09-02,2,0,0,0,0.0,6.210000000000005
train,quality_stop,2024-09-03,2,1,1,0,-1.325760111576014,10.730603524787618
train,quality_stop,2024-09-04,2,0,0,0,0.0,6.210000000000016
train,quality_stop,2024-09-05,2,0,0,0,0.0,6.209999999999995
train,quality_stop,2024-09-06,2,0,0,0,0.0,15.584251207729462
train,quality_stop,2024-09-09,2,0,0,0,0.0,2.910499534369017
train,quality_stop,2024-09-11,2,0,0,0,0.0,-1.0837147102525906
train,quality_stop,2024-09-12,2,0,0,0,0.0,-1.5918018018018056
train,quality_stop,2024-09-13,2,0,0,0,0.0,6.210000000000016
train,quality_stop,2024-09-18,2,0,0,0,0.0,-11.552378760219105
train,quality_stop,2024-09-19,2,0,0,0,0.0,-14.002678936605315
train,quality_stop,2024-09-23,2,0,0,0,0.0,-8.381549295774636
train,quality_stop,2024-09-24,2,0,0,0,0.0,-8.084930875576022
train,quality_stop,2024-09-25,2,0,0,0,0.0,-18.97194640338504
train,quality_stop,2024-09-26,2,1,1,0,17.746656346749234,-25.99681477805717
train,quality_stop,2024-09-27,2,1,1,0,-1.3638461538461497,-1.675358539765326
train,quality_stop,2024-10-09,2,1,0,0,0.0,12.561732283464568
train,quality_stop,2024-10-14,2,0,0,0,0.0,-4.972642257509039
train,quality_stop,2024-10-16,2,0,0,0,0.0,0.906864111498241
train,quality_stop,2024-10-18,2,0,0,0,0.0,-18.389033816425137
train,quality_stop,2024-10-22,2,1,1,0,3.7900000000000036,-6.510795360397691
train,quality_stop,2024-10-23,2,1,1,0,9.90721159777914,-2.685720297567352
train,quality_stop,2024-10-24,2,1,1,0,3.8541711229946642,2.0777492375659854
train,quality_stop,2024-10-25,2,0,0,0,0.0,1.48388535031846
train,quality_stop,2024-10-28,2,1,1,0,-6.210000000000016,-1.4098154084049117
train,quality_stop,2024-10-29,2,1,1,0,-9.312902374670175,5.117778533207007
train,quality_stop,2024-10-30,2,0,0,0,0.0,7.086222518321129
train,quality_stop,2024-10-31,2,2,2,0,-12.420000000000021,-2.1316282072803006e-14
train,quality_stop,2024-11-01,2,1,1,0,-6.3251079136690604,10.795826665770203
train,quality_stop,2024-11-04,2,0,0,0,0.0,-9.693047827425703
train,quality_stop,2024-11-05,2,0,0,0,0.0,-6.377139296100685
train,quality_stop,2024-11-06,2,2,2,0,30.521315372601073,5.1538407916230184
train,quality_stop,2024-11-07,2,1,0,0,0.0,0.86313146233379
train,quality_stop,2024-11-08,2,0,0,0,0.0,-3.021971383147846
train,quality_stop,2024-11-11,2,0,0,0,0.0,4.2504377223152945
train,quality_stop,2024-11-12,2,0,0,0,0.0,6.210000000000005
train,quality_stop,2024-11-13,2,1,1,0,-7.465864702673199,4.954135297326791
train,quality_stop,2024-11-14,2,1,1,0,-6.210000000000016,-14.708032786885248
train,quality_stop,2024-11-15,2,0,0,0,0.0,12.42000000000001
train,quality_stop,2024-11-19,2,0,0,0,0.0,-2.296112469437638
train,quality_stop,2024-11-20,2,1,1,0,-6.774748201438841,-7.043836392769187
train,quality_stop,2024-11-21,2,1,1,0,-6.209999999999995,1.0658141036401503e-14
train,quality_stop,2024-11-22,2,2,1,0,-6.210000000000005,6.209999999999995
train,quality_stop,2024-11-25,2,0,0,0,0.0,-0.3269398499539431
train,quality_stop,2024-11-27,2,0,0,0,0.0,-5.195987460815042
train,quality_stop,2024-11-28,2,0,0,0,0.0,-5.681472868217051
train,quality_stop,2024-11-29,2,0,0,0,0.0,-0.1045418158837137
train,quality_stop,2024-12-02,2,1,1,0,-6.210000000000005,-15.250856140317936
train,quality_stop,2024-12-03,2,0,0,0,0.0,11.530228180672268
train,quality_stop,2024-12-04,2,0,0,0,0.0,-2.2037530585356717
train,quality_stop,2024-12-05,2,0,0,0,0.0,-6.317506362846968
train,quality_stop,2024-12-06,2,0,0,0,0.0,0.5844545911852035
train,quality_stop,2024-12-09,2,1,1,0,-0.8510256410256276,-45.38882156213896
train,quality_stop,2024-12-11,2,2,1,0,-0.919723207948898,-17.367562047678252
train,quality_stop,2024-12-12,2,0,0,0,0.0,12.42000000000001
train,quality_stop,2024-12-13,2,2,2,0,-13.369352179034157,-19.698062569601593
train,quality_stop,2024-12-16,2,1,1,0,-7.769395248380141,4.65060475161987
train,quality_stop,2024-12-17,2,0,0,0,0.0,17.01218559218558
train,quality_stop,2024-12-18,2,1,1,0,-10.19509687034277,2.2249031296572515
train,quality_stop,2024-12-20,2,0,0,0,0.0,17.689276393831534
train,quality_stop,2024-12-23,2,0,0,0,0.0,0.792655273030431
train,quality_stop,2024-12-24,2,0,0,0,0.0,-1.9834616559591716
train,quality_stop,2024-12-25,2,0,0,0,0.0,-4.882592592592582
train,quality_stop,2024-12-26,2,2,2,0,-2.630526315789485,1.5772082123538977
train,quality_stop,2024-12-27,2,0,0,0,0.0,6.210000000000005
train,quality_stop,2024-12-30,2,0,0,0,0.0,12.42000000000001
train,quality_stop,2024-12-31,2,0,0,0,0.0,12.42000000000001
train,quality_stop,2025-01-02,2,0,0,0,0.0,32.41989598321864
train,quality_stop,2025-01-03,2,0,0,0,0.0,22.541329491195285
train,quality_stop,2025-01-06,2,0,0,0,0.0,0.6923151125401992
train,quality_stop,2025-01-08,2,0,0,0,0.0,6.672984723854282
train,quality_stop,2025-01-09,2,1,1,0,-6.210000000000016,-13.51879699248123
train,quality_stop,2025-01-13,2,0,0,0,0.0,-19.78114621122113
train,quality_stop,2025-01-14,2,0,0,0,0.0,-19.701991199119902
train,quality_stop,2025-01-15,2,1,0,0,0.0,0.635170068027203
train,quality_stop,2025-01-16,2,0,0,0,0.0,-0.5210847533133038
train,quality_stop,2025-01-17,2,1,1,0,2.55872964169379,5.5926018426768485
train,quality_stop,2025-01-20,2,1,1,0,-3.9407692307692153,-1.5707643484384017
train,quality_stop,2025-01-22,2,0,0,0,0.0,5.049428227548915
train,quality_stop,2025-01-24,2,0,0,0,0.0,0.0913668554343734
train,quality_stop,2025-01-27,2,0,0,0,0.0,12.611369606003745
train,quality_stop,2025-02-05,2,1,1,0,3.904285714285715,-0.41812966150314157
train,quality_stop,2025-02-06,2,1,1,0,3.0078217821782207,-3.0937047381035523
train,quality_stop,2025-02-10,2,1,0,0,0.0,-0.1978715399218216
train,quality_stop,2025-02-11,2,0,0,0,0.0,7.711073968705552
train,quality_stop,2025-02-12,2,0,0,0,0.0,-9.139705774949135
train,quality_stop,2025-02-13,2,0,0,0,0.0,12.420000000000021
train,quality_stop,2025-02-14,2,0,0,0,0.0,2.468244980499758
train,quality_stop,2025-02-18,2,0,0,0,0.0,-5.40116956690224
train,quality_stop,2025-02-19,2,0,0,0,0.0,-4.219395166734161
train,quality_stop,2025-02-21,2,1,1,0,0.45730219256434523,-1.890348641838734
train,quality_stop,2025-02-24,2,0,0,0,0.0,1.614805194805193
train,quality_stop,2025-02-25,2,0,0,0,0.0,8.920000000000018
train,quality_stop,2025-02-26,2,0,0,0,0.0,1.023008130081283
train,quality_stop,2025-02-27,2,0,0,0,0.0,6.210000000000005
train,quality_stop,2025-02-28,2,1,1,0,-6.210000000000005,8.543333333333326
train,quality_stop,2025-03-03,2,0,0,0,0.0,16.07554948544726
train,quality_stop,2025-03-05,2,2,1,0,-2.3891767554479313,-7.793609332216965
train,quality_stop,2025-03-06,2,2,1,0,0.7986455331411948,-2.2088993893671685
train,quality_stop,2025-03-07,2,1,1,0,-7.273197026022294,-1.2004192482444989
train,quality_stop,2025-03-10,2,0,0,0,0.0,8.50432022738036
train,quality_stop,2025-03-11,2,0,0,0,0.0,-6.3379816504324875
train,quality_stop,2025-03-13,2,0,0,0,0.0,9.591443298969084
train,quality_stop,2025-03-14,2,0,0,0,0.0,-6.059592476489039
train,quality_stop,2025-03-18,2,1,1,0,10.071195079086113,4.637362637018373
train,quality_stop,2025-03-19,2,0,0,0,0.0,-18.23660194174754
train,quality_stop,2025-03-21,2,0,0,0,0.0,6.210000000000005
train,quality_stop,2025-03-24,2,0,0,0,0.0,15.906862799073687
train,quality_stop,2025-03-25,2,0,0,0,0.0,6.841989596879073
train,quality_stop,2025-03-26,2,0,0,0,0.0,6.210000000000005
train,quality_stop,2025-03-27,2,0,0,0,0.0,11.015995625428657
train,quality_stop,2025-03-28,2,1,1,0,1.7669357495881268,5.2133170989744695
train,quality_stop,2025-03-31,2,0,0,0,0.0,5.212650918635166
train,quality_stop,2025-04-03,2,0,0,0,0.0,12.067849659017918
train,quality_stop,2025-04-07,2,0,0,0,0.0,10.183226238286482
train,quality_stop,2025-04-08,2,0,0,0,0.0,-15.221164901664139
train,quality_stop,2025-04-10,2,0,0,0,0.0,1.3847430249632762
train,quality_stop,2025-04-11,2,0,0,0,0.0,-1.9835483870967776
train,quality_stop,2025-04-14,2,0,0,0,0.0,5.041621621621619
train,quality_stop,2025-04-15,2,0,0,0,0.0,-2.1988790806129237
train,quality_stop,2025-04-16,2,1,1,0,6.6806115417743275,7.768016859538386
train,quality_stop,2025-04-17,2,0,0,0,0.0,-3.2601838334684756
train,quality_stop,2025-04-18,2,0,0,0,0.0,-3.1192231812577234
train,quality_stop,2025-04-21,2,0,0,0,0.0,2.8065546218487576
train,quality_stop,2025-04-22,2,0,0,0,0.0,-2.939606299212593
train,quality_stop,2025-04-23,2,0,0,0,0.0,9.950684479454942
train,quality_stop,2025-04-24,2,1,1,0,-6.210000000000005,6.761270713578852
train,quality_stop,2025-04-25,2,0,0,0,0.0,2.952846715328496
train,quality_stop,2025-04-28,2,0,0,0,0.0,6.210000000000005
train,quality_stop,2025-04-29,2,0,0,0,0.0,-17.83239744586602
train,quality_stop,2025-04-30,2,0,0,0,0.0,-5.909610570236422
train,quality_stop,2025-05-08,2,1,1,0,-0.21,-6.871024930747937
train,quality_stop,2025-05-09,2,1,0,0,0.0,0.5835990037359804
train,quality_stop,2025-05-12,2,0,0,0,0.0,-12.560009298000939
train,quality_stop,2025-05-13,2,0,0,0,0.0,7.0899999999999865
train,quality_stop,2025-05-14,2,0,0,0,0.0,5.651034284729786
train,quality_stop,2025-05-15,2,0,0,0,0.0,-2.0755530474040764
train,quality_stop,2025-05-16,2,0,0,0,0.0,4.583541807541449
train,quality_stop,2025-05-19,2,0,0,0,0.0,2.217548343231936
train,quality_stop,2025-05-21,2,0,0,0,0.0,-2.9215583483902945
train,quality_stop,2025-05-22,2,1,1,0,3.5167080745341464,1.714485852311956
train,quality_stop,2025-05-23,2,0,0,0,0.0,1.491593132962556
train,quality_stop,2025-05-26,2,0,0,0,0.0,-1.506336740080159
train,quality_stop,2025-05-28,2,1,1,0,21.13007246704115,3.693317015498433
train,quality_stop,2025-05-29,2,1,0,0,0.0,7.222854594112406
train,quality_stop,2025-05-30,2,0,0,0,0.0,3.206570743405292
train,quality_stop,2025-06-03,2,0,0,0,0.0,-0.05828348364200586
train,quality_stop,2025-06-05,2,1,0,0,0.0,9.304497031842365
train,quality_stop,2025-06-06,2,0,0,0,0.0,2.7962068965517126
train,quality_stop,2025-06-09,2,0,0,0,0.0,-5.413309416258304
train,quality_stop,2025-06-10,2,1,0,0,0.0,9.506998312865903
train,quality_stop,2025-06-11,2,0,0,0,0.0,-9.070554371266958
train,quality_stop,2025-06-12,2,0,0,0,0.0,7.440408163265301
train,quality_stop,2025-06-13,2,1,0,0,0.0,12.420000000000021
train,quality_stop,2025-06-16,2,0,0,0,0.0,7.551071190951443
train,quality_stop,2025-06-17,2,0,0,0,0.0,12.42
train,quality_stop,2025-06-18,2,0,0,0,0.0,1.804615384615384
train,quality_stop,2025-06-19,2,0,0,0,0.0,-1.307272727272733
train,quality_stop,2025-06-20,2,0,0,0,0.0,6.210000000000016
train,quality_stop,2025-06-23,2,0,0,0,0.0,-9.077314914060961
train,quality_stop,2025-06-24,2,0,0,0,0.0,-3.95381436927603
train,next_session_open,2024-01-02,2,1,1,0,2.8545161290322465,4.516129032258043
train,next_session_open,2024-01-03,2,2,2,0,0.9274161528465146,-2.2287720850499015
train,next_session_open,2024-01-04,2,2,2,0,1.65314929442608,5.430753522259324
train,next_session_open,2024-01-05,2,2,2,0,-12.355789436614154,4.5312899106002344
train,next_session_open,2024-01-08,2,2,2,0,-2.6572490355545453,14.89150040362528
train,next_session_open,2024-01-09,2,2,2,0,-8.1042469742885,4.315753025711521
train,next_session_open,2024-01-10,2,2,2,0,-9.271815099644378,-10.235053336640998
train,next_session_open,2024-01-11,2,2,2,0,7.000527229003371,0.9377542027743448
train,next_session_open,2024-01-12,2,2,2,0,-9.927393472744786,2.4926065272552247
train,next_session_open,2024-01-15,2,2,2,0,1.7222649331072297,10.433502920670813
train,next_session_open,2024-01-16,2,2,2,0,1.1724203751648825,8.72084595281133
train,next_session_open,2024-01-17,2,2,2,0,-9.75566433566434,3.4242424242424185
train,next_session_open,2024-01-18,2,1,1,0,-1.5935511145272816,19.677171406610306
train,next_session_open,2024-01-19,2,2,2,0,-12.757192258218922,18.898261988094145
train,next_session_open,2024-01-22,2,2,2,0,-21.408262009536088,0.8061596283571255
train,next_session_open,2024-01-23,2,2,2,0,-11.311798670254582,-8.053097345132764
train,next_session_open,2024-01-24,2,1,1,0,26.72935119887165,20.87447108603666
train,next_session_open,2024-01-25,2,1,1,0,1.6569778296382722,19.836639439906644
train,next_session_open,2024-01-26,2,1,1,0,2.2046544546211457,4.829308909242291
train,next_session_open,2024-01-29,2,2,2,0,-13.49247436500063,0.14703783012133265
train,next_session_open,2024-01-30,2,2,2,0,-5.311783686291607,7.1082163137084144
train,next_session_open,2024-01-31,2,1,1,0,-5.540243337195839,0.6697566628041667
train,next_session_open,2024-02-01,2,1,1,0,2.56392510402219,8.773925104022195
train,next_session_open,2024-02-02,2,2,2,0,10.58225828987339,19.892351345178117
train,next_session_open,2024-02-05,2,2,2,0,-28.55869180392601,2.943882244710217
train,next_session_open,2024-02-06,2,2,2,0,8.15700149380276,-9.416634704671143
train,next_session_open,2024-02-08,2,1,1,0,0.40804697156981895,0.5768438401318576
train,next_session_open,2024-02-19,2,2,2,0,-2.920142800022853,-14.547609527617523
train,next_session_open,2024-02-20,2,2,2,0,-0.02179585066983858,-13.113570397060268
train,next_session_open,2024-02-21,2,2,2,0,4.185202684070187,-27.575735689992516
train,next_session_open,2024-02-22,2,2,2,0,15.753534957321524,-14.819450556175592
train,next_session_open,2024-02-26,2,2,2,0,-3.284537930264732,-39.486039668931674
train,next_session_open,2024-02-27,2,2,2,0,6.141463117471789,22.13470417860215
train,next_session_open,2024-02-28,2,2,2,0,-22.6256365423581,0.0
train,next_session_open,2024-02-29,2,2,2,0,6.438369354275573,6.176681319930555
train,next_session_open,2024-03-04,2,1,1,0,0.013297357647922475,2.7912169705991863
train,next_session_open,2024-03-05,2,2,2,0,-8.024367618872564,0.9895974420062199
train,next_session_open,2024-03-06,2,2,2,0,9.470438966966462,2.1104136825164206
train,next_session_open,2024-03-08,2,2,2,0,-2.4933039549696185,-3.082598874240816
train,next_session_open,2024-03-11,2,2,2,0,4.4515728715728935,4.464646464646494
train,next_session_open,2024-03-12,2,2,2,0,-1.4050993377483407,-12.66481035520769
train,next_session_open,2024-03-13,2,2,2,0,3.5455625357624014,-8.030250139850713
train,next_session_open,2024-03-14,2,2,2,0,2.924046629565378,-3.4271631372265743
train,next_session_open,2024-03-15,2,1,1,0,-1.626765053128699,-2.656434474616287
train,next_session_open,2024-03-18,2,2,2,0,1.0581893004115033,2.2814814814814954
train,next_session_open,2024-03-19,2,1,1,0,-0.6498826979472137,-4.0322580645161255
train,next_session_open,2024-03-20,2,2,2,0,9.887577516166454,15.381777483004454
train,next_session_open,2024-03-21,2,2,2,0,3.3194322958484994,-0.6015522914403437
train,next_session_open,2024-03-22,2,2,2,0,5.144519476925223,3.1907562443783455
train,next_session_open,2024-03-25,2,2,2,0,-13.827561159923942,0.980060989913202
train,next_session_open,2024-03-26,2,2,2,0,-5.3709987947284565,9.188536088992503
train,next_session_open,2024-03-27,2,2,2,0,-16.95595498081246,-3.0669144981412586
train,next_session_open,2024-03-28,2,2,2,0,6.793512504665931,-8.886613229602535
train,next_session_open,2024-03-29,2,2,2,0,-3.5072675250357532,3.2460658082975824
train,next_session_open,2024-04-01,2,2,2,0,-0.5339789754643904,8.908691049724528
train,next_session_open,2024-04-02,2,2,2,0,0.5997210197210316,7.997594997595014
train,next_session_open,2024-04-03,2,2,2,0,4.850056053994887,18.63143272703507
train,next_session_open,2024-04-08,2,2,2,0,-5.624954799530759,1.2601614795390015
train,next_session_open,2024-04-09,2,2,2,0,5.6781398842135715,10.659835569300636
train,next_session_open,2024-04-10,2,2,2,0,-5.519803079126374,6.900196920873636
train,next_session_open,2024-04-11,2,2,2,0,0.29181746706306955,12.71181746706308
train,next_session_open,2024-04-12,2,1,1,0,-6.323989637305705,12.538860103626948
train,next_session_open,2024-04-15,2,2,2,0,-1.4580054853277753,14.344379601179583
train,next_session_open,2024-04-16,2,2,2,0,-2.242051495016608,-13.95833333333334
train,next_session_open,2024-04-17,2,1,1,0,4.7164235444657745,2.1753039027511356
train,next_session_open,2024-04-18,2,1,1,0,3.6912738853503093,9.901273885350314
train,next_session_open,2024-04-19,2,2,2,0,-3.4197803565545266,-15.189186221034511
train,next_session_open,2024-04-22,2,2,2,0,-1.5743267745705243,-8.025034039467759
train,next_session_open,2024-04-23,2,2,2,0,2.8533615557924423,-3.641425351747374
train,next_session_open,2024-04-24,2,2,2,0,-3.574539960546876,-12.133167614986096
train,next_session_open,2024-04-25,2,2,2,0,-7.969185322751472,-3.4235668789809104
train,next_session_open,2024-04-26,2,2,2,0,23.940677083333355,-4.192708333333297
train,next_session_open,2024-04-29,2,2,2,0,8.00060451255855,-11.966794380587476
train,next_session_open,2024-04-30,2,2,2,0,8.972845938052519,-0.8558824309578217
train,next_session_open,2024-05-06,2,2,2,0,-2.033952287894982,0.6563548541720476
train,next_session_open,2024-05-07,2,1,1,0,-1.3062241169305997,0.12180267965894442
train,next_session_open,2024-05-08,2,2,2,0,-3.9879430208895745,-1.906785996096183
train,next_session_open,2024-05-09,2,1,1,0,2.3615035423773403,8.571503542377346
train,next_session_open,2024-05-13,2,2,2,0,3.4974421379145952,5.76592698639945
train,next_session_open,2024-05-16,2,2,2,0,3.7576622569168254,5.972850678733033
train,next_session_open,2024-05-17,2,2,2,0,13.220962569936688,2.708114883988646
train,next_session_open,2024-05-21,2,2,2,0,1.104579850032537,8.008060913690906
train,next_session_open,2024-05-22,2,2,2,0,0.6367433153850892,-15.031304651266563
train,next_session_open,2024-05-27,2,1,1,0,-2.190198019801971,0.29758424970777186
train,next_session_open,2024-05-28,2,2,2,0,-3.647126227023203,9.632224168126125
train,next_session_open,2024-05-29,2,2,2,0,1.494116509354802,9.937725278326138
train,next_session_open,2024-06-03,2,1,1,0,-10.267803468208093,-1.0404624277456591
train,next_session_open,2024-06-04,2,1,1,0,-7.452339832869082,0.0
train,next_session_open,2024-06-06,2,2,2,0,-16.97163746850631,-0.5245371975035837
train,next_session_open,2024-06-07,2,2,2,0,-5.113175031591135,7.306824968408865
train,next_session_open,2024-06-11,2,1,1,0,10.708003565062384,2.9857397504456262
train,next_session_open,2024-06-14,2,2,2,0,-0.040204275704038395,-15.051555760386615
train,next_session_open,2024-06-17,2,2,2,0,7.461619937694695,4.815916171056356
train,next_session_open,2024-06-18,2,1,1,0,2.98654427645788,9.373650107991372
train,next_session_open,2024-06-19,2,2,2,0,-3.1556902356902135,9.264309764309797
train,next_session_open,2024-06-20,2,2,2,0,-3.11727362421297,6.687568171224855
train,next_session_open,2024-06-21,2,2,2,0,1.6579220779220787,14.07792207792209
train,next_session_open,2024-06-24,2,1,1,0,-5.395825410544509,0.8141745894554964
train,next_session_open,2024-06-25,2,1,1,0,1.2519883040935866,7.461988304093592
train,next_session_open,2024-06-26,2,2,2,0,-1.7317634454682058,-0.6008142275551798
train,next_session_open,2024-06-27,2,2,2,0,1.0435294117647635,-0.9647058823529231
train,next_session_open,2024-06-28,2,2,2,0,-2.2268528502173215,6.519558676028092
train,next_session_open,2024-07-02,2,1,1,0,3.9479168416631785,-0.4199916001679904
train,next_session_open,2024-07-03,2,1,1,0,-3.913703703703709,2.2962962962962963
train,next_session_open,2024-07-04,2,2,2,0,-11.005118127621973,3.142857142857169
train,next_session_open,2024-07-05,2,2,2,0,12.254397159016946,1.2509547091753639
train,next_session_open,2024-07-08,2,1,1,0,-4.637480916030547,1.5725190839694694
train,next_session_open,2024-07-09,2,2,2,0,-2.3620866264148628,1.0003387832576482
train,next_session_open,2024-07-11,2,2,2,0,3.392044224888256,-23.628557986356146
train,next_session_open,2024-07-15,2,2,2,0,-0.611770022642057,-4.684798650643063
train,next_session_open,2024-07-17,2,1,1,0,-2.841578947368407,-0.8223684210526105
train,next_session_open,2024-07-18,2,1,1,0,-3.4063470319634757,1.21765601217656
train,next_session_open,2024-07-19,2,2,2,0,-8.420000000000009,6.0000000000000036
train,next_session_open,2024-07-23,2,2,2,0,-0.9046163666538893,-5.701774543597593
train,next_session_open,2024-07-24,2,2,2,0,-5.619964169066895,-13.235946694596434
train,next_session_open,2024-07-25,2,1,1,0,-1.1903921568627416,0.42016806722690037
train,next_session_open,2024-07-26,2,1,1,0,-1.9318543046357615,-4.437086092715226
train,next_session_open,2024-07-29,2,1,1,0,-0.8202212051868893,-1.830663615560646
train,next_session_open,2024-07-30,2,2,2,0,0.42875885012368764,-9.283833063209068
train,next_session_open,2024-07-31,2,1,1,0,1.589485861182526,7.799485861182531
train,next_session_open,2024-08-01,2,2,2,0,0.4882715485255855,9.958560089333512
train,next_session_open,2024-08-02,2,2,2,0,3.7508443995418066,3.682698105329063
train,next_session_open,2024-08-05,2,2,2,0,-4.065201278789035,-0.9276440268806256
train,next_session_open,2024-08-06,2,1,1,0,-1.9883857729138263,4.221614227086179
train,next_session_open,2024-08-07,2,1,1,0,8.132245989304842,-7.4866310160427645
train,next_session_open,2024-08-08,2,2,2,0,-2.8749313535690675,1.880657632216165
train,next_session_open,2024-08-09,2,2,2,0,-4.13111235452104,-1.2792823037899304
train,next_session_open,2024-08-12,2,1,1,0,-2.716265664160412,3.4937343358395934
train,next_session_open,2024-08-13,2,2,2,0,7.678399928187505,4.214494900191856
train,next_session_open,2024-08-14,2,2,2,0,-0.18667881881151605,5.216308178393503
train,next_session_open,2024-08-15,2,2,2,0,14.064919590224932,16.409031076518065
train,next_session_open,2024-08-19,2,1,1,0,-1.4445679012345733,4.320987654320973
train,next_session_open,2024-08-20,2,1,1,0,1.094631441617743,-6.97977821265494
train,next_session_open,2024-08-21,2,2,2,0,-1.9923320367283193,-3.1634251541372453
train,next_session_open,2024-08-23,2,2,2,0,4.451083411593945,11.274509803921573
train,next_session_open,2024-08-26,2,1,1,0,-0.8052380952380931,5.404761904761912
train,next_session_open,2024-08-27,2,1,1,0,22.613218997361503,16.622691292876013
train,next_session_open,2024-08-29,2,1,1,0,-1.1005852417302906,-0.7633587786259555
train,next_session_open,2024-08-30,2,1,1,0,-0.5208003108003076,3.729603729603725
train,next_session_open,2024-09-02,2,1,1,0,0.8156410256409998,7.025641025641005
train,next_session_open,2024-09-03,2,2,2,0,-4.397122215532802,7.659241420830831
train,next_session_open,2024-09-04,2,1,1,0,-2.5511371237457845,3.6588628762542315
train,next_session_open,2024-09-05,2,1,1,0,0.8720045558086689,7.0820045558086635
train,next_session_open,2024-09-06,2,2,2,0,0.1194524959742349,15.703703703703697
train,next_session_open,2024-09-09,2,2,2,0,-1.803345211287168,1.1071543230818492
train,next_session_open,2024-09-11,2,2,2,0,5.006785617604391,3.9230709073518
train,next_session_open,2024-09-12,2,1,1,0,0.5622007722007707,-1.029601029601035
train,next_session_open,2024-09-13,2,1,1,0,-4.433227752639513,1.776772247360503
train,next_session_open,2024-09-18,2,2,2,0,2.719534883720918,-8.832843876498186
train,next_session_open,2024-09-19,2,1,1,0,6.3339672801635984,-7.668711656441717
train,next_session_open,2024-09-23,2,1,1,0,0.35338028169014013,-8.028169014084497
train,next_session_open,2024-09-24,2,1,1,0,0.8652688172043002,-7.219662058371722
train,next_session_open,2024-09-25,2,1,1,0,-0.3510437235542905,-19.32299012693933
train,next_session_open,2024-09-26,2,2,2,0,5.796600079700019,-37.946871045106384
train,next_session_open,2024-09-27,2,1,1,0,6.700039113428934,6.388526727509758
train,next_session_open,2024-10-09,2,2,2,0,-11.766193250007309,0.7955390334572598
train,next_session_open,2024-10-14,2,2,2,0,7.517052369533481,2.5444101120244413
train,next_session_open,2024-10-16,2,1,1,0,-2.021846689895469,-1.1149825783972278
train,next_session_open,2024-10-18,2,1,1,0,3.5339613526570215,-14.855072463768115
train,next_session_open,2024-10-22,2,2,2,0,3.2277689667415936,-7.073026393656101
train,next_session_open,2024-10-23,2,2,2,0,7.490375474335907,-5.102556421010585
train,next_session_open,2024-10-24,2,2,2,0,3.555060639111816,1.7786387536831372
train,next_session_open,2024-10-25,2,1,1,0,4.503375796178365,5.9872611464968255
train,next_session_open,2024-10-28,2,2,2,0,5.854986711338038,10.655171302933141
train,next_session_open,2024-10-29,2,2,2,0,-14.278054545141785,0.15262636273539698
train,next_session_open,2024-10-30,2,2,2,0,-5.526782588461467,1.5594399298596624
train,next_session_open,2024-10-31,2,2,2,0,-2.3382325708061,10.0817674291939
train,next_session_open,2024-11-01,2,2,2,0,-13.28811724197794,3.832817337461325
train,next_session_open,2024-11-04,2,2,2,0,12.49293248247427,2.799884655048567
train,next_session_open,2024-11-05,2,2,2,0,9.05979108552437,2.6826517894236854
train,next_session_open,2024-11-06,2,2,2,0,-4.0336666995135735,-29.40114128049163
train,next_session_open,2024-11-07,2,2,2,0,0.6903224692589731,1.5534539315927631
train,next_session_open,2024-11-08,2,2,2,0,8.151144674085863,5.1291732909380165
train,next_session_open,2024-11-11,2,2,2,0,0.5158066065006777,4.766244328815972
train,next_session_open,2024-11-12,2,1,1,0,-4.715928853754937,1.4940711462450684
train,next_session_open,2024-11-13,2,2,2,0,-3.1219111736370837,9.298088826362905
train,next_session_open,2024-11-14,2,2,2,0,-9.152455973527031,-17.650488760412266
train,next_session_open,2024-11-15,2,2,2,0,2.716645962732887,15.136645962732898
train,next_session_open,2024-11-19,2,1,1,0,6.758215158924207,4.462102689486569
train,next_session_open,2024-11-20,2,2,2,0,4.818891153689385,4.549802962359039
train,next_session_open,2024-11-21,2,1,1,0,1.1040604467805517,7.314060446780557
train,next_session_open,2024-11-22,2,2,2,0,-10.02133304818932,2.3986669518106805
train,next_session_open,2024-11-25,2,2,2,0,-5.590934546181349,-5.917874396135292
train,next_session_open,2024-11-27,2,2,2,0,1.7821943573667602,-3.4137931034482816
train,next_session_open,2024-11-28,2,1,1,0,2.7357364341085146,-2.945736434108537
train,next_session_open,2024-11-29,2,2,2,0,-2.874181588371619,-2.9787234042553328
train,next_session_open,2024-12-02,2,2,2,0,9.66579235036784,0.6249362100499081
train,next_session_open,2024-12-03,2,2,2,0,-11.414987615993493,0.11524056467877486
train,next_session_open,2024-12-04,2,2,2,0,-3.0501524562393985,-5.25390551477507
train,next_session_open,2024-12-05,2,2,2,0,3.0561106286991473,-3.261395734147821
train,next_session_open,2024-12-06,2,2,2,0,-3.9119652185449456,-3.327510627359742
train,next_session_open,2024-12-09,2,2,2,0,0.9278154313393943,-43.60998048977393
train,next_session_open,2024-12-11,2,2,2,0,9.110094673160926,-7.337744166568427
train,next_session_open,2024-12-12,2,2,2,0,13.224393760751504,25.644393760751512
train,next_session_open,2024-12-13,2,2,2,0,4.471675706069765,-1.8570346844976715
train,next_session_open,2024-12-16,2,2,2,0,-7.070796012498139,5.3492039875018715
train,next_session_open,2024-12-17,2,2,2,0,-17.01218559218558,0.0
train,next_session_open,2024-12-18,2,2,2,0,-3.204163473818646,9.215836526181375
train,next_session_open,2024-12-20,2,2,2,0,-4.41648343178518,13.272792962046353
train,next_session_open,2024-12-23,2,2,2,0,-9.208460782477003,-8.415805509446571
train,next_session_open,2024-12-24,2,2,2,0,4.856715135321641,2.8732534793624698
train,next_session_open,2024-12-25,2,1,1,0,-3.172962962962967,-8.05555555555555
train,next_session_open,2024-12-26,2,2,2,0,7.056897227667334,11.264631755810717
train,next_session_open,2024-12-27,2,1,1,0,-0.8160606060605988,5.393939393939407
train,next_session_open,2024-12-30,2,2,2,0,5.886980467961121,18.306980467961132
train,next_session_open,2024-12-31,2,2,2,0,-8.17345786965548,4.246542130344531
train,next_session_open,2025-01-02,2,2,2,0,-1.0333522875024,31.386543695716238
train,next_session_open,2025-01-03,2,2,2,0,-21.84784821518974,0.6934812760055458
train,next_session_open,2025-01-06,2,1,1,0,0.5938585209003024,1.2861736334405016
train,next_session_open,2025-01-08,2,1,1,0,-6.672984723854282,0.0
train,next_session_open,2025-01-09,2,1,1,0,-0.2601253132832002,-7.5689223057644135
train,next_session_open,2025-01-13,2,2,2,0,4.304902975829948,-15.476243235391184
train,next_session_open,2025-01-14,2,1,1,0,14.201441144114412,-5.50055005500549
train,next_session_open,2025-01-15,2,1,1,0,-1.2304081632652961,-0.5952380952380931
train,next_session_open,2025-01-16,2,2,2,0,-1.14134688542268,-1.6624316387359839
train,next_session_open,2025-01-17,2,2,2,0,-2.7001644787069585,0.3337077222760998
train,next_session_open,2025-01-20,2,2,2,0,0.8570562770562655,3.227061159387079
train,next_session_open,2025-01-22,2,2,2,0,2.0246788764664108,7.074107104015326
train,next_session_open,2025-01-24,2,2,2,0,1.5472380373227828,1.6386048927571562
train,next_session_open,2025-01-27,2,2,2,0,-10.836721718679811,1.7746478873239333
train,next_session_open,2025-02-05,2,1,1,0,-4.283436603557101,-8.605851979345957
train,next_session_open,2025-02-06,2,2,2,0,7.3346052755064655,1.2330787552246925
train,next_session_open,2025-02-10,2,2,2,0,1.7094036185757426,1.511532078653921
train,next_session_open,2025-02-11,2,2,2,0,-2.62372510668565,5.087348862019902
train,next_session_open,2025-02-12,2,2,2,0,3.776266643753832,-5.363439131195303
train,next_session_open,2025-02-13,2,2,2,0,-5.5253150283055685,6.894684971694453
train,next_session_open,2025-02-14,2,2,2,0,-0.4060806534214052,2.062164327078353
train,next_session_open,2025-02-18,2,2,2,0,5.641707663634208,0.24053809673196813
train,next_session_open,2025-02-19,2,2,2,0,3.454915620359132,-0.7644795463750294
train,next_session_open,2025-02-21,2,2,2,0,2.2449550706033365,-0.10269576379974277
train,next_session_open,2025-02-24,2,2,2,0,-1.7282706766917362,-0.11346548188654326
train,next_session_open,2025-02-25,2,2,2,0,0.9371233624454005,9.857123362445417
train,next_session_open,2025-02-26,2,1,1,0,0.670758807588089,1.693766937669372
train,next_session_open,2025-02-27,2,1,1,0,-1.9087542468856364,4.301245753114369
train,next_session_open,2025-02-28,2,2,2,0,-14.75154282303788,0.0017905102954500762
train,next_session_open,2025-03-03,2,2,2,0,-16.07554948544726,0.0
train,next_session_open,2025-03-05,2,2,2,0,-1.80896306186026,-7.213395638629294
train,next_session_open,2025-03-06,2,2,2,0,4.6432338029329205,1.6356888804245573
train,next_session_open,2025-03-07,2,2,2,0,-6.930124213033864,-0.8573464352560682
train,next_session_open,2025-03-10,2,2,2,0,-2.5767440066026177,5.927576220777742
train,next_session_open,2025-03-11,2,2,2,0,8.726755397385386,2.3887737469528982
train,next_session_open,2025-03-13,2,1,1,0,-9.591443298969084,0.0
train,next_session_open,2025-03-14,2,1,1,0,2.1802821316614365,-3.8793103448276023
train,next_session_open,2025-03-18,2,2,2,0,0.1694607843137117,-5.264371657754029
train,next_session_open,2025-03-19,2,1,1,0,1.0382662968099856,-17.198335644937554
train,next_session_open,2025-03-21,2,1,1,0,-3.2365596046942677,2.9734403953057376
train,next_session_open,2025-03-24,2,2,2,0,-11.632580296797382,4.274282502276305
train,next_session_open,2025-03-25,2,1,1,0,-6.841989596879073,0.0
train,next_session_open,2025-03-26,2,1,1,0,2.6690786948176717,8.879078694817677
train,next_session_open,2025-03-27,2,2,2,0,6.973343342945736,17.98933896837439
train,next_session_open,2025-03-28,2,2,2,0,25.579995379394123,29.026376728780466
train,next_session_open,2025-03-31,2,2,2,0,-3.5059993852120015,1.7066515334231647
train,next_session_open,2025-04-03,2,2,2,0,0.2511017611064075,12.318951420124325
train,next_session_open,2025-04-07,2,1,1,0,-11.187242302543488,-1.0040160642570068
train,next_session_open,2025-04-08,2,1,1,0,11.741588502269295,-3.479576399394844
train,next_session_open,2025-04-10,2,1,1,0,2.5800146842878116,3.9647577092510877
train,next_session_open,2025-04-11,2,1,1,0,0.43516129032259343,-1.5483870967741842
train,next_session_open,2025-04-14,2,2,2,0,0.7005167431582731,5.742138364779892
train,next_session_open,2025-04-15,2,2,2,0,-1.8372843104596877,-4.036163391072611
train,next_session_open,2025-04-16,2,2,2,0,-6.275879217448945,-5.188473899684887
train,next_session_open,2025-04-17,2,2,2,0,0.21773992971075673,-3.042443903757719
train,next_session_open,2025-04-18,2,1,1,0,0.2832182490752224,-2.836004932182501
train,next_session_open,2025-04-21,2,2,2,0,7.048277089550246,9.854831711399004
train,next_session_open,2025-04-22,2,1,1,0,-3.359606299212604,-6.299212598425196
train,next_session_open,2025-04-23,2,2,2,0,-3.1001238379107083,6.850560641544234
train,next_session_open,2025-04-24,2,2,2,0,-0.10090034320849206,12.870370370370365
train,next_session_open,2025-04-25,2,2,2,0,-5.512899800929018,-2.560053085600522
train,next_session_open,2025-04-28,2,1,1,0,-0.5341491085899328,5.6758508914100725
train,next_session_open,2025-04-29,2,2,2,0,9.614602658480507,-8.217794787385515
train,next_session_open,2025-04-30,2,1,1,0,0.48541029207231823,-5.424200278164104
train,next_session_open,2025-05-08,2,2,2,0,0.27252077562325105,-6.388504155124686
train,next_session_open,2025-05-09,2,1,1,0,0.25699875467002276,0.8405977584060031
train,next_session_open,2025-05-12,2,2,2,0,6.625892276017818,-5.934117021983121
train,next_session_open,2025-05-13,2,1,1,0,-7.0899999999999865,0.0
train,next_session_open,2025-05-14,2,2,2,0,-0.5710365818641168,5.079997702865668
train,next_session_open,2025-05-15,2,1,1,0,0.9468848758465089,-1.1286681715575675
train,next_session_open,2025-05-16,2,2,2,0,-1.6469938650306677,2.9365479425107814
train,next_session_open,2025-05-19,2,2,2,0,2.03972230554391,4.257270648775846
train,next_session_open,2025-05-21,2,2,2,0,-5.362032829989095,-8.283591178379389
train,next_session_open,2025-05-22,2,2,2,0,-8.890737913486003,-10.692960135708194
train,next_session_open,2025-05-23,2,2,2,0,-6.4545868266730935,-4.962993693710537
train,next_session_open,2025-05-26,2,2,2,0,0.6680902938376736,-0.8382464462424855
train,next_session_open,2025-05-28,2,2,2,0,13.650065182401036,-3.7866902691416797
train,next_session_open,2025-05-29,2,2,2,0,-4.351077726761711,2.871776867350695
train,next_session_open,2025-05-30,2,2,2,0,0.2514628297362247,3.458033573141517
train,next_session_open,2025-06-03,2,2,2,0,15.560275392298204,15.501991908656198
train,next_session_open,2025-06-05,2,2,2,0,-1.518096163163975,7.78640086867839
train,next_session_open,2025-06-06,2,1,1,0,-1.0720689655172264,1.7241379310344862
train,next_session_open,2025-06-09,2,1,1,0,1.2250245323422329,-4.188284883916071
train,next_session_open,2025-06-10,2,2,2,0,-0.3092608201756737,9.19773749269023
train,next_session_open,2025-06-11,2,2,2,0,-4.34966863932116,-13.420223010588117
train,next_session_open,2025-06-12,2,2,2,0,-1.4829580017334827,5.957450161531819
train,next_session_open,2025-06-13,2,2,2,0,-10.686515648837304,1.7334843511627174
train,next_session_open,2025-06-16,2,2,2,0,2.2839384224527786,9.835009613404221
train,next_session_open,2025-06-17,2,2,2,0,1.9027954501051862,14.322795450105186
train,next_session_open,2025-06-18,2,2,2,0,1.8286451508533568,3.633260535468741
train,next_session_open,2025-06-19,2,2,2,0,0.6090796160361442,-0.6981931112365887
train,next_session_open,2025-06-20,2,1,1,0,2.883363329583765,9.09336332958378
train,next_session_open,2025-06-23,2,2,2,0,0.5618110591807373,-8.515503854880224
train,next_session_open,2025-06-24,2,2,2,0,13.248233053426947,9.294418684150918
train,next_session_close,2024-01-02,2,1,1,0,5.273870967741922,6.935483870967718
train,next_session_close,2024-01-03,2,2,2,0,11.341384687698705,8.185196449802289
train,next_session_close,2024-01-04,2,2,2,0,-12.02830830568761,-8.250704077854365
train,next_session_close,2024-01-05,2,2,2,0,-1.0198313917511377,15.86724795546325
train,next_session_close,2024-01-08,2,2,2,0,-2.357401314240228,15.191348124939598
train,next_session_close,2024-01-09,2,2,2,0,-15.866763850900657,-3.446763850900636
train,next_session_close,2024-01-10,2,2,2,0,0.5667278590920626,-0.39651037790455756
train,next_session_close,2024-01-11,2,2,2,0,11.123167971540578,5.060394945311552
train,next_session_close,2024-01-12,2,2,2,0,-6.752512530780109,5.6674874692199015
train,next_session_close,2024-01-15,2,2,2,0,-0.1966346335029141,8.51460335406067
train,next_session_close,2024-01-16,2,2,2,0,-7.997945630404003,-0.44952005275755713
train,next_session_close,2024-01-17,2,2,2,0,-14.650769230769214,-1.4708624708624551
train,next_session_close,2024-01-18,2,1,1,0,-21.27072252113759,0.0
train,next_session_close,2024-01-19,2,2,2,0,-31.655454246313067,0.0
train,next_session_close,2024-01-22,2,2,2,0,-14.795565378233245,7.418856259659968
train,next_session_close,2024-01-23,2,2,2,0,5.240295355138177,8.498996680259996
train,next_session_close,2024-01-24,2,1,1,0,33.35840620592385,27.50352609308886
train,next_session_close,2024-01-25,2,1,1,0,-1.493547257876294,16.686114352392078
train,next_session_close,2024-01-26,2,1,1,0,16.10973355537053,18.734388009991676
train,next_session_close,2024-01-29,2,2,2,0,-21.530147803833493,-7.890635608711531
train,next_session_close,2024-01-30,2,2,2,0,-16.982695101527103,-4.562695101527082
train,next_session_close,2024-01-31,2,1,1,0,-4.497369640787963,1.7126303592120422
train,next_session_close,2024-02-01,2,1,1,0,-5.480457697642172,0.7295423023578333
train,next_session_close,2024-02-02,2,2,2,0,-0.5076365558164841,8.802456499488242
train,next_session_close,2024-02-05,2,2,2,0,-22.18616131701762,9.316412731618605
train,next_session_close,2024-02-06,2,2,2,0,15.296596350276566,-2.2770398481973366
train,next_session_close,2024-02-08,2,1,1,0,0.36684384013183546,0.5356407086938741
train,next_session_close,2024-02-19,2,2,2,0,-0.5818781059004814,-12.20934483349515
train,next_session_close,2024-02-20,2,2,2,0,3.615063889008028,-9.476710657382402
train,next_session_close,2024-02-21,2,2,2,0,13.435659002271725,-18.325279371790977
train,next_session_close,2024-02-22,2,2,2,0,22.535322354559412,-8.037663158937704
train,next_session_close,2024-02-26,2,2,2,0,8.359738709249108,-27.841763029417834
train,next_session_close,2024-02-27,2,2,2,0,-4.035751482814799,11.957489578315563
train,next_session_close,2024-02-28,2,2,2,0,-9.096387401297337,13.529249141060765
train,next_session_close,2024-02-29,2,2,2,0,5.24732927929372,4.985641244948702
train,next_session_close,2024-03-04,2,1,1,0,6.861082992184574,9.639002605135838
train,next_session_close,2024-03-05,2,2,2,0,-5.9170750992744505,3.096889961604333
train,next_session_close,2024-03-06,2,2,2,0,2.8725104036513605,-4.487514880798681
train,next_session_close,2024-03-08,2,2,2,0,1.443427640349591,0.8541327210783933
train,next_session_close,2024-03-11,2,2,2,0,3.1009235209235024,3.1139971139971023
train,next_session_close,2024-03-12,2,2,2,0,2.946445916114802,-8.313265101344546
train,next_session_close,2024-03-13,2,2,2,0,12.364814631323927,0.7890019557108126
train,next_session_close,2024-03-14,2,2,2,0,5.483756504770175,-0.8674532620217779
train,next_session_close,2024-03-15,2,1,1,0,2.1807910271546485,1.1511216056670603
train,next_session_close,2024-03-18,2,2,2,0,1.6985185185184974,2.9218106995884896
train,next_session_close,2024-03-19,2,1,1,0,0.08325513196480913,-3.2991202346041026
train,next_session_close,2024-03-20,2,2,2,0,7.32622782291493,12.82042778975293
train,next_session_close,2024-03-21,2,2,2,0,-1.659786520568642,-5.580771107857485
train,next_session_close,2024-03-22,2,2,2,0,7.872672801494515,5.918909568947638
train,next_session_close,2024-03-25,2,2,2,0,-15.654221285953454,-0.8465991361163105
train,next_session_close,2024-03-26,2,2,2,0,-19.65766572484246,-5.098130841121499
train,next_session_close,2024-03-27,2,2,2,0,-4.291748977077349,9.597291505593853
train,next_session_close,2024-03-28,2,2,2,0,10.965336240938292,-4.714789493330173
train,next_session_close,2024-03-29,2,2,2,0,-2.4735050071530553,4.27982832618028
train,next_session_close,2024-04-01,2,2,2,0,4.730976288879495,14.173646314068412
train,next_session_close,2024-04-02,2,2,2,0,-3.023174603174607,4.374699374699375
train,next_session_close,2024-04-03,2,2,2,0,-5.25077576767823,8.53060090536195
train,next_session_close,2024-04-08,2,2,2,0,1.6726782140639145,8.557794493133674
train,next_session_close,2024-04-09,2,2,2,0,11.269259110956927,16.25095479604399
train,next_session_close,2024-04-10,2,2,2,0,-6.446972192385716,5.973027807614295
train,next_session_close,2024-04-11,2,2,2,0,-7.644901778064508,4.775098221935503
train,next_session_close,2024-04-12,2,1,1,0,-18.862849740932653,0.0
train,next_session_close,2024-04-15,2,2,2,0,-9.360218175819204,6.442166910688153
train,next_session_close,2024-04-16,2,2,2,0,11.938210726150938,0.22192888783420806
train,next_session_close,2024-04-17,2,1,1,0,2.7970377479206823,0.2559181062060434
train,next_session_close,2024-04-18,2,1,1,0,2.4970063694267566,8.707006369426761
train,next_session_close,2024-04-19,2,2,2,0,0.16256763187760634,-11.60683823260238
train,next_session_close,2024-04-22,2,2,2,0,4.548286232502339,-1.9024210323948951
train,next_session_close,2024-04-23,2,2,2,0,2.466336150649238,-4.028450756890578
train,next_session_close,2024-04-24,2,2,2,0,-3.686285818538417,-12.244913472977638
train,next_session_close,2024-04-25,2,2,2,0,-6.864510540748349,-2.3188920969777875
train,next_session_close,2024-04-26,2,2,2,0,28.796145833333316,0.6627604166666643
train,next_session_close,2024-04-29,2,2,2,0,9.975913154533876,-9.99148573861215
train,next_session_close,2024-04-30,2,2,2,0,9.762450806334332,-0.06627756267600837
train,next_session_close,2024-05-06,2,2,2,0,-0.2951520961616123,2.395155045905417
train,next_session_close,2024-05-07,2,1,1,0,0.520816077953711,1.948842874543255
train,next_session_close,2024-05-08,2,2,2,0,-1.9804883923751144,0.10066863241827706
train,next_session_close,2024-05-09,2,1,1,0,-0.21,6.000000000000005
train,next_session_close,2024-05-13,2,2,2,0,1.5938391791935214,3.862324027678376
train,next_session_close,2024-05-16,2,2,2,0,6.188234603295214,8.403423025111422
train,next_session_close,2024-05-17,2,2,2,0,10.461076833726231,-0.05177085222181077
train,next_session_close,2024-05-21,2,2,2,0,11.32740250196742,18.23088356562579
train,next_session_close,2024-05-22,2,2,2,0,16.82572494376797,1.1576769771163171
train,next_session_close,2024-05-27,2,1,1,0,-3.6753465346534684,-1.1875642651437257
train,next_session_close,2024-05-28,2,2,2,0,-8.154624497785104,5.124725897364224
train,next_session_close,2024-05-29,2,2,2,0,-3.7511221757790336,4.692486593192302
train,next_session_close,2024-06-03,2,1,1,0,-9.227341040462434,0.0
train,next_session_close,2024-06-04,2,1,1,0,-6.895236768802216,0.5571030640668662
train,next_session_close,2024-06-06,2,2,2,0,-12.854605647477571,3.5924946235251536
train,next_session_close,2024-06-07,2,2,2,0,0.9292557818839957,13.349255781883995
train,next_session_close,2024-06-11,2,1,1,0,12.312281639928699,4.590017825311941
train,next_session_close,2024-06-14,2,2,2,0,6.15927448695772,-8.852076997724856
train,next_session_close,2024-06-17,2,2,2,0,5.279801755876499,2.63409798923816
train,next_session_close,2024-06-18,2,1,1,0,-4.616047516198708,1.771058315334784
train,next_session_close,2024-06-19,2,2,2,0,-8.613843193843199,3.806156806156812
train,next_session_close,2024-06-20,2,2,2,0,-3.994715662405448,5.8101261330323775
train,next_session_close,2024-06-21,2,2,2,0,-2.636450216450217,9.783549783549795
train,next_session_close,2024-06-24,2,1,1,0,-8.248029386343994,-2.0380293863439887
train,next_session_close,2024-06-25,2,1,1,0,-0.7947953216374213,5.415204678362584
train,next_session_close,2024-06-26,2,2,2,0,0.5193614741804113,1.6503106920934374
train,next_session_close,2024-06-27,2,2,2,0,7.7847058823529585,5.776470588235272
train,next_session_close,2024-06-28,2,2,2,0,-2.619306252089628,6.127105274155785
train,next_session_close,2024-07-02,2,1,1,0,9.11381352372953,4.745905081898361
train,next_session_close,2024-07-03,2,1,1,0,-7.3211111111111125,-1.1111111111111072
train,next_session_close,2024-07-04,2,2,2,0,-6.936523147125907,7.211452123353235
train,next_session_close,2024-07-05,2,2,2,0,23.079497331153906,12.076054881312324
train,next_session_close,2024-07-08,2,1,1,0,-2.9580916030534485,3.2519083969465674
train,next_session_close,2024-07-09,2,2,2,0,-6.0630616724754685,-2.7006362628029574
train,next_session_close,2024-07-11,2,2,2,0,1.1290472829922331,-25.89155492825217
train,next_session_close,2024-07-15,2,2,2,0,-1.5282693947144006,-5.601298022715406
train,next_session_close,2024-07-17,2,1,1,0,-0.8678947368421017,1.1513157894736947
train,next_session_close,2024-07-18,2,1,1,0,-2.036484018264851,2.5875190258751846
train,next_session_close,2024-07-19,2,2,2,0,-12.225946791862278,2.194053208137735
train,next_session_close,2024-07-23,2,2,2,0,1.188579088471851,-3.6085790884718527
train,next_session_close,2024-07-24,2,2,2,0,-2.0978523489933028,-9.713834874522842
train,next_session_close,2024-07-25,2,1,1,0,-1.0503361344537674,0.5602240896358746
train,next_session_close,2024-07-26,2,1,1,0,0.7171523178808084,-1.7880794701986558
train,next_session_close,2024-07-29,2,1,1,0,-1.5067200610221274,-2.517162471395884
train,next_session_close,2024-07-30,2,2,2,0,10.254661989251911,0.5420700759191561
train,next_session_close,2024-07-31,2,1,1,0,2.2064524421594003,8.416452442159406
train,next_session_close,2024-08-01,2,2,2,0,-4.050534391662222,5.419754149145705
train,next_session_close,2024-08-02,2,2,2,0,8.804264102452894,8.73611780824015
train,next_session_close,2024-08-05,2,2,2,0,-3.4571240294904455,-0.31956677758203655
train,next_session_close,2024-08-06,2,1,1,0,-1.7147879616963078,4.4952120383036975
train,next_session_close,2024-08-07,2,1,1,0,8.239197860962587,-7.379679144385019
train,next_session_close,2024-08-08,2,2,2,0,-4.691175603431432,0.06441338235380023
train,next_session_close,2024-08-09,2,2,2,0,-6.572547746941206,-3.7207176962100963
train,next_session_close,2024-08-12,2,1,1,0,-3.718771929824561,2.491228070175444
train,next_session_close,2024-08-13,2,2,2,0,6.145792574140783,2.681887546145134
train,next_session_close,2024-08-14,2,2,2,0,-0.9054781869000013,4.497508810305018
train,next_session_close,2024-08-15,2,2,2,0,4.85156183826476,7.1956733245578945
train,next_session_close,2024-08-19,2,1,1,0,1.1127513227513255,6.878306878306872
train,next_session_close,2024-08-20,2,1,1,0,3.1820417482061316,-4.892367906066552
train,next_session_close,2024-08-21,2,2,2,0,-7.959493530205622,-9.130586647614548
train,next_session_close,2024-08-23,2,2,2,0,2.0343954011212553,8.857821793448883
train,next_session_close,2024-08-26,2,1,1,0,-5.567142857142849,0.6428571428571566
train,next_session_close,2024-08-27,2,1,1,0,13.510316622691285,7.519788918205792
train,next_session_close,2024-08-29,2,1,1,0,2.2073027989821794,2.5445292620865145
train,next_session_close,2024-08-30,2,1,1,0,-2.502152292152294,1.7482517482517386
train,next_session_close,2024-09-02,2,1,1,0,3.233223443223431,9.443223443223436
train,next_session_close,2024-09-03,2,2,2,0,-6.4525105358218,5.6038531005418335
train,next_session_close,2024-09-04,2,1,1,0,1.4622408026756064,7.672240802675622
train,next_session_close,2024-09-05,2,1,1,0,-4.082437357630987,2.127562642369008
train,next_session_close,2024-09-06,2,2,2,0,13.73297906602253,29.317230273751992
train,next_session_close,2024-09-09,2,2,2,0,-3.115195007160922,-0.2046954727919048
train,next_session_close,2024-09-11,2,2,2,0,0.6671417886354707,-0.4165729216171199
train,next_session_close,2024-09-12,2,1,1,0,-3.2988030888030937,-4.8906048906049
train,next_session_close,2024-09-13,2,1,1,0,-5.790693815987936,0.41930618401208
train,next_session_close,2024-09-18,2,2,2,0,7.894284202449951,-3.6580945577691537
train,next_session_close,2024-09-19,2,1,1,0,6.640715746421265,-7.36196319018405
train,next_session_close,2024-09-23,2,1,1,0,0.6350704225352102,-7.746478873239426
train,next_session_close,2024-09-24,2,1,1,0,2.247757296466956,-5.837173579109066
train,next_session_close,2024-09-25,2,1,1,0,0.9888716502115749,-17.983074753173465
train,next_session_close,2024-09-26,2,2,2,0,11.070776841456873,-32.67269428334953
train,next_session_close,2024-09-27,2,1,1,0,13.479700130378113,13.168187744458937
train,next_session_close,2024-10-09,2,2,2,0,-8.778750695196571,3.7829815882679974
train,next_session_close,2024-10-14,2,2,2,0,6.579836954144334,1.6071946966352941
train,next_session_close,2024-10-16,2,1,1,0,-2.9974564459930306,-2.0905923344947897
train,next_session_close,2024-10-18,2,1,1,0,9.210289855072482,-9.178743961352655
train,next_session_close,2024-10-22,2,2,2,0,10.562364776896668,0.2615694164989737
train,next_session_close,2024-10-23,2,2,2,0,0.9553245456360919,-11.6376073497104
train,next_session_close,2024-10-24,2,2,2,0,5.843491184945225,4.067069299516546
train,next_session_close,2024-10-25,2,1,1,0,3.6116560509554354,5.095541401273895
train,next_session_close,2024-10-28,2,2,2,0,-4.840131114797932,-0.03994652320282732
train,next_session_close,2024-10-29,2,2,2,0,-8.758306377449422,5.67237453042776
train,next_session_close,2024-10-30,2,2,2,0,-1.2104986419310144,5.875723876390115
train,next_session_close,2024-10-31,2,2,2,0,-5.7313085511982464,6.6886914488017535
train,next_session_close,2024-11-01,2,2,2,0,-13.738046352825432,3.382888226613833
train,next_session_close,2024-11-04,2,2,2,0,14.628932000241132,4.935884172815429
train,next_session_close,2024-11-05,2,2,2,0,13.502562169861728,7.1254228737610426
train,next_session_close,2024-11-06,2,2,2,0,6.614731118257809,-18.752743462720247
train,next_session_close,2024-11-07,2,2,2,0,-3.0937516545492723,-2.2306201922154822
train,next_session_close,2024-11-08,2,2,2,0,15.625310015898261,12.603338632750415
train,next_session_close,2024-11-11,2,2,2,0,9.702879736602286,13.953317458917581
train,next_session_close,2024-11-12,2,1,1,0,-2.976798418972327,3.233201581027678
train,next_session_close,2024-11-13,2,2,2,0,-10.378873023829918,2.041126976170071
train,next_session_close,2024-11-14,2,2,2,0,-0.46887604123083815,-8.966908828116072
train,next_session_close,2024-11-15,2,2,2,0,-11.55871635610768,0.8612836438923299
train,next_session_close,2024-11-19,2,1,1,0,13.481931540342295,11.185819070904657
train,next_session_close,2024-11-20,2,2,2,0,-1.5849680663133432,-1.8540562576436885
train,next_session_close,2024-11-21,2,1,1,0,-2.969526938239165,3.24047306176084
train,next_session_close,2024-11-22,2,2,2,0,-8.471753635585968,3.9482463644140324
train,next_session_close,2024-11-25,2,2,2,0,0.8267277965457289,0.4997879465917858
train,next_session_close,2024-11-27,2,2,2,0,-1.0210971786833962,-6.217084639498438
train,next_session_close,2024-11-28,2,1,1,0,-0.9851937984496137,-6.666666666666665
train,next_session_close,2024-11-29,2,2,2,0,-1.0003665472930434,-1.1049083631767571
train,next_session_close,2024-12-02,2,2,2,0,1.9563296171899207,-7.084526523128011
train,next_session_close,2024-12-03,2,2,2,0,-12.077620862896403,-0.5473926822241353
train,next_session_close,2024-12-04,2,2,2,0,-0.3262676453980724,-2.530020703933744
train,next_session_close,2024-12-05,2,2,2,0,-1.738107414837677,-8.055613777684645
train,next_session_close,2024-12-06,2,2,2,0,-5.4069818298406425,-4.822527238655439
train,next_session_close,2024-12-09,2,2,2,0,2.003340669690921,-42.53445525142241
train,next_session_close,2024-12-11,2,2,2,0,18.192164651372185,1.744325811642831
train,next_session_close,2024-12-12,2,2,2,0,7.529823143978185,19.949823143978197
train,next_session_close,2024-12-13,2,2,2,0,9.823074802781605,3.4943644122141686
train,next_session_close,2024-12-16,2,2,2,0,-20.352476784792177,-7.932476784792167
train,next_session_close,2024-12-17,2,2,2,0,-17.83269841269838,-0.8205128205127998
train,next_session_close,2024-12-18,2,2,2,0,-4.849118773946361,7.57088122605366
train,next_session_close,2024-12-20,2,2,2,0,-19.72650143613273,-2.037225042301195
train,next_session_close,2024-12-23,2,2,2,0,-1.298056312758468,-0.5054010397280368
train,next_session_close,2024-12-24,2,2,2,0,1.7461187535241933,-0.23734290243497824
train,next_session_close,2024-12-25,2,1,1,0,0.7159259259259301,-4.166666666666652
train,next_session_close,2024-12-26,2,2,2,0,9.839880840873326,14.047615369016707
train,next_session_close,2024-12-27,2,1,1,0,-6.391818181818177,-0.1818181818181719
train,next_session_close,2024-12-30,2,2,2,0,-1.7755400882836687,10.644459911716343
train,next_session_close,2024-12-31,2,2,2,0,-14.652864376189846,-2.232864376189836
train,next_session_close,2025-01-02,2,2,2,0,-32.41989598321864,0.0
train,next_session_close,2025-01-03,2,2,2,0,-24.80088916674569,-2.259559675550406
train,next_session_close,2025-01-06,2,1,1,0,3.16620578778135,3.8585209003215493
train,next_session_close,2025-01-08,2,1,1,0,-8.083090481786128,-1.410105757931846
train,next_session_close,2025-01-09,2,1,1,0,-5.773909774436093,-13.082706766917306
train,next_session_close,2025-01-13,2,2,2,0,23.0678333765959,3.2866871653747687
train,next_session_close,2025-01-14,2,1,1,0,11.561177117711782,-8.14081408140812
train,next_session_close,2025-01-15,2,1,1,0,1.5757142857143016,2.2108843537415046
train,next_session_close,2025-01-16,2,2,2,0,-2.7539546661507948,-3.2750394194640986
train,next_session_close,2025-01-17,2,2,2,0,-2.2666607702809056,0.7672114307021527
train,next_session_close,2025-01-20,2,2,2,0,3.649264069264056,6.019268951594869
train,next_session_close,2025-01-22,2,2,2,0,7.479392410202854,12.528820637751767
train,next_session_close,2025-01-24,2,2,2,0,-3.3664229156373255,-3.275056060202952
train,next_session_close,2025-01-27,2,2,2,0,-16.93851068889887,-4.327141082895125
train,next_session_close,2025-02-05,2,1,1,0,-1.0132128514056324,-5.335628227194489
train,next_session_close,2025-02-06,2,2,2,0,15.606418035629074,9.504891515347301
train,next_session_close,2025-02-10,2,2,2,0,0.1579676434439552,-0.03990389647786641
train,next_session_close,2025-02-11,2,2,2,0,-2.0407325746799394,5.670341394025613
train,next_session_close,2025-02-12,2,2,2,0,-0.9769654435930493,-10.116671218542184
train,next_session_close,2025-02-13,2,2,2,0,-8.624793228056518,3.795206771943503
train,next_session_close,2025-02-14,2,2,2,0,3.4946192533452196,5.962864233844978
train,next_session_close,2025-02-18,2,2,2,0,12.246863501319424,6.845693934417184
train,next_session_close,2025-02-19,2,2,2,0,1.0699419468070719,-3.1494532199270893
train,next_session_close,2025-02-21,2,2,2,0,1.2334017971758797,-1.1142490372271996
train,next_session_close,2025-02-24,2,2,2,0,-1.984593301435413,-0.36978810663022
train,next_session_close,2025-02-25,2,2,2,0,4.76217794759821,13.682177947598227
train,next_session_close,2025-02-26,2,1,1,0,-1.9715176151761447,-0.9485094850948617
train,next_session_close,2025-02-27,2,1,1,0,-6.665266138165361,-0.45526613816535555
train,next_session_close,2025-02-28,2,2,2,0,-19.13164645560346,-4.378313122270129
train,next_session_close,2025-03-03,2,2,2,0,-12.35708999009534,3.7184594953519223
train,next_session_close,2025-03-05,2,2,2,0,-0.43290609701825034,-5.8373386737872845
train,next_session_close,2025-03-06,2,2,2,0,1.3062802464496963,-1.701264676058667
train,next_session_close,2025-03-07,2,2,2,0,-8.739295558958661,-2.6665177811808656
train,next_session_close,2025-03-10,2,2,2,0,-0.22922218912225967,8.2750980382581
train,next_session_close,2025-03-11,2,2,2,0,10.077001738271793,3.7390200878393056
train,next_session_close,2025-03-13,2,1,1,0,-8.045051546391747,1.5463917525773372
train,next_session_close,2025-03-14,2,1,1,0,6.9608463949843316,0.9012539184952928
train,next_session_close,2025-03-18,2,2,2,0,-3.400057932263813,-8.833890374331553
train,next_session_close,2025-03-19,2,1,1,0,4.228280166435504,-14.008321775312037
train,next_session_close,2025-03-21,2,1,1,0,-4.842489190858557,1.3675108091414483
train,next_session_close,2025-03-24,2,2,2,0,-8.724474290587306,7.182388508486381
train,next_session_close,2025-03-25,2,1,1,0,-6.581911573472044,0.26007802340702924
train,next_session_close,2025-03-26,2,1,1,0,-3.5497312859884897,2.6602687140115155
train,next_session_close,2025-03-27,2,2,2,0,-2.137257578044518,8.87873804738414
train,next_session_close,2025-03-28,2,2,2,0,23.1582588170787,26.604640166465042
train,next_session_close,2025-03-31,2,2,2,0,1.8116804993970153,7.024331418032181
train,next_session_close,2025-04-03,2,2,2,0,-10.39349436228704,1.6743552967308784
train,next_session_close,2025-04-07,2,1,1,0,-7.5058500669343955,2.677376171352086
train,next_session_close,2025-04-08,2,1,1,0,7.203010590015112,-8.018154311649027
train,next_session_close,2025-04-10,2,1,1,0,-0.5771071953010196,0.8076358296622566
train,next_session_close,2025-04-11,2,1,1,0,1.9835483870967776,0.0
train,next_session_close,2025-04-14,2,2,2,0,-4.480003399626044,0.561618221995575
train,next_session_close,2025-04-15,2,2,2,0,-4.842468354430376,-7.041347435043299
train,next_session_close,2025-04-16,2,2,2,0,-5.118030525673369,-4.030625207909311
train,next_session_close,2025-04-17,2,2,2,0,-5.346061097593937,-8.606244931062413
train,next_session_close,2025-04-18,2,1,1,0,4.228964241676957,1.1097410604192337
train,next_session_close,2025-04-21,2,2,2,0,7.253712266782373,10.06026688863113
train,next_session_close,2025-04-22,2,1,1,0,0.10496062992126817,-2.8346456692913247
train,next_session_close,2025-04-23,2,2,2,0,-3.246715634092669,6.703968845362273
train,next_session_close,2025-04-24,2,2,2,0,-5.402892215694957,7.5683784978839
train,next_session_close,2025-04-25,2,2,2,0,-6.961473125414776,-4.00862641008628
train,next_session_close,2025-04-28,2,1,1,0,-4.0997893030794055,2.1102106969206
train,next_session_close,2025-04-29,2,2,2,0,9.316710121950788,-8.515687323915234
train,next_session_close,2025-04-30,2,1,1,0,4.379707927677322,-1.5299026425591
train,next_session_close,2025-05-08,2,2,2,0,-3.7819410368025403,-10.442965967550478
train,next_session_close,2025-05-09,2,1,1,0,1.3466625155666314,1.9302615193026118
train,next_session_close,2025-05-12,2,2,2,0,7.852342874853322,-4.707666423147616
train,next_session_close,2025-05-13,2,1,1,0,-6.2899999999999965,0.79999999999999
train,next_session_close,2025-05-14,2,2,2,0,-5.469216102911602,0.18181818181818343
train,next_session_close,2025-05-15,2,1,1,0,2.273069977426644,0.19751693002256765
train,next_session_close,2025-05-16,2,2,2,0,1.2240857174471858,5.807627524988635
train,next_session_close,2025-05-19,2,2,2,0,7.026090880610057,9.243639223841992
train,next_session_close,2025-05-21,2,2,2,0,5.993609813961186,3.0720514655708913
train,next_session_close,2025-05-22,2,2,2,0,-12.958592027141648,-14.76081424936384
train,next_session_close,2025-05-23,2,2,2,0,-4.764946722140697,-3.2733535891781407
train,next_session_close,2025-05-26,2,2,2,0,-1.7846194857863447,-3.2909562258665037
train,next_session_close,2025-05-28,2,2,2,0,22.221977595504946,4.78522214396223
train,next_session_close,2025-05-29,2,2,2,0,-9.849204126156256,-2.6263495320438492
train,next_session_close,2025-05-30,2,2,2,0,-1.509857525744109,1.6967132176611832
train,next_session_close,2025-06-03,2,2,2,0,5.80641509433961,5.748131610697604
train,next_session_close,2025-06-05,2,2,2,0,-6.056202240635124,3.2482947912072406
train,next_session_close,2025-06-06,2,1,1,0,-0.8996551724137833,1.8965517241379293
train,next_session_close,2025-06-09,2,1,1,0,4.497122097901673,-0.9161873183566316
train,next_session_close,2025-06-10,2,2,2,0,-0.9150495049504732,8.59194880791543
train,next_session_close,2025-06-11,2,2,2,0,10.896097020284566,1.825542649017608
train,next_session_close,2025-06-12,2,2,2,0,-6.544812859506712,0.8955953037585891
train,next_session_close,2025-06-13,2,2,2,0,-9.078406916000183,3.341593083999838
train,next_session_close,2025-06-16,2,2,2,0,-1.8270184859885763,5.724052704962867
train,next_session_close,2025-06-17,2,2,2,0,-0.6103393703007516,11.809660629699248
train,next_session_close,2025-06-18,2,2,2,0,-2.007686761188345,-0.20307137657296082
train,next_session_close,2025-06-19,2,2,2,0,-0.5705740636175474,-1.8778467908902803
train,next_session_close,2025-06-20,2,1,1,0,-1.053644544431965,5.15635545556805
train,next_session_close,2025-06-23,2,2,2,0,1.6558135511145693,-7.421501362946392
train,next_session_close,2025-06-24,2,2,2,0,15.212685813015355,11.258871443739325
